
<svg
   x="0px"
   y="0px"
   width="375.5625"
   height="356.41559"
   viewBox="0 0 375.5625 356.41559"
   enable-background="new 0 0 864 994"
   xml:space="preserve"
   xmlns:inkscape="http://www.inkscape.org/namespaces/inkscape"
   xmlns:sodipodi="http://sodipodi.sourceforge.net/DTD/sodipodi-0.dtd"
   xmlns="http://www.w3.org/2000/svg"
   xmlns:svg="http://www.w3.org/2000/svg">
  <polygon
   fill="#fdfcea"
   points="60.14,970.111 60.73,964.861 72.03,960.571 73.19,965.63 66.38,970.7 63.84,977.91 59.56,978.3 "
   id="Redonda"
   style="fill:#000000;fill-opacity:1"
   transform="translate(-38.096902,-638.11008)"
   data-name="Redonda" />
  <path
   id="St.-Mary's-South"
   style="opacity:1;fill:#f15041;stroke:#ffffff;stroke-width:0.5;stroke-miterlimit:4;stroke-dasharray:none;stroke-opacity:1;fill-opacity:1"
   d="m 149.38742,318.57279 1.84961,-44.12305 -21.62891,-22.20898 -21.05078,-2.13672 -0.0801,0.47852 -0.14843,0.83008 v 0.58007 l 0.0391,0.86133 0.20117,0.87891 0.0996,0.58984 0.11914,0.61133 0.0195,0.54883 -0.0898,0.4707 -0.0195,0.10938 -0.40039,0.87109 -0.16016,0.53906 -0.0391,0.22071 0.01,0.66015 -0.0195,0.61914 0.37891,0.40039 0.10156,-0.13086 -0.0508,0.18164 0.14062,0.12891 0.25977,-0.28906 0.35938,-0.01 0.41015,0.38086 0.0195,0.19727 -0.17968,0.18164 0.18945,0.25976 -0.24024,0.33008 -0.14843,0.01 -0.0899,0.0898 -0.0801,-0.0195 -0.16992,0.01 -0.14062,0.0996 -0.0703,0.10937 -0.0293,0.15039 0.0703,0.0996 -0.0703,0.0703 -0.0723,0.14063 -0.1289,0.15039 h -0.0996 l -0.16992,0.18945 -0.18946,-0.16992 -0.21093,0.14062 -1.03907,-1.07031 v -0.82031 -0.16016 l -0.29101,-0.29101 0.52148,-0.34961 -0.26172,-0.44922 -0.52929,0.44922 -0.22071,-0.19922 0.41992,-0.51953 0.29102,-0.0215 -0.0703,-0.78906 h -0.25977 l 0.0195,0.15039 -0.23047,0.0586 -0.0996,0.26171 -0.66016,0.75 -0.84961,0.0899 0.0195,-0.0899 0.18164,-0.1914 -0.0508,-0.35938 0.7793,-0.66992 0.75,-0.98047 -0.58008,-0.73047 -0.38867,0.21094 0.22851,0.73047 -0.23828,0.33008 -0.64258,0.53906 -0.1582,-0.59961 0.16992,-0.30078 0.0996,-0.0703 0.16016,-0.34961 -0.0293,-0.49024 0.13867,-0.0273 0.0801,-0.3125 -0.72852,-0.21875 -0.0801,0.24023 0.1289,0.13868 0.041,0.55078 -0.14063,0.29883 -0.58007,-1.08985 0.0293,-0.46875 -0.83008,-0.49023 -0.22851,0.20898 0.63867,0.99024 0.38086,0.74023 0.26953,0.71094 0.24024,0.96875 0.0605,0.65234 0.16992,0.0488 v 0.14844 l -0.5,0.0215 -0.0508,-0.0801 -0.33984,-1.66992 -0.41992,-1.04101 -0.34961,-0.58985 -0.32031,-0.53906 -0.60938,-0.82031 -0.58008,-0.53125 -0.58008,-0.40821 -0.57031,-0.23046 -0.490222,-0.8711 -0.0898,-0.0996 -0.16992,-0.19922 -0.21094,-0.1914 0.0918,0.16015 -0.24023,0.18164 -0.31055,0.13868 h -0.33008 l -0.26172,-0.0391 -0.19922,-0.16992 -0.13867,-0.25976 -0.16992,-0.24024 -0.0898,-0.0508 -0.14063,-0.10937 -0.16015,-0.0195 -0.19922,0.0488 -0.19141,0.1211 -0.0684,0.19922 v 0.16015 l -0.041,0.16016 0.0508,0.19922 -0.13086,-0.0293 -0.0996,0.31055 -0.15039,0.0684 -0.32031,-0.0488 -0.25977,0.50976 -0.28906,0.35938 -0.11133,0.4414 -0.0293,0.42969 -0.0703,0.16016 0.55078,0.0586 0.5,-0.0801 0.35938,-0.0391 0.38085,0.0195 0.49024,-0.16992 0.27734,-0.35937 0.0723,-0.16016 0.37891,0.11914 0.14062,-0.0801 h 0.1582 l 0.0215,-0.0996 0.32031,0.25977 0.26953,-0.0391 0.24024,0.24023 0.25,-0.0801 0.259752,0.28125 0.2207,0.0801 0.0391,-0.10156 0.20117,0.0293 0.0703,0.30079 0.20899,0.10937 0.35937,0.45117 0.90039,0.88086 0.41016,0.84766 0.33008,1.27148 v 0.75977 l 0.2207,0.5 0.25,1.16015 0.16015,2.0293 -0.0312,1.05078 -0.0488,1.00977 -0.23047,0.12109 -0.0293,0.21875 h 0.0586 l 0.041,0.41016 -0.0801,0.0684 -0.01,0.1914 h 0.0801 l 0.0684,0.0801 -0.0996,0.33985 h -0.0898 l -0.01,0.16992 -0.0801,0.0605 0.041,0.0801 -0.10156,0.14844 -0.28906,0.11133 -0.26953,-0.14063 -0.19141,0.0391 -0.21875,0.13086 -0.0605,0.13085 -0.20898,0.0684 -0.14063,0.15039 -0.082,0.30079 0.0625,0.23046 0.11914,0.26954 0.0605,0.35937 0.10938,0.01 -0.15039,0.61132 -0.21876,0.34961 -0.12109,0.69141 -0.0996,0.34766 -0.34961,1.37109 -0.16211,0.78906 -0.20898,0.68946 -0.33984,0.71093 -0.240232,0.30078 -0.43945,0.75977 -0.0898,0.01 -0.0801,-0.0801 -0.17969,0.0391 -0.23047,0.16992 -0.25977,0.0117 -0.16992,0.0312 h -0.21094 l -0.28906,-0.0117 -0.0605,-0.0898 -0.24024,-0.0215 -0.22852,-0.17968 -0.0801,-0.11914 -0.16016,-0.11133 -0.11133,-0.20899 h -0.19922 l -0.0801,-0.0293 -0.14063,-0.11133 -0.38867,0.14062 -0.0215,0.17969 0.0801,0.49024 -0.33984,0.53906 -0.43945,0.43164 -0.57032,0.8789 -0.44922,0.28125 -0.32031,-0.12109 -0.33984,-0.0996 -0.25,-0.15039 -0.1211,-0.01 -0.21875,0.0918 -0.33984,0.13867 -0.19141,0.15039 -0.11914,0.40821 0.10938,0.59179 0.27148,0.22852 0.41992,0.0625 0.47852,-0.11133 0.52148,0.51953 0.29883,0.93946 0.15039,1.28125 0.11914,2.35937 -0.20898,0.41016 0.0606,0.49023 0.58984,0.63867 0.74023,0.6211 0.13868,0.95898 0.40039,1.70117 0.42969,0.7793 0.16992,1.90039 0.01,1.7793 -0.30859,0.50976 -0.0606,0.54102 -0.0293,0.51953 0.18946,0.50977 0.5293,0.75 0.29882,0.0723 0.36133,0.50781 0.0801,0.88086 0.0898,0.46875 0.42969,0.89258 0.46094,0.58789 1.339832,2.67969 0.55078,2.08984 0.84961,2.02149 0.0293,0.53906 -0.51953,0.74024 -0.50977,0.25 0.13867,0.39062 0.48047,0.0801 0.20117,-0.16992 0.66993,0.16015 0.88867,-0.0703 0.35156,0.16992 0.33984,0.26953 0.33985,0.78907 0.0801,0.68164 0.24023,0.27929 0.26953,0.17969 0.59961,0.0703 0.50977,-0.0508 0.38086,-0.24023 0.38867,-0.28906 0.75,-0.0293 0.58008,0.41992 0.20117,0.51953 0.10937,0.30078 0.21094,0.46094 0.81836,0.31836 0.45117,0.2207 1.03907,0.14844 1.53124,-0.60937 1.41993,-0.39063 h 1.59765 l 1.8125,-0.35937 0.48828,0.10937 0.56055,-0.11914 0.65039,-0.0898 0.25,-0.29102 1.23047,0.67969 0.5293,0.1914 0.7207,0.0195 1.24023,0.25976 0.83008,0.5 0.92969,0.0996 0.73047,-0.0898 1.38867,0.33007 1.18945,0.1211 1.08008,-0.16016 0.69141,0.38867 0.37891,0.75 0.49023,0.36133 h 0.58008 l 0.95117,-0.91992 0.77734,-0.15039 0.32227,0.0293 1.2793,-0.24024 0.83984,0.27149 0.93945,0.60937 1.07032,0.65039 0.39062,0.97852 0.0996,0.68164 -0.29883,0.47851 0.33984,1.05079 -0.20117,0.71093 0.41993,0.44922 0.71093,0.33008 0.91016,0.0703 0.82031,-0.53125 0.3086,-0.38867 0.48046,0.0703 0.69922,-0.31054 0.91016,-0.25 1.16992,0.0391 h 0.87109 l 1.36915,0.74023 0.41992,0.56055 0.65039,0.50977 0.74023,0.14062 0.41016,-0.16016 z"
   data-name="St. Mary's South" /><path
   id="St.-Mary's-North"
   style="opacity:1;fill:#ee2411;stroke:#ffffff;stroke-width:0.5;stroke-miterlimit:4;stroke-dasharray:none;stroke-opacity:1;fill-opacity:1"
   d="m 156.70187,206.07865 c 0,0 -0.52275,0.75423 -1.06054,1.66992 -0.2689,0.45785 -0.54329,0.95663 -0.75586,1.41993 -0.21258,0.46329 -0.36351,0.89116 -0.39258,1.21093 -0.0581,0.63954 -0.1161,1.19309 -0.10156,1.65821 0.007,0.23255 0.0313,0.44385 0.084,0.63281 0.0527,0.18895 0.13372,0.35465 0.25,0.5 0.23256,0.29069 0.72543,0.84329 1.20508,1.41015 0.47965,0.56687 0.94472,1.14921 1.11914,1.49805 0.0872,0.17442 0.13209,0.44282 0.14844,0.74805 0.0164,0.30523 0.004,0.64703 -0.0176,0.9668 -0.0436,0.63953 -0.13086,1.1914 -0.13086,1.1914 l -3.13867,4.07031 c 0,0 -0.40639,0.55274 -0.79883,1.17774 -0.19622,0.3125 -0.38913,0.64276 -0.52539,0.93164 -0.13627,0.28888 -0.21657,0.53629 -0.1875,0.68164 0.11628,0.58139 0.34961,3.13867 0.34961,3.13867 h -2.79102 l -1.86133,-0.69726 -3.83593,-1.04688 -5.69922,-0.58203 -3.48828,-2.20899 -5.58008,-6.39453 -2.21094,-4.65234 -1.27734,-1.39453 -6.13672,3.07226 0.46094,1.16016 -0.01,1.28125 -0.16016,0.87891 -0.21093,1.20117 -0.2793,0.70898 -0.38086,1.00977 -0.12891,0.13086 -0.29101,0.0117 -0.32031,0.11718 -0.0703,0.16016 -0.10937,0.12109 -0.0898,0.11915 0.0508,0.20117 -0.10157,0.20117 -0.0996,0.25781 -0.01,0.25977 0.28125,0.0898 0.0586,0.11133 0.25977,-0.0312 0.16016,-0.0586 0.13085,0.33985 0.0606,0.41992 -0.0918,0.24023 -0.21875,0.25 -0.10937,0.16993 -0.29102,0.16015 -0.18945,0.16016 0.0195,0.19922 0.0899,0.15039 -0.0508,0.11133 -0.11914,0.008 -0.10937,0.0195 -0.0801,-0.0488 -0.25977,0.21875 -0.35156,0.16992 -0.33984,-0.0879 -0.33984,-0.0586 -0.21876,-0.0312 -0.2207,0.01 -0.18945,0.1914 -0.041,0.41016 v 0.37109 l -0.0312,0.21875 h -0.13867 l -0.16015,0.11914 0.0703,0.0801 -0.10938,0.56055 -0.17969,0.52148 -0.25,0.50781 -0.24023,0.39063 -0.26953,0.23047 -0.21094,0.31836 -0.18945,0.36133 -0.23047,0.1914 -0.25,0.35742 -0.23047,0.33985 -0.18945,0.40039 -0.0508,0.49023 -0.0293,0.54102 -0.0801,0.5 -0.16015,0.49023 -0.28907,0.53907 -0.30078,0.41015 -0.34961,0.43164 -0.33984,0.39844 -0.38086,0.4707 -0.48047,0.28907 -0.42969,0.0801 -0.19922,-0.041 -0.25,0.0605 h -0.25976 l -0.16992,0.01 -0.39063,0.12109 -0.30078,-0.0312 -0.13867,-0.0996 -0.4707,-0.0801 -0.32032,-0.12891 -0.46875,-0.28125 -0.60156,-0.28906 -0.18945,-0.16992 -0.34961,-0.16016 -0.17969,-0.041 -0.15039,0.0117 -0.13086,-0.0312 -0.10937,-0.0996 -0.17969,-0.0996 -0.24024,-0.41015 -0.16992,-0.22071 -0.0996,-0.20898 -0.0996,-0.0703 -0.10156,0.01 -0.0586,0.11914 h -0.25977 l -0.14258,0.0215 -0.11914,0.0488 -0.0801,0.13086 -0.0684,0.0703 -0.62109,0.0195 h -0.37891 l -0.38085,0.0703 -0.30079,0.22852 -0.38867,0.0605 h -0.36133 l -0.45898,-0.11914 -0.26953,-0.12109 -0.32227,0.0508 -0.29882,0.0996 -0.21876,0.10938 -0.14062,-0.01 -0.0996,-0.0586 -0.16992,0.16992 -0.34961,0.35937 -0.17188,0.14063 -0.19921,0.01 -0.15039,0.01 -0.0195,0.44922 -0.2207,0.42969 -0.60937,1.11132 -0.32032,0.38868 -0.3789,0.45117 -0.28125,0.28906 -0.41016,0.37109 -0.43945,0.13868 -0.0898,-0.17969 -0.16992,-0.16992 -0.18945,-0.0586 -0.32227,0.0586 -0.39843,-0.20899 -0.36915,0.0899 -0.30078,0.11914 -0.11914,0.0723 -0.10156,0.0977 -0.37891,0.13086 -0.33984,0.10937 -0.5,0.041 -0.19141,-0.0312 -0.56836,-0.62891 -0.0898,-0.11133 0.0195,-0.56836 -0.13086,-0.13085 -0.17968,0.10937 -0.23047,0.11133 h -0.2793 l -0.24023,-0.10156 -0.47071,-0.18946 0.0918,-0.29883 0.0195,-0.30078 -0.0996,-0.30078 -0.18164,0.65039 -0.0996,0.31055 -0.0996,0.41016 -0.30078,0.23046 -1.03906,0.29102 -0.7207,0.23828 -0.36915,-0.0684 -0.16015,-0.0312 0.0781,-0.21094 -0.10742,-0.0801 0.0684,-0.18946 -0.37891,-0.41992 -0.12109,-0.10937 0.0801,0.16992 -0.0586,0.0996 -0.15039,0.0391 -0.16992,-0.0898 0.01,0.29101 0.0391,0.11914 -0.0488,0.0801 -0.15039,-0.0391 -0.16015,-0.0899 h -0.10938 l 0.10938,0.29102 0.14843,0.22852 0.17188,0.11914 0.25,0.14062 -0.0703,0.32031 -0.18946,0.40039 -0.39062,0.47852 -0.28907,0.23242 -0.11132,0.13867 0.0312,0.34961 -0.0801,0.14063 -0.7207,0.71875 -0.47071,0.59961 -0.33008,0.32031 -0.33984,-0.0391 -0.28906,-0.0312 -0.38086,0.0918 -0.25977,0.46094 0.13086,0.22852 0.15039,0.18945 -0.0801,0.7793 0.12891,0.16015 0.0508,0.22266 0.0293,0.20898 0.12109,0.22852 0.17969,0.10156 0.33984,0.16992 0.29883,0.0195 0.21094,-0.0586 0.2207,-0.11133 v -0.33984 l 0.16992,-0.74023 0.28907,-0.38086 0.40039,-0.18946 0.56054,-0.041 0.81836,0.0312 0.66016,0.0488 0.48047,0.0117 0.41016,0.0488 0.33007,0.10938 0.31836,0.0312 0.3711,-0.0703 0.30078,-0.14063 0.33984,-0.1875 0.41016,-0.10156 0.2207,0.0391 0.6582,0.37109 0.6504,0.5293 0.31054,0.42969 0.19922,0.30078 0.45117,0.20898 0.5293,0.30079 0.30078,0.2207 0.24023,0.18945 0.17969,0.19922 0.16016,0.10156 0.33008,0.0781 0.3789,-0.0781 0.36133,-0.14062 0.25,-0.18946 0.42969,-0.35156 0.16992,-0.0391 0.25781,0.01 0.23242,-0.10938 0.25,-0.16016 -0.01,-0.25 -0.12109,-0.0703 -0.0703,-0.14062 -0.01,-0.16016 0.12109,-0.0898 0.83008,-0.0195 0.21875,-0.13086 0.13086,-0.0801 0.35937,0.0117 0.40039,0.10937 0.45899,0.35938 0.75976,0.96093 0.38086,0.62891 0.16993,0.25977 0.23046,0.24023 0.15039,0.28125 0.0586,0.20898 -0.0586,0.16993 -0.25,-0.0899 -0.0801,0.13086 0.0976,0.0488 0.3418,0.16992 0.32031,1.30078 0.11914,0.83008 v 0.18164 l -0.18945,0.0176 -0.11914,-0.0586 -0.0312,0.16992 0.0898,0.29883 -0.0586,0.14062 -0.0703,-0.01 -0.14063,0.16992 0.01,0.18945 0.01,0.14063 -0.0898,0.13867 -0.0391,-0.0899 -0.15235,0.11133 0.041,0.0703 -0.0586,0.22852 -0.0215,0.10156 -0.10937,0.0391 -0.0293,-0.0703 -0.11133,0.10938 -0.10937,-0.0488 -0.0195,-0.0898 -0.0996,-0.0312 -0.0605,0.13086 0.0996,0.0801 0.38086,0.55078 0.21875,0.23829 0.30078,0.1914 h 0.16992 l 0.14062,-0.0215 0.10938,-0.10938 v -0.16015 -0.23047 l 0.0508,-0.19727 0.18945,-0.3125 0.31055,-0.54883 0.16992,-0.5 0.11914,-0.6914 -0.0195,-0.60938 -0.26953,-1.39062 -0.0606,-0.0781 0.0195,-0.0801 0.0293,-0.13085 0.11133,-0.0293 0.10938,-0.01 0.34961,0.10938 0.0605,0.35156 -0.14062,0.0488 0.20117,1.03906 0.0391,0.58203 -0.0391,0.37891 -0.12109,0.66992 -0.25977,0.28125 0.25977,0.16992 0.83007,-0.91211 -0.19922,-0.10937 -0.0195,-0.58008 -0.041,-0.55078 -0.15039,-0.90039 -0.0293,-0.14844 -0.16016,-0.0605 -0.01,-0.11914 0.0898,-0.0117 0.13086,0.0312 0.12891,0.17969 0.40039,0.14063 0.23047,1.20898 -0.10157,0.13086 0.23047,0.24023 0.53125,-0.58007 -0.21093,-0.19141 -0.16993,-0.61914 0.40039,0.0801 0.16797,0.32031 -0.0391,0.0703 0.12109,0.14844 0.44922,-0.34961 0.21094,-0.76953 0.008,-0.41016 0.14258,-0.31054 0.0898,-0.10938 h 0.34961 l 1.51954,0.43164 0.14062,-0.0215 0.16016,0.0391 0.0703,0.14063 -0.14063,0.0391 -0.0996,0.0312 -0.18164,-0.041 -0.13867,-0.0996 -0.15039,-0.008 -0.64062,0.23828 -0.19922,0.31055 -0.33985,0.88867 -0.18945,0.5625 -1.26172,0.61719 -0.75,1.98047 0.99024,2.25 1.73047,0.53125 0.55078,-1.02149 -0.69141,-1.53906 0.7207,-1.76953 0.36914,-0.25977 -0.10937,-0.71093 v -0.32813 l 0.20117,-0.48242 0.25,-0.24024 0.0684,-0.63867 -0.0684,-0.0605 0.0898,-0.14063 0.0996,0.01 0.0899,0.0215 0.17969,-0.0605 0.10937,0.0293 0.0801,0.12109 0.32031,0.16016 0.0195,0.42969 -0.30859,0.85937 -0.2207,0.51953 -0.22071,0.61133 21.05078,2.13672 21.62891,22.20898 15.23242,-11.1621 c 0,0 1.22025,-5.66974 2.41211,-11.39649 0.59593,-2.86337 1.18423,-5.74051 1.60938,-7.93164 0.42514,-2.19113 0.68704,-3.69622 0.6289,-3.8125 -0.11627,-0.23255 -1.07563,-6.42292 -2.00586,-12.55664 -0.8914,-5.87768 -1.68522,-11.22517 -1.75586,-11.70117 l -3.44726,-3.29883 -0.34961,-0.81445 z m -83.013662,37.25195 -0.2793,0.23047 0.0996,0.19141 0.16016,0.0781 0.0801,-0.0586 0.13867,-0.0801 0.0391,-0.15039 -0.0781,-0.11914 z m 7.34961,0.43164 -0.20898,0.0899 -0.30078,0.28906 0.14062,0.15039 0.36914,0.0606 0.11133,-0.0996 0.28906,-0.18164 v -0.16016 l -0.15039,-0.14844 z m -1.42969,0.0899 -0.31054,0.0898 -0.0488,0.32031 0.29883,0.25 0.15039,0.01 0.16015,-0.0312 0.0996,-0.17969 -0.16992,-0.28906 z"
   data-name="St. Mary's North" /><path
   id="St.-Philip-North"
   style="opacity:1;fill:#530a09;fill-opacity:1;stroke:#ffffff;stroke-width:0.5;stroke-miterlimit:4;stroke-dasharray:none;stroke-opacity:1"
   d="m 314.79758,215.65482 -0.60938,0.14063 -0.23047,0.0918 -0.28906,-0.0215 -0.61133,0.0606 -0.0195,0.27929 0.33985,0.37891 0.7207,0.30273 0.18945,0.25782 v 0.33008 l -0.50976,0.0508 0.0605,0.26953 -1.33984,0.44922 -0.41992,0.89257 -0.27149,0.27735 -0.20898,0.23047 -0.0899,0.36133 0.16797,0.4082 0.42188,-0.27735 0.93945,-0.0312 h 0.55078 0.85938 l 0.67969,0.28906 0.0898,0.34961 -0.85938,0.14257 -0.40039,0.34766 0.11133,0.4707 -0.48047,0.43164 -1.04101,-0.27148 -0.38868,0.20898 -0.12109,0.30079 -0.2793,0.33007 -1.48046,-0.9707 -0.37891,0.0508 -0.39063,0.12891 -0.58984,-0.30859 0.0391,0.33007 0.32032,0.78125 0.49023,0.61719 0.61914,0.66016 0.20117,0.55078 0.56055,0.69922 -0.46094,-0.0195 -0.35937,0.0605 -0.29102,0.14063 -0.0195,0.21093 -0.41016,-0.0215 -0.39062,-0.45117 -0.26953,-0.26953 -0.25977,-0.17774 h -0.31054 l -0.12891,0.17774 -0.12109,0.33008 0.16015,0.57031 0.0606,0.64062 -0.14063,0.25 -0.46875,0.0391 -0.12109,-0.17969 -0.37891,-0.34961 -0.26172,-0.49024 -0.1289,-0.81054 v -1.04883 -0.30078 l -0.56055,-0.0781 -0.5293,0.41992 v 1.02735 l -0.14062,1.03125 0.10937,0.82031 -0.0508,0.54883 -0.17773,0.73047 -0.4707,0.92187 -0.14063,0.42774 h -0.63867 l -0.5,-0.0605 -0.38086,-0.0996 -0.60938,-0.58008 -0.12109,-0.22851 0.21094,-0.40039 0.55078,-0.71094 0.30859,-0.79883 0.1211,-0.90039 0.14843,-0.7207 0.24024,-0.84961 0.0312,-0.68945 -0.25,-0.0801 -0.27149,0.24023 -0.68945,0.75 -0.2793,0.68945 -0.2207,0.66016 -0.16992,0.17969 -0.14063,0.25 -0.30078,0.48047 -0.55859,-0.16992 -0.39063,-0.0996 -0.42968,0.26953 -0.0586,0.52929 -0.23047,0.41211 -0.42968,0.16992 -0.16993,-0.0918 -0.33984,-0.72071 -0.25,-0.13867 -0.29101,0.20117 -0.35157,0.58008 -0.28906,0.38868 -0.21875,0.3496 -0.70117,0.43164 -0.45899,-0.10156 -0.45117,-0.23047 -0.58984,-0.25976 -0.29102,-0.26953 -0.50781,-1.00977 -0.33008,-0.18164 -0.15039,-0.55859 -0.17969,-0.25 -0.14062,-0.0195 v -0.32032 l 0.29101,-0.33007 h 0.25977 0.12891 l 0.33984,0.0195 0.41992,0.34961 0.61133,0.88086 0.23047,0.0195 0.25976,-0.21094 -0.18164,-0.35938 -0.20898,-0.34961 0.23047,-0.31054 0.22851,-0.41016 -0.13867,-0.63867 0.24024,-0.66016 0.38867,-0.41015 0.49023,-0.3086 0.25,-0.20117 0.24024,-0.15039 0.22851,-0.0508 h 0.39258 l 0.61914,0.0723 0.28906,-0.18164 0.26172,-0.41015 0.12891,-0.28906 -0.0801,-0.64063 0.0996,-0.49023 -0.14844,-0.19922 -0.53125,0.81836 -0.58007,0.47265 -0.49024,0.0176 -0.41016,-0.2793 -0.63867,-0.15039 -0.31054,-0.18945 -0.5293,0.0605 -0.33008,0.27929 -0.041,0.51172 -0.38868,0.46875 -0.90039,0.16016 -0.5,0.10937 -0.31054,0.22071 -0.31055,0.18945 -1.50977,-0.14844 -0.3789,0.3086 -0.55078,0.1914 -0.76954,0.19727 -0.55078,0.16992 -0.36914,-0.0898 -0.53125,0.21093 -0.21875,0.0195 -0.18945,-0.19922 0.0391,0.36132 -0.73047,0.0879 -0.59961,0.0996 -0.83984,0.14258 -0.5,0.25 -0.29102,0.32813 -0.42968,0.0801 -0.5,-0.15821 -0.21875,-0.0801 -0.25977,0.0801 -0.91016,1.25 -1.02148,1.82813 -0.26953,0.91015 -0.44922,1.08008 -0.46094,0.97071 -0.54883,0.66992 -0.56054,0.58008 -0.3711,0.0195 v 0.33008 l -0.68945,0.28906 c 0,0 -1.02069,0.77129 -2.14258,1.58594 -1.12189,0.81463 -2.34498,1.67323 -2.75195,1.84765 -0.20349,0.0872 -0.66066,0.13681 -1.24023,0.16406 -0.57958,0.0273 -1.28225,0.0307 -1.97266,0.0234 -1.38081,-0.0145 -2.71666,-0.0723 -2.94922,-0.0723 -0.46512,0 -2.32617,0.34961 -2.32617,0.34961 0,0 -0.46566,1.10501 -0.94531,2.29687 -0.47966,1.19186 -0.97311,2.46952 -1.03125,2.81836 -0.11628,0.69768 -1.86133,12.79101 -1.86133,12.79101 0,0 0.17454,0.0289 0.44531,0.10157 0.27077,0.0727 0.63819,0.18881 1.02344,0.36328 0.38525,0.17446 0.78742,0.40762 1.13086,0.71289 0.17172,0.15263 0.32896,0.32289 0.46094,0.51367 0.13195,0.19078 0.23982,0.40221 0.3125,0.63477 0.2907,0.93023 0.69694,2.00463 1.03124,2.84765 0.33432,0.84303 0.59571,1.45508 0.59571,1.45508 0,0 3.83721,-0.11719 5,-0.11719 0.58139,0 1.68677,-0.0864 2.71875,-0.14453 0.51599,-0.0291 1.01281,-0.0508 1.41797,-0.0508 0.40516,0 0.71793,0.0219 0.86328,0.0801 0.29069,0.11628 0.61033,0.0873 0.85742,0.13086 0.12355,0.0218 0.2302,0.0611 0.30469,0.14648 0.0745,0.0854 0.11719,0.21643 0.11718,0.41993 0,0.20348 -0.0288,0.38571 -0.0742,0.55468 -0.0454,0.16897 -0.10647,0.32395 -0.17188,0.47656 -0.13081,0.30525 -0.27584,0.59648 -0.33398,0.94532 -0.0581,0.34883 -0.0595,0.7564 -0.0449,1.07617 0.0145,0.31977 0.0449,0.55078 0.0449,0.55078 l 2.32422,1.39649 0.69726,1.04687 -0.34765,2.20898 0.23242,0.69727 3.83789,-0.46484 33.87695,-15.0586 h -0.10937 l -0.42969,-0.54883 -0.23047,-0.73046 0.15039,-0.63086 0.2793,-0.19922 0.3789,0.0391 0.27149,-0.38867 -0.84961,-1.62891 -0.7793,-0.70117 h -0.62109 l -0.90039,0.0391 -0.85938,0.78125 -0.51172,0.84961 -1.4375,-0.0801 -0.20117,0.26954 0.16992,0.67968 -0.0801,0.54102 -0.13868,0.97851 -0.4414,-0.47851 h -0.70899 l -0.0703,0.34961 -0.15039,0.35937 -0.41992,0.41211 -0.44922,-0.28125 -0.83985,0.16016 -0.66992,0.35937 -0.57031,0.0996 -1.12109,1 -0.84961,0.74219 -0.81055,0.58789 -0.46094,-0.0996 -0.25,-0.33984 -0.54882,-0.22852 -0.7793,-1.16992 0.0703,-0.36133 -0.58008,-0.20117 -0.15039,-0.57031 -0.26953,-0.47852 -0.99219,0.11133 1.0625,-0.42187 1.28907,-0.0996 h 0.34961 l 0.0801,-0.42969 1.25,0.68945 0.58985,0.40039 0.15039,-0.20117 0.81054,-0.19922 0.78907,-1.05078 1.28125,-1.16016 1.75976,-1.47851 1.35938,-1.12891 0.39062,-0.75 1.32031,-0.97265 0.0391,-0.50977 h -1.35938 l -0.66211,-0.22852 -0.1582,-0.39062 0.2793,-0.39063 0.89062,-0.42773 0.42969,-0.23242 -0.0293,-0.24024 -1.08008,-0.43945 -0.29101,-0.44922 0.0801,-0.74023 0.54101,-0.50977 1.20899,0.58008 0.58984,0.0898 0.58008,-0.40039 0.45898,-0.5 0.74219,0.0801 0.54883,-0.16015 1.48047,-0.58985 0.64062,-0.26953 0.35938,0.14844 0.37109,0.63281 0.68945,0.58789 0.62891,-0.16016 0.31055,-0.74023 0.71093,-0.69922 0.68946,-0.34961 0.34961,-1.02148 0.43945,-0.41992 0.5,-0.13868 0.62109,0.36914 0.2793,0.0723 0.34961,0.0781 0.5,-0.31055 0.16016,-0.22852 0.21093,-0.4414 -0.041,-0.69922 -0.39844,-0.97852 -0.24023,-0.41211 -0.24024,-0.17968 -0.36133,0.0605 -0.5,0.38867 -0.9082,0.93164 -0.45117,-0.11132 -0.32031,-0.36914 -0.17969,-0.3711 0.16016,-0.31836 0.2207,-0.25 0.45898,-0.25 0.53125,-0.51172 0.3086,-0.33984 1.16015,-0.0898 0.42969,-0.33789 v -0.46875 l -0.42969,-1.36915 -0.10937,-1.09374 0.39062,-0.42969 0.58985,-0.18946 2.55859,2.76172 -0.26953,0.75 -0.73047,1.04883 0.0703,0.6582 0.66016,0.39258 0.58008,-0.16015 0.63086,-0.11133 h 0.53906 l 0.58984,0.46094 0.5,0.35742 -1.16015,0.0312 -0.58008,0.0605 -0.26953,0.85938 -0.62891,0.79883 0.33984,0.1914 0.50977,0.11914 0.54883,-0.31054 0.58984,-0.62891 0.77149,-0.18945 1.43945,0.74023 1.36914,0.46875 0.53906,0.10938 0.71094,-0.22852 0.30078,0.18946 0.48047,-0.14063 0.25781,-0.47852 -0.73828,-0.31054 -0.65039,-0.66016 -0.34961,-1.00976 0.0703,-0.49024 0.12891,-0.94922 0.35156,-1.33008 0.72852,-1.95117 0.43164,-0.39062 0.76953,-0.14844 0.17969,-0.37109 0.0781,-0.42774 -0.0781,-0.6914 -0.0508,-0.63086 0.0312,-0.79883 -0.1211,-0.78125 -0.48047,-0.28906 -0.60937,0.24023 -0.16992,1.03906 -0.43946,0.23047 -0.63085,-0.83984 -0.62891,-0.42969 -0.59961,0.37891 -0.41016,-0.41016 0.01,-0.58008 0.22851,-0.50976 0.66016,-0.19922 0.53906,-0.34961 0.55078,0.0391 0.23047,0.041 1.14063,-0.98047 0.9707,0.0391 0.73828,0.23242 0.28125,-0.21094 0.0996,-0.2207 0.16016,-0.66015 v -0.18946 l 0.91015,-0.4414 0.20899,-0.23829 0.2207,-0.41015 -0.0391,-0.33008 -0.28125,-0.33008 -0.2793,-0.54101 0.25,-0.67774 0.26953,-0.27148 0.41993,-0.10938 0.34961,0.10938 0.16015,0.11914 0.17969,0.0898 0.20898,-0.16015 -0.1582,-0.23829 -0.32031,-0.10156 -0.10938,-0.16992 0.0996,-0.66016 0.17969,-0.23828 0.17969,-0.0703 0.24023,0.0703 0.34961,0.19922 0.27148,-0.0508 0.31836,-0.33984 -0.1582,-0.50977 h -0.31055 l 0.18946,-0.34961 0.32031,-0.18945 0.0801,-0.4707 0.3789,-0.65821 -0.81836,0.0684 -0.54101,-0.42969 -1.04883,0.86133 0.0684,0.50781 0.36133,0.54102 -0.0996,0.38867 -0.41016,0.43164 -0.51172,0.29883 -1.1289,-0.29883 -0.31055,0.26953 -0.32031,0.99024 -0.37891,0.84961 -0.26953,0.3789 0.0996,0.23047 -0.49219,0.0508 -0.19922,0.0293 -0.33984,-0.0293 -0.35937,-1.08984 -0.35157,-0.20117 -0.46875,0.28125 -0.66015,0.38867 -0.16016,0.5 -0.34961,0.16016 -0.58008,-0.54883 -0.50976,0.0391 -0.28907,0.54102 -0.33984,0.51953 -0.65039,0.33984 -0.4707,-0.5 v -0.4707 l 0.15039,-0.46875 0.0898,-0.82031 0.4707,-0.0996 0.67969,-0.60157 h 0.54883 l 0.86133,-0.45898 0.66015,-0.0801 0.54883,-0.31055 0.0508,-0.42773 0.35938,-0.16211 0.41016,0.0996 0.35937,-0.17969 0.73047,-0.66015 0.58008,-0.75977 0.0996,-0.73047 -0.10938,-0.31836 -0.43945,0.21875 -1.30078,0.23047 -0.74024,-0.041 -0.50976,0.27148 -0.45899,0.53906 -1.0625,-0.31054 -0.84765,0.16015 -0.41993,0.43164 -1.33007,1.13086 -0.44141,0.26758 -0.11914,0.28125 -0.18945,0.41992 -0.69141,0.50977 -0.71094,0.041 -0.76758,0.0391 -0.66992,-0.20118 -0.43164,-0.1875 -0.19922,-0.61914 0.0606,-0.19336 -0.28125,-0.28711 -0.97852,-0.3125 h -0.16015 l -0.38086,0.51172 -0.2793,0.73828 v 0.55079 l -0.16211,0.58007 -0.30859,0.3086 -0.58008,-0.10742 -0.46875,-0.55079 -0.39258,-0.46875 -0.34765,-0.15039 h -0.46094 l -0.12891,-0.28125 0.16992,-0.33789 0.66016,-0.86133 0.0293,-0.66992 -0.54102,-0.14843 -0.73828,0.0391 -0.27148,-0.34961 -0.60938,-0.28125 -0.2793,-0.58985 0.0899,-0.39843 -0.0312,-0.49024 -0.2793,-0.39062 -0.49023,0.19922 -0.34961,-0.14844 -0.1211,-0.0508 -0.92968,0.13086 -0.96875,0.33008 -0.41993,0.16992 -0.37109,-0.1211 -0.93945,-0.90039 z m -23.32032,3.66602 -0.30078,0.41992 -0.21875,0.44141 -0.30859,0.42968 -0.28125,0.31055 -0.58008,0.13867 -0.58008,0.63086 0.21094,0.35938 0.70899,0.18945 0.63085,-0.38867 0.71875,-0.33985 0.5918,-0.33984 0.29883,-0.63086 -0.40039,-0.92969 z m 16.78125,2.10156 -0.46093,0.23828 -0.0801,0.3418 0.12109,0.14844 0.2793,-0.25 0.35937,-0.39844 z"
   data-name="St. Philip North"
   sodipodi:nodetypes="ccccccccccccccccccccccccccccccccccccccccccccccccccccccccccccccccccccccccccccccccccccccccccccccccccccccccccccccccccccccccccccccccccccccccccccccccccccccccccccccccccccccccccccccccccccccccccssscscsscsssssscssscssssssccccccccccccccccccccccccccccccccccccccccccccccccccccccccccccccccccccccccccccccccccccccccccccccccccccccccccccccccccccccccccccccccccccccccccccccccccccccccccccccccccccccccccccccccccccccccccccccccccccccccccccccccccccccccccccccccccccccccccccccccccccccccccccccccccccccccccccccccccccccccccccccccccccccccccccccccccccccccccccccccccccccccccc" /><path
   id="St.-George"
   style="opacity:1;fill:#b11811;stroke:#ffffff;stroke-width:0.5;stroke-miterlimit:4;stroke-dasharray:none;stroke-opacity:1;fill-opacity:1"
   d="m 196.73508,166.90287 -2.98828,0.24805 c 0,0 -3.36141,0.24855 -3.85938,0.37304 -0.49796,0.12449 -3.73437,1.49414 -3.73437,1.49414 l -2.24219,5.54883 5.11523,0.23242 -4.30078,14.76758 h 4.18555 l -1.86133,5.11524 -1.2793,5.58203 -0.58007,0.92969 -3.95313,-0.11524 c 0,0 -0.75659,-0.1741 -1.59961,-0.33398 -0.84302,-0.15989 -1.77225,-0.30619 -2.12109,-0.24805 -0.69767,0.11628 -4.76758,1.2793 -4.76758,1.2793 0,0 -0.37729,0.55147 -0.69727,1.13281 -0.15998,0.29067 -0.30642,0.59027 -0.38281,0.83008 -0.0382,0.1199 -0.0598,0.22398 -0.0566,0.30664 0.003,0.0827 0.0317,0.1428 0.0898,0.17187 0.46512,0.23256 2.0918,0.81446 2.0918,0.81446 l 1.51172,0.11523 9.1875,15.23242 h 0.92969 c 0,0 3.57612,-3.34234 7.19531,-6.78711 1.80959,-1.72238 3.62963,-3.46979 5.01953,-4.83789 1.3899,-1.36809 2.34834,-2.35705 2.43555,-2.56054 0.17442,-0.40698 0.3492,-0.9594 0.42187,-1.51172 0.0363,-0.27617 0.0468,-0.55256 0.0195,-0.81055 -0.0272,-0.25799 -0.0927,-0.49768 -0.20898,-0.70117 -0.11628,-0.20349 -0.29678,-0.39826 -0.50391,-0.57813 -0.20712,-0.17987 -0.44018,-0.34434 -0.6582,-0.48242 -0.43605,-0.27616 -0.81445,-0.45117 -0.81445,-0.45117 0,0 -0.6389,-0.14526 -1.29297,-0.36328 -0.32704,-0.10901 -0.65789,-0.23483 -0.91406,-0.3711 -0.25618,-0.13626 -0.43773,-0.28238 -0.4668,-0.42773 -0.0581,-0.2907 -0.001,-0.95921 0.11523,-1.61328 0.11628,-0.65407 0.29239,-1.29284 0.4668,-1.52539 0.34884,-0.46512 2.55664,-2.9082 2.55664,-2.90821 0,0 0.26204,0.26254 0.70899,0.58594 0.22347,0.1617 0.49418,0.33826 0.80078,0.50586 0.30659,0.16761 0.64889,0.32567 1.01953,0.44922 0.37064,0.12355 0.76994,0.21266 1.18554,0.24219 0.41561,0.0295 0.84757,-7.7e-4 1.28907,-0.11524 0.44149,-0.11446 0.89153,-0.31268 1.33984,-0.62109 0.44831,-0.30841 0.89599,-0.72697 1.33203,-1.2793 3.48837,-4.4186 3.3711,-4.41797 3.3711,-4.41797 l 5.69726,-8.14062 8.09961,0.2168 0.11133,-0.31055 0.28906,-0.0195 0.43945,0.10937 0.0508,-0.25976 0.10937,-0.37891 0.11133,-0.0488 0.11914,-0.64258 0.0508,-0.16992 0.23047,-0.16992 0.39844,-0.22851 0.36132,0.1582 0.28907,0.12109 0.18945,0.25 0.41992,-0.16992 0.0801,-0.25976 0.0391,-0.28126 -0.0879,-0.20898 -0.2207,-0.14062 -0.16016,0.0703 -0.10937,0.18945 -0.32031,0.0606 h -0.15039 l -0.25977,-0.0117 -0.5,-0.10938 -0.35938,0.0684 h -0.40039 l -0.39062,-0.0254 -0.11914,-0.17187 0.25976,-0.28906 0.26954,-0.21094 0.31054,-0.14063 0.11914,-0.32031 -0.10937,-0.25977 -0.19922,-0.16992 -0.67969,-0.1875 -0.23047,-0.0918 -0.18945,0.0918 -0.0918,-0.0742 0.0801,-0.16796 0.12109,-0.25 0.16016,-0.18164 0.28906,0.041 0.89063,0.41016 0.34961,-0.0195 0.17969,-0.21875 0.11132,-0.31055 -0.0801,-0.3086 -0.15039,-0.25 0.0391,-0.41992 0.31054,-0.27148 0.44922,-0.26953 h 0.30078 l 0.39063,0.18945 0.37891,0.15039 0.21093,0.0488 0.25977,0.14062 0.0898,0.23047 0.39063,0.20899 0.46875,0.13086 0.33984,0.32031 0.39063,0.19922 0.49023,0.41015 0.23047,0.43164 0.19922,0.10743 -0.12891,0.21093 -0.16992,-0.0117 -0.10156,0.0996 -0.0801,0.10937 -0.16016,-0.0391 -0.13086,0.0215 -0.1582,0.10742 -0.25,-0.0586 -0.29102,-0.0703 h -0.4082 l -0.18164,0.0898 -0.33008,-0.15039 0.3418,0.37109 0.32812,0.0801 0.22071,-0.0801 h 0.55078 l 0.86914,-0.0391 0.48047,-0.0723 0.5,-0.0586 0.36914,-0.13086 0.2207,-0.17968 0.16016,-0.22071 0.31054,-0.14062 0.33985,-0.0898 0.68945,-0.45898 0.2207,-0.54102 0.20899,-0.53906 0.16992,-0.76953 0.01,-0.32031 0.16015,-0.42969 0.0605,-0.16992 -0.0293,-0.48047 -0.0312,-1.31836 -36.84961,-0.58398 z m 88.77343,7.14844 -0.23046,0.12109 -0.26954,0.4082 -0.17968,0.58008 -0.0703,0.69141 0.25,0.0195 0.41016,-0.33984 0.25,-1.08985 z"
   data-name="St. George" /><path
   id="All-Saints-East-and-St.-Luke"
   style="opacity:1;fill:#445bfd;stroke:#ffffff;stroke-width:0.5;stroke-miterlimit:4;stroke-dasharray:none;stroke-opacity:1;fill-opacity:1"
   d="m 167.95773,321.24271 16.76758,-28.88476 c 0,0 5.4355,-3.05228 10.92969,-6.11914 5.49418,-3.06687 11.04674,-6.14889 11.2793,-6.20703 0.23255,-0.0581 1.24968,-0.55356 2.20898,-1.03321 0.9593,-0.47965 1.86133,-0.94336 1.86133,-0.94336 0,0 0.87055,-1.30841 1.80078,-2.66015 0.93023,-1.35175 1.91979,-2.74746 2.15234,-2.92188 0.23256,-0.17441 1.30678,-1.48156 2.32422,-2.74609 1.01744,-1.26453 1.97852,-2.48633 1.97852,-2.48633 l 2.55664,-4.41797 -0.11524,-13.14062 -1.39648,0.46484 c 0,0 -0.26117,0.14612 -0.56641,0.34961 -0.30523,0.20349 -0.6537,0.46471 -0.82812,0.69727 -0.34884,0.46512 -1.04688,1.6289 -1.04688,1.6289 l -0.23242,1.62695 c 0,0 -0.11573,0.23252 -0.30469,0.49415 -0.0945,0.13081 -0.20666,0.26875 -0.33203,0.38867 -0.12536,0.11991 -0.2648,0.22311 -0.41015,0.28125 -0.14535,0.0581 -0.32608,0.20167 -0.53321,0.39062 -0.20712,0.18896 -0.4404,0.42174 -0.6875,0.6543 -0.24709,0.23256 -0.50817,0.46534 -0.77343,0.6543 -0.26527,0.18895 -0.53525,0.33443 -0.79688,0.39257 -0.26163,0.0581 -0.65421,0.23202 -1.0957,0.46094 -0.4415,0.22893 -0.93083,0.5129 -1.38867,0.78906 -0.9157,0.55233 -1.70118,1.07618 -1.70118,1.07618 l -0.34765,1.74414 0.11523,4.41797 -42.90625,-2.90625 -15.23242,11.1621 -1.84961,44.12305 1.41992,-0.34961 1.16992,0.13086 1.07032,0.34961 0.80078,0.51953 0.58984,0.56055 0.42969,0.86914 -0.0703,0.58984 -0.49024,0.41993 -0.47851,0.29101 -0.36133,0.58008 0.0703,1.00977 0.41992,0.23046 0.5,-0.25 0.21094,-0.11132 0.45899,-0.45899 0.9414,-0.43945 1.58008,-0.29883 0.67969,0.0273 0.6289,0.10157 0.46094,0.29101 -0.041,0.75 0.29101,0.77735 0.40039,0.36132 0.67969,-0.46093 0.51953,-0.86914 0.61914,-0.16993 0.94141,-0.50976 0.50976,-0.81055 -0.0195,-0.68945 -0.24023,-0.29102 0.49023,-1.10937 0.75977,-0.22852 0.28906,-0.0918 0.80078,0.0703 0.83984,0.44922 0.98047,0.58007 z"
   data-name="All Saints East and St. Luke" /><path
   id="All-Saints-West"
   style="opacity:1;fill:#ee2411;stroke:#ffffff;stroke-width:0.5;stroke-miterlimit:4;stroke-dasharray:none;stroke-opacity:1;fill-opacity:1"
   d="m 221.70187,249.68217 c 0.17456,-0.0581 0.41909,-0.2702 0.71485,-0.59766 0.29576,-0.32746 0.64343,-0.76933 1.01953,-1.28711 0.75219,-1.03555 1.62281,-2.37268 2.45117,-3.69531 1.65672,-2.64526 3.13867,-5.23242 3.13867,-5.23242 0,0 0.0586,-0.34911 0.0586,-0.78516 0,-0.21802 -0.015,-0.45858 -0.0586,-0.6875 -0.0436,-0.22892 -0.11614,-0.44668 -0.23242,-0.62109 -0.0581,-0.0872 -0.64789,-0.36546 -1.63672,-0.78516 -0.98882,-0.41969 -2.37582,-0.9807 -4.02734,-1.63476 -3.30305,-1.30814 -7.66384,-2.98756 -12.00977,-4.64454 -8.69186,-3.31395 -17.32617,-6.54101 -17.32617,-6.54101 l -5.8125,-2.44141 -2.55859,-0.34961 h -0.92969 c 0,0 -0.0591,0.93005 -0.14649,2.00586 -0.0874,1.07581 -0.20403,2.29751 -0.32031,2.87891 -0.0291,0.14535 -0.0831,0.26471 -0.15625,0.36328 -0.0731,0.0986 -0.16401,0.17637 -0.26758,0.23633 -0.20712,0.11991 -0.46189,0.17101 -0.70898,0.18554 -0.49419,0.0291 -0.95898,-0.0879 -0.95898,-0.0879 0,0 -1.16379,-0.23137 -1.62891,-0.34765 -0.11628,-0.0291 -0.23279,-0.14662 -0.3418,-0.30469 -0.10901,-0.15807 -0.20966,-0.35847 -0.29687,-0.55469 -0.17442,-0.39244 -0.29102,-0.76953 -0.29102,-0.76953 0,0 -0.5521,-0.23229 -1.2207,-0.46484 -0.3343,-0.11628 -0.69722,-0.23308 -1.03516,-0.32032 -0.33793,-0.0872 -0.65025,-0.14453 -0.88281,-0.14453 -0.93023,0 -1.51172,-0.11718 -1.51172,-0.11718 l -7.36719,-7.04883 c 0.0706,0.476 0.86446,5.82349 1.75586,11.70117 0.93023,6.13372 1.88959,12.32409 2.00586,12.55664 0.0581,0.11628 -0.20376,1.62137 -0.6289,3.8125 -0.42515,2.19113 -1.01345,5.06827 -1.60938,7.93164 -1.19186,5.72675 -2.41211,11.39649 -2.41211,11.39649 l 42.90625,2.90625 -0.11523,-4.41797 0.34765,-1.74414 c 0,0 0.78548,-0.52385 1.70118,-1.07618 0.45784,-0.27616 0.94717,-0.56013 1.38867,-0.78906 0.44149,-0.22892 0.83407,-0.4028 1.0957,-0.46094 0.26163,-0.0581 0.53161,-0.20362 0.79688,-0.39257 0.26526,-0.18896 0.52634,-0.42174 0.77343,-0.6543 0.2471,-0.23256 0.48038,-0.46534 0.6875,-0.6543 0.20713,-0.18895 0.38786,-0.33248 0.53321,-0.39062 0.14535,-0.0581 0.28479,-0.16134 0.41015,-0.28125 0.12537,-0.11992 0.23756,-0.25786 0.33203,-0.38867 0.18896,-0.26163 0.30469,-0.49415 0.30469,-0.49415 l 0.23242,-1.62695 c 0,0 0.69804,-1.16378 1.04688,-1.6289 0.17442,-0.23256 0.52289,-0.49378 0.82812,-0.69727 0.30524,-0.20349 0.56641,-0.34961 0.56641,-0.34961 z"
   data-name="All Saints West" /><path
   id="St.-Peter"
   style="opacity:1;fill:#530a09;stroke:#ffffff;stroke-width:0.5;stroke-miterlimit:4;stroke-dasharray:none;stroke-opacity:1;fill-opacity:1"
   d="m 262.1882,174.64506 -0.39062,0.17968 -0.20899,0.60157 -0.33984,0.81836 -0.21094,0.31054 -0.62891,0.14063 -0.73242,-0.3086 -0.53906,-0.30273 -0.21875,-0.12891 -0.91992,0.31055 0.0801,0.28906 0.61914,0.41211 0.43945,0.59766 0.0703,0.37109 0.41016,0.41016 -0.0605,1.05859 -0.11914,0.33008 -0.0996,1.16992 -0.24023,0.63086 -0.75977,0.35938 -0.54101,0.33008 -0.43946,0.45117 v 0.21093 l -0.36914,0.48829 -0.12109,0.41015 -0.44922,0.25 -0.15039,-0.16992 -0.17969,0.12891 -0.041,0.37109 -0.91016,0.57031 -0.47852,0.22852 -0.25976,-0.0801 -0.18164,-0.0898 -0.01,0.64257 -0.21875,0.19727 -0.3125,-0.0195 -0.29882,0.54102 0.66015,0.8789 -0.16992,0.13086 -0.66016,-0.7207 -0.74023,0.4707 -0.50977,0.39063 -0.16015,-0.17188 -1.33985,0.99023 -1.07031,0.60157 -0.73828,0.48828 h -0.28125 l -0.59961,-0.79883 -0.16992,0.0801 0.32031,0.69922 -0.15039,0.62109 -0.54102,0.25977 -0.0195,0.46875 -0.8789,0.40039 -0.21094,-0.12891 -0.26953,0.12891 0.0898,0.28125 0.0195,0.14843 -0.95898,0.63086 -0.66016,0.59961 -0.45117,0.88086 0.0703,0.33985 0.38086,0.25976 0.17969,0.25 0.69922,-0.0801 0.54101,-0.31054 0.51954,-0.24024 -0.12891,-0.44922 0.12891,-0.23828 0.32031,-0.0801 0.80078,0.53907 0.0391,0.39843 0.66016,0.75977 0.58984,0.9707 0.0391,0.88086 -0.0781,1.04883 -0.32031,0.25 0.0391,0.2207 0.53125,-0.23828 0.1582,0.0781 -0.52929,0.26953 -0.49024,-0.0195 0.0312,0.17969 0.58008,0.0605 0.30859,-0.12109 0.0605,0.78125 0.18945,1.34961 0.20117,1.05078 -0.27148,1.10937 0.28906,1.32032 -0.34765,0.0391 0.0586,0.64062 -0.54883,0.69922 0.91992,0.91016 -0.83984,-0.2793 -0.82031,-0.0605 -0.83985,0.1621 h -0.49008 l -0.46094,-0.0625 0.0215,-0.29882 -0.64063,-0.73047 0.0703,-0.60938 -0.14062,-0.27148 -0.15039,0.23047 0.0605,0.16015 -0.0391,0.66211 0.0586,0.13868 -0.39844,0.33984 -0.26172,-0.0312 v -0.34961 h -0.29883 v 0.34961 l -1.00976,-0.0996 v -0.19922 h -0.23047 l -0.0996,0.24024 -0.56055,-0.041 -0.57031,0.34961 -0.28906,0.33008 -0.73047,0.28125 -0.99024,0.0703 -0.7207,0.13867 -0.63867,0.49024 -0.5,0.42968 -1.27149,-0.16015 0.74024,-0.54883 0.16992,-0.64063 0.33008,-0.59961 0.24023,-0.75 0.11133,-0.33984 0.79883,-0.2207 0.45117,-0.33008 0.5,0.0195 1.42969,-1.08984 -0.45117,-0.63867 -0.67969,-0.46876 -0.44922,-0.27148 -0.82031,-0.12109 h -0.7207 l -0.63868,0.37109 -0.68164,0.66016 -0.69922,0.61132 -1.10937,1.12891 -0.79102,0.47852 -0.20898,0.61133 0.10937,0.20898 -0.27929,0.42969 -0.11133,-0.28907 -0.60938,-0.2207 -0.77929,0.3711 -0.61133,0.58984 h -0.25 l 0.15039,-0.67969 -0.19141,-0.041 -0.30859,1.2207 -1.07031,-0.15039 -1.03907,-0.17969 -0.39062,-0.54102 0.01,-0.25976 0.0898,-2 -0.0586,-1.03906 0.2793,-0.58008 0.98047,-2.15039 1.33008,-1.76953 0.57031,-0.84961 -0.31055,-0.41016 -0.88085,0.0391 -0.58008,-0.36914 -0.21875,-0.24023 -0.16993,-0.83008 -0.12109,-1.31055 0.55078,-1.02929 -0.28125,-0.8086 0.0117,-1.11132 -0.30078,-0.63086 -0.54102,-0.19922 -0.95898,0.16015 -1.24023,0.42969 -0.7793,0.53906 -0.99024,0.57032 -0.66992,-0.11914 -0.55078,0.16015 -1.16992,0.70899 -0.73047,0.33984 -0.64844,1.40234 -0.64062,0.75782 -0.39063,0.75976 -0.23047,0.58008 -0.10937,0.041 -0.26953,-0.41993 -0.26953,-0.24023 -0.29102,0.11914 -0.13867,0.15234 0.0781,-1.03125 0.24024,-0.66015 0.20898,0.1289 0.3711,-0.69922 0.5,-0.56054 0.041,-0.21875 0.21875,-0.31055 0.16016,-0.0195 0.23047,-0.62109 -0.16992,-1.16993 -0.25,-0.25976 -0.35938,-0.01 -0.83008,0.94922 -0.65039,0.66992 -0.32031,0.73242 -0.31055,0.17774 -0.38867,-0.16016 -0.16992,-0.79882 -0.34961,-0.77149 -0.62109,-1.25 -0.25977,-0.92969 0.1582,-0.70898 0.46094,-0.90039 0.41016,-0.42969 0.52148,-0.32031 0.12891,-0.46094 0.41992,-0.23828 0.57031,-0.26172 0.56055,-0.61719 0.50976,-0.41211 1.07032,-0.0996 0.96875,-0.17968 0.30078,-0.25 -0.01,-0.41016 0.28907,-0.21094 0.48046,0.0215 0.71094,-0.0215 0.2793,-0.16015 0.42969,-0.14844 0.2207,-0.10156 0.22851,-0.39844 -0.20898,-0.36133 -0.66992,-0.0176 -0.2793,0.17774 -0.26172,-0.0801 -0.22851,-0.0977 -0.11133,0.0176 -0.0586,-0.30859 0.0293,-0.36133 0.10938,-0.25 0.0898,-0.18945 -8.09961,-0.2168 -5.69726,8.14062 c 0,0 0.11727,-6.3e-4 -3.3711,4.41797 -0.43604,0.55233 -0.88372,0.97089 -1.33203,1.2793 -0.44831,0.30841 -0.89835,0.50663 -1.33984,0.62109 -0.4415,0.11447 -0.87346,0.14476 -1.28907,0.11524 -0.4156,-0.0295 -0.8149,-0.11864 -1.18554,-0.24219 -0.37064,-0.12355 -0.71294,-0.28161 -1.01953,-0.44922 -0.3066,-0.1676 -0.57732,-0.34416 -0.80078,-0.50586 -0.44695,-0.3234 -0.70899,-0.58594 -0.70899,-0.58594 0,10e-6 -2.2078,2.44309 -2.55664,2.90821 -0.17441,0.23255 -0.35052,0.87132 -0.4668,1.52539 -0.11628,0.65407 -0.17337,1.32258 -0.11523,1.61328 0.0291,0.14535 0.21062,0.29147 0.4668,0.42773 0.25617,0.13627 0.58702,0.26209 0.91406,0.3711 0.65407,0.21802 1.29297,0.36328 1.29297,0.36328 0,0 0.3784,0.17501 0.81445,0.45117 0.21802,0.13808 0.45108,0.30255 0.6582,0.48242 0.20713,0.17987 0.38763,0.37464 0.50391,0.57813 0.11628,0.20349 0.18173,0.44318 0.20898,0.70117 0.0273,0.25799 0.0168,0.53438 -0.0195,0.81055 -0.0727,0.55232 -0.24745,1.10474 -0.42187,1.51172 -0.0872,0.20349 -1.04565,1.19245 -2.43555,2.56054 -1.3899,1.3681 -3.20994,3.11551 -5.01953,4.83789 -3.61919,3.44477 -7.19531,6.78711 -7.19531,6.78711 l 2.55859,0.34961 5.8125,2.44141 c 0,0 8.63431,3.22706 17.32617,6.54101 4.34593,1.65698 8.70672,3.3364 12.00977,4.64454 1.65152,0.65406 3.03852,1.21507 4.02734,1.63476 0.98883,0.4197 1.57858,0.69795 1.63672,0.78516 0.11628,0.17441 0.18882,0.39217 0.23242,0.62109 0.0436,0.22892 0.0586,0.46948 0.0586,0.6875 0,0.43605 -0.0586,0.78516 -0.0586,0.78516 0,0 -1.48195,2.58716 -3.13867,5.23242 -0.82836,1.32263 -1.69898,2.65976 -2.45117,3.69531 -0.3761,0.51778 -0.72377,0.95965 -1.01953,1.28711 -0.29576,0.32746 -0.54029,0.53955 -0.71485,0.59766 l 0.11524,13.14062 15.69922,-0.11719 c 0,0 -0.46671,-1.33662 -0.83008,-2.67382 -0.18169,-0.66861 -0.33653,-1.33839 -0.39649,-1.83985 -0.03,-0.25072 -0.0368,-0.45921 -0.01,-0.60547 0.027,-0.14625 0.0877,-0.22851 0.18945,-0.22851 0.81396,0 3.60352,0.23242 3.60352,0.23242 l 8.02343,0.11523 5.69727,-0.11523 6.51172,-3.02344 1.51172,-0.11719 c 0,0 1.74505,-12.09333 1.86133,-12.79101 0.0581,-0.34884 0.55159,-1.6265 1.03125,-2.81836 0.47965,-1.19186 0.94531,-2.29687 0.94531,-2.29687 0,0 1.86105,-0.34961 2.32617,-0.34961 0.23256,0 1.56841,0.0577 2.94922,0.0723 0.69041,0.007 1.39308,0.004 1.97266,-0.0234 0.57957,-0.0272 1.03674,-0.0768 1.24023,-0.16406 0.40697,-0.17442 1.63006,-1.03302 2.75195,-1.84765 1.12189,-0.81464 2.14258,-1.58594 2.14258,-1.58594 l 0.31055,-0.38867 -0.15039,-0.61915 0.22851,-0.76171 -0.1875,-0.56055 0.10938,-0.35938 0.0605,-0.81054 -0.27148,-1.26953 0.49024,-1.61914 0.23046,-0.58008 0.19922,-0.27149 0.32032,-1.11914 -0.35938,-0.51953 -0.5918,-0.35156 -0.1289,-0.63867 0.0898,-0.46094 0.26172,-0.10938 0.30859,-0.55078 0.041,-0.41015 -0.0606,-0.37891 0.39063,-0.39062 0.13867,-0.14063 0.31055,-0.13867 1.13085,0.19922 0.38868,-0.42774 -0.16016,-0.53125 -0.21875,-0.41015 0.21875,-0.5586 0.0391,-0.27148 -0.0176,-0.78125 -0.0605,-0.73828 0.39062,-1.23047 0.50977,-0.42969 0.28906,-0.0801 0.54102,-0.041 0.41992,-0.0195 0.66015,-0.31055 0.53907,-0.42774 0.57031,-0.25 0.67969,-0.23242 0.26953,-0.38867 0.10156,-0.70117 0.1582,-0.33984 0.0508,-0.10938 0.19921,0.0898 0.0605,-0.41015 -0.44922,-0.15039 -0.70117,-0.18946 -0.71875,-0.23828 -0.49219,-0.37109 -0.51758,0.0801 -0.2207,-0.63086 0.63086,-0.32813 -0.61133,-0.5625 -0.26953,0.50977 -1.42969,0.41992 -0.25,-0.55859 0.42969,-0.96094 0.53906,-0.88867 0.57032,-0.3711 0.67968,-0.0605 h 0.69922 l 0.3711,0.10156 0.12109,-0.43164 -0.23047,-0.38867 -0.65039,-0.041 -0.92969,0.0996 -1.08984,0.29102 -0.66992,0.44921 -0.73047,0.43165 -1.0293,-0.0215 -0.61133,-0.21875 -0.38867,-0.39062 -0.50976,-0.56055 -0.33008,-0.28906 -0.57227,0.0391 -0.51758,0.26953 -0.29101,0.4707 -0.61914,0.54102 -0.86133,0.66016 -3.13867,-0.17188 -0.49024,-0.0781 -0.43945,-0.31055 h -0.40039 l -0.75977,0.13867 -0.66015,0.041 -0.33008,0.11914 -0.37109,-0.10743 -0.53907,-0.16992 -0.57031,-0.43164 -0.49023,-0.33008 -0.61914,-0.30078 -0.39063,-0.0898 -0.24023,-0.0391 -0.43946,-1.05078 -0.29101,-0.74024 -0.0586,-0.44922 -0.14062,-0.91992 -0.10938,-0.46094 -0.18164,-0.13867 -0.0195,-0.43164 -0.63867,-0.48828 -0.36133,-0.0312 -0.94922,-0.17774 -0.5,-0.041 -0.41992,0.30859 -0.7207,0.14063 -1.0293,0.67969 -0.11133,-0.85938 -0.71875,-0.56055 -1.01953,-0.95898 0.42969,-0.93164 -0.44141,-0.85938 -0.31836,-1.07031 v -0.28906 l 0.20899,-0.3086 0.2207,-0.49218 0.16016,-0.38867 -0.31055,-0.0606 -0.51953,-0.66016 -0.34961,0.41992 -0.57031,0.0801 -0.16016,-0.33008 -0.37109,-0.41015 -0.70899,-0.83985 -0.46093,-0.89062 -0.0801,-1.04883 0.15039,-0.57031 0.25977,-0.34961 0.39062,-0.0215 0.31055,-0.0801 0.21875,-0.39844 -0.1211,-0.55078 0.28125,-0.7793 0.21875,-0.25 0.51172,-0.20117 1.07031,-0.58008 0.34961,-0.30859 1.92969,-1.52149 0.57031,-0.33984 0.56055,-0.94922 0.66016,-0.66016 -0.0215,-0.58984 -0.16992,-0.14844 0.16992,-0.29101 0.36133,-0.26172 0.96875,-0.43945 0.74024,0.54101 0.33007,0.0586 0.26953,-0.0391 0.0918,-0.23047 0.0293,-0.32031 -0.13086,-0.42969 -0.16016,-0.61914 -0.61914,-1.08984 0.10938,-0.57031 -0.18946,-0.38086 -0.33007,-0.31055 -0.50977,0.0215 -0.59961,0.22851 -0.39062,-0.32812 -0.44922,-0.53125 0.18945,-0.64063 0.2793,-0.28906 0.35156,-0.14063 0.14844,-0.0586 0.0312,-0.36133 -0.13086,-0.44922 -0.0605,-0.31836 0.12109,-0.39258 -0.16015,-0.61914 -0.26953,-0.23828 v -0.35156 l -0.41016,-0.59961 z m 19.84961,0.67578 -0.16992,0.58008 -0.17969,1 -0.21094,0.77148 -0.11914,0.71094 0.0606,0.31836 0.29883,0.2207 0.35156,-0.27148 0.33008,-0.53907 0.17969,-0.55078 -0.0312,-0.83984 -0.18946,-0.5293 -0.15039,-0.64062 z m 1.95117,3.98047 -0.25,0.0996 -0.26172,0.33984 -0.1582,0.29102 -0.11133,0.39062 0.16993,0.25 0.33984,-0.70117 z m 9.51953,0.34961 0.0391,0.32031 0.25,0.48047 0.24023,0.11914 0.0312,-0.25977 -0.16992,-0.25 -0.10156,-0.0195 z m -3.33984,0.5625 -0.63086,1.45898 -0.43945,0.58008 -0.92969,0.23828 -0.42969,0.35156 -0.83008,-0.0508 -0.25,0.14063 -0.29101,1.36914 0.29101,1.56054 -0.87109,2.14063 -0.34961,0.58984 -1.44922,0.041 -0.78125,0.0977 -0.28906,1.8496 -1.66016,-0.0996 -0.58203,-0.13868 -0.29882,-1.51172 -0.28907,-0.33984 -0.58008,0.48047 -0.58984,1.32031 -1.56055,1.46094 -1.2207,1.6582 -1.44922,0.68164 -1.17969,0.29102 -1.75,-0.3418 -0.78125,-0.43945 -1.11914,1.11914 -1.35937,0.78125 -1.16992,0.19922 -1.3711,-0.48828 -0.86914,-0.68164 -0.98047,-0.43946 0.33985,1.75977 0.40039,1.88867 -0.30078,1.41016 -0.18946,0.83008 -0.28906,1.27148 1.01953,0.48828 1.16992,0.87109 1.16016,-0.82031 0.98047,-0.58984 0.72852,-0.0508 0.78124,0.0508 2.47852,-1.46094 1.32031,-0.92969 1.41016,-0.77929 1.26953,-0.18946 1.65039,0.7793 1.13086,-0.0508 0.76953,-0.1875 1.01953,-1.22266 1.28125,0.39063 1.41016,-0.98047 h 0.86914 l 0.7793,0.29101 0.4414,-0.24023 -0.53125,-0.73047 0.33985,-1.11914 0.58008,-0.13867 0.87109,0.6289 0.43945,0.0488 0.53906,-2.49023 0.49024,-0.86914 1.2207,-0.0996 0.43946,-0.15039 2.24023,-1.16992 0.39062,-0.76954 1.10938,-0.25 1.80859,-1.41015 0.77149,-0.0508 -0.2793,-1.94922 0.37891,-0.91992 -0.82032,-0.54102 -0.83984,-0.0996 -0.96875,-0.86914 h -1.2207 l -0.73047,0.13867 -1.50977,-0.73047 -0.28906,-1.79882 z m -4.33008,23.9082 -0.33008,0.23047 -0.13085,0.33008 -0.0996,0.41992 0.46093,0.21875 0.53907,-0.26953 v -0.43946 l -0.20899,-0.41992 z m 15.96875,1.41992 -0.47851,0.63086 -0.33985,0.62891 -0.40039,0.63086 -1.36133,0.67968 -1.1582,-0.041 -0.79101,-0.29883 -0.42969,0.29883 0.0898,0.91992 -0.18945,0.44141 -1.07227,-0.19141 -0.4375,-1.01953 -0.24023,-0.10938 -0.58985,1.21875 -0.58007,0.49024 -2,0.10156 -1.03125,-0.68164 -0.96875,-1.01953 0.0488,0.42969 0.25,1.07031 -0.20899,0.73047 -0.91992,0.64062 -0.58985,0.62891 0.01,0.58984 0.73047,0.38086 1.89844,-1.30859 1.32031,-0.98242 0.88086,0.30078 0.91992,0.28906 2,-0.28906 0.86914,0.24023 h 0.38867 l 1.17188,-1.12109 0.73047,-0.62891 0.38867,-0.49023 1.02148,-0.14063 0.58985,-0.53906 0.13867,-1.01953 0.78125,-0.73047 0.33984,-0.63867 z m 6.76172,4.67969 -0.14258,0.41211 -0.14843,0.50781 -0.41016,0.31055 -0.32031,0.19922 -0.5586,0.0703 -0.2207,0.30078 v 0.5 l 0.0703,0.51953 v 0.49024 l 0.18946,0.25976 0.26953,-0.0391 0.71093,-0.58008 0.87891,-0.37109 0.78125,-0.0488 0.73047,0.1582 0.62891,0.3711 0.0703,0.57031 0.76953,0.36133 0.95117,0.25781 0.73828,-0.0391 0.79102,-0.3711 0.82031,-0.0898 1,0.14062 1.33984,-0.32031 -0.18945,-0.32812 -0.10156,-0.26172 -0.0996,-0.25977 h -0.17969 l -0.34961,-0.18945 -0.95117,-0.3418 h -0.28906 l -0.68946,0.10156 -0.46093,-0.0605 -0.49024,-0.18946 -0.36914,-0.15039 -0.0195,0.2793 -0.25,0.42969 -0.24023,0.0898 -0.46094,-0.0273 -1.10938,-0.36133 -0.55078,-0.16016 -0.42968,-0.41992 -0.51954,-0.36133 -0.45117,-0.45898 -0.34961,-0.54102 z m 0.60742,4.9707 -0.17773,0.20899 0.0996,0.39062 0.2793,0.2207 0.49023,0.0684 0.041,0.42188 -0.0312,0.28906 -0.33008,0.25977 -0.0703,0.27929 -0.17968,0.0215 h -0.22852 -0.33008 -0.36132 l -0.28907,0.0195 -0.16211,0.15039 -0.20898,0.36914 0.0801,0.2207 0.20117,0.24024 0.47851,0.16992 0.26172,-0.24023 0.41992,0.0195 0.33008,0.082 0.41992,0.10742 0.60938,-0.18945 0.75977,-0.0488 0.51953,-0.36133 0.23047,-0.21875 -0.36915,-0.75 -0.15039,-0.4707 -0.30078,-0.33985 -0.66015,-0.22851 -0.53907,-0.13086 -0.32031,-0.32031 -0.21094,-0.24024 z m -25.91797,4.02149 -0.34961,0.1875 0.0586,0.15039 -0.17969,0.25976 0.61133,0.48047 0.29883,-0.0703 0.17969,-0.29883 -0.0899,-0.32031 -0.31055,-0.28125 z"
   data-name="St. Peter" /><path
   id="St.-Paul"
   style="opacity:1;fill:#b11811;stroke:#ffffff;stroke-width:0.5;stroke-miterlimit:4;stroke-dasharray:none;stroke-opacity:1;fill-opacity:1"
   d="m 272.87766,307.02396 -4.54883,1.4961 c 0,0 -1.36487,0.23228 -2.81836,0.46484 -1.45349,0.23256 -2.99492,0.46484 -3.34375,0.46484 -0.0872,0 -0.19631,-0.0326 -0.32032,-0.0898 -0.124,-0.0572 -0.26299,-0.13822 -0.41015,-0.23633 -0.29433,-0.19622 -0.62055,-0.45907 -0.92578,-0.7207 -0.61047,-0.52326 -1.13477,-1.04492 -1.13477,-1.04492 0,0 -0.66801,-0.29133 -1.42383,-0.58203 -0.3779,-0.14535 -0.77811,-0.29138 -1.12695,-0.40039 -0.34884,-0.10902 -0.64589,-0.18164 -0.82031,-0.18164 -0.17442,0 -0.44336,0.0662 -0.75586,0.16796 -0.3125,0.10175 -0.66874,0.23942 -1.01758,0.38477 -0.69767,0.2907 -1.36705,0.61029 -1.59961,0.72656 -0.23255,0.11628 -0.95835,0.2902 -1.62695,0.43555 -0.66861,0.14535 -1.2793,0.26172 -1.2793,0.26172 l -12.20898,-45.46485 -15.69922,0.11719 -2.55664,4.41797 c 0,0 -0.96108,1.2218 -1.97852,2.48633 -1.01744,1.26453 -2.09166,2.57168 -2.32422,2.74609 -0.23255,0.17442 -1.22211,1.57013 -2.15234,2.92188 -0.93023,1.35174 -1.80078,2.66015 -1.80078,2.66015 0,0 -0.90203,0.46371 -1.86133,0.94336 -0.9593,0.47965 -1.97643,0.97507 -2.20898,1.03321 -0.23256,0.0581 -5.78512,3.14016 -11.2793,6.20703 -5.49419,3.06686 -10.92969,6.11914 -10.92969,6.11914 l -16.76758,28.88476 0.48047,1.10157 -0.92969,0.60937 -0.68945,0.91992 -0.0703,0.70899 0.49023,0.75 0.35938,0.71094 -0.33008,0.8496 -0.41992,0.54102 0.0898,1.45898 -0.18945,0.70118 0.0898,1.33007 -0.38086,0.93946 -0.60937,0.32031 -0.17188,1.03906 0.58203,0.41992 0.94922,0.18946 1.03125,-0.0899 0.13868,-0.26953 -0.0391,-0.67968 0.19922,-0.39063 0.53125,-0.33984 0.54883,0.0801 0.43945,0.0801 0.44141,-0.16992 1.24023,-0.43945 0.66016,-0.55078 0.86914,-0.23047 0.60938,-0.0996 0.4414,-0.32031 0.72852,-0.0391 0.83008,0.35938 0.41992,-0.01 0.74023,-0.34961 0.92969,-0.0605 1.1914,-0.0586 0.13868,-0.61133 0.29101,-0.38867 0.50977,-0.61133 0.49023,-0.0293 0.65039,0.0898 0.37891,-0.25 0.4707,-0.041 0.41016,-0.0274 0.61914,0.15821 0.95117,0.42968 1.87891,-0.0391 0.72851,-0.91016 0.0625,-0.1914 0.62891,-0.22852 1.16992,0.01 1.13867,-0.26953 0.58203,0.22851 0.33008,0.6211 1,-0.13086 0.37891,-0.0703 0.16992,-0.22851 0.20117,-0.79102 -0.23047,-0.73047 -0.32031,-0.45898 0.38867,-0.88086 0.19141,-0.47852 0.10937,-0.59179 v -0.57813 l -0.0391,-0.49023 1.03906,-0.58985 0.94141,-0.39062 0.23047,-0.0898 0.37891,-0.16016 0.63085,-0.16016 0.50977,-0.0996 0.58008,0.0703 0.66015,0.43945 -0.29101,0.33984 -0.0391,0.48047 0.45898,0.12891 0.13867,-0.49024 0.47266,-0.21875 0.46875,-0.2207 0.53125,0.0605 0.35937,0.0898 0.78907,-0.39062 0.48047,-0.23047 0.76953,-0.13867 0.6289,-0.17969 0.5,0.0293 0.51172,0.23046 0.26953,0.16993 0.0996,0.0703 0.61133,-0.0488 0.51953,0.36719 0.2793,0.29101 0.24023,1.0293 -0.24023,0.48242 0.16992,0.28906 0.70117,0.46875 h 0.60938 l 0.33008,-0.28906 0.31054,0.0195 0.41016,-0.0996 0.38867,0.20899 0.36133,-0.12891 1.19922,0.32031 0.47851,0.0996 0.52149,0.41993 0.63086,-0.0195 0.25976,0.43946 0.50977,0.0293 0.25,-0.26953 0.26953,-0.0195 0.73047,0.0703 0.74023,0.0899 0.84961,0.58984 0.60938,0.36133 0.25976,0.31836 1.36133,2.04883 1,0.65039 1.21875,0.49023 0.64063,0.48047 0.64843,0.55078 0.53125,-0.0215 0.28125,-0.17969 -0.10156,-0.49023 -0.31836,-0.60938 -0.60156,-0.69922 -0.18945,-0.99023 -0.58008,-0.62891 -0.67969,-0.41211 -0.40039,-0.28906 -0.17969,-0.41992 -0.14062,-0.54883 0.0703,-0.46094 0.0195,-0.51172 0.24024,-0.46875 0.65039,-0.83007 0.60937,-0.72071 0.5,-0.16015 0.48047,-0.0391 0.25977,-0.83984 -0.0801,-0.69141 -0.0801,-0.5 0.36133,-0.33007 0.39843,-0.22852 0.1211,-0.46094 0.45898,-0.28906 0.40039,0.20117 h 0.17969 l -0.0898,-0.6914 -0.0801,-0.70118 0.14062,-0.6289 0.18946,-0.6211 0.14062,-0.25976 0.18946,-0.0293 0.52148,-0.0293 0.37891,-0.36132 0.0508,-0.2793 0.17968,-0.16992 0.24024,-0.0703 0.25,0.0703 0.17773,-0.25 -0.008,-0.41992 -0.0312,-0.53125 0.0898,-0.51954 0.42188,-0.65039 1.09961,-0.67968 0.75,-0.44922 0.67773,-0.14063 0.69141,0.041 0.0703,0.0684 0.2793,0.25 0.64062,-0.36719 0.24024,-0.10156 0.14062,0.0605 0.20899,0.0684 0.29101,0.30079 0.39844,0.30078 -0.12891,0.87109 0.37891,0.13867 0.11133,0.0312 0.11914,-0.66211 0.46094,0.20117 0.19922,-0.35156 0.44921,0.15039 -0.0684,0.3711 0.38868,0.0586 0.10156,-0.33008 0.50976,-0.0293 0.43946,0.39062 0.6289,-0.0898 0.44141,-0.0606 0.90039,-0.24023 0.59961,-0.10938 1.16016,0.17969 0.25976,0.28906 0.67969,-0.25977 0.81055,0.0723 0.0977,0.1875 0.26172,1.30078 0.44922,0.15039 0.44141,0.82031 0.14843,0.75 -0.80859,0.8086 -0.84961,0.36133 -0.49023,0.29101 v 0.48828 l 0.33007,0.81055 -0.1914,0.75 -0.19922,0.78125 0.13086,0.38867 0.18945,0.51953 -0.29101,0.16016 0.25976,0.91992 0.10156,0.32031 -0.0215,0.84961 0.14063,0.0293 -0.0293,0.21094 -0.34961,0.0215 0.0195,0.62891 -0.84961,0.26953 -0.15039,-0.39844 -0.29101,0.0684 0.0996,0.41992 -0.30859,0.14063 -0.66016,0.34961 -1.08203,-0.1211 -0.31836,-0.33007 -0.25976,0.29101 -0.39063,0.26172 -0.86914,0.0586 -0.86133,0.0293 -0.50976,0.0996 -0.36914,0.27148 -0.0899,0.18946 -0.28125,0.77929 -0.16992,0.39063 -0.66992,0.57031 -0.33984,0.28125 -0.63868,0.73828 -0.36132,0.25 -0.33008,0.11914 -0.42969,0.0899 -0.25,0.4414 -0.13867,0.36133 -0.3418,0.84766 0.26172,0.32031 0.64844,0.63086 0.74023,0.21875 h 0.58985 l 0.50976,-0.0293 0.33008,-0.58007 0.40039,-0.15821 0.33985,0.27735 0.66015,0.59179 0.9707,1.13867 0.58985,0.83008 -0.0703,0.66211 -0.75,0.64844 v 0.49023 l 0.33007,0.25 0.58008,-0.1914 0.94922,0.26172 1.10156,0.60937 0.60938,0.35938 0.65039,0.49023 0.75,-0.0996 0.33008,-0.35937 -0.19141,-0.8711 0.55078,-0.25781 0.23047,-0.44141 -0.0312,-0.17968 0.35156,-0.49024 0.67969,-0.34961 1.33008,-0.82031 0.41015,-0.44141 0.29883,-0.38867 0.45117,-0.16992 1.37891,0.01 0.31055,0.0215 -0.01,0.28906 0.43946,0.0391 0.64062,0.39062 0.91992,0.21875 0.25,-0.35937 -1.03125,-0.32032 -1.03906,-0.51953 -0.55078,-1.14062 -0.0586,-1.18946 0.26758,-0.63086 0.69141,-0.78906 -0.0488,-0.46094 -0.30078,-0.16992 -1.07031,0.49024 -0.19922,-0.0703 0.0703,-0.22851 -0.24023,-0.10156 -0.1211,0.13086 -0.83984,-0.40821 -0.56055,-0.43164 -0.54883,-0.64062 -0.39062,-0.5586 0.0703,-0.65039 0.28906,-0.20117 0.33008,-0.0684 0.61133,0.82031 0.49023,0.71094 0.71876,0.16992 0.48046,-0.29101 -0.13086,-0.77735 -0.19921,-0.52148 -0.19922,-0.78125 0.1289,-0.31836 0.33985,-0.27149 0.65039,-0.31835 0.60937,0.0391 0.51172,0.2207 0.46875,0.38867 -0.23047,0.65039 -0.30859,-0.0605 -0.30078,0.27148 0.0801,0.37109 0.12109,0.27735 0.0273,0.44141 0.79102,0.93945 0.40039,0.7207 0.58008,0.25977 0.20117,0.0195 -0.0312,0.75 -0.56055,0.30078 -0.0898,-0.26172 -0.7793,0.19141 0.0996,0.94922 0.46094,0.25 0.0898,-0.16016 1.08789,0.75 0.61133,0.36133 0.0996,-0.20899 0.24024,-0.10156 0.65039,0.24024 0.77929,0.66992 0.46094,0.73047 0.23047,0.67968 0.0801,1.3086 -0.28125,0.62109 -0.45899,0.79883 -0.92969,0.32031 -0.91015,-0.25976 -0.041,0.75 0.75,1.58984 h 0.61133 l 0.54883,-0.12891 0.30078,-0.42968 0.92969,0.35937 0.64062,0.20898 0.39844,0.3711 0.64063,0.28906 1.50976,1.04102 0.65039,0.65039 -0.0703,0.42969 0.30078,0.1289 0.0703,-0.33008 h 0.4375 l 0.0508,0.39063 0.17188,-0.25 0.13867,-0.60938 0.17969,-0.35156 0.86133,-0.30859 0.89843,0.16015 0.3418,-0.21093 0.51953,0.0703 0.0293,-0.48047 0.25977,-0.19922 1.40039,0.0703 0.71093,0.51953 0.28907,-0.48828 0.19921,-0.23242 0.28125,0.16992 0.56055,0.67969 0.11914,0.32031 1.25,0.13086 0.58008,-0.25976 0.80078,0.16015 0.7793,-0.58007 0.0703,-0.52149 0.11914,-0.33984 0.43945,-0.0488 0.39063,0.0293 0.0898,-0.42969 0.45117,-0.64063 0.58985,-0.19922 -0.0996,-0.48046 0.85937,-0.45899 0.34961,-0.18164 -0.49023,-1.30859 0.42969,-0.30078 1.08984,0.54101 0.88086,0.2793 0.1582,-0.65039 1.14258,-0.25782 0.29883,-0.55273 0.18945,-0.51953 -0.33008,-0.80859 -0.55078,-0.46094 -0.71875,0.0391 -0.67968,0.5918 -0.25,0.25 -0.85157,-0.10157 -0.8789,-0.63867 -0.44922,-0.88086 0.0391,-0.75 0.28906,-0.2207 0.19141,-0.17969 0.14062,-0.3789 -0.0703,-0.33985 -0.0996,-0.25976 0.35938,-0.0508 0.31054,0.41015 -0.0605,0.29883 -0.33008,0.53125 0.23047,0.16016 0.49023,0.34961 0.83789,0.52929 0.39258,-0.61914 0.38867,-0.13086 0.65039,-0.51758 0.25,-0.18164 0.47071,0.18164 0.64843,0.12891 0.71094,0.50977 0.88086,1.16992 0.33008,0.58984 0.60937,0.82032 -0.0996,0.86914 -0.65039,1.04101 0.0996,0.38867 1.00977,0.0703 1.00977,-0.29883 1.36132,-0.22071 0.19922,-0.13086 0.16016,-0.64843 -0.42969,-0.88086 0.38867,-1 v -0.61914 -0.65039 l 0.5918,-0.36133 -0.45117,-0.58008 0.32031,-0.38867 -0.0703,-0.58984 -0.34961,-0.38086 -0.46094,-0.81055 -0.75,-0.13867 h -0.31836 l -0.49023,-0.83985 -0.67969,-0.67968 -0.54102,-0.18165 -0.43164,-0.77929 -0.17773,-0.76953 -0.16016,-0.55078 -1.45117,-1.07032 -0.73828,-1.1289 0.46875,-1.17969 0.39062,-0.80078 0.58985,-0.82031 0.91992,-0.58008 0.91992,-0.34961 0.76953,-0.10938 -0.0312,0.16993 0.45118,0.0312 0.75,0.25782 0.41992,0.34961 0.42968,0.68164 -0.0684,0.61914 -0.30078,0.81055 -0.25976,0.41992 0.0391,0.6289 -0.16992,0.1211 0.0312,0.84961 0.75976,0.86914 -0.25,0.68164 0.12891,0.75 0.21094,-0.61133 -0.1211,-0.5 0.26172,-0.44922 0.2793,-0.16016 -0.25,-0.65039 0.2207,-0.35937 0.67969,-0.0586 0.70899,-0.68164 0.25976,-1.10937 -0.54883,-0.2207 0.35938,-1.10938 0.46093,-0.91015 0.53907,-0.67969 0.77929,-0.23047 0.46094,-0.0586 0.0195,-0.36132 0.0801,-1.04102 -0.49023,-1.2793 -0.25977,-0.79101 0.041,-0.45899 -0.65235,-0.75 -0.78906,-0.16015 -0.28906,-0.0703 -0.58008,-0.9004 -0.56055,-0.19921 -0.21875,0.0586 -0.32031,-0.90039 0.11914,-0.58984 0.26953,-0.36133 -0.61914,-0.73828 -1.0293,0.80859 -0.46093,0.20117 -0.66016,-0.40039 -0.43945,-0.48047 -0.26953,-0.77929 -0.36133,-0.95118 -0.14844,-0.38867 -0.53125,-0.0898 -0.83984,0.35937 -0.67969,-0.33007 z"
   data-name="St. Paul" /><path
   id="St.-Philip-South"
   style="display:inline;opacity:1;fill:#f15041;stroke:#ffffff;stroke-width:0.5;stroke-miterlimit:4;stroke-dasharray:none;stroke-opacity:1;fill-opacity:1"
   data-name="St. Philip South"
   d="M 348.66797 251.42188 L 348.47656 251.56055 L 348.9082 251.81055 L 348.61719 252.63281 L 348.37695 252.98047 L 347.6875 252.98047 L 347.10742 253.27148 L 346.61719 253.76172 L 346.23828 254.19141 L 345.44727 255.07031 L 347.10742 255.31055 L 348.56836 255.51172 L 349.4375 255.02148 L 350.41797 254.88281 L 351.20703 255.07031 L 351.63672 255.85156 L 351.63672 256.29102 L 351.09766 256.43164 L 350.9082 256.83008 L 351.4375 256.9707 L 351.78711 257.31055 L 351.9375 257.75195 L 352.50781 258.19141 L 353.19727 257.51172 L 353.78711 257.31055 L 353.72656 256.83008 L 353.6875 256.3418 L 354.02734 255.56055 L 354.9082 255.36133 L 355.53711 255.31055 L 356.26758 255.2207 L 356.94727 255.17188 L 357.28711 254.88281 L 357.77734 255.17188 L 357.86719 255.85156 L 357.4375 256.00195 L 357.1875 256.24023 L 357.38672 256.73047 L 357.62695 257.36133 L 358.16797 257.21289 L 358.69727 257.51172 L 359.03711 257.99023 L 358.89844 258.7207 L 358.35742 258.77148 L 358.20703 258.9707 L 358.50781 259.79102 L 359.33789 260.33008 L 360.10742 259.70117 L 360.06836 258.9707 L 360.31836 258.0918 L 361.61719 258.04102 L 362.1582 257.90039 L 362.9375 257.75195 L 363.9082 258.0918 L 365.02734 258.0918 L 365.61719 257.85156 L 366.05664 257.02148 L 366.05664 256.38281 L 364.34766 256.68164 L 363.51758 257.07031 L 363.02734 257.07031 L 362.4082 256.0918 L 361.81836 255.02148 L 360.6582 254.58008 L 358.89844 254.24023 L 357.86719 253.95117 L 357.28711 254.15039 L 356.06836 253.76172 L 355.04688 253.85156 L 353.92578 253.66016 L 353.14844 253.71289 L 352.4668 253.42188 L 351.78711 253.51172 L 351.20703 253.08008 L 350.17578 252.44141 L 349.58789 251.71289 L 349.34766 251.42188 L 348.66797 251.42188 z M 340.07812 252.98242 L 339.92578 253.69336 L 339.53711 254.46484 L 339.38672 255.75391 L 339.06836 256.29297 L 338.4375 256.29297 L 337.9082 256.10352 L 337.07812 256.37305 L 337.03711 257.27344 L 336.22656 257.42383 L 335.36719 257.54297 L 334.31836 257.3125 L 333.29688 257.00391 L 332.82812 257.62305 L 333.02734 258.83203 L 333.02734 260.19336 L 332.7168 261.01367 L 332.42578 261.10547 L 332.4082 260.51367 L 332.13672 259.72461 L 331.70703 258.7168 L 331.1582 258.20508 L 330.72656 258.48438 L 330.49805 259.14258 L 329.9082 259.41211 L 329.16797 259.88672 L 328.81836 260.3125 L 327.76758 259.9668 L 327.29688 260.27344 L 326.91797 260.4668 L 325.63672 259.5625 L 324.79688 259.35547 L 324.83789 258.92383 L 325.9375 258.36328 L 325.31836 257.66211 L 325.73828 257.51367 L 325.38672 257.08203 L 325.55664 256.50586 L 324.06836 256.86328 L 323.50781 256.80469 L 322.6875 257.72461 L 322.02734 258.38672 L 321.6582 258.64453 L 321.42578 258.63477 L 320.9082 258.20312 L 320.55664 257.66211 L 320.67578 256.84375 L 321.09766 256.49219 L 320.7168 255.90234 L 320.24805 255.63477 L 319.85742 255.63477 L 319.31836 254.93359 L 318.76758 254.66211 L 318.13672 254.97266 L 284.25977 270.03125 L 280.42188 270.49609 L 280.18945 269.79883 L 280.53711 267.58984 L 279.83984 266.54297 L 277.51562 265.14648 C 277.51562 265.14648 277.4852 264.91547 277.4707 264.5957 C 277.4562 264.27593 277.45753 263.86836 277.51562 263.51953 C 277.57373 263.17069 277.7188 262.87948 277.84961 262.57422 C 277.91501 262.42161 277.97605 262.26663 278.02148 262.09766 C 278.06688 261.92869 278.0957 261.74643 278.0957 261.54297 C 278.0957 261.33948 278.053 261.20844 277.97852 261.12305 C 277.90402 261.03765 277.79738 260.99836 277.67383 260.97656 C 277.42674 260.93296 277.1071 260.96196 276.81641 260.8457 C 276.67106 260.7876 276.35829 260.76563 275.95312 260.76562 C 275.54796 260.76562 275.05115 260.78731 274.53516 260.81641 C 273.50318 260.87451 272.3978 260.96094 271.81641 260.96094 C 270.65362 260.96094 266.81641 261.07813 266.81641 261.07812 C 266.81641 261.07812 266.55503 260.46608 266.2207 259.62305 C 265.88641 258.78003 265.48015 257.70562 265.18945 256.77539 C 265.11675 256.54283 265.00891 256.33141 264.87695 256.14062 C 264.74498 255.94985 264.58774 255.77958 264.41602 255.62695 C 264.07258 255.32168 263.67041 255.08852 263.28516 254.91406 C 262.89991 254.73959 262.53249 254.62349 262.26172 254.55078 C 261.99095 254.47808 261.81641 254.44924 261.81641 254.44922 L 260.30469 254.56641 L 253.79297 257.58984 L 248.0957 257.70508 L 240.07227 257.58984 C 240.07227 257.58984 237.28271 257.35742 236.46875 257.35742 C 236.36701 257.35742 236.30632 257.43973 236.2793 257.58594 C 236.2523 257.7322 236.25886 257.94069 236.28906 258.19141 C 236.34906 258.69287 236.50386 259.36264 236.68555 260.03125 C 237.04892 261.36845 237.51562 262.70508 237.51562 262.70508 L 249.72461 308.16992 C 249.72461 308.16992 250.3353 308.05355 251.00391 307.9082 C 251.67251 307.76285 252.39831 307.58894 252.63086 307.47266 C 252.86342 307.35639 253.5328 307.03679 254.23047 306.74609 C 254.57931 306.60074 254.93555 306.46308 255.24805 306.36133 C 255.56055 306.25959 255.82949 306.19336 256.00391 306.19336 C 256.17833 306.19336 256.47538 306.26596 256.82422 306.375 C 257.17306 306.48401 257.57327 306.63004 257.95117 306.77539 C 258.70699 307.06609 259.375 307.35742 259.375 307.35742 C 259.375 307.35742 259.8993 307.87908 260.50977 308.40234 C 260.815 308.66397 261.14122 308.92683 261.43555 309.12305 C 261.58271 309.22115 261.72171 309.30214 261.8457 309.35938 C 261.96971 309.41658 262.07881 309.44932 262.16602 309.44922 C 262.51485 309.44922 264.05628 309.21693 265.50977 308.98438 C 266.96326 308.75182 268.32812 308.51953 268.32812 308.51953 L 272.87695 307.02344 L 272.24805 306.10352 L 271.80664 305.42383 L 271.70703 303.80273 L 271.2168 303.05273 L 271.1875 302.3125 L 271.4375 301.26367 L 271.70703 300.8125 L 271.17578 300.23242 L 270.56836 300.0332 L 269.91797 298.70312 L 269.58789 298.2832 L 268.74805 298.40234 L 268.44727 297.75391 L 268.74805 296.39258 L 269.13672 295.45312 L 269.95703 294.61328 L 269.64844 294.25391 L 269.11719 294.07227 L 268.82812 293.80273 L 268.29688 293.08203 L 267.4082 292.60352 L 266.91797 292.02344 L 266.83789 291.0332 L 266.74805 289.16211 L 267.35742 287.40234 L 267.99805 286.63477 L 268.63672 286.24219 L 269.10742 286.3125 L 269.75781 286.40234 L 270.24805 286.85352 L 271.14844 287.92383 L 271.72656 288.38477 L 272.34766 288.51367 L 272.80664 287.83203 L 274.13672 286.94336 L 274.36719 287.09375 L 275.82812 287.02344 L 277.02734 287.17383 L 278.87695 287.70312 L 280.75781 288.44336 L 281.91797 289.51367 L 283.45703 290.29297 L 284.55664 290.68359 L 285.79688 291.75391 L 287.02734 292.60352 L 288.29688 293.02344 L 290.17578 294.0625 L 291.76758 294.94336 L 293.20703 296.15234 L 295.36719 297.47266 L 296.50781 298.25391 L 298.26758 298.86328 L 299.45703 299.64258 L 301.54688 300.20312 L 303.38672 301.08203 L 304.88672 300.98242 L 306.31836 301.27344 L 307.4668 301.13477 L 308.00781 300.99219 L 309.97656 300.91211 L 310.86719 301.17383 L 312.47656 300.88477 L 313.6582 300.5625 L 314.4668 300.60352 L 314.94727 300.61523 L 315.99805 300.4668 L 317.42578 300.6543 L 318.12695 300.82422 L 318.6875 300.76562 L 319.30664 300.7168 L 320.09766 301.03516 L 320.59766 300.95508 L 321.95703 300.75586 L 322.24805 300.81445 L 322.66797 300.79492 L 322.95703 300.85547 L 323.55664 301.20508 L 324.20703 301.43555 L 325.02734 301.4043 L 325.70703 301.83398 L 326.19727 302.05469 L 327.06836 301.73438 L 327.61719 301.14453 L 327.29688 300.75586 L 326.61719 300.42578 L 326.4375 300.4668 L 326.14844 299.7168 L 325.95703 298.77539 L 326.14844 298.54492 L 326.38672 298.7168 L 326.63672 298.57422 L 326.95703 298.39453 L 327.45703 298.44531 L 327.6875 298.54492 L 327.6582 299.1543 L 328.19727 299.61523 L 328.87695 299.52539 L 329.4375 299.03516 L 329.85742 298.83398 L 330.4375 298.7168 L 330.53711 298.38672 L 330.79688 298.22461 L 330.91797 298.57422 L 331.11719 298.74414 L 331.99805 299.03516 L 332.91797 298.9668 L 333.55664 298.47461 L 333.88672 298.08398 L 334.10742 297.3457 L 334.54688 296.57422 L 333.83789 296.63672 L 333.09766 296.78516 L 332.27734 296.93555 L 331.34766 296.83398 L 330.57812 296.68555 L 330.17578 296.78516 L 329.74805 296.05469 L 329.49805 294.98438 L 329.44727 293.9043 L 329.74805 292.5957 L 330.17578 291.91406 L 330.91797 291.18555 L 331.49805 290.93555 L 332.27734 290.79492 L 333.00781 290.74414 L 333.54688 291.08398 L 333.58789 291.52539 L 333.25781 291.89453 L 333.45703 292.08398 L 333.6875 292.30469 L 334.4668 291.91406 L 335.29688 291.27539 L 336.07812 290.89453 L 336.75781 290.35547 L 336.69727 289.99414 L 336.50781 288.79492 L 336.41992 287.38672 L 337.04883 285.875 L 337.83008 285.0957 L 338.91016 284.51562 L 339.68945 284.36523 L 340.75977 285.33398 L 341.32031 285.69531 L 341.67773 285.92578 L 342.17773 286.61523 L 342.01953 286.9043 L 341.83008 287.77539 L 342.07031 287.82422 L 343.62891 287.04492 L 345 286.16406 L 347.13867 284.2168 L 347.42773 283.05469 L 346.83984 283.24414 L 346.25977 283.77539 L 345.13867 283.58398 L 344.50977 283.00586 L 343.72852 282.56445 L 343.24023 282.56445 L 342.90039 281.68555 L 343.08984 280.7168 L 343.42773 280.27539 L 344.01953 280.27539 L 344.44922 280.27539 L 344.69922 279.39453 L 344.50977 278.76562 L 344.59961 277.78516 L 346.30859 276.22461 L 346.65039 275.93555 L 346.75 275.4043 L 345.91992 274.76562 L 345.24023 274.86523 L 344.20898 274.91406 L 343.33984 273.50586 L 343.03906 272.33398 L 343.02734 270.97461 L 343.42578 269.60547 L 342.6582 269.94531 L 342.31836 269.94531 L 341.9082 269.29492 L 341.82812 268.19531 L 342.11719 267.70508 L 342.60742 267.60547 L 342.74805 267.36523 L 342.89844 266.875 L 342.79688 266.3457 L 343.02734 265.95508 L 343.58789 265.83398 L 344.10742 266.10547 L 344.50781 266.53516 L 345.42578 266.68555 L 346.49805 266.3457 L 347.7168 265.95508 L 348.13672 265.56445 L 347.51758 265.36523 L 346.64844 265.17578 L 345.81836 265.41406 L 344.89844 265.66406 L 344.25781 265.75586 L 343.25781 265.56445 L 342.82812 265.30469 L 342.20703 264.93555 L 342.20703 264.10547 L 342.45703 262.80469 L 341.79688 262.26562 L 341.32812 261.99414 L 341.05664 261.94531 L 340.70703 262.45508 L 340.1582 262.92578 L 339.80664 262.72461 L 340.38672 261.13672 L 341.01758 260.58398 L 341.79688 260.35547 L 342.49805 260.35547 L 343.07812 259.9668 L 343.54688 259.76562 L 344.01758 259.93555 L 344.50781 259.75586 L 343.50781 259.18555 L 343.03711 258.97461 L 342.63672 258.96484 L 341.91797 258.72266 L 341.24805 258.95312 L 340.95703 259.18359 L 340.74805 258.95312 L 340.38672 258.36328 L 340.78711 257.70312 L 341.24805 257.19336 L 341.86719 257.00391 L 342.26758 256.0625 L 341.82812 255.20312 L 342.02734 254.23242 L 342.10742 253.5332 L 341.55664 253.5332 L 340.97656 253.69336 L 340.38672 253.69336 L 340.07812 252.98242 z M 352.39844 274.04102 L 351.81836 274.10156 L 351.26758 274.23047 L 350.80664 274.70117 L 350.87695 275.14062 L 350.83789 275.53125 L 350.7168 275.9707 L 350.58789 276.28125 L 350.38672 276.89062 L 350.80664 277.02148 L 351.22656 277.02148 L 351.34766 276.63281 L 351.36719 276.3418 L 351.51758 276.36133 L 351.78711 276.43164 L 352.13672 276.85156 L 352.36719 276.92188 L 353.24805 276.73047 L 353.79688 276.57031 L 353.66797 276.31055 L 353.69727 276.11133 L 353.9082 275.87109 L 353.79688 275.77148 L 354.05664 275.24023 L 353.9082 275.07031 L 353.97656 274.70117 L 354.2168 274.51172 L 353.95703 274.26172 L 353.41797 274.11133 L 352.99805 274.04102 L 352.39844 274.04102 z M 339.76758 289.40039 L 339.56836 289.46289 L 339.36719 289.66016 L 339.22656 289.85156 L 339.22656 290.18164 L 339.30664 290.4707 L 339.55664 290.69141 L 339.91797 290.63281 L 340.1582 290.54102 L 340.4082 290.66016 L 340.61719 290.61133 L 340.78711 290.50195 L 340.69727 290.37109 L 340.58789 290.21289 L 340.49805 290.01172 L 340.47656 289.87109 L 340.09766 289.52148 L 339.9082 289.49023 L 339.76758 289.40039 z " /><path
   id="St.-John's-Rural-East"
   style="opacity:1;fill:#74110c;stroke:#ffffff;stroke-width:0.5;stroke-miterlimit:4;stroke-dasharray:none;stroke-opacity:1;fill-opacity:1"
   d="m 171.58859,165.40873 c -0.49796,0 -1.74474,0.37305 -2.36719,0.37305 -0.15561,0 -0.70615,0.27315 -1.44726,0.68164 -0.74111,0.40848 -1.67169,0.95144 -2.58203,1.49609 -1.82068,1.08929 -3.56445,2.17969 -3.56445,2.17969 l 0.18945,22.68359 4.88476,4.88281 c 0,0 -0.23378,0.72747 -0.4082,1.46875 -0.0872,0.37064 -0.15984,0.74433 -0.18164,1.03321 -0.0218,0.28888 0.009,0.49241 0.125,0.52148 0.23256,0.0581 0.81268,0.0575 1.33594,0.043 0.52325,-0.0145 0.98828,-0.043 0.98828,-0.043 l 2.44336,-0.23242 1.16211,1.04688 0.58203,0.23242 c 0,0 4.06991,-1.16302 4.76758,-1.2793 0.34884,-0.0581 1.27807,0.0882 2.12109,0.24805 0.84302,0.15988 1.59961,0.33398 1.59961,0.33398 l 3.95313,0.11524 0.58007,-0.92969 1.2793,-5.58203 1.86133,-5.11524 h -4.18555 l 4.30078,-14.76758 -5.11523,-0.23242 2.24219,-5.54883 -1.24415,-0.37304 -5.60351,-1.61914 -4.60547,-1.24414 c 0,0 -2.61337,-0.37305 -3.11133,-0.37305 z"
   data-name="St. John's Rural East" /><path
   id="St.-John's-Rural-West"
   style="opacity:1;fill:#ee2411;stroke:#ffffff;stroke-width:0.5;stroke-miterlimit:4;stroke-dasharray:none;stroke-opacity:1;fill-opacity:1"
   d="m 119.86789,215.0806 6.13672,-3.07226 1.27734,1.39453 2.21094,4.65234 5.58008,6.39453 3.48828,2.20899 5.69922,0.58203 3.83593,1.04688 2.32227,-30.5254 h -0.30078 l -0.34961,0.0684 -0.50977,0.23047 -0.5,0.45117 -0.0898,0.0586 -0.26953,0.2207 -0.3418,0.25977 -0.34961,0.12109 -0.30859,0.10938 h -0.30078 l -0.33008,-0.041 -0.29102,-0.12891 -0.20898,-0.0996 -0.64062,-0.52148 -0.5586,-0.46875 -1.14258,-0.62109 -0.6582,-0.35938 -0.41992,-0.14062 -0.49024,0.041 -0.38086,0.13867 -0.56836,0.22071 -0.15039,-0.0293 -0.10937,-0.30078 v -0.25 l 0.14844,-0.28906 0.11132,-0.16993 v -0.12109 l -0.10156,-0.0293 -0.0898,0.15039 -0.16992,0.0293 -0.0899,0.2207 h -0.18948 l -0.0996,-0.18164 -0.48047,-0.3496 -0.43945,-0.63868 -0.12109,-0.3789 -0.20118,-0.27149 -0.32812,-0.0996 -0.23047,0.0195 -0.0195,0.28907 -0.14063,0.2207 -0.11914,0.28906 -0.40039,0.16016 -0.26172,0.0215 -0.1582,-0.0703 -0.19922,-0.041 -0.14258,-0.0391 -0.32812,0.0996 -0.24024,0.42969 -0.19922,0.4707 -0.58984,0.16992 -0.1914,-0.041 -0.0996,-0.11914 -0.0293,0.14062 v 0.0996 l -0.041,0.0703 -0.61914,0.14844 -0.62109,-0.0273 -0.33984,-0.10156 -0.0996,-0.17969 -0.0703,-0.13086 -0.10937,-0.14063 -0.1211,-0.0391 h -0.1582 l -0.20117,-0.0703 0.10937,-0.0996 v -0.0898 h -0.16992 l -0.10937,-0.0898 -0.16992,-0.12109 -0.01,-0.12891 -0.0606,-0.15039 -0.24023,-0.19922 -0.29883,0.33985 -0.25,0.18945 -0.19141,0.32031 -0.26953,0.11914 -0.67968,0.29102 -0.93946,0.15039 -0.48047,-0.0918 -0.68945,-0.21875 -0.67969,-0.2207 -0.70117,-0.33789 -0.54883,-0.52149 -0.45117,-0.60937 -0.0488,-0.46094 0.0801,-0.48047 0.0898,-0.33984 -0.0898,-0.32031 -0.0117,-0.3086 -0.0488,-0.23047 -0.26953,-0.0996 -0.35156,0.0684 -0.14844,0.0703 -0.33984,-0.0293 -0.21094,-0.13086 -0.0898,-0.17969 v -0.33984 l -0.16016,-0.32031 -0.2793,-0.50977 -0.0898,-0.0391 -0.20117,0.0801 -0.19141,-0.0606 -0.10742,-0.15039 v -0.16016 l -0.0312,-0.25 -0.15039,-0.25 -0.16016,-0.0195 v -0.15039 l -0.23828,-0.18945 -0.2207,-0.0293 v -0.16992 l -0.25,-0.17188 -0.19922,-0.11718 -0.18164,-0.0723 -0.0586,0.0996 -0.16993,-0.18945 0.0293,-0.22071 -0.17969,-0.0898 -0.18945,-0.0898 -0.15039,-0.0703 -0.0996,-0.13867 -0.30078,-0.15039 -0.10938,0.0508 -0.16015,-0.0801 -0.0801,0.0293 -0.16992,-0.14062 -0.24024,0.21093 -0.32031,0.23047 -0.15039,0.26953 -0.61914,0.25 -0.64062,0.21875 -1.32032,0.3418 h -0.67968 l -0.85157,-0.2207 -0.56836,-0.29102 -0.20898,-0.59961 -0.0215,-0.49023 -0.0586,-0.49024 -0.49023,-0.63867 -0.23047,-0.91992 -0.23047,-0.4707 -0.14063,-0.18946 -0.16992,-0.0801 -0.26953,0.39062 -0.18945,0.29102 -1.09961,0.21875 h -0.67969 -0.3418 l -0.19921,-0.41016 -0.61915,-0.23047 -0.40039,-0.25976 -0.26953,-0.16993 -0.29101,-0.0195 -0.40039,-0.43164 -0.19922,-0.1582 -0.23047,-0.10156 -0.26953,0.16992 h -0.16016 -0.26953 l -0.2207,-0.11914 -0.12891,-0.16992 -0.41016,0.0488 -0.1914,-0.21875 -0.21875,-0.14062 -0.25,-0.11914 -0.21094,-0.0801 -0.15039,-0.0195 -0.22852,-0.0606 -0.16015,-0.0586 -0.19141,0.0879 -0.20898,0.15039 -0.21094,0.2793 -0.58984,0.16015 -0.58008,0.0723 -0.58984,0.23828 -0.4004,0.0508 -0.31836,0.1582 -0.20117,0.19141 -0.18945,0.33008 0.0391,0.25976 0.35156,0.0606 0.5586,-0.1914 h 0.52148 l 0.25,0.0312 0.71875,0.16016 0.51953,-0.0801 0.23047,0.0801 0.41016,-0.0801 h 0.41992 l 0.56055,0.79883 0.23047,1.15039 0.0391,0.99024 v 0.93945 l -0.20899,0.91211 -0.12109,0.30859 -0.12891,0.19922 -0.16015,0.25977 -0.63086,-0.0488 -0.26953,-0.0996 -0.29102,0.0996 -0.23828,0.0312 -0.25,0.1289 h -0.39258 l -0.36914,-0.39062 -0.25976,-0.23047 -0.14844,-0.17773 -0.33008,-0.041 -0.43164,0.21875 h -0.25 l -0.54883,0.0195 -0.46093,0.10156 h -0.26954 -0.27929 l -0.16993,0.26954 -0.14062,0.2207 0.20898,0.33984 0.0801,0.25 -0.20898,0.21875 -0.19922,-0.0586 -0.14063,0.13086 -0.01,0.23828 -0.49024,0.53906 -0.800772,0.61133 -0.53906,0.45899 -1.01953,0.58984 -0.76172,0.39258 -0.5,0.27734 -0.89844,0.14258 -1.23047,0.0273 -0.23046,-0.0195 -0.5293,-0.44922 -0.31055,-0.0586 -0.21094,0.67773 0.0606,0.32227 -0.25,0.50781 -0.25,0.21094 -0.33008,0.36914 0.0195,0.43945 0.0801,0.3418 0.26172,0.17969 0.28906,-0.10157 0.33008,0.10157 0.16016,0.1289 0.0703,0.26953 0.0293,0.57032 -0.16992,0.39062 -0.30079,0.48047 -0.27929,0.36133 -0.19922,0.22851 -0.15039,0.25977 -0.33985,-0.0996 -0.0996,0.23047 0.0391,0.32812 0.75976,0.35157 0.30078,0.28906 0.17969,0.0195 -0.0293,0.44141 -0.24023,0.6289 -0.28125,0.3711 -0.41016,0.51953 -0.11914,-0.0606 h -0.19922 l -0.28124,0.2207 v 0.36915 l 0.0898,0.21093 -0.38867,0.28907 -0.25977,0.23242 -0.23047,-0.13282 -0.24023,-0.1289 -0.10938,0.0605 0.01,0.51954 0.19922,0.20898 -1.34961,1.78125 -0.67969,0.91992 -0.48047,0.70899 -0.34961,0.67968 -0.33984,0.64063 -0.16992,0.53125 -0.25,0.25 -0.22071,0.16992 -0.33007,0.16992 -0.25,0.29102 0.0703,0.26758 0.8789,0.27148 0.47071,0.29102 0.49023,0.23828 -0.0391,0.86914 -0.13086,0.74023 -0.39062,0.78125 -0.20118,0.51953 -0.30859,0.66016 -0.49023,0.53906 -0.67969,0.6211 -0.72071,0.58007 -0.22851,0.29883 -0.91016,0.38086 0.0996,0.63867 0.26953,0.19141 0.61133,0.53906 0.83984,0.50977 0.18946,0.14258 0.7793,-0.0215 0.46093,0.41016 0.87891,0.16015 1.38086,-0.1289 0.58984,-0.14258 0.66992,-1.09961 0.22071,-0.62891 0.60937,-0.57031 1.32031,-0.83008 0.96875,-0.67968 0.48047,-0.23047 0.38086,-0.1211 h 0.79883 l 0.87109,0.16016 0.71875,0.33008 1.26172,0.8125 0.26953,0.0684 0.82032,-0.42969 0.509752,-0.71094 0.66992,-0.96875 0.37891,-0.2207 0.44141,-0.0508 0.60937,-0.0488 0.67969,0.0195 0.63086,-0.0996 0.75976,-0.22851 0.19922,-0.22266 0.5,0.0215 0.78125,0.0293 0.51953,0.0391 1.35938,-0.21875 0.55078,-0.12109 0.74023,0.12109 h 0.75977 l 0.96875,-0.16992 0.20117,0.15039 0.0606,-0.15039 1.09961,-0.83008 1.32031,-1.12109 0.6582,-0.23828 1.07032,0.98828 0.16992,0.0215 1.14062,0.13868 1.19922,-0.13868 1,-0.25 h 0.29102 z"
   data-name="St. John's Rural West" /><path
   id="St.-John's-Rural-South"
   style="opacity:1;fill:#b11811;stroke:#ffffff;stroke-width:0.5;stroke-miterlimit:4;stroke-dasharray:none;stroke-opacity:1;fill-opacity:1"
   d="m 158.67844,192.47318 c 0,0 -0.23206,0.1166 -0.43555,0.29102 -0.10174,0.0872 -0.19745,0.18786 -0.25195,0.29687 -0.0545,0.10902 -0.0677,0.22552 -0.01,0.3418 0.11628,0.23255 0.0874,0.55282 0.0293,0.81445 -0.0581,0.26163 -0.14649,0.46485 -0.14649,0.46485 l -4.79492,-0.18164 -1.93164,-0.01 v 0.27148 l -0.23828,0.25 v 0.13868 l 0.0898,0.0703 0.20899,0.0605 -0.0391,0.25976 0.0391,0.10938 0.16015,0.0703 -0.0195,0.25 0.29883,0.33984 0.11133,0.17969 0.34961,0.0215 0.0508,0.56836 0.26953,0.0527 0.0898,0.0879 0.23047,0.16992 0.16016,0.0606 -0.041,0.18945 -0.14062,0.39063 0.0606,0.20898 0.16992,0.11133 0.18945,0.0898 -0.19922,1.07031 2.83203,1.68165 3.37305,3.60546 c 0,0 2.09347,0.23243 2.55859,0.23243 0.46512,0 2.55832,-0.34961 3.02344,-0.34961 0.23256,0 0.75559,0.17519 1.2207,0.34961 0.46512,0.17441 0.8711,0.34765 0.8711,0.34765 l 0.58203,1.62891 v 1.62695 l -2.32617,2.32617 -1.51172,0.81446 0.34961,0.81445 10.81445,10.34766 c 0,0 0.58149,0.11718 1.51172,0.11718 0.23256,0 0.54488,0.0573 0.88281,0.14453 0.33794,0.0872 0.70086,0.20404 1.03516,0.32032 0.6686,0.23255 1.2207,0.46484 1.2207,0.46484 0,0 0.1166,0.37709 0.29102,0.76953 0.0872,0.19622 0.18786,0.39662 0.29687,0.55469 0.10901,0.15807 0.22552,0.27562 0.3418,0.30469 0.46512,0.11628 1.62891,0.34765 1.62891,0.34765 0,0 0.46479,0.11696 0.95898,0.0879 0.24709,-0.0145 0.50186,-0.0656 0.70898,-0.18554 0.10357,-0.06 0.19445,-0.13777 0.26758,-0.23633 0.0731,-0.0986 0.12718,-0.21793 0.15625,-0.36328 0.11628,-0.5814 0.23291,-1.8031 0.32031,-2.87891 0.0874,-1.07581 0.14649,-2.00586 0.14649,-2.00586 l -9.1875,-15.23242 -1.51172,-0.11523 c 0,0 -1.62668,-0.5819 -2.0918,-0.81446 -0.0581,-0.0291 -0.0867,-0.0892 -0.0898,-0.17187 -0.003,-0.0827 0.0185,-0.18674 0.0566,-0.30664 0.0764,-0.23981 0.22283,-0.53941 0.38281,-0.83008 0.31998,-0.58134 0.69727,-1.13281 0.69727,-1.13281 l -0.58203,-0.23242 -1.16211,-1.04688 -2.44336,0.23242 c 0,0 -0.46503,0.0284 -0.98828,0.043 -0.52326,0.0145 -1.10338,0.0152 -1.33594,-0.043 -0.11628,-0.0291 -0.1468,-0.2326 -0.125,-0.52148 0.0218,-0.28888 0.0944,-0.66257 0.18164,-1.03321 0.17442,-0.74128 0.4082,-1.46875 0.4082,-1.46875 l -4.88476,-4.88281 -1.51172,-0.11719 z"
   data-name="St. John's Rural South" /><path
   id="St.-John's-Rural-North"
   style="opacity:1;fill:#b11811;stroke:#ffffff;stroke-width:0.5;stroke-miterlimit:4;stroke-dasharray:none;stroke-opacity:1;fill-opacity:1"
   d="m 167.07883,132.7017 -0.21094,0.2207 -0.0801,0.25 -0.0898,0.35938 -0.0488,0.23046 -0.17188,0.0996 -0.1582,0.11915 -0.11133,0.0605 -0.13867,0.0606 -0.18164,0.20898 -0.11914,0.16016 -0.0703,0.0898 -0.28907,0.15235 -0.2207,-0.0117 -0.18945,0.10937 -0.23047,0.0606 -0.25977,0.0293 -0.15039,-0.01 -0.0898,-0.0801 -0.0801,-0.16992 -0.15039,-0.0996 -0.0996,-0.0508 -0.0391,0.16016 0.0781,0.12109 0.1211,0.0801 0.10937,0.0898 -0.0703,0.16016 0.12109,0.22851 -0.0508,0.0918 -0.36914,0.19922 0.0606,0.11914 -0.19141,0.13086 -0.33007,0.16016 -0.2793,0.14062 -0.21094,0.0195 -0.21094,-0.0586 -0.17773,-0.14258 -0.041,0.0801 -0.0703,0.0508 -0.41016,-0.0898 -0.41992,-0.0996 -0.14844,-0.0312 -0.16015,-0.0996 -0.15039,-0.24024 -0.0899,0.0508 v 0.18946 0.15039 l 0.11915,0.0996 0.16992,0.10937 v 0.15039 l 0.0605,0.33985 -0.27929,0.29101 -0.40235,0.41016 -0.26758,0.18945 -0.18164,0.0703 -0.26953,-0.0801 h -0.16992 l -0.19922,0.01 -0.23047,0.0918 -0.18945,0.0586 -0.12109,0.16016 -0.18946,0.32031 -0.16015,0.13867 -0.15039,0.11133 -0.0996,-0.0508 -0.17969,0.0293 -0.0918,0.0801 -0.28906,-0.0176 -0.29883,-0.0117 h -0.16992 l -0.21094,0.0605 h -0.25 l -0.24023,-0.11132 h -0.0996 -0.16016 l -0.0801,-0.0899 -0.18946,-0.0703 -0.14062,0.0215 -0.16016,0.0488 -0.10937,0.15235 -0.10938,0.22851 -0.15039,0.23047 -0.01,0.12891 -0.20117,0.16211 -0.0898,0.16992 v 0.33789 l -0.11914,0.10937 -0.25977,0.16016 -0.26953,0.0508 -0.39258,0.0606 -0.38867,0.01 h -0.16015 -0.0898 l -0.45898,-0.041 -0.15235,-0.20899 -0.21875,-0.0703 h -0.11914 l -0.15039,0.0918 -0.0801,0.13867 -0.01,0.11914 -0.13086,0.16016 -0.16016,0.082 -0.16992,0.1582 -0.17969,0.26953 -0.0801,0.13086 -0.36915,0.29883 -0.18945,0.14258 -0.23047,0.10742 -0.13086,0.0606 -0.19922,0.0605 -0.16015,-0.0312 -0.25,0.17188 -0.041,0.0996 0.35156,0.66992 0.13868,0.41992 0.12109,0.19141 0.20899,0.31836 0.25976,0.26172 0.19141,0.13867 0.22851,0.46875 0.3418,0.77148 0.27734,0.42969 0.0312,0.0996 -0.43945,0.81055 -0.4707,0.61914 -0.57032,0.87109 -0.3789,0.54102 -0.2207,0.41992 -0.2793,0.58789 -0.5,0.76953 -0.3711,0.58984 -0.48828,0.6504 -0.35156,0.33007 -0.69922,0.71094 -0.26953,0.21875 -0.38086,0.32031 -0.31055,0.14063 -0.1289,0.10937 -0.17188,0.14063 -0.30859,0.18164 -0.0996,-0.0918 -0.0996,-0.0703 -0.12109,0.17969 -0.25,0.21093 -0.28907,0.19922 -0.16015,0.14063 0.0293,0.0996 -0.10938,0.13086 -0.69922,0.49023 -0.6914,0.46094 -0.58008,0.27734 -0.42969,0.18164 -0.28906,0.0586 -0.19141,-0.0176 -0.22852,-0.28125 -0.16992,-0.0898 -0.0703,-0.0801 -0.30078,-0.0215 -0.16016,0.0117 -0.28906,-0.26172 -0.0801,-0.01 -0.0312,0.0898 -0.0684,0.18164 0.17969,0.31836 0.11914,0.29102 0.13867,0.29882 0.23242,0.21094 0.17969,0.15039 0.0801,0.0606 -0.0312,0.19922 0.33008,0.0508 0.28125,0.0781 h 0.18945 l 0.53906,-0.0195 0.18164,-0.13867 -0.01,-0.16992 -0.0801,-0.0117 -0.15039,-0.0898 v -0.16992 l 0.10938,-0.13868 0.16992,0.0195 0.26953,0.20899 0.15039,0.24023 0.30078,-0.0293 v -0.33008 l -0.11133,-0.10938 -0.0488,-0.15039 -0.0996,-0.041 0.28907,-0.1875 0.20117,0.39843 0.18945,0.16993 v 0.16992 l -0.20117,0.16992 0.0117,0.26953 -0.041,0.17969 0.23047,0.13086 0.17969,0.10937 -0.10938,0.70117 -0.61132,0.0684 -0.0996,-0.19726 0.16015,-0.1211 0.14063,-0.0215 v -0.0996 l -0.27149,-0.11914 -0.1582,-0.0996 -0.0918,-0.23047 -0.16992,-0.0898 h -0.19922 l -1.03906,0.25 0.0293,0.0996 0.48047,-0.0801 0.17968,0.0996 0.0391,0.29101 -0.01,0.58985 -0.0391,0.41992 -0.16992,0.71875 -0.19141,0.61133 -0.25,0.63867 -0.35937,0.82031 -0.33985,0.61133 -0.33984,0.5586 -0.50977,0.81054 -0.38086,0.48047 -0.36914,0.83008 -0.81054,1.58984 -0.43946,0.79883 -0.25,0.46094 -0.46093,0.84961 -0.0586,0.30078 -0.13086,0.18945 -0.31054,0.26953 -0.4004,0.47071 -0.1289,0.16992 -0.2207,0.1289 0.0605,0.24024 0.16992,0.16992 -0.0508,0.43164 -0.0898,0.43945 -0.18945,0.46875 -0.12891,0.32032 -0.18164,0.29101 -0.0488,0.29883 0.0391,0.30078 0.49024,1.10938 0.2207,0.33984 0.17969,0.36133 -0.17969,0.41015 -0.75,1.29883 -0.78125,1.29102 c 0,0 1.019,0.17564 2.23633,0.26367 0.60866,0.044 1.26605,0.0662 1.87109,0.0332 0.60505,-0.033 1.15661,-0.12081 1.55274,-0.29687 0.79225,-0.35211 1.14555,-0.57161 1.43164,-0.68164 0.28609,-0.11004 0.50503,-0.10952 1.0332,-0.0215 1.05634,0.17606 4.40234,0.35157 4.40234,0.35157 l 4.04883,0.17578 0.88086,-0.17578 0.0703,-2.38282 1.2461,-1.36914 0.49804,-1.36914 -1.49414,-1.49414 c 0,0 2.6e-4,-0.4355 0.0625,-0.90234 0.0311,-0.23342 0.0765,-0.47542 0.14649,-0.67383 0.07,-0.19841 0.16457,-0.35377 0.28906,-0.41602 0.49796,-0.24898 2.86328,-1.24414 2.86328,-1.24414 l 1.86719,1.36914 2.48828,0.7461 0.9961,0.125 c 0,0 1.74377,-1.0904 3.56445,-2.17969 0.91034,-0.54465 1.84092,-1.08761 2.58203,-1.49609 0.74111,-0.40849 1.29165,-0.68164 1.44726,-0.68164 0.62245,0 1.86923,-0.37305 2.36719,-0.37305 0.49796,0 3.11133,0.37305 3.11133,0.37305 l 4.60547,1.24414 5.60351,1.61914 1.24415,0.37304 c 0,0 3.23641,-1.36965 3.73437,-1.49414 0.49797,-0.12449 3.85938,-0.37304 3.85938,-0.37304 l 2.98828,-0.24805 0.37304,5.22852 36.84961,0.58398 -0.16015,-0.3418 -0.0195,-0.33984 0.0898,-0.38086 0.26953,-0.39844 v -0.17187 l -0.13867,-0.18946 -0.24024,0.0117 -0.16015,0.14063 -0.16016,0.0605 -0.71094,-0.28126 -0.31836,-0.0195 -0.32031,-0.0391 -0.38086,-0.29101 0.0195,-0.35938 -0.0781,0.25977 -0.16016,-0.0996 0.0684,-0.41992 0.0918,-0.1504 0.01,-0.14062 -0.10156,0.13086 -0.0293,0.0703 -0.16993,-0.16992 -0.0996,0.0293 0.11915,0.17968 0.0312,0.2793 -0.0703,0.14063 -0.20117,0.0195 -0.33008,-0.0195 -0.1582,-0.0488 -0.3418,-0.13086 -0.66992,-0.48047 -0.42969,-0.34766 -0.20898,-0.29101 -0.20117,-0.15039 -0.3086,-0.0996 -0.27148,-0.0606 -0.25977,0.01 -0.33984,0.0996 -0.36914,0.041 -0.90039,-0.18164 -0.4707,-0.19727 -0.33008,-0.20117 -0.21875,-0.1914 -0.17969,-0.13867 -0.32031,-0.16016 -0.16993,-0.13086 -0.15039,-0.01 -0.30078,0.0195 h -0.28125 l -0.20898,-0.082 -0.85938,-0.6289 -0.38086,-0.30078 -0.23828,-0.24024 -0.39062,-0.21875 -0.31055,-0.33008 -0.24023,-0.16992 -0.16016,-0.15039 -0.19922,-0.42969 -0.13086,-0.37109 -0.56836,-0.12891 -0.55078,-0.1914 -0.63086,-0.0996 -0.23828,-0.0469 -0.68164,-0.46875 -0.58984,-0.49218 -0.26953,-0.32032 -0.0391,-0.19922 v -0.21093 l 0.12891,-0.10743 0.16992,0.0391 0.0508,-0.15039 -0.0996,-0.24024 -0.10156,-0.17968 -0.0684,-0.0898 -0.15039,0.0293 -0.0996,0.0918 -0.0703,0.0684 -0.11133,0.0195 -0.11914,-0.0391 -0.10938,-0.11133 -0.11132,-0.16992 -0.01,-0.39843 -0.0195,-0.20118 0.0605,-0.28906 0.17968,-0.23047 0.11915,-0.0801 0.4707,0.51172 0.0781,0.0586 0.10157,-0.13086 -0.31055,-0.5 -0.041,-0.17774 0.40235,-0.88281 0.17968,-0.0996 -0.041,-0.0898 0.01,-0.18946 0.0801,-0.0996 0.0703,-0.0703 h 0.15039 l 0.30078,-0.26953 1.14843,0.01 0.0215,-0.15039 h -0.33985 -0.36132 l -0.0801,-0.0703 -0.45899,0.01 -0.18945,-0.0898 -0.21094,-0.17969 -0.0703,-0.18945 -0.0898,0.0391 -0.0996,-0.0391 -0.0606,0.0898 -0.41992,0.0488 -0.0898,-0.0391 -0.0703,0.11914 -0.25976,0.0703 -0.27149,-0.15039 -0.16797,-0.13867 -0.25976,-0.29102 -0.24024,-0.28906 -0.46093,-0.6211 -0.2793,-0.6289 -0.19922,-0.53125 -0.0801,-0.46875 0.01,-0.49024 0.12891,-0.21094 0.15039,-0.11914 0.13085,0.0293 0.0996,0.0996 0.0801,0.0215 0.10938,0.0195 0.0801,-0.0508 -0.39063,-0.21874 -0.17969,-0.11133 -0.0586,-0.25 0.12891,-0.35743 0.21093,-0.4121 0.0898,-0.2793 0.0801,-0.0801 -0.0312,-0.34961 0.17968,-0.21094 v -0.10937 l -0.0801,-0.0508 0.1504,-0.0996 -0.0488,-0.19922 -0.0801,-0.98047 -0.13086,-0.67969 -0.11914,-0.31054 -0.0996,0.0117 -0.0801,0.0391 -0.18164,-0.0606 -0.41016,0.10938 -0.35937,0.0195 -0.25,-0.0586 -0.16992,-0.0605 -0.22071,-0.0996 h -0.19921 l -0.35157,0.01 h -0.29882 l -0.18946,-0.2207 -0.14062,-0.11914 -0.14844,0.0801 -0.0508,0.1289 0.31054,0.40039 -0.11132,0.041 -0.0801,-0.10156 -0.11914,0.0215 -0.17969,0.12109 -0.41992,0.0586 -0.31055,-0.041 0.0195,-0.14843 -0.20898,-0.0391 0.0996,-0.58008 -0.13086,-0.0215 -0.10938,0.53906 -0.38086,-0.0703 0.0117,-0.1582 -0.0801,0.1582 -0.20117,-0.0488 -0.0391,0.18946 h -0.14062 l -0.16993,-0.0801 -0.11914,-0.10938 -0.10156,-0.0508 -0.16016,-0.0977 -0.1582,-0.3125 -0.12109,-0.41992 -0.16992,-0.16015 -0.39063,-0.37891 -0.23828,-0.17969 -0.16016,-0.0898 -0.14062,-0.0703 h -0.17969 l -0.16992,-0.0586 -0.28125,-0.14258 -0.22852,-0.1875 -0.0703,-0.11132 v -0.0703 l -0.19141,0.0195 0.0215,-0.0801 -0.24024,-0.33985 -0.13085,-0.18945 -0.0899,-0.17969 -0.11133,-0.21093 -0.0781,-0.18946 -0.34961,-0.0996 -0.33008,-0.21093 -0.42969,-0.35938 -0.4707,-0.49023 -0.36914,-0.61914 -0.18164,-0.36915 -0.33008,-0.57226 -0.21875,-0.5 -0.13086,-0.45898 -0.0605,-0.48047 0.0117,-0.40821 0.0684,-0.20117 -0.0391,-0.25 -0.0605,-0.32031 0.0508,-0.33984 0.0605,-0.21876 -0.0312,-0.35156 -0.16992,-0.35937 -0.14063,-0.25 -0.10937,-0.36133 -0.0488,-0.36914 0.0488,-0.20117 0.0195,-0.26953 -0.12891,-0.20899 -0.16015,-0.18164 -0.0703,-0.0684 -0.0508,-0.23047 -0.0684,-0.20117 -0.12109,-0.19727 -0.16015,-0.1914 -0.24024,-0.30078 -0.11914,-0.0801 -0.16992,-0.0977 -0.18946,-0.0801 -0.27148,-0.0215 -0.13867,0.0215 -0.11133,0.008 -0.16016,0.0723 -0.28906,0.1875 -0.21094,0.1211 -0.21875,0.0801 -0.17968,0.0488 -0.3711,-0.19922 -0.20898,-0.14062 -0.28125,-0.0586 -0.25977,-0.0391 -0.17968,-0.0625 -0.23047,-0.0293 -0.17969,0.11914 -0.12891,0.11133 -0.21093,0.16992 -0.24024,0.19922 -0.20898,0.13086 -0.3711,0.13867 -0.36914,0.0508 -0.33984,0.0391 -0.27149,0.0527 -0.16992,0.0176 -0.29883,-0.0176 -0.32031,0.008 h -0.30078 -0.0684 l -0.041,0.14062 -0.0391,0.11914 -0.0898,0.0508 -0.0703,0.1504 -0.25,0.0586 -0.24024,0.10156 -0.16211,0.12891 -0.0488,0.0801 -0.16016,0.12109 -0.24024,0.0801 -0.17968,-0.0215 -0.5586,0.041 -0.58008,-0.25 v -0.17969 -0.19141 l -0.0801,-0.29882 -0.15235,-0.28125 -0.10742,-0.38867 h -0.0703 l -0.0996,0.0488 0.16992,0.42969 0.13867,0.16016 0.0195,0.0801 -0.0586,0.10157 -0.19141,0.0684 -0.17968,0.041 h -0.14844 l -0.10156,-0.16992 0.0312,-0.10937 0.0801,-0.0703 -0.0215,-0.12109 -0.31836,0.0801 0.0898,0.16015 0.0176,0.10938 -0.0684,0.10156 -0.13086,0.0801 h -0.1582 -0.15039 l -0.0703,-0.16016 -0.0508,-0.15039 -0.10938,-0.01 -0.17969,0.0586 -0.082,0.15039 -0.0586,0.28125 -0.0195,0.28906 -0.0195,0.13086 -0.16016,0.10938 -0.16016,0.0605 -0.23046,0.11914 -0.32032,0.20117 -0.53906,0.25 -0.25977,0.0684 -0.2207,-0.0195 -0.39062,-0.0801 -0.16016,-0.0195 -0.29883,-0.0996 -0.13086,-0.0801 -0.15039,0.0293 h -0.13867 -0.19141 -0.1289 l -0.15039,-0.0703 h -0.11914 l -0.10157,0.0703 -0.13867,-0.008 -0.20117,-0.0312 h -0.17969 l -0.11914,0.11914 -0.11133,0.16993 -0.13867,0.0605 -0.25,0.0801 -0.14062,0.0215 -0.0488,0.17774 -0.0606,0.0723 -0.13086,0.0391 -0.44922,0.0898 -0.28125,0.01 -0.32812,0.0488 -0.24024,0.0508 -0.29101,0.0195 -0.14063,-0.0391 -0.0898,-0.17969 v 0.17969 l -0.0586,0.0996 -0.1211,0.0899 -0.29883,0.15039 -0.0703,-0.0703 0.0293,-0.30079 0.0586,-0.27929 -0.27734,-0.21094 h -0.0801 l 0.01,0.0801 0.0801,0.0918 0.0801,0.0996 0.0391,0.11132 -0.0703,0.37891 h -0.19922 l -0.23046,-0.0117 -0.24024,0.0117 -0.20898,-0.0703 -0.0312,-0.13868 -0.0703,0.0684 -0.10937,0.0195 -0.33984,0.0195 -0.37891,-0.11914 -0.30078,-0.041 -0.18946,0.0527 -0.21093,-0.0117 -0.12891,-0.0898 -0.13086,0.0391 -0.14062,0.13086 -0.10938,-0.0195 -0.38086,0.01 -0.0898,-0.0703 -0.0996,0.0117 -0.39063,-0.1621 -0.36914,-0.19922 -0.25976,-0.16016 -0.17969,-0.25 -0.23047,-0.21094 -0.21094,-0.0898 -0.30078,-0.11914 -0.34765,-0.16992 v -0.0801 l -0.1211,-0.0898 -0.29883,-0.13086 -0.27148,-0.0801 -0.0996,-0.008 -0.11914,0.0879 -0.0801,-0.0195 -0.11133,-0.0684 -0.3789,-0.0723 -0.13086,-0.12891 -0.34961,-0.64062 -0.0801,-0.19922 -0.0606,-0.28125 -0.0293,-0.25 -0.0996,-0.24024 -0.15039,-0.11914 -0.11914,-0.15039 -0.01,-0.0703 -0.52148,-0.33008 -0.20899,-0.0586 -0.17969,-0.12109 -0.27148,-0.0996 -0.17969,-0.15039 -0.11914,-0.0879 -0.0996,-0.15234 -0.24023,-0.18945 -0.14063,-0.0703 -0.0801,-0.11914 -0.0899,-0.01 -0.17969,0.041 -0.16015,0.0488 -0.38086,0.0996 -0.29883,0.01 -0.41016,-0.0781 -0.31054,-0.15234 -0.31055,-0.16992 -0.25976,-0.11914 -0.22852,-0.16016 -0.19141,-0.29102 -0.15039,-0.25976 -0.0996,-0.16992 -0.11914,-0.0606 h -0.12109 l -0.2793,-0.0781 -0.15039,-0.0508 -0.19922,0.0391 h -0.21093 l -0.21876,-0.0586 -0.2207,-0.0605 -0.11914,-0.041 -0.13086,-0.11719 z m 83.84765,13.58008 -0.20898,0.16015 0.041,1.19141 0.26954,0.91797 0.0293,0.49023 -0.29883,0.32031 -0.64062,0.53907 -0.70899,0.37109 -0.38085,0.25977 -0.0508,0.43945 -0.14843,0.14062 h -0.19141 l -0.21875,0.27149 0.26953,0.50781 0.35938,0.92969 -0.0195,0.5625 -0.0195,0.60742 -0.25,0.95117 -0.33984,0.66016 -0.33984,0.44922 -0.35157,0.2207 -0.3789,0.16992 -0.24024,0.25 -0.45898,0.91992 -0.20117,0.75 0.14062,0.49024 0.68946,0.36914 0.56054,0.26953 0.38867,0.0215 0.31055,0.18946 0.41992,0.81054 0.32032,1 0.39062,0.16016 0.49023,-0.11133 0.0899,-0.0801 0.41015,-0.38868 0.41016,-0.62109 0.4082,-0.39063 0.19922,-0.3496 0.082,-0.33985 0.16797,-0.11914 0.39258,-0.0996 -0.0312,-0.58008 1.01953,-0.54101 0.47071,0.082 h 0.4707 l 0.44922,0.0879 0.4707,0.50977 0.28906,0.58984 0.31055,0.99023 -0.041,0.91016 0.1211,0.45117 0.15039,0.2793 0.2793,-0.39063 0.16992,-0.49023 -0.14063,-0.7793 -0.21875,-0.56054 0.16992,-0.5586 0.69922,-0.52148 0.79102,-0.1875 1.13867,-0.65235 0.32031,-0.1289 h 0.3711 l 0.51953,0.0312 0.0605,-0.28125 0.7793,-0.28125 0.2207,-0.60938 0.2793,-0.7793 0.48047,-0.52148 0.71875,-0.28906 0.68164,-0.14063 0.58008,-0.0976 h 0.38867 l 0.56055,0.0176 0.44922,-0.0176 0.16015,-0.24219 -0.18945,-0.68945 -0.24023,-0.55078 -0.48047,-0.8086 -0.22852,-0.20117 0.1582,-0.75 -0.19921,-0.60938 -0.39063,-0.39062 -0.51953,-0.19922 -0.65039,-0.0898 h -1.25 l -0.99024,-0.0488 H 259.868 l -0.21875,0.11914 -0.83008,-0.26172 -0.54101,-0.33008 -0.67969,-0.33008 -0.33008,-0.51953 -0.16992,-0.0898 -0.0996,0.41992 0.13867,0.48047 -0.33984,0.0996 -0.0996,0.20117 -0.84961,0.21875 -0.58985,0.0723 -0.53125,0.0273 -0.43945,0.0703 -0.67969,-0.1289 -0.50976,-0.33008 -0.56055,-0.49024 -0.43945,-0.85937 -0.50977,-0.89063 -0.25976,-0.37109 0.0586,-0.46875 -0.21875,-0.30859 z m 39.07227,15.9707 -0.16016,0.2793 -0.0801,0.40039 0.0996,0.53906 0.0801,0.84961 0.0391,0.68164 -0.0195,0.67969 -0.36914,0.22851 -0.56054,0.22266 -0.41016,-0.082 -0.21875,-0.24024 -0.3418,-0.21875 -0.25976,0.0586 -0.2793,-0.12891 -0.43945,-0.16992 -0.1211,0.30859 -0.42968,0.0801 -0.35938,0.26172 -0.0996,0.17969 0.16992,0.46875 0.34961,0.13086 0.58789,0.29882 0.64258,0.0703 0.18945,0.41015 0.39063,-0.0391 0.4082,-0.34961 0.0801,-0.20898 0.60156,0.16992 0.22852,0.33789 0.0215,0.64062 0.13868,0.12891 h 0.29101 l 0.37891,-0.59961 -0.21875,-0.33984 0.10937,-0.12891 0.2793,-1.07031 -0.0293,-0.67969 -0.0996,-0.36133 0.15039,-0.19922 -0.15039,-0.16992 0.12891,-0.58008 0.10156,-0.49023 -0.16016,-0.26953 -0.14062,0.0312 0.14062,-0.5 -0.14062,-0.41211 -0.18945,0.13086 z m -46.33008,0.51953 0.0488,0.74023 0.39062,0.47852 0.58008,0.58984 0.15039,0.63282 -0.29101,0.6289 -0.29883,0.34961 -0.39063,0.19141 0.68946,0.23828 0.1914,0.64062 0.0996,1.06836 0.18946,0.58008 0.58984,0.20117 0.78125,-0.0996 v -0.9707 l 0.48828,-0.92969 0.73047,-0.78125 v -0.57812 l 0.0996,-0.98047 -0.20899,-0.38867 -0.38085,0.58789 -0.53907,0.0898 h -0.73047 l -0.33984,-0.53906 -0.7793,-0.38086 -0.49023,-0.49023 -0.39063,-0.58008 z m 43.83008,5.28906 -0.34961,0.29102 -0.56055,0.38867 0.51953,0.0215 h 0.41016 l 0.19922,0.16993 0.16992,-0.19141 0.12109,-0.43945 -0.18945,-0.18946 z m -1.33008,0.73047 -0.25,0.0293 -0.13086,0.16992 v 0.19141 l 0.34961,-0.0488 0.28906,-0.3418 z"
   data-name="St. John's Rural North" /><path
   id="St.-John's-City-South"
   style="opacity:1;fill:#530a09;stroke:#ffffff;stroke-width:0.5;stroke-miterlimit:4;stroke-dasharray:none;stroke-opacity:1;fill-opacity:1"
   d="m 150.41867,197.76224 -2.32227,30.5254 1.86133,0.69726 h 2.79102 c 0,0 -0.23333,-2.55728 -0.34961,-3.13867 -0.0291,-0.14535 0.0512,-0.39276 0.1875,-0.68164 0.13626,-0.28888 0.32917,-0.61914 0.52539,-0.93164 0.39244,-0.625 0.79883,-1.17774 0.79883,-1.17774 l 3.13867,-4.07031 c 0,0 0.0873,-0.55187 0.13086,-1.1914 0.0218,-0.31977 0.0339,-0.66157 0.0176,-0.9668 -0.0163,-0.30523 -0.0612,-0.57363 -0.14844,-0.74805 -0.17442,-0.34884 -0.63949,-0.93118 -1.11914,-1.49805 -0.47965,-0.56686 -0.97252,-1.11946 -1.20508,-1.41015 -0.11628,-0.14535 -0.19731,-0.31105 -0.25,-0.5 -0.0527,-0.18896 -0.0767,-0.40026 -0.084,-0.63281 -0.0145,-0.46512 0.0434,-1.01867 0.10156,-1.65821 0.0291,-0.31977 0.18,-0.74764 0.39258,-1.21093 0.21257,-0.4633 0.48696,-0.96208 0.75586,-1.41993 0.53779,-0.91569 1.06054,-1.66992 1.06054,-1.66992 l 6.85938,5.69727 1.51172,-0.81446 2.32617,-2.32617 v -1.62695 l -0.58203,-1.62891 c 0,0 -0.40598,-0.17324 -0.8711,-0.34765 -0.46511,-0.17442 -0.98814,-0.34961 -1.2207,-0.34961 -0.46512,0 -2.55832,0.34961 -3.02344,0.34961 -0.46512,0 -2.55859,-0.23243 -2.55859,-0.23243 l -3.37305,-3.60546 -2.83203,-1.68165 -0.30078,0.17969 -0.33984,-0.49023 -0.44922,-0.5 -0.56055,-0.58985 -0.50976,-0.28125 z"
   data-name="St. John's City South" /><path
   id="St.-John's-City-East"
   style="opacity:1;fill:#b11811;stroke:#ffffff;stroke-width:0.5;stroke-miterlimit:4;stroke-dasharray:none;stroke-opacity:1;fill-opacity:1"
   d="m 153.06906,194.50053 4.79492,0.18164 c 0,0 0.0884,-0.20322 0.14649,-0.46485 0.0581,-0.26163 0.087,-0.5819 -0.0293,-0.81445 -0.0581,-0.11628 -0.0447,-0.23278 0.01,-0.3418 0.0545,-0.10901 0.15021,-0.20966 0.25195,-0.29687 0.20349,-0.17442 0.43555,-0.29102 0.43555,-0.29102 l 1.62695,0.23242 1.51172,0.11719 -0.18945,-22.68359 -0.9961,-0.125 -2.48828,-0.7461 -1.86719,-1.36914 c 0,0 -2.36532,0.99516 -2.86328,1.24414 -0.12449,0.0623 -0.21904,0.21761 -0.28906,0.41602 -0.07,0.19841 -0.11536,0.44041 -0.14649,0.67383 -0.0622,0.46684 -0.0625,0.90234 -0.0625,0.90234 l 1.49414,1.49414 -0.49804,1.36914 -1.2461,1.36914 -0.0703,2.38282 z"
   data-name="St. John's City East" /><path
   id="St.-John's-City-West"
   style="opacity:1;fill:#3c0706;stroke:#ffffff;stroke-width:0.5;stroke-miterlimit:4;stroke-dasharray:none;stroke-opacity:1;fill-opacity:1"
   d="m 151.13742,194.49076 1.93164,0.01 -0.47461,-16.75 -0.88086,0.17578 -4.04883,-0.17578 c 0,0 -3.346,-0.17551 -4.40234,-0.35157 -0.52817,-0.088 -0.74711,-0.0885 -1.0332,0.0215 -0.28609,0.11003 -0.63939,0.32953 -1.43164,0.68164 -0.39613,0.17606 -0.94769,0.26386 -1.55274,0.29687 -0.60504,0.033 -1.26243,0.0108 -1.87109,-0.0332 -1.21733,-0.088 -2.23633,-0.26367 -2.23633,-0.26367 l -0.53906,0.69922 -0.65039,0.74023 -0.62891,0.5 -0.53125,0.53906 -0.48047,0.60157 -0.6582,0.80859 -0.28125,0.30078 -0.19141,0.0606 -0.21875,-0.041 -0.0996,0.0801 0.0605,0.16016 0.37891,0.35937 0.0312,0.27149 0.01,0.33007 -0.041,0.17969 -0.14844,0.16016 0.0781,0.34961 0.14063,0.16015 0.25,0.0606 0.28125,-0.16016 0.37891,-0.18164 0.50976,-0.27929 0.28125,-0.39063 0.12891,-0.31836 -0.0606,-0.35156 0.27148,-0.30859 0.5293,-0.41016 0.53906,-0.23047 0.44922,-0.17969 0.65235,-0.0898 0.82031,0.0703 0.57812,0.17969 0.46094,0.17969 0.76953,0.4707 0.6211,0.42969 0.42968,0.13867 0.68946,0.20117 0.47851,-0.0195 0.83203,0.59961 0.29883,0.0293 0.5918,0.041 0.41992,0.01 0.25977,0.15039 0.25,0.26953 0.36914,-0.01 0.39062,-0.1914 0.28907,-0.14844 0.39062,0.13867 0.2207,0.01 0.23828,0.13086 0.33008,0.4707 0.27149,0.73828 0.0703,0.85156 -0.0703,0.70899 -0.10157,0.26953 -0.0684,0.25 -0.30078,0.33008 -0.18945,0.43164 -0.28125,0.23828 -0.25,0.0117 -0.33008,0.23828 h -0.31836 l -0.27148,-0.0195 -0.0801,-0.0703 h -0.25976 l -0.0586,-0.0996 -0.26172,0.0293 -0.39844,-0.3789 -0.58984,-0.0606 -0.36133,-0.26953 -0.20898,-0.16992 -0.58985,0.0898 -0.2207,-0.14062 -0.2793,-0.0703 -0.39062,0.0527 -0.41016,0.0176 -0.4707,0.0215 -0.29883,0.0293 -0.17969,0.56054 -0.0312,0.29883 -0.12891,0.44141 0.01,0.28906 v 0.25 l -0.0312,0.16016 3.88086,0.83984 0.11914,-0.34961 0.31055,0.0996 0.0195,-0.0703 0.5918,0.14062 0.51953,0.21875 0.21875,0.0527 h 0.44141 l 0.19922,-0.36133 0.10937,-0.26953 0.18164,-0.10156 h 0.18945 l 0.33985,-0.0293 0.31054,0.0117 -0.0215,0.10742 -0.28906,-0.0391 -0.17969,0.0293 -0.11133,0.20117 -0.0586,0.38867 0.0293,0.4707 0.0996,0.13086 0.17968,0.0488 0.43164,0.0996 0.14844,-0.61914 0.19141,0.0195 -0.01,0.28125 0.0684,0.22852 0.0508,0.24023 0.18946,0.0605 0.01,-0.10938 0.44141,0.01 0.0391,-0.23047 0.33984,-0.01 -0.0703,0.37891 0.27148,0.0703 0.0996,-0.35937 0.25,0.0293 -0.0605,0.51953 0.57031,0.0527 -0.01,0.19726 0.33985,0.041 0.24023,0.0801 -0.0195,0.16015 0.0293,0.24024 0.16015,0.0996 0.25,0.0898 0.44922,0.16016 -0.0703,0.19922 0.24024,0.15039 0.25976,0.041 h 0.30078 l 0.25977,-0.0312 0.46093,0.1211 -0.0215,0.59961 -0.0898,0.01 -0.01,0.44922 z"
   data-name="St. John's City West" />
<g
   style="fill:#808080"
   transform="matrix(0.43553923,0,0,0.4355385,25.280223,6.1103138)">
  <polygon
     fill="#fdfcea"
     points="620,34.8 619.8,35.21 619.679,35.69 619.48,36 619.21,36.47 619.11,36.76 619.19,37.52 619.65,37.59 619.929,37.36 620.23,37.18 620.639,37.27 621.2,37.28 621.3,36.95 621.59,36.91 621.95,37.26 621.769,37.82 621.46,38.12 621.05,38.87 620.65,40.04 620.38,41.32 621.09,41.17 621.62,41.07 621.73,40.36 621.7,39.58 621.84,38.69 622.41,38.23 623.25,39.29 623.179,40.32 623.36,40.86 623.36,41.6 623.59,42.16 624.099,42.38 624.599,42.13 624.88,41.71 624.91,41.17 624.5,40.86 624.599,39.65 625.11,39.61 625.349,40.11 626.019,40.61 626.87,40.86 627.07,40.36 626.769,39.54 626.84,38.2 627.17,37.2 627.679,36.77 628.11,35.85 627.73,35.21 627.48,34.81 627.48,34.34 627.91,33.82 628.78,33.42 629.25,33.04 629.639,33.1 629.8,33.71 630,34.95 629.61,35.76 629.33,36.31 629.08,36.77 628.84,37.01 628.7,37.61 628.37,37.87 628.07,38.08 627.929,39.75 627.679,39.9 627.59,40.62 627.929,40.71 627.519,42.04 626.49,42.12 626.33,42.94 625.73,43.8 624.95,44.15 624.29,44.58 623.49,44.84 622.75,44.67 621.67,43.28 621.04,42.79 620.05,42.88 619.44,43.11 618.51,43.46 618.01,43.89 618.2,44.44 615.83,45.56 615.4,44.81 614.019,44.52 613.76,44.89 613.48,44.54 612.78,44.19 612.139,44.25 611.78,44.45 611.41,44.25 610.519,44.38 610.49,45.34 610.679,45.6 610.55,46.08 610.469,46.46 610.44,47.48 610.769,48.06 610.98,48.54 611.07,48.92 610.87,49.14 610.849,49.58 610.98,49.87 610.96,50.44 610.79,50.7 610.67,50.89 610.62,50.97 610.4,51.12 610.34,52.16 609.91,52.63 609.26,53.35 609.04,53.92 609.11,55.55 609.41,56.52 610.08,58.52 610.92,60.07 611.519,61.04 612.07,61.43 612.26,62.21 610.65,62.46 609.53,61.78 609.469,61.26 609.25,60.77 609.16,60.06 608.8,59.96 608.639,59.6 608.36,59.09 608.21,58.63 608.639,58.34 608.8,57.78 608.36,57.72 608.45,57 608.45,56.09 607.769,56.09 607.15,56.16 607.4,55.9 607.679,55.41 607.84,54.7 607.82,53.95 607.8,53.43 608.139,52.58 609.219,51.34 609.61,50.89 609.69,50.79 609.75,49.75 609.59,48.7 608.05,48.57 607.45,47.37 606.389,47.11 605.2,46.38 604.21,46.12 602.19,46.25 601.519,46.66 600.21,49.07 598.95,50.89 598.83,51.07 597.719,52.52 597.59,53.43 597.19,53.95 596.91,54.31 596.519,54.55 596.139,55.32 595.04,56.52 594.78,57.42 594.48,58.25 593.92,58.46 593.73,59.27 592.41,60.82 591.37,62.04 590.059,62.93 588.559,63.93 587.79,64.12 586.7,64.88 586.04,65.34 585.83,65.72 585.01,66.04 584.679,66.55 583.769,67.57 583.46,67.81 582.99,67.93 582.86,68.85 582.7,69.29 583.23,69.91 583.41,70.48 584.07,71.06 584.49,71.49 584.79,71.62 585.11,71.93 585.44,72.57 586.05,72.78 587.219,73.63 588.7,74.7 590.8,76.22 591.59,77.07 592.969,77.95 595.139,79.79 596.88,81.32 597.269,81.68 598.25,82.27 599.33,83.43 601.78,86.5 602.969,88.18 603.07,88.54 603.769,89.37 604.679,91.53 605.59,93.62 606.24,95.6 606.66,97.32 606.61,97.76 606.96,97.93 607.58,99.64 607.51,101.98 607.61,102.59 608,104.35 608.05,105.75 608.719,106.77 609.849,108.07 611.34,109.39 613.37,111.27 614.75,112.49 615.48,113.34 616.59,114.36 617.519,115.81 617.929,117.16 618.62,118.55 619.38,120.66 620.08,123.35 620.54,125.96 620.8,128.95 621.099,130.64 621.23,132.26 621.349,135.71 621.83,139.27 621.969,140 621.769,140.63 622.17,141.75 622.82,144.51 623.66,147.2 624.05,149.17 624.36,150.05 624.44,150.99 624.29,152.54 624.08,154.98 623.66,158.13 623.13,161.12 622.62,163.29 622.3,164.41 621.929,165.46 621.73,166.55 621.51,168.98 621.92,170.95 621.46,173.1 620.91,174.83 620.219,177.15 619.929,177.97 619.21,180.25 618.16,182.52 616.55,185.28 614.88,189.95 613.809,193.59 613.16,196.16 612.84,198.09 612.55,199.79 612.46,201.54 612.36,202.91 612.48,204.15 612.519,205.06 613.519,206.45 614.57,207.28 615.429,207.71 616.44,207.72 617.48,207.81 618.71,207.29 620.03,206.3 621.3,205.46 624.11,203.76 627.25,201.42 632.21,198.27 637.179,195.88 640.769,193.97 643.48,193.29 645.38,192.92 647.88,192.89 650.599,193.34 652.87,193.57 653.9,193.78 655.88,193.78 656.94,193.8 657.7,194.82 657.469,195.34 656.48,195.42 656.67,196.36 657.23,196.15 657.98,195.32 659.67,195.36 661.2,197.17 662.45,197.67 663.66,198.44 664.69,198.5 665.48,199.54 666.05,199.98 667.599,201.54 668.73,202.24 668.769,202.66 670.46,202.89 672.32,203.99 672.719,204.57 673.51,204.74 675.469,206.01 676.94,206.63 678.37,207.71 679.71,209.19 680.969,210.79 681.96,212.51 682.69,213.39 683.46,214.13 684.219,214.49 685.38,215.1 686.519,215.3 688.04,216.34 689.219,217.24 691.889,217.26 694.25,216.91 696.769,216.84 697.86,217.2 700.04,218.26 703.429,220 705.21,221.45 707.559,223.14 709.61,225.02 712.019,227.32 713.559,229.55 715.74,233.25 716.79,235.19 717.82,237.2 718.98,240.12 719.769,242.55 720.13,244.73 720.09,246.7 719.98,247.5 719.7,248.46 719.639,249.37 719.54,249.93 719.559,251.03 719.969,250.93 721.059,249.52 722.219,247.86 722.75,247.09 723.29,246.82 723.67,245.61 724.24,243.69 724.79,242.66 725.11,242.19 725.639,241.7 726.179,241.25 727.29,240.62 728.29,239.74 729.73,238.88 731.139,239.21 733.5,239.47 736.099,239.69 737.42,239.85 738.54,239.87 739.5,239.94 740.44,239.93 741.12,239.95 741.7,240.41 743.11,240.54 744.3,240.88 744.769,241.98 746.099,241.96 748.25,243.2 750.349,244.32 751.62,245.1 753.44,246.91 754.5,248.56 754.92,249.11 755.24,249.77 755.54,250.67 755.91,251.06 756.63,251.15 757.55,251.73 758.12,251.32 758.53,250.73 758.84,250.15 758.849,249.34 757.969,248.52 756.83,248.52 756.69,247.73 756.37,247.4 755.96,247.03 755.65,246.73 755.01,246.61 755.219,246.09 754.91,245.47 754.309,245.17 754.28,244.62 754.26,244.03 754.059,243.38 753.62,242.53 753.78,241.71 753.7,241.04 754.389,240.84 754.16,239.82 754.25,238.88 754.21,237.88 754.84,237.21 755.17,236.62 754.37,236.05 753.63,235.73 752.92,235.02 751.91,233.91 751.429,232.45 751.05,230.8 750.94,229.58 750.889,227.98 751.8,226.22 752.99,224.93 753.58,224.09 753.95,223.68 754.03,222.29 754.29,221.62 754.63,220.95 754.71,220.23 754.84,219.4 754.74,218.59 754.389,217.91 754.15,217.34 753.79,216.9 753.62,216.27 753.62,214.52 753.36,212.83 753.09,210.9 752.67,209.74 752.55,208.09 752.389,206.43 752.69,205.43 753.559,204.63 754.33,204.24 755,203.57 755.59,202.97 756.219,202.3 756.21,200.95 755.849,200.16 755.86,199.38 755.849,198.45 756.099,197.91 756.429,197.3 756.67,196.89 756.74,196.08 757.04,195.56 757.63,194.91 758.03,194.06 758.74,193.61 758.88,193.09 758.98,192.73 758.66,192.3 758.49,191.16 758.57,190.66 758.4,190.14 758.62,189.74 758.54,188.71 759.139,188.02 759.66,187.23 759.86,186.46 759.41,185.43 759.09,184.69 758.91,183.73 758.95,182.66 759.09,181.3 759.09,180.06 759.07,179.61 759.36,179.28 759.33,178.95 759.19,178.73 759.2,177.56 758.96,177.44 759.019,176.25 758.29,174.98 757.75,174.9 757.45,174.39 756.969,174.1 756.55,173.36 756.25,172.45 756.24,171.42 755.96,170.98 756.24,170.86 756.139,170.44 756.12,168.88 756.29,168.39 756.219,166.11 756.07,165.59 756.09,164.08 755.88,162.93 755.599,161.8 755.34,161.11 755.09,160.18 754.67,159.12 754.33,158.45 753.91,157.95 753.44,157.17 753.08,156.36 752.84,155.02 752.76,152.8 752.929,152.57 752.87,151.62 752.389,151.29 752.019,150.81 751.76,150.07 751.599,149.48 751.429,148.74 752.429,148.4 752.3,147.87 751.95,147.34 751.349,147.27 751.25,146.71 751.099,145.66 750.63,143.88 749.73,143.2 749.75,141.83 749.32,140.78 749.54,140.02 749.269,139.29 748.679,138.49 748.24,137.39 747.179,135.52 745.73,133.11 744.769,130.21 743.33,129.25 742.62,127.53 741.9,126.72 741.49,125.94 740.88,125.47 740.26,124.33 739.429,122.67 739.07,121.9 737.78,121.02 737.139,120.48 736.63,119.64 736.11,118.96 735.25,118.38 734.54,117.6 733.63,116.7 733,115.76 731.88,114.95 730.48,113.94 728.769,112.09 727.88,111.06 727.32,111 726.28,109.34 725.73,108.66 725.23,107.65 724.59,106.29 724.13,105.21 723.12,104.63 722.21,104.25 721.66,104.18 721.269,104.39 720.37,104.29 719.82,103.76 718.65,102.78 716.83,101.46 714.53,99.66 713.54,98.75 713.29,98.04 712.73,97.3 712.69,96.41 712.76,95.73 711.75,94.8 710.7,93.7 709.95,93.39 709.17,92.59 708.62,92.04 707.36,91.23 706.71,90.53 706.429,89.72 705.13,87.68 704.4,86.27 704.33,85.42 703.95,84.49 703.099,84.18 702.76,83.7 702.17,82.54 702.07,81.62 701.59,80.55 700.59,79.3 699.32,78.18 697.69,77.2 697.37,76.66 696.76,76.6 695.63,75.16 694.8,73.26 694.65,72.82 693.59,72.11 692.94,71.69 692.48,71 692.139,70.29 691.88,69.52 691.59,69.1 691.78,68.68 691.389,68.12 690.63,67.32 690.139,67.11 689.82,66.46 689.28,65.96 688.91,65.47 688.48,65.3 687.73,64.97 686.87,64.26 685.929,64.68 684.19,64.66 683.519,64.82 682.8,64.86 682.12,64.51 681.309,64.67 680.38,64.85 679.58,64.84 678.98,64.91 678.51,65.75 677.61,67.13 677.139,67.75 676.269,67.48 675.32,67.89 674.58,67.5 674.019,66.77 673.08,66.21 671.98,64.77 670.88,63.53 670.179,62.31 669.429,61.2 668.7,60.91 667.49,60.24 665.929,60.51 664.889,60.64 663.99,60.78 663.42,60.79 662.92,61.05 662.12,61.53 661.84,61.71 661.179,61.8 660.389,61.87 660.219,62.17 659.36,62.51 658.88,63.05 657.48,63.18 656.74,62.51 656.15,62.37 655.719,61.65 655.25,61.12 654.87,60.74 654.79,60.28 654.469,59.77 654.179,59.37 653.87,58.81 653.58,58.21 653.34,57.59 652.889,56.71 652.21,56.55 650.92,55.58 650.519,54.44 650.48,53.95 650.46,53.68 649.84,52.71 649.26,51.87 648.88,50.99 648.83,50.89 648.46,50.05 647.62,49.16 647,48.05 646.139,46.97 645.58,46.45 644.269,44.92 642.48,43.25 641.75,42.27 640.34,40.48 639.69,39.23 639.309,38.48 638.24,37.93 637.139,37.14 636.84,36.25 636.12,35.7 635.25,34.87 635.04,34.18 634.24,33.12 633.3,32.2 631.48,30.81 630.45,30.78 630.19,31.16 629.389,31.11 628.429,31.05 627.7,30.95 627.12,31.02 626.679,31.34 626.269,31.85 625.95,32.09 625.03,32.14 624.65,32.35 623.94,32.55 622.92,32.75 622.139,33.06 621.2,33.62 621.019,33.96 620.57,34.38 "
     id="Barbuda"
   data-name="Barbuda"                     
     style="fill:#c59f02;fill-opacity:1" /></g>
</svg>
