<svg
   width="695.17059"
   height="1072.0646"
   viewBox="0 0 183.93056 283.65042"
   xmlns:inkscape="http://www.inkscape.org/namespaces/inkscape"
   xmlns:sodipodi="http://sodipodi.sourceforge.net/DTD/sodipodi-0.dtd"
   xmlns="http://www.w3.org/2000/svg"
   xmlns:svg="http://www.w3.org/2000/svg"
   xmlns:rdf="http://www.w3.org/1999/02/22-rdf-syntax-ns#"
   xmlns:cc="http://creativecommons.org/ns#"
   xmlns:dc="http://purl.org/dc/elements/1.1/">
  <defs
     id="defs3159">
  </defs>
  <sodipodi:namedview
     id="base"
     pagecolor="#ffffff"
     bordercolor="#666666"
     borderopacity="1.0"
     inkscape:pageopacity="0.0"
     inkscape:pageshadow="2"
     inkscape:zoom="1.2427069"
     inkscape:cx="329.92494"
     inkscape:cy="703.70576"
     inkscape:document-units="mm"
     inkscape:current-layer="g3269"
     inkscape:document-rotation="0"
     showgrid="false"
     fit-margin-top="20"
     lock-margins="true"
     fit-margin-left="20"
     fit-margin-right="20"
     fit-margin-bottom="20"
     units="px"
     inkscape:window-width="2560"
     inkscape:window-height="1334"
     inkscape:window-x="-11"
     inkscape:window-y="-11"
     inkscape:window-maximized="1"
     inkscape:object-paths="false"
     inkscape:snap-bbox="true"
     inkscape:bbox-paths="true"
     inkscape:snap-bbox-edge-midpoints="true"
     inkscape:snap-smooth-nodes="false"
     inkscape:snap-nodes="false"
     inkscape:snap-global="true"
     inkscape:showpageshadow="2"
     inkscape:pagecheckerboard="0"
     inkscape:deskcolor="#d1d1d1"
     showguides="true" />
  <metadata
     id="metadata3162">
    <rdf:RDF>
      <cc:Work
         rdf:about="">
        <dc:format>image/svg+xml</dc:format>
        <dc:type
           rdf:resource="http://purl.org/dc/dcmitype/StillImage" />
      </cc:Work>
    </rdf:RDF>
  </metadata>
  <g
     inkscape:label="Capa 1"
     inkscape:groupmode="layer"
     id="layer1"
     transform="translate(-94.613118,3.6042226)">
    <g
       id="g6174"
       transform="matrix(0.26458333,0,0,0.26458333,683.3482,-224.00582)">
      <g
         id="g7440"
         transform="translate(-1695.5639,1040.6643)">
        <g
           id="g5624"
           transform="translate(393.84281,-136.68172)">
          <g
             id="Region_Biobio-3"
             style="fill:#e6e6e6;fill-opacity:1;stroke:#000000;stroke-width:0.5;stroke-miterlimit:4;stroke-dasharray:none;stroke-opacity:1"
             transform="translate(-1390.6143,-1035.5708)">
            <g
               id="Provincia_Nuble-6"
               style="fill:#e6e6e6;fill-opacity:1;stroke:#000000;stroke-width:0.5;stroke-miterlimit:4;stroke-dasharray:none;stroke-opacity:1" />
            <g
               id="Provincia_Arauco-5"
               style="fill:#e6e6e6;fill-opacity:1;stroke:#000000;stroke-width:0.5;stroke-miterlimit:4;stroke-dasharray:none;stroke-opacity:1" />
            <g
               id="Provincia_Concepcion-0"
               style="fill:#e6e6e6;fill-opacity:1;stroke:#000000;stroke-width:0.5;stroke-miterlimit:4;stroke-dasharray:none;stroke-opacity:1" />
            <g
               id="Provincia_Biobio-1"
               style="fill:#e6e6e6;fill-opacity:1;stroke:#000000;stroke-width:0.5;stroke-miterlimit:4;stroke-dasharray:none;stroke-opacity:1" />
          </g>
          <g
             id="g1674"
             style="fill:#bbaf1e;fill-opacity:1;stroke:none;stroke-width:0.175616;stroke-miterlimit:4;stroke-dasharray:none"
             transform="translate(-2237.076,-70.945606)" />
          <g
             id="g1688"
             style="fill:#67c51e;fill-opacity:1;stroke:none;stroke-width:0.175616;stroke-miterlimit:4;stroke-dasharray:none"
             transform="translate(-2237.076,-70.945606)" />
          <g
             id="g1698"
             style="fill:#67c51e;fill-opacity:1;stroke:none;stroke-width:0.175616;stroke-miterlimit:4;stroke-dasharray:none"
             transform="translate(-2237.076,-70.945606)" />
          <g
             id="g1710"
             style="fill:#67c51e;fill-opacity:1;stroke:none;stroke-width:0.175616;stroke-miterlimit:4;stroke-dasharray:none"
             transform="translate(-2237.076,-70.945606)" />
          <g
             id="g1726"
             style="fill:#67c51e;fill-opacity:1;stroke:none;stroke-width:0.175616;stroke-miterlimit:4;stroke-dasharray:none"
             transform="translate(-2237.076,-70.945606)" />
          <g
             id="g2086"
             style="fill:#a9b71f;fill-opacity:1;stroke:#000000;stroke-width:0.5;stroke-miterlimit:4;stroke-dasharray:none;stroke-opacity:1"
             transform="translate(-1844.238,-144.15632)" />
          <g
             id="g2010"
             style="fill:#3a881a;fill-opacity:1;stroke-width:0.175616;stroke-miterlimit:4;stroke-dasharray:none"
             transform="translate(-2580.6186,-68.757336)" />
          <g
             id="g1720-1"
             clip-path="none"
             transform="matrix(3.4011159,0,0,3.4011159,-4078.2756,-1908.9904)"
             style="fill:#e6e6e6;fill-opacity:1;stroke-width:0.147011;stroke-miterlimit:4;stroke-dasharray:none" />
          <path
             id="Córdoba"
             class="cls-7"
             d="m -533.91738,202.81905 -11.17596,0.0971 0.18482,-2.57758 -0.93378,-1.48817 -0.0971,-1.29366 1.03102,-1.98424 -0.18483,-1.69244 -6.4585,-3.37517 -0.37933,-1.29365 v -3.18061 c -5.58312,-0.46688 -11.1468,-0.96296 -16.48671,-1.69244 l -0.93378,-0.49607 -0.28195,-1.887 -2.34412,-0.39876 -1.5952,0.59332 -2.52894,-0.0971 -2.90829,-1.39093 -2.14958,-0.0971 -1.31312,0.59335 -1.49787,-1.48819 -3.92961,-0.99213 -10.01846,0.19448 -7.58682,1.08939 -2.43168,0.70032 0.56419,3.08334 1.86749,5.86521 -0.56415,2.97637 -5.90412,4.87306 -5.80682,1.08939 -10.21303,26.92346 0.93378,29.40377 5.62205,1.19639 4.77577,3.87121 2.99581,3.97822 1.49794,4.97031 4.67853,-0.49604 0.84622,0.59331 -0.0971,1.19642 0.18482,1.4882 0.84621,0.59328 0.3696,1.887 -1.03104,2.18849 -0.18482,2.48031 0.18482,3.37516 -0.74895,2.28575 -0.37933,2.5873 -0.74893,2.97638 v 2.38302 l -1.31313,1.98425 -1.96477,0.99214 1.03099,13.81188 c 0.65171,13.12129 1.31314,27.75026 1.96482,41.82476 15.64049,-0.58363 31.48525,-1.14776 44.95673,-1.98427 l -0.28196,-19.4728 12.92675,0.19448 17.42052,-30.29859 3.65722,-5.06764 4.77581,-4.76606 1.03105,-2.97636 0.36961,-2.38305 -1.12834,-3.87121 -1.11854,-5.36909 -0.84621,-3.37517 -1.59518,-3.27793 -2.34415,-4.17272 -1.96476,-3.27787 -1.68274,-2.2858 -0.36961,-2.08151 0.36961,-1.3909 2.06206,-2.87912 0.28196,-1.98425 -1.31311,-2.97637 -0.37933,-1.39091 0.56419,-2.68456 3.37513,-9.93096 4.9606,-15.60157 0.56415,-1.39092 -9.70721,-13.51038 z"
             style="font-weight:700;font-size:12px;font-family:Arial-BoldMT, Arial;fill:#7853ac;fill-opacity:1;stroke:#ffffff;stroke-width:0.797589px;stroke-linecap:round;stroke-linejoin:round" />
          <path
             id="Santa-Fe"
             class="cls-7"
             d="m -551.4935,330.03437 28.83962,0.0778 21.10693,-26.36902 c 1.68272,-2.06208 4.12409,-0.96296 6.23475,-0.2433 1.45906,0.93377 2.82078,1.34232 3.67671,-0.87538 l 3.91016,-5.41778 2.17877,-3.11252 -5.26214,-4.54234 -3.97822,-4.77581 -2.25661,-6.05973 -0.22345,-4.46452 c 0,0 -0.60305,-1.35204 -0.52525,-1.67302 0.0778,-0.32095 0.0778,-5.81655 0.0778,-5.81655 0,0 0,-2.22741 0.44747,-2.86935 0.44741,-0.64199 1.352,-4.77581 1.50761,-5.33999 0.14594,-0.5544 -0.67116,-4.37698 -0.67116,-4.37698 l 0.44745,-4.22138 6.68225,-6.69198 6.07914,-3.26817 3.7545,-5.09676 6.01111,-12.66419 5.78738,-10.8355 -0.14593,-4.38674 -0.90456,-6.61413 1.27421,-6.69194 0.14592,-3.50161 -1.57575,-2.94721 1.42986,-5.33994 0.90456,-8.20933 c 0,0 1.65357,-3.66694 1.87729,-4.06575 0.22345,-0.39881 4.80496,-2.70401 4.80496,-2.70401 l 3.7545,-4.22138 c 0,0 1.352,-3.34598 1.352,-4.77581 0,-1.42982 0.44741,-4.86336 0.52523,-5.57338 0.0778,-0.71977 1.27421,-2.86938 1.27421,-2.86938 l 0.14594,-7.48956 1.06023,-4.80496 1.64377,-3.31679 1.87726,-1.82866 0.90457,-0.87538 v -0.47659 l -74.95382,-0.47663 -0.97267,9.80449 -1.42983,10.83555 -1.57572,9.88231 -3.45299,23.49965 -3.89065,18.87949 9.29869,12.90733 -0.67115,2.31494 -7.96612,24.93922 c -0.59335,2.02316 -0.62253,4.03659 0.37933,6.05972 1.12828,1.94534 -0.13655,3.12226 -0.90459,4.46456 -1.08939,1.42981 -1.36175,2.97638 -1.05049,4.62016 l 7.96617,12.58634 0.14593,1.91619 0.224,2.07176 0.82674,2.62621 c 0,0 0.52528,1.75079 0.60308,2.22738 0.0778,0.47663 1.05048,3.34599 1.05048,3.34599 l -0.0781,2.54839 -0.74898,2.39279 -0.52523,1.59517 -5.70958,5.57342 -2.8499,4.06572 -2.54841,4.86336 -4.8828,7.64515 -10.43669,18.15973 z"
             style="font-weight:700;font-size:12px;font-family:Arial-BoldMT, Arial;fill:#7853ac;fill-opacity:1;stroke:#ffffff;stroke-width:0.797589px;stroke-linecap:round;stroke-linejoin:round" />
          <path
             id="Chaco"
             class="cls-12"
             d="m -522.34263,130.29691 75.10948,0.49605 1.03101,-2.78183 0.0971,-4.17276 0.0971,-5.26214 -0.74895,-2.48029 c 0,0 1.03101,-3.97821 1.11858,-4.57155 0.0971,-0.59332 5.05786,-3.1806 5.05786,-3.1806 0.12634,-0.74898 0.25296,-1.78 0.37933,-2.78186 -0.73922,-2.34412 -0.49604,-3.20008 0.93378,-5.0676 1.09912,-0.758663 2.56784,-1.060203 2.24688,-3.579412 l 2.99581,-1.984241 -1.78,-2.383047 -1.87723,-2.188512 c -1.72163,-0.01103 -3.09307,-2.207933 -4.59101,-3.676677 0,0 -4.12409,-4.367287 -4.30891,-4.766066 -0.18483,-0.398807 -4.21165,-3.773973 -4.21165,-3.773973 l -5.90412,-2.081508 -2.52891,-0.496046 c -1.86753,-0.700318 -3.2098,-2.781825 -4.59101,-4.766065 -2.45113,-2.451129 -4.55208,-0.340436 -6.27371,-2.285779 0.19448,-1.050492 0.46689,-2.013426 0.18482,-3.579411 l -2.34415,-2.383047 -0.93371,-3.180632 -4.02686,-3.083365 -6.17646,-3.676679 -0.28196,-3.375165 -1.96482,-1.585435 -1.96476,-2.081506 -1.31311,-1.585461 -1.3131,0.09737 -1.12829,-3.277899 -4.77584,-3.375166 -7.48954,-3.871213 -2.14959,-3.472434 -4.02684,-2.383019 c -0.24331,-4.085222 -2.27605,-4.386735 -3.9296,-5.466411 h -2.90827 l -7.48955,-7.051845 c -3.47241,-0.107032 0.74898,-3.054179 -2.99581,-3.978218 0.13628,1.176944 -4.53263,-1.108835 -5.24269,-1.9842397 -1.60491,-1.3033696 -4.70772,-1.0310158 -7.20748,-1.3908989 l 0.18482,8.0439646 -29.12168,40.531101 45.98775,0.09738 0.18482,73.815795 z"
             style="font-weight:700;font-size:6px;font-family:Arial-BoldMT, Arial;fill:#6c4b9b;fill-opacity:1;stroke:#ffffff;stroke-width:0.797589px;stroke-linecap:round;stroke-linejoin:round" />
          <path
             id="Jujuy"
             class="cls-7"
             d="m -648.85761,-64.431321 c -2.06204,-1.196392 -4.1241,0.194479 -4.1241,0.194479 l -0.18482,5.262167 0.18482,2.587264 c 2.71373,1.974529 1.39091,3.141736 -1.3131,4.367314 l -2.52895,0.797558 c -1.72162,-0.145929 -2.43167,0.797613 -3.18061,1.692466 l -0.6517,1.886972 c 0.17516,2.470577 -0.82678,2.51921 -1.59518,3.2779 -1.57572,0.622499 -3.66696,0.875404 -3.84205,2.480286 l -1.49788,2.480314 -3.0931,2.587291 -2.43168,1.887 -1.49791,2.879092 1.96477,3.472434 c 2.60677,2.256566 4.12415,4.328363 3.74482,6.059697 l -0.37933,5.660946 -0.74899,5.563652 -2.24685,5.8651896 -1.40064,5.36914422 3.92958,1.69243828 3.27788,3.2778993 4.21164,3.1806321 2.34416,3.3751385 2.90825,1.089388 c 1.99401,-0.389069 3.99769,-0.291775 5.99164,-1.390899 l 1.59517,-1.390927 -0.0971,-2.587291 -0.56415,-2.6845859 -0.0971,-5.6609182 -0.56419,-4.9703377 -0.74892,-0.8948528 c -0.47662,-0.5933413 0.79759,-7.5770764 2.06204,-6.7600434 l 8.61785,5.2621393 -0.65171,3.2778995 -0.37933,4.87307047 1.3131,3.57941103 c 4.61043,0.087447 4.60072,2.8110112 6.27371,4.5715311 l 2.24688,4.4742916 2.3441,5.962458 c 2.91804,1.011568 5.78737,1.8286 8.80271,2.188484 l 3.1806,-0.09737 3.84203,3.083365 c 0.58363,0.90459 1.99396,0.875404 3.55997,0.992119 2.14958,-1.867525 1.57575,-4.464526 3.65725,-3.472405 5.16485,1.77023 4.97031,2.36357 6.45854,-1.488195 l 2.81098,0.09738 1.87724,-3.083365 c 2.3733,-0.719767 3.41408,-2.869355 4.87306,-4.571531 l 1.5952,-2.7818256 -0.28225,-19.5701014 -6.83784,-0.09738 -3.09307,3.2778995 c 0,0 -1.12834,-1.4881943 -1.40067,-1.9842403 -0.28196,-0.4960736 -1.40061,-1.4881932 -1.40061,-1.4881932 -1.4493,-1.264474 -3.2001,-1.118573 -5.15516,0 l -2.71374,-0.301512 -1.40064,-1.488194 -1.5952,-2.091244 -1.59517,-2.285752 -0.56415,-1.29366 -0.0971,-1.585461 c 2.44139,-3.491853 1.2061,-7.606235 -1.56602,-7.392252 -1.58539,0.116687 -2.59697,-0.330725 -3.20981,-2.139879 l -1.40061,-2.781853 -1.40064,-3.083337 c 0.54472,-0.700318 -0.29193,-1.390927 -1.21583,-2.081507 -1.63407,-1.945345 -0.4766,-2.626215 -0.56416,-3.871241 l 1.87726,-4.367286 0.46686,-3.871185 c 0.92407,-1.789733 3.46273,-3.433538 1.68272,-5.466411 l -2.62621,-0.0971 c -1.55627,-1.517379 -3.12226,-0.593313 -4.67854,-0.398807 l -1.3131,0.700319 -4.96057,-0.593314 -2.43168,-0.0971 c -1.57572,-3.336271 -3.88095,-3.063918 -6.17644,-2.781853 l -2.14961,-0.0971 c 0.0488,-3.073628 -1.75079,-4.775804 -4.02686,-6.156993 z"
             style="font-weight:700;font-size:12px;font-family:Arial-BoldMT, Arial;fill:#8664b4;fill-opacity:1;stroke:#ffffff;stroke-width:0.797589px;stroke-linecap:round;stroke-linejoin:round" />
          <path
             id="Salta"
             class="cls-12"
             d="m -706.27423,44.954975 1.68272,-1.789706 0.37931,-0.797585 -3.278,-4.075485 -2.52879,-4.571559 0.84633,-3.277872 4.96046,-5.369143 -0.37931,-2.879094 1.03089,-1.089387 5.15521,-3.083365 18.73365,-9.1430891 4.21168,-2.0815072 1.59515,-6.65303821 3.46272,0.70031844 3.55999,3.87121267 4.77577,3.8712126 1.77999,2.3830468 2.34413,1.692438 4.21168,-0.496046 4.30888,-2.1885122 -0.65165,-10.72852299 -0.84623,-5.75821271 c -0.83651,-2.6651105 -0.1462,-4.3478391 0.18483,-6.2639701 l 1.68273,-0.398806 c 2.99584,1.478456 5.30104,2.43168 7.30472,4.1727514 l 0.56416,3.0833653 -0.37936,5.46638382 0.37936,3.08336488 0.93374,0.7003184 c 1.81889,-0.369621 3.07363,-0.028965 3.65723,1.1963921 l 3.09311,4.7660654 3.37517,6.7600427 c 0.47659,1.984241 2.29548,3.190343 5.52475,3.579411 l 4.9606,0.593342 2.62622,0.496046 3.74476,3.277899 3.18063,0.593341 0.74895,-2.383046 1.21584,-1.488194 2.71374,0.301539 1.6827,1.29366 1.40066,0.09737 1.77997,-2.188512 2.90829,-1.089387 1.3131,-2.188512 1.77997,-0.992121 2.71377,-3.277899 2.62621,-3.3751662 -0.28225,-19.3755388 -2.24686,-0.496074 h -3.55993 l -1.31312,0.194479 -1.77999,2.684586 -1.31313,0.3015118 c 0,0 -1.12826,-2.1884843 -1.40061,-2.6845578 -0.28196,-0.496046 -2.34412,-1.390927 -2.34412,-1.390927 l -3.37517,0.593341 -2.71378,0.398779 -1.2158,-1.692439 -2.1496,-2.684558 -1.96481,-2.383046 -0.56416,-2.587291 1.31311,-2.879093 -0.18483,-3.083365 -1.77999,-1.692438 -2.3441,-0.301512 -1.87726,-2.684586 -0.46689,-1.789705 -1.68272,-2.28578 -0.0971,-1.886972 -1.03104,-1.089387 c -1.66325,-0.75869 -1.32282,-2.120431 -1.31311,-3.375167 l 2.06207,-3.773945 0.66142,-2.091246 c -0.9921,-3.773945 1.84807,-5.310773 1.87729,-8.442743 l 4.02682,-1.196393 3.64749,0.797586 2.52894,1.789706 3.09311,0.700345 2.52892,1.789706 2.34412,2.684558 0.66142,2.188513 1.59518,2.480285 c -0.69062,2.587319 0.36961,5.962459 3.18065,10.135211 l 1.96477,-3.773973 c 0,0 0.65169,-4.172725 0.56415,-4.571532 -0.0971,-0.398806 0.0971,-3.375167 0.0971,-3.375167 l 4.1241,-5.164871 3.0931,-7.051817 7.77161,0.301512 2.1496,2.976359 2.52894,-4.172752 19.01568,1.390899 1.21582,2.091246 3.27792,2.587318 c 2.37328,2.178774 4.74662,4.678536 7.11993,7.645158 1.45901,0.08745 3.33621,-0.437702 4.12412,0.593341 l 0.0971,2.976387 0.0971,57.426327 -31.28101,44.110512 -7.30475,-1.293633 -8.33577,-0.301538 c 0.12634,2.713744 -1.9745,2.363598 -4.30894,1.692437 -1.18665,-0.447411 -2.3441,-0.719766 -3.27788,0.398807 0,0 -0.28195,2.97636 -0.28195,3.676679 0,0.700317 -0.28195,2.285778 -0.28195,2.285778 -0.94349,0.826772 -1.91616,1.643805 -1.40067,2.976361 -1.48816,1.741072 -1.03098,5.174582 -2.90827,6.954577 -0.56411,0 -5.15513,-0.398778 -5.15513,-0.398778 l -2.90829,-0.496074 -2.24688,1.390926 c -1.49788,-1.12831 -2.99577,-0.846219 -4.49368,-0.99212 l -4.77581,-1.196392 -1.03104,-0.962934 c -2.32468,-4.133856 -2.88883,-2.023164 -4.30894,-1.322845 -1.02128,1.021306 -2.28575,0.534969 -3.55994,0 l -2.9083,-1.089387 -0.65167,1.488193 1.12827,3.083365 v 2.684558 l -1.6827,1.390927 -2.52893,-1.196392 -4.7758,-2.383047 -2.14959,-0.301512 -2.34415,-2.188512 c -1.55624,0.06814 -2.32467,0.885143 -3.27786,1.789706 0,0 -1.03105,3.083365 -1.12832,3.579411 -0.55442,1.322845 -1.69243,3.248713 -2.89854,2.383046 -1.03104,-0.593313 -2.81104,-5.067605 -2.81104,-5.067605 -3.91982,-7.752162 -2.13985,-5.262138 -6.74059,-9.337596 -1.21585,-1.196391 -1.03099,-5.067604 -1.03099,-5.067604 0,0 0,-1.789734 0.65165,-2.383048 0.65172,-0.59334 4.02688,-0.301539 4.02688,-0.301539 0,0 1.87721,0.797614 2.52893,-1.488165 0.65168,-2.28578 0.18482,-10.232478 0.18482,-10.232478 l -10.86469,-0.593313 -15.26118,0.496046 -8.52054,0.700319 -7.4021,-1.293632 -4.96046,-0.89488 -5.52487,-1.390899 z"
             style="font-weight:700;font-size:6px;font-family:Arial-BoldMT, Arial;fill:#8664b4;fill-opacity:1;stroke:#ffffff;stroke-width:0.797589px;stroke-linecap:round;stroke-linejoin:round" />
          <path
             id="Catamarca"
             class="cls-12"
             d="m -617.48904,198.93812 6.2737,-1.78974 c 2.30522,-2.03284 4.30894,-3.82255 5.62205,-5.06757 -0.5836,-3.93933 -1.52712,-7.87862 -2.34415,-11.82765 l 3.18061,0.30151 -0.28196,-6.15698 c -0.78788,-0.95321 -0.83651,-1.79942 0.37935,-2.48029 l -0.56418,-1.4882 -0.74892,-2.09124 0.0971,-3.47244 c -3.84206,-1.69243 0.51548,-5.41774 -5.33996,-8.44277 -3.82258,-1.45899 -0.77814,-5.47612 -0.84622,-8.34548 l -0.84623,-10.93279 -1.5952,-1.58546 -0.56412,-4.47427 -0.66143,-2.68456 c -1.50761,-1.70217 -2.97638,-3.8615 -4.9606,0.59332 l -2.34415,1.887 -2.06205,0.0971 c -0.48634,-1.51738 -2.06206,-2.2177 -2.12041,-3.47243 -0.12633,-2.67485 -1.41037,-4.45482 -3.21953,0.0971 l -1.21583,-3.57944 -2.52893,-5.56366 v -3.18063 c 2.46084,-3.58914 -0.85595,-3.9004 -2.24688,-5.56365 -6.65303,-0.81703 0.61277,-6.05972 1.03105,-8.93882 0.95319,-2.772112 0.97267,-6.088907 1.4006,-8.74428 -2.70401,-1.29366 -5.62199,-3.05418 -7.86884,-3.375167 -1.73137,-0.962962 -0.54474,-3.316795 -0.18483,-5.262139 2.75264,-7.907802 -1.54654,-13.753544 -5.33994,-4.970338 -1.10885,2.266305 -1.71188,5.291326 -4.12411,2.188512 -1.50764,-3.190369 -3.025,-6.380711 -4.7758,-9.833697 l -3.74479,-2.480287 -1.11854,-5.86519 c -0.28196,-3.482171 1.52706,-3.093103 3.1806,-2.976388 l 3.18064,0.496075 1.03103,-3.676679 -0.18482,-7.256117 -0.46689,-0.894853 -12.36261,-0.700317 -13.20884,0.593313 -9.83368,0.59334 -6.93517,-1.886972 -8.23848,-1.692439 c -2.98615,-0.593341 -3.88103,0.612762 -3.37511,3.871213 0.0965,0.39878 0.0965,2.781826 0.0965,3.180633 0,0.398778 0.18482,5.466383 0.18482,5.466383 l 0.84633,2.781826 2.81099,3.472433 c -0.52524,2.344123 -0.48634,4.95089 1.21569,8.345505 l 0.36965,4.87307 -4.96046,5.563651 0.0965,5.164872 7.3047,10.631256 c 1.43942,1.497932 1.14756,3.589151 -2.06204,6.458531 -0.84633,0.19448 -7.02276,1.19639 -7.40207,1.29366 -0.3793,0.0974 -4.59109,-1.78973 -4.30888,1.78971 0.28192,3.5794 -0.0965,7.64516 -0.0965,7.64516 l -3.84214,5.36914 -1.03087,3.77394 -0.18483,3.08337 4.67853,0.59334 c 3.2096,-0.29183 6.39989,-0.72953 9.36674,-2.58732 2.12022,0.0875 1.92575,0.89486 2.06202,2.97636 1.10867,2.60677 2.21762,1.78 2.14948,5.36915 0.77819,3.7156 6.75049,3.30708 11.23442,4.07545 1.75078,1.89671 3.51132,3.78368 4.7758,6.45853 1.90642,0.89486 3.96848,0.81706 6.371,-1.19636 1.49788,0.71003 0.35012,1.09909 3.46267,2.78182 3.54054,0 8.89993,2.93746 8.0537,-4.17275 0,0 0.65169,-2.28577 1.49791,-2.28577 0.84621,0 10.86471,1.58545 10.86471,1.58545 l 1.96479,1.48817 2.34412,3.87124 2.43169,2.97635 0.84621,0.99213 -0.65171,4.6688 0.36965,2.48031 c 0,0 1.68268,0.99212 2.43168,1.08939 0.74893,0.0971 3.1806,2.18851 3.1806,2.18851 0,0 2.52893,0.79759 3.18063,1.08938 0.65169,0.30152 12.3626,11.81792 12.3626,11.81792 l 1.03105,7.65489 5.42748,9.8337 c 1.04076,2.03287 1.79945,4.51319 2.33438,7.35336 z"
             style="font-weight:700;font-size:6px;font-family:Arial-BoldMT, Arial;fill:#1197d4;fill-opacity:1;stroke:#ffffff;stroke-width:0.797589px;stroke-linecap:round;stroke-linejoin:round" />
          <path
             id="La-Rioja"
             class="cls-12"
             d="m -715.64095,128.30292 h -3.18064 l -0.3793,2.48032 -0.93378,1.88698 c -1.4008,1.88697 -2.94725,3.77397 -2.8987,5.66091 -0.32083,2.03288 -1.93542,3.78368 -3.46257,5.56369 l -2.34422,3.27789 9.55155,10.72852 c 7.41173,6.28345 6.94497,1.48817 7.67434,11.12733 2.91802,2.16904 1.36191,3.10281 -0.37931,3.97822 0,0 -0.56412,5.86516 -0.65157,7.25609 0.64192,2.02317 -0.51558,5.03842 4.02669,4.87307 l 5.24266,-0.99211 6.65312,2.48027 7.20752,6.15703 9.6489,9.43486 5.70955,8.24824 1.4979,1.58543 2.43168,1.19642 2.52895,0.39878 c 0,0 0.74895,1.29366 1.11857,1.39092 0.37933,0.0971 5.05786,5.96244 5.05786,5.96244 l -0.28195,3.97822 0.37934,5.86519 0.74894,3.18066 0.4669,2.48026 0.74892,3.97821 0.0971,2.48031 c 2.58729,4.83418 5.34964,9.9796 6.74057,12.51826 1.01157,3.0347 2.93747,2.48029 5.24267,2.26633 2.49005,-0.23365 5.22327,4.04627 4.86336,-0.36962 1.05046,-2.07182 2.96665,-0.56416 4.7758,-0.0971 1.03104,-0.83651 1.91616,0.8365 3.55025,-0.92401 1.0991,-1.17695 4.97031,-1.32285 7.402,-1.66329 l -0.93373,-30.69743 10.39779,-25.53252 -0.6517,-2.48032 c -0.61277,-3.42377 -2.69428,-6.22507 -4.49372,-9.14306 l -2.34412,-4.57153 -1.03104,-2.58733 c 0.35991,-1.7508 0.58363,-3.36545 -0.0387,-4.56182 -2.63591,-5.04812 -8.04394,-7.69378 -12.13886,-12.52796 l -3.92958,-1.7897 -1.9648,-1.69245 -3.0931,-0.3988 -0.74896,-0.79758 0.37936,-7.9467 -1.21583,-1.19637 -1.21582,-0.70034 -2.24688,-4.26999 -1.77999,-2.28581 -5.80682,-1.19637 -7.30476,0.0971 c -0.44741,3.74479 0.9046,7.78134 -5.80682,6.15699 l -3.37516,-0.79759 -1.68273,-1.88697 h -2.06207 l -2.34412,1.39093 c -6.52661,0.28206 -2.66511,-8.80268 -15.17362,-8.04399 -4.82447,-0.89486 -3.40436,-3.19035 -3.84214,-5.06761 l -1.77983,-2.78183 c 0.18482,-2.03287 -0.15448,-3.73504 -3.18063,-3.67667 l -4.30889,2.58729 h -5.14556 z"
             style="font-weight:700;font-size:6px;font-family:Arial-BoldMT, Arial;fill:#13a8ec;fill-opacity:1;stroke:#ffffff;stroke-width:0.797589px;stroke-linecap:round;stroke-linejoin:round" />
          <path
             id="San-Juan"
             class="cls-12"
             d="m -736.61188,280.71034 2.14975,1.19637 2.14948,-0.99209 2.24685,-0.19448 c 1.58563,0.52524 3.15167,0.75866 4.49371,-1.59519 l 0.28193,-4.97032 0.5644,-2.18851 2.99581,-3.57944 2.71361,-2.09121 c 3.23911,0.43767 3.59883,-1.29366 3.37511,-3.47244 l 2.52905,-0.19448 2.99582,0.79759 4.12405,2.18851 c 0,0 0.28194,1.69243 0,2.48029 -0.56412,3.02502 1.06013,4.23112 5.24267,3.2779 l 2.81099,-0.0971 c 3.14173,-2.13988 3.99774,-6.53636 10.01857,-5.8652 l 3.09307,-0.39877 1.31312,-0.89489 1.21584,2.08151 2.06206,1.98427 c 0,0 3.18063,1.58543 3.55996,1.58543 0.37932,0 1.96477,-0.19448 1.96477,-0.19448 l 1.87728,-0.4961 0.56411,-1.98424 2.71376,1.19639 2.1496,2.18851 c 2.88885,2.61648 1.94534,0.41823 2.34414,-0.0971 l -1.31311,-2.68459 -1.68272,-2.38302 -0.46689,-9.33762 h 15.72805 l -1.31311,-5.0676 -2.62619,-4.36726 -1.77997,-2.87912 c 0,0 -0.74898,-3.27793 -0.74898,-3.77398 0,-0.49607 -0.93374,-5.66094 -0.93374,-5.66094 l -1.21587,-4.97031 -0.0971,-7.94672 c -2.03293,-3.20003 -4.10471,-6.38067 -8.3358,-8.53999 l -3.18066,-0.70035 -6.65304,-9.53213 -10.01847,-10.13521 -7.48946,-5.96246 -2.62615,-1.3909 -1.78011,-0.59334 h -3.18064 l -3.09318,0.19449 -1.31308,0.49607 -1.87721,-0.39881 -1.31308,-2.08154 0.0965,-3.97818 0.46676,-5.86522 c 3.68655,-1.3909 0.39888,-2.78182 0.0965,-4.17273 0,0 -0.28192,-2.28578 -0.3793,-2.68456 0.52524,-2.49976 -0.50564,-3.75449 -1.96465,-4.66879 -1.03115,-0.14594 -2.15941,-0.43771 -5.15522,-3.18066 -2.55802,-2.52892 -3.68627,-4.30891 -5.34004,-6.36124 l -2.62616,-2.68456 -2.34395,-0.99212 -1.59529,1.4882 -0.0965,2.78182 c 0.62261,2.14956 -0.31116,3.83229 -1.40052,5.46639 l -0.56413,2.57758 c -0.26207,2.02314 -0.31144,4.03655 -1.03115,6.05972 l 0.28192,2.57755 c 1.16716,3.91014 -1.52714,4.14359 -2.34395,6.55581 l -2.06204,2.1885 -0.74895,0.59332 -0.2822,2.57758 1.68273,3.67668 c 0,0 0.74895,0.99212 0.74895,1.58543 v 2.87912 c 0,0.39878 0.84633,2.87909 0.84633,2.87909 v 3.2779 c 0,0.39878 -0.56413,3.87125 -0.56413,4.4743 0,0.60305 0.0965,2.18848 0.18482,2.58729 2.07169,0.47656 3.42367,0.60305 1.31309,4.47429 l -0.84633,2.28575 c -0.42786,1.23528 0.0496,3.73505 -3.18064,0.99212 l -1.68272,0.99212 c 0,0 -0.93378,1.08938 -0.93378,1.48819 0,0.39881 0.37957,2.57756 0.37957,2.57756 l -0.28219,2.58734 -2.43168,3.67665 -0.65158,7.25609 1.12826,3.87122 -4.77564,5.0676 -1.03116,5.46641 0.18483,4.97034 1.03115,4.57153 1.40053,2.97639 c 0,0 0.65157,0.59333 0.74896,1.29365 0.81708,2.7721 2.73318,2.97634 4.77591,2.8791 l 1.12825,1.69244 0.0965,2.18851 -1.49791,1.78971 c -2.48023,2.11066 0.069,3.15144 0.84606,4.76606 0,0 2.81126,2.48032 3.09319,2.8791 0.28192,0.39877 0.18482,3.6767 0.18482,3.6767 0.53488,1.21584 2.99581,1.57572 0.84633,3.96848 z"
             style="font-weight:700;font-size:6px;font-family:Arial-BoldMT, Arial;fill:#42b9f0;fill-opacity:1;stroke:#ffffff;stroke-width:0.797589px;stroke-linecap:round;stroke-linejoin:round" />
          <path
             id="San-Luis"
             class="cls-7"
             d="m -643.33286,384.71778 1.59517,-3.77394 0.84622,-18.8795 -0.18482,-5.66095 -0.74896,-1.9842 -0.28223,-5.75824 -2.9083,-4.87308 -1.59517,-2.57755 -1.11855,-5.56367 -0.37932,-2.28575 -1.68274,-1.58544 v -2.38307 l 1.78,-5.26211 0.18483,-4.07552 -4.67854,-3.1806 -3.18061,-3.77397 -0.65168,-4.07546 -3.84205,-9.43489 -1.31311,-6.36126 -0.37933,-6.45851 -0.65168,-6.95457 -2.34416,-3.87122 -0.18482,-3.08336 -2.90828,-4.07548 -0.74896,-12.71277 15.92259,-0.30162 2.24683,2.57758 3.64754,-0.49605 3.37517,1.48819 0.84622,-0.30161 0.18483,-2.28578 v -0.79759 l 2.52894,0.19448 3.65723,0.99212 1.49787,-0.30162 1.68274,-1.69245 5.80684,-0.59333 5.15513,1.08938 4.49375,2.8791 3.1806,3.6767 1.96479,4.47426 0.37939,2.28579 5.1551,-0.49605 0.65169,0.79759 -0.46688,1.48816 1.49789,2.18851 v 1.19639 l -0.65165,1.48818 -0.56415,3.97818 0.28195,3.37517 -0.84622,1.48822 -0.28195,2.5873 -0.74896,2.87908 -0.18482,3.18063 -0.65166,1.39091 -2.62622,0.89485 1.40067,18.77252 c 1.0018,22.38108 2.13985,46.25037 2.99581,69.04968 l -36.15407,1.4882 z"
             style="font-weight:700;font-size:12px;font-family:Arial-BoldMT, Arial;fill:#6c4b9b;fill-opacity:1;stroke:#ffffff;stroke-width:0.797589px;stroke-linecap:round;stroke-linejoin:round" />
          <path
             id="Mendoza"
             class="cls-7"
             d="m -733.80062,395.25179 1.77983,5.4664 1.03115,2.18849 -0.18482,1.88697 2.14947,1.39093 1.4979,2.48031 4.21179,2.8791 8.43295,8.44277 0.36965,2.58729 0.93378,2.0815 3.37511,2.18851 3.55994,0.89486 6.74056,-0.39881 3.18063,3.97822 1.59529,1.39092 6.37094,-0.19447 2.52895,1.69243 2.71372,-0.19448 3.84205,1.98424 1.78,0.99215 0.46688,-0.4961 -2.90827,-41.72746 -1.68273,-2.97637 -0.37933,-5.56369 2.71371,0.19449 35.49269,-1.3909 0.93377,-0.49608 1.40063,-3.77394 1.03103,-19.07403 -0.18484,-5.46638 -0.66142,-1.29366 -0.6517,-6.36124 -4.30893,-7.65491 -1.4979,-7.45062 -1.40064,-1.88701 -0.37932,-2.18848 1.96476,-4.8731 0.18482,-4.87304 -4.7758,-2.78183 -3.37516,-3.87127 -0.28196,-3.87118 -3.92956,-9.83367 -1.31311,-5.66092 -1.03103,-14.00645 -2.24683,-3.87122 -0.28196,-2.87908 -3.0931,-4.07552 -0.84621,0.39884 -7.11996,-0.70032 -5.90409,-2.78186 0.0971,-2.38301 -1.49791,-1.58546 -1.21582,1.29365 -5.05788,0.49605 -6.83793,5.96246 -2.14947,2.28577 c -2.37348,-0.0971 -4.74668,-0.19447 -7.11988,-0.30161 l -0.46702,-5.66095 c -1.50756,-0.99212 -2.75278,-1.91616 -7.40207,-3.67668 -1.3324,0.5739 -2.65541,1.17695 -3.74476,4.07549 -3.8129,0.71979 -4.73675,2.16903 -7.0225,5.16487 -2.83057,3.37516 -0.59337,7.40198 -3.278,9.83367 -3.29733,-2.14961 -7.49919,2.29549 -9.46412,-0.49608 -1.06011,1.58546 -0.95307,2.77212 1.31309,6.05973 2.95691,3.77397 2.13017,8.00507 3.09318,12.02218 0.44745,1.78973 0.55448,3.57944 1.68273,5.36914 1.1186,0.23366 2.08134,0.64198 4.40627,-0.39878 3.73482,1.44928 1.66314,5.49555 0.93378,8.93883 l 0.0965,4.57152 -0.2822,3.2779 1.03115,4.57153 c 0.3211,2.2566 0.56413,4.74662 1.12825,6.25427 l -1.59499,0.99211 -2.52906,4.36732 0.74895,3.57938 -2.06204,2.4803 c 0,0 -1.59527,2.18852 -1.4979,2.5873 0.0965,0.39881 -1.03115,2.48032 -1.03115,2.48032 0,0 -2.14948,0.99211 -2.24686,1.39089 -0.0965,0.39881 -0.56412,1.98427 -0.56412,1.98427 l 1.59527,1.78971 0.37931,1.58546 -0.65157,2.58726 -0.28193,3.77397 -1.96493,2.08151 -2.06203,2.78183 -0.74896,2.08151 2.99581,3.18063 v 1.98424 l 1.78011,3.57944 0.28193,3.08336 1.87721,5.46638 0.28192,3.87121 -1.21598,4.47428 -1.58536,1.69243 z"
             style="font-weight:700;font-size:12px;font-family:Arial-BoldMT, Arial;fill:#6c4b9b;fill-opacity:1;stroke:#ffffff;stroke-width:0.797589px;stroke-linecap:round;stroke-linejoin:round" />
          <path
             id="Neuquén"
             class="cls-11"
             d="m -751.5032,558.67952 15.07614,-1.19635 c 1.08935,-0.64195 2.18865,-1.1964 3.27801,-3.37517 l -1.40053,-2.28575 -0.37958,-3.37517 c 1.66342,-5.41778 2.26645,-5.42752 4.77591,-7.25612 4.31854,-1.28393 9.05557,-2.11067 12.45992,-4.36725 l 1.8772,-3.08338 2.14948,-3.27789 -0.66123,-2.38304 1.40053,-1.48818 0.93377,-0.79758 -1.03087,-6.76004 0.74895,-1.08939 c 2.04245,0.2433 2.87884,-1.11858 3.91966,-2.42197 1.01156,-1.26447 2.8987,-1.63406 4.98004,-2.45112 l 2.34423,-2.1885 2.71389,-3.2779 7.48946,-5.66091 5.15511,-8.93885 1.78,-4.27001 1.40063,-0.59334 1.96479,-0.0971 2.3441,-1.19639 2.24688,-1.19637 2.90828,-0.99214 1.31311,-0.39875 -1.11855,-2.18855 -0.46689,-2.87906 -1.4979,-2.87909 -0.93378,-3.87127 -1.78,-36.06652 -2.9958,-1.69244 -2.71372,-0.99212 -3.18066,0.39878 -1.77999,-1.19637 -1.68268,-0.79761 -2.52897,0.19449 -2.90831,0.30161 -1.40052,-1.29369 -2.71388,-3.37513 -1.68274,-0.70035 -9.36672,-0.30162 c 0,0 -2.89871,-2.38302 -3.46283,-2.78183 -0.56413,-0.39878 -0.74895,-2.78182 -0.74895,-2.78182 l -0.56413,-1.69244 -1.87721,-2.18851 -4.39633,-4.76609 -2.62616,-1.98422 c 0,0 -0.84634,-0.49607 -2.52906,-1.7897 -1.68273,-1.29366 -2.24686,-2.78183 -2.99581,-3.37517 -0.74895,-0.59334 -1.4979,0.0971 -1.40053,-1.48819 0.0966,-1.59517 -0.74894,-3.67668 -0.74894,-3.67668 l -1.59529,-5.0676 -1.12826,0.30161 c 0,0 -1.27417,0.57385 -1.96493,1.29364 -1.13791,1.17692 -2.45098,6.40989 -1.8772,6.15698 0,0 1.68273,0.70032 -0.56413,1.58547 -2.24686,0.89486 -2.7136,0.99212 -2.7136,0.99212 l -2.14975,-0.30162 -0.0965,1.29365 -1.96465,2.68457 -0.46702,1.39092 0.74894,2.08148 -0.93378,1.29369 -1.40052,0.70032 -0.56413,2.58729 0.18482,4.36726 0.56414,2.78185 0.84605,3.67668 -0.84605,2.38305 -0.65185,3.08333 -0.28193,2.28578 1.40081,1.19639 1.12825,3.57942 -0.18482,1.78973 -1.12827,3.08336 0.93378,3.77392 1.12826,3.57944 1.4979,2.87906 1.96465,2.28579 0.65186,3.87123 v 3.97822 l 0.18482,2.78183 1.96493,2.18851 2.81099,2.97636 -0.18483,5.26214 -0.0965,1.39093 -5.42776,2.58726 c -2.12989,2.5095 -5.729,4.05603 -6.08872,7.75219 l 0.46676,1.98424 1.03115,0.79758 1.03088,3.08337 -0.56413,3.2779 c -1.06012,1.75078 -2.70395,3.37517 -2.62616,5.36911 v 4.36729 c 0.17378,2.81102 -2.13017,1.23529 -3.27773,1.69244 l -1.49791,0.99213 -0.46702,1.69243 c -1.52715,4.01712 1.46866,4.95088 3.18063,6.76004 l 0.0965,1.39093 -0.65186,2.38301 -1.31307,1.5855 -1.68273,0.89482 -0.56413,1.98427 0.46703,2.28578 1.68272,1.3909 1.68273,1.88698 -1.21597,2.68455 c -1.02123,1.55627 -3.23884,3.11255 -1.49791,4.66882 l -0.84606,3.27788 -0.65184,2.78183 1.21598,3.97821 1.77983,2.97638 0.83666,3.57944 z"
             style="font-weight:700;font-size:9px;font-family:Arial-BoldMT, Arial;fill:#9375bd;fill-opacity:1;stroke:#ffffff;stroke-width:0.797589px;stroke-linecap:round;stroke-linejoin:round" />
          <path
             id="La-Pampa"
             class="cls-7"
             d="m -677.80421,436.5805 2.14959,0.19447 2.62619,0.30163 1.31311,0.0971 2.71377,-0.59332 1.3131,0.0971 2.06203,2.78182 0.37934,1.69245 -0.37934,2.58731 -2.14958,2.78183 -1.59518,3.37517 -0.93376,1.98423 1.77999,2.58733 3.37516,2.18848 2.1496,1.69243 4.96059,-0.70029 2.62622,1.78969 3.09307,-0.7003 2.34415,0.79757 0.46687,2.87912 1.68272,1.48816 4.02683,0.19448 5.33998,3.6767 1.96477,2.09125 1.21584,1.48817 2.24688,0.79761 10.67989,0.39874 2.71374,1.1964 2.81102,0.70032 1.6827,-1.08939 1.96479,-0.49605 c 0,0 1.3131,-0.0971 2.14958,0.49605 0.84622,0.59335 5.0579,0.59335 5.0579,0.59335 l 8.15097,-0.70032 8.433,1.08938 10.48538,3.97822 6.93516,3.67671 4.49368,5.16484 3.46274,2.48032 1.87722,-0.49608 c -0.0585,-46.92155 -0.99211,-93.15247 -1.49789,-140.08371 l -44.8595,1.69244 1.12834,32.08833 c -35.21062,1.58543 -75.20675,3.30709 -75.10945,3.87122 l 0.18482,4.17275 c 0.35991,1.81889 0.95323,3.30706 2.06206,4.07549 0.69061,13.75352 1.27419,27.38061 2.44139,41.63022 z"
             style="font-weight:700;font-size:12px;font-family:Arial-BoldMT, Arial;fill:#13a8ec;fill-opacity:1;stroke:#ffffff;stroke-width:0.797589px;stroke-linecap:round;stroke-linejoin:round" />
          <path
             id="Río-Negro"
             class="cls-14"
             d="m -596.81011,575.11763 c -0.29191,-1.71186 -0.0778,-3.96849 -0.0778,-3.96849 l 0.29195,-0.23364 -0.36963,-0.31128 0.0781,-0.62247 0.95319,-1.08942 -0.0777,-2.49002 -0.29194,-0.38906 -0.224,-5.36915 0.72956,-0.77814 -0.14592,-0.85593 -0.80733,-1.16721 -1.02133,-1.7897 -0.7295,-1.47846 -0.14593,-1.7897 -0.51553,-0.46689 0.14594,-2.02316 -0.51553,-0.38907 0.0781,-0.38907 -0.29194,-0.0777 -0.0778,-2.72343 -0.43773,-0.31128 0.0778,-1.86752 -0.5155,0.0778 0.22373,-2.4122 0.95324,-2.80128 0.5155,-1.6341 1.17695,-1.16717 0.43767,-1.24503 2.42195,0.23366 -0.51553,-0.93378 -0.5836,-0.70032 1.32284,-0.15558 2.78183,0.77816 c -0.0971,0.94343 -0.58357,1.70215 -2.03285,1.53677 -0.97269,-0.10676 -1.24505,1.79945 0.78783,1.57575 l 0.0682,-0.54468 2.42198,-0.0781 0.22343,0.70029 c 2.46082,0.0875 2.42192,-0.34043 4.54235,1.0116 l 1.02131,-0.0781 v 0.6225 l 1.17692,0.15559 1.17694,0.93375 1.46872,0.46688 1.32284,1.47846 1.76052,0.0781 0.51552,0.62248 1.17692,-0.23365 3.81284,2.17875 1.39093,1.40066 10.48538,-0.0781 c 1.32282,-0.77818 6.8865,-0.15559 6.8865,-0.15559 l 1.76052,-1.08936 c 1.59516,-1.29366 2.46086,-2.60677 4.76606,-3.39462 l -2.71372,-3.20981 -2.1788,-2.98611 -2.40249,-1.2547 c -2.61647,-2.10101 -7.41173,-2.6554 -7.29499,-4.69801 l -0.20414,-40.13232 -4.97036,-1.85779 -2.30522,-3.88093 -6.157,-4.12414 -5.20376,-1.86749 -5.64148,-2.17881 -6.96431,-1.86753 -8.28713,-0.38904 -6.3029,0.85594 -4.47426,-1.01158 -1.53682,-0.46688 -1.245,0.54468 -2.27607,0.77814 h -2.13014 l -2.56785,-1.24497 -8.5789,-0.3891 -3.29738,-0.6225 -1.46871,-0.38907 -1.76056,-2.10098 -1.0213,-1.47846 -5.78737,-3.73502 -2.27604,-0.0781 -1.82861,-0.62252 -1.24502,-0.85593 -0.51552,-2.10099 -1.17695,-1.24499 -3.07359,-0.15559 -3.88096,0.15559 -1.97453,-0.46689 -4.83414,-1.16721 -1.02133,-1.08941 -1.82861,-2.25657 -1.8286,-2.87912 3.07366,-5.36911 1.17688,-3.57942 -0.22372,-2.1788 -0.72949,-1.40064 -1.0991,-1.40061 -1.09913,-0.93377 -1.39093,0.23365 -1.245,0.6225 -1.82862,-0.23365 -1.82861,-0.54469 -2.92775,0.31123 1.82862,37.32129 1.32282,2.33443 1.17692,2.64564 0.36963,2.8013 1.32284,2.25659 -0.36963,1.01157 -2.78182,0.0777 -2.13016,1.16721 -2.56784,1.78973 -3.15143,0.31125 -1.68273,1.24502 -1.90642,3.89066 -3.66694,6.68223 -10.55343,9.09442 -2.34424,3.1904 -3.07359,1.40061 -1.17682,-0.0778 -1.17707,1.55628 -1.17681,1.40064 -2.78201,1.24502 -0.87531,1.71189 0.80743,6.45853 -1.68272,1.4006 -0.22344,2.56788 -1.46894,4.0463 -2.71361,2.64563 -7.11021,2.17878 -4.6882,2.02316 -1.46893,0.70032 -2.19803,2.64566 -1.24522,2.87909 0.72964,3.50162 0.6615,3.34598 -0.95336,1.40064 -1.82866,1.71192 -4.47412,0.0781 -10.55347,1.16721 -0.6615,2.33442 -0.36965,3.6572 1.82866,5.05787 0.8753,4.04632 0.87556,6.45853 2.13017,3.5016 0.1462,2.49004 c 69.93477,-5.62205 98.5215,-10.75773 149.81032,-10.96201 z"
             style="font-weight:700;font-size:12px;font-family:Arial-BoldMT, Arial;fill:#9375bd;fill-opacity:1;stroke:#ffffff;stroke-width:0.797589px;stroke-linecap:round;stroke-linejoin:round" />
          <path
             id="Chubut"
             class="cls-7"
             d="m -643.00213,703.28615 -0.0682,-1.10884 0.90459,-1.04072 1.18665,-1.47848 0.21379,-1.33256 1.18666,-1.26444 -0.21379,-1.10884 0.21379,-1.4104 -0.28195,-1.33253 0.56415,-1.33258 1.46875,-2.0718 1.75078,-3.25843 0.76839,-2.2274 3.35575,-3.78369 2.51919,-1.63407 1.25474,0.22345 0.70034,-0.44738 0.56415,0.14592 0.41823,-0.7392 3.70586,0.0781 -0.21379,-0.51552 -0.41822,-0.36959 -0.28196,-0.88518 h -0.98238 l 0.0682,-0.51549 1.5368,0.14593 -0.0682,0.36962 0.70035,0.29194 -0.0682,-0.67116 0.76837,-0.44744 -1.4006,-0.14566 -0.28196,-0.96298 1.18662,-0.5155 0.9046,-0.36962 0.28195,-0.59334 1.05049,-0.36959 0.0682,-0.73922 0.63224,0.96294 0.90458,-0.0778 0.83649,-2.00371 2.02316,-0.59333 1.5368,0.73924 0.70032,-0.59334 0.70035,0.51552 0.56412,0.22372 0.7684,1.41039 0.28226,-0.51551 0.56413,-0.51555 0.13655,-0.81704 0.70028,-0.14593 0.63227,0.14593 -0.21379,0.59335 0.56418,0.36961 0.0682,-0.88511 1.60491,0.30162 -0.13627,0.73925 0.56413,0.51551 1.25476,-1.18668 0.63223,0.14621 -0.13654,0.81703 0.48634,-0.14592 0.48633,-0.88513 -0.63224,-0.36959 v -0.81706 h 0.70034 l -0.56415,-0.59334 0.35015,-0.59331 0.63223,-0.73924 0.70032,-0.81704 -0.6322,-0.36962 0.41823,-0.14593 -0.13656,-0.73921 -0.28195,0.44744 -0.28195,0.30162 -0.76841,-0.14592 V 665.888 l -2.45109,-0.1462 -0.21379,-0.73922 v -1.18667 l 0.55444,0.0778 v -2.82077 l -0.35017,-0.44739 1.46872,-1.41038 1.81889,-0.73921 1.75081,-2.07179 0.63223,-0.36966 0.2138,0.73927 1.05043,-0.36961 -0.13628,-1.18666 -0.56409,0.22344 0.56409,-0.59334 0.28227,-0.96293 0.76837,0.59331 0.63226,-0.59331 -0.41825,-0.59334 -0.2138,-0.44739 0.28226,-1.10889 1.33256,-1.33253 -0.13655,-1.77999 -0.48631,-0.88512 -0.35017,-1.47845 -0.70032,-1.10884 -0.56416,-1.10886 0.98241,-1.47845 0.90456,0.14592 v -0.67116 h 0.35018 l -0.28196,-0.96291 -0.41824,-0.81702 0.41824,-0.73925 1.25477,-0.44742 -1.67301,0.0778 -0.28196,-1.63404 0.35017,-0.73924 -0.83648,-0.0781 -0.56418,-1.47846 -0.56416,-1.55624 0.13628,-2.45113 -0.90454,-0.88514 0.0682,-1.85779 0.7684,-2.29552 c 0,0 0.56415,-2.00369 1.18662,-2.00369 0.62256,0 1.68273,-2.2274 1.68273,-2.2274 l 0.41828,-1.10887 1.33256,-1.70215 0.7684,-0.88511 -0.35017,-0.88512 v -1.48822 l 1.11857,-1.78 1.95505,-1.3325 2.45113,-1.55627 3.28764,-2.45115 2.10095,-0.44745 0.90459,-0.36959 1.95506,-1.77999 1.46871,-1.18666 0.56419,-0.81703 -0.63224,-0.44745 -2.7235,-0.22344 -0.7003,0.36962 -0.83651,-1.04078 h -3.2876 l -1.53683,-1.47842 -1.60488,-0.96297 -1.68273,0.14593 -0.13628,-0.67116 -1.18668,-0.30159 -1.18665,-0.73924 -0.76841,-0.81704 0.83652,-1.47848 1.05047,-2.22738 2.23713,-0.44745 4.05604,-3.92958 2.10096,-0.44743 c 0,0 2.16903,0.81709 2.58732,0.73924 0.41822,-0.0778 2.02314,0.51551 2.02314,0.51551 l 1.67296,1.92591 0.63224,1.63406 -0.48635,1.70217 0.28196,1.78 0.90459,1.33253 1.18668,1.47846 1.88694,0.73924 2.93747,-0.96297 4.19221,-1.70215 2.86935,-2.14961 0.35018,-2.51921 0.63225,-2.07177 -0.56418,-1.33255 -0.0682,-2.22744 -0.21378,-2.37328 v -1.55628 l -0.2138,-1.41037 -0.0682,-1.10883 -0.7684,-0.59334 -1.1186,-2.1496 -0.90456,-2.45112 -0.56417,-1.47849 -0.41823,0.44748 -0.63225,-0.81707 -0.2138,0.51555 -1.18665,0.44739 -0.76839,0.0781 -1.1186,0.88511 -1.6827,0.96297 -0.48635,0.81703 -1.81889,0.73924 -2.37328,0.96293 -1.67299,0.59332 -1.25476,0.224 -0.13628,0.22372 1.40067,0.22345 1.40061,-0.22345 2.86938,-0.36962 c 0,0 0.28226,0.29191 0.63226,0.29191 0.35012,0 0.48635,1.33255 0.48635,1.33255 l 0.48633,1.47848 0.48633,0.73922 -0.48633,0.59332 -0.76843,0.44746 -0.56413,0.73921 -2.79158,0.14594 -1.11855,-0.51553 -0.90456,0.22372 -0.35018,0.88512 -1.40066,0.22399 h -3.35569 l -1.11857,-0.22399 -0.28196,-0.59331 1.25474,-0.44739 0.28195,-1.33261 -0.0682,-0.96293 0.98238,-1.70218 1.11857,-1.04072 h -2.93746 l -1.68273,-0.3696 -0.98238,0.59331 -1.25477,-0.67116 -0.98238,-0.29163 -1.11854,-0.44747 -0.63224,-0.0778 -1.18665,-0.67116 -0.83648,-0.67113 -1.05053,-1.18666 -0.6322,-2.07176 c -26.07727,-1.6341 -85.87693,4.93141 -150.11199,10.82576 l -0.13516,2.29551 -1.75087,1.10884 -1.11833,0.36962 -3.00573,1.85779 -1.53681,1.47843 -0.70012,1.92592 -0.7004,2.37331 0.21241,2.51921 1.2546,0.81703 1.4008,-0.36962 1.18646,0.14593 c 0,0 -0.069,1.18666 0,1.63407 0.069,0.44741 -0.48633,4.0074 -0.48633,4.0074 l -0.76827,1.77997 -0.48633,2.2274 -0.069,1.78 0.98232,2.7429 2.16907,2.29554 2.65539,2.37329 0.83641,1.41037 -0.28192,1.33256 0.83666,1.10883 1.88687,1.18665 1.68273,0.81707 -0.069,1.47845 -0.56413,2.00369 -0.70039,1.26445 c 0,0 -0.76827,0.96296 -0.632,1.41038 0.13517,0.44743 -0.28247,2.6651 -0.28247,2.6651 l 0.55447,1.55628 1.95527,2.14959 2.58727,2.2274 0.63226,1.04078 0.28193,1.78 0.35006,6.30286 v 2.14963 l -0.13517,1.41034 0.0689,1.10887 -0.56412,0.22344 -0.76855,0.29194 -0.28192,0.81706 0.28192,1.10881 0.70041,1.10888 -0.35007,4.60069 0.48634,1.41038 0.63226,0.59334 0.56413,-0.0781 3.28767,-1.10883 c 0,0 1.05046,-0.14593 1.60465,-0.22373 0.56441,-0.0781 1.60495,-0.29191 1.60495,-0.29191 l 3.56986,0.29191 2.58726,0.96294 1.2546,1.77999 0.48633,1.41038 -0.48633,2.45113 -0.56413,4.1533 -0.76825,0.96294 h -0.83668 l -1.46866,-0.14593 -1.18674,-1.26448 -1.05047,-0.67113 -0.98232,0.51553 -0.63227,0.59333 -0.70013,0.81704 -0.56412,0.88511 h -1.25487 l -8.4622,0.44745 -0.83639,0.36959 -0.41849,0.81706 0.55449,1.26444 0.48633,1.18669 1.955,1.85782 h 2.02313 l 2.6554,-0.67117 2.2372,0.0777 0.98233,0.51552 1.75087,1.85779 1.4008,1.55628 3.98779,5.26214 0.48633,1.10883 -0.28192,0.88511 -0.76827,0.36963 h -1.25487 l -1.18674,0.59331 -0.35006,1.33258 0.70041,1.41037 0.21241,0.88512 -0.70041,0.36965 -1.60493,0.0778 -2.2372,0.36959 -0.70013,0.96293 -0.21241,1.33259 -0.069,4.29918 0.90454,2.88883 0.41819,1.41034 v 0.44744 l 1.3324,1.04076 1.88713,1.33255 c 32.74011,-3.4238 59.16737,-5.54417 86.13949,-7.49925 z"
             style="font-weight:700;font-size:12px;font-family:Arial-BoldMT, Arial;fill:#a087c5;fill-opacity:1;stroke:#ffffff;stroke-width:0.797589px;stroke-linecap:round;stroke-linejoin:round" />
          <path
             id="Tucumán"
             class="cls-12"
             d="m -638.46953,77.043304 -2.62618,-0.99212 -0.18482,4.571532 c 0,0 -0.93378,2.383046 -1.03108,2.97636 -0.0971,0.59334 -0.37933,3.375165 -0.37933,3.375165 l 0.18482,1.984241 h 2.99581 c 0,0 1.68273,0.992119 2.14959,1.390926 5.35941,0.797586 2.5873,4.007404 2.52898,8.540039 l -1.96485,4.075453 c 0,0 -2.14959,2.78186 -2.14959,3.37517 v 2.09125 l 3.18066,1.88697 1.87721,0.79759 0.18482,2.87908 c -0.36961,1.78971 -1.10883,3.52107 0.18482,5.56369 l 1.77997,4.36728 c 1.90642,7.62572 2.2663,1.37145 3.2779,0.99212 1.8286,0.5836 1.12828,1.19637 1.49791,2.87909 0.28195,0.79759 1.49791,2.38302 1.49791,2.38302 1.67298,2.4025 2.27603,0.62253 3.2779,0.39881 l 2.06206,-2.28578 c 2.11066,-4.15328 3.15144,-0.73921 4.59097,-0.0971 3.95877,-1.5368 5.62202,-3.37514 7.68408,-5.16485 -0.18483,-0.99212 -1.77997,-2.18851 -1.77997,-2.18851 l -0.28225,-1.29366 0.66145,-4.47427 0.28195,-3.8712 0.74895,-1.78974 c 2.5581,1.02131 1.70218,-1.57572 1.96479,-2.97636 l 2.81099,-10.232476 1.87726,-2.383019 1.31311,-2.285779 -0.36963,-1.595172 c 0,0 0.74896,-1.089387 1.11858,-1.488193 0.37933,-0.39878 0.84621,-2.684558 0.84621,-2.684558 l -0.84621,-2.587292 c -0.67113,-1.614646 4.53264,-7.868905 -2.34412,-7.149112 h -1.5952 c -0.36959,0 -2.71374,-0.700318 -2.71374,-0.700318 0,0 -2.1496,1.585434 -2.6262,1.692438 -0.46688,0.09737 -1.87723,-0.301539 -1.87723,-0.301539 l -2.81104,-0.593313 -2.3441,-1.196392 -2.52894,-0.09738 -2.34415,-1.886973 c -1.21584,-0.496046 -2.10095,-2.75264 -3.09308,-1.293632 l -2.9083,-0.301539 -3.46267,0.194479 -0.66142,2.28578 c 0,0 0,2.081506 0.28195,2.480286 1.08938,4.513187 -0.96296,3.842054 -3.84205,1.789733 l -4.11439,-1.089387 z"
             style="font-weight:700;font-size:6px;font-family:Arial-BoldMT, Arial;fill:#1197d4;fill-opacity:1;stroke:#ffffff;stroke-width:0.797589px;stroke-linecap:round;stroke-linejoin:round" />
          <path
             id="Formosa"
             class="cls-12"
             d="m -539.7534,-40.88303 c 2.55816,3.248714 4.10467,6.760071 7.68407,9.736431 0.56419,1.128283 1.12834,1.040754 1.68274,3.579411 3.36545,2.587291 6.87677,4.736907 10.01846,8.043965 1.19639,1.916158 2.06206,4.746617 5.15516,5.164871 3.94906,0.350173 2.48032,1.381189 3.74479,2.188512 1.96479,0.641947 4.17274,1.050464 4.21164,3.4724072 1.79942,3.0833643 3.64753,6.1375435 8.61786,7.1491115 l 4.49371,5.4664113 c 4.8147,1.3909266 7.53818,7.995331 9.64885,4.1727521 4.38676,-1.7021761 5.30106,0.2722709 6.55582,1.8869727 h 2.62623 l 2.99577,1.1963922 c 13.16024,2.44139 13.70491,7.752163 22.19632,12.819768 l 2.43168,0.700319 4.6785,2.976359 c 5.27188,-0.37933 7.78138,2.470576 12.64471,6.156992 l 2.43166,0.09738 7.77164,3.676679 5.52475,5.660946 1.87724,1.886973 v 1.488165 l 2.06206,2.383048 0.56415,1.390925 c -7.11993,10.981429 -5.38859,2.383047 -7.68408,11.321864 -3.59886,7.985594 -8.12176,10.611808 -10.76742,16.593714 l -0.46689,3.277899 c 0.29194,6.302892 -0.89488,3.773946 -2.71374,9.532131 l -2.06206,3.375168 -3.55997,-3.871214 c -2.58731,-0.904591 -4.40621,-3.880951 -6.55582,-5.962457 l -3.1806,-3.579411 c -1.49791,-1.556276 -4.33811,-3.112551 -7.30475,-4.668826 -4.40618,-0.700319 -5.72904,-0.778138 -8.23848,-3.676679 -0.7295,-2.003687 -2.29548,-3.131998 -4.7758,-3.277899 -3.24874,-0.0389 -1.887,-2.723481 -2.52895,-4.87307 -0.28195,-0.398779 -2.14961,-1.692438 -2.14961,-1.692438 l -2.43166,-4.367287 c -0.78787,-1.322818 -1.86755,-2.276042 -3.64752,-2.285752 0,0 -1.59517,-1.984268 -2.06206,-2.285779 -0.46685,-0.301512 -2.811,-1.089388 -2.811,-1.089388 0.022,-1.993977 -0.22345,-3.676706 -1.31311,-4.766092 l -3.27788,-3.277873 c -1.51738,0.243306 -2.50949,-1.37145 -3.27786,-3.773945 l -3.18067,-2.684585 -2.43165,-1.08936 -5.70955,-3.472433 -2.52895,-2.781854 -4.12415,-3.180605 c -1.80915,-0.972672 0,-4.892518 -7.30472,-5.962457 l -2.81101,-2.480314 c -1.78971,-1.789706 -3.55022,-3.793421 -5.45667,-4.503449 -0.48634,-0.184825 -0.88512,0.418254 -1.47846,-0.272271 1.19639,-3.365429 -0.93377,-3.900399 -4.21165,-3.579411 -0.5447,-2.081535 -2.62618,-2.7429299 -5.15513,-2.9763877 l -4.30894,0.097377 -0.0971,-49.0808483 z"
             style="font-weight:700;font-size:6px;font-family:Arial-BoldMT, Arial;fill:#1197d4;fill-opacity:1;stroke:#ffffff;stroke-width:0.797589px;stroke-linecap:round;stroke-linejoin:round" />
          <g
             id="g3269"
             transform="matrix(0.97266844,0,0,0.97266844,-756.10395,-65.306726)"
             style="fill:#e5794d;fill-opacity:1">
            <path
               id="Corrientes"
               style="font-weight:700;font-size:6px;font-family:Arial-BoldMT, Arial;fill:#e5794d;fill-opacity:1;stroke:#ffffff;stroke-width:0.8px;stroke-linecap:round;stroke-linejoin:round"
               class="cls-5"
               d="m 370.28,184 -1.39,0.95 -1.09,-0.32 0.3,1.05 c 1.62,1.05 3.24,1.58 4.87,1.79 l 0.89,-0.74 -0.6,-1.79 -1.49,-0.53 -1.49,-0.42 z m -37.46,-7.7 10.43,0.95 8.84,3.79 8.64,1.79 4.47,2.32 6.66,2.84 2.98,0.42 c -0.71,-2.13 0.9,-2.41 1.39,-3.58 1.03,-1.64 2.38,-1.9 4.07,-0.74 l 1.59,3.69 1.99,-1.05 2.78,-4.32 5.36,-2.43 4.67,2.11 -1.69,2.85 c 0,0 0.3,1.58 0.3,2.21 0,0.63 -0.1,3.69 -0.1,3.69 l 0.69,2.53 2.38,3.69 1.69,1.48 0.3,2.11 2.68,3.16 1.59,2.32 0.6,2.64 -2.19,2.63 c -1.57,3.33 -1.59,2.19 -3.97,4.64 -0.2,0.42 -1.39,2 -1.39,2 l -2.09,0.95 c 0,0 -1.09,2.11 -1.39,2.53 -0.3,0.42 -2.29,1.37 -2.29,1.37 l -1.79,2.11 -2.88,4.01 c 0,0 -1.29,2.85 -1.89,3.48 -0.6,0.63 -2.88,3.27 -2.88,3.27 l -2.98,1.16 -1.39,1.9 -1.79,2.42 -0.69,3.27 c 0,0 -2.19,2.32 -2.58,2.95 -0.4,0.63 -1.79,2.32 -1.79,2.32 l -2.19,0.53 c -1.35,-0.41 -1.21,1.38 -1.29,2.85 l -2.19,1.79 -3.08,2.43 c -1.79,0.3 -2.84,1.18 -3.58,2.32 l -0.6,1.37 c 0,0 -1.49,0.32 -1.69,0.74 -0.2,0.42 -0.3,2.43 -0.3,2.43 0,0 0,2.11 -0.4,2.32 -0.4,0.21 -2.88,2.42 -2.88,2.42 l -2.38,1.16 -2.09,1.05 -1.19,2.21 -1.19,3.79 -2.09,3.58 c 0,0 -1.49,1.9 -1.59,2.53 -0.1,0.63 -0.7,3.79 -0.7,3.79 l -3.08,-5.59 v -4.22 l -3.68,-2.21 -1.59,-2.11 -1.99,-1.37 -4.57,-1.27 -4.77,0.74 -4.37,2.11 -4.17,-0.53 -2.88,1.26 -3.28,1.16 -4.67,0.11 -3.78,-0.84 -2.88,1.58 -0.99,0.32 0.89,-6.22 c 0,0 0.89,-3.27 0.89,-3.79 0,-0.52 -1.19,-4.11 -1.29,-4.64 -0.1,-0.53 -0.4,-3.06 0.1,-3.79 0.5,-0.74 2.38,-7.06 2.19,-7.69 -0.2,-0.63 0.4,-6.43 0.4,-6.43 0.55,-2.77 3.63,-3.61 5.76,-4.74 l 5.17,-5.06 0.89,-6.22 0.5,-4.53 0.5,-1.47 0.6,-3.69 0.1,-5.37 1.99,-6.64 2.58,-3.27 c 0,0 1.99,-2.21 1.99,-2.95 0,-0.74 0.99,-5.69 0.89,-6.22 -0.1,-0.53 -0.6,-4.11 -0.6,-4.11 l -0.3,-5.9 c 0,0 0.89,-2 1.09,-2.42 3.73,-2.23 8.09,-3.92 13.41,-4.75 z" />
          </g>
          <path
             id="Entre Ríos"
             class="cls-7"
             d="m -441.07619,318.58605 -1.6438,-6.56548 1.44929,-9.94068 1.44925,-4.81472 1.83837,-5.94298 4.4451,-1.12835 2.13011,-2.25656 -0.86564,-9.73641 -1.64383,-6.14725 1.7411,-5.73876 1.35197,-2.46087 -1.54653,-4.20194 0.48633,-3.48212 -0.48633,-2.05236 -0.19448,-2.36358 3.86147,-2.97636 1.15747,-4.71743 0.3891,-2.14962 -0.86573,-1.5368 0.0971,-1.84807 2.704,-3.68643 1.74114,-5.7387 1.15743,-9.53215 -0.38906,-4.20194 -1.25474,-2.66509 -2.8013,-5.01899 0.19448,-3.58916 -4.1533,-2.14959 -2.22738,-2.6651 -2.50951,-0.81704 -4.6396,-0.71979 -3.19038,0.61275 -3.28758,1.43956 -1.83839,0.31128 -2.99579,-0.31128 -1.7411,0.92405 -2.99582,1.22557 -4.05599,0.20413 -1.64383,0.40853 -3.19034,-1.12832 -4.25058,2.35387 0.38904,8.81233 -1.352,4.40624 -2.60673,4.8147 c 0,0 -5.50528,8.81236 -5.50528,9.23062 0,0.41823 -3.48215,7.17827 -3.48215,7.17827 l -6.95461,5.43722 -5.12597,4.51322 -2.13014,4.71741 -0.0971,5.33021 -0.86564,6.76981 -1.06023,6.66275 1.1575,6.97406 c 0,0 0.5836,4.4062 0.96293,4.20193 0.38908,-0.20414 4.15331,5.73871 4.15331,5.73871 l 4.34784,4.1047 8.40382,8.91934 6.76007,3.48217 1.6438,2.35384 4.54238,1.53682 3.19034,3.38491 3.95874,0.61276 3.76426,1.42983 5.12592,0.92403 2.89857,1.74107 2.89855,1.94532 2.22743,0.10703 0.96293,-0.51549 z"
             style="font-weight:700;font-size:12px;font-family:Arial-BoldMT, Arial;fill:#6c4b9b;fill-opacity:1;stroke:#ffffff;stroke-width:0.797589px;stroke-linecap:round;stroke-linejoin:round" />
          <g
             id="g3252"
             transform="matrix(0.97266844,0,0,0.97266844,-756.10395,-65.306726)"
             style="fill:#7853ac;fill-opacity:1">
            <g
               id="g3237"
               style="fill:#7853ac;fill-opacity:1">
              <path
                 id="Buenos-Aires"
                 style="font-weight:700;font-size:6px;font-family:Arial-BoldMT, Arial;fill:#7853ac;fill-opacity:1;stroke:#ffffff;stroke-width:0.49px;stroke-linecap:round;stroke-linejoin:round"
                 class="cls-6"
                 d="m 277.86,369.88 7.25,7.61 3.95,1.84 3.66,2.45 0.87,1.84 3.18,0.51 3.37,2.76 2.99,1.94 3.66,-0.2 6.16,2.66 1.64,-0.2 3.95,2.86 2.5,1.43 2.89,-0.52 0.7,2.1 -0.02,0.97 -0.1,1.53 -0.48,1.94 -0.38,2.04 -0.39,1.23 -1.06,0.51 -0.67,-0.82 -1.16,0.61 v 0.92 l 0.68,0.41 v 1.12 l -0.48,0.51 0.19,0.72 -0.77,0.61 0.29,1.12 0.87,0.72 0.1,0.61 0.19,0.72 2.99,4.49 0.48,0.92 0.87,0.31 0.48,0.41 1.16,0.41 c 0,0 -0.1,1.53 0.29,1.53 0.39,0 1.64,0.1 1.64,0.1 h 1.25 l 0.58,0.51 1.25,0.82 1.06,0.92 1.83,0.51 1.06,0.61 0.87,1.02 2.6,1.74 1.44,0.51 0.1,0.82 1.25,0.82 1.15,0.92 1.35,0.31 1.83,1.74 0.87,1.63 1.25,1.23 0.87,1.23 2.79,3.98 0.96,1.94 0.29,1.74 -0.58,1.63 -1.06,1.12 -1.06,1.53 -1.16,0.92 v 0.92 l -1.06,1.12 -0.48,1.23 -1.35,2.25 -0.48,1.33 -0.1,1.74 v 1.53 l 0.1,1.64 0.77,1.53 1.16,2.25 0.77,1.02 0.58,2.14 2.02,1.74 c 0,0 0.87,1.02 1.06,1.53 0.19,0.51 1.73,1.33 1.73,1.33 l 2.41,0.61 0.96,0.1 0.29,0.51 0.39,-0.92 1.16,0.1 1.16,0.61 h 0.48 l -0.1,-1.12 0.29,-0.31 0.48,1.53 0.77,6.23 0.1,0.92 c 0,0 -0.29,0.72 -0.29,1.12 v 1.94 c 0,0.61 0.29,1.43 0.29,1.43 v 1.23 l -0.19,1.02 -0.39,0.92 0.58,1.23 -0.39,1.63 -0.77,1.63 c 0,0 -0.39,-0.1 -0.77,0.72 -0.39,0.82 -1.64,3.06 -1.64,3.06 l -1.06,0.41 -0.58,1.74 c 0,0 -0.96,0.92 -1.25,1.43 -0.29,0.51 -1.35,1.94 -1.35,1.94 0,0 -0.67,0.82 -0.67,1.23 0,0.41 -0.39,1.43 -0.39,1.43 0,0 -0.67,-0.2 -0.96,0.2 -0.29,0.41 -0.48,1.43 -0.48,1.43 l 0.1,0.82 -0.67,1.23 -0.77,0.92 -1.73,2.65 -1,1.16 c 0,0 -0.25,0.37 -0.64,0.68 -0.39,0.31 -0.67,0.31 -1.06,0.51 -0.39,0.2 -0.67,0.41 -0.67,0.41 l -0.39,0.82 c 0,0 -0.48,0.2 -1.06,0.61 -0.58,0.41 -1.25,2.25 -1.25,2.25 0,0 -0.87,0.41 -1.06,0.82 -0.19,0.41 -0.77,1.02 -1.16,1.53 -0.39,0.51 -0.87,2.25 -0.87,2.25 v 1.12 l -0.29,1.23 -0.87,0.61 0.67,0.82 c 0,0 0.1,0.51 0,1.12 -0.1,0.61 -0.67,1.53 -0.67,1.53 0,0 -0.39,0.41 -0.77,0.92 -0.38,0.51 -0.87,1.12 -0.87,1.12 0,0 -1.35,1.74 -1.83,1.94 -0.48,0.2 -2.02,1.12 -2.02,1.12 0,0 -0.67,0.41 -1.25,0.61 -0.58,0.2 -0.96,0.31 -1.54,0.72 -0.58,0.41 -1.44,0.92 -1.83,0.92 -0.39,0 -0.48,-0.2 -0.77,0.31 -0.29,0.51 -0.39,0.51 -0.87,0.92 -0.48,0.41 -0.39,0.41 -1.15,0.72 -0.77,0.31 -0.68,0 -1.25,0.41 -0.58,0.41 -1.06,1.02 -1.06,1.02 0,0 -0.1,0.31 -0.96,0.51 -0.87,0.2 -0.89,-0.02 -2.31,0.65 -0.93,0.44 -1.44,0.88 -2.31,0.99 -0.87,0.1 -1.06,0.1 -1.83,0.31 -0.77,0.2 -0.87,0.41 -1.73,0.82 -0.87,0.41 -1.44,0.41 -1.44,0.41 l -2.89,0.82 -3.18,1.02 -3.27,1.23 c 0,0 -1.35,0.41 -2.41,0.51 -1.06,0.1 -1.93,0.31 -2.41,0.41 -0.48,0.1 -1.64,0.2 -2.21,0.41 -0.58,0.21 -0.58,0.72 -1.73,0.82 -1.16,0.1 -2.41,0.2 -3.08,0.31 -0.67,0.1 -1.16,0 -2.02,0.31 -0.87,0.31 -2.79,1.23 -3.27,1.23 -0.48,0 -2.79,1.23 -2.79,1.23 0,0 -1.83,0.2 -3.66,0.2 -1.83,0 -2.89,0.92 -3.85,0.92 -0.96,0 -4.33,0.61 -4.33,0.61 0,0 -0.96,0.72 -2.5,0.92 -1.54,0.2 -2.7,0.41 -3.37,0.51 -0.67,0.1 -1.44,0.51 -2.7,0.61 -1.25,0.1 -0.39,0.2 -3.37,0.41 -2.98,0.21 -6.45,1.23 -6.45,1.23 l -3.56,-0.2 -3.37,0.41 c 0,0 -1.93,-0.92 -2.31,-0.82 -0.39,0.1 -1.54,1.63 -1.93,1.53 -0.38,-0.1 -1.73,0.72 -1.73,0.72 l -0.96,-1.53 -2.21,0.2 -3.18,-0.61 c 0,0 -1.54,-0.31 -2.31,-0.72 -0.77,-0.41 -1.44,-0.41 -1.73,-0.82 -0.29,-0.41 -1.54,-2.45 -1.54,-2.45 l -1.25,-1.33 -1.25,-0.2 -1.06,-0.51 -0.87,0.61 v 0.82 l -0.48,0.31 0.1,-0.72 -0.39,-0.51 -0.48,1.02 v 1.53 l 0.96,0.2 0.19,0.92 c 0,0 1.15,0.72 0.38,1.02 -0.77,0.31 -0.48,0.92 -0.48,0.92 l 0.96,1.02 1.35,0.1 -0.87,1.12 -0.96,0.61 0.29,0.82 -0.58,0.61 -0.67,0.31 0.29,0.51 0.58,0.2 -0.1,0.61 -0.39,0.31 0.77,0.82 0.1,0.72 0.29,0.61 0.48,0.31 0.29,-0.51 0.58,0.61 -0.29,0.82 0.76,0.45 h 1.69 l 0.15,0.86 0.66,-0.39 0.44,0.31 1.1,1.01 0.74,0.55 0.44,1.56 -1.25,0.08 -0.74,-0.39 -0.07,-0.39 h -1.1 l 0.07,-1.01 -0.51,-0.23 -0.88,-0.62 -0.51,-0.39 -1.1,0.23 0.15,0.86 1.03,-0.08 0.96,0.39 v 1.17 l 0.81,0.39 0.88,0.47 c 0,0 -0.15,0.39 0.22,0.39 0.37,0 0.66,0.16 0.66,0.16 l 0.44,0.47 -0.29,0.47 -0.22,1.09 0.15,1.17 c 0,0 -0.29,0.16 -0.37,0.55 -0.07,0.39 0,0.94 0,0.94 l -0.59,0.31 c 0,0 -0.07,1.17 0,1.48 0.07,0.31 0.15,1.09 -0.07,1.48 -0.22,0.39 -0.29,1.09 -0.29,1.09 l 0.44,0.7 -0.22,0.86 c 0,0 -0.22,0.08 -0.22,0.47 v 1.41 c 0,0.47 0.29,0.23 0.29,0.23 l 0.07,0.7 -0.44,0.08 0.22,0.39 -0.07,0.78 -0.66,0.23 -0.73,-0.47 -0.44,-0.23 -0.22,0.62 -0.96,-0.16 -1.25,0.31 -0.81,0.62 0.07,0.62 0.81,0.47 -0.81,0.31 -0.15,0.62 0.59,0.78 -0.74,-0.08 -0.22,1.33 0.22,2.73 0.96,1.02 -0.88,0.62 c 0,0 -0.15,0.55 -0.15,0.86 0,0.31 -0.44,0.55 -0.44,0.55 l -0.15,1.64 -0.66,-1.01 -0.74,0.86 -0.44,0.78 -0.37,1.25 0.37,1.33 c 0,0 -0.15,0.31 0.37,1.17 0.51,0.86 0.74,0.78 0.74,1.09 0,0.31 0.37,1.41 0.37,1.41 l 1.91,0.62 0.66,0.86 1.47,0.78 c 0,0 0.22,0.55 0.51,0.7 0.29,0.16 0.29,0.86 0.29,0.86 v 1.56 l -0.66,0.94 c 0,0 -0.44,-0.08 -0.52,0.31 -0.07,0.39 -0.07,0.7 -0.15,1.25 -0.08,0.55 -0.96,3.04 -0.96,3.04 l -0.44,1.41 -1.03,0.94 -0.81,0.78 -0.66,0.08 c 0,0 0.15,0.78 -0.22,0.78 h -1.47 l -1.1,0.39 -0.37,0.55 -1.91,0.39 c 0,0 -0.44,1.25 -0.74,1.25 -0.3,0 -1.18,0.16 -1.18,0.16 0,0 0.07,0.23 0,0.62 -0.07,0.39 -0.66,-0.08 -0.66,-0.08 h -1.47 l -4.41,-6.09 -4.19,-2.73 -2.13,-0.47 -1.32,-1.17 h -2.87 l -1.77,-207.53 42.82,0.16 20.16,-25.76 0.29,-1.33 c 0,0 0.52,-1.01 0.81,-1.17 0.29,-0.16 2.5,-0.62 2.5,-0.62 l 2.43,0.94 2.06,0.62 1.69,0.86 7.35,-9.98 z m -51.13,220.01 -0.59,0.23 0.81,0.86 0.07,-0.62 z m 2.28,11.95 -0.07,1.41 -0.51,0.47 v 2.03 l -0.44,0.78 -0.44,-0.31 -0.07,0.7 0.59,0.55 0.59,-0.86 0.66,-1.01 -0.22,-0.86 -0.15,-0.55 h 0.66 l 0.37,-0.7 -0.52,-0.16 0.15,-0.39 0.59,0.55 0.15,-1.8 -0.66,0.78 -0.66,-0.63 z m 1.32,-7.26 -0.15,1.72 0.07,1.01 0.29,-1.17 -0.22,-1.56 z m -5.22,5.3 -0.52,0.7 v 1.17 l 0.74,-0.47 0.52,-0.23 z m 6.91,-34.57 0.96,0.16 v 0.7 z m -1.76,-0.55 c 0,0 0.66,-0.31 0.66,0 0,0.31 -0.15,0.86 -0.15,0.86 l 0.59,0.62 -0.59,0.39 -0.74,-0.94 -1.25,-0.47 0.29,-0.94 0.88,-0.31 0.29,0.78 z m -4.12,-9.05 -0.59,0.78 0.15,0.86 0.59,-0.23 -0.07,-0.55 0.44,-0.55 -0.51,-0.31 z m 3.16,1.01 -0.07,1.01 0.44,0.55 -0.59,0.31 1.25,0.16 0.88,-0.31 1.69,1.01 0.22,0.55 0.88,-0.78 -0.81,-0.55 -1.03,-0.23 -0.15,-0.78 -1.99,0.16 -0.74,-0.55 v -0.55 0 z m 1.77,3.9 -0.29,-0.47 v 1.17 l 0.37,0.86 v 0.78 l 0.81,0.08 0.96,0.94 0.29,0.08 1.18,0.16 0.59,0.39 0.37,1.41 0.59,-0.16 0.59,-2.19 -0.59,-1.01 -0.44,-0.7 -0.59,-0.47 -0.52,-0.47 -3.31,-0.39 z" />
            </g>
          </g>
          <path
             id="Misiones"
             class="cls-7"
             d="m -369.96437,111.72866 -1.02131,1.78971 -0.6614,2.02316 c 0,0 0.14594,1.78971 0.14594,2.56784 0,0.77814 -0.14594,2.95692 -0.14594,3.26816 0,0.31126 1.0991,1.71189 1.0991,1.71189 l 3.58916,4.90226 c 0,0 -0.0682,1.7897 0.0781,2.17878 0.14593,0.38903 1.39093,2.4122 1.98427,2.9569 0.58357,0.54472 1.82861,2.72349 1.82861,2.72349 0,0 1.17693,0.85592 1.98423,0.38904 0.80732,-0.46686 2.71374,0.46688 2.71374,0.46688 l 1.53683,-1.32281 1.76052,-2.8791 3.15144,-2.87908 1.98428,-0.93378 h 2.78182 l 2.19823,-2.95692 1.90642,-0.62249 0.7295,-2.02317 3.00554,-2.64566 3.07366,-1.63407 3.07359,-1.08938 1.90646,-0.85596 2.27604,-0.93378 0.36959,-0.46686 2.49005,-0.0778 1.61462,-0.15558 2.05233,-3.89069 2.13016,-0.46686 1.53683,-0.70034 0.14592,-0.85593 1.46873,-1.40064 1.97452,-0.46689 0.80733,-0.93378 1.53683,1.47846 1.0991,-0.38907 0.14592,-1.32282 2.63589,-3.19034 1.02135,-1.94534 0.22343,-1.711915 -0.29193,-0.778111 -0.58358,-0.544708 0.14593,-1.789705 -0.7295,-0.933776 -0.14594,-2.567844 1.02128,-5.213505 0.51553,-1.322817 0.88514,-2.178775 c 0,0 -0.14621,-3.190342 -0.14621,-3.65723 v -3.4238 l -1.82859,-3.112523 -1.61463,-1.867526 c 0,0 -0.0778,-2.023162 -0.0778,-2.567843 0,-0.544707 -0.22372,-3.968507 -0.22372,-4.279757 0,-0.311249 0.22372,-1.867524 -0.0781,-2.100954 -0.29194,-0.233376 -1.90642,-2.412232 -1.90642,-2.412232 l -1.32282,-2.334387 -0.87541,-1.556275 -1.17694,0.31125 c 0,0 -1.0991,0.466888 -1.46872,0.233375 -0.3696,-0.233375 -1.32281,-1.167206 -1.32281,-1.167206 0,0 -0.36963,-0.233376 -0.72951,-0.155583 -0.36962,0.07779 -1.8286,1.634094 -1.8286,1.634094 l -0.87541,0.6225 -1.17694,-0.233376 c 0,0 -0.4377,-0.933749 -0.80732,-0.544707 -0.36959,0.389068 -2.13014,1.400664 -2.13014,1.400664 l -2.13015,-1.089387 -0.80729,-0.778138 h -1.76055 c 0,0 0.14593,1.011568 0.14593,1.478456 0,0.466861 -0.22372,1.711886 -0.58358,2.334386 -0.36964,0.622526 -1.32287,2.256594 -1.32287,2.256594 0,0 -0.0781,1.245025 0.0781,1.945343 0.14593,0.700319 1.61462,2.178774 1.61462,2.178774 0,0 -0.0682,1.478456 -0.29194,1.867526 -0.22372,0.389068 -0.8754,1.711913 -0.8754,1.711913 0,0 -0.6614,1.244998 -0.72951,1.867498 -0.0781,0.622526 -0.0781,1.089387 -0.0781,1.867524 v 1.945344 c 0,1.011568 -0.0781,1.556275 -0.14593,1.945345 -0.0682,0.389068 -0.5836,2.178774 -0.7295,2.567843 -0.14592,0.389068 -0.43773,1.167206 -0.5836,2.100955 -0.14593,0.933776 -0.43773,1.245026 -0.66145,1.556275 -0.22345,0.311249 -1.02128,1.634095 -1.02128,1.634095 0,0 -0.66142,0.933748 -0.87543,1.244997 -0.22345,0.31125 -0.72948,1.011568 -0.72948,1.011568 0,0 -0.0781,0.389069 -0.0781,1.089415 V 91.1082 c 0,0.466861 -0.0781,0.855929 -0.0781,0.855929 l -1.39093,0.233376 -1.68273,-0.233376 c 0,0 -1.245,1.400637 -1.245,1.867526 0,0.466888 0.36962,0.778137 0.36962,0.778137 l -1.17692,1.634096 -2.19821,-0.07779 c 0,0 -1.39096,0.933748 -1.68273,1.089386 -0.29195,0.155585 -0.95323,0.311251 -1.24503,0.933749 -0.29194,0.622527 -0.36959,2.956917 -0.36959,2.956917 l -1.39093,0.23337 c 0,0 -4.98004,-0.15558 -5.28158,0 -0.29195,0.15559 -1.02132,0.70032 -1.02132,1.08939 0,0.38907 0.6614,2.95691 0.6614,2.95691 l -2.3441,0.15559 -1.09915,1.24502 -0.51551,1.47846 c 0,0 -0.9532,0 -0.87538,0.46689 0.0781,0.46686 0.7295,1.32281 0.80732,1.71188 0.0781,0.38907 -1.32285,1.40063 -1.61464,1.63409 -0.29195,0.23337 -0.72951,0.93375 -1.39091,1.16718 -0.66142,0.23338 -1.46874,0.54471 -1.90644,0.23338 -0.43771,-0.31125 -1.82861,-1.16719 -1.82861,-1.16719 l -2.71377,-1.7119 -0.66139,1.08938 z"
             style="font-weight:700;font-size:12px;font-family:Arial-BoldMT, Arial;fill:#8664b4;fill-opacity:1;stroke:#ffffff;stroke-width:0.797589px;stroke-linecap:round;stroke-linejoin:round" />
          <g
             id="g3230"
             transform="matrix(0.97266844,0,0,0.97266844,-756.10395,-65.306726)"
             style="fill:#8664b4;fill-opacity:1">
          </g>
          <g
             id="g7156"
             transform="matrix(0.97266844,0,0,0.97266844,-1221.6587,-65.306726)"
             style="fill:#8664b4;fill-opacity:1" />
          <path
             id="Santa-Cruz"
             class="cls-7"
             d="m -646.26056,906.11671 2.76235,-0.27227 -0.60305,1.37143 0.51553,0.18482 0.86566,-1.45901 0.17517,-2.28577 -1.46872,-1.0991 -3.19037,-3.92962 -2.23717,-3.20004 -1.80915,-3.11253 -1.89665,-4.02688 -1.6341,-2.55811 -1.29369,-2.01345 -0.77811,0.18483 -0.77812,1.00186 -1.03103,1.6438 -1.38122,-2.10098 1.29365,0.18482 0.9435,-1.64378 h 0.77816 l 1.98424,0.0874 v -0.82677 l -5.77766,-15.18334 0.34043,-1.55628 -0.60305,-0.91433 -0.94351,-0.27227 -0.17517,-0.64195 1.11854,-1.37147 0.42799,-2.28575 -1.03104,-2.55813 0.34044,-2.92774 0.6906,-3.01527 0.9435,-2.74293 1.11857,-3.47241 1.63409,-2.10099 2.49976,-2.01341 5.60255,-3.20006 0.86566,-0.91433 c 0,0 -0.69055,-0.0874 -0.77811,-0.54468 -0.0874,-0.45715 -1.72165,-1.28392 -1.72165,-1.28392 l -1.03101,-1.09912 -1.29364,-2.74293 -1.03103,-3.84203 0.26261,0.0874 3.88095,6.49748 1.55628,1.8286 1.9842,-0.0875 2.84024,-1.55628 1.89667,-2.10095 c 0,0 3.19038,-3.29738 3.10282,-3.92958 -0.0874,-0.64195 0.69061,-3.65724 0.69061,-3.65724 l 0.34043,-3.65726 -0.34043,-3.92955 0.86566,-4.02688 0.34044,-4.57153 0.428,-2.37328 -0.9435,-0.82679 -0.0874,-2.92771 2.49973,-5.30103 2.14959,-3.20011 2.14961,-0.91433 1.89672,-3.56964 0.17516,-1.64384 2.67483,-2.28575 2.41222,-1.55627 3.88093,-4.57156 2.0718,-0.27227 0.0874,-0.54468 1.2061,-0.27227 -0.17517,-0.91433 0.34044,-1.0991 1.89674,0.0874 0.0874,-2.65538 2.5873,-2.37334 1.38119,-2.37327 1.55631,-0.18482 0.7781,-0.82678 1.80916,-0.0874 -0.26262,-0.91433 -1.03099,-0.82678 0.77811,-0.54468 -0.26261,-2.92772 2.32467,-0.0874 0.17517,1.09913 0.86567,-0.8268 -0.34047,-1.74104 -1.63404,-0.64195 0.34044,-1.37148 -0.60308,-1.09913 -0.60302,-1.74107 0.94348,0.45715 0.34041,-1.6438 0.77817,-2.47057 0.26261,-2.19823 0.34044,-1.64383 v -1.28393 l -0.17517,-1.37145 0.60308,-1.37148 -0.51553,-0.64194 -0.60305,-1.92587 -0.0874,-2.4706 0.42799,-0.64195 -1.11857,-0.64198 -2.49976,-2.47057 -1.80915,-0.45715 -1.6341,-0.36959 -4.22139,0.82674 -2.49973,-0.91431 -1.29367,0.54472 -2.4122,-0.0874 -0.34043,0.72954 -1.11857,-1.00187 -1.11858,0.36962 -1.46874,-0.8268 -1.29366,-1.6438 -1.80915,-2.01342 -2.5873,-2.55811 -0.6906,-0.5447 -0.26262,0.0874 -0.428,-0.9143 -1.55624,-2.01346 -1.20616,0.27227 -0.34041,-1.00183 -1.20607,-0.27227 -0.17517,-0.64194 -1.2061,0.54467 -0.77816,-1.74107 -0.95318,-0.0874 -2.3247,-5.75821 -1.72162,-2.65538 -0.69059,-3.92958 -0.0874,-3.01528 0.77814,-1.74108 -0.26262,-0.45717 0.77814,-1.18663 c -27.82805,1.20613 -56.8233,4.39645 -85.76982,7.49929 l 0.26207,2.65536 -4.99963,4.29921 3.61841,2.7429 1.20605,3.28765 1.38122,6.67248 0.34041,4.11437 -1.63418,0.91434 -3.70587,2.55813 0.26207,2.37331 0.77819,3.11252 0.60302,2.01343 -0.69046,1.18665 1.20604,1.64381 0.26206,0.54467 -4.82446,7.86891 -3.19029,3.84206 0.51558,1.00182 0.60302,3.92959 -1.38121,1.82863 -1.1186,2.74293 -0.77819,1.37145 0.17654,2.92773 2.49981,3.01526 1.72164,2.01344 0.51557,3.65726 1.89651,2.74288 0.69076,1.45901 v 1.55627 l -1.8968,1.45899 -2.76243,2.83048 -0.69048,2.74293 0.42786,1.09912 0.86592,3.11253 -0.42814,3.65725 -1.03087,1.82861 -2.58754,2.01342 -2.14948,2.10093 -1.46866,3.74481 -0.0883,1.37146 6.11796,1.18667 -0.34041,0.64195 -10.34905,-0.27227 -1.1186,1.00186 -0.0883,3.47241 0.42786,4.29921 0.69074,3.2001 0.60303,2.83043 -0.51558,4.29921 -0.51557,2.10095 0.26206,4.84391 1.03115,4.29918 2.92768,8.95829 0.69047,2.55811 2.67498,3.01528 1.63417,5.75818 0.77793,1.45901 5.42748,-4.20194 1.80935,-2.19822 3.96848,-0.45714 3.4529,-1.64384 1.1186,-1.00183 1.38122,0.54471 0.86564,4.38671 0.42785,5.57338 -0.26206,3.74479 1.98424,6.21534 -0.34041,2.10101 -0.3404,2.10095 -0.7782,2.47055 1.38121,3.20008 4.134,4.57156 6.63353,6.12781 8.27737,-0.64195 19.99807,-2.37331 7.58682,-0.642 2.49972,1.45903 4.13386,1.74105 5.60258,0.27227 h 3.01526 l 3.79341,1.91616 4.57157,0.7295 2.67481,1.18666 0.25296,2.28578 z"
             style="font-weight:700;font-size:12px;font-family:Arial-BoldMT, Arial;fill:#42b9f0;fill-opacity:1;stroke:#ffffff;stroke-width:0.797589px;stroke-linecap:round;stroke-linejoin:round" />
          <g
             id="g6104"
             transform="matrix(0.97266844,0,0,0.97266844,-1221.6587,-65.306726)"
             style="fill:#8664b4;fill-opacity:1">
            <g
               id="g23166"
               style="fill:#8664b4;fill-opacity:1" />
            <g
               id="g23173"
               style="fill:#8664b4;fill-opacity:1" />
          </g>
          <g
             id="g6030"
             transform="matrix(0.97266844,0,0,0.97266844,-1221.6587,-65.306726)"
             style="fill:#8664b4;fill-opacity:1;stroke-width:1.00114;stroke-dasharray:none">
            <path
               id="Tierra-del-Fuego"
               style="fill:#8664b4;fill-opacity:1;stroke:#222222;stroke-width:1.00114;stroke-linejoin:bevel;stroke-miterlimit:10;stroke-dasharray:none"
               class="cls-18"
               d="m 357.11,984.5 c 0.24,0.07 0.33,0.34 0.6,0.34 0.42,0.18 0.2,0.81 0.52,1.12 0.08,0.24 0.31,0.6 0.61,0.38 0.31,-0.18 0.65,-0.08 0.62,0.33 -0.06,0.29 0.24,0.46 0.4,0.64 0.17,0.26 0,0.73 0.41,0.8 0.45,0.1 0.67,0.57 0.85,0.93 0.11,0.53 0.6,0.77 1.02,1.05 0.41,0.23 0.83,0.56 0.81,1.06 -0.1,0.74 0.36,1.31 0.81,1.85 0.37,0.62 -0.15,1.44 0.39,1.98 0.42,0.34 0.9,0.67 0.7,1.29 -0.16,0.59 -0.41,1.28 0.17,1.64 0.31,0.71 -1.18,0.75 -0.54,1.4 0.29,0.13 0.76,0.37 0.16,0.51 -0.31,0.22 -0.53,0.57 -0.87,0.75 -0.38,0.15 -0.6,0.77 -1.05,0.66 -0.29,-0.34 -0.47,0.04 -0.61,0.3 -0.27,0.47 -0.89,-0.17 -1.21,0.39 -0.26,0.54 -0.41,0.56 -0.87,0.28 -0.24,-0.46 -0.93,-0.07 -1.22,-0.48 0.33,-0.54 -0.8,-1.01 -0.58,-1.24 0.36,0.34 0.9,0.62 1.42,0.44 0.44,-0.51 1.27,-0.03 1.74,-0.47 0.69,-0.23 0.67,-1.01 0.61,-1.58 -0.56,-0.13 -0.31,0.81 -0.9,0.92 -0.55,0.43 -1.3,-0.43 -0.51,-0.68 0.62,-0.53 -0.54,-0.65 -0.93,-0.53 -0.4,-0.18 -0.43,-0.77 -0.86,-0.84 -0.63,-0.04 -0.4,0.75 -0.45,1.14 0.17,0.58 -0.28,1 -0.8,0.57 -0.3,-0.4 -0.81,-0.03 -0.38,0.33 0.37,0.18 0.28,1.46 -0.01,0.79 -0.43,-0.96 -0.7,-1.52 -1.12,-2.48 0.36,0 0.22,0.08 0.55,0.16 0.18,-0.43 -0.34,-0.81 -0.13,-1.24 0.2,-0.07 0.48,-0.1 0.69,-0.21 0.37,0 0.16,-0.36 -0.02,-0.48 -0.16,-0.09 -0.41,-0.27 -0.36,-0.5 0.11,-0.27 0.54,-0.17 0.8,-0.19 0.3,0.07 0.66,0.09 0.88,-0.16 0.41,-0.09 0.5,-0.52 0.78,-0.62 0.21,-0.05 0.63,0.11 0.67,-0.17 0.08,-0.43 -0.44,-0.57 -0.66,-0.84 -0.06,-0.37 -0.4,-0.4 -0.71,-0.38 -0.42,-0.16 -0.83,0.1 -1.16,0.33 -0.29,0.1 -0.63,0.06 -0.71,-0.27 -0.01,-0.29 0.02,-0.74 0.11,-1.09 0.28,-0.38 0.98,-0.81 0.39,-1.3 -0.24,-0.37 -0.67,-0.57 -0.81,-1 -0.34,-0.46 -0.06,-1.11 -0.54,-1.51 -0.26,-0.35 0.06,-0.94 -0.4,-1.18 -0.63,0.1 -0.87,-0.49 -0.31,-0.86 0.35,-0.27 0,-0.81 0.26,-1.17 0.26,-0.37 0.85,-0.24 1.21,-0.51 0.16,-0.19 0.27,-0.4 0.55,-0.41 z m 1.36,-6.7 c -0.1,0.18 0.04,0.37 0.18,0.49 0.14,0.11 0.26,0.25 0.22,0.43 0,0.27 -0.14,0.51 -0.29,0.73 -0.21,0.16 -0.49,0.04 -0.71,-0.04 -0.24,-0.2 -0.42,-0.52 -0.77,-0.54 -0.32,-0.2 -0.39,-0.61 -0.33,-0.95 0.03,-0.36 0,-0.73 0.08,-1.09 0.15,-0.39 0.47,-0.72 0.5,-1.15 0.05,-0.23 0.16,-0.41 0.13,-0.65 0.08,-0.29 0.4,-0.45 0.69,-0.51 0.23,-0.13 0.14,-0.44 0.3,-0.61 0.29,-0.1 0.41,0.31 0.32,0.51 -0.05,0.17 -0.2,0.28 -0.22,0.45 -0.07,0.2 -0.16,0.51 0.06,0.64 -0.09,-0.06 0.01,0.08 0.39,0.02 0.15,-0.02 0.17,0.37 0.08,0.58 -0.12,0.25 -0.86,0.5 -0.52,0.62 0.26,0.1 0.38,0.19 0.41,0.31 0.09,0.36 0.03,0.7 -0.11,0.71 -0.35,0.04 -0.44,0.06 -0.44,0.03 m 63.04,40.16 c -1.09,0.33 -2.18,0.54 -3.32,0.53 -1.92,0.23 -3.42,1.65 -5.32,1.82 -0.77,0.21 -1.54,0.37 -2.09,0.87 -0.58,0.32 -2.05,-0.03 -1.26,0.91 -0.04,0.82 -1.23,0.45 -1.17,-0.18 -0.74,-0.27 -0.52,1 -1.15,1.17 -0.6,0.81 -1.51,1.99 -0.75,2.98 0.32,1.3 2.05,1.89 2.36,3.18 0.44,0.81 1.65,0.74 2.29,0.2 0.81,0.48 1.54,-0.47 2.3,0.07 0.05,1.09 -1.46,0.79 -2.15,1.33 -1.04,0.13 -0.79,1.06 -0.42,1.67 -0.25,1.01 -1.31,1.37 -2.29,1.36 -1.97,0.92 -4.01,1.72 -6.11,2.34 -1.13,0.86 -2.78,0.43 -3.76,1.51 0.05,1.24 -0.82,1.84 -1.94,1.23 -3.18,-0.71 -6.69,0.91 -7.96,3.78 -0.09,0.77 -0.07,2.1 -1.01,2.17 -0.53,-0.62 0.01,-1.74 -0.73,-2.35 -0.47,-0.64 -1.37,-0.87 -2.08,-1.18 -0.72,-0.37 -1.41,-1.14 -2.31,-1.42 -1.01,-0.6 -2.1,-1.16 -3.25,-1.35 -0.93,-0.72 -2.31,-0.22 -3.43,-0.3 -0.58,-0.36 -2.33,-1.47 -1.49,-0.22 6.14,13.2 12.48,26.77 18.62,39.96 9.61,-20.01 19.18,-40.12 28.78,-60.12 -0.13,0 -0.24,0.06 -0.36,0.03 z m -46.76,8.11 c 0.17,-0.82 0.56,-1.34 0.66,-1.69 0.43,-1.92 -2.34,-1.21 -2.11,1.07 0.04,0.37 -0.07,0.7 -0.28,0.86 -0.6,1.27 -0.36,2.24 -0.15,3.48 0.79,1.83 1.44,1.11 1.76,0.66 1.36,-1.57 0.21,-2.41 0.12,-4.38 z m -14.54,-18.91 5.93,12.78 c 0.28,-0.1 0.62,-0.03 0.99,-0.37 0.24,-0.23 0.63,-0.28 0.75,-0.16 0.38,-0.05 0.43,-0.19 0.48,-0.26 0.06,-0.09 0.21,-0.07 0.33,-0.03 0.08,0.03 0.12,-0.11 0.16,-0.18 0.09,-0.18 0.28,-0.17 0.5,-0.25 1.43,0.14 0.26,-1.08 0.8,-2.2 0.43,-0.61 1.37,-0.52 1.55,-1.28 -0.14,-0.3 1.16,-1.03 1.45,-1.23 1.1,-0.78 0.56,-0.83 1.47,-1.61 0.47,-0.4 0.83,-0.98 1.53,-1.84 -0.19,0.25 0.74,-0.63 -1.07,-1.62 -0.3,-0.16 0.19,-0.69 0.72,-1.21 0.26,-0.25 0.59,-0.22 1.17,0.3 0.58,0.52 1.08,0.11 0.06,-0.98 -0.08,-0.09 0.02,-0.31 -0.11,-0.73 -0.03,-0.19 -0.05,-0.41 0.07,-0.6 0.02,-0.54 -0.14,-0.33 -0.16,-0.66 -0.02,-0.65 0.44,-0.81 0.56,-1.17 0.28,-0.82 0.3,-2.92 0,-2.86 -0.5,0.11 -1.84,0.38 -0.24,-1.24 0.1,-0.1 0.44,1.04 0.85,0 0.11,-0.27 0.42,0.32 0.55,0.23 0.11,-0.07 0.23,-0.16 0.23,-0.28 -0.01,-0.44 -0.11,-0.99 -0.22,-1.17 -0.12,-0.19 -0.26,-0.08 -0.35,0.04 -0.49,0.61 -0.91,1.04 -0.6,-0.75 0.13,-0.77 -0.9,0.31 -1.07,0.05 -0.12,-0.18 -0.2,-0.42 -0.29,-0.52 -0.08,-0.09 -0.15,-0.06 -0.22,-0.12 -0.74,-0.74 0.85,-0.51 0.84,-0.61 0.03,-1.12 -0.08,-2.57 -0.56,-1.95 -0.66,0.85 -1.15,0.34 -1.46,0.24 -0.55,-0.16 -0.49,-0.5 0.72,-1.54 0.78,-0.44 0.63,-0.64 0.02,-1 -0.07,-0.04 -0.05,-0.12 -0.14,-0.13 -0.07,0 -0.24,0.2 -0.3,0.16 -0.32,-0.19 -0.5,-0.91 0.36,-1.34 0.19,-0.1 -0.83,-0.68 -0.85,-0.87 -0.02,-0.29 -0.35,-1.93 -0.67,-0.45 -0.07,0.31 -0.23,0.48 -0.36,-0.05 -0.08,-0.34 -0.49,-0.77 0.32,-0.91 0.55,-0.1 0.07,-0.99 -0.87,-0.29 -0.24,0.17 -0.35,0.08 -0.45,-0.14 -0.04,-0.09 -0.03,-0.23 -0.12,-0.29 -0.97,-0.6 0.77,-0.64 0.12,-1.58 -0.05,-0.08 -0.07,-0.27 -0.16,-0.23 -0.26,0.06 -0.89,-0.4 -1.05,-0.94 0.06,-1.13 -0.21,-1.56 -0.23,-1.65 -0.16,-0.25 -0.78,-0.29 -0.84,-0.57 -0.04,-0.21 -0.04,-0.6 -0.15,-0.51 -0.37,0.3 -1.03,0.04 -0.79,-0.22 0.35,-0.39 0.05,-0.29 -0.25,-0.2 -0.48,0.15 -0.6,-0.14 0,-0.58 0.19,-0.14 0.28,-0.3 0.2,-0.48 0,-0.3 -0.5,-0.19 -0.96,-0.11 -0.29,0.05 -0.22,-0.34 -0.23,-0.71 0.03,-0.26 0.44,-0.1 0.88,-0.61 0.47,-0.31 0.28,-0.32 -0.17,-0.22 -0.54,0.01 -0.48,0.08 -0.66,0.13 -0.4,0.33 -0.4,0.37 -0.49,0.48 0.14,0.49 0.34,1.04 0.09,1.27 -0.07,0.03 -0.27,0.16 -0.24,0.08 0.03,-0.08 -0.14,-0.18 -0.3,-0.07 -0.28,0.19 -0.53,0.12 -0.74,-0.09 -0.27,0.26 -0.52,0.32 -0.67,-0.26 l -0.1,-0.15 c -0.37,0.21 -1.45,0.47 -0.41,-0.13 0.45,-0.73 0.47,-0.96 0.04,-0.66 -0.66,0.42 -0.82,-0.2 -0.16,-0.61 0.91,-0.71 0.67,-1.53 -0.02,-0.53 -0.94,0.44 -1.38,0.5 -0.77,-0.43 0.12,-0.11 0.1,-0.5 -0.04,-0.38 -0.22,0.19 -0.39,-0.1 -0.42,-0.51 0.06,-0.09 0.07,-0.14 -0.2,-0.1 -0.23,0.04 -0.18,-0.43 0.18,-0.53 0.06,-0.02 0.09,-0.24 0.13,-0.28 -0.47,-0.65 -0.14,-0.69 -0.05,-0.91 0.17,-0.07 0.31,-0.18 0.34,-0.4 0.41,-3.29 1.29,-2.09 1.9,-2.22 0.46,-0.04 0.28,-0.61 -0.09,-0.53 -0.59,0.12 -0.99,0 -0.72,-0.62 0.1,-0.22 0.19,-0.21 0.24,-0.27 l 0.1,-0.18 c -0.5,0.04 -0.36,-0.45 0.02,-0.85 0.39,-0.08 0.06,-0.38 -0.03,-0.6 0.42,-0.46 0.74,-0.16 1.08,0.16 l 1.15,0.83 c 0.37,0.46 0.96,0.32 0.6,0.17 -0.31,-0.13 -0.41,-0.34 -0.44,-0.69 0.37,-0.16 -0.14,-0.27 -0.41,-0.4 -0.4,-0.43 0.42,-0.99 0.76,-1.07 1.51,0.44 0.83,0.48 1.04,0.68 0.07,0.3 0.52,0.49 0.12,-0.26 l 0.36,-0.37 0.25,-0.14 c -0.08,-0.32 -0.11,-0.6 0.4,0 0.11,0.53 0.32,0.71 0.3,0.6 -0.05,-0.22 0.24,-0.44 0.45,-0.62 0,-0.42 -0.04,-0.87 0.19,-1.1 0.37,-0.32 -0.3,-1.01 -0.35,-0.48 -0.11,0.08 0,0.29 -0.44,0.16 -0.29,-0.21 -0.81,-0.13 -0.67,0.08 0.19,0.29 -0.07,0.44 -0.53,0.46 -0.15,0 0.01,0.13 -0.13,0.16 0.05,0.62 -0.47,0.52 -0.94,0.39 0.04,-0.21 -0.16,-0.21 -0.36,-0.2 -0.52,0.19 -0.43,-0.7 -0.01,-0.97 0.18,-0.08 0.3,-0.26 0.26,-0.47 -0.13,-0.68 0.22,-0.76 0.55,-0.88 0.27,-0.17 0.27,-0.44 -0.47,-0.1 -0.34,0.16 -0.83,-0.04 -0.93,-0.37 -0.01,-0.14 -0.16,-0.29 0.36,-0.39 0,-0.16 -0.39,-0.32 0.34,-0.48 0.73,0.28 0.39,-0.24 0.21,-0.42 -0.65,-0.44 0,-0.65 0.77,-0.71 0.22,0.03 0.47,0.17 0.5,-0.41 -0.02,-0.23 0.1,-0.33 0.37,-0.25 0.2,0.05 -0.01,-0.76 0.74,-0.9 0.1,-0.02 0.17,-0.06 0.15,-0.16 0.13,-1.5 0.7,-0.96 1.12,-1.14 0,-0.11 0.11,-0.2 0.35,-0.28 0.05,-0.38 0.26,-0.42 0.63,-0.07 0.27,0.82 0.93,0.01 1.08,-0.48 0.01,-0.68 -0.33,-1.23 0.22,-1.82 0.26,-0.02 0.27,-0.2 0.29,-0.37 -0.26,-1.2 0.92,-0.75 1.34,-1.15 -0.03,-0.25 0.41,-0.37 0.44,-0.58 0.02,-0.17 0.04,-0.52 0.38,-0.21 0.14,0.59 0.37,0.8 0.37,0.67 0,-0.05 -0.06,-0.4 0.09,-0.33 0.46,0.24 0.7,0 0.51,-0.31 l -0.3,-0.37 c -0.05,-0.1 -0.03,-0.21 0,-0.31 0.14,-0.41 0.04,-0.85 -0.86,-0.25 -0.19,0 -0.46,-0.05 -0.51,0.05 l -1,0.94 c -0.51,-0.12 -0.88,-0.13 -0.89,0.42 -0.21,0.17 -0.54,0.13 -0.86,0.08 -0.23,0.15 -0.05,0.26 -0.03,0.37 0.13,0.76 -0.21,0.75 -0.79,0.87 -0.23,1.04 -0.31,0.48 -0.54,0.46 -0.61,-0.6 -0.62,0.72 -1.3,0.69 -0.74,0.03 -0.68,-0.28 -0.83,-0.39 -0.29,-0.23 -0.36,-0.42 -0.35,-0.58 -0.02,-0.61 -0.12,-0.42 -0.26,-0.28 l -0.05,0.86 c 0.31,0.26 0.77,0.48 0.16,0.95 -1.76,0.22 -0.51,0.15 -0.44,0.69 -0.16,0.23 -0.4,0.55 -0.23,0.59 0.02,0.22 -0.07,0.22 -0.16,0.22 -0.28,0.04 -0.58,-0.22 -0.45,0.49 -0.08,0.04 -0.14,0.14 -0.21,0.13 -0.31,-0.06 -0.42,0.24 -0.31,0.6 0.19,0.26 0.03,0.56 -0.52,0.49 -0.47,-0.41 -0.71,-0.29 -0.47,1.14 -0.31,0.15 -0.61,0.3 -0.84,0.52 -0.24,-0.25 -0.69,-1.05 -0.72,-0.69 -0.7,0.48 -0.54,0.16 -0.33,-0.3 0.16,-0.24 0.69,-0.48 1.11,-0.71 -0.04,-0.42 -0.19,-0.19 -0.3,-0.19 -0.32,0.43 -0.58,-0.1 -0.85,-0.3 -0.43,-0.23 -0.77,0 -1.08,0.38 -0.11,0.37 -0.13,0.56 -0.3,0.79 -0.45,0.63 -0.37,1.15 0.97,0.85 0.21,-0.08 0.36,0.23 0.78,0.17 0.41,-0.06 0.58,0.58 0.34,0.73 -0.09,0.05 -0.35,0.06 -0.56,0.05 -0.63,0.21 -0.9,0.37 -0.94,0.49 -0.06,0.23 0.2,0.55 0.29,0.56 0.3,0.03 -0.36,1.31 1.08,0.58 0.08,0.18 0.03,0.35 -0.26,0.5 -0.67,0.14 -0.79,0.41 -0.78,0.71 -0.16,0.08 -0.38,-0.31 -0.29,0.42 -0.89,0.71 -0.1,0.77 -0.09,1.14 -0.04,0.03 -0.07,0.13 -0.12,0.1 -0.33,-0.15 -0.71,-0.19 -0.76,-0.05 -0.11,0.26 -0.05,0.43 -0.43,0.3 -0.29,-0.11 -0.29,0.34 -0.11,0.51 0.19,0.18 -0.06,0.3 -0.58,0.37 -0.24,0.03 -0.28,0.35 -0.27,0.53 0.01,0.15 0.03,0.4 0.36,0.4 0.19,0 0.39,0.01 0.7,0.05 0.28,1.25 -0.05,1.36 -0.29,1.61 0.14,0.86 -0.16,0.53 -0.6,0.46 -0.58,-0.24 -0.81,-0.21 -0.84,-0.01 -0.02,0.19 0.54,0.48 0.38,0.94 0,0.72 0.36,0.35 0.47,0.51 0.19,0.29 0.19,0.51 -0.07,0.68 -0.21,0.14 -0.51,0.28 -0.91,-0.12 -0.3,-0.48 -0.69,-1.62 -0.77,-0.48 -0.1,0.41 -0.15,0.8 -0.08,1.11 0.1,0.43 0.12,0.74 0.08,0.88 -0.07,0.3 0.39,0.09 0.77,-0.21 l 1.24,0.02 c -0.02,0.28 -0.67,0.99 -0.07,0.85 0.12,0.09 0.64,-0.1 -0.09,0.59 0.03,0.51 -0.05,0.74 -0.14,0.95 l 0.05,0.52 c 0.17,0.23 0.47,0.02 0.63,-0.01 0.27,-0.06 0.21,0.14 -0.09,0.39 -0.12,0.1 -0.47,0.05 -0.44,0.26 0.08,0.03 0.11,0.29 0.29,0.21 0.25,-0.13 0.13,0.42 0.2,1.07 0.17,0.45 0.59,1.1 0,0.94 -0.29,-0.09 -0.26,0.04 -0.36,0.1 -0.33,0.2 -0.22,0.43 0.37,0.43 0.44,0.37 2.21,-0.27 0.01,2.09 -0.78,0.15 -1.27,-0.49 -1.1,0.35 -0.1,0.37 -0.38,0.14 -0.49,0.22 -0.2,0.14 -0.35,0.43 -0.15,0.5 1.09,0.41 1.38,1.34 1.72,2.22 0.07,0.34 0.05,0.53 0.41,0.55 1.08,0.05 1.31,0.91 1.69,1.73 1.89,1.65 1.23,2.64 1.66,3.92 0.42,0.52 1.07,1.07 1.42,1.11 0.27,0.03 0.08,0.43 -0.24,0.77 0.09,0.76 0.36,1.04 0.13,2.32 -0.21,0.77 -0.5,1.53 -0.52,2.35 -0.4,0.17 -0.71,0.11 -1.41,1.04 -0.52,0.47 -0.19,1.37 -1.89,1.23 -0.18,0.06 -0.37,-0.01 -0.55,0.4 -0.12,0.3 0.2,0.68 -0.56,0.58 -0.17,0.09 -0.32,0.06 -0.53,0.55 0,0.31 -0.12,0.57 -0.31,0.56 -0.7,-0.02 -1.32,0.03 -1.52,1.35 z m 42.5,-63.57 c -0.12,0.1 -0.06,0.22 0.06,0.31 0.03,0.11 0.11,0.35 0.24,0.23 0.08,-0.13 -0.02,-0.27 -0.07,-0.4 -0.04,-0.11 -0.13,-0.21 -0.25,-0.13 v 0 z m 0.57,-1.46 c -0.17,0.11 -0.29,0.32 -0.51,0.34 -0.15,-0.02 -0.37,0.07 -0.29,0.24 0.05,0.12 -0.03,0.23 -0.01,0.36 -0.07,0.17 0.07,0.27 0.21,0.33 0.12,0.08 0.31,0.08 0.44,0.03 0.13,-0.14 0.34,-0.07 0.5,-0.03 0.2,0.06 0.43,-0.05 0.61,0.04 0.09,0.13 -0.02,0.3 0.07,0.43 0.1,0.18 0.3,-0.01 0.25,-0.16 0.01,-0.18 0.06,-0.36 0.12,-0.54 0.02,-0.16 -0.11,-0.3 -0.27,-0.34 -0.13,-0.07 -0.43,0.02 -0.35,-0.21 0.03,-0.2 -0.22,-0.16 -0.35,-0.19 -0.17,-0.01 -0.13,-0.2 -0.25,-0.27 -0.05,-0.03 -0.11,-0.02 -0.17,-0.04 z m 2.84,1.21 c -0.06,0.03 -0.1,0.1 -0.18,0.1 -0.05,0 -0.12,0 -0.15,0.05 -0.07,0.06 -0.09,0.14 -0.14,0.21 -0.02,0.04 0.05,0.05 0.08,0.06 0.04,0.02 0.08,0.04 0.12,0.03 0.06,-0.02 0.11,-0.04 0.17,-0.05 0.06,0 0.13,0 0.19,-0.02 0.04,-0.06 0.11,-0.08 0.18,-0.09 0.05,-0.01 0.11,-0.03 0.13,-0.08 0.02,-0.03 0.03,-0.06 0.03,-0.1 0,-0.04 -0.01,-0.07 -0.01,-0.11 0,-0.04 -0.05,-0.07 -0.09,-0.05 -0.11,0.02 -0.22,0.04 -0.33,0.05 z m -44.48,25.71 c 0,0 -0.06,0.07 -0.09,0.1 -0.01,0.02 -0.02,0.04 -0.03,0.05 0,0.02 0.01,0.04 0.02,0.05 0.04,-0.01 0.07,-0.02 0.11,-0.04 0.04,-0.02 0.09,-0.05 0.13,-0.07 v -0.08 c 0,0 -0.09,-0.01 -0.14,-0.02 z m 0.55,-1.16 c 0,0 -0.07,0.05 -0.1,0.08 0,0.02 -0.03,0.08 0.02,0.07 0.05,0 0.09,-0.01 0.14,-0.02 0.03,-0.02 0.08,-0.02 0.09,-0.05 0.02,-0.02 0.04,-0.05 0.05,-0.08 0.01,-0.03 -0.03,-0.05 -0.05,-0.05 -0.03,0.01 -0.05,0.02 -0.08,0.03 -0.02,0 -0.03,0.01 -0.05,0.02 z m 0.16,-0.4 c 0.02,0.05 0.03,0.12 0.07,0.16 0.03,0.03 0.06,0.06 0.11,0.06 0.03,0 0.06,0 0.09,-0.01 0.02,-0.02 0.02,-0.04 0.03,-0.06 0.01,-0.03 0.02,-0.07 0,-0.11 -0.02,-0.03 -0.04,-0.08 -0.08,-0.1 -0.01,0 -0.02,-0.02 -0.03,-0.02 -0.02,-0.02 -0.06,-0.02 -0.08,0 -0.01,0.02 -0.03,0.03 -0.05,0.04 -0.02,0.01 -0.04,0.03 -0.06,0.04 z m 1.08,0.24 c 0,0 -0.08,0.06 -0.1,0.11 -0.02,0.03 -0.02,0.07 0,0.11 0.01,0.04 0.05,0.07 0.07,0.1 0.03,0 0.05,-0.05 0.08,-0.06 0.03,-0.03 0.07,-0.06 0.11,-0.08 0.03,-0.04 0.04,-0.09 0.05,-0.13 0.01,-0.04 0,-0.07 -0.03,-0.1 -0.05,-0.02 -0.1,0.04 -0.15,0.05 v 0 c 0,0 0,0 0,0 v 0 z m -0.88,0.31 c 0,0 -0.03,0.08 0,0.1 0.03,0.02 0.05,0.09 0.08,0.05 0.04,-0.02 0.07,-0.05 0.09,-0.09 0.02,-0.03 0.04,-0.05 0.01,-0.08 -0.01,-0.04 -0.05,-0.04 -0.08,-0.02 -0.03,0 -0.07,0.02 -0.1,0.03 z m -0.46,0.27 c -0.02,0.06 -0.07,0.12 -0.13,0.15 -0.01,0.05 0.03,0.11 0.08,0.13 0.07,0.04 0.13,-0.02 0.17,-0.06 0.07,-0.06 0.1,-0.15 0.1,-0.24 -0.04,-0.06 -0.11,0.02 -0.16,0 -0.02,0 -0.04,0 -0.06,0 z m -0.58,-0.48 c 0,0 -0.04,0.08 -0.06,0.12 0.03,0.02 0.07,0.04 0.1,0.06 0.04,-0.02 0.08,-0.03 0.11,-0.05 -0.01,-0.05 -0.03,-0.09 -0.04,-0.14 h -0.12 z m 0.77,1.2 c 0,0 -0.07,0.08 -0.07,0.14 0,0.05 0,0.11 0,0.16 0,0.03 0,0.06 0.02,0.09 0.02,0.02 0.05,0.01 0.07,0 0.02,-0.02 0.04,-0.03 0.06,-0.05 0.04,-0.04 0.05,-0.1 0.08,-0.15 0.03,-0.04 0.02,-0.09 0,-0.13 0,-0.02 0,-0.04 -0.01,-0.06 0,-0.02 -0.03,-0.02 -0.05,-0.02 -0.03,0 -0.06,0.02 -0.09,0.01 0,0 0,0 -0.02,0 z m -1.01,0.78 c 0,0 -0.05,0.09 -0.08,0.13 0.03,0.03 0.04,0.07 0.08,0.08 0.03,0.01 0.07,0.03 0.08,0.06 0.02,0.01 0.03,0 0.04,-0.02 0,-0.01 0.02,-0.02 0.03,-0.04 0.01,-0.01 0.02,-0.02 0.03,-0.04 0,-0.05 0,-0.1 0,-0.15 -0.03,-0.02 -0.03,-0.05 -0.06,-0.06 -0.02,0 -0.04,0.01 -0.06,0.02 -0.02,0 -0.04,0.02 -0.06,0.03 z m -0.71,-0.25 c -0.05,0.04 -0.1,0.1 -0.15,0.15 -0.06,0.02 -0.12,0 -0.16,0.05 -0.02,0.03 -0.08,0.05 -0.06,0.1 0.02,0.05 0.02,0.1 0.07,0.13 0.04,0.04 0.1,0.06 0.16,0.08 0.07,0.02 0.15,0.04 0.21,0 0.06,-0.03 0.13,-0.05 0.18,-0.1 0.05,-0.04 0.09,-0.09 0.13,-0.13 0,-0.05 0.02,-0.1 0,-0.14 0,-0.04 -0.01,-0.09 -0.07,-0.08 -0.06,0 -0.11,-0.02 -0.16,-0.04 -0.05,-0.03 -0.08,-0.02 -0.13,0 z m 0.26,-1.15 c -0.09,0.05 -0.29,0.04 -0.28,0.18 -0.02,0.14 0.1,0.26 0.08,0.4 -0.02,0.13 -0.19,0.09 -0.26,0.18 -0.09,0.11 0.07,0.19 0.17,0.15 0.1,-0.03 0.24,-0.01 0.32,-0.1 0.09,-0.09 0.1,-0.21 0.13,-0.32 0.1,-0.11 0.22,-0.2 0.35,-0.27 0.07,-0.06 0.19,-0.23 0.03,-0.25 -0.05,-0.09 -0.01,-0.3 -0.19,-0.25 -0.12,0.01 -0.17,0.14 -0.27,0.19 -0.03,0.02 -0.06,0.05 -0.09,0.08 z m 13.89,-24.12 c -0.06,0.05 -0.13,0.11 -0.19,0.16 -0.02,0.02 -0.02,0.06 0,0.09 0,0.03 0.03,0.04 0.05,0.02 0.04,0 0.08,-0.02 0.12,-0.02 0.05,0 0.11,0 0.16,0 0.02,-0.04 0,-0.09 0.04,-0.12 0.02,-0.03 0.05,-0.05 0.07,-0.08 -0.03,-0.02 -0.04,-0.06 -0.08,-0.06 -0.05,0 -0.11,0 -0.16,0 z m 4.68,2.75 c 0,0 -0.09,0.05 -0.09,0.09 -0.02,0.03 0,0.04 0.04,0.04 0.02,0.02 0,0.07 0.06,0.07 0.04,0.01 0.09,0.02 0.13,0 0.04,-0.01 0.09,-0.01 0.12,-0.04 0.04,-0.03 0.08,-0.05 0.06,-0.1 0,-0.04 -0.04,-0.06 -0.08,-0.08 -0.04,0 -0.08,0 -0.12,0 -0.04,0 -0.08,0 -0.12,0 z m -0.63,-0.16 c 0,0 -0.06,0.07 -0.11,0.09 -0.04,0.03 -0.03,0.09 0,0.13 0.03,0.04 0.04,0.09 0.08,0.12 0.03,0.04 0.09,0.03 0.13,0.01 0.03,-0.03 0.09,-0.05 0.09,-0.1 0.02,-0.07 0,-0.14 -0.06,-0.19 -0.04,-0.03 -0.08,-0.05 -0.13,-0.06 z m 4.26,-2.77 c 0.09,0.05 0.08,0.16 0.12,0.23 0.06,0.06 0.1,0.12 0.13,0.19 0.04,0.09 0.09,0.17 0.16,0.24 0.08,0.02 0.05,0.11 0.01,0.15 -0.05,0.07 -0.09,0.14 -0.14,0.21 -0.03,0.05 -0.06,0.1 -0.09,0.16 -0.08,0.04 -0.05,0.14 -0.1,0.21 -0.05,0.03 -0.13,0.02 -0.18,0 -0.06,-0.03 -0.11,-0.08 -0.17,-0.1 -0.09,0.02 -0.17,-0.06 -0.2,-0.14 -0.04,-0.1 -0.02,-0.2 -0.03,-0.3 0,-0.08 0,-0.18 0.08,-0.23 0.09,-0.08 0.11,-0.2 0.17,-0.31 0.11,-0.09 0.13,-0.24 0.24,-0.32 z m -3.91,0.54 c -0.16,0.15 -0.33,0.28 -0.48,0.43 -0.03,0.08 0.03,0.17 0.1,0.22 0.05,0.03 0.1,0.06 0.15,0.07 0.11,-0.12 0.21,-0.25 0.26,-0.4 0.02,-0.11 -0.02,-0.21 -0.03,-0.32 z m 0.5,0 c -0.08,0.13 -0.3,0.34 -0.11,0.46 0.14,0.2 -0.34,0.22 -0.1,0.39 0.18,0.1 0.37,-0.05 0.57,-0.04 0.27,-0.07 -0.22,-0.33 0.09,-0.44 0.23,-0.08 0.45,-0.22 0.71,-0.19 0.21,-0.03 0.49,0.08 0.65,-0.05 -0.04,-0.16 -0.19,-0.35 -0.38,-0.36 -0.19,-0.05 -0.45,0.14 -0.59,-0.04 -0.14,-0.12 -0.36,-0.05 -0.53,-0.03 -0.15,0.05 -0.24,0.17 -0.31,0.31 z m -11.74,14.42 c -0.05,0 -0.1,0.05 -0.14,0.08 -0.02,0.02 0,0.03 0.02,0.03 0.02,0 0.04,0.02 0.06,0.02 0.03,0 0.07,0 0.1,-0.01 0.05,-0.01 0.09,-0.03 0.14,-0.05 0.03,-0.02 0.06,-0.05 0.1,-0.07 0.01,-0.01 -0.02,0 -0.03,-0.01 -0.05,0 -0.09,-0.01 -0.14,-0.02 -0.04,0.01 -0.08,0.02 -0.11,0.04 z m -0.83,0.65 c 0.02,0.12 0.09,0.25 0.23,0.27 0.11,0.01 0.27,0.14 0.32,0 0.06,-0.09 0.12,-0.23 0.02,-0.32 -0.1,-0.05 -0.17,-0.15 -0.27,-0.17 -0.09,0.03 -0.09,0.15 -0.2,0.16 -0.04,0.02 -0.07,0.03 -0.1,0.06 z m -0.89,0.19 c -0.06,0.09 -0.21,0.15 -0.19,0.26 -0.02,0.12 0.12,0.11 0.21,0.15 0.08,0.02 0.17,0.11 0.1,0.19 -0.09,0.05 -0.16,0.11 -0.26,0.13 -0.06,0.08 -0.02,0.2 -0.02,0.3 0.02,0.11 0.07,0.21 0.05,0.32 0,0.14 0.01,0.3 -0.1,0.39 -0.08,0.07 -0.09,0.21 -0.04,0.28 0.06,0.1 0.18,0.06 0.28,0.05 0.12,-0.01 0.24,-0.01 0.35,-0.05 0.11,-0.06 0.24,-0.1 0.34,-0.2 0.11,-0.09 0.25,-0.15 0.34,-0.26 0.07,-0.09 0.01,-0.22 0.03,-0.33 0,-0.13 -0.02,-0.26 0.04,-0.38 0.1,-0.06 0.12,-0.18 0.11,-0.29 0,-0.08 -0.1,-0.15 -0.17,-0.14 -0.09,0.04 -0.13,0.16 -0.24,0.17 -0.1,0 -0.22,0 -0.3,-0.08 -0.07,-0.06 -0.14,-0.14 -0.15,-0.23 -0.01,-0.1 0.03,-0.22 -0.08,-0.28 -0.07,-0.07 -0.21,-0.1 -0.28,-0.02 h -0.01 c 0,0 0,0.02 0,0.02 v 0 z m 4.99,-3.08 c -0.06,0.05 -0.13,0.1 -0.16,0.18 -0.01,0.05 0,0.1 0.04,0.13 0.03,0.07 0.07,0.14 0.13,0.18 0.04,0.03 0.1,0.02 0.14,-0.01 0.12,-0.09 0.2,-0.24 0.19,-0.39 -0.01,-0.06 -0.05,-0.12 -0.1,-0.15 -0.03,-0.02 -0.07,-0.01 -0.1,0.02 -0.04,0.02 -0.09,0.03 -0.14,0.05 z m -6.01,-1.65 c -0.15,0.21 -0.58,0.27 -0.55,0.58 0.04,0.25 0.33,0.25 0.46,0.06 0.21,-0.12 0.46,-0.28 0.44,-0.55 -0.02,-0.17 -0.23,-0.1 -0.35,-0.09 z m 3.8,-0.58 c -0.04,0.05 -0.09,0.1 -0.11,0.16 0,0.06 0.07,0.1 0.09,0.16 0.02,0.06 0.06,0.1 0.12,0.11 0.06,0.02 0.12,-0.02 0.18,-0.02 0.07,-0.02 0.11,-0.08 0.17,-0.12 0.01,-0.06 0.03,-0.12 0.04,-0.19 -0.02,-0.05 0,-0.12 -0.06,-0.15 -0.06,-0.03 -0.1,-0.09 -0.16,-0.09 -0.06,0 -0.12,-0.01 -0.18,-0.02 -0.03,0.05 -0.07,0.1 -0.1,0.16 z m -2.12,-0.57 c -0.08,0.09 -0.08,0.22 -0.03,0.32 0.06,0.14 0.24,0.17 0.31,0.3 0.09,0.04 0.14,-0.1 0.19,-0.16 0.04,-0.1 0.12,-0.17 0.19,-0.25 0.06,-0.09 -0.03,-0.18 -0.13,-0.18 -0.1,-0.03 -0.18,-0.13 -0.3,-0.1 -0.07,0.03 -0.23,-0.03 -0.23,0.07 z m 3.04,-1.17 0.14,0.12 c 0,0 0.04,0.05 0.05,0.09 0.01,0.04 0.02,0.15 0.02,0.15 l 0.03,0.2 c 0,0 0.03,0.02 0,0.08 -0.03,0.06 -0.02,0.09 -0.1,0.13 -0.08,0.04 -0.01,0.05 -0.13,0.06 -0.12,0.01 -0.24,0.01 -0.24,0.01 0,0 -0.1,0 -0.16,-0.05 -0.06,-0.05 -0.08,-0.07 -0.13,-0.11 -0.05,-0.04 -0.16,-0.11 -0.16,-0.11 l -0.13,-0.04 -0.25,0.02 c 0,0 -0.1,0.03 -0.15,0.07 -0.05,0.04 -0.1,0.09 -0.16,0.11 -0.06,0.02 -0.15,0.02 -0.15,0.02 l -0.35,-0.05 -0.1,-0.09 -0.12,-0.25 0.11,-0.12 c 0,0 0.18,-0.13 0.31,-0.2 0.13,-0.06 0.24,-0.02 0.29,-0.02 0.05,0 0.23,0.09 0.27,0.11 0.04,0.02 0.19,0.05 0.19,0.05 l 0.26,-0.18 c 0,0 0.15,-0.1 0.19,-0.1 h 0.35 l 0.1,0.08 z m 0.26,-0.47 c 0,0.1 0,0.2 -0.02,0.3 0,0.11 0.06,0.21 0.1,0.3 0.03,0.08 0.11,0.14 0.1,0.23 0,0.07 0.02,0.14 0.09,0.18 0.04,0.05 0.11,0.05 0.12,-0.02 0.04,-0.08 0.09,-0.15 0.02,-0.23 -0.02,-0.09 0,-0.18 0.07,-0.25 0.05,-0.07 0.11,-0.14 0.13,-0.22 0.03,-0.07 0.07,-0.16 0,-0.23 -0.07,-0.08 -0.15,-0.15 -0.22,-0.23 -0.07,-0.04 -0.14,-0.08 -0.2,-0.02 -0.07,0.03 -0.16,0.08 -0.17,0.16 v 0.02 0 z m 0.54,-0.54 c -0.05,0.07 -0.08,0.16 -0.03,0.24 0.03,0.05 0.08,0.08 0.09,0.14 0.03,0.06 0.11,0.06 0.15,0.09 0.07,0.06 0.17,0.07 0.25,0.06 0.07,0 0.15,0.02 0.22,-0.01 0.04,-0.03 0.06,-0.07 0.06,-0.12 0,-0.07 -0.04,-0.14 -0.04,-0.21 0,-0.06 -0.08,-0.09 -0.13,-0.12 -0.06,-0.02 -0.11,-0.06 -0.15,-0.11 -0.04,-0.04 -0.1,-0.08 -0.16,-0.08 -0.06,0 -0.15,-0.01 -0.19,0.04 -0.02,0.03 -0.05,0.05 -0.07,0.07 z m 1.03,-0.67 c -0.04,0.06 -0.08,0.12 -0.12,0.18 0,0.05 0,0.09 0,0.14 0.03,0.06 0.06,0.12 0.1,0.18 0.05,0 0.1,0.02 0.14,0.02 0.08,-0.02 0.16,-0.05 0.24,-0.07 0.06,-0.03 0.11,-0.05 0.17,-0.08 0.05,-0.04 0.09,-0.09 0.15,-0.11 0.05,0 0.1,-0.03 0.14,-0.05 -0.08,-0.04 -0.16,-0.08 -0.24,-0.11 -0.05,-0.01 -0.09,-0.02 -0.14,-0.03 -0.05,-0.03 -0.1,-0.06 -0.15,-0.08 -0.05,-0.02 -0.1,-0.03 -0.16,-0.05 -0.04,0.03 -0.09,0.06 -0.13,0.08 z m 0.91,-1.57 c 0,0.14 0,0.28 0,0.42 -0.04,0.08 -0.09,0.17 -0.13,0.25 -0.09,0.05 -0.18,0.08 -0.26,0.14 -0.05,0.1 -0.15,0.22 -0.08,0.34 0.07,0.07 0.18,0.14 0.28,0.14 0.16,-0.03 0.31,-0.08 0.47,-0.13 0.11,-0.04 0.2,-0.14 0.23,-0.25 0.08,-0.1 0.13,-0.21 0.18,-0.31 0.03,-0.09 0.09,-0.09 0.16,-0.03 0.04,0.03 0.11,0.04 0.11,0.1 0.03,0.13 0.04,0.27 0.1,0.39 0.02,0.04 0.02,0.1 0.08,0.06 0.08,-0.03 0.16,-0.05 0.23,-0.09 0.1,-0.1 0.2,-0.19 0.3,-0.29 0.01,-0.08 0.02,-0.16 0.03,-0.24 0.09,-0.11 0.24,-0.15 0.39,-0.13 0.08,0 0.17,0.02 0.22,-0.06 0.1,-0.1 0.2,-0.2 0.3,-0.31 0.13,-0.05 0.22,-0.18 0.14,-0.3 -0.08,-0.1 -0.23,-0.17 -0.37,-0.15 -0.14,0.05 -0.13,0.19 -0.13,0.3 -0.09,0.09 -0.26,-0.04 -0.34,-0.09 0,-0.1 -0.11,-0.1 -0.19,-0.06 -0.18,0.09 -0.38,0.16 -0.56,0.25 -0.06,0.04 -0.12,0.06 -0.19,0.07 -0.16,0 -0.21,0.19 -0.36,0.2 -0.12,-0.01 -0.26,0 -0.36,-0.07 -0.05,-0.04 -0.09,-0.09 -0.14,-0.11 -0.04,0 -0.07,0 -0.11,0.01 z m 5.4,4.95 c -0.03,0.08 -0.06,0.16 -0.09,0.24 0.05,0.04 0.09,0.09 0.14,0.13 0.05,0.01 0.09,0.02 0.14,0.03 0.01,-0.09 0.02,-0.17 0.03,-0.26 0.01,-0.05 0.02,-0.1 0.03,-0.15 -0.08,0 -0.16,0.01 -0.24,0.02 z m -0.03,-1.06 c -0.06,0.05 -0.11,0.1 -0.17,0.16 0.02,0.05 0.03,0.1 0.05,0.16 0.07,0.07 0.15,0.15 0.26,0.16 0.18,0.04 0.35,0.09 0.52,0.14 0.09,0 0.19,0.02 0.28,0.03 0.02,-0.06 0.04,-0.12 0.06,-0.17 0.08,-0.1 0.16,-0.2 0.24,-0.3 0.01,-0.07 0.03,-0.15 0.01,-0.22 -0.04,-0.05 -0.11,-0.02 -0.17,-0.03 -0.19,0 -0.39,-0.02 -0.58,0 -0.09,0 -0.17,0 -0.26,0.01 -0.08,0.02 -0.16,0.05 -0.25,0.07 z m 0.75,1.26 c -0.06,0.09 -0.11,0.19 -0.12,0.3 -0.02,0.12 0.1,0.21 0.19,0.28 0.07,0.07 0.21,0.03 0.28,-0.02 0.24,-0.18 0.47,-0.38 0.67,-0.59 0.1,-0.08 0.24,-0.05 0.36,-0.05 0.11,0 0.23,0.02 0.3,0.1 0.08,0.06 0.15,0.15 0.26,0.17 0.12,-0.01 0.2,-0.14 0.18,-0.25 -0.02,-0.19 -0.03,-0.38 -0.03,-0.56 -0.02,-0.09 0.07,-0.26 -0.08,-0.25 -0.1,0 -0.21,0.03 -0.31,0.02 -0.16,0 -0.33,0 -0.49,-0.02 -0.1,-0.02 -0.19,0.03 -0.25,0.11 -0.08,0.08 -0.16,0.17 -0.25,0.24 -0.1,0.07 -0.18,0.16 -0.29,0.21 -0.09,0.05 -0.19,0.1 -0.26,0.17 -0.06,0.05 -0.12,0.1 -0.18,0.15 z m 1.08,0.51 c -0.15,0.06 -0.28,0.16 -0.44,0.22 -0.09,0.03 -0.05,0.15 -0.09,0.22 0,0.07 0.02,0.14 0.08,0.19 0.07,0.03 0.14,0.04 0.21,0.06 0.07,0 0.13,0.04 0.19,0.08 0.09,0.03 0.09,0.12 0.14,0.19 0.06,0.06 0.16,0.03 0.24,0.03 0.03,-0.02 0.02,-0.09 0.03,-0.13 0,-0.06 0.02,-0.12 0.04,-0.17 0.03,-0.08 0.09,-0.15 0.17,-0.17 0.07,-0.03 0.16,-0.05 0.2,-0.12 0.02,-0.04 0.08,-0.1 0.07,-0.14 -0.05,-0.05 -0.11,-0.05 -0.18,-0.04 -0.05,0 -0.1,0.01 -0.16,0.02 -0.07,-0.05 -0.14,-0.1 -0.23,-0.13 -0.06,-0.02 -0.12,-0.05 -0.18,-0.07 -0.07,0.01 -0.16,0 -0.22,0.03 -0.04,0.03 -0.08,0.05 -0.12,0.08 m -1.55,4.13 c -0.11,0.06 -0.17,0.18 -0.16,0.3 -0.04,0.12 -0.17,0.17 -0.27,0.23 -0.14,0.07 -0.26,0.16 -0.42,0.19 -0.1,0.03 -0.15,0.18 -0.07,0.26 0.07,0.06 0.17,0.03 0.25,0 0.15,-0.03 0.3,-0.09 0.4,-0.21 0.07,-0.09 0.16,-0.17 0.27,-0.22 0.09,-0.07 0.09,-0.18 0.08,-0.28 -0.01,-0.08 0.02,-0.17 -0.03,-0.24 -0.01,-0.02 -0.03,-0.03 -0.04,-0.03 z m 2.54,-1.94 c 0,0 -0.08,0.05 -0.12,0.07 0,0.03 0.02,0.05 0.01,0.08 0,0.05 -0.02,0.1 -0.02,0.14 0,0.03 0,0.07 0,0.1 0.03,0 0.06,0.02 0.09,0 0.05,-0.02 0.09,-0.03 0.14,-0.05 0.02,-0.02 0.05,-0.05 0.08,-0.07 0.01,-0.04 0.02,-0.09 0.03,-0.13 -0.01,-0.05 -0.02,-0.1 -0.03,-0.14 m -4.22,-1.04 c 0,0 -0.14,0.06 -0.11,0.13 -0.01,0.06 0.02,0.12 0.09,0.13 0.05,0.03 0.12,0.02 0.15,-0.02 0.03,-0.04 0.07,-0.08 0.08,-0.13 0.01,-0.05 0.03,-0.09 0.04,-0.14 -0.04,-0.02 -0.12,-0.03 -0.17,0 -0.03,0.01 -0.05,0.03 -0.08,0.04 z m -0.09,0.71 c 0.03,0.1 0.06,0.21 0.07,0.31 0.11,0.03 0.23,0.05 0.34,0.02 0.14,-0.05 0.26,-0.12 0.39,-0.19 0.05,-0.05 0.11,-0.08 0.15,-0.13 -0.02,0 -0.07,0.01 -0.1,0.02 -0.09,0.02 -0.17,0.04 -0.26,0.06 -0.1,0 -0.2,-0.02 -0.3,0 -0.06,0 -0.1,-0.05 -0.14,-0.08 -0.03,-0.03 -0.08,-0.02 -0.12,-0.01 -0.01,0 -0.02,0 -0.03,0 z m -0.37,0.16 c -0.29,0.1 -0.68,0.25 -0.79,0.53 0.06,0.24 0.07,0.47 -0.11,0.65 -0.09,0.32 0.33,0.29 0.44,0.07 0.27,-0.15 0.17,0.3 0.03,0.39 -0.06,0.21 -0.28,0.48 -0.07,0.68 0.15,0.14 0.46,0.38 0.63,0.17 0.11,-0.03 -0.07,0.3 0.18,0.24 0.13,-0.02 0.44,0.08 0.35,-0.13 0.1,-0.22 0.23,-0.03 0.3,0.06 0.06,-0.07 0.15,-0.16 0.19,-0.24 0.06,-0.1 0.07,-0.21 0.13,-0.31 -0.22,-0.26 0.08,-0.45 0.25,-0.64 0.18,-0.15 0.19,-0.4 -0.1,-0.38 -0.27,-0.07 -0.28,-0.44 -0.59,-0.46 -0.29,-0.06 -0.62,0.13 -0.89,-0.03 -0.12,-0.21 0.09,-0.41 0.05,-0.62 z m -2.04,3.5 c -0.17,0 -0.13,0.21 0.01,0.23 0.14,0.07 0.28,-0.02 0.36,-0.13 0.08,-0.09 0.08,-0.23 0.06,-0.34 -0.09,-0.1 -0.23,0.02 -0.28,0.1 -0.04,0.06 -0.09,0.1 -0.15,0.14 z m -1.58,0.17 c -0.13,0.2 0.04,0.39 0.17,0.53 0.05,0.13 -0.07,0.49 0.2,0.39 0.12,-0.13 0.29,-0.33 0.14,-0.5 -0.16,-0.12 -0.12,-0.37 -0.3,-0.47 -0.08,-0.03 -0.14,0.03 -0.22,0.04 z m 0.2,2.28 c -0.05,0.07 -0.11,0.13 -0.08,0.22 0.05,0.07 0.16,0.07 0.24,0.1 0.11,0 0.09,0.13 0.18,0.16 0.07,0.03 0.15,0 0.22,-0.02 0.09,-0.04 0.02,-0.15 0.06,-0.22 0.03,-0.07 0.04,-0.19 -0.02,-0.24 -0.09,-0.02 -0.18,0 -0.26,-0.02 -0.11,0 -0.22,0 -0.33,0.02 z m -13.01,8.73 c -0.04,0.06 -0.1,0.1 -0.11,0.17 0,0.04 0,0.09 0.02,0.13 0.02,0.03 0.04,0.06 0.06,0.09 0.02,0.03 0.06,0.03 0.09,0.02 0.02,0 0.05,-0.02 0.07,-0.03 0.04,-0.03 0.02,-0.09 0.03,-0.13 0,-0.03 0.02,-0.05 0.05,-0.06 0.03,0 0.06,-0.02 0.06,-0.05 0.03,-0.03 0.03,-0.09 0.01,-0.12 -0.01,-0.02 -0.02,-0.04 -0.04,-0.05 -0.05,-0.02 -0.11,0 -0.17,0.01 -0.03,0.01 -0.05,0.02 -0.08,0.03 z m 1.81,-0.09 c 0,0 -0.05,0.07 -0.06,0.12 0,0.01 0,0.03 0.01,0.04 0.03,0.03 0.07,0.03 0.11,0.03 0.01,0 0.02,-0.01 0.04,-0.02 0.03,-0.02 0.07,-0.03 0.1,-0.06 0.01,-0.03 0.01,-0.08 -0.02,-0.1 -0.01,0 -0.02,-0.02 -0.04,-0.02 -0.03,-0.01 -0.07,0 -0.1,0.01 -0.02,0 -0.03,0 -0.05,0 z m -2,-0.71 c -0.07,0.06 -0.11,0.2 0,0.24 0.11,0.04 0.23,0.02 0.34,0.02 0.13,0 0.23,-0.1 0.25,-0.22 0.01,-0.14 0.1,-0.27 0.07,-0.41 -0.07,-0.14 -0.28,-0.11 -0.36,0 -0.05,0.09 -0.08,0.2 -0.16,0.27 -0.04,0.04 -0.08,0.08 -0.14,0.09 z m -0.47,1.33 c -0.04,0.08 -0.13,0.13 -0.13,0.22 0,0.09 0.12,0.06 0.17,0.1 0.06,0.08 0.14,0 0.16,-0.07 0.04,-0.07 0.03,-0.15 -0.03,-0.2 -0.05,-0.04 -0.11,-0.03 -0.16,-0.06 z m -0.83,7.75 c -0.05,0.03 -0.12,0.09 -0.06,0.15 0.03,0.06 0.11,0.06 0.18,0.06 0.08,0 0.11,-0.08 0.16,-0.12 0.03,-0.07 -0.09,-0.12 -0.15,-0.1 -0.04,0 -0.08,0 -0.13,0 z m 1.46,-5.07 c -0.04,0.07 -0.05,0.16 -0.04,0.24 0,0.06 0.02,0.13 0.09,0.1 0.07,-0.04 0.07,-0.13 0.06,-0.2 0,-0.05 -0.01,-0.14 -0.09,-0.14 0,0 -0.02,0 -0.03,0 z m -0.09,-1.33 c -0.09,0.12 -0.07,0.26 -0.02,0.38 0.05,0.12 -0.05,0.3 0.1,0.36 0.13,0.07 0.19,-0.08 0.21,-0.17 0.03,-0.16 0.01,-0.32 -0.06,-0.47 -0.06,-0.07 -0.12,-0.2 -0.23,-0.11 z m -0.02,2.15 c -0.03,0.07 -0.05,0.14 -0.1,0.2 0,0.07 0.06,0.11 0.1,0.16 0.05,0.07 0.11,0 0.16,-0.04 0.04,-0.05 0.02,-0.12 0.03,-0.18 0,-0.06 -0.02,-0.13 -0.09,-0.14 -0.03,0 -0.07,0 -0.1,0 z m 2.05,2.18 c -0.06,0.11 -0.08,0.24 -0.02,0.35 0,0.09 0.17,0.19 0.16,0.04 0,-0.1 0.02,-0.21 0.01,-0.31 -0.02,-0.07 -0.1,-0.07 -0.15,-0.08 z m -0.98,-0.49 c -0.09,0.09 -0.2,0.18 -0.22,0.31 0,0.08 -0.01,0.17 0.03,0.24 0.03,0.07 0.1,0.12 0.17,0.17 0.12,0.07 0.26,0.1 0.39,0.1 0.06,-0.02 0.09,-0.08 0.09,-0.14 0,-0.09 -0.04,-0.17 -0.04,-0.27 0.01,-0.13 0.12,-0.24 0.23,-0.31 0.05,-0.04 0.11,-0.09 0.12,-0.16 0,-0.05 -0.07,-0.09 -0.12,-0.08 -0.16,0 -0.32,0.03 -0.47,0.08 -0.06,0.03 -0.12,0.05 -0.19,0.05 z m -6.19,16.81 c 0.16,0.34 0.37,0.69 0.53,1.03 0.03,-0.06 0.12,-0.12 0.15,-0.18 0,-0.05 0.03,-0.1 0,-0.15 -0.04,-0.03 -0.11,-0.05 -0.13,-0.11 -0.05,-0.12 -0.07,-0.24 -0.09,-0.36 -0.02,-0.05 -0.03,-0.1 -0.07,-0.13 -0.05,-0.04 -0.11,-0.06 -0.16,-0.08 -0.04,0 -0.2,-0.01 -0.24,-0.02 z m -0.17,-5.71 c -0.14,0.1 -0.36,0.12 -0.43,0.29 -0.04,0.16 0.11,0.28 0.22,0.38 0.13,0.09 0.32,0.03 0.43,0.16 0.13,0.1 0.22,0.24 0.37,0.31 0.18,0.05 0.3,-0.1 0.43,-0.19 0.15,-0.17 0.19,-0.45 0.06,-0.64 -0.14,-0.14 -0.35,-0.19 -0.48,-0.35 -0.12,-0.09 -0.31,-0.09 -0.45,-0.05 -0.05,0.03 -0.1,0.06 -0.15,0.08 z m 19.49,-4.12 c -0.2,0.45 -0.13,0.46 0.07,0.25 0.17,-0.02 0.45,0.05 0.24,-0.3 -0.08,-0.02 -0.17,-0.04 -0.31,0.04 z m -2.3,-2.3 c -0.04,0.2 -0.56,0.02 0.13,0.72 0.18,0.24 0.42,0.4 0.38,0.91 0.32,0.54 0.76,0.31 0.53,-0.23 -0.15,-0.05 -0.28,-0.34 -0.38,-0.95 -0.13,-0.57 -0.41,-0.54 -0.66,-0.44 z m 4.27,6.79 c -0.27,0.17 -0.03,0.43 0.02,0.65 0.39,-0.1 0.41,-0.26 0.4,-0.42 -0.07,-0.13 -0.02,-0.36 -0.42,-0.23 z m 0.09,-1.35 c 0.09,0 -0.44,-0.55 -0.53,-0.38 -0.14,0.29 -0.03,1 0.27,0.9 0.49,-0.03 0.27,-0.24 0.28,-0.53 m 20.93,31.73 c 0.77,-0.08 1.51,0.27 2.02,0.81 0.12,0.58 0.32,1.23 0.55,1.82 0.16,0.64 -0.38,1.25 -1.04,1.31 -0.53,0.01 -0.98,0.99 -0.22,0.98 0.61,0.14 1.5,0.62 1.17,1.36 -0.59,0.08 -1.41,0.94 -0.61,1.3 0.68,-0.01 1.18,0.67 0.57,1.13 -0.12,0.61 -0.48,1.22 -0.35,1.85 -0.19,0.37 -1.29,-0.07 -0.84,0.68 0.38,0.61 -0.2,1.23 -0.69,1.58 -0.6,0.49 -1.94,0.92 -2.7,0.94 -1.53,0.34 -2.33,0.85 -3.81,1.31 -0.71,0.06 -1.59,-0.46 -1.58,-1.19 0.26,-0.45 0.4,-0.92 0.42,-1.44 0.28,-0.67 1.04,-0.98 1.68,-1.28 0.52,-0.57 0.19,-1.52 0.97,-1.94 0.75,-0.48 0.32,-1.44 0.34,-2.14 0.05,-2.25 0.77,-4.63 2.64,-6.12 0.46,-0.38 0.98,-0.7 1.52,-0.97 m -13.39,8.99 c -0.17,0.35 -0.4,0.61 -0.6,0.96 0.94,1.39 0.49,2.07 0.38,2.92 -0.91,0.88 -1.6,0.26 -3.31,0.66 -1.34,1 0.02,0.98 0.24,1.23 0.88,0.17 1.56,-1.03 1.86,-0.03 0.6,0.62 1.12,1.03 1.44,0.93 1.45,-0.12 1.2,-0.48 1.46,-0.77 0.28,-0.78 0.17,-1.07 0.19,-1.53 -0.2,-0.68 -0.25,-1.4 -0.62,-1.8 -0.38,-0.42 -0.35,-1.01 -0.46,-1.55 -0.09,-0.46 -0.15,-0.85 -0.59,-1.02 z m -14.58,-3.05 c 0.27,-0.29 0.6,-0.46 0.56,-1.28 -0.13,-0.52 0.27,-1.32 -1.6,-1.04 l 1.05,2.32 z m 79.13,-77.27 c -0.05,0.04 -0.09,0.1 -0.11,0.16 0,0.04 0.03,0.07 0.06,0.09 0.02,0.01 0.03,0.04 0.06,0.04 0.05,-0.02 0.09,-0.05 0.14,-0.07 0.06,-0.06 0.11,-0.11 0.17,-0.17 0,-0.05 0,-0.11 0.01,-0.16 -0.04,0 -0.09,0 -0.13,0 -0.04,0.04 -0.07,0.08 -0.13,0.1 -0.02,0 -0.04,0.02 -0.06,0.03 z m 0.35,0.24 c -0.02,0.06 -0.06,0.05 -0.1,0.11 0,0.03 0.01,0.05 0.01,0.08 0,0.01 0,0.04 0.03,0.03 0.02,0 0.04,0 0.06,0 0.02,0 0.04,0 0.05,0 0.04,-0.04 0.08,-0.08 0.11,-0.12 -0.02,-0.05 -0.03,-0.1 -0.05,-0.15 -0.05,0 -0.07,0.07 -0.11,0.06 z m 0.49,-0.17 c -0.03,0.05 -0.08,0.09 -0.1,0.15 -0.01,0.05 0,0.11 -0.02,0.16 0,0.04 0.02,0.07 0.02,0.11 0.03,0.02 0.06,0 0.09,0 0.03,0 0.05,-0.04 0.06,-0.07 0.04,-0.09 0.08,-0.17 0.11,-0.26 0,-0.04 -0.04,-0.07 -0.05,-0.1 -0.01,-0.02 -0.05,-0.02 -0.07,0 -0.01,0 -0.02,0.01 -0.04,0.02 z m 1.84,-11.65 c -0.02,0.05 -0.06,0.1 -0.07,0.16 0,0.03 -0.02,0.06 -0.03,0.09 -0.01,0.02 -0.03,0.05 -0.05,0.06 -0.02,0.02 -0.03,0.04 -0.03,0.07 0,0.03 0,0.07 0.03,0.08 0.02,0.02 0.05,0.03 0.08,0.04 0.06,-0.1 0.13,-0.19 0.15,-0.3 0,-0.06 0.03,-0.11 0.03,-0.17 0,-0.02 0,-0.06 0,-0.07 -0.04,0.01 -0.07,0.03 -0.11,0.04 z m 2.38,-0.51 c 0,0 -0.03,-0.05 -0.05,-0.05 -0.07,0 -0.14,0 -0.2,0.02 -0.03,0.03 -0.05,0.08 -0.09,0.1 -0.05,0.02 -0.07,0.07 -0.07,0.12 0,0.04 0,0.09 0,0.13 -0.03,0.03 0,0.07 0.02,0.09 0.02,0.03 0.04,0.07 0.08,0.07 0.06,0 0.11,0 0.17,-0.01 0.03,-0.02 0.05,-0.05 0.07,-0.07 0.02,-0.02 0.05,-0.05 0.04,-0.08 0,-0.05 0,-0.1 0.01,-0.15 0,-0.06 0.01,-0.13 0.02,-0.19 m 0.08,1.9 c -0.06,0.06 -0.12,0.11 -0.19,0.16 0.03,0.02 0.05,0.03 0.08,0.05 0.04,0 0.09,-0.02 0.13,0 0.03,0 0.06,-0.02 0.09,-0.02 0.05,-0.02 0.1,-0.04 0.13,-0.08 0.02,-0.01 0.03,-0.02 0.05,-0.04 -0.02,-0.03 -0.04,-0.05 -0.07,-0.08 -0.07,0 -0.15,0.01 -0.22,0.02 z m 0.27,1.24 c 0,0 -0.07,0.09 -0.11,0.13 0.01,0.03 0.03,0.06 0.04,0.09 0.03,0.02 0.06,0.04 0.08,0.07 0.08,-0.02 0.16,-0.04 0.24,-0.05 0.02,-0.05 0.04,-0.1 0.06,-0.15 -0.09,-0.03 -0.17,-0.06 -0.27,-0.08 -0.01,0 -0.03,0 -0.04,-0.01 z m 0.39,0.39 c -0.1,0.08 -0.2,0.15 -0.31,0.23 v 0.11 c 0,0 0.08,0.03 0.13,0.04 0.09,-0.1 0.19,-0.19 0.28,-0.29 0,-0.04 0,-0.08 -0.01,-0.12 -0.03,0.01 -0.06,0.03 -0.08,0.04 z m -0.61,3 c -0.05,0.08 -0.1,0.17 -0.15,0.25 0.01,0.06 0.03,0.12 0.04,0.17 0.05,0.02 0.09,0.05 0.14,0.07 0.09,0 0.18,0.02 0.28,0.03 0.05,-0.05 0.1,-0.1 0.15,-0.15 -0.02,-0.06 -0.05,-0.12 -0.07,-0.19 -0.06,-0.01 -0.12,-0.03 -0.18,-0.04 -0.07,-0.05 -0.14,-0.1 -0.21,-0.15 z m -0.81,2.33 c 0,0 -0.07,0.07 -0.11,0.11 0.02,0.12 0.04,0.24 0.03,0.36 0,0.05 0.06,0.07 0.1,0.1 0.04,0.03 0.08,0.06 0.12,0.09 h 0.21 c 0.05,-0.05 0.1,-0.1 0.12,-0.17 0.03,-0.02 0.04,-0.08 0,-0.09 -0.05,-0.01 -0.09,-0.04 -0.14,-0.06 -0.02,-0.04 0,-0.08 -0.02,-0.12 0,-0.04 0,-0.09 -0.01,-0.13 -0.09,-0.03 -0.19,-0.05 -0.28,-0.08 z m -1.2,2.44 c 0,0 -0.09,0.07 -0.13,0.12 0,0.04 -0.04,0.06 -0.03,0.1 0.02,0.03 0.04,0.07 0.06,0.1 0.01,0.03 0.04,0 0.07,0 0.06,0 0.13,-0.01 0.19,-0.02 0.04,-0.06 0.08,-0.12 0.11,-0.18 v -0.23 c -0.07,0.01 -0.14,0.03 -0.19,0.07 -0.02,0.01 -0.05,0.02 -0.07,0.04 z m -35.19,-29.67 c 0,0.06 0,0.11 0,0.17 0.03,0.04 0.06,0.07 0.09,0.11 0.03,0.03 0.08,0.05 0.13,0.04 0.05,0 0.1,0 0.15,0 0.03,-0.04 0.06,-0.08 0.09,-0.12 -0.01,-0.03 -0.02,-0.07 -0.06,-0.09 -0.05,-0.02 -0.09,-0.02 -0.14,-0.03 -0.02,0 -0.05,-0.01 -0.07,-0.02 -0.03,-0.02 -0.07,-0.04 -0.1,-0.06 -0.03,0 -0.06,-0.01 -0.09,-0.02 z m 1.71,-0.12 h -0.36 c 0,0 -0.02,0.05 -0.03,0.07 -0.05,0.03 -0.11,0.04 -0.17,0.07 -0.06,0.03 -0.12,0.06 -0.17,0.08 0,0.02 -0.02,0.04 -0.02,0.07 0,0.01 0,0.03 0,0.04 0.02,0.02 0.04,0.04 0.06,0.05 0.07,0 0.14,0.02 0.21,0.03 0.01,0.02 0.02,0.05 0.04,0.07 0.03,0 0.05,0 0.08,0 0.05,0 0.09,0.02 0.14,0.03 0.06,-0.01 0.11,-0.02 0.17,-0.04 0.03,-0.04 0.05,-0.08 0.08,-0.12 0.02,-0.02 0.05,-0.04 0.07,-0.05 0.02,-0.02 0.03,-0.05 0.05,-0.07 0,-0.03 0,-0.06 0,-0.09 -0.04,-0.05 -0.09,-0.09 -0.13,-0.14 z m -1.4,-0.28 c 0,0 -0.06,0.09 -0.09,0.13 0,0.02 -0.02,0.03 -0.03,0.04 0.03,0.03 0.06,0.07 0.1,0.1 0.06,0 0.12,0.02 0.18,0.02 0.05,0 0.11,0 0.16,0 0.03,0 0.06,0 0.08,-0.01 -0.03,-0.04 -0.06,-0.08 -0.11,-0.11 -0.06,-0.03 -0.11,-0.06 -0.17,-0.09 -0.04,-0.02 -0.08,-0.06 -0.12,-0.07 0,0 0,0 -0.01,0 z m 11.6,1.64 c -0.06,0.02 -0.13,0.04 -0.19,0.05 -0.05,0.02 -0.1,0.05 -0.16,0.05 -0.03,0 -0.07,0.01 -0.1,0.03 -0.02,0.04 -0.03,0.07 -0.05,0.11 0.01,0.02 0.03,0.05 0.04,0.07 0.05,0 0.1,0.02 0.14,0.03 0.03,0.02 0.07,0.04 0.1,0.05 0.04,-0.02 0.08,-0.04 0.13,-0.06 0.05,-0.02 0.1,-0.03 0.15,-0.04 0.02,-0.03 0.04,-0.07 0.06,-0.1 0,-0.05 0.01,-0.1 0.02,-0.14 -0.05,-0.01 -0.09,-0.03 -0.14,-0.04 z m 4.89,2.37 c 0,0.15 -0.05,0.33 0.07,0.46 0.07,0.08 0,0.19 0.08,0.27 0,0.14 0.09,0.25 0.13,0.39 0.04,0.11 0,0.23 0.05,0.33 0,0.12 0,0.24 -0.02,0.36 0.13,0.12 0.53,0.23 0.34,0.47 -0.14,0.06 -0.3,-0.02 -0.45,-0.03 -0.02,0.25 -0.37,0.18 -0.31,-0.05 -0.08,-0.06 -0.17,-0.04 -0.19,0.06 -0.24,0.1 -0.35,-0.19 -0.4,-0.36 -0.04,-0.11 -0.09,-0.22 -0.15,-0.32 -0.03,-0.14 -0.05,-0.31 -0.2,-0.4 -0.14,-0.09 -0.21,-0.23 -0.19,-0.4 0.05,-0.24 -0.11,-0.42 -0.36,-0.36 -0.17,-0.02 -0.41,0.03 -0.46,-0.17 -0.07,-0.11 -0.13,-0.23 -0.25,-0.28 -0.11,-0.06 -0.25,0 -0.36,-0.05 -0.16,-0.01 -0.21,-0.19 -0.36,-0.22 -0.09,-0.05 -0.19,-0.03 -0.29,-0.03 -0.04,-0.07 -0.09,-0.18 0,-0.23 0.09,-0.02 0.16,-0.06 0.22,-0.13 0,-0.09 0,-0.17 -0.07,-0.24 -0.07,-0.1 -0.18,-0.16 -0.29,-0.22 -0.08,-0.06 -0.18,-0.07 -0.28,-0.06 -0.11,0 -0.19,0.09 -0.28,0.13 -0.07,0 -0.19,-0.04 -0.18,-0.13 -0.01,-0.1 0.02,-0.2 0.06,-0.29 0.11,0 0.15,-0.07 0.17,-0.15 -0.07,-0.12 -0.19,-0.18 -0.27,-0.28 -0.06,-0.08 -0.23,-0.16 -0.14,-0.27 0.07,-0.18 0.29,-0.19 0.3,0 0.17,0.06 0.32,0.11 0.51,0.09 0.13,0 0.08,0.12 0.15,0.18 0.17,0.19 0.47,0.19 0.65,0.36 0.21,0.14 0.49,0.04 0.71,0.12 0.06,0.07 0.07,0.19 0.19,0.16 0.11,0.03 0.21,0.06 0.33,0.05 0.12,0.02 0.06,0.13 0.05,0.21 0.03,0.06 0.04,0.19 0.13,0.19 0.12,-0.01 0.24,0.07 0.35,0.01 0.08,0.04 -0.01,0.15 -0.07,0.18 -0.02,0.08 -0.02,0.16 -0.11,0.2 -0.02,0.1 0,0.2 0.03,0.3 0.31,0.03 0.63,0.04 0.94,0.07 0.07,0.03 0.15,0.06 0.22,0.09 z m -72.38014,81.92 c 0.0601,0.1401 0.0803,0.3101 -0.009,0.44 -0.0502,0.1 -0.26007,0.1999 -0.33999,0.1 0.0899,-0.1 0.26006,-0.1599 0.28987,-0.3001 0.0227,-0.08 0.0398,-0.16 0.0701,-0.2402 z m -1.15003,1.31 c 0.11004,-0.031 0.19001,-0.09 0.24021,-0.19 0.0998,0 0.16989,0.08 0.0998,0.1599 -0.0601,0.08 0.0312,0.1401 0.0899,0.19 0.0803,0.06 0.18009,0.09 0.2198,0.1801 0.0701,0.1 0.15995,0.1801 0.21978,0.2899 0.0701,0.09 0.08,0.2 0.0601,0.3101 0,0.12 -0.1299,0.16 -0.19995,0.2502 -0.0502,0.05 -0.08,0.1401 -0.11997,0.1599 -0.19001,-0.45 -0.41999,-0.89 -0.61001,-1.34 z M 339.75,918.98 c 0.29,0.03 0.59,0.12 0.77,0.36 0.21,0.15 0.35,0.29 0.58,0.37 0.17,0.22 0.46,0.38 0.57,0.64 0.1,0.35 -0.31,0.3 -0.51,0.16 -0.36,0.11 -0.17,0.63 0.07,0.8 0.34,0.09 0.77,-0.3 1.08,0.04 0.25,0.18 0.49,0.39 0.64,0.66 0.21,0.29 0.57,0.42 0.9,0.54 0.22,0.16 0.51,0.17 0.76,0.22 0.19,0.14 0.38,0.27 0.59,0.36 0.24,0.17 0.52,0.25 0.79,0.36 0.31,0 0.59,0.16 0.9,0.11 0.46,0.17 0.86,0.46 1.39,0.41 0.38,-0.02 0.63,0.42 1.03,0.25 0.47,-0.09 0.95,-0.21 1.43,-0.22 0.41,-0.12 0.88,-0.56 1.29,-0.35 0.23,0.45 -0.63,0.55 -0.21,0.91 0.32,0.1 -0.11,0.5 -0.29,0.48 -0.04,0 -0.13,-0.06 -0.38,-0.04 0.04,0.05 -0.12,0.13 -0.04,0.17 0.12,0.06 -0.18,0.16 -0.32,0.08 -0.14,-0.09 -0.37,-0.09 -0.51,0 -0.14,0.14 -0.45,0.08 -0.48,0.3 0.08,0.43 -0.43,0.71 -0.84,0.7 -0.27,0.1 -0.56,0 -0.85,0.07 -0.23,0.03 -0.46,-0.05 -0.7,-0.04 -0.4,0.03 -0.8,-0.03 -1.2,0.03 -0.8,0.31 -1.74,0.35 -2.5,0.82 -0.28,0.1 -0.6,0.07 -0.78,0.33 -0.21,0.05 -0.38,0.32 -0.41,-0.05 -0.92,-2.82 -1.84,-5.63 -2.76,-8.44 z m 14.04,4.71 c -0.2,0.07 -0.26,0.14 -0.42,0.27 -0.04,0.06 -0.07,0.19 0,0.26 0.15,0.06 0.26,0.03 0.4,-0.05 0.14,-0.08 0.31,-0.16 0.47,-0.19 0.12,0 0.11,-0.15 0.22,-0.14 0.12,-0.01 0.24,-0.04 0.34,-0.11 0.07,-0.05 0.15,-0.07 0.24,-0.07 0.13,-0.01 0.25,-0.07 0.34,-0.15 0.11,-0.03 0.23,-0.09 0.17,-0.22 0,-0.08 -0.03,-0.23 -0.14,-0.17 -0.1,0.05 -0.21,0.06 -0.32,0.07 -0.06,0.05 -0.12,0.09 -0.2,0.05 -0.11,0 -0.12,0.17 -0.23,0.13 -0.1,-0.01 -0.16,0.04 -0.26,0.03 -0.11,-0.01 -0.19,0.1 -0.26,0.13 -0.07,0.05 -0.25,0.15 -0.33,0.16 z m 316.42664,143.95 -0.43,0.3 0.33,0.2 0.1,-0.51 z m 10.91,-0.61 0.48,-0.15 0.38,0.71 0.86,-0.76 0.34,0.41 -1.1,1.17 -0.62,0.71 -0.48,0.2 -0.53,0.61 -0.29,-0.76 -0.72,-0.41 -0.24,0.51 -0.81,0.2 -0.38,0.66 -0.96,0.1 -0.62,0.36 -0.62,0.3 -0.19,-0.61 -0.33,0.56 -0.53,-0.46 0.38,-1.22 -1.2,1.37 0.1,0.71 -0.53,0.36 -0.1,-1.01 h -0.29 l -0.38,0.71 -0.72,0.31 -0.81,0.15 -0.24,0.61 -0.34,-0.91 -0.14,1.37 -0.96,0.71 -0.76,0.61 -0.67,-0.46 -0.34,-1.02 -0.91,0.05 -0.62,-0.46 0.05,-1.17 c 0,0 0.86,-0.81 1.1,-0.96 0.24,-0.15 1.67,-0.05 1.67,-0.05 l 1.2,0.3 0.24,-0.86 -0.33,-0.36 c 0,0 -0.62,-0.1 -0.29,-0.36 0.34,-0.25 0.72,0.05 0.72,0.05 l 0.62,0.51 c 0,0 0.14,-0.3 0.34,-0.41 0.19,-0.1 0.57,-0.81 0.57,-0.81 l 0.48,0.36 v 0.71 l 0.43,-1.47 0.48,-0.2 c 0,0 0.43,0.51 0.62,0.31 0.19,-0.2 0.81,-0.31 0.81,-0.31 l 0.48,0.41 0.72,0.25 0.29,-0.56 0.43,0.1 -0.38,0.46 0.24,0.46 0.62,-0.91 1.39,-0.3 2.1,0.1 0.29,-0.51 z m -83.65,14.42 1.7,-0.74 1.5,-0.42 1.4,-1.06 1.5,-1.7 1,-0.42 0.5,0.85 1.8,0.32 6.1,0.21 4.3,-0.21 5.7,-0.53 5,0.42 2.8,-0.42 0.9,1.17 1.1,1.17 3.4,1.7 1.7,-0.32 0.7,-1.7 1.5,-0.64 2.9,0.11 2.4,-1.8 0.7,-1.17 -0.9,-0.53 4.5,-0.21 0.6,1.17 0.1,1.17 h 0.8 l 1.4,-1.27 1.6,-1.8 0.8,-0.95 0.1,2.02 0.7,0.53 1.8,-2.76 0.6,-2.12 0.7,-4.03 1,-1.48 -2.5,-0.11 -3,0.64 -5.8,1.06 -3,-0.21 -1.7,-0.85 -2.4,-1.7 -2.8,-1.7 -1.4,-0.95 -1.5,-0.74 -1.5,-0.21 -0.3,-0.74 -1,-0.42 -0.7,-0.32 -0.6,-1.27 -1,-0.95 -1.6,-1.06 -1,-0.74 -0.7,0.11 -2.1,-1.91 -2.4,-0.74 -1.8,-1.38 -2.1,-1.17 -1,-0.74 -0.4,-1.06 -0.8,-0.53 -1,-1.17 -1.1,-0.53 -0.1,-2.02 -0.4,-0.53 -0.9,-0.42 -1.7,-1.38 -2.1,-1.7 -0.4,-0.11 v -0.74 l -1,-0.64 -0.8,-0.64 -0.7,-0.32 -1.4,-1.27 v -0.95 l -0.6,-0.85 0.2,-0.95 -1,-1.17 -0.1,-2.12 -1,-0.95 -1.1,-1.17 -1,0.21 -1.8,0.64 -1.7,-0.32 -1.3,-0.53 -1.4,-1.27 v -2.97 l 1.1,-1.8 1.1,-1.06 0.7,-1.91 1.8,-0.42 0.4,1.7 h 0.3 l -0.2,-1.7 -0.8,-1.48 -0.8,-1.8 -0.6,0.11 -0.4,-1.27 -0.8,-0.85 -1.1,-0.21 0.3,-0.85 -0.8,-0.42 -0.9,-0.95 -0.5,-1.27 -1.7,-1.59 -0.2,-0.21 h -0.1 c 2.01,24.39 3.57,48.94 6.3,73.08 z" />
          </g>
          <path
             id="Santiago-del-Estero"
             class="cls-12"
             d="m -533.16842,203.15948 -11.98326,-0.5155 c -0.0781,-0.82676 -0.46689,-1.43953 -0.6809,-2.13017 -0.24331,-0.79755 0.0488,-1.88694 -0.18483,-2.48029 3.37517,-6.00137 -1.61461,-5.04813 -4.25057,-6.45849 -2.01343,-1.40067 -1.33252,-4.01715 -1.74107,-6.14728 h -5.60257 l -6.76005,0.10702 c -2.61647,-0.11668 -4.11435,-1.07967 -4.93141,-2.56784 0.16524,-1.6049 -0.71006,-1.39093 -1.25477,-1.74107 -5.30106,1.73133 -5.81655,1.32282 -8.02449,-1.12832 -2.51923,-0.72947 -2.12043,2.45114 -4.92173,-0.40851 l -3.95873,-1.0213 -4.93145,0.20414 -5.79708,0.31124 -6.67252,1.02133 0.19449,-3.68641 -1.35201,-2.86938 c 3.68642,-3.56971 0.24331,-1.35201 0.48633,-5.84575 0.78786,-1.92587 -0.82676,-2.88883 -2.22743,-4.30894 v -3.68639 c -0.17516,-0.80729 -3.6572,-3.60859 -5.50528,-5.4372 l 0.48634,-5.12597 c 0.19448,-3.11255 0.38907,-6.21536 0.58357,-9.32792 l -1.2547,-3.90037 -1.35201,-1.22557 -0.38906,-5.01898 -0.29195,-1.74107 c 2.32468,-1.1672 4.26028,-0.97267 7.53819,-5.43723 l -2.13014,-2.66511 1.352,-9.94067 c 1.28394,0.0389 2.58729,0.14593 2.60677,-3.27787 0.35987,-2.43168 1.74106,-6.7017 2.4122,-10.456197 0.81704,-1.663254 3.76423,-2.742931 2.8013,-5.242692 -0.16551,-0.437676 0.26262,-1.040754 0,-1.624357 2.60671,-0.797587 2.03288,-3.851766 1.6438,-6.769754 l 0.67114,-7.178297 2.89853,-6.867048 c 0,0 1.06021,-1.643805 1.35201,-2.052322 0.29194,-0.408517 0.19448,-3.686416 0.19448,-3.686416 l 0.86564,-3.073627 1.4493,-0.31125 1.6438,0.719766 3.28761,0.61279 0.38908,-1.7411 5.89437,-0.719767 5.99164,0.924039 3.48215,0.817034 2.89856,-3.686416 3.57944,0.204134 41.94142,-0.31125 0.58361,74.01033 c -3.08337,24.2973 -6.14726,48.59454 -11.01057,72.88204 z"
             style="font-weight:700;font-size:6px;font-family:Arial-BoldMT, Arial;fill:#1197d4;fill-opacity:1;stroke:#ffffff;stroke-width:0.797589px;stroke-linecap:round;stroke-linejoin:round" />
          <g
             id="g2"
             transform="matrix(1.6557857,0,0,1.6557857,-978.14689,-345.84906)"
             style="fill:#8c8c8c;fill-opacity:0">
            <path
               id="Autonomous-City-of-Buenos-Aires"
               style="font-weight:700;font-size:12px;font-family:Arial-BoldMT, Arial;fill:#6c4b9b;fill-opacity:1;stroke:#ffffff"
               class="cls-4"
               transform="matrix(0.88308885,0,0,0.88308885,48.798714,46.102743)"
               d="m 428.2,408.99 v -0.1 -0.1 0 l -0.1,-0.1 v -0.1 h -0.2 l -0.1,-0.1 h -0.1 -0.1 -0.1 -0.1 v 0.2 0 0.2 0.2 0.1 0.1 h -0.1 -0.1 -0.1 l -0.1,-0.1 -0.2,-0.2 -0.2,-0.1 h -0.1 l -0.2,-0.1 h -0.2 l -0.1,0.1 h -0.2 l -0.3,0.1 h -0.1 -0.2 -0.1 l -0.3,-0.1 -0.2,-0.1 -0.2,-0.1 h -0.2 l -0.2,-0.1 h -0.3 -0.2 -0.3 l -0.1,0.1 h -0.3 l -0.1,0.1 -0.3,0.1 -1.1,0.4 -0.2,0.2 -0.4,0.2 -0.2,0.1 -0.2,0.3 -0.4,0.4 -0.3,0.3 -0.1,0.2 -0.2,0.4 -0.2,0.3 -0.3,0.3 -0.4,0.6 -0.4,0.6 -0.1,0.2 -0.3,0.5 -0.3,0.3 v 0 l -0.3,0.5 -0.5,0.7 -0.3,0.4 v 0.1 0.2 l -0.2,0.2 -0.3,0.2 -1.4,2.1 -1.1,1.5 -0.1,0.2 -0.5,0.7 -1.3,1.9 -0.7,0.9 -0.2,0.4 -0.4,-0.2 -0.2,-0.2 -0.1,-0.4 -0.4,-0.3 -0.6,-0.5 -0.4,-0.4 -0.8,-0.7 -0.3,-0.4 -0.4,-0.2 -0.3,-0.4 -0.6,-0.5 -0.5,-0.6 -0.7,-0.6 -0.4,-0.2 -0.7,-0.2 -0.2,-0.1 -0.2,-0.5 -0.1,-0.3 -0.3,-0.4 -0.4,-0.4 -0.3,-0.2 -1.2,-1.1 -0.8,-0.7 -0.1,-0.1 -0.6,-0.5 -0.3,-0.3 -0.1,-0.1 -1,-0.9 -0.6,-0.6 -1.1,-1 -1.2,-1.1 -0.6,-0.5 -0.3,-0.4 -0.7,-0.5 -0.6,-0.7 -0.2,-0.1 -0.2,-0.3 -0.3,-0.2 -0.2,-0.2 -0.1,-0.2 v 0 -0.2 l -0.1,-0.3 v -0.9 l -0.1,-1.2 v -1 l -0.1,-0.5 v -0.5 -0.4 l -0.1,-0.7 v -0.2 -0.1 l -0.2,-0.5 0.2,-0.5 -0.1,-1 v -1.4 l -0.1,-1.1 v -1.2 -0.4 -0.5 -0.2 -0.3 l 0.2,-0.6 0.3,-0.6 0.6,-1.7 0.4,-0.9 0.1,-0.2 0.2,-0.7 0.1,-0.2 0.1,-0.2 0.1,-0.3 0.1,-0.3 v -0.1 l 0.2,-0.5 0.2,-0.4 0.2,-0.5 0.2,-0.5 0.2,-0.7 0.3,-0.9 0.2,-0.2 0.1,-0.3 0.1,-0.4 0.2,-0.3 0.1,-0.3 0.1,-0.5 0.4,-0.9 0.1,-0.4 0.2,-0.5 0.4,-0.7 0.1,-0.6 0.1,-0.3 0.2,-0.4 0.1,-0.3 0.1,-0.2 0.2,-0.3 0.3,-0.9 0.4,-1 0.2,-0.6 0.3,-0.8 0.3,-0.6 0.3,-0.7 v -0.4 l 0.1,-0.3 0.2,-0.3 0.1,-0.2 0.3,-0.2 0.6,-0.3 0.5,-0.4 0.3,-0.1 0.2,-0.2 0.3,-0.1 1.2,-0.7 h 0.3 l 0.8,-0.4 0.3,-0.3 0.6,-0.3 0.3,-0.1 0.6,-0.4 0.4,-0.2 0.3,-0.2 0.9,-0.4 0.3,-0.1 0.6,-0.3 0.2,-0.2 0.4,-0.1 0.1,-0.1 0.7,-0.6 0.4,-0.4 0.1,-0.1 v -0.3 l 0.2,-0.2 0.2,-0.3 v -0.2 -0.2 l 1.3,-0.3 0.9,0.4 v 1.4 l 0.5,0.9 1.6,0.5 1,0.6 1.5,1.2 1.2,0.2 1.4,0.3 0.9,0.6 1.1,1.2 1.4,1.4 v 0.9 l 1.2,0.6 1.5,0.3 1.4,1.1 2.1,0.9 0.9,0.5 0.9,0.9 0.7,1.2 0.9,1.6 0.9,0.9 1.2,0.7 0.4,-1.2 1.4,-0.4 h 0.9 l 0.5,1.1 0.6,1.1 0.9,0.8 0.5,1.1 0.3,1.6 0.2,1.1 -0.2,1.2 -0.9,1.1 v 1.2 l 0.9,0.5 0.9,0.4 v 0.9 l 0.5,1.9 0.6,0.9 0.7,1.1 v 1.2 l -1.2,0.4 0.5,0.2 0.5,0.3 -1.9,-0.9 -1.1,0.4 0.2,1.6 -0.4,0.5 -0.3,0.4 -0.5,0.3 -0.4,0.5 -0.1,0.1 -0.1,0.1 v 0.1 0.3 l 0.1,0.2 0.1,0.2 0.1,0.6 v 0.1 0.1 0.1 l -0.1,0.1 -0.3,0.1 -0.2,0.1 h -0.1 l -0.2,0.2 -0.4,0.6 h -0.1 l -0.1,0.1 h -0.1 -0.2 -0.1 l -0.1,0.1 -1.3,0.7 v 0.1 l -0.1,0.2 v 0.2 0.2 0.1 l -0.1,0.1 -0.3,0.2 -0.4,0.3 -0.2,0.2 -0.3,0.4 h -0.1 l -0.1,0.1 H 434 l -0.5,-0.1 -0.6,0.2 h -0.2 -0.1 -0.3 -0.6 l -0.2,0.1 h -0.1 l -0.2,0.1 -0.2,0.2 -0.2,0.2 -0.2,0.2 -0.1,0.1 -0.1,0.1 h -0.1 l -0.1,0.1 h -0.1 -0.2 l -0.2,0.1 -0.2,0.3 -0.3,0.1 h -0.5 l -0.3,-0.1 h -0.3 -0.1 -0.1 -0.1 l -0.1,-0.1 v -0.1 -0.1 l 0.1,-0.1 v -0.1 l 0.3,-0.1 z m -117.82043,5.0837 h 0.04 c 0,0 0.0732,-0.0265 0.0732,-0.0265 h 0.0466 c 0,0 0.0265,0.04 0.0265,0.04 l -0.0151,0.0798 -0.015,0.0208 0.0466,0.0798 h 0.0151 c 0,0 0.0334,-0.04 0.0334,-0.04 h 0.0265 c 0,0 0.0151,0.0998 0.0151,0.0998 h 0.0334 c 0,0 0.006,-0.0598 0.006,-0.0598 h 0.0208 c 0,0 0.0265,0.0466 0.0265,0.0466 v 0.04 c 0,0 0.04,0.06 0.04,0.06 l 0.0732,0.0466 0.113,0.0207 0.04,0.0466 -0.0208,0.1598 0.29271,0.21952 0.1264,0.17961 h 0.04 c 0,0 0.0207,0.0334 0.0207,0.0334 0,0 0,0 0,0 0.006,0 0.0151,0 0.0208,0 0.006,0 0.0208,0 0.0208,0.006 0,0 0,0.015 0,0.0208 0,0.006 0,0.0151 0,0.0265 0,0.006 0,0.0151 0,0.0208 0,0.006 0,0.0151 0,0.0207 0,0.015 0,0.015 0,0.0208 0,0 0.015,0 0.0207,0.006 0.006,0 0.015,0.006 0.015,0.015 0.006,0 0.006,0 0.006,0.0151 0,0 0.0151,0.0151 0.0151,0.0151 0,0.006 0,0.015 0.0151,0.0207 0.006,0 0.0208,0 0.0265,0 0.006,0 0.0151,0 0.0265,0 0.006,0 0.0151,0 0.0208,0.006 0,0 0.006,0 0.0151,0 l 0.1198,0.15282 0.015,-0.0798 -0.11979,-0.133 c 0,0 0,-0.0208 0,-0.0265 0,0 0,-0.006 0,-0.0151 h 0.04 c 0,0 0.0466,0.0664 0.0466,0.0664 h 0.0334 c 0,0 0.0598,-0.0208 0.0598,-0.0208 l 0.0334,0.04 -0.0664,0.0265 0.0208,0.0334 0.0864,-0.0334 0.0864,0.0998 -0.0598,0.0265 0.0265,0.04 0.0732,-0.04 0.0664,0.06 -0.1064,0.0531 0.0334,0.04 0.093,-0.0534 0.0334,0.0466 -0.0864,0.06 0.0207,0.0334 0.0864,-0.0598 v 0.0534 c 0,0 -0.0732,0.0466 -0.0732,0.0466 l 0.0151,0.0332 0.0598,-0.04 0.015,0.0466 -0.10641,0.0532 0.0265,0.0798 -0.0798,0.0264 v 0.0265 c 0,0 0.0664,0.015 0.0664,0.015 l -0.0207,0.1198 0.0534,0.43902 c 0,0 0,0 0,0 0,0.006 0.006,0.006 0.0151,0.006 0.006,0 0.0151,0 0.0208,0 0.006,0 0.0151,0 0.0207,0 0,0 0.0151,0 0.0208,0 0.006,0 0.0151,0 0.0208,0 0,0 0.015,0 0.0207,0.006 0.006,0 0.0151,0.006 0.0208,0.015 0.006,0 0.0208,0 0.0265,0.006 0.006,0 0.0151,0 0.0208,0 0.006,0 0.0151,0 0.0208,0 0,0 0,0.0208 0,0.0265 0,0.006 0,0.0151 0,0.0207 0,0.0151 0,0.0151 0.006,0.0151 0.006,0 0.0151,0 0.0207,0 0,0 0.0151,-0.006 0.0151,-0.006 0,0 0.006,-0.006 0.0151,-0.015 0,0 0.0208,0 0.0265,0 0.006,0 0.015,0 0.0207,0.006 0.006,0.006 0.0208,0.0151 0.0334,0.0151 0,0 0.0265,0.0208 0.0265,0.0208 0,0 0,0.006 0,0.0151 0,0.0151 0,0.0151 -0.0151,0.0151 -0.006,0 -0.0151,0 -0.0265,0 -0.006,0 -0.0151,0 -0.0151,0.015 0,0 0.0151,0.006 0.0151,0.0151 0,0.015 0,0.015 0.006,0.015 0.015,0 0.015,0.0151 0.015,0.0208 0,0 0.006,0.0151 0.0151,0.0207 0,0.006 0,0.0208 0.006,0.0265 0,0 0,0.0208 0,0.0265 0,0.015 0,0.015 -0.006,0.015 -0.006,0 -0.0208,0 -0.0265,0 -0.006,0 -0.0151,0 -0.0265,0 0,0 -0.0151,-0.015 -0.0151,-0.0207 0,0 -0.006,-0.015 -0.0151,-0.0208 0,0 -0.006,0 -0.0151,0 0,0.006 -0.006,0.006 -0.0151,0.0208 0,0.006 0,0.0151 -0.006,0.0207 0,0 -0.006,0 -0.0151,0 -0.006,0 -0.0151,-0.015 -0.0151,-0.0207 0,-0.006 -0.006,-0.0208 -0.015,-0.0264 0,-0.006 0,-0.015 -0.0151,-0.015 -0.006,0 -0.0151,0.015 -0.0151,0.0208 0,0.006 0,0.0207 0,0.0265 0,0.015 0,0.015 -0.015,0.0265 -0.0151,0.0151 -0.0208,0.0208 -0.0265,0.0265 0,0 -0.015,0 -0.0208,0.006 -0.006,0 -0.0151,0.006 -0.0208,0.0151 -0.006,0 -0.0151,0 -0.0207,0 0,0 0,0 0,0 l -0.18621,-0.24614 -0.0151,0.0732 0.133,0.1664 v 0.0466 c 0,0 -0.0932,0.0664 -0.0932,0.0664 0,0 0,0 -0.006,0 -0.006,0 -0.0151,0.006 -0.0208,0.015 -0.006,0 -0.0151,0 -0.0265,0 -0.015,0 -0.0207,0 -0.0334,0 -0.0151,0 -0.0208,0 -0.0334,0 -0.0151,0 -0.0151,0 -0.0151,0.0208 0,0.0151 0,0.0207 0,0.0334 0,0.0151 0,0.0151 0.0208,0.0208 0.006,0 0,0.0207 0,0.0265 0,0.006 0.015,0.015 0.015,0.0265 0,0.0151 0,0.0207 -0.006,0.0264 0,0.015 -0.0151,0.015 -0.0207,0.0207 -0.006,0 -0.0151,0.006 -0.0208,0.0208 0,0 -0.0264,0 -0.0264,0 -0.0151,0 -0.0151,0.006 -0.0207,0.0151 -0.006,0.006 -0.0151,0.015 -0.0265,0.0207 0,0 -0.0151,0 -0.0208,0.006 -0.0151,0 -0.0207,0.0151 -0.0334,0.0151 -0.0151,0 -0.0151,0 -0.0265,0.015 -0.006,0.006 -0.0151,0.0151 -0.0265,0.0208 -0.0151,0.006 -0.0151,0.015 -0.0264,0.0207 -0.006,0 -0.0207,0.0208 -0.0265,0.0265 -0.006,0 -0.0151,0.006 -0.0208,0.0208 -0.006,0.006 -0.0207,0.015 -0.0265,0.0207 -0.006,0 -0.0151,0 -0.0208,0.015 -0.006,0.006 -0.0151,0.0151 -0.0208,0.0151 l -0.1462,-0.0151 -0.0932,0.0466 c 0,0 0,0 -0.006,0 0,0 -0.006,0 -0.015,0 0,0 -0.0598,-0.015 -0.0732,-0.015 -0.0151,0 -0.0208,0 -0.0334,0 -0.006,0 -0.0208,0 -0.0334,0 -0.015,0 -0.0207,0 -0.0334,0 -0.0151,0 -0.0208,0 -0.0332,0 -0.006,0 -0.015,0 -0.0208,0 0,0 -0.0207,-0.0265 -0.0263,-0.0334 0,0 0,0 0,0 l -0.29933,-0.0532 -0.0732,0.0334 -0.45235,0.44569 -0.41242,0.39246 -0.39249,-0.51886 -0.71839,-0.93794 -0.0466,-0.42572 0.14622,-0.88473 0.76498,-1.15746 0.75833,-0.19965 z" />
          </g>
          <g
             class="ci"
             id="g97-7-8-0"
             style="opacity:0.5"
             transform="matrix(0,-1.2312182,-1,0,204.48389,906.114)" />
          <g
             id="g517-6"
             style="display:inline"
             transform="matrix(0.16680552,0,0,0.16680552,-411.84076,608.91932)" />
          <g
             id="g2-7-7-9-4-0"
             transform="matrix(0.40539192,0,0,0.40539192,12.398962,-873.37133)"
             style="display:inline;stroke:#000000;stroke-opacity:1;fill:#13a8ec;fill-opacity:1" />
          <g
             id="g2-7-7-9-2-2"
             transform="matrix(0.40539192,0,0,0.40539192,17.545158,-1031.8091)"
             style="display:inline;stroke:#000000;stroke-opacity:1;fill:#7853ac;fill-opacity:1" />
        </g>
      </g>
    </g>
  </g>
</svg>