<svg
   width="800"
   height="803"
   viewBox="0 0 800 803"
   stroke-linecap="round"
   stroke-linejoin="round"
   xmlns:inkscape="http://www.inkscape.org/namespaces/inkscape"
   xmlns:sodipodi="http://sodipodi.sourceforge.net/DTD/sodipodi-0.dtd"
   xmlns="http://www.w3.org/2000/svg"
   xmlns:svg="http://www.w3.org/2000/svg">
  <defs
     id="defs29" />
  <sodipodi:namedview
     id="namedview27"
     pagecolor="#ffffff"
     bordercolor="#000000"
     borderopacity="0.25"
     inkscape:showpageshadow="2"
     inkscape:pageopacity="0.0"
     inkscape:pagecheckerboard="0"
     inkscape:deskcolor="#d1d1d1"
     showgrid="false"
     inkscape:zoom="1.2599845"
     inkscape:cx="276.19387"
     inkscape:cy="624.21401"
     inkscape:window-width="1490"
     inkscape:window-height="977"
     inkscape:window-x="0"
     inkscape:window-y="32"
     inkscape:window-maximized="0"
     inkscape:current-layer="svg25" />
  <path
     d="m 236.8,198.64 -0.69,2.44 -0.19,2.7 0.74,3.26 2.24,4.1 -1.4,2.04 -0.36,1.47 -0.29,1.14 0.15,1.87 0.04,0.55 1.4,0.28 3.54,1.4 3.35,2.33 1.21,1.77 0.37,1.86 -0.18,2.66 8.1,3.07 h 2.8 l 2.61,-0.46 2.23,-1.21 1.49,-0.38 1.4,-0.18 3.91,2.79 2.15,2.7 -0.66,2.89 -0.28,1.77 0.1,2.8 0.84,4 -2.15,1.58 -2.14,1.03 -1.12,1.02 1.12,6.52 -0.14,0.37 -0.23,0.61 -2.05,0.65 -2.42,1.59 -0.84,1.3 v 2.14 l 0.74,1.96 -0.28,4.47 -1.3,8.11 -0.75,4.65 1.77,1.49 1.12,1.31 -0.09,1.67 -2.14,3.03 -3.92,3.54 -5.03,0.75 -1.3,2.61 -1.76,1.98 -1.13,1.28 -2.52,5.96 -0.74,3.26 -0.19,3.26 0.84,3.07 -0.28,1.31 -2.51,0.09 -1.22,-0.56 -2.42,-0.09 -3.16,1.11 -1.68,1.87 -0.56,1.63 0.28,3.45 -0.47,3.63 0.47,2.23 1.02,0.56 h 1.59 l 2.23,-1.12 1.87,0.1 2.79,3.82 1.68,2.42 0.18,0.74 -0.65,0.94 -4.66,3.16 -0.09,1.87 -1.58,1.86 -1.03,1.86 v 1.77 l 0.65,2.42 -0.08,4.37 -1.27,0.13 -0.96,5.09 -1.19,-1.8 -3.55,-2.4 -7.72,-0.26 -2.03,-1.52 -1.39,-3.29 -1.52,-2.53 -4.18,-2.79 -3.67,-0.76 -3.8,-0.25 -1.14,-1.9 -0.63,-2.28 0.12,-4.18 -5.06,1.02 -2.92,-0.07 -3.03,-1.01 -2.03,0.89 -1.65,4.68 -1.77,1.77 -2.53,0.76 -3.67,-0.76 -5.32,-2.91 -4.44,-3.67 h -1.26 l -0.76,1.27 0.38,3.79 1.9,5.58 0.25,2.28 -0.89,4.55 -0.63,3.29 0.51,1.78 1.64,1.01 -0.12,1.39 -0.31,0.08 -2.48,0.68 -1.39,0.38 -7.47,-1.52 -6.84,-0.31 -4.63,0.26 -2.13,0.43 -0.97,0.19 -3.22,1.36 -1.15,-1.67 -1.25,-0.7 -1.12,-0.1 -2.8,1.49 -4.68,-0.63 -1.54,2.05 -2.46,-0.36 -0.9,0.35 -1.68,-1.61 -2.73,-0.49 -0.16,-0.03 -2.37,-3.94 -4.09,-5.23 -9.44,-7.83 -5.9,-10.34 -4.47,-0.1 -8.27,-0.2 -3.55,-1.51 -3.43,-1.25 -0.18,3.72 1.46,3.74 -5.98,3.15 -3.49,-0.68 -2.55,-5.81 -5.08,-5.95 -0.52,-0.16 -2.51,5.39 -1.22,1.09 -6.31,4.63 -0.12,-0.24 0.09,-0.02 0.21,-0.32 v -0.29 l -0.32,-0.21 -0.84,0.04 H 54 l -0.01,-0.01 -0.27,-0.25 -0.07,-0.6 -0.26,-0.58 -0.39,-0.32 -0.36,-0.61 -0.28,-0.42 -0.59,-0.5 -0.89,-0.58 -0.68,-0.42 -0.67,-0.15 -0.69,0.04 -0.66,0.38 -0.36,0.1 -0.48,-0.08 -0.16,-0.35 -0.17,-0.39 -0.32,-0.09 -0.52,0.18 -0.46,0.19 h -0.3 l -0.37,-0.5 -0.37,-0.52 -0.09,-0.61 -0.04,-0.71 -0.02,-0.53 -0.29,-0.3 -0.69,-0.31 -0.59,-0.19 -0.3,-0.13 -0.11,-0.33 0.35,-0.58 0.3,-0.7 0.48,-0.97 0.06,-0.51 -0.13,-0.82 -0.43,-0.41 -0.89,-0.55 -0.89,-0.62 -0.1,-0.59 0.27,-0.79 -0.1,-0.5 -0.79,-0.47 -0.22,-0.17 -0.23,-0.57 -0.07,-0.69 -0.27,-0.32 -0.59,-0.3 -0.67,-0.35 -0.37,-0.17 -0.25,-0.59 -0.17,-0.52 -0.1,-0.89 -0.26,-0.54 -0.32,-0.52 -0.45,-0.63 -0.55,-0.55 -0.32,-0.35 -0.2,-0.18 -0.46,-0.59 -0.27,-0.97 -0.12,-0.54 -0.5,-1.02 -0.52,-0.36 -0.28,-0.34 -0.03,-0.03 -0.26,-0.34 -0.16,-0.36 -0.15,-0.44 -0.27,-0.37 -0.33,-0.39 -0.06,-0.18 0.19,-0.42 0.54,-0.55 0.37,-0.62 0.44,-0.76 0.16,-0.57 0.02,-0.55 -0.1,-0.55 -0.1,-0.34 -0.08,-0.36 -0.11,-0.34 0.5,-0.42 v -0.41 l 0.03,-0.58 0.25,-0.52 0.29,-0.44 0.13,-0.52 -0.05,-0.37 0.1,-0.34 0.68,-0.1 0.47,-0.08 0.07,-0.04 0.3,-0.17 0.07,-0.47 0.06,-0.57 v -0.34 l 0.1,-0.31 -0.16,-0.39 -0.07,-0.18 -0.06,-0.29 0.19,-0.47 0.31,-0.31 0.26,-0.29 0.3,-0.23 h 0.01 l 0.39,-0.11 0.19,-0.31 -0.01,-0.11 -0.02,-0.18 v -0.67 l 0.29,-0.13 0.49,0.05 0.23,0.12 0.16,0.09 0.26,-0.06 0.08,-0.39 0.05,-0.39 0.16,-0.36 0.26,-0.5 0.16,-0.67 -0.03,-0.37 -0.26,-0.31 -0.03,-0.03 -0.2,-0.21 -0.24,-0.18 -0.1,-0.26 0.15,-0.34 0.1,-0.15 0.09,-0.14 v -0.36 l -0.21,-0.42 -0.17,-0.14 -0.28,-0.25 -0.15,-0.34 -0.13,-0.39 0.05,-0.6 0.03,-0.28 -0.11,-0.76 v -0.36 l 0.05,-0.29 0.32,-0.05 0.47,0.1 0.36,0.08 0.21,-0.18 -0.05,-0.58 -0.13,-0.49 v -0.01 l 0.56,0.22 3.52,-0.01 0.13,-4.18 0.13,-3.17 0.63,-0.76 3.29,-0.63 7.09,-0.63 2.79,-0.64 -0.25,-3.67 -0.89,-5.82 0.38,-1.9 4.43,-4.56 9.5,0.25 h 6.08 l 0.38,-0.88 0.38,-6.46 3.54,1.9 8.62,5.25 1.39,-1.01 h 1.01 l 5.82,3.92 2.79,-0.37 2.53,1.26 2.03,2.03 1.9,0.25 3.8,-1.01 1.77,-1.02 1.27,0.13 1.9,0.64 1.26,0.88 0.89,-0.13 0.51,-0.75 -0.26,-2.28 -0.38,-1.78 0.38,-1.01 4.06,-0.76 3.03,-1.01 2.79,0.12 3.8,0.13 v 0.29 3 l 1.52,2.41 5.06,1.96 -1.94,7.39 5.62,3.12 6.2,-3.29 4.69,-1.78 5.69,0.01 1.65,-2.07 1.77,-2.24 1.9,-1.65 4.69,-1.64 2.91,-1.27 3.25,-2.27 2.2,-1.53 3.04,-3.03 0.42,0.06 0.33,-2.34 -0.37,-0.38 -0.43,-0.43 -1.86,-1 -3.97,-2.63 -2.11,-5.06 0.26,-1.34 2.64,-4.12 2.09,-9.5 -0.23,-2.52 -16.36,-1.29 -0.33,-1.72 0.29,-5.44 -1.37,-1.9 -1.44,-2.05 -0.67,-1.79 -2.01,-0.27 -1.7,-1.01 1.94,-6.5 0.84,-0.42 2.16,-1.08 5.04,-4.61 1.62,-1.94 0.85,-5.15 1.44,-1.6 2.41,-2.69 1.63,-1.82 1.29,-3.33 -0.11,-2.36 6.44,-1.5 1.61,1.29 1.03,3.29 1.54,2.02 5.46,2.37 0.21,0.05 3.35,0.66 5.46,-1.18 1.62,-2.77 0.04,-0.08 0.36,-2.73 4.62,-1.54 4.28,0.6 6.46,2.81 1.96,1.81 1.78,0.24 1.9,-1.07 0.33,0.26 2.99,2.35 5.34,1.42 4.04,2.02 1.89,1.9 1.43,3.08 -0.16,2.3 z"
     id="Aragatsotn"
     style="fill:#5169b1;fill-opacity:1;stroke:#ffffff;stroke-opacity:1" />
  <path
     d="m 412.3,465.88 -1.59,4.54 v 2.38 l 0.68,2.83 -0.91,1.36 -3.85,1.02 -2.16,1.7 -1.02,2.38 -0.22,6.69 -0.92,4.7 -0.48,1.22 -0.34,-0.11 -0.65,-0.18 -0.42,-0.5 -0.18,-0.61 -0.4,-0.57 -0.32,0.36 -0.97,0.5 -0.64,0.22 -0.64,0.17 -0.5,0.04 -0.36,0.39 0.03,0.65 -0.14,0.61 -0.25,0.57 -0.61,0.5 -0.71,0.11 -0.58,0.68 -0.07,0.53 -0.25,0.68 v 0.58 0.46 l -0.43,0.61 -0.68,0.68 -0.64,0.54 -0.58,0.07 -0.64,-0.15 -0.43,-0.21 -0.43,0.29 -0.68,0.21 -0.57,0.18 -0.65,0.14 -0.64,0.68 -0.36,0.36 0.04,0.54 -0.14,0.43 -0.68,0.78 -0.18,0.94 -0.11,0.53 0.32,0.9 -0.86,-0.08 -0.46,0.11 -0.4,0.29 -0.57,0.1 -0.93,0.04 -1.04,0.25 -0.93,0.54 -1.61,0.61 -1.18,1.03 -1.14,0.83 -0.86,0.68 -0.65,0.5 -0.71,0.5 -0.79,0.5 -0.82,0.39 -0.86,0.5 -0.61,0.33 -0.61,-0.04 -0.71,0.25 -0.61,0.32 -0.93,0.5 -0.79,0.11 h -0.72 l -0.68,-0.14 -0.85,-0.25 -0.44,-0.22 -0.6,-0.11 -0.47,-0.14 -0.71,-0.03 -0.43,-0.29 -0.5,0.04 -0.36,-0.08 -0.43,-0.35 -0.49,-0.07 h -0.01 l -0.43,0.35 h -0.4 l -0.14,-0.25 -0.21,-0.57 -0.08,-0.64 v -0.68 -0.75 -0.04 l -0.14,-0.68 -0.25,-0.65 -0.64,-0.42 -0.5,-0.29 -0.72,0.07 -0.32,-0.07 -0.36,-0.5 -0.5,-0.47 -0.36,-0.39 -0.36,-0.18 h -0.53 l -0.36,0.32 -0.32,0.65 -0.25,0.64 -0.54,0.82 -0.43,0.79 -0.36,0.43 -0.68,0.21 -0.89,0.22 -0.82,0.14 -0.72,-0.14 -0.47,-0.04 -0.46,0.18 -0.86,-0.03 -0.68,-0.18 h -0.68 l -0.75,0.36 -0.83,0.53 -0.68,0.29 -0.28,0.11 -0.82,0.1 -0.65,-0.1 -0.39,-0.04 -0.5,0.04 -0.5,0.32 -0.36,0.11 -0.68,0.28 -0.57,0.07 -0.33,0.15 -3.07,0.78 -3.73,1.26 -1.57,0.42 -1.29,0.4 -2.4,0.64 -2.11,0.57 -1.14,0.26 -0.46,0.14 -0.44,0.14 -0.64,0.11 -0.86,0.11 -0.47,-0.15 -0.43,-0.32 -0.39,-0.32 -0.07,-0.89 v -0.54 l 0.25,-0.72 0.18,-0.68 0.04,-0.43 -0.15,-0.43 -0.39,-0.35 -0.43,-0.29 -0.32,-0.25 -0.18,-0.5 -0.15,-0.5 0.11,-0.75 0.14,-0.55 0.04,-0.13 0.07,-0.75 0.04,-0.72 -0.22,-0.43 -0.61,-0.29 -0.75,-0.28 -0.5,-0.07 -0.39,0.21 -0.39,0.57 -0.03,0.03 -0.26,0.37 -0.54,0.39 -0.57,0.18 -0.47,-0.04 -0.53,-0.21 -0.54,-0.29 -0.14,-0.64 -0.15,-0.5 -0.21,-0.43 -0.29,-0.4 -0.21,-0.64 -0.18,-0.36 -0.22,-0.57 -0.14,-0.5 -0.28,-1.11 -0.08,-0.82 -0.18,-0.75 -0.17,-0.5 -0.25,-0.47 -0.15,-0.68 -0.21,-0.54 -0.02,-0.06 -0.13,-0.33 -0.89,-0.29 -0.82,-0.07 -0.93,-0.03 -0.31,0.05 -0.48,0.09 -0.39,0.25 -0.65,0.11 h -0.39 l -0.22,-0.11 -0.39,-0.32 -0.32,-0.36 -0.25,-0.54 -0.04,-0.53 0.18,-0.72 0.14,-0.57 0.11,-1.08 0.39,-0.42 0.79,-0.33 0.61,-0.32 0.54,-0.46 0.17,-0.65 -0.07,-0.39 -0.6,-0.54 -0.17,-0.12 -0.37,-0.27 -0.43,-0.32 -0.54,-0.36 -0.64,-0.11 -0.4,0.07 -0.78,0.32 -0.29,0.47 v 0.5 l -0.18,0.57 -0.07,0.68 -0.13,0.2 -0.01,0.02 -0.36,0.03 -0.02,-0.01 -0.48,-0.42 -0.57,-0.6 -0.33,-0.36 -0.64,-0.25 -0.57,0.07 -0.17,0.09 -0.33,0.2 -0.47,0.18 -0.68,0.1 -0.57,-0.07 -0.47,-0.25 -0.21,-0.39 -0.43,-0.5 -0.25,-0.65 -0.32,-0.79 -0.43,-0.6 -0.72,-0.51 -0.46,-0.36 -0.18,-0.14 -0.35,-0.08 -0.37,-0.1 -0.64,-0.14 -0.58,-0.39 -0.64,-0.25 -0.29,-0.5 -0.06,-0.13 -0.15,-0.34 -0.32,-0.57 -0.22,-0.5 -0.46,-0.32 -0.61,-0.15 -0.59,0.08 -0.27,0.03 -0.43,0.11 -1,0.14 -0.54,-0.18 -0.46,-0.32 -0.07,-0.64 0.32,-0.33 0.68,-0.32 0.75,-0.28 0.25,-0.61 0.29,-0.5 v -0.72 l -0.26,-0.52 -0.07,-0.12 -0.43,-0.32 -0.68,-0.29 -0.68,-0.04 -0.43,0.47 -0.46,0.5 -0.39,0.64 -0.24,0.16 -0.23,0.17 -0.36,0.39 -0.53,0.07 -0.61,-0.22 -0.72,-0.42 -0.54,-0.33 -0.32,-0.35 -0.07,-0.33 -0.07,-0.6 -0.18,-0.4 -0.32,-0.46 -0.36,-0.43 -0.11,-0.43 0.15,-0.5 0.43,-0.86 0.64,-0.79 0.47,-0.75 v -0.68 l -0.11,-1.04 0.11,-0.64 -0.4,-0.68 -0.21,-0.54 0.02,-0.45 0.01,-0.23 -0.18,-0.68 -0.25,-0.57 -0.32,-0.5 -0.5,-0.14 -0.43,-0.29 -0.39,-0.25 -0.43,-0.25 -0.33,0.09 -0.07,0.02 -0.46,0.32 -0.47,0.07 -0.61,-0.11 -0.39,-0.43 -0.21,-0.46 -0.18,-0.43 -0.22,-0.4 -0.32,-0.17 -0.39,-0.11 -0.61,-0.25 -0.43,-0.36 -0.29,-0.57 -0.32,-0.79 -0.18,-0.54 -0.43,-0.46 -0.71,-0.36 -0.43,-0.46 -0.36,-0.26 -0.43,-0.6 -0.25,-0.68 -0.14,-0.57 0.18,-0.68 0.25,-0.47 0.1,-0.29 0.07,-0.75 v -0.43 l -0.17,-0.71 0.1,-0.68 0.04,-0.47 -1.07,-1.79 -0.51,-0.28 -0.46,-0.5 -0.54,-0.47 -0.35,-0.86 -0.4,-0.75 -0.11,-0.61 -0.33,-0.88 -0.06,-0.16 -0.36,-0.6 -0.79,-0.25 -0.82,0.07 -0.16,0.05 -0.45,0.16 -0.64,0.11 -0.47,0.18 -0.43,0.03 -0.14,-0.35 -0.32,-0.9 -0.32,-0.89 -0.43,-0.83 -0.43,-0.35 h -0.79 l -0.57,-0.22 -0.47,-0.43 -0.35,-0.61 -0.47,-0.35 -0.18,-0.25 -0.11,-0.61 v -0.58 -0.64 l -0.1,-0.75 -0.54,-0.61 -0.5,-0.43 -0.61,-0.46 -0.29,-0.36 -0.17,-0.54 -0.11,-0.68 -0.04,-0.57 -0.18,-0.39 -0.39,-0.47 -0.29,-0.57 -0.53,-0.75 -0.43,-0.47 -0.58,-0.5 -0.82,-0.54 -0.5,-0.17 -0.12,-0.11 -0.2,-0.18 -0.32,-0.32 -0.61,-0.07 -0.43,-0.36 -0.68,-0.54 -0.61,-0.21 -0.68,-0.07 -0.21,0.21 -0.11,0.11 -0.43,0.32 -0.68,0.14 -0.65,-0.07 -0.53,-0.32 -0.36,-0.47 -0.14,-0.53 0.21,-0.61 -0.03,-0.68 -0.22,-0.54 -0.18,-0.17 -2.19,-1.12 -0.71,-0.32 -0.82,-0.46 -0.61,-0.47 -0.39,-0.25 -0.43,-0.21 -0.5,-0.25 -0.22,-0.36 -0.28,-0.25 -0.36,-0.5 -0.36,-0.36 -0.14,-0.43 -0.07,-0.54 -0.22,-0.21 -0.09,-0.21 -0.12,-0.29 -0.27,-0.41 -0.91,-0.34 -0.51,-0.22 -0.64,-0.29 -0.75,-0.07 -0.97,0.04 -0.75,0.25 -0.46,-0.11 -0.47,-0.36 -0.39,-0.17 -0.13,-0.04 -0.44,-0.11 -0.65,-0.03 h -0.5 l -0.82,0.28 -0.47,0.18 -0.57,0.04 -0.39,-0.22 -0.54,-0.25 -0.61,-0.71 -0.61,-0.4 -0.64,-0.43 -0.43,-0.35 -0.25,-0.58 -0.18,-0.5 -0.32,-0.36 -0.61,-0.32 -0.39,-0.25 -0.44,-0.28 -0.42,-0.68 -0.36,-0.61 -0.15,-0.57 -0.17,-0.61 -0.25,-0.4 -0.44,-0.39 -0.57,-0.04 -0.61,0.18 -0.71,0.07 -0.68,-0.14 -0.61,-0.36 2.18,-3.94 0.13,-4.05 -0.51,-4.18 -2.41,-4.55 -0.88,-3.42 -2.66,-2.79 -0.76,-2.15 0.38,-2.79 1.14,-2.02 3.29,-0.13 2.53,-0.88 2.54,-2.16 2.28,-3.42 1.51,-1.01 2.03,-0.25 2.53,0.51 2.16,1.26 0.76,-0.13 2.28,-1.96 3.04,-2.15 1.22,-0.81 2.71,-1.13 1,3.59 -1.9,2.78 -0.38,1.9 0.64,1.77 2.15,3.3 0.13,1.51 2.02,1.27 6.21,1.58 4.43,3.29 0.51,2.54 0.88,1.77 h 0.64 l 1.26,-1.14 0.51,0.63 -0.13,1.27 -0.19,1.66 1.65,-0.47 5.51,-3.09 3.29,-0.38 1.27,-1.52 1.64,1.14 7.09,-8.1 4.43,-3.29 2.53,-3.36 h 1.03 l 1.49,0.56 1.49,1.49 0.56,1.4 -0.37,4.75 0.46,1.3 1.59,0.75 2.51,0.18 1.96,0.75 1.95,0.18 1.23,0.5 3.25,-1.48 7.76,-0.33 1.67,-1.3 0.89,0.39 1.82,-1.07 1.79,0.04 1.31,1.01 4.99,-2.41 7.81,-2.27 2.79,-1.28 1.24,-1.08 5.4,-4.72 5.11,-2.19 1.97,-0.84 16.52,-4.36 4.17,-2.66 8.53,0.03 10.17,1.83 v 0 l 1.26,3.43 0.46,4.92 -0.46,2.86 -1.37,3.43 -3.32,3.66 3.43,2.62 1.6,1.49 -0.02,1.65 -2.74,4.1 -0.34,1.71 0.34,3.08 4.1,5.24 3.08,2.16 5.36,2.28 v 2.96 l -0.11,6.38 0.91,1.37 2.51,0.68 5.12,1.83 4.45,-0.57 0.59,0.59 0.43,0.43 -0.45,3.87 -2.51,4.33 -0.91,3.54 v 0.16 4.73 l 0.57,3.31 1.59,3.87 v 3.08 0.04 z"
     id="Ararat"
     style="fill:#5169b1;fill-opacity:1;stroke:#ffffff;stroke-opacity:1" />
  <path
     d="m 234.91,360.17 0.91,2.23 0.93,7.11 0.39,8.23 -2.28,1.96 -0.76,0.13 -2.16,-1.26 -2.53,-0.51 -2.03,0.25 -1.51,1.01 -2.28,3.42 -2.54,2.16 -2.53,0.88 -3.29,0.13 -1.14,2.02 -0.38,2.79 0.76,2.15 2.66,2.79 0.88,3.42 2.41,4.55 0.51,4.18 -0.13,4.05 -2.18,3.94 -0.21,-0.57 -0.22,-0.57 -0.5,-0.39 -0.57,0.14 -0.72,0.39 -0.57,0.15 -0.61,-0.11 -0.5,-0.25 -0.46,-0.58 -0.65,-0.42 -0.14,-0.4 -0.18,-0.46 -0.36,-0.4 -0.75,-0.18 -0.72,0.08 -0.64,0.25 -0.97,0.25 -0.68,0.28 -0.43,0.15 -0.39,-0.11 -0.32,-0.25 -0.32,-0.65 -0.08,-0.53 -0.18,-0.97 -0.42,-0.04 -1.04,0.18 h -0.75 l -0.4,-0.14 -0.39,-0.39 -0.29,-0.5 -0.32,-0.43 -0.54,-0.47 -1.07,-0.1 -0.57,0.03 -0.5,0.21 -0.54,0.44 -0.75,0.17 h -0.82 l -0.65,-0.17 -0.72,-0.36 -0.57,-0.25 -0.89,-0.11 h -0.12 -0.53 l -0.6,0.25 -0.36,0.39 -0.61,0.29 -0.11,-0.02 -0.68,-0.09 -0.64,0.11 -0.61,0.29 -0.43,0.43 -0.36,0.42 -0.53,0.22 -0.51,-0.18 -0.35,-0.39 -0.47,-0.11 -0.46,0.28 -0.33,0.61 -0.07,0.54 -0.1,0.72 v 0.53 l -0.09,0.2 -0.02,0.05 -0.54,0.11 -0.57,0.25 -0.4,0.14 -0.07,-0.25 -0.1,-0.35 -0.29,-0.43 -0.54,-0.33 -0.71,-0.35 -0.93,-0.25 -0.79,-0.15 h -0.82 -0.47 l -0.5,0.11 -0.54,0.39 -0.07,0.47 0.14,0.54 0.06,0.31 0.05,0.33 -0.03,0.43 -0.4,0.43 -0.53,0.07 -0.97,0.11 h -0.64 l -0.61,0.11 -0.47,0.32 -0.39,0.39 -0.72,0.04 -0.36,-0.15 -0.21,-0.43 -0.14,-0.25 -0.61,-0.39 -0.43,-0.14 -0.68,-0.11 -0.82,0.14 -0.76,0.07 -0.96,-0.28 h -0.97 l -1.07,-0.07 -0.75,0.18 -0.36,0.14 -0.64,0.5 -0.58,0.07 -0.57,-0.07 -0.79,-0.36 -0.35,-0.5 -0.16,-0.11 -0.35,-0.25 -0.6,-0.28 -0.83,-0.04 -0.89,0.07 h -0.25 l -0.15,0.28 -0.17,0.33 -0.83,0.39 -0.68,0.18 h -0.64 -0.65 l -0.85,-0.25 -0.9,-0.39 -0.86,-0.29 -0.96,-0.43 -0.79,-0.18 h -0.86 l -0.47,0.33 -0.17,0.43 -0.44,0.35 -0.71,0.22 -0.57,-0.04 -0.57,-0.18 -0.29,-0.14 -0.61,-0.18 -0.64,0.25 -0.54,0.5 -0.61,0.5 -0.61,0.4 -0.89,0.14 -0.29,-0.14 -0.64,-0.15 -0.54,0.33 -0.36,-0.08 -0.79,-0.14 h -0.39 l -0.86,0.32 h -0.46 l -0.5,0.4 -0.72,-0.04 -0.47,0.04 -0.57,0.07 h -0.57 l -0.89,0.03 -0.61,0.29 -0.54,-0.14 -0.68,0.36 -0.64,-0.08 -0.36,-0.53 -0.36,-0.36 -0.47,-0.11 -0.46,-0.21 -0.36,-0.32 -0.21,-0.29 -0.32,-0.4 -0.36,-0.17 -0.64,-0.21 -0.01,-0.01 -0.86,-0.28 -0.5,-0.08 -0.78,0.11 -0.83,0.22 -0.32,0.28 0.22,0.29 0.14,0.14 -0.11,0.36 -0.46,0.11 -1.11,0.1 -0.18,0.47 0.03,0.57 -0.07,0.31 -0.03,0.12 -0.43,0.39 -0.61,0.5 -0.64,0.51 -0.58,-0.11 -0.57,-0.32 h -0.4 l -0.6,0.28 -0.5,-0.07 -0.43,-0.29 h -0.02 l -0.3,-0.14 h -0.47 l -0.54,-0.1 -0.32,-0.29 -0.25,-0.32 -0.57,0.1 -0.54,0.33 -0.5,-0.11 -0.68,0.11 h -0.43 l -0.57,-0.4 -0.68,-0.07 -0.36,0.14 -0.54,-0.25 -0.43,-0.03 -0.57,0.28 -0.5,-0.21 -0.5,-0.57 -1,0.03 -1.26,0.18 -0.68,0.22 -0.6,0.32 -0.36,-0.29 -0.61,-0.03 -0.5,-0.18 -0.36,-0.47 -0.36,-0.43 -0.61,-0.14 -0.35,-0.18 -0.75,0.04 h -0.54 l -0.57,-0.4 -0.5,-0.25 -0.93,0.04 -0.44,-0.57 -0.46,-0.25 -0.61,-0.18 -0.39,-0.61 -0.57,-0.47 -0.76,-0.32 h -0.61 l -0.89,0.04 -0.54,-0.54 -0.39,-0.68 -0.39,-0.71 -0.54,-0.58 -0.54,-0.18 h -0.64 -0.22 l -0.75,0.18 -0.75,-0.03 -0.64,-0.33 -0.72,-0.35 -1,-0.61 -0.5,-0.32 -0.57,-0.04 -0.79,0.11 -0.79,0.03 -0.36,-0.64 -0.03,-0.79 v -0.89 l 0.1,-0.75 0.15,-0.4 -0.25,-0.53 -0.75,-0.26 -1.11,-0.24 -0.68,-0.11 -1.22,-0.04 -0.39,-0.28 -0.4,-0.47 -0.43,-0.36 -0.64,-0.28 -0.25,-0.33 -0.18,-0.53 -0.64,-0.32 -0.79,-0.15 h -0.57 l -0.51,0.07 -0.5,0.22 h -0.32 l -0.25,-0.29 -0.11,-0.46 -0.25,-0.22 -0.39,-0.14 -0.61,-0.11 -0.39,-0.25 -0.43,-0.43 -0.47,-0.39 -0.46,-0.47 -0.32,-0.5 -0.15,-0.46 -0.32,-0.18 -0.36,-0.18 -0.57,-0.07 -0.72,-0.25 -0.46,-0.32 -0.5,0.03 -0.4,0.25 -0.39,0.36 -0.36,0.5 -0.25,0.29 -0.32,0.1 -0.57,-0.1 -0.47,-0.29 -0.57,-0.39 -0.36,-0.5 -0.32,-0.36 -0.47,-0.07 h -0.67 l -0.58,0.1 -0.43,0.61 -0.21,0.43 -0.25,0.22 -0.47,0.03 -0.43,0.18 -0.61,-0.07 -0.32,-0.68 -0.46,-0.32 -0.9,-0.07 -0.78,0.14 -0.58,0.07 -0.46,-0.32 -0.18,-0.29 -0.54,-0.39 -0.61,-0.43 -0.71,-0.25 -0.58,-0.39 -0.39,-0.47 -0.43,-0.93 -0.18,-0.64 -0.5,-0.36 -0.5,-0.18 -0.43,-0.36 -0.43,-0.11 -0.46,-0.14 -0.32,0.04 -0.54,0.21 -0.5,-0.21 -0.4,-0.11 -0.46,0.25 -0.54,0.04 -0.57,-0.18 -0.14,-0.57 -0.04,-0.69 0.32,-0.46 0.29,-0.43 0.07,-0.47 -0.11,-0.64 -0.36,-0.32 -0.39,-0.11 -0.5,-0.32 -0.57,-0.39 -0.36,-0.22 -0.61,0.14 -0.57,0.04 -0.72,-0.25 -0.82,-0.31 -0.22,-0.08 -0.39,-0.65 0.04,-0.96 0.04,-0.33 0.07,-0.6 0.1,-0.94 -0.5,-0.82 -0.43,-0.36 -0.5,-0.78 -0.18,-0.61 -0.04,-0.39 0.44,-0.65 0.14,-0.46 -0.25,-0.5 v -0.27 -0.02 l 0.02,-0.06 0.19,-0.41 0.43,-0.25 0.47,-0.17 -0.04,-0.47 -0.08,-0.27 -0.03,-0.09 -0.25,-0.43 -0.32,-0.32 0.14,-0.29 0.72,-0.32 0.64,-0.75 0.47,-0.57 0.29,-0.47 0.18,-0.53 0.42,-0.15 0.22,0.11 0.18,0.36 0.28,0.11 0.47,-0.18 0.25,-0.33 0.29,-0.6 0.25,-0.22 0.57,-0.14 0.54,-0.07 0.43,-0.04 0.57,-0.21 0.64,-0.25 0.61,-0.25 h 0.32 l 0.4,-0.33 0.85,-0.03 0.61,-0.07 0.65,-0.04 0.46,-0.21 0.43,-0.22 0.4,-0.07 0.68,0.61 0.68,-0.04 0.28,-0.14 0.65,-0.18 h 0.35 l 0.48,0.1 0.2,0.04 0.43,-0.07 0.29,-0.1 -0.25,-0.33 -0.25,-0.28 -0.07,-0.58 v -1.39 l -0.11,-0.65 -0.25,-0.32 -0.36,-0.21 -0.5,-0.04 -0.14,-0.36 -0.22,-0.46 -0.39,0.03 -0.68,-0.14 -0.47,-0.46 -0.14,-0.68 -0.39,-0.54 v -0.43 l 0.07,-0.25 -0.22,-0.36 -0.32,-0.5 -0.39,-0.25 0.21,-0.57 0.07,-0.29 0.04,-0.36 -0.29,-0.35 -0.25,-0.15 -0.32,-0.39 -0.54,-0.29 -0.39,-0.46 -0.11,-0.5 -0.43,-0.47 -0.85,-0.57 -1.47,-0.82 -1,-0.5 -0.5,-0.61 -0.33,-0.72 -0.46,-0.61 -0.32,-0.61 -0.29,-0.35 -0.32,0.07 h -0.54 l -0.03,-0.32 0.42,-0.36 0.04,-0.43 -0.64,-0.47 -0.43,-0.21 -0.11,-0.47 -0.14,-0.42 -0.12,-0.19 -0.06,-0.1 -0.25,-0.25 h -0.54 l -0.25,-0.07 -0.07,-0.5 0.28,-0.43 0.72,-0.36 0.5,-0.07 1.43,-0.04 0.72,0.14 1.36,0.68 0.93,0.33 0.08,-0.03 0.81,-0.26 0.54,-0.04 0.32,-0.25 -0.11,-0.32 -0.53,-0.11 -0.47,-0.1 -0.2,-0.3 -0.12,-0.17 -0.18,-0.57 0.07,-0.57 0.65,-0.32 0.34,-0.25 0.16,-0.11 v -0.5 l -0.12,-0.12 -0.31,-0.31 -0.25,-0.32 0.11,-0.43 0.53,0.17 0.43,0.18 0.36,-0.21 -0.39,-0.36 -0.43,-0.11 -0.36,-0.39 -0.47,-0.68 -0.01,-0.02 -0.24,-0.62 -0.07,-0.51 0.29,-0.42 0.45,-0.1 0.23,-0.05 0.21,-0.28 -0.18,-0.4 -0.09,-0.04 -0.34,-0.17 -0.18,-0.32 0.43,-0.29 0.38,-0.09 0.12,0.24 6.31,-4.63 1.22,-1.09 2.51,-5.39 0.52,0.16 5.08,5.95 2.55,5.81 3.49,0.68 5.98,-3.15 -1.46,-3.74 0.18,-3.72 3.43,1.25 3.55,1.51 8.27,0.2 4.47,0.1 5.9,10.34 9.44,7.83 4.09,5.23 2.37,3.94 0.16,0.03 2.73,0.49 1.68,1.61 0.9,-0.35 2.46,0.36 1.54,-2.05 4.68,0.63 2.8,-1.49 1.12,0.1 1.25,0.7 1.15,1.67 3.22,-1.36 0.97,-0.19 2.13,-0.43 4.63,-0.26 6.84,0.31 7.47,1.52 1.39,-0.38 2.48,-0.68 0.31,-0.08 0.12,-1.39 -1.64,-1.01 -0.51,-1.78 0.63,-3.29 0.89,-4.55 -0.25,-2.28 -1.9,-5.58 -0.38,-3.79 0.76,-1.27 h 1.26 l 4.44,3.67 5.32,2.91 3.67,0.76 2.53,-0.76 1.77,-1.77 1.65,-4.68 2.03,-0.89 3.03,1.01 2.92,0.07 5.06,-1.02 -0.12,4.18 0.63,2.28 1.14,1.9 3.8,0.25 3.67,0.76 4.18,2.79 1.52,2.53 1.39,3.29 2.03,1.52 7.72,0.26 3.55,2.4 z"
     id="Armavir"
     style="fill:#7688c1;fill-opacity:1;stroke:#ffffff;stroke-opacity:1" />
  <path
     d="m 461.06,199.03 7.12,5.48 1.73,2.27 0.19,1.91 1,2.09 1.27,0.64 2.59,-0.14 -0.13,0.55 0.1,0.83 0.26,0.52 0.6,0.44 0.49,0.59 0.39,0.47 0.65,0.42 0.52,0.28 0.41,0.36 0.13,1.02 0.57,0.78 1.12,0.77 1.29,0.73 1.07,0.47 0.49,0.23 0.02,0.01 0.37,0.3 -0.03,0.6 -0.2,0.31 -0.08,0.13 -0.47,0.59 -0.62,0.73 -0.55,1.17 -0.2,0.73 0.15,0.77 0.62,0.63 0.19,0.54 0.18,0.8 0.57,0.57 0.75,0.5 0.6,0.41 0.31,0.57 0.34,0.76 0.49,0.46 0.78,0.11 0.91,-0.34 0.41,-0.28 0.44,-0.08 h 0.52 l 0.11,-0.02 0.38,-0.06 0.26,-0.21 0.5,-0.08 0.28,0.08 0.78,0.55 0.49,0.62 0.57,0.41 0.63,0.08 0.33,0.52 0.14,0.24 0.23,0.41 0.47,0.1 h 0.02 l 0.83,0.11 0.62,0.59 0.33,0.39 0.4,0.47 0.8,0.57 0.68,0.6 0.54,0.36 0.65,0.44 0.39,0.29 0.14,0.42 0.04,0.12 -0.09,0.19 -0.19,0.38 -0.29,0.44 v 0 l -0.21,0.31 -0.29,0.23 -0.38,0.29 -0.52,0.37 -0.49,0.13 -0.68,0.25 -0.52,0.32 -0.33,0.44 -0.31,0.8 -0.42,0.36 -0.75,0.24 -0.55,0.65 0.34,0.75 0.99,0.57 0.31,0.41 0.26,0.47 0.57,0.31 0.67,0.39 0.29,0.31 0.12,0.42 0.09,0.28 -0.24,0.73 -0.49,0.41 -0.55,0.13 -0.56,-0.01 -0.47,-0.01 -0.7,-0.08 -0.6,0.13 -0.31,0.42 -0.34,0.72 -0.34,0.37 -0.33,0.38 0.23,0.52 0.86,0.68 0.33,0.65 0.21,1.01 -0.1,0.91 0.05,1.45 0.1,1.43 0.16,0.51 0.75,0.55 0.83,0.91 0.91,0.7 0.47,0.41 0.46,0.75 -0.18,0.73 v 0.68 l 0.21,0.36 0.18,0.23 -0.41,0.44 -0.16,0.47 0.57,0.54 0.8,0.63 0.86,0.59 1.4,1.3 0.63,0.47 0.85,0.21 0.73,-0.08 0.88,0.13 0.96,0.15 0.88,0.38 0.08,0.04 0.49,0.49 0.24,0.49 0.1,0.73 0.05,0.49 0.36,0.13 0.24,0.44 0.21,0.34 0.54,0.23 0.78,0.16 0.44,0.34 0.34,0.26 0.34,0.23 0.46,0.26 0.14,0.03 0.46,0.1 0.85,0.08 0.91,0.07 -0.54,0.52 -0.38,0.4 -0.17,0.17 -0.62,0.55 -0.05,0.6 0.31,0.26 0.21,0.36 0.28,0.44 0.13,0.52 0.13,0.7 0.48,0.48 0.3,0.1 0.49,-0.44 0.52,-0.28 0.49,-0.13 0.24,0.1 0.26,0.44 0.03,0.19 -0.03,0.02 0.18,1.1 0.18,0.81 0.81,1.14 0.7,0.59 1.35,0.73 0.64,0.23 0.37,0.21 0.62,0.57 0.6,0.39 0.8,0.7 1.32,0.88 0.78,0.65 0.44,0.29 0.55,0.31 0.44,0.26 0.62,0.2 h 0.39 l 0.57,0.32 h 0.34 l 0.47,-0.37 0.44,-0.31 0.44,-0.26 0.65,-0.1 0.62,0.1 0.52,0.13 0.81,-0.36 0.12,-0.05 0.96,-0.11 0.37,0.16 0.39,0.26 v 0 l 0.67,0.57 0.75,0.49 0.7,0.62 0.16,0.5 0.15,0.39 0.16,1.08 0.23,0.71 0.52,1.01 0.75,0.67 0.73,0.37 0.83,0.26 0.21,0.23 0.39,0.49 0.34,0.52 0.46,0.39 0.44,0.05 0.47,0.42 0.34,0.44 0.59,0.26 0.63,0.28 0.9,0.6 0.83,0.39 0.52,0.26 -0.13,0.67 -0.33,0.57 -0.03,0.44 0.13,0.57 0.16,0.37 0.1,0.59 v 0.6 0.57 l 0.39,0.34 0.73,0.49 0.64,0.18 0.34,0.29 0.44,0.36 0.13,0.47 -0.02,0.65 v 0.57 l 0.15,0.65 0.18,0.41 0.42,0.39 0.75,0.18 0.52,-0.05 0.38,0.07 0.19,0.03 0.6,0.05 0.54,-0.05 0.55,0.03 0.7,-0.08 0.71,0.12 0.35,0.06 0.81,0.03 0.7,0.1 0.57,0.03 0.41,-0.11 0.7,-0.28 0.01,-0.01 0.38,-0.28 0.52,-0.05 0.31,0.31 0.08,0.08 0.67,-0.03 0.22,-0.06 0.33,-0.09 h 0.54 l 0.24,0.18 -0.01,0.36 -0.02,0.44 0.18,0.47 0.44,0.42 0.65,0.15 0.55,0.34 0.14,0.13 0.11,0.09 0.19,0.17 0.57,0.31 0.09,0.01 0.82,0.12 1.04,0.29 0.54,0.07 0.08,0.05 0.46,0.29 0.45,0.52 0.44,0.31 0.75,0.11 0.62,-0.19 0.57,-0.13 0.44,-0.2 0.44,-0.12 0.03,-0.01 0.44,0.05 0.19,0.14 0.41,0.3 0.54,0.13 0.47,0.15 0.57,0.19 0.49,0.18 0.24,0.13 0.26,0.23 0.18,0.34 0.36,0.21 0.34,0.23 0.1,0.26 -0.05,0.46 0.03,0.39 0.46,0.19 0.57,0.02 0.71,0.49 0.36,0.26 0.65,0.47 0.44,0.29 0.49,0.07 0.57,0.34 0.68,0.21 1.01,0.05 0.65,0.03 0.33,0.15 0.55,0.26 0.26,0.47 0.15,0.36 v 0.7 l 0.19,0.5 0.2,0.23 0.78,0.08 0.39,0.02 0.68,0.24 h 0.59 l 0.99,0.07 0.54,-0.13 0.6,-0.05 0.39,-0.02 0.36,0.59 0.29,0.42 0.49,0.31 0.78,0.1 0.67,0.16 h 0.55 l 0.23,-0.08 0.55,0.42 0.54,0.2 0.86,0.31 0.49,0.06 0.88,0.23 0.86,0.31 0.72,0.31 1.02,0.5 0.83,0.59 1.37,0.37 0.96,0.23 1.17,0.31 1.01,0.47 1.25,0.31 0.57,0.18 0.78,0.34 0.49,0.39 0.47,0.46 0.15,0.57 -0.02,1.02 v 0.28 l 0.26,0.34 0.49,0.18 0.34,0.26 0.72,0.41 0.81,0.26 0.46,0.24 0.6,0.13 0.39,-0.03 0.67,-0.21 0.09,-0.04 0.59,-0.29 0.52,-0.03 0.67,0.16 0.86,0.2 h 0.49 0.03 0.01 l 0.43,-0.23 0.34,-0.57 0.26,-0.36 0.23,-0.31 0.47,-0.11 0.59,0.13 h 0.44 l 0.78,0.11 0.57,-0.06 0.55,-0.05 0.01,0.17 0.01,0.27 0.16,0.75 v 0.44 l 0.21,0.42 0.15,0.41 0.05,0.42 0.24,0.47 0.54,0.28 0.44,0.21 0.44,0.23 0.42,0.39 0.57,0.6 0.65,0.62 0.8,0.34 0.7,0.18 0.78,0.36 0.55,0.11 h 0.52 l 0.15,0.33 0.03,0.96 0.02,1.51 v 0.93 0.47 l -0.18,0.47 -0.31,0.7 -0.03,0.72 -0.1,0.47 -0.18,0.49 -0.14,0.36 -0.04,0.11 -0.08,0.44 -0.08,0.42 -0.36,-0.08 -0.55,-0.31 -0.62,-0.13 -0.44,-0.13 -0.62,-0.21 -0.27,-0.06 -0.2,-0.04 -0.26,-0.68 -0.26,-0.36 -0.28,-0.52 -0.42,-0.16 -0.7,0.24 -0.23,0.54 -0.21,0.63 0.05,0.64 0.44,0.68 0.36,0.33 0.55,0.24 0.49,0.13 0.5,0.49 0.52,0.21 0.7,0.13 0.59,0.39 0.91,0.62 0.93,0.44 0.42,0.31 0.26,0.52 -0.03,0.55 0.29,0.49 0.54,0.23 0.39,0.18 0.44,0.42 0.68,0.47 0.57,0.33 0.62,0.5 0.31,0.57 0.29,0.54 0.26,0.52 0.23,0.49 -0.13,0.68 -0.1,0.75 0.23,0.52 0.11,0.47 0.02,0.33 0.18,0.42 0.34,0.26 v 0.31 l -0.6,0.21 -0.23,0.38 -0.49,0.26 -0.16,0.42 0.18,0.75 0.7,0.81 0.39,0.46 -0.13,0.91 -0.18,0.68 -0.05,0.67 v 0.91 l -0.08,0.46 -0.08,0.42 -0.39,0.21 -0.44,0.07 0.08,0.68 0.13,0.57 -0.13,0.8 -0.18,0.47 -0.47,0.29 -0.72,0.44 -0.39,0.36 0.26,0.44 0.46,0.47 0.5,0.44 0.23,0.57 0.05,0.8 -0.05,0.78 -0.47,0.63 -0.83,1.16 -0.88,1.45 -0.91,1.8 -0.44,0.88 -0.57,1.53 -0.23,1.79 -0.16,0.72 0.21,0.34 -0.03,0.57 0.11,0.65 0.62,1.06 0.57,0.7 0.34,0.29 0.15,0.47 -0.13,0.72 -0.49,0.21 -0.6,0.13 -0.4,0.2 -0.3,0.14 -0.31,0.02 -0.36,-0.2 -0.06,-0.06 -0.28,-0.23 -0.34,-0.05 -0.54,0.13 -0.38,0.38 -0.01,0.01 -0.13,0.02 -0.47,0.08 -0.03,0.02 -0.33,0.21 -0.67,0.11 -0.45,0.26 -0.33,0.23 -0.7,0.08 -0.53,-0.06 -0.17,-0.02 -0.58,0.03 -0.62,0.13 -0.7,0.31 -0.39,0.28 -0.15,0.44 -0.29,0.78 -0.36,0.5 -0.21,0.43 -0.13,0.27 -0.41,0.57 -0.34,0.41 -0.34,0.05 h -0.61 -0.04 l -0.67,-0.23 h -0.47 l -0.31,0.16 -0.16,0.33 0.11,0.42 0.28,0.33 0.29,0.26 -0.11,0.63 -0.15,0.85 0.1,0.96 0.26,0.91 0.55,0.73 0.41,0.54 0.39,0.57 v 0.75 0.89 l 0.18,0.54 v 0.73 l -0.36,0.57 -0.57,0.62 -0.62,0.94 -0.11,0.07 -0.26,0.6 -0.05,0.57 -0.36,0.29 -0.5,0.54 -0.28,0.44 -0.16,0.52 0.19,0.6 0.18,0.52 -0.24,0.65 -0.49,0.7 -0.44,0.98 -0.39,1.14 -0.36,1.09 -0.44,0.99 -0.31,0.8 -0.16,0.55 -0.16,0.36 -0.31,0.41 -0.1,0.68 -0.34,0.73 -0.21,0.62 -0.1,0.96 -0.1,0.52 -0.57,0.13 -0.68,-0.03 -0.52,0.03 -0.57,-0.13 -0.52,-0.34 -0.21,-0.08 -0.51,0.34 -0.58,0.54 -0.7,0.73 -0.57,0.55 h -0.57 l -0.77,-0.08 -0.81,0.18 -0.36,0.44 0.02,0.73 -0.13,0.49 -0.13,0.7 -0.46,0.39 -0.47,0.46 -0.57,0.52 -0.55,0.47 -0.07,0.6 -0.05,0.68 0.05,0.39 0.02,0.52 -0.23,0.73 -0.26,0.57 -0.11,0.12 -0.44,0.5 -0.59,0.05 -0.6,-0.1 -0.39,-0.65 -0.31,-0.54 -0.41,-0.6 -0.5,-0.21 -0.13,-0.15 -0.16,0.01 -0.33,-0.36 -0.49,-0.5 -0.24,-0.7 v -0.75 l -0.36,-0.52 -0.47,-0.59 -0.33,-0.52 -0.42,-0.81 -0.44,-0.18 -0.39,0.11 -0.93,0.15 h -0.5 l -0.26,-0.15 -0.07,-0.39 0.07,-0.5 -0.31,-0.93 -0.49,-0.81 -0.42,-0.49 -0.77,-0.85 -0.7,-0.65 -0.52,-0.49 -0.37,-0.34 -0.7,-0.24 -0.54,0.26 -0.24,0.42 -0.46,0.36 -0.1,0.09 -0.29,0.27 -0.08,0.39 -0.21,0.5 -1.29,-0.32 -1.4,-0.41 -1.28,-0.29 -1.32,-0.44 -1.17,-0.1 -0.91,0.03 -0.83,0.1 -0.54,-0.44 -1.01,-0.65 h -0.03 l -0.57,-0.13 -0.65,0.15 -0.23,0.06 -0.57,0.34 -0.65,0.51 -0.67,0.55 -0.86,0.41 -0.81,0.16 -0.85,-0.13 -0.62,-0.18 -0.65,-0.05 -0.7,-0.06 h -0.73 l -0.57,0.13 -0.62,0.24 -0.91,0.02 h -0.47 l -0.67,-0.52 -0.42,-0.64 -0.62,-0.89 -0.34,-0.64 -0.33,-0.08 -0.42,-0.1 -1.01,-0.11 -0.52,0.03 -0.42,0.31 -0.41,0.28 -0.31,0.5 -0.7,0.28 -0.88,0.29 -0.5,0.31 -0.34,0.39 -0.39,0.44 -0.59,0.8 -0.73,0.29 -0.72,-0.08 -1.33,-0.16 -1.5,0.06 -1.92,0.05 -1.48,0.15 -1.66,0.24 -1.3,0.36 -0.83,0.73 -1.14,1.11 -0.54,0.73 -0.58,0.28 -0.59,0.19 -0.76,0.2 -0.36,0.57 -0.15,1.12 0.05,0.67 -0.02,0.35 -2.61,-0.17 -2.21,-0.56 -0.84,-0.75 v -1.49 l -0.38,-0.75 -1.03,-0.56 -1.77,-0.09 -4.76,1.12 -0.54,1.36 -2.65,6.66 -0.45,1.13 -1.97,-0.93 -1.86,-0.28 -2.62,0.65 -2.52,1.77 -2.8,3.08 -2.06,0.66 -2.89,0.14 -2.43,0.65 -1.87,0.09 -1.12,0.56 -1.12,1.5 -1.31,0.56 -1.77,0.37 -1.21,0.56 -0.66,-0.28 -0.65,-1.49 -0.08,-0.09 v 0 l -1.23,-1.41 -1.31,1.31 -1.4,0.66 -2.52,0.18 -2.05,0.75 -1.5,-0.19 -1.87,-2.05 -1.12,-0.56 -0.74,0.28 -1.12,1.68 -2.34,1.31 -1.96,0.46 -2.71,-0.09 -5.41,0.79 -3.55,0.1 -3.53,-0.34 -0.11,-0.01 -0.29,-0.03 -2.53,-0.08 -6.88,0.43 -2.17,0.87 -2.33,2.24 -1.49,0.28 -2.25,-0.94 h -0.84 l -0.74,0.75 -0.48,4.86 -0.74,2.8 -1.63,2.7 -2.29,2.14 -1.54,0.57 -1.54,1.12 -1.78,3.55 -1.21,1.5 -2.33,0.84 -2.53,1.4 -1.68,1.77 -1.12,0.19 -1.31,-0.38 -2.22,-1.67 1.66,-11.18 v -0.04 -3.08 l -1.59,-3.87 -0.57,-3.31 v -4.73 -0.16 l 0.91,-3.54 2.51,-4.33 0.45,-3.87 -0.43,-0.43 -0.59,-0.59 -4.45,0.57 -5.12,-1.83 -2.51,-0.68 -0.91,-1.37 0.11,-6.38 v -2.96 l -5.36,-2.28 -3.08,-2.16 -4.1,-5.24 -0.34,-3.08 0.34,-1.71 2.74,-4.1 0.02,-1.65 -1.6,-1.49 -3.43,-2.62 3.32,-3.66 1.37,-3.43 0.46,-2.86 -0.46,-4.92 -1.26,-3.43 v 0 l -0.55,-3.32 -2.06,-0.46 v 0 0 l -1.49,-2.4 -4.36,-5.28 -0.8,-2.64 -2.18,0.57 -9.3,-10.1 -3.79,-9.98 -0.11,-0.99 -0.38,-3.12 -0.02,-0.28 -0.01,-0.09 0.76,-1.37 3.44,-0.8 -0.21,-1.72 -0.76,-6.16 -1.04,-2.85 -1.67,-0.17 -0.4,-3.16 -1.59,-5.35 -1.18,-3.98 0.23,-5.53 -0.92,-1.49 -0.72,-5.42 -0.32,-2.41 -0.69,-3.23 0.58,-4.83 1.38,-2.77 -0.35,-3.22 -0.73,-1.48 -1.04,-0.81 -2.66,-0.23 -8.91,-2.66 -1.74,-6.8 3.82,-4.31 0.46,-2.43 -2.66,-3.01 -2.89,-8.56 -11.57,-1.39 -1.05,-0.81 -0.81,-1.85 -0.92,-6.83 0.69,-6.48 -0.23,-2.32 -1.5,-2.77 -0.81,-3.94 3.24,-0.69 1.96,-1.16 0.24,-1.5 -1.39,-5.33 1.84,-1.14 2.29,-2.56 2.19,1.37 2.66,2.34 2.01,0.36 1.64,-0.46 1.47,-1.37 1.1,-2.37 1.55,-1.65 1.74,-0.18 3.93,1.46 h 1.01 l 1.64,-1.83 2.38,-4.02 3.48,1.64 2.37,0.37 3.11,2.29 1.83,2.28 2.05,1.12 0.97,0.53 3.38,0.73 2.39,1.39 3.28,1.9 5.4,1.65 3.04,-3.04 3.54,-3.55 3.83,-3.1 4.4,-3.57 1.65,-2.38 0.36,-5.79 0.01,-0.15 -0.37,-1.56 0.68,-2.76 0.51,-0.8 3.93,-0.19 2.44,0.38 1.77,0.27 6.03,-0.92 1.45,-1.96 0.11,-0.14 0.92,-3.39 1.04,-0.52 1.88,-0.94 2.47,0.18 3.84,2.75 2.38,0.82 1.65,-0.37 1.18,-1.55 1.47,-0.28 1.28,0.19 1.19,1 2.37,0.46 3.3,1.55 3.73,4.19 2.3,2.58 2.93,2.29 z m -73.39,41.84 0.24,0.01 0.24,-0.02 0.2,-0.01 0.15,-0.04 0.16,-0.03 0.12,-0.01 0.08,0.06 0.06,0.06 0.09,0.14 0.09,0.17 0.11,0.29 0.03,0.15 0.01,0.19 -0.04,0.15 -0.09,0.17 -0.19,0.11 -0.23,0.08 -0.42,0.06 h -0.36 l -0.47,-0.02 -0.29,-0.03 -0.3,-0.02 -0.28,0.01 -0.26,-0.02 -0.21,-0.03 -0.25,-0.03 -0.25,-0.07 -0.19,-0.07 -0.41,-0.15 -0.3,-0.06 -0.24,0.04 -0.18,0.07 -0.21,0.15 -0.23,0.19 -0.39,0.29 -0.25,0.21 -0.28,0.23 -0.24,0.26 -0.27,0.32 -0.17,0.25 -0.2,0.3 -0.1,0.19 -0.08,0.21 -0.08,0.25 -0.07,0.22 -0.12,0.27 -0.07,0.15 -0.06,0.15 -0.03,0.19 0.07,0.17 0.12,0.11 0.3,0.14 0.22,0.15 0.2,0.12 0.24,0.13 0.26,0.1 0.28,0.1 0.25,0.14 0.18,0.18 0.08,0.23 0.01,0.3 -0.05,0.26 -0.06,0.31 -0.06,0.22 -0.08,0.23 -0.12,0.32 -0.06,0.2 -0.07,0.2 -0.09,0.14 -0.16,0.13 -0.24,0.15 -0.18,0.11 -0.18,0.11 -0.21,0.08 -0.23,0.03 -0.44,0.03 -0.3,0.01 -0.28,0.07 -0.14,0.08 -0.15,0.1 -0.1,0.13 -0.03,0.14 0.02,0.14 0.09,0.18 0.07,0.13 -0.03,0.11 -0.09,0.06 -0.11,0.08 -0.15,0.05 -0.23,0.01 -0.16,0.02 -0.19,0.08 -0.16,0.09 -0.19,0.06 -0.2,0.09 -0.12,0.05 h -0.11 l -0.13,-0.06 -0.09,-0.08 -0.22,-0.27 -0.16,-0.14 -0.27,-0.08 -0.25,-0.02 -0.21,0.05 -0.17,-0.01 -0.16,-0.06 -0.11,-0.11 -0.12,-0.09 -0.19,-0.05 -0.22,-0.03 -0.23,0.04 -0.17,0.09 -0.08,0.09 -0.12,0.02 -0.13,-0.08 -0.12,-0.11 -0.11,-0.13 -0.18,-0.09 -0.18,-0.05 -0.21,-0.01 -0.25,0.1 -0.17,0.13 -0.24,0.22 -0.28,0.27 -0.27,0.22 -0.29,0.26 -0.22,0.25 -0.17,0.22 -0.19,0.32 -0.15,0.33 -0.15,0.36 -0.06,0.25 0.03,0.2 0.1,0.16 0.04,0.15 0.04,0.19 -0.03,0.16 -0.06,0.13 -0.16,0.07 -0.24,0.01 h -0.21 l -0.15,0.03 -0.09,0.1 -0.09,0.22 -0.1,0.31 v 0.23 l 0.02,0.3 0.04,0.2 0.09,0.26 0.1,0.24 0.1,0.21 0.08,0.27 0.1,0.21 0.14,0.22 0.17,0.2 0.2,0.19 0.19,0.28 0.15,0.19 0.18,0.18 0.11,0.03 0.18,-0.04 0.1,-0.03 0.15,-0.11 0.15,-0.13 0.15,-0.1 0.17,-0.05 0.2,0.04 0.17,0.08 0.22,0.04 0.22,0.01 h 0.3 l 0.21,0.03 0.22,0.04 0.23,0.05 0.19,0.04 0.21,0.01 0.22,0.01 0.15,-0.01 0.09,-0.07 0.13,-0.12 0.15,-0.11 0.15,-0.06 0.19,0.03 0.2,0.03 h 0.15 l 0.12,0.01 0.12,-0.07 0.1,-0.09 0.13,-0.02 0.17,0.07 0.25,0.13 0.28,0.17 0.41,0.24 0.21,0.11 0.24,0.13 0.27,0.08 0.23,-0.02 0.18,-0.13 0.11,-0.13 0.08,-0.08 0.14,0.01 0.2,0.18 0.16,0.18 0.17,0.11 0.24,0.16 0.34,0.08 0.41,0.08 0.4,0.06 0.32,0.05 0.26,0.01 0.21,-0.02 0.18,-0.02 0.2,0.03 h 0.14 l 0.19,-0.01 0.14,-0.07 0.12,-0.1 0.07,-0.14 -0.02,-0.19 0.02,-0.16 0.09,-0.09 0.1,-0.03 0.11,-0.01 0.17,-0.02 0.14,-0.07 0.07,-0.1 0.06,-0.12 0.08,-0.03 0.06,0.05 0.08,0.13 0.05,0.12 0.09,0.09 0.11,0.07 0.2,0.03 0.31,-0.02 0.14,-0.05 0.09,-0.12 0.07,-0.1 0.04,-0.17 0.07,-0.17 0.1,-0.1 0.13,-0.09 0.23,-0.08 0.21,-0.03 0.23,0.01 0.17,-0.02 0.1,-0.1 0.12,-0.05 0.24,-0.02 0.23,0.02 0.13,0.07 0.08,0.08 0.09,0.04 0.21,0.02 0.24,0.02 0.12,0.11 0.08,0.12 0.06,0.04 0.11,-0.04 0.21,-0.13 0.24,-0.04 0.2,-0.03 0.17,-0.03 0.14,-0.05 0.22,-0.03 0.22,0.01 0.21,0.02 0.21,-0.01 0.15,-0.04 0.14,0.04 0.07,0.08 0.05,0.12 -0.02,0.17 -0.1,0.19 -0.08,0.2 -0.01,0.21 -0.05,0.13 -0.05,0.12 -0.17,0.21 -0.04,0.08 v 0.13 l 0.09,0.06 0.2,-0.02 0.12,-0.02 0.14,0.02 0.05,0.11 0.05,0.06 0.09,0.06 0.07,0.1 -0.01,0.11 0.02,0.07 0.05,0.05 0.07,0.04 h 0.1 l 0.07,-0.04 0.11,-0.14 0.06,-0.13 0.11,-0.19 0.06,-0.17 0.05,-0.23 0.01,-0.25 0.09,-0.23 0.12,-0.24 0.12,-0.21 0.1,-0.17 0.09,-0.11 0.1,-0.15 0.06,-0.21 v -0.12 l -0.06,-0.14 -0.07,-0.1 -0.14,-0.07 -0.12,-0.07 -0.14,-0.02 -0.15,-0.02 -0.14,-0.08 -0.12,-0.11 -0.12,-0.1 -0.01,-0.07 0.02,-0.05 h 0.07 l 0.07,0.03 0.06,0.02 h 0.1 0.1 l 0.14,0.03 0.12,0.02 0.15,0.03 0.12,0.01 0.09,0.03 0.02,0.05 v 0.09 l 0.01,0.09 0.04,0.11 0.05,0.12 v 0.17 l -0.02,0.16 -0.04,0.15 -0.04,0.12 -0.02,0.14 -0.03,0.15 -0.01,0.16 v 0.11 l 0.03,0.1 0.04,0.08 0.07,0.08 0.08,0.04 0.08,0.04 0.12,0.01 h 0.08 l 0.06,-0.04 0.07,-0.1 0.04,-0.15 0.01,-0.15 -0.03,-0.14 -0.06,-0.11 -0.07,-0.1 -0.07,-0.1 -0.03,-0.14 v -0.12 l 0.02,-0.11 0.03,-0.1 0.03,-0.11 0.08,-0.1 0.1,-0.13 0.11,-0.12 0.13,-0.1 0.1,-0.09 0.1,-0.07 0.09,-0.05 0.08,-0.02 0.06,0.05 0.02,0.05 -0.01,0.06 -0.04,0.07 -0.08,0.08 -0.09,0.09 -0.12,0.11 -0.07,0.04 -0.08,0.04 -0.08,0.05 -0.07,0.08 v 0.08 0.05 l 0.04,0.07 0.05,0.03 0.09,0.01 0.08,-0.01 0.09,-0.02 0.1,-0.03 0.17,-0.08 0.14,-0.03 h 0.08 l 0.05,0.03 0.04,0.08 -0.01,0.08 -0.05,0.08 -0.11,0.17 -0.08,0.1 -0.1,0.11 -0.06,0.06 -0.05,0.08 v 0.04 l 0.03,0.04 0.05,0.02 h 0.05 l 0.07,-0.05 0.06,-0.05 0.05,-0.07 0.1,-0.13 0.07,-0.07 0.1,-0.1 0.07,-0.06 0.06,-0.07 0.08,-0.06 0.13,-0.06 0.1,-0.02 h 0.11 l 0.13,0.03 0.12,0.06 0.14,0.08 0.13,0.07 0.13,0.04 0.15,0.03 0.17,0.01 0.14,-0.04 0.15,-0.01 h 0.14 l 0.11,0.05 0.07,0.06 0.05,0.06 0.07,0.12 0.05,0.09 0.09,0.12 0.11,0.12 0.12,0.06 0.12,0.03 0.18,0.01 0.18,-0.01 0.12,-0.07 0.09,-0.03 h 0.11 l 0.1,0.03 0.11,0.01 0.13,0.01 0.16,0.05 0.11,0.06 0.1,0.1 0.05,0.11 0.07,0.19 -0.01,0.18 -0.04,0.15 -0.09,0.18 -0.14,0.22 -0.15,0.18 -0.15,0.19 -0.13,0.16 -0.11,0.13 -0.09,0.17 -0.05,0.15 -0.05,0.17 -0.08,0.11 -0.11,0.07 -0.14,0.03 -0.26,0.01 -0.16,0.03 -0.08,0.06 -0.05,0.07 v 0 l -0.05,0.13 -0.02,0.09 0.02,0.17 0.07,0.16 0.01,0.08 -0.03,0.12 -0.08,0.11 -0.07,0.08 -0.08,0.09 -0.04,0.09 v 0.12 l 0.02,0.06 0.05,0.06 0.05,0.09 v 0.05 l -0.03,0.08 -0.06,0.06 -0.07,0.08 -0.03,0.05 -0.02,0.09 0.03,0.09 0.04,0.05 0.08,0.07 0.11,0.08 0.08,0.1 0.04,0.06 0.04,0.03 0.05,0.03 0.08,0.01 0.06,0.02 0.06,0.03 0.04,0.04 0.02,0.05 0.03,0.03 0.07,0.03 h 0.07 l 0.06,-0.04 0.07,-0.05 0.04,-0.08 0.04,-0.08 0.05,-0.08 0.04,-0.04 0.05,-0.01 0.05,0.03 0.03,0.06 0.01,0.08 -0.02,0.12 -0.02,0.12 -0.03,0.12 -0.05,0.11 -0.09,0.11 -0.12,0.14 -0.09,0.1 -0.11,0.1 -0.1,0.11 -0.09,0.11 -0.1,0.11 -0.04,0.1 -0.02,0.1 v 0.14 0.11 l 0.02,0.13 -0.04,0.16 -0.02,0.09 -0.05,0.08 -0.06,0.06 -0.07,0.06 -0.1,0.1 -0.1,0.14 -0.07,0.12 -0.04,0.1 -0.01,0.09 0.01,0.11 0.03,0.14 0.04,0.1 0.06,0.18 0.05,0.12 0.05,0.2 0.04,0.16 0.01,0.19 0.02,0.14 0.03,0.16 0.04,0.16 0.02,0.15 0.01,0.15 -0.03,0.16 -0.01,0.13 0.03,0.09 0.07,0.1 0.11,0.07 0.11,0.03 0.14,-0.01 0.2,-0.03 0.14,-0.02 0.18,-0.02 0.14,-0.06 0.13,-0.06 0.12,-0.01 0.15,0.04 0.12,0.11 0.1,0.13 0.1,0.12 0.1,0.13 0.09,0.14 0.09,0.2 v 0.17 l 0.01,0.17 0.03,0.14 0.02,0.09 0.06,0.06 0.08,0.03 0.1,-0.02 0.12,-0.02 0.14,-0.01 h 0.13 l 0.13,0.04 0.15,0.06 0.16,0.05 0.15,0.06 0.12,0.07 0.1,0.06 0.06,0.06 0.05,0.09 0.02,0.13 0.02,0.15 v 0.21 l 0.01,0.18 v 0.27 l -0.02,0.23 0.01,0.29 0.01,0.2 0.02,0.19 0.05,0.16 0.07,0.13 0.11,0.14 0.11,0.11 0.14,0.12 0.18,0.11 0.17,0.14 0.1,0.08 0.1,0.13 0.08,0.11 0.1,0.12 0.09,0.14 0.07,0.14 0.05,0.14 0.02,0.08 0.04,0.12 0.06,0.05 0.09,0.01 h 0.11 l 0.15,0.01 h 0.12 l 0.11,-0.03 0.09,-0.03 0.07,-0.07 0.06,-0.09 0.05,-0.1 0.06,-0.08 0.11,-0.09 0.13,-0.04 0.2,-0.02 0.2,-0.05 0.14,-0.04 0.14,-0.04 0.14,-0.01 0.17,0.02 0.17,0.03 0.16,0.04 0.13,0.07 0.13,0.09 0.1,0.06 0.12,0.08 0.13,0.05 0.2,0.02 0.2,-0.02 0.18,-0.03 0.16,-0.04 0.16,-0.05 0.15,-0.05 0.11,-0.04 0.12,-0.04 0.12,-0.09 0.1,-0.1 0.12,-0.11 0.12,-0.08 0.13,-0.04 0.11,-0.01 0.1,0.02 0.07,0.02 0.09,0.06 0.07,0.04 0.07,0.03 0.09,-0.01 0.11,-0.03 0.12,-0.03 0.14,-0.01 0.19,-0.01 0.18,0.03 0.15,0.05 0.17,0.1 0.11,0.11 0.13,0.14 0.08,0.18 0.06,0.17 0.08,0.13 0.09,0.17 0.05,0.17 0.05,0.16 0.06,0.18 0.11,0.2 0.09,0.13 0.1,0.12 0.1,0.11 0.07,0.09 0.09,0.13 0.06,0.17 0.05,0.22 -0.02,0.15 -0.02,0.12 v 0.13 0.14 l 0.02,0.13 0.03,0.18 0.03,0.14 0.03,0.2 0.06,0.28 0.09,0.37 0.08,0.31 0.04,0.15 0.03,0.2 0.03,0.13 0.05,0.18 0.07,0.1 0.06,0.09 0.1,0.06 0.08,0.03 0.1,0.06 0.08,0.08 0.06,0.07 0.06,0.06 0.14,0.06 0.1,0.05 0.11,0.09 0.07,0.06 0.07,0.07 0.04,0.1 0.01,0.09 -0.01,0.1 -0.05,0.12 -0.04,0.12 -0.03,0.13 -0.02,0.13 v 0.17 l 0.01,0.12 0.02,0.17 0.02,0.16 0.02,0.17 0.02,0.19 -0.02,0.13 -0.04,0.15 -0.07,0.09 -0.08,0.05 -0.1,0.04 -0.12,0.03 -0.12,0.02 -0.13,0.03 -0.14,0.04 -0.12,0.06 -0.08,0.05 -0.06,0.06 -0.05,0.1 -0.02,0.13 0.02,0.14 0.02,0.16 0.03,0.13 0.04,0.17 0.04,0.18 0.05,0.16 0.03,0.1 0.01,0.1 v 0.14 0.12 l -0.01,0.1 -0.02,0.07 -0.05,0.08 -0.06,0.09 -0.07,0.1 -0.06,0.09 -0.05,0.09 -0.04,0.09 -0.02,0.1 0.03,0.12 0.06,0.12 0.06,0.09 0.1,0.13 0.07,0.08 0.18,0.23 0.18,0.21 0.2,0.21 0.23,0.22 0.22,0.18 0.25,0.15 0.22,0.12 0.18,0.1 0.22,0.09 0.23,0.07 0.3,0.09 0.17,0.03 0.26,0.03 0.3,0.02 0.35,0.01 h 0.24 l 0.36,0.01 0.43,0.02 h 0.4 l 0.46,0.01 0.33,0.01 0.33,0.02 0.26,0.02 0.3,0.04 0.21,0.04 0.37,0.07 0.29,0.07 0.27,0.09 0.38,0.14 0.31,0.11 0.25,0.09 0.43,0.15 0.21,0.08 0.22,0.06 0.19,0.05 0.26,0.03 0.27,0.02 0.27,-0.02 0.22,-0.03 0.24,-0.05 0.23,-0.11 0.2,-0.11 0.15,-0.08 0.12,-0.07 0.14,-0.08 0.13,-0.09 0.18,-0.14 0.16,-0.12 0.16,-0.1 0.1,-0.03 0.1,-0.02 0.1,0.01 0.12,0.01 0.11,-0.03 0.06,-0.04 0.05,-0.04 0.06,-0.01 h 0.06 l 0.07,0.08 0.05,0.05 0.08,0.08 0.1,0.06 0.13,0.04 0.16,0.02 0.23,0.01 0.25,0.01 0.29,0.01 0.45,-0.01 0.53,-0.01 h 0.56 l 0.43,-0.01 0.54,-0.02 0.53,-0.04 0.35,-0.03 0.33,-0.04 0.42,-0.09 0.38,-0.09 0.33,-0.09 0.35,-0.1 0.26,-0.09 0.32,-0.13 0.31,-0.18 0.39,-0.21 0.2,-0.13 0.28,-0.17 0.19,-0.13 0.24,-0.17 0.27,-0.19 0.25,-0.18 0.26,-0.13 0.25,-0.13 0.19,-0.11 0.17,-0.12 0.17,-0.11 0.23,-0.14 0.34,-0.16 0.32,-0.14 0.32,-0.12 0.36,-0.12 0.22,-0.06 0.26,-0.06 0.27,-0.03 h 0.27 0.18 l 0.18,0.01 0.14,0.01 0.18,0.04 0.13,0.06 0.11,0.08 0.06,0.09 0.02,0.09 0.01,0.15 0.01,0.16 0.01,0.15 0.03,0.24 0.01,0.2 -0.01,0.13 v 0.15 l -0.03,0.2 -0.04,0.2 -0.04,0.14 -0.04,0.17 -0.05,0.2 -0.1,0.3 -0.04,0.13 -0.05,0.17 -0.05,0.19 -0.05,0.24 -0.03,0.32 -0.03,0.25 -0.03,0.21 -0.04,0.22 -0.04,0.22 -0.03,0.26 -0.04,0.3 -0.02,0.28 -0.01,0.31 v 0.2 l 0.01,0.2 0.01,0.19 0.02,0.26 0.02,0.2 0.07,0.35 0.06,0.3 0.07,0.3 0.08,0.31 0.1,0.31 0.1,0.31 0.09,0.27 0.05,0.18 0.05,0.19 0.05,0.21 0.04,0.21 0.07,0.27 0.07,0.25 0.06,0.24 0.1,0.46 0.08,0.37 0.08,0.3 0.09,0.34 0.12,0.37 0.1,0.26 0.12,0.3 0.07,0.26 0.07,0.21 0.05,0.18 0.07,0.21 0.03,0.24 0.04,0.19 0.04,0.19 0.06,0.23 0.02,0.24 0.03,0.21 0.03,0.21 0.05,0.14 0.05,0.23 0.05,0.24 0.01,0.32 -0.02,0.44 -0.02,0.42 -0.02,0.22 v 0.3 l 0.03,0.31 0.03,0.28 0.05,0.31 0.04,0.3 0.03,0.37 0.01,0.31 0.04,0.64 0.01,0.71 v 0.26 l -0.01,0.31 0.03,0.34 0.04,0.26 0.08,0.3 0.06,0.19 0.04,0.23 0.01,0.31 0.01,0.26 -0.01,0.37 -0.05,0.31 -0.07,0.39 -0.08,0.36 -0.07,0.29 -0.05,0.21 -0.05,0.24 -0.02,0.19 -0.02,0.26 -0.04,0.29 -0.06,0.29 -0.04,0.17 -0.06,0.23 -0.06,0.27 -0.08,0.31 -0.08,0.31 -0.07,0.33 -0.07,0.3 -0.07,0.36 -0.07,0.29 -0.02,0.14 -0.01,0.16 -0.02,0.22 -0.04,0.34 -0.03,0.19 -0.03,0.18 -0.08,0.34 -0.07,0.26 -0.05,0.2 -0.06,0.26 -0.08,0.38 -0.06,0.26 -0.06,0.27 -0.05,0.28 -0.03,0.28 -0.02,0.26 -0.02,0.3 -0.02,0.39 -0.02,0.26 -0.02,0.25 -0.01,0.28 v 0.39 l 0.01,0.3 0.01,0.27 0.04,0.31 0.05,0.26 0.05,0.29 0.04,0.17 0.06,0.24 0.03,0.12 0.03,0.13 0.02,0.18 0.01,0.19 0.01,0.25 0.02,0.21 0.02,0.15 0.04,0.19 0.04,0.13 0.05,0.14 0.03,0.14 v 0.21 0.17 l 0.04,0.21 0.05,0.16 0.08,0.22 0.08,0.23 0.08,0.25 0.04,0.12 0.03,0.14 0.01,0.22 0.01,0.28 0.01,0.16 v 0.23 l 0.01,0.2 -0.01,0.2 -0.01,0.25 -0.03,0.26 -0.03,0.24 -0.04,0.31 -0.05,0.27 -0.05,0.2 -0.08,0.27 -0.07,0.22 -0.08,0.2 -0.06,0.15 -0.04,0.15 -0.04,0.27 -0.06,0.33 -0.05,0.28 -0.07,0.3 -0.04,0.24 -0.03,0.32 -0.04,0.35 -0.05,0.36 -0.03,0.36 -0.02,0.34 v 0.25 l 0.01,0.26 0.02,0.22 0.03,0.3 0.05,0.33 0.04,0.31 0.05,0.22 0.04,0.17 0.04,0.21 0.08,0.16 0.11,0.18 0.11,0.1 0.13,0.08 0.19,0.03 0.18,0.01 0.21,-0.02 0.22,-0.03 0.1,-0.01 0.14,-0.01 0.1,0.03 0.05,0.05 0.02,0.08 -0.05,0.12 -0.07,0.12 -0.08,0.09 -0.09,0.13 -0.09,0.17 -0.06,0.24 -0.06,0.28 -0.04,0.28 -0.02,0.25 -0.03,0.32 -0.02,0.16 -0.02,0.21 -0.05,0.28 -0.08,0.27 -0.09,0.17 -0.08,0.15 -0.05,0.15 -0.04,0.2 -0.01,0.18 0.01,0.2 v 0.21 l -0.03,0.25 -0.04,0.25 -0.02,0.22 -0.03,0.34 -0.03,0.5 0.01,0.4 0.03,0.48 -0.01,0.47 v 0.34 l 0.04,0.42 0.04,0.45 0.03,0.31 0.04,0.3 0.05,0.43 h -0.01 l 0.05,0.31 0.05,0.44 0.06,0.51 0.01,0.14 0.04,0.33 v 0.32 0.37 l -0.01,0.3 v 0.16 0.16 l 0.02,0.2 0.02,0.17 0.03,0.24 0.06,0.31 0.05,0.25 0.09,0.36 0.1,0.3 0.08,0.27 0.12,0.36 0.13,0.37 0.13,0.36 0.13,0.34 0.13,0.35 0.11,0.35 0.11,0.32 0.05,0.18 0.08,0.19 0.14,0.37 0.13,0.3 0.13,0.27 0.14,0.31 0.13,0.28 0.1,0.25 0.07,0.17 0.09,0.19 0.09,0.22 0.08,0.21 0.09,0.21 0.11,0.29 0.12,0.3 0.12,0.29 0.15,0.34 0.09,0.18 0.05,0.15 0.01,0.02 0.05,0.13 0.03,0.07 0.13,0.37 0.1,0.38 0.11,0.44 0.03,0.19 0.04,0.22 0.05,0.39 0.04,0.42 0.02,0.42 0.01,0.31 v 0.39 l 0.01,0.22 v 0.24 l 0.03,0.18 0.02,0.16 0.04,0.2 0.03,0.16 0.05,0.14 0.05,0.16 0.09,0.21 0.11,0.2 0.19,0.32 0.1,0.16 0.12,0.15 0.15,0.17 0.17,0.17 0.07,0.06 0.07,0.08 0.06,0.1 0.06,0.12 0.04,0.24 0.03,0.14 0.01,0.17 0.02,0.2 0.01,0.21 0.02,0.12 0.02,0.1 0.04,0.08 0.02,0.05 0.02,0.06 0.04,0.08 0.05,0.03 0.1,0.03 0.09,0.01 0.11,0.01 0.09,0.02 0.08,0.05 0.09,0.03 h 0.12 0.12 l 0.15,-0.03 0.26,-0.04 0.18,-0.03 0.22,-0.06 0.16,-0.05 0.17,-0.08 0.14,-0.07 0.18,-0.05 0.21,-0.05 0.21,-0.01 h 0.21 l 0.2,0.04 0.13,0.03 0.16,0.06 0.18,0.11 0.19,0.16 0.19,0.19 0.26,0.22 0.26,0.2 0.25,0.2 0.28,0.24 0.3,0.27 0.25,0.21 0.26,0.23 0.21,0.19 0.17,0.15 0.2,0.17 0.25,0.18 0.22,0.15 0.15,0.11 0.2,0.13 0.15,0.07 0.15,0.04 0.16,0.03 0.16,0.01 h 0.14 0.13 l 0.17,0.01 h 0.17 l 0.16,0.03 0.13,0.04 0.15,0.07 0.14,0.08 0.09,0.05 0.09,0.05 0.12,0.1 0.11,0.1 0.12,0.15 0.08,0.13 0.06,0.19 0.03,0.17 v 0.17 l 0.01,0.22 0.02,0.18 0.01,0.12 0.03,0.13 0.05,0.11 0.1,0.17 0.18,0.23 0.11,0.14 0.18,0.17 0.21,0.15 0.18,0.12 0.17,0.11 0.2,0.14 0.21,0.12 0.21,0.1 0.18,0.1 0.32,0.17 0.19,0.11 0.19,0.11 0.2,0.13 0.2,0.15 0.33,0.2 0.15,0.06 0.16,0.07 0.19,0.04 0.2,0.02 0.14,-0.01 0.12,-0.02 0.24,-0.07 0.11,-0.04 0.12,-0.03 0.09,0.01 0.07,0.03 0.09,0.09 0.08,0.11 0.09,0.12 0.11,0.11 0.11,0.09 0.12,0.05 0.19,0.04 0.16,0.03 0.23,0.03 0.15,0.01 0.23,0.03 h 0.2 l 0.23,0.01 0.24,0.02 0.23,0.06 0.3,0.12 0.26,0.16 0.38,0.24 0.21,0.12 0.21,0.12 0.26,0.16 0.22,0.11 0.23,0.11 0.24,0.11 0.2,0.1 0.23,0.12 0.25,0.11 0.2,0.09 0.25,0.09 0.24,0.07 0.35,0.11 0.2,0.05 0.25,0.05 0.28,0.05 0.24,0.02 0.25,0.01 h 0.27 l 0.27,-0.03 0.16,-0.02 0.21,-0.02 0.22,-0.02 0.25,-0.04 0.22,-0.04 0.27,-0.04 0.24,-0.03 0.3,-0.05 0.29,-0.05 0.24,-0.06 0.26,-0.06 0.34,-0.07 0.3,-0.08 0.29,-0.08 0.24,-0.08 0.24,-0.05 0.26,-0.06 0.23,-0.04 0.24,-0.03 0.27,-0.01 0.22,0.01 h 0.3 l 0.3,0.02 0.26,0.04 0.21,0.05 0.34,0.09 0.35,0.1 0.22,0.05 0.24,0.06 0.22,0.05 0.19,0.03 0.25,0.03 0.2,0.02 0.19,0.01 0.29,0.01 0.36,0.02 0.21,-0.01 0.26,0.01 h 0.27 l 0.25,-0.01 0.54,-0.01 0.33,-0.01 0.39,-0.03 0.32,-0.04 0.25,-0.07 0.22,-0.1 0.26,-0.13 0.36,-0.2 0.16,-0.09 0.21,-0.11 0.11,-0.05 0.12,-0.03 0.11,-0.01 0.13,-0.03 0.11,-0.04 0.08,-0.05 0.07,-0.07 0.12,-0.08 0.18,-0.11 0.3,-0.12 0.27,-0.11 0.34,-0.13 0.36,-0.14 0.3,-0.12 0.27,-0.11 0.33,-0.08 0.39,-0.09 0.64,-0.15 0.42,-0.12 0.42,-0.14 0.31,-0.11 0.3,-0.1 0.23,-0.06 0.26,-0.1 0.19,-0.09 0.17,-0.14 0.18,-0.15 0.15,-0.15 0.16,-0.17 0.19,-0.15 0.15,-0.1 0.14,-0.08 0.17,-0.04 0.08,-0.01 0.08,-0.01 0.08,-0.03 0.08,-0.08 0.06,-0.13 0.09,-0.2 0.1,-0.21 0.14,-0.15 0.07,-0.07 0.2,-0.19 0.15,-0.14 0.28,-0.3 0.33,-0.35 0.42,-0.4 0.38,-0.36 0.24,-0.22 0.23,-0.2 0.22,-0.15 0.24,-0.16 0.3,-0.23 0.31,-0.23 0.29,-0.23 0.21,-0.18 0.34,-0.24 0.32,-0.23 0.21,-0.15 0.17,-0.12 0.22,-0.14 0.21,-0.12 0.26,-0.15 0.24,-0.14 0.26,-0.15 0.23,-0.14 0.27,-0.16 0.32,-0.23 0.25,-0.18 0.27,-0.22 0.25,-0.21 0.23,-0.22 0.2,-0.21 0.18,-0.21 0.14,-0.16 0.14,-0.14 0.16,-0.12 0.17,-0.11 0.19,-0.15 0.19,-0.11 0.18,-0.08 0.16,-0.04 0.13,-0.02 0.17,-0.01 0.15,0.01 0.15,0.03 0.17,0.04 0.21,0.1 0.17,0.12 0.14,0.11 0.12,0.11 0.17,0.15 0.15,0.16 0.16,0.17 0.12,0.18 0.16,0.23 0.13,0.26 0.09,0.18 0.11,0.25 0.11,0.22 0.1,0.2 0.09,0.17 0.13,0.28 0.1,0.29 0.13,0.32 0.05,0.13 0.11,0.22 0.15,0.28 0.15,0.28 0.11,0.19 0.13,0.2 0.12,0.19 0.12,0.19 0.13,0.19 0.17,0.26 0.21,0.28 0.27,0.32 0.19,0.24 0.18,0.19 0.19,0.21 0.23,0.23 0.17,0.16 0.16,0.18 0.1,0.1 0.12,0.15 0.09,0.15 0.1,0.16 0.12,0.15 0.1,0.1 0.1,0.09 0.07,0.11 0.06,0.12 0.08,0.16 0.06,0.14 0.08,0.17 0.08,0.14 0.09,0.13 0.1,0.13 0.17,0.17 0.22,0.19 0.16,0.12 0.18,0.1 0.16,0.08 0.17,0.06 0.15,0.04 0.14,0.02 0.11,-0.01 0.1,-0.02 0.12,-0.06 0.06,-0.04 0.06,-0.09 0.08,-0.1 0.06,-0.06 0.08,-0.05 0.12,-0.01 h 0.13 l 0.13,0.01 0.11,-0.01 0.13,-0.02 0.13,-0.05 0.18,-0.07 0.16,-0.11 0.17,-0.11 0.16,-0.1 0.17,-0.11 0.14,-0.11 0.14,-0.11 0.14,-0.06 0.17,-0.04 0.13,0.02 0.08,0.01 0.06,0.06 0.04,0.05 0.04,0.04 0.04,0.03 0.06,0.05 0.07,0.03 0.15,0.07 0.1,0.03 0.14,0.04 0.09,0.02 0.21,0.03 0.17,0.02 0.21,-0.01 0.26,-0.04 0.28,-0.07 0.24,-0.05 0.3,-0.12 0.28,-0.13 0.38,-0.18 0.29,-0.16 0.23,-0.13 0.29,-0.16 0.22,-0.12 0.28,-0.19 0.29,-0.22 0.31,-0.28 0.24,-0.22 0.25,-0.2 0.28,-0.22 0.22,-0.17 0.24,-0.21 0.21,-0.21 0.2,-0.21 0.12,-0.16 0.11,-0.17 0.07,-0.15 0.08,-0.17 0.07,-0.08 0.11,-0.08 0.19,-0.1 0.28,-0.13 0.3,-0.14 0.18,-0.07 0.21,-0.13 0.13,-0.13 0.05,-0.02 0.06,-0.01 0.09,0.01 0.06,0.04 0.08,0.05 0.1,0.03 0.07,-0.01 0.09,-0.03 0.05,-0.04 0.08,-0.03 0.06,-0.02 h 0.06 l 0.1,0.01 0.11,0.07 0.08,0.02 0.11,-0.01 0.07,-0.03 0.1,-0.02 0.07,-0.01 h 0.1 l 0.14,0.03 0.24,0.09 0.17,0.06 0.26,0.11 0.23,0.1 0.37,0.16 0.12,0.03 0.16,0.04 0.19,0.02 0.17,0.01 0.17,-0.03 0.17,-0.05 0.2,-0.09 0.22,-0.12 0.15,-0.08 0.13,-0.07 0.14,-0.05 0.19,-0.01 h 0.13 l 0.2,-0.02 0.12,-0.01 0.16,-0.02 h 0.17 l 0.15,0.03 0.1,0.05 0.13,0.07 0.11,0.03 0.15,0.03 0.17,0.02 0.21,-0.03 0.17,-0.03 0.18,-0.08 0.14,-0.07 0.19,-0.12 0.26,-0.17 0.23,-0.15 0.23,-0.14 0.22,-0.14 0.36,-0.22 0.2,-0.13 0.25,-0.15 0.26,-0.16 0.22,-0.1 0.18,-0.09 0.29,-0.12 0.18,-0.06 0.23,-0.08 0.23,-0.05 0.24,-0.04 0.34,-0.04 0.19,-0.02 0.23,-0.02 0.3,-0.03 0.26,-0.01 0.22,0.01 0.2,0.04 0.23,0.05 0.23,0.03 0.2,-0.01 h 0.23 l 0.18,-0.02 h 0.2 l 0.13,0.02 0.15,0.02 0.16,0.01 h 0.17 l 0.16,-0.01 h 0.16 l 0.18,-0.01 0.18,-0.03 0.22,-0.05 0.23,-0.08 0.23,-0.12 0.2,-0.13 0.31,-0.22 0.24,-0.17 0.3,-0.23 0.25,-0.19 0.23,-0.18 0.23,-0.16 0.25,-0.16 0.25,-0.16 0.24,-0.14 0.22,-0.13 0.25,-0.18 0.25,-0.17 0.28,-0.21 0.25,-0.2 0.22,-0.2 0.22,-0.2 0.21,-0.21 0.15,-0.18 0.13,-0.15 0.11,-0.13 0.11,-0.13 0.13,-0.16 0.12,-0.15 0.17,-0.2 0.18,-0.22 0.14,-0.17 0.1,-0.16 0.09,-0.15 0.08,-0.19 0.06,-0.15 0.14,-0.28 0.1,-0.2 0.1,-0.19 0.1,-0.18 0.1,-0.14 0.11,-0.17 0.1,-0.14 0.09,-0.12 0.09,-0.13 0.08,-0.14 0.09,-0.13 0.08,-0.17 0.05,-0.18 0.03,-0.24 0.01,-0.2 0.01,-0.26 v -0.28 l 0.01,-0.16 0.02,-0.23 0.01,-0.26 0.03,-0.32 0.02,-0.27 0.02,-0.22 0.02,-0.24 0.03,-0.29 0.04,-0.25 0.02,-0.21 v -0.23 l -0.02,-0.24 -0.04,-0.21 -0.04,-0.25 -0.01,-0.23 0.01,-0.16 0.02,-0.2 0.02,-0.17 0.05,-0.17 0.06,-0.1 0.08,-0.09 0.1,-0.11 0.07,-0.09 0.11,-0.14 0.1,-0.18 0.08,-0.2 0.06,-0.18 0.07,-0.26 0.04,-0.18 0.05,-0.16 0.05,-0.18 0.04,-0.18 0.05,-0.19 0.05,-0.17 0.05,-0.2 0.07,-0.26 0.06,-0.18 0.06,-0.26 0.07,-0.21 0.03,-0.19 0.04,-0.29 0.01,-0.17 0.04,-0.21 0.03,-0.24 0.03,-0.18 0.05,-0.2 0.03,-0.22 0.02,-0.24 -0.02,-0.2 -0.04,-0.2 -0.03,-0.21 -0.03,-0.16 -0.02,-0.25 -0.02,-0.22 -0.07,-0.27 -0.07,-0.16 -0.08,-0.12 -0.06,-0.1 -0.03,-0.15 v -0.2 l 0.03,-0.27 0.01,-0.28 0.01,-0.32 v -0.23 -0.21 l 0.04,-0.22 0.01,-0.21 0.01,-0.27 -0.01,-0.25 -0.04,-0.19 -0.05,-0.19 -0.08,-0.22 -0.07,-0.17 -0.06,-0.2 -0.05,-0.21 -0.03,-0.23 -0.05,-0.31 -0.06,-0.28 -0.08,-0.26 -0.12,-0.33 -0.16,-0.41 -0.08,-0.26 -0.06,-0.22 -0.08,-0.19 -0.06,-0.24 -0.09,-0.25 -0.08,-0.26 -0.1,-0.24 -0.09,-0.27 -0.08,-0.33 -0.09,-0.36 -0.08,-0.31 -0.08,-0.35 -0.12,-0.41 -0.09,-0.31 -0.11,-0.26 -0.14,-0.22 -0.13,-0.21 -0.13,-0.26 -0.12,-0.27 -0.08,-0.28 -0.1,-0.31 -0.05,-0.18 -0.06,-0.17 -0.13,-0.27 -0.13,-0.32 -0.09,-0.29 -0.14,-0.41 -0.13,-0.35 -0.15,-0.35 -0.13,-0.28 -0.13,-0.24 -0.1,-0.21 -0.1,-0.19 -0.12,-0.29 -0.1,-0.26 -0.15,-0.28 -0.13,-0.25 -0.16,-0.3 -0.18,-0.29 -0.15,-0.25 -0.11,-0.17 -0.1,-0.16 -0.13,-0.17 -0.13,-0.17 -0.14,-0.2 -0.12,-0.17 -0.19,-0.26 -0.17,-0.26 -0.13,-0.21 -0.12,-0.19 -0.19,-0.28 -0.16,-0.24 -0.2,-0.29 -0.18,-0.26 -0.28,-0.33 -0.21,-0.27 -0.23,-0.27 -0.22,-0.3 -0.21,-0.23 -0.27,-0.3 -0.3,-0.33 -0.33,-0.36 -0.17,-0.19 -0.24,-0.26 -0.23,-0.27 -0.21,-0.25 -0.21,-0.2 -0.27,-0.25 -0.26,-0.3 -0.24,-0.25 -0.26,-0.26 -0.26,-0.24 -0.29,-0.26 -0.38,-0.42 -0.35,-0.36 -0.17,-0.27 -0.19,-0.31 -0.22,-0.33 -0.16,-0.31 -0.12,-0.25 -0.12,-0.28 -0.17,-0.29 -0.17,-0.23 -0.16,-0.16 -0.11,-0.14 -0.08,-0.14 -0.06,-0.22 -0.06,-0.21 -0.09,-0.32 -0.09,-0.24 -0.07,-0.18 -0.07,-0.18 -0.07,-0.14 -0.08,-0.16 -0.13,-0.18 -0.21,-0.25 -0.15,-0.21 -0.12,-0.15 -0.11,-0.15 -0.13,-0.2 -0.09,-0.16 -0.16,-0.22 -0.18,-0.22 -0.16,-0.2 -0.26,-0.3 -0.21,-0.27 -0.24,-0.25 -0.28,-0.31 -0.28,-0.28 -0.29,-0.22 -0.29,-0.22 -0.43,-0.27 -0.36,-0.24 -0.31,-0.15 -0.37,-0.19 -0.39,-0.22 -0.35,-0.21 -0.24,-0.17 -0.23,-0.17 -0.25,-0.23 -0.24,-0.23 -0.33,-0.33 -0.26,-0.28 -0.27,-0.29 -0.21,-0.23 -0.2,-0.22 -0.22,-0.25 -0.23,-0.24 -0.21,-0.2 -0.26,-0.27 -0.26,-0.26 -0.25,-0.23 -0.19,-0.15 -0.27,-0.2 -0.29,-0.17 -0.29,-0.11 -0.4,-0.09 -0.31,-0.02 -0.35,-0.02 h -0.33 l -0.37,-0.01 -0.32,0.01 h -0.38 l -0.46,-0.02 -0.53,-0.05 -0.53,-0.03 -0.41,-0.02 h -0.29 l -0.2,-0.02 -0.16,-0.02 -0.13,-0.04 -0.15,-0.06 -0.28,-0.11 -0.33,-0.15 -0.25,-0.11 -0.33,-0.13 -0.31,-0.13 -0.26,-0.13 -0.23,-0.16 -0.23,-0.17 -0.3,-0.25 -0.25,-0.24 -0.29,-0.24 -0.22,-0.19 -0.3,-0.27 -0.37,-0.29 -0.36,-0.24 -0.34,-0.22 -0.36,-0.18 -0.3,-0.13 -0.26,-0.1 -0.27,-0.08 -0.32,-0.11 -0.28,-0.12 -0.22,-0.09 -0.22,-0.12 -0.17,-0.11 -0.19,-0.14 -0.22,-0.15 -0.24,-0.17 -0.34,-0.26 -0.34,-0.25 -0.32,-0.23 -0.28,-0.19 -0.31,-0.25 -0.35,-0.29 -0.3,-0.24 -0.27,-0.23 -0.33,-0.28 -0.27,-0.25 -0.3,-0.27 -0.27,-0.22 -0.29,-0.22 -0.25,-0.17 -0.17,-0.11 -0.18,-0.11 -0.21,-0.15 -0.15,-0.16 -0.09,-0.16 -0.06,-0.15 -0.04,-0.14 -0.04,-0.25 -0.02,-0.33 -0.01,-0.28 0.01,-0.24 -0.02,-0.27 -0.01,-0.17 -0.06,-0.22 -0.08,-0.21 -0.07,-0.15 -0.13,-0.31 -0.13,-0.31 -0.19,-0.3 -0.14,-0.2 -0.16,-0.23 -0.13,-0.17 -0.11,-0.14 -0.12,-0.16 -0.12,-0.16 -0.15,-0.24 -0.14,-0.27 -0.15,-0.25 -0.12,-0.23 -0.15,-0.24 -0.24,-0.32 -0.22,-0.28 -0.13,-0.14 -0.13,-0.14 -0.23,-0.24 -0.25,-0.27 -0.18,-0.17 -0.17,-0.17 -0.21,-0.2 -0.2,-0.18 -0.27,-0.24 -0.28,-0.26 -0.22,-0.22 -0.03,-0.03 -0.29,-0.32 -0.21,-0.25 -0.18,-0.2 -0.21,-0.17 -0.2,-0.18 -0.2,-0.19 -0.15,-0.14 -0.26,-0.25 -0.17,-0.16 -0.21,-0.21 -0.12,-0.14 -0.1,-0.18 -0.12,-0.2 -0.13,-0.2 -0.14,-0.21 -0.15,-0.2 -0.12,-0.18 -0.15,-0.17 -0.16,-0.19 -0.18,-0.2 -0.22,-0.22 -0.2,-0.19 -0.29,-0.22 -0.21,-0.17 -0.18,-0.19 -0.22,-0.25 -0.11,-0.16 -0.09,-0.13 -0.1,-0.15 -0.09,-0.14 -0.2,-0.3 -0.16,-0.28 -0.18,-0.28 -0.13,-0.29 -0.13,-0.27 -0.11,-0.27 -0.09,-0.23 -0.06,-0.18 -0.08,-0.28 -0.03,-0.3 -0.06,-0.24 -0.09,-0.26 -0.05,-0.21 -0.09,-0.19 -0.11,-0.2 -0.16,-0.25 -0.1,-0.16 -0.13,-0.18 -0.2,-0.24 -0.17,-0.19 -0.2,-0.26 -0.2,-0.26 -0.13,-0.19 -0.1,-0.16 -0.07,-0.18 -0.06,-0.18 -0.08,-0.29 -0.05,-0.24 -0.06,-0.28 -0.07,-0.28 -0.07,-0.25 -0.05,-0.16 -0.1,-0.21 -0.1,-0.23 -0.15,-0.22 -0.14,-0.19 -0.17,-0.23 -0.12,-0.18 -0.21,-0.2 -0.18,-0.18 -0.22,-0.23 -0.23,-0.2 -0.27,-0.28 -0.22,-0.2 -0.25,-0.24 -0.22,-0.2 -0.3,-0.24 -0.32,-0.24 -0.28,-0.15 -0.35,-0.17 -0.4,-0.2 -0.44,-0.23 -0.45,-0.21 -0.49,-0.2 -0.28,-0.12 -0.25,-0.13 -0.23,-0.13 -0.28,-0.17 -0.32,-0.19 -0.28,-0.17 -0.35,-0.24 -0.32,-0.23 -0.38,-0.23 -0.39,-0.25 -0.22,-0.13 -0.21,-0.13 -0.25,-0.12 -0.34,-0.13 -0.25,-0.05 -0.31,-0.06 -0.27,-0.03 -0.23,-0.03 -0.28,-0.05 -0.3,-0.05 -0.25,-0.01 h -0.19 -0.25 l -0.38,0.01 h -0.32 l -0.39,0.01 h -0.2 -0.23 l -0.2,-0.03 -0.32,-0.05 -0.19,0.03 -0.18,0.01 -0.2,0.03 -0.17,0.04 -0.2,0.06 -0.22,0.07 -0.23,0.07 -0.19,0.07 -0.2,0.08 -0.16,0.08 -0.14,0.08 -0.13,0.1 -0.09,0.08 -0.12,0.09 -0.14,0.09 -0.16,0.11 -0.14,0.13 -0.16,0.15 -0.11,0.13 -0.1,0.1 -0.14,0.09 -0.14,0.11 -0.2,0.15 -0.11,0.11 -0.04,0.04 -0.05,0.06 -0.01,0.07 0.02,0.08 0.05,0.11 0.11,0.16 0.12,0.17 0.05,0.08 0.05,0.1 0.02,0.14 0.03,0.12 v 0.1 l -0.03,0.13 -0.04,0.04 h -0.06 l -0.1,-0.01 h -0.1 -0.11 l -0.08,0.02 -0.09,0.03 -0.07,0.04 -0.06,0.07 -0.03,0.11 -0.01,0.12 0.02,0.14 0.05,0.17 0.08,0.18 0.12,0.17 0.09,0.14 0.13,0.17 0.13,0.15 0.09,0.07 0.12,0.08 0.12,0.06 0.08,0.08 0.05,0.12 -0.03,0.15 -0.07,0.15 -0.03,0.09 v 0.11 l 0.06,0.1 0.06,0.09 0.08,0.09 0.13,0.12 0.15,0.16 0.12,0.12 0.14,0.06 0.18,0.05 0.2,0.04 0.19,0.01 0.17,0.02 0.15,0.04 0.11,0.08 0.15,0.17 0.11,0.09 0.1,0.07 0.12,0.04 0.13,0.01 h 0.09 l 0.09,-0.04 0.03,-0.1 -0.02,-0.09 -0.01,-0.1 -0.04,-0.13 -0.04,-0.13 0.02,-0.13 0.03,-0.15 0.01,-0.17 0.05,-0.17 0.07,-0.16 0.11,-0.1 0.28,-0.02 h 0.19 l 0.21,0.06 0.12,0.09 0.04,0.09 0.02,0.18 -0.04,0.23 v 0.27 l -0.01,0.26 -0.02,0.34 -0.02,0.27 -0.04,0.36 0.01,0.32 -0.03,0.31 -0.09,0.29 -0.18,0.25 -0.18,0.19 -0.2,0.24 -0.2,0.27 -0.23,0.35 -0.15,0.3 -0.19,0.36 -0.2,0.34 -0.22,0.27 -0.23,0.23 -0.19,0.25 -0.23,0.28 -0.08,0.09 -0.14,0.1 -0.16,0.07 -0.16,0.06 -0.27,0.04 -0.23,0.01 h -0.2 l -0.18,0.01 -0.17,0.01 -0.26,-0.01 -0.23,0.01 -0.18,0.02 -0.18,0.01 -0.14,0.01 -0.33,0.04 h -0.17 l -0.21,-0.04 -0.12,-0.07 -0.16,-0.15 -0.15,-0.18 -0.15,-0.13 -0.14,-0.09 -0.18,-0.05 -0.21,-0.04 -0.19,-0.04 -0.25,-0.06 -0.27,-0.07 -0.25,-0.11 -0.19,-0.08 -0.19,-0.1 -0.16,-0.1 -0.14,-0.1 -0.22,-0.18 -0.36,-0.33 -0.37,-0.35 -0.22,-0.23 -0.21,-0.22 -0.34,-0.45 -0.46,-0.49 -0.34,-0.33 -0.35,-0.28 -0.29,-0.23 -0.22,-0.17 -0.4,-0.28 -0.22,-0.14 -0.24,-0.15 -0.33,-0.22 -0.25,-0.13 -0.28,-0.09 -0.2,-0.04 -0.25,-0.04 -0.19,-0.03 -0.21,-0.04 -0.31,-0.02 -0.25,0.01 h -0.24 l -0.21,0.01 -0.3,0.04 -0.26,0.03 -0.31,0.06 -0.78,0.14 -0.38,0.08 -0.39,0.11 -0.4,0.09 -0.31,0.06 -0.28,0.07 -0.35,0.09 -0.25,0.08 -0.25,0.06 -0.25,0.05 -0.26,0.05 -0.25,0.07 -0.26,0.08 -0.23,0.09 -0.28,0.11 -0.15,0.07 -0.14,0.04 -0.18,0.08 -0.09,0.05 -0.12,0.07 -0.1,0.04 -0.11,0.02 -0.07,-0.05 -0.02,-0.07 v -0.07 l -0.01,-0.1 -0.05,-0.15 -0.09,-0.11 -0.12,-0.14 -0.08,-0.15 -0.02,-0.12 0.03,-0.17 0.12,-0.23 0.16,-0.21 0.08,-0.18 0.07,-0.19 0.07,-0.16 0.07,-0.2 0.08,-0.18 0.11,-0.23 0.11,-0.21 0.11,-0.24 0.13,-0.37 0.11,-0.31 0.07,-0.27 0.07,-0.23 0.08,-0.21 0.08,-0.22 0.09,-0.33 0.09,-0.3 0.08,-0.26 0.08,-0.31 0.07,-0.25 0.07,-0.28 0.06,-0.26 0.09,-0.31 0.08,-0.31 0.08,-0.44 0.06,-0.29 0.03,-0.19 0.04,-0.28 0.03,-0.32 -0.01,-0.29 -0.02,-0.32 -0.01,-0.48 -0.06,-0.52 -0.04,-0.25 -0.07,-0.23 -0.08,-0.23 -0.05,-0.14 -0.04,-0.11 -0.08,-0.17 -0.09,-0.16 -0.1,-0.14 -0.16,-0.16 -0.14,-0.13 -0.1,-0.1 -0.09,-0.09 -0.11,-0.04 -0.1,-0.02 -0.13,-0.02 -0.11,-0.04 -0.1,-0.06 -0.12,-0.08 -0.15,-0.05 -0.33,-0.1 -0.32,-0.08 -0.33,-0.13 -0.36,-0.15 -0.27,-0.13 -0.18,-0.08 -0.19,-0.11 -0.23,-0.11 -0.22,-0.12 -0.23,-0.08 -0.24,-0.09 -0.22,-0.07 -0.3,-0.1 -0.26,-0.07 -0.27,-0.1 -0.26,-0.08 -0.32,-0.16 -0.34,-0.19 -0.25,-0.15 -0.24,-0.14 -0.23,-0.16 -0.21,-0.15 -0.21,-0.17 -0.15,-0.17 -0.08,-0.13 -0.09,-0.15 -0.07,-0.2 -0.06,-0.21 -0.04,-0.19 -0.03,-0.24 -0.05,-0.24 -0.05,-0.16 -0.07,-0.21 -0.05,-0.22 -0.03,-0.25 -0.02,-0.26 -0.05,-0.28 -0.03,-0.27 -0.06,-0.3 -0.05,-0.23 -0.04,-0.15 -0.05,-0.15 -0.07,-0.24 -0.08,-0.24 -0.09,-0.17 -0.07,-0.13 -0.08,-0.11 -0.12,-0.12 -0.24,-0.18 -0.23,-0.11 -0.26,-0.1 -0.36,-0.13 -0.37,-0.12 -0.34,-0.13 -0.25,-0.13 -0.35,-0.17 -0.43,-0.18 -0.3,-0.1 -0.27,-0.12 -0.34,-0.13 -0.29,-0.11 -0.39,-0.15 -0.4,-0.19 -0.42,-0.28 -0.19,-0.16 -0.16,-0.16 -0.16,-0.2 -0.15,-0.21 -0.15,-0.28 -0.18,-0.44 -0.11,-0.36 -0.09,-0.24 -0.09,-0.19 -0.09,-0.26 -0.06,-0.24 -0.04,-0.13 -0.03,-0.23 -0.03,-0.2 -0.07,-0.18 -0.12,-0.22 -0.14,-0.19 -0.19,-0.18 -0.17,-0.13 -0.15,-0.11 -0.15,-0.15 -0.18,-0.19 -0.16,-0.15 -0.12,-0.16 -0.12,-0.15 -0.16,-0.27 -0.14,-0.18 -0.1,-0.19 -0.11,-0.15 -0.11,-0.13 -0.12,-0.13 -0.1,-0.15 -0.04,-0.19 -0.1,-0.26 -0.18,-0.26 -0.22,-0.24 -0.14,-0.15 -0.1,-0.11 -0.1,-0.09 -0.14,-0.17 -0.15,-0.12 -0.2,-0.17 -0.18,-0.11 -0.21,-0.08 -0.2,-0.05 -0.22,-0.07 -0.17,-0.05 -0.2,-0.08 -0.14,-0.08 -0.13,-0.12 -0.13,-0.16 -0.11,-0.11 -0.11,-0.11 -0.16,-0.1 -0.18,-0.08 -0.2,-0.07 -0.2,-0.08 -0.14,-0.08 -0.18,-0.15 -0.14,-0.16 -0.21,-0.17 -0.23,-0.18 -0.28,-0.18 -0.22,-0.16 -0.29,-0.23 -0.33,-0.3 -0.35,-0.3 -0.19,-0.21 -0.25,-0.17 -0.25,-0.15 -0.27,-0.14 -0.25,-0.09 -0.23,-0.08 -0.25,-0.06 -0.25,-0.05 -0.31,-0.01 -0.26,-0.04 -0.32,-0.06 -0.24,0.01 -0.25,-0.01 -0.22,-0.02 -0.26,-0.02 -0.24,-0.04 -0.22,-0.01 -0.23,-0.03 -0.3,-0.02 -0.3,-0.01 -0.32,-0.02 -0.16,0.02 -0.23,0.06 -0.2,0.08 -0.21,0.13 -0.28,0.11 -0.29,0.01 -0.28,-0.01 -0.23,-0.01 -0.17,-0.09 -0.11,-0.12 -0.16,-0.14 -0.16,-0.13 -0.17,-0.14 -0.22,-0.18 -0.2,-0.17 -0.39,-0.22 -0.37,-0.27 -0.27,-0.21 -0.28,-0.18 -0.24,-0.1 -0.2,-0.12 -0.22,-0.11 -0.18,-0.09 -0.23,-0.17 -0.19,-0.12 -0.21,-0.17 -0.28,-0.22 -0.3,-0.28 -0.28,-0.23 -0.26,-0.27 -0.37,-0.28 -0.26,-0.23 -0.27,-0.3 -0.28,-0.26 -0.16,-0.19 -0.17,-0.17 -0.11,-0.09 -0.2,-0.23 -0.19,-0.2 -0.14,-0.1 -0.16,-0.15 -0.15,-0.12 -0.13,-0.08 -0.12,-0.07 -0.15,-0.12 -0.15,-0.09 -0.23,-0.15 -0.2,-0.06 -0.18,-0.07 -0.19,-0.11 -0.26,-0.16 -0.15,-0.1 -0.09,-0.06 -0.22,-0.12 -0.24,-0.15 -0.18,-0.13 -0.14,-0.11 -0.13,-0.08 -0.14,-0.1 -0.2,-0.14 -0.16,-0.13 -0.16,-0.14 -0.17,-0.15 -0.11,-0.12 -0.07,-0.1 -0.15,-0.19 -0.18,-0.15 -0.12,-0.1 -0.16,-0.09 -0.22,-0.12 -0.13,-0.1 -0.11,-0.08 -0.15,-0.08 -0.24,-0.15 -0.27,-0.16 -0.25,-0.1 -0.25,-0.03 -0.17,0.04 -0.2,0.04 -0.25,-0.01 -0.29,-0.02 -0.24,-0.06 -0.15,-0.03 -0.12,-0.09 -0.14,-0.1 -0.17,-0.12 -0.13,-0.12 -0.19,-0.2 -0.19,-0.17 -0.15,-0.19 -0.17,-0.22 -0.17,-0.24 -0.19,-0.21 -0.17,-0.12 -0.15,-0.1 -0.27,-0.13 -0.29,-0.03 -0.29,-0.05 -0.22,-0.01 -0.34,-0.01 -0.28,-0.04 -0.19,-0.03 -0.22,-0.05 -0.14,-0.08 -0.13,-0.11 -0.11,-0.09 -0.11,-0.09 -0.19,-0.13 -0.16,-0.06 -0.08,-0.04 -0.12,-0.07 -0.2,-0.02 -0.12,0.01 -0.15,0.01 h -0.13 -0.21 l -0.15,-0.01 -0.17,-0.08 -0.15,-0.06 -0.12,-0.12 -0.18,-0.16 -0.06,-0.1 -0.06,-0.08 -0.05,-0.05 -0.07,-0.13 -0.08,-0.13 -0.07,-0.14 -0.05,-0.11 -0.06,-0.12 -0.09,-0.14 -0.08,-0.15 -0.1,-0.09 -0.14,-0.06 -0.12,-0.05 -0.1,-0.04 -0.07,-0.02 -0.11,-0.02 h -0.1 -0.14 l -0.13,0.02 -0.12,0.01 h -0.16 l -0.14,-0.03 -0.19,-0.06 -0.17,-0.03 -0.15,-0.03 -0.2,-0.01 -0.21,0.01 -0.21,0.03 -0.19,0.04 -0.17,0.12 -0.14,0.12 -0.2,0.1 -0.23,0.09 -0.19,0.06 -0.09,0.04 -0.1,-0.03 -0.15,-0.11 -0.13,-0.07 -0.17,-0.11 -0.26,-0.14 -0.27,-0.17 -0.19,-0.12 -0.07,-0.06 -0.1,-0.09 -0.09,-0.11 -0.08,-0.13 -0.08,-0.14 -0.15,-0.08 -0.09,-0.12 -0.11,-0.13 -0.06,-0.13 -0.07,-0.09 -0.06,-0.11 -0.09,-0.1 -0.08,-0.13 -0.09,-0.08 -0.08,-0.1 -0.07,-0.06 -0.11,-0.08 -0.16,-0.08 -0.15,-0.07 -0.17,-0.06 -0.15,-0.05 -0.14,-0.03 -0.17,-0.03 -0.18,-0.05 -0.25,-0.14 -0.15,-0.05 -0.17,-0.06 -0.24,-0.08 -0.21,-0.03 -0.18,-0.03 -0.15,-0.01 -0.12,-0.02 -0.13,-0.04 -0.11,-0.04 -0.2,-0.04 -0.19,-0.03 -0.2,-0.01 -0.2,-0.04 -0.2,-0.06 -0.21,-0.1 -0.08,-0.07 -0.15,-0.11 -0.16,-0.06 -0.17,-0.06 -0.12,-0.1 -0.11,-0.07 -0.17,-0.13 -0.09,-0.1 -0.15,-0.12 -0.13,-0.1 -0.17,-0.14 -0.18,-0.15 -0.14,-0.12 -0.06,-0.03 h -0.11 l -0.24,-0.07 -0.19,-0.1 -0.22,-0.12 -0.15,-0.09 -0.15,-0.09 -0.18,-0.1 -0.21,-0.12 -0.27,-0.14 -0.26,-0.11 -0.14,-0.06 -0.26,-0.21 -0.22,-0.13 -0.2,-0.08 -0.2,-0.03 -0.23,-0.04 -0.25,-0.06 -0.24,-0.08 -0.25,-0.01 -0.28,-0.1 -0.11,-0.1 -0.12,-0.07 -0.17,-0.06 -0.16,-0.09 -0.15,-0.07 -0.2,-0.12 -0.17,-0.07 -0.22,-0.06 -0.24,-0.04 -0.28,-0.01 -0.23,0.01 -0.18,0.02 -0.17,0.04 -0.14,0.07 -0.17,0.11 -0.15,0.13 -0.16,0.18 -0.18,0.23 -0.16,0.2 -0.27,0.41 -0.36,0.43 -0.38,0.48 -0.48,0.62 -0.24,0.3 -0.3,0.45 -0.26,0.39 -0.19,0.36 -0.11,0.27 -0.06,0.27 -0.02,0.15 v 0.11 0.09 l 0.01,0.06 0.01,0.09 0.01,0.12 0.04,0.11 0.11,0.08 0.25,0.06 0.17,0.05 0.07,0.06 0.01,0.1 0.03,0.13 v 0.16 l -0.05,0.18 -0.06,0.13 -0.06,0.1 -0.07,0.12 -0.13,0.19 -0.12,0.15 -0.08,0.14 -0.07,0.15 -0.06,0.17 -0.13,0.25 -0.18,0.3 -0.19,0.41 -0.14,0.28 -0.13,0.3 -0.12,0.33 -0.08,0.38 -0.02,0.29 -0.03,0.29 0.01,0.3 0.05,0.41 0.06,0.34 0.13,0.42 0.19,0.47 0.16,0.37 0.16,0.38 0.2,0.41 0.22,0.33 0.25,0.31 0.27,0.28 0.25,0.22 0.33,0.23 0.5,0.3 0.52,0.27 0.34,0.15 0.38,0.17 0.5,0.2 0.53,0.22 0.41,0.2 0.45,0.24 0.36,0.23 0.36,0.22 0.36,0.22 0.35,0.26 0.23,0.17 0.18,0.15 0.16,0.17 0.11,0.22 0.23,0.61 0.1,0.29 0.09,0.24 0.11,0.24 0.11,0.3 0.05,0.21 0.06,0.21 0.07,0.15 0.11,0.12 0.19,0.13 0.22,0.07 0.39,0.07 0.51,0.04 0.5,0.06 0.47,0.07 0.31,0.05 z"
     fill-rule="evenodd"
     id="Gegharkunik"
     style="fill:#5169b1;fill-opacity:1;stroke:#ffffff;stroke-opacity:1" />
  <path
     d="m 327.74,206.1 5.64,7.46 1.39,5.33 -0.24,1.5 -1.96,1.16 -3.24,0.69 0.81,3.94 1.5,2.77 0.23,2.32 -0.69,6.48 0.92,6.83 0.81,1.85 1.05,0.81 11.57,1.39 2.89,8.56 2.66,3.01 -0.46,2.43 -3.82,4.31 1.74,6.8 8.91,2.66 2.66,0.23 1.04,0.81 0.73,1.48 0.35,3.22 -1.38,2.77 -0.58,4.83 0.69,3.23 0.32,2.41 0.72,5.42 0.92,1.49 -0.23,5.53 1.18,3.98 1.59,5.35 0.4,3.16 1.67,0.17 1.04,2.85 0.76,6.16 0.21,1.72 -3.44,0.8 -0.76,1.37 0.01,0.09 0.02,0.28 0.38,3.12 0.11,0.99 3.79,9.98 9.3,10.1 2.18,-0.57 0.8,2.64 4.36,5.28 1.49,2.4 v 0 0 l 2.06,0.46 0.55,3.32 -10.17,-1.83 -8.53,-0.03 -4.17,2.66 -16.52,4.36 -1.97,0.84 -5.11,2.19 -5.4,4.72 -1.24,1.08 -2.79,1.28 -7.81,2.27 -4.99,2.41 -1.31,-1.01 -1.79,-0.04 -1.82,1.07 -0.89,-0.39 -1.67,1.3 -7.76,0.33 -3.25,1.48 -1.23,-0.5 -1.95,-0.18 -1.96,-0.75 -2.51,-0.18 -1.59,-0.75 -0.46,-1.3 0.37,-4.75 -0.56,-1.4 -1.49,-1.49 -1.49,-0.56 h -1.03 l -0.28,-0.98 -0.93,-0.46 -1.77,-0.1 -1.95,0.84 -0.94,-0.09 -0.74,-0.65 -2.42,0.84 -1.21,0.18 -0.38,-0.65 1.21,-1.4 0.56,-1.58 -0.65,-2.42 0.09,-1.12 1.49,-0.84 2.15,-0.93 0.37,-0.84 -0.47,-0.93 -1.86,-0.09 v -2.05 l 0.56,-1.4 1.86,0.19 0.56,-1.96 0.75,-2.33 -1.12,-0.18 -3.54,-0.19 3.91,-3.26 v -1.21 l -0.74,-2.24 -2.8,-7.26 -2.61,-3.87 -2.42,-2.42 -0.92,-0.22 -0.23,-0.05 -1.63,4.35 -1.52,0.93 -0.73,-0.46 -2.14,0.01 -3.64,-0.93 -1.39,0.47 -1.87,1.49 -1.11,0.37 -4.1,-1.49 -1.78,1.86 -1.76,0.75 -2.33,0.18 -3.92,-0.37 -3.26,0.38 -3.35,0.51 -3.08,-0.1 -0.65,-2.42 v -1.77 l 1.03,-1.86 1.58,-1.86 0.09,-1.87 4.66,-3.16 0.65,-0.94 -0.18,-0.74 -1.68,-2.42 -2.79,-3.82 -1.87,-0.1 -2.23,1.12 h -1.59 l -1.02,-0.56 -0.47,-2.23 0.47,-3.63 -0.28,-3.45 0.56,-1.63 1.68,-1.87 3.16,-1.11 2.42,0.09 1.22,0.56 2.51,-0.09 0.28,-1.31 -0.84,-3.07 0.19,-3.26 0.74,-3.26 2.52,-5.96 1.13,-1.28 1.76,-1.98 1.3,-2.61 5.03,-0.75 3.92,-3.54 2.14,-3.03 0.09,-1.67 -1.12,-1.31 -1.77,-1.49 0.75,-4.65 1.3,-8.11 0.28,-4.47 -0.74,-1.96 v -2.14 l 0.84,-1.3 2.42,-1.59 2.05,-0.65 0.23,-0.61 0.14,-0.37 -1.12,-6.52 1.12,-1.02 2.14,-1.03 2.15,-1.58 -0.84,-4 -0.1,-2.8 0.28,-1.77 0.66,-2.89 -2.15,-2.7 -3.91,-2.79 -1.4,0.18 -1.49,0.38 -2.23,1.21 -2.61,0.46 h -2.8 l -8.1,-3.07 0.18,-2.66 -0.37,-1.86 -1.21,-1.77 -3.35,-2.33 -3.54,-1.4 -1.4,-0.28 -0.04,-0.55 -0.15,-1.87 0.29,-1.14 0.36,-1.47 1.4,-2.04 -2.24,-4.1 -0.74,-3.26 0.19,-2.7 0.69,-2.44 2.85,-0.83 3.67,0.71 1.78,-0.35 4.28,-2.85 10.66,-3.34 2.1,0.35 2.34,3.03 2.56,1.4 1.06,1.4 1.28,0.24 1.87,-0.94 4.08,-3.62 h 4.09 l 3.15,1.17 3.62,2.68 2.45,0.24 1.75,2.1 1.63,0.47 h 1.87 l 1.52,0.46 3.61,1.75 1.41,0.12 1.98,-0.58 1.91,0.02 11.05,3.83 2.45,-0.35 1.86,-1.05 1.4,-0.24 2.46,0.12 z"
     id="Kotayk"
     style="fill:#99a7d1;fill-opacity:1;stroke:#ffffff;stroke-opacity:1" />
  <path
     d="m 357.09,31.82 1.5,1.36 0.18,1.5 -0.55,1.41 0.34,1.2 -0.78,1.18 -4.05,0.94 -0.6,3.05 -0.16,4.18 -0.1,3.75 0.83,1.83 1.83,1.69 0.27,1.19 -1.83,3.57 v 1.64 l 0.82,1.65 3.84,0.73 h 4.3 l 1.38,0.73 1.64,2.01 1.37,4.3 2.93,2.93 0.64,2.47 -0.91,0.78 -1.83,-0.05 -3.84,3.2 -1.01,1.74 -1.46,0.91 -2.38,0.05 -4.39,3.24 -4.76,3.93 -2.1,0.55 -1.92,-0.09 -2.65,-1.83 -3.2,-3.75 -2.01,-1 -1.93,0.91 -2.47,3.84 -1.37,3.57 -2.1,1.92 -2.29,1.46 -1.73,3.03 2.82,3.31 1.29,2.53 3.66,2.2 0.18,2.56 3.75,3.93 2.84,1.55 5.21,-0.54 1.89,-1.2 2.59,-1.64 0.55,0.13 1,0.24 2.38,3.65 0.37,3.57 1.1,3.11 -1.65,3.66 -1.92,3.29 -3.66,2.74 -0.09,1.19 1.19,2.47 1.46,3.02 0.19,1.73 -1.93,3.84 v 2.29 l 0.55,2.47 v 2.19 l -0.48,1 -0.71,1.47 -3.47,5.12 -1.65,1.47 -1.37,-0.14 -1.1,-0.11 -2.04,-0.2 -0.15,-0.01 -6.04,1.19 -1.19,2.01 -1,0.27 -2.01,-0.73 -0.83,0.73 -0.64,2.38 -1.37,0.55 -1.83,0.18 -1.19,1.46 -4.11,2.02 -3.2,1 0.41,1.44 0.14,0.48 1.37,0.79 1.19,0.68 0.6,0.17 1.96,0.56 1.83,1.09 1.44,2.17 0.84,3.6 0.19,3.1 1.64,-0.36 1.01,0.09 0.82,0.64 -0.18,2.65 2.56,2.1 0.91,2.11 0.37,2.47 -0.46,1.83 -1.83,1.73 -0.27,2.75 -1.01,2.41 -1.72,4.11 -4.2,-1.52 -2.46,-0.12 -1.4,0.24 -1.86,1.05 -2.45,0.35 -11.05,-3.83 -1.91,-0.02 -1.98,0.58 -1.41,-0.12 -3.61,-1.75 -1.52,-0.46 h -1.87 l -1.63,-0.47 -1.75,-2.1 -2.45,-0.24 -3.62,-2.68 -3.15,-1.17 h -4.09 l -4.08,3.62 -1.87,0.94 -1.28,-0.24 -1.06,-1.4 -2.56,-1.4 -2.34,-3.03 -2.1,-0.35 -10.66,3.34 -4.28,2.85 -1.78,0.35 -3.67,-0.71 -2.85,0.83 0.08,-1.14 0.16,-2.3 -1.43,-3.08 -1.89,-1.9 -4.04,-2.02 -5.34,-1.42 -2.99,-2.35 -0.33,-0.26 -1.9,1.07 -1.78,-0.24 -1.96,-1.81 -6.46,-2.81 -4.28,-0.6 -4.62,1.54 -0.36,2.73 -0.04,0.08 -1.62,2.77 -5.46,1.18 -3.35,-0.66 -0.21,-0.05 -5.46,-2.37 -1.54,-2.02 -1.03,-3.29 -1.61,-1.29 -6.44,1.5 -0.78,-1.08 -1.65,-1.99 -1.33,-1.33 h -1.39 l -1.4,0.86 -1.72,1.78 -1.18,1.23 -3.54,0.21 -4.07,-1.29 0.21,-4.5 -0.75,-2.26 -0.51,-0.83 -2.28,-3.78 0.11,-2.68 -3.44,1.61 -3.07,0.24 -2.29,0.18 -1.25,-0.21 -1.22,-0.21 -1.5,-2.04 -1.18,-2.04 0.96,-1.93 -0.11,-2.79 -3.74,-4.93 -0.66,-0.86 -0.75,-1.94 1.18,-3.86 2.58,-4.69 1.54,-5.17 1.76,-2.53 2.09,-0.44 h 0.04 l 8,0.44 1.87,1.21 1.65,-0.55 0.66,-2.76 0.99,-0.43 1.76,0.65 1.87,0.12 0.33,-0.67 -2.64,-4.51 -0.77,-2.42 0.66,-1.76 4.51,-2.2 1.1,-1.32 0.44,-4.4 1.98,-3.3 0.64,-1.43 0.24,-0.55 v -1.43 l -2.2,-0.77 -2.99,-0.35 -0.75,-0.09 -10.34,-2.31 -3.75,-0.33 -0.33,-2.31 2.09,0.11 2.65,-1.43 0.99,-1.65 0.55,-2.75 -0.58,-1.43 -0.47,-1.16 -0.36,-0.89 1.52,-2.14 -13.76,-8.58 1.65,-2.97 -0.88,-1.54 -3.34,-2.44 h -2.49 l -3.62,-1.59 -5.09,-3.84 -0.11,-4.41 1.24,-2.04 -0.34,-2.83 1.25,-3.96 v -2.15 l -0.68,-4.07 0.75,-5.35 0.22,0.02 1.12,0.12 0.51,-0.66 0.22,-0.24 0.24,-0.26 0.97,-0.23 0.55,-0.08 0.35,-0.27 0.27,-0.59 0.31,-0.42 0.38,-0.27 0.93,-0.31 0.59,0.03 0.66,-0.5 0.81,-0.5 0.66,-0.47 0.7,-0.39 h 0.7 l 0.66,0.08 0.62,-0.46 1.12,-0.7 1.36,-0.62 0.97,-0.2 0.5,-0.04 0.35,-0.23 0.58,-0.31 h 0.66 l 1.17,0.23 0.62,-0.03 1,-0.2 0.51,-0.08 1.01,-0.19 0.81,-0.08 0.51,-0.08 0.38,-0.15 1.01,-0.04 0.55,-0.31 0.34,-0.08 0.51,-0.31 1.05,-0.23 0.58,-0.19 0.81,-0.12 0.39,-0.12 0.43,-0.31 0.62,-0.15 0.58,-0.43 0.35,-0.35 0.62,-0.27 0.35,-0.23 0.27,-0.54 0.7,-0.16 0.11,0.23 -0.03,1.36 0.06,1.29 0.01,0.26 0.08,0.78 0.19,0.5 0.51,0.16 0.89,-0.1 0.16,-0.02 1.24,-0.04 0.83,0.07 0.14,0.01 1.28,0.27 1.24,0.31 1.63,0.39 0.58,0.08 0.66,-0.16 0.58,-0.15 h 0.54 l 0.93,-0.12 0.51,-0.04 0.5,-0.04 0.86,-0.08 0.69,-0.11 0.62,-0.23 0.2,-0.04 0.31,0.07 0.62,0.16 0.35,0.04 0.58,-0.12 0.58,-0.11 0.62,-0.08 0.35,-0.43 0.43,-0.77 0.89,-1.32 0.58,-1.05 0.04,-0.58 0.89,-2.17 0.2,-0.66 0.31,-0.66 0.23,-1.01 0.35,-1.4 0.46,-1.66 0.3,-1.19 0.01,-0.05 0.01,-0.03 0.3,-0.83 0.12,-0.7 -0.04,-0.81 -0.35,-0.74 -0.39,-0.66 -0.3,-0.89 -0.08,-0.58 -0.02,-0.28 -0.02,-0.46 0.35,-0.11 0.42,0.44 0.43,0.45 1.16,0.93 0.55,0.27 0.42,0.16 0.51,0.5 0.89,0.47 0.51,0.42 0.73,0.35 0.66,0.2 0.54,0.03 0.43,0.24 0.39,0.35 0.39,0.11 h 0.5 0.51 l 0.46,-0.11 0.43,-0.24 0.54,-0.08 0.35,-0.23 0.19,-0.35 0.27,-0.11 0.43,-0.12 0.43,0.16 0.62,0.15 0.35,-0.12 0.42,-0.42 0.39,-0.31 0.27,-0.08 0.47,0.31 0.19,0.27 0.54,0.12 0.47,0.11 0.16,0.43 0.07,0.35 0.27,0.23 0.55,-0.04 0.19,0.09 0.08,0.03 0.47,0.7 1.62,2.29 0.32,0.45 0.46,0.67 0.78,0.85 0.35,0.32 0.34,0.61 0.39,0.35 0.54,0.43 0.28,0.27 0.66,0.08 0.58,0.16 0.58,0.27 0.7,0.27 0.85,0.66 0.31,-0.74 0.39,-0.46 0.85,-0.55 0.76,-0.31 0.29,-0.11 1.71,-0.08 0.69,-0.08 1.28,0.19 0.78,0.24 0.2,0.06 0.35,0.28 0.15,0.17 0.19,0.21 0.15,0.26 0.26,0.38 0.27,0.51 0.26,0.42 0.2,0.33 0.36,0.39 0.27,0.17 0.47,0.15 0.56,-0.08 0.32,-0.12 0.44,-0.05 0.29,-0.05 0.29,0.1 0.39,0.24 0.47,0.22 0.75,0.1 0.61,0.08 0.34,0.07 0.18,-0.22 0.02,-0.54 -0.05,-0.46 -0.29,-0.61 -0.06,-0.35 -0.02,-0.09 0.08,-0.49 0.11,-0.33 0.03,-0.11 0.3,-0.32 v -0.48 l -0.12,-0.42 -0.3,-0.61 -0.17,-0.49 0.05,-0.75 -0.05,-0.81 v -0.46 l 0.15,-0.37 0.32,-0.22 0.68,-0.17 0.78,-0.17 0.24,-0.54 0.17,-0.21 0.15,-0.2 0.37,-0.2 0.53,0.2 0.42,0.24 0.32,0.3 0.04,0.15 0.1,0.36 0.25,0.39 0.34,0.27 0.46,0.17 0.42,0.02 0.61,-0.05 0.36,0.12 0.27,0.25 0.34,0.34 0.47,0.05 0.49,0.02 0.44,0.22 0.48,0.39 0.47,0.1 0.46,-0.07 0.42,-0.1 0.08,0.04 0.11,0.06 0.14,0.14 0.08,0.08 0.22,0.29 0.37,0.49 0.39,0.41 0.36,0.22 0.47,0.27 0.31,0.37 0.52,0.58 0.34,0.39 0.39,0.35 0.41,0.21 0.37,0.27 0.29,0.3 0.39,0.41 0.32,0.66 0.32,0.61 0.27,0.51 0.36,0.32 0.74,0.17 0.75,0.2 0.37,0.22 0.49,0.17 h 0.53 l 0.47,0.24 0.9,0.56 1.49,0.86 0.66,0.29 0.44,0.12 0.41,-0.05 0.35,0.08 0.41,0.22 0.27,0.07 0.41,-0.05 0.54,-0.24 0.44,0.19 0.51,0.27 0.34,0.15 0.39,0.46 0.3,0.46 0.29,0.27 0.05,0.22 0.05,0.34 0.24,0.39 0.25,0.42 0.24,0.22 0.59,0.19 0.39,0.1 0.61,-0.07 0.26,-0.11 0.1,-0.04 0.49,-0.05 0.42,0.03 0.22,-0.25 0.22,-0.24 v -0.34 l 0.17,-0.25 0.26,-0.17 0.27,-0.19 0.54,-0.08 0.88,-0.14 0.49,-0.15 0.58,-0.22 0.56,-0.1 0.37,-0.17 0.32,-0.22 0.41,-0.34 0.47,-0.17 0.41,-0.17 0.76,-0.17 0.46,-0.2 0.37,-0.17 0.44,-0.29 0.46,-0.32 0.12,-0.41 -0.09,-0.34 0.19,-0.3 0.15,-0.36 0.19,-0.44 0.2,-0.37 0.05,-0.58 0.14,-0.44 0.52,-0.69 0.36,-0.58 0.29,-0.37 0.22,-0.39 0.32,-0.36 0.47,-0.25 0.65,-0.15 0.52,-0.26 0.17,-0.13 0.14,-0.53 0.22,-0.42 v -0.46 -0.44 l -0.12,-0.22 -0.02,-0.46 0.02,-0.1 0.05,-0.25 0.17,-0.31 0.12,-0.3 0.44,-0.34 0.54,-0.14 0.39,0.04 0.39,0.3 0.61,0.17 0.34,0.12 0.47,-0.05 0.46,-0.14 0.42,-0.03 0.09,0.32 v 0.29 l -0.34,0.12 h -0.29 l -0.37,0.1 -0.14,0.29 -0.15,0.44 v 0.39 l -0.1,0.13 -0.31,0.12 -0.42,0.14 -0.15,0.1 -0.29,0.2 0.03,0.19 0.24,0.03 0.15,0.02 0.26,0.03 0.08,0.26 -0.27,0.1 -0.14,0.04 -0.25,0.06 -0.27,0.15 -0.07,0.36 0.41,0.12 0.32,-0.01 0.39,-0.01 0.49,0.07 0.07,0.2 -0.17,0.14 -0.29,0.25 -0.08,0.17 -0.04,0.32 0.07,0.56 0.02,0.44 -0.19,0.31 -0.2,0.22 -0.49,0.2 -0.41,0.17 -0.44,0.15 -0.29,0.26 -0.12,0.16 -0.01,0.01 0.01,0.01 0.21,0.17 0.3,0.14 0.19,0.37 -0.18,0.33 -0.01,0.04 -0.3,0.24 -0.05,0.22 0.49,0.05 0.44,0.02 0.03,0.01 0.46,0.21 0.42,0.12 0.46,0.15 h 0.32 l 0.24,-0.17 0.22,-0.15 0.34,-0.07 0.05,0.27 -0.19,0.27 -0.39,0.41 -0.29,0.21 -0.06,0.04 -0.09,0.34 v 0.27 l 0.22,0.22 0.39,-0.08 0.49,-0.51 0.04,-0.06 0.56,-0.72 0.54,-0.44 0.27,-0.37 0.34,-0.66 0.2,-0.39 0.27,-0.31 0.02,-0.42 0.29,-0.24 0.27,-0.15 0.51,0.32 0.1,0.18 v 0.01 l 0.04,0.01 0.35,0.04 0.22,-0.1 0.37,0.08 0.29,0.1 0.22,-0.13 0.03,-0.31 -0.05,-0.35 v -0.39 l 0.12,-0.36 0.06,-0.09 0.13,-0.18 h 0.32 0.01 l 0.33,0.12 0.3,0.56 0.29,0.42 0.1,0.17 0.29,-0.03 0.1,-0.36 v -0.29 l -0.1,-0.3 -0.02,-0.19 0.17,-0.13 0.29,0.25 0.34,0.24 0.34,-0.04 0.12,-0.2 0.05,-0.27 -0.12,-0.16 -0.02,-0.03 -0.3,-0.2 h -0.24 l -0.29,-0.07 -0.2,-0.05 -0.12,-0.25 v -0.26 l 0.24,-0.25 0.22,-0.22 0.22,-0.15 0.44,0.13 0.47,0.1 0.22,0.48 -0.02,0.3 -0.01,0.09 0.22,0.2 0.22,-0.15 0.1,-0.29 0.1,-0.2 0.46,-0.24 0.71,-0.15 0.41,-0.09 0.4,-0.12 0.04,-0.01 0.2,0.3 -0.15,0.29 h -0.01 l -0.53,0.22 -0.44,0.34 -0.31,0.27 -0.49,0.22 -0.24,0.29 -0.1,0.37 0.1,0.29 0.09,0.39 0.03,0.32 v 0.41 l -0.17,0.39 -0.22,0.57 -0.1,0.48 -0.05,0.35 0.07,0.17 0.32,0.24 0.27,-0.1 0.19,-0.36 0.3,-0.08 0.29,0.03 0.07,0.29 0.15,0.24 0.24,-0.21 0.1,-0.07 0.12,-0.08 0.12,0.19 h 0.01 l 0.04,0.35 0.05,0.29 0.22,0.24 0.3,-0.14 0.12,-0.52 0.14,-0.14 -0.17,-0.15 -0.01,-0.01 -0.13,-0.09 0.07,-0.41 0.29,-0.71 0.17,-0.68 0.27,-0.86 0.22,-0.87 0.03,-0.45 0.07,-0.51 0.05,-0.41 0.17,-0.27 0.15,-0.34 0.14,-0.32 0.2,-0.71 0.27,-0.31 0.46,-0.54 0.27,-0.42 0.29,-0.14 0.07,-0.2 -0.17,-0.22 -0.17,-0.31 -0.05,-0.27 v -0.27 l -0.14,-0.17 -0.15,-0.39 0.03,-0.39 -0.13,-0.32 -0.07,-0.22 0.24,-0.25 0.05,-0.09 v -0.29 l -0.07,-0.47 0.17,-0.24 0.37,-0.03 0.41,-0.17 0.27,-0.24 0.15,-0.39 0.05,-0.54 0.02,-0.34 -0.27,-0.15 h -0.24 l -0.37,-0.02 -0.19,-0.08 0.02,-0.17 0.44,-0.36 0.49,-0.17 0.46,-0.1 0.11,0.01 0.48,0.06 0.31,0.03 0.4,0.07 0.26,0.02 0.34,0.05 0.25,0.1 0.37,0.07 0.29,0.03 0.34,0.12 0.24,0.12 0.27,0.1 h 0.37 l 0.32,0.05 0.41,0.32 0.22,0.24 0.22,0.12 0.22,0.1 0.51,0.12 0.59,0.25 0.46,0.14 h 0.54 l 0.49,0.17 0.41,0.15 0.39,-0.12 0.42,-0.1 0.58,-0.15 0.42,-0.05 0.39,0.13 0.32,-0.15 0.36,-0.27 0.3,-0.14 0.21,0.07 0.18,-0.1 0.29,-0.24 0.07,-0.05 0.17,-0.12 h 0.39 l 0.3,0.09 0.06,0.04 0.23,0.13 0.21,-0.15 0.06,-0.04 0.27,-0.05 0.36,0.02 0.09,0.04 0.3,0.14 0.32,0.17 0.32,-0.35 v 0 l 0.36,-0.19 0.27,-0.24 0.35,-0.08 0.19,0.05 0.15,0.17 0.29,-0.12 0.22,-0.15 0.15,-0.07 0.21,-0.05 0.18,-0.14 0.41,-0.13 0.29,-0.09 h 0.25 l 0.05,0.26 -0.17,0.22 -0.2,0.13 -0.29,0.14 -0.15,0.2 -0.32,0.36 -0.14,0.27 -0.17,0.29 -0.02,0.08 -0.06,0.39 -0.02,0.27 -0.17,0.58 -0.03,0.19 -0.05,0.37 -0.24,0.78 0.03,0.32 0.02,0.17 0.17,0.74 0.46,0.39 0.62,0.66 0.48,0.36 0.73,0.02 0.47,-0.04 0.29,0.12 0.39,0.17 0.44,0.02 0.25,0.13 -0.15,0.22 -0.22,0.14 -0.27,0.27 -0.02,0.29 v 0.15 l 0.31,0.05 0.25,-0.25 0.41,-0.04 0.49,0.07 0.03,-0.29 -0.1,-0.42 0.07,-0.39 0.32,-0.17 0.39,-0.07 0.27,0.19 0.19,0.25 0.12,0.02 0.05,-0.34 0.03,-0.32 0.19,-0.17 0.39,0.03 h 0.52 l 0.63,-0.05 0.15,-0.44 0.22,-0.39 0.36,-0.05 0.52,-0.05 0.43,-0.07 0.3,-0.18 0.41,-0.29 0.2,-0.12 0.29,-0.17 h 0.37 l 0.22,0.22 0.09,0.39 v 0.37 l -0.29,0.17 0.07,0.39 -0.07,0.27 -0.12,0.17 -0.28,0.08 -0.06,0.01 -0.39,0.44 -0.27,0.49 -0.05,0.39 0.12,0.22 0.15,0.03 0.24,0.04 0.27,0.27 -0.07,0.34 -0.15,0.37 -0.32,0.32 -0.19,0.19 v 0.01 0.31 l 0.17,0.22 v 0 l 0.27,0.22 0.24,0.17 0.08,0.22 0.02,0.05 -0.1,0.29 -0.12,0.34 0.39,0.25 0.42,-0.15 0.22,-0.12 0.51,0.1 0.24,0.07 0.27,-0.17 0.2,-0.39 v -0.42 l -0.03,-0.06 -0.1,-0.23 0.15,-0.27 0.37,-0.36 0.24,-0.2 0.2,-0.27 0.09,-0.17 0.2,-0.36 0.22,-0.27 0.29,-0.2 h 0.47 l 0.06,0.06 0.23,0.18 -0.1,0.54 -0.05,0.37 v 0.22 l 0.22,0.1 0.1,-0.44 0.1,-0.34 0.07,-0.25 0.07,-0.41 0.08,-0.27 0.17,-0.44 0.05,-0.12 0.07,-0.13 0.07,-0.34 0.27,-0.46 0.49,-0.24 0.61,-0.15 0.78,-0.1 h 1 l 0.29,0.03 0.18,0.08 0.22,0.11 0.08,-0.15 0.16,-0.27 0.24,-0.24 0.42,0.22 0.11,0.15 0.25,0.36 0.37,0.34 0.37,0.03 v -0.34 l 0.02,-0.29 0.24,-0.28 0.08,-0.09 0.29,-0.1 0.16,0.11 0.38,0.26 0.32,0.27 0.34,-0.32 0.14,-0.1 0.27,0.25 0.22,0.04 0.47,-0.22 0.34,-0.12 0.46,0.15 0.59,0.15 0.56,0.17 0.54,-0.08 0.26,-0.14 0.08,-0.3 -0.12,-0.26 -0.01,-0.01 -0.19,-0.44 -0.2,-0.48 -0.09,-0.42 0.02,-0.36 0.32,-0.39 0.41,-0.3 0.3,0.25 0.56,0.61 0.34,0.41 0.44,0.37 0.01,0.01 0.23,0.38 0.22,0.58 0.17,0.47 0.39,0.61 0.15,0.41 0.17,0.34 0.15,0.35 0.24,0.17 0.34,-0.25 0.34,-0.07 0.54,0.37 0.44,0.39 0.44,0.09 0.39,-0.29 0.08,-0.08 0.31,-0.28 0.61,0.12 0.83,0.14 0.95,0.08 1.01,-0.03 0.61,-0.12 0.6,-0.34 0.45,-0.2 0.34,0.05 0.44,0.22 0.58,0.69 0.3,0.44 0.03,0.11 0.06,0.23 0.05,0.58 0.49,0.12 0.58,-0.04 0.4,0.09 0.46,0.27 0.22,0.3 0.46,0.09 0.24,0.01 0.32,0.02 0.49,0.12 0.54,0.44 0.59,0.15 1.07,-0.03 1.25,0.18 0.12,0.02 0.7,0.02 0.86,0.02 0.63,-0.53 z"
     id="Lori"
     style="fill:#99a7d1;fill-opacity:1;stroke:#ffffff;stroke-opacity:1" />
  <path
     d="m 127.46,44.05 -0.75,5.35 0.68,4.07 v 2.15 l -1.25,3.96 0.34,2.83 -1.24,2.04 0.11,4.41 5.09,3.84 3.62,1.59 h 2.49 l 3.34,2.44 0.88,1.54 -1.65,2.97 13.76,8.58 -1.52,2.14 0.36,0.89 0.47,1.16 0.58,1.43 -0.55,2.75 -0.99,1.65 -2.65,1.43 -2.09,-0.11 0.33,2.31 3.75,0.33 10.34,2.31 0.75,0.09 2.99,0.35 2.2,0.77 v 1.43 l -0.24,0.55 -0.64,1.43 -1.98,3.3 -0.44,4.4 -1.1,1.32 -4.51,2.2 -0.66,1.76 0.77,2.42 2.64,4.51 -0.33,0.67 -1.87,-0.12 -1.76,-0.65 -0.99,0.43 -0.66,2.76 -1.65,0.55 -1.87,-1.21 -8,-0.44 h -0.04 l -2.09,0.44 -1.76,2.53 -1.54,5.17 -2.58,4.69 -1.18,3.86 0.75,1.94 0.66,0.86 3.74,4.93 0.11,2.79 -0.96,1.93 1.18,2.04 1.5,2.04 1.22,0.21 1.25,0.21 2.29,-0.18 3.07,-0.24 3.44,-1.61 -0.11,2.68 2.28,3.78 0.51,0.83 0.75,2.26 -0.21,4.5 4.07,1.29 3.54,-0.21 1.18,-1.23 1.72,-1.78 1.4,-0.86 h 1.39 l 1.33,1.33 1.65,1.99 0.78,1.08 0.11,2.36 -1.29,3.33 -1.63,1.82 -2.41,2.69 -1.44,1.6 -0.85,5.15 -1.62,1.94 -5.04,4.61 -2.16,1.08 -0.84,0.42 -1.94,6.5 1.7,1.01 2.01,0.27 0.67,1.79 1.44,2.05 1.37,1.9 -0.29,5.44 0.33,1.72 16.36,1.29 0.23,2.52 -2.09,9.5 -2.64,4.12 -0.26,1.34 2.11,5.06 3.97,2.63 1.86,1 0.43,0.43 0.37,0.38 -0.33,2.34 -0.42,-0.06 -3.04,3.03 -2.2,1.53 -3.25,2.27 -2.91,1.27 -4.69,1.64 -1.9,1.65 -1.77,2.24 -1.65,2.07 -5.69,-0.01 -4.69,1.78 -6.2,3.29 -5.62,-3.12 1.94,-7.39 -5.06,-1.96 -1.52,-2.41 v -3 -0.29 l -3.8,-0.13 -2.79,-0.12 -3.03,1.01 -4.06,0.76 -0.38,1.01 0.38,1.78 0.26,2.28 -0.51,0.75 -0.89,0.13 -1.26,-0.88 -1.9,-0.64 -1.27,-0.13 -1.77,1.02 -3.8,1.01 -1.9,-0.25 -2.03,-2.03 -2.53,-1.26 -2.79,0.37 -5.82,-3.92 h -1.01 l -1.39,1.01 -8.62,-5.25 -3.54,-1.9 -0.38,6.46 -0.38,0.88 h -6.08 l -9.5,-0.25 -4.43,4.56 -0.38,1.9 0.89,5.82 0.25,3.67 -2.79,0.64 -7.09,0.63 -3.29,0.63 -0.63,0.76 -0.13,3.17 -0.13,4.18 -3.52,0.01 -0.56,-0.22 0.13,-0.3 v -0.37 l -0.03,-0.29 -0.05,-0.2 -0.37,-0.19 -0.41,-0.31 -0.45,-0.29 -0.2,-0.33 -0.19,-0.27 v -0.33 -0.55 l -0.08,-0.58 -0.36,-0.7 -0.18,-0.47 -0.13,-0.34 -0.63,-0.44 -0.57,-0.29 -0.73,-0.26 -0.58,-0.28 -0.46,-0.29 -0.24,-0.42 -0.18,-0.34 -0.37,-0.28 -0.13,-0.24 -0.02,-0.44 -0.21,-0.18 -0.34,0.15 -0.57,0.13 h -0.55 l -0.11,0.01 -0.28,0.02 -0.11,-0.21 0.07,-0.24 0.04,-0.12 0.02,-0.45 -0.15,-0.28 -0.47,-0.19 -0.25,-0.08 -0.14,-0.05 -0.05,-0.11 -0.19,-0.41 -0.18,-0.39 -0.39,-0.21 -0.52,-0.2 -0.34,-0.5 -0.26,-0.73 -0.21,-0.49 -0.49,-0.16 -0.42,-0.16 -0.5,0.19 -0.44,0.18 -0.31,0.1 -0.63,-0.1 -0.39,-0.13 -0.39,-0.37 -0.29,-0.23 -0.15,-0.31 v -0.45 l -0.08,-0.28 -0.34,-0.24 -0.47,-0.1 -0.29,-0.39 -0.31,-0.13 -0.42,-0.03 h -0.07 l -0.13,-0.05 v -0.26 l 0.26,-0.52 0.04,-0.17 0.11,-0.38 -0.13,-0.44 -0.23,-0.6 -0.14,-0.25 -0.02,-0.04 -0.47,-0.08 -0.41,0.11 -0.24,-0.13 v -0.42 l 0.24,-0.21 0.65,-0.13 0.39,-0.03 0.2,-0.04 0.27,-0.06 0.21,-0.21 0.2,-0.31 0.27,-0.08 0.15,0.05 0.31,0.37 0.45,-0.13 0.6,-0.42 0.28,-0.94 v -0.49 l -0.2,-0.32 -0.16,-0.14 -0.16,-0.14 v -0.34 l 0.32,-0.21 0.28,-0.31 -0.08,-0.31 -0.31,-0.42 -0.1,-0.42 0.05,-0.29 0.55,-0.02 0.41,-0.13 0.47,-0.31 0.21,0.05 0.18,0.1 0.39,0.21 0.39,0.18 0.4,0.06 0.23,-0.08 v -0.29 l -0.23,-0.44 -0.15,-0.14 -0.19,-0.18 -0.03,-0.44 0.16,-0.42 0.28,-0.2 0.42,-0.03 0.16,-0.29 -0.29,-0.36 0.03,-0.31 0.26,-0.27 0.39,-0.1 0.6,0.23 0.62,0.11 0.39,-0.29 0.37,-0.44 0.68,-0.52 0.26,-0.08 0.44,0.23 0.12,0.08 0.22,0.13 0.87,-0.32 0.04,-0.02 0.78,-0.49 0.84,-0.42 0.21,-0.11 0.18,-0.1 0.44,-0.39 0.05,-0.19 0.06,-0.22 0.1,-0.39 0.36,-0.37 0.29,-0.16 0.39,0.13 0.42,0.42 v 0.01 l 0.13,0.33 0.16,0.21 0.31,-0.11 0.23,-0.33 0.21,-0.37 0.37,-0.65 0.36,-0.5 0.45,-0.26 0.25,-0.47 v -0.16 -0.46 l 0.16,-0.5 0.37,-0.02 0.46,0.06 0.32,0.04 0.52,0.05 0.01,0.01 0.41,0.23 0.15,0.47 -0.06,0.04 -0.41,0.32 -0.34,0.13 -0.05,0.21 0.34,0.29 0.13,0.04 0.37,0.11 h 0.62 l 0.5,-0.05 0.16,0.03 0.33,0.05 0.21,-0.23 0.24,-0.55 0.52,-0.21 0.36,-0.21 -0.1,-0.78 -0.21,-0.49 -0.26,-0.32 -0.52,-0.23 -0.52,-0.19 -0.26,-0.39 -0.16,-0.6 0.03,-0.33 -0.32,-0.47 -0.04,-0.06 -0.3,-0.39 -0.18,-0.31 0.18,-0.31 0.76,-0.37 0.7,-0.39 0.1,-0.01 0.22,-0.04 0.08,0.17 0.05,0.09 -0.05,0.57 v 0.66 0.03 l 0.07,0.33 0.32,0.16 0.36,-0.11 0.01,-0.05 0.09,-0.55 0.11,-0.41 0.23,-0.21 0.5,0.23 0.1,0.34 -0.05,0.81 0.16,0.49 0.47,0.47 0.6,0.16 0.21,-0.07 0.41,-0.14 0.24,-0.6 0.07,-0.81 0.08,-0.96 -0.15,-0.22 -0.24,-0.33 -0.52,-0.55 -0.47,-0.52 -0.21,-0.52 -0.05,-0.8 -0.27,-0.68 -0.04,-0.11 -0.13,-0.78 v -0.62 L 46.3,241.5 v -0.32 l 0.1,-0.52 0.16,-0.6 0.29,-0.49 0.41,-0.16 h 0.26 l 0.19,0.11 0.41,-0.16 0.47,-0.37 0.52,-0.2 0.37,-0.11 0.42,-0.18 0.44,0.05 0.52,0.37 0.34,0.1 0.08,0.03 0.57,-0.16 0.34,-0.39 0.39,-0.18 0.57,0.05 0.63,-0.03 0.36,-0.52 0.11,-0.6 -0.34,-0.47 -0.44,-0.36 -0.24,-0.44 0.08,-0.34 0.29,-0.47 0.36,-0.47 0.13,-0.33 v -0.01 l 0.05,-0.01 0.32,-0.09 0.44,0.49 0.26,0.44 0.36,-0.07 0.27,-0.6 -0.03,-0.6 v -0.31 -0.19 l 0.08,-0.26 0.21,-0.36 0.36,-0.03 0.23,0.07 0.14,0.03 0.39,0.03 0.34,-0.31 -0.16,-0.34 -0.05,-0.06 -0.16,-0.17 -0.21,-0.37 -0.18,-0.47 v -0.42 -0.31 l 0.68,-0.21 0.44,-0.26 0.14,-0.2 0.3,-0.42 0.21,-0.52 0.16,-0.45 -0.08,-0.49 -0.08,-0.34 0.32,-0.45 0.17,-0.09 0.15,-0.08 0.43,-0.24 0.13,-0.42 -0.01,-0.05 -0.12,-0.42 0.37,-0.34 0.32,0.03 h 0.04 l 0.47,0.18 0.29,0.08 h 0.31 l 0.36,-0.26 0.06,-0.34 -0.08,-0.23 -0.29,-0.34 v -0.19 l 0.08,-0.07 0.52,-0.21 0.37,0.05 0.2,0.05 0.11,-0.31 v -0.34 l -0.52,-0.1 -0.05,-0.19 0.18,-0.31 0.18,-0.55 0.08,-0.26 h 0.55 l 0.13,-0.2 -0.11,-0.32 -0.34,-0.07 -0.26,-0.14 0.11,-0.57 0.2,-0.52 0.24,-0.34 0.16,-0.34 -0.25,0.07 -0.33,0.09 -0.13,-0.26 0.24,-0.26 0.28,-0.31 0.55,-0.14 0.21,-0.05 0.08,-0.08 0.1,-0.1 0.05,-0.37 0.01,-0.04 0.02,-0.24 0.03,-0.21 -0.29,-0.36 -0.03,-0.32 0.24,-0.1 0.36,0.02 0.16,-0.07 -0.16,-0.32 v -0.23 l 0.24,-0.39 0.39,-0.13 0.1,0.15 -0.08,0.68 0.04,0.05 0.1,0.13 h 0.44 l 0.39,-0.28 0.42,-0.08 0.34,-0.31 0.02,-0.47 -0.34,0.13 -0.39,-0.03 -0.13,-0.21 0.18,-0.28 -0.26,-0.06 -0.03,-0.06 -0.12,-0.27 0.23,-0.34 0.1,-0.3 0.06,-0.15 -0.05,0.02 -0.29,0.12 -0.34,0.05 -0.26,-0.11 -0.11,-0.41 0.16,-0.34 0.52,-0.26 0.21,-0.24 h -0.26 -0.31 l -0.21,-0.03 v -0.28 l 0.21,-0.18 0.34,-0.06 0.2,-0.07 0.03,-0.24 -0.13,-0.26 -0.05,-0.23 0.42,-0.5 0.15,-0.42 0.13,-0.26 v -0.23 l -0.02,-0.26 -0.19,-0.42 0.08,-0.29 0.05,-0.52 0.24,-0.34 0.16,-0.31 v -0.21 l 0.23,-0.39 0.16,-0.28 0.1,-0.16 0.31,-0.05 0.24,0.23 0.26,0.13 0.08,-0.02 0.26,-0.06 0.05,-0.19 0.03,-0.09 0.05,-0.19 0.18,-0.25 0.1,-0.21 0.32,-0.03 0.31,0.1 0.18,0.31 0.08,0.14 0.18,0.28 0.16,-0.02 -0.08,-0.34 v -0.08 l 0.03,-0.68 0.31,-0.28 0.34,-0.24 0.62,-0.05 0.53,-0.22 0.02,-0.02 0.47,-0.31 -0.08,-0.31 -0.02,-0.26 -0.03,-0.13 -0.14,-0.1 -0.12,-0.08 v -0.29 l -0.05,-0.21 h -0.08 l -0.34,-0.02 -0.11,-0.19 0.87,-0.6 0.11,0.08 0.17,0.13 0.21,0.29 0.37,0.05 0.57,-0.05 0.23,-0.26 v -0.42 l -0.05,-0.39 -0.15,-0.42 -0.24,-0.48 -0.03,-0.04 -0.18,-0.41 v -0.32 l -0.23,-0.26 -0.24,-0.05 -0.13,0.05 -0.05,-0.31 v -0.34 l -0.16,-0.13 -0.23,-0.05 -0.21,0.18 -0.29,-0.03 v -0.26 l 0.34,-0.15 0.03,-0.05 -0.24,-0.29 -0.2,-0.16 -0.34,-0.08 -0.08,-0.23 0.03,-0.16 0.31,-0.23 0.26,0.02 0.18,-0.02 -0.18,-0.24 -0.08,-0.23 0.18,-0.29 0.21,-0.28 0.39,-0.73 0.24,-0.65 v -0.47 l 0.12,-0.38 0.01,-0.01 v -0.5 l -0.05,-0.6 -0.21,-0.1 -0.37,0.21 -0.01,-0.01 -0.35,-0.05 0.05,-0.31 0.25,-0.16 0.14,-0.1 0.05,-0.29 -0.08,-0.57 -0.25,-0.37 -0.03,-0.05 -0.37,-0.31 -0.26,-0.13 -0.47,0.1 -0.13,-0.07 -0.21,0.13 -0.13,-0.16 -0.07,-0.34 0.18,-0.26 0.44,-0.08 0.21,-0.21 0.1,-0.26 -0.07,-0.28 -0.21,-0.32 -0.05,-0.31 0.26,-0.47 0.41,-0.34 0.32,-0.39 0.26,-0.57 0.36,-0.37 0.51,-0.25 0.12,-0.06 0.15,-0.47 v -0.01 -0.66 l 0.03,-0.58 v -0.31 l -0.16,-0.36 -0.05,-0.11 -0.13,-0.63 v -0.26 l -0.18,-0.2 -0.05,-0.34 -0.11,-0.34 -0.02,-0.34 -0.08,-0.44 -0.32,-0.21 -0.13,-0.32 0.06,-0.49 -0.21,-0.27 -0.21,-0.28 -0.05,-0.47 0.07,-0.47 -0.33,-0.28 -0.26,-0.29 -0.03,-0.34 -0.08,-0.28 -0.08,-0.34 -0.01,-0.1 -0.01,-0.09 -0.08,-0.31 -0.03,-0.26 v -0.36 l -0.18,-0.4 -0.16,-0.33 -0.1,-0.42 -0.29,-0.34 -0.28,-0.18 -0.37,-0.05 v -0.55 l -0.03,-0.04 -0.26,-0.43 -0.07,-0.39 0.02,-0.53 v -0.07 l -0.1,-0.6 -0.11,-0.65 -0.28,-0.37 -0.13,-0.36 -0.11,-0.37 -0.1,-0.26 -0.26,-0.36 -0.05,-0.16 -0.11,-0.31 -0.15,-0.6 v -0.29 -0.46 l 0.05,-0.4 0.23,-0.18 -0.02,-0.44 -0.24,-0.24 -0.26,-0.28 -0.16,-0.39 0.03,-0.4 0.18,-0.23 -0.08,-0.29 -0.36,-0.31 -0.31,-0.36 -0.21,-0.5 -0.08,-0.44 -0.13,-0.6 -0.08,-0.6 -0.21,-0.47 -0.01,-0.25 -0.01,-0.19 -0.11,-0.37 -0.13,-0.08 -0.47,-0.28 -0.2,-0.57 -0.27,-0.63 -0.18,-0.83 v -0.42 l -0.36,-0.34 -0.34,-0.47 -0.16,-0.55 -0.05,-0.54 -0.16,-0.6 -0.15,-0.29 -0.24,-0.1 -0.13,-0.37 -0.39,-0.49 -0.42,-0.37 -0.1,-0.52 -0.18,-0.31 -0.47,-0.34 -0.34,-0.08 -0.31,-0.29 -0.21,-0.31 -0.24,-0.52 -0.18,-0.42 -0.39,-0.34 -0.55,-0.28 -0.41,-0.29 -0.42,-0.57 -0.55,-0.68 -0.18,-0.42 -0.26,-0.34 -0.37,-0.41 -0.31,-0.42 -0.23,-0.39 -0.06,-0.34 0.24,-0.81 0.23,-0.81 0.16,-0.83 0.23,-0.57 0.11,-0.91 0.05,-0.84 v -0.83 l -0.08,-0.55 -0.68,-0.57 -0.46,-0.63 -0.29,-0.65 0.1,-0.81 0.32,-0.55 v -0.72 l -0.19,-0.81 -0.23,-0.91 -0.11,-1.28 0.34,-1.1 0.29,-0.96 0.16,-0.73 -0.11,-0.65 0.44,-0.73 0.32,-0.36 0.21,-0.24 0.41,-0.6 -0.4,-0.37 -0.14,-0.12 -0.32,-0.45 -0.28,-0.67 -0.52,-0.32 -0.66,-0.23 -0.46,-0.39 -0.08,-0.71 0.28,-0.93 0.16,-0.81 0.21,-0.58 0.36,-0.26 -0.47,-0.49 0.03,-0.89 0.63,-0.99 0.32,-0.34 0.04,-0.05 -0.1,-0.22 -0.24,-0.56 -0.52,-1.17 -0.62,-0.92 -1.67,-1.4 -2.09,-1.8 -2.29,-2.09 -2.45,-2.05 -6.54,-5.43 -2.66,-2.13 -1.23,-0.81 -1.07,-0.08 -0.91,-0.28 -0.28,-0.47 -0.5,-0.55 -0.52,-0.29 -0.17,-0.61 -0.04,-0.12 -0.44,-0.1 -0.26,-0.05 -0.92,0.08 -0.73,-0.11 -0.49,0.05 -0.68,0.24 -0.91,-0.5 -1.02,-0.18 -0.65,-0.55 -0.57,-0.52 -1.44,-0.65 -0.31,-0.11 -0.62,-0.57 -1.1,-1.14 -1.25,-1.02 -1.41,-1.04 -0.8,-0.63 -0.97,-0.34 -0.96,-0.08 -1.15,0.42 -0.7,0.29 H 15.13 L 14.21,91.86 13.41,91.42 12.7,91.03 12.03,90.85 11.06,90.87 9.91,90.85 9.37,90.35 7.78,88.4 7.05,87.46 6.4,86.6 5.95,85.82 6.06,83.34 6.21,80.45 6.42,78.26 6.76,76.28 6.86,75 V 73.78 L 6.03,73.15 5.22,72.66 3.92,71.95 3.87,71.22 3.62,69.36 3.61,69.24 3.01,68.07 2.65,67.88 2.12,67.6 1.55,67.34 1.31,66.66 1.16,65.7 1,64.06 1.34,63.25 1.96,62.18 2.67,61.11 3.2,60.48 3.42,60.21 3.57,59.66 3.68,59.23 3.94,58.09 4.09,57.06 4.89,56.72 5.18,56.59 6.52,56.34 7.3,56.23 7.77,55.92 9.06,55.3 l 0.38,-0.12 0.39,-0.14 1.11,0.15 0.08,0.01 0.88,0.1 0.68,-0.31 1.08,-0.31 1.14,-0.47 0.34,-0.4 0.49,-0.58 0.67,-0.72 1.96,0.15 v 0 l 2.18,0.06 0.98,0.05 0.77,-0.47 0.78,-0.52 0.41,-0.46 2.07,-0.83 1.54,-0.53 1.15,-0.4 0.83,-0.2 2.27,-0.21 1.21,0.47 0.66,0.25 2.58,0.93 1.34,0.57 0.13,0.07 0.45,0.24 0.05,0.39 0.1,0.7 0.05,0.93 0.47,0.77 0.67,0.21 1.03,-0.15 0.27,-0.07 1.03,-0.25 0.98,-0.25 0.72,0.2 0.93,0.31 H 45 l 0.46,0.08 0.83,0.13 1.45,-0.21 1.66,-0.31 1.55,-0.62 1.19,-0.36 1.24,-0.2 1.24,-0.16 0.93,-0.16 1.03,0.32 0.83,0.1 0.89,0.1 h 0.04 l 0.88,0.05 0.47,0.11 0.46,0.46 0.67,0.57 1.25,0.83 1.34,0.57 1.4,0.46 1.91,0.67 1.34,0.42 1.4,0.77 1.71,0.99 1.6,0.77 1.71,0.98 1.6,0.78 0.43,-0.45 0.46,-0.49 0.14,-0.15 1.81,-1.96 1.19,-1.04 1.66,-1.39 0.67,-0.36 0.36,-0.73 0.57,-0.2 1.3,-1.14 0.93,-0.83 0.98,-0.57 0.57,-0.52 0.77,-0.82 1.45,-1.14 1.5,-0.83 2.12,-1.13 1.24,-0.83 1.04,-0.36 1.19,-0.73 0.98,-0.62 0.93,-0.05 h 0.98 l 0.93,-0.21 1.14,-0.41 0.52,-0.21 h 1.29 l 1.29,0.11 h 1.97 l 1.76,-0.31 1.7,-0.31 0.99,-0.21 1.19,-0.57 h 0.98 l 1.03,-0.05 0.73,-0.57 0.98,-0.72 0.46,-0.31 h 0.47 l 0.98,0.31 0.67,-0.16 0.62,-0.31 0.83,-0.15 0.88,-0.16 0.93,-0.46 0.83,-0.16 h 0.78 l 0.82,0.16 0.83,0.25 0.57,0.31 0.06,0.54 -0.38,0.93 -0.04,0.62 0.5,0.31 0.86,0.39 z"
     id="Shirak"
     style="fill:#5169b1;fill-opacity:1;stroke:#ffffff;stroke-opacity:1" />
  <path
     d="m 559.87,554.5 -0.59,-1.34 -0.32,-2.14 0.75,-2.79 2.9,-3.96 1.17,-2.47 -0.53,-2.14 v -2.25 l 0.75,-3.1 0.64,-5.04 1.82,-4.87 1.5,-3 v -1.82 l -6.1,-13.28 -0.54,-2.9 0.43,-2.03 1.29,-2.57 5.35,-4.82 5.14,-8.3 3.43,-3.53 2.57,-6 2.47,-2.68 3.42,-2.79 3.71,-1.58 0.16,0.54 0.06,1.06 0.31,0.91 0.62,1.64 0.75,1.45 0.7,1.87 0.31,1.66 0.08,2.15 v 0.7 l 0.29,0.57 0.39,0.36 0.88,-0.13 h 1.04 l 1.16,-0.07 0.7,0.15 0.52,0.16 0.76,0.23 1.06,-0.08 0.7,0.29 0.6,0.39 0.85,0.05 0.46,0.04 0.06,0.01 0.49,0.26 0.36,0.27 0.34,0.25 0.47,0.41 0.23,0.45 0.16,0.54 0.39,0.47 0.39,0.1 0.78,0.1 1.32,0.37 0.86,0.26 0.36,0.12 v 0.01 0 l 0.47,0.39 0.72,0.64 0.99,0.39 1.04,0.5 0.39,0.33 0.2,-0.03 0.21,-0.04 0.55,-0.13 0.39,0.33 0.65,0.57 0.49,0.47 1.06,0.6 0.77,0.48 0.22,0.14 1.06,0.55 1.32,0.83 1.15,0.7 1.06,0.33 0.88,0.13 1.4,-0.21 0.35,-0.17 0.43,-0.21 1.04,-0.37 0.75,-0.2 1.22,-0.03 1.14,-0.29 0.39,-0.02 0.84,0.64 0.15,0.11 0.98,0.52 0.75,0.52 0.6,0.59 0.44,0.7 0.39,0.65 0.31,1.04 0.34,0.88 0.39,0.63 0.31,0.31 0.62,0.33 0.47,0.13 0.49,0.7 0.68,0.94 0.65,0.49 0.49,0.42 0.08,0.38 -0.18,0.52 -0.13,0.55 0.1,0.65 0.29,0.54 0.46,0.34 0.5,0.23 0.49,0.34 0.41,0.39 0.6,0.57 0.49,0.23 0.86,0.18 h 0.52 l 0.62,-0.02 h 0.03 l 0.39,0.15 0.62,0.44 0.28,0.29 0.42,0.31 0.07,0.31 0.09,0.37 0.02,0.52 0.18,0.23 0.03,0.44 0.18,0.31 0.13,0.34 v 0.23 l -0.18,0.34 -0.03,0.26 -0.13,0.34 0.31,0.57 0.24,0.49 0.21,0.36 0.25,0.44 0.11,0.18 0.44,0.32 0.44,0.1 0.26,0.08 0.28,0.23 0.32,0.23 0.28,0.26 0.13,0.39 0.13,0.37 0.52,0.15 0.49,0.26 0.73,0.44 0.57,0.42 0.49,0.31 0.5,0.6 0.67,0.75 0.55,0.65 0.46,0.59 0.21,0.55 0.23,0.44 0.42,0.36 0.21,0.26 0.13,0.42 0.05,0.41 -0.08,0.47 -0.39,0.54 -0.28,0.34 -0.19,0.18 h -0.46 -0.44 l -0.34,0.08 -0.52,0.15 -0.36,0.52 0.26,0.55 0.36,0.31 h 0.31 l 0.39,-0.08 h 0.39 l 0.28,0.18 0.08,0.5 0.08,0.44 0.26,0.49 0.21,0.29 0.36,0.07 0.29,0.26 0.51,0.52 0.39,0.47 0.31,0.28 0.37,0.16 0.85,0.44 -0.05,-0.47 -0.08,-0.51 0.03,-0.26 0.05,-0.39 0.18,-0.47 0.32,-0.47 0.41,-0.26 0.36,0.08 0.26,-0.08 0.55,0.11 0.7,-0.08 0.39,-0.29 0.62,-0.26 h 0.52 l 0.75,0.29 0.91,0.65 0.73,0.83 0.03,0.04 0.51,0.74 0.39,0.85 0.23,0.65 0.5,0.91 0.41,0.67 0.55,0.44 0.65,0.55 0.84,0.36 0.44,0.29 0.31,0.44 0.52,0.7 0.49,0.8 0.49,0.57 0.58,0.26 1.55,0.42 1.66,0.44 1.72,0.54 0.67,0.39 0.21,0.47 0.39,0.7 0.52,0.73 0.2,0.75 0.16,0.52 0.31,0.44 0.54,0.65 0.55,0.52 0.42,0.31 0.77,0.2 h 0.34 l -0.26,0.55 -0.36,0.6 -0.55,0.65 -0.33,0.51 -0.24,0.63 -0.02,0.8 -0.03,0.42 0.1,0.44 -0.2,0.39 0.33,0.23 0.55,0.26 0.6,0.31 0.39,0.26 0.13,0.57 0.07,0.73 0.24,0.64 0.05,0.42 -0.26,0.36 -0.21,0.68 -0.08,0.28 0.16,0.31 0.78,0.52 0.02,0.37 0.08,0.49 0.05,0.8 0.08,0.78 -0.08,0.94 0.06,1.22 v 0.49 l 0.12,0.36 0.11,0.6 0.15,0.59 0.16,0.44 0.93,0.03 0.22,-0.34 0.04,-0.07 v -0.08 -0.44 l 0.24,-0.52 0.13,-0.36 0.1,-0.21 v 0 l 0.09,-0.18 0.63,-0.78 0.24,-0.18 0.65,-0.45 0.36,-0.36 0.31,-0.91 0.01,-0.05 0.15,-1.37 0.21,-0.83 0.36,-0.34 0.86,-0.03 0.47,0.02 1.58,0.04 1.91,-0.06 2.16,0.11 0.91,-0.03 2.31,0.03 1.29,0.13 0.83,-0.03 0.94,0.11 0.46,-0.19 0.44,-0.15 0.26,-0.47 0.37,-0.49 0.28,-0.29 0.65,-0.26 0.73,-0.02 0.67,-0.08 0.81,-0.23 0.7,-0.32 0.41,-0.12 0.78,-0.19 0.73,-0.28 0.62,-0.18 0.49,-0.29 0.55,-0.31 0.31,-0.36 0.1,-0.31 0.16,-0.52 0.28,-0.34 0.45,-0.39 0.23,-0.23 0.18,-0.39 0.55,-0.47 0.54,-0.15 0.39,-0.08 0.47,-0.24 0.31,-0.12 0.52,-0.19 0.7,-0.2 0.75,-0.13 0.57,-0.24 0.47,-0.46 0.23,-0.39 0.23,-0.37 v -0.44 l 0.45,-0.18 h 0.18 l 0.33,0.18 0.29,0.29 0.36,0.46 0.31,0.08 0.45,-0.13 0.31,-0.39 0.41,-0.49 0.57,-0.49 0.55,-0.39 0.54,-0.49 0.39,-0.19 0.78,-0.18 0.52,-0.08 0.46,0.11 0.65,0.36 0.65,0.34 0.73,0.02 0.52,-0.18 0.47,-0.39 0.26,-0.31 0.36,-0.59 0.26,-0.34 0.15,-0.05 0.57,0.23 0.76,0.23 0.75,0.26 0.7,-0.02 0.49,0.18 0.23,0.15 0.19,0.34 0.28,0.29 0.11,0.1 0.39,0.44 0.33,0.31 0.16,0.65 -0.13,0.88 -0.21,0.37 -0.49,0.72 -0.26,0.34 -0.42,0.88 h 0.76 0.9 l 0.71,0.05 0.57,0.16 0.25,0.03 0.19,0.02 0.41,0.03 0.29,0.23 0.39,0.31 0.15,0.25 0.16,0.25 0.26,0.51 0.33,0.42 0.39,-0.42 0.5,-0.54 0.18,-0.29 0.39,-0.46 0.2,-0.42 0.52,-0.8 0.5,-0.6 0.23,-0.28 0.26,-0.45 0.43,-0.6 0.09,-0.12 0.1,-0.29 0.31,-0.39 0.34,-0.18 0.44,-0.13 0.37,-0.1 0.15,0.34 -0.05,0.38 0.05,0.45 0.01,0.05 0.12,0.47 -0.08,0.64 -0.1,0.47 0.08,0.49 0.07,0.34 0.32,0.36 0.28,0.34 -0.1,0.57 0.05,0.75 0.13,0.83 0.15,1.02 0.06,0.7 0.13,0.7 0.23,0.41 0.23,0.62 0.37,0.39 0.18,0.34 -0.05,0.75 -0.37,0.78 -0.46,0.93 -0.47,0.91 -0.52,0.73 -0.16,0.67 -0.1,0.89 0.1,0.54 0.86,0.42 1.04,0.41 0.04,0.02 1.05,0.55 0.85,0.83 0.37,0.83 0.37,0.32 0.02,0.02 h 0.44 l 0.23,-0.26 0.13,-0.6 0.18,-0.7 0.09,-0.35 0.12,-0.45 0.49,-0.49 1.02,-0.5 0.85,-0.13 0.42,-0.02 0.8,0.65 0.67,0.62 0.96,0.54 0.91,-0.34 1.04,-0.7 0.62,-0.38 0.7,-0.7 0.65,-0.6 0.65,-0.47 1.06,-0.72 0.99,-0.45 1.12,-0.13 1.03,0.16 0.68,0.21 0.96,0.13 0.49,0.02 1.17,-0.18 0.31,0.08 v 0.22 0.4 l 0.36,0.13 0.57,-0.07 0.81,-0.26 0.27,-0.09 0.53,-0.17 0.83,-0.06 0.73,0.16 0.34,0.29 0.26,0.31 -0.13,0.59 -0.03,0.24 h 0.55 0.44 l 0.33,0.46 0.39,0.39 0.29,0.13 0.73,0.21 0.59,0.08 0.44,0.2 0.5,0.34 0.44,0.18 0.36,-0.18 0.18,-0.31 0.31,0.34 0.55,0.31 0.36,0.13 0.52,0.33 0.21,0.14 0.62,0.15 0.62,0.13 0.06,-0.02 0.49,-0.16 0.28,-0.31 h 0.6 l 0.6,0.26 0.2,0.23 0.13,0.21 -0.05,0.49 0.18,-0.15 0.29,-0.08 0.18,0.21 0.03,0.41 0.31,0.31 0.28,0.24 0.26,0.28 0.05,0.31 -0.18,0.47 -0.02,0.47 0.05,0.39 0.28,0.38 0.31,0.34 0.19,0.44 0.15,0.18 0.18,0.24 h 0.29 l 0.21,0.02 0.18,0.18 0.13,0.5 0.08,0.36 0.2,0.26 0.24,0.36 0.05,0.44 -0.18,0.63 -0.13,0.57 0.21,0.23 0.33,0.11 0.05,0.25 -0.1,0.5 -0.03,0.49 0.13,0.34 0.24,0.33 0.23,0.37 0.37,0.39 0.28,0.31 0.18,0.28 -0.26,0.16 -0.33,-0.05 -0.5,-0.26 -0.36,-0.11 -0.55,-0.15 -0.44,-0.13 -0.41,-0.34 -0.14,-0.2 -0.1,-0.14 -0.1,-0.41 -0.03,-0.67 -0.23,-0.42 -0.54,-0.03 -0.6,-0.1 -0.42,-0.1 -0.7,-0.13 -0.64,-0.16 -0.55,-0.13 -0.98,-0.49 -0.71,-0.26 -0.7,-0.05 -0.78,-0.18 h -0.44 l -0.75,0.18 -0.36,0.54 -0.03,0.29 0.37,0.31 0.36,0.34 0.08,0.31 -0.31,0.52 -0.32,0.59 -0.46,0.65 -0.6,0.73 -0.73,0.52 -0.67,0.36 -0.8,0.26 -0.78,0.13 -1.17,0.23 -0.81,0.34 -0.38,0.23 -0.37,0.21 -0.85,0.16 -0.5,0.49 -0.1,0.34 -0.1,0.39 -0.21,0.25 -0.47,0.16 -0.39,0.21 -0.7,0.15 -0.41,0.16 -0.21,0.34 v 0.44 l 0.1,0.39 0.57,0.46 0.78,0.6 0.19,0.16 0.38,0.33 0.37,0.29 0.39,0.21 v 0.33 l -0.26,0.37 -0.29,0.41 -0.13,0.42 0.13,0.28 0.52,0.26 0.62,0.26 0.18,0.21 0.18,0.57 -0.02,0.52 0.08,0.59 -0.08,0.42 v 0.26 l 0.31,0.21 0.42,0.25 0.15,0.29 0.23,0.34 0.18,0.28 0.14,0.21 0.2,0.12 0.19,0.11 0.38,0.24 0.55,0.1 0.52,0.05 0.34,0.16 0.46,0.05 0.37,0.16 0.33,0.15 0.21,0.47 0.18,0.31 0.05,0.16 0.11,0.54 -0.21,0.34 0.16,0.36 0.2,0.34 v 0 l 0.13,0.33 0.34,0.24 0.4,0.28 0.2,0.13 0.39,0.39 -0.08,0.34 -0.14,0.03 -0.59,0.15 -0.02,0.39 -0.08,0.42 -0.26,0.33 -0.39,0.32 -0.57,0.02 -0.39,-0.23 -0.31,-0.5 -0.34,-0.51 -0.02,-0.65 -0.34,0.02 -0.29,0.11 -0.46,-0.06 -0.68,-0.2 -0.47,-0.39 -0.2,-0.08 -0.21,0.42 -0.34,0.23 -0.28,0.08 -0.03,-0.6 -0.26,-0.23 -0.47,-0.21 -0.39,-0.42 -0.59,-0.83 -0.31,-0.62 -0.24,-0.18 h -0.41 l -0.34,0.13 -0.26,-0.05 -0.1,-0.42 -0.36,-0.05 -0.32,0.13 -0.1,0.31 v 0.31 l -0.12,0.06 -0.09,0.05 -0.54,0.07 -0.6,-0.18 -0.62,-0.41 -0.76,-0.13 -0.4,0.05 -0.24,0.03 -0.6,0.26 -0.34,0.18 -0.1,0.39 0.26,0.51 0.29,0.62 0.04,0.08 0.21,0.45 0.08,0.31 -0.44,0.67 -0.42,0.52 -0.38,0.49 -0.29,0.37 -1.17,0.93 -0.7,0.73 -0.65,0.75 -1.01,1.61 -1.14,1.89 -0.52,0.65 -0.26,0.21 -0.6,0.15 -0.59,0.13 -0.57,0.29 -0.34,-0.26 -0.91,-0.65 -0.46,-0.26 -0.5,-0.26 -0.36,-0.41 -0.57,-0.55 -0.68,-0.47 -0.93,-0.33 -0.88,-0.26 -0.63,-0.16 -0.62,-0.08 -0.98,0.16 -0.31,0.49 -0.45,0.5 -0.88,0.36 -0.7,0.03 -1.04,-0.13 -0.67,-0.34 -0.57,-0.26 -0.55,-0.24 -0.44,-0.02 -0.62,0.21 -0.49,0.65 -0.24,0.7 0.03,0.72 -0.13,0.99 0.36,0.46 0.04,0.05 0.3,0.34 0.47,0.24 0.23,0.31 -0.52,0.21 -0.35,-0.02 -0.5,-0.01 -0.6,0.15 -0.52,0.11 -0.44,0.39 -0.49,0.91 -0.34,0.59 0.28,0.52 0.5,0.83 0.46,1.22 0.37,1.06 0.49,0.91 0.36,0.96 0.16,0.91 0.08,0.81 -0.21,0.36 -0.36,0.31 0.1,0.47 0.08,0.05 0.02,0.44 0.08,0.31 -0.1,0.39 -0.34,0.65 -0.34,0.46 -0.33,0.26 -0.42,0.21 -0.15,0.16 0.28,0.54 0.05,0.47 0.24,0.34 0.36,0.23 0.34,0.23 0.49,0.19 0.52,0.15 0.41,0.16 0.24,0.2 0.07,0.31 -0.1,0.34 -0.34,0.34 -0.33,0.05 -0.52,0.13 -0.21,0.18 -0.03,0.42 0.63,0.31 0.41,0.18 0.1,0.23 v 0.52 l 0.42,0.08 0.57,0.05 0.42,0.05 0.39,0.08 0.28,0.49 0.16,0.21 0.32,0.33 0.01,0.01 v 0.01 l 0.13,0.54 v 0.62 0.72 l -0.23,0.47 0.31,0.34 0.08,0.36 -0.05,0.34 0.02,0.31 0.26,0.18 0.44,-0.03 0.5,0.03 0.41,0.05 0.09,0.06 0.2,0.12 0.05,0.34 -0.07,0.15 -0.09,0.19 -0.39,0.39 -0.07,0.44 0.23,0.26 0.62,0.05 0.09,-0.02 0.3,-0.08 h 0.31 l 0.34,0.15 h 0.29 l 0.49,0.24 0.44,0.2 0.52,0.16 0.36,0.54 0.16,0.32 0.28,0.31 0.57,0.36 0.24,0.36 0.15,0.18 0.16,0.29 0.39,0.08 0.62,0.13 0.47,0.07 0.34,0.21 0.28,0.39 0.34,0.23 0.31,0.29 0.31,0.26 0.21,0.21 0.26,0.15 0.07,-0.41 0.08,-0.44 0.16,-0.19 0.34,0.08 0.07,0.78 0.11,0.42 0.26,0.13 0.13,0.44 0.23,0.18 0.21,0.47 0.02,0.41 -0.65,0.13 -0.36,0.13 0.42,0.26 h 0.52 l 0.15,0.21 0.34,0.07 0.78,-0.07 0.23,-0.21 0.31,-0.18 0.26,0.05 0.52,0.05 0.42,0.21 0.44,0.36 0.49,0.26 0.29,0.21 0.33,0.39 -0.02,0.18 -0.19,0.23 0.26,0.18 h 0.83 l 0.82,0.04 0.45,0.02 1.02,-0.06 0.46,-0.44 0.11,-0.44 0.26,-0.65 0.15,-0.64 0.26,-0.47 0.65,-0.49 0.55,-0.24 0.9,-0.65 0.58,-0.33 0.46,-0.08 0.37,0.19 0.81,0.31 0.49,0.41 0.42,0.4 0.58,0.78 0.5,0.6 0.33,0.56 0.18,0.72 0.09,0.58 0.2,0.64 0.31,0.43 0.49,0.33 0.54,0.54 0.51,0.18 0.45,0.35 0.47,0.25 0.51,0.27 0.31,0.22 0.12,0.45 0.04,0.44 v 0.61 l 0.18,0.24 0.38,0.25 0.24,0.36 0.25,0.51 0.31,0.42 0.72,0.29 0.31,0.2 0.04,0.32 -0.11,0.8 -0.27,0.6 -0.37,0.13 -0.09,0.03 -0.65,0.24 -1.43,0.23 -0.76,0.15 -0.49,0.27 -0.36,0.45 0.07,0.45 0.38,0.78 0.44,0.71 0.02,0.03 0.41,0.62 0.27,0.54 0.82,1.16 0.74,1.18 0.76,1.27 0.6,0.83 0.23,0.51 0.51,1.07 0.54,1.12 0.24,0.74 0.51,0.8 0.45,0.76 0.52,0.38 0.51,0.13 0.24,0.43 0.23,0.71 0.35,0.4 1.03,0.12 0.9,-0.05 0.84,-0.22 0.63,-0.25 0.76,-0.15 h 0.38 l 0.27,0.15 0.53,0.49 0.58,0.41 0.25,0.37 0.27,0.83 0.02,0.56 -0.05,0.45 0.18,0.33 0.49,0.38 0.2,0.18 0.47,0.62 0.18,0.32 0.43,0.42 0.26,0.29 0.32,0.42 0.4,0.52 0.62,0.22 0.56,-0.02 0.56,-0.09 0.29,-0.16 0.27,-0.18 0.22,-0.04 0.29,-0.11 0.36,0.11 0.18,-0.11 0.22,-0.04 h 0.27 l 0.22,-0.3 0.32,0.09 0.29,0.34 h 0.22 l 0.42,0.11 0.29,0.13 0.58,0.12 0.45,0.2 0.43,0.06 h 0.51 l 0.51,0.05 0.63,0.07 0.56,0.11 0.69,0.15 0.65,0.16 0.51,0.11 0.09,0.2 -0.31,0.27 -0.41,0.22 -0.42,0.18 h -0.31 l -0.54,0.11 -0.22,0.16 -0.14,0.23 -0.13,0.19 -0.29,0.54 -0.38,0.4 -0.36,0.31 -0.31,0.12 -0.4,0.09 -0.31,-0.16 -0.25,-0.29 -0.18,0.16 -0.33,0.13 h -0.25 l -0.31,0.02 -0.36,0.02 -0.38,0.16 -0.42,0.18 -0.27,0.27 -0.04,0.18 -0.25,-0.05 -0.38,-0.25 -0.13,-0.04 -0.32,0.22 -0.22,0.32 -0.22,0.35 -0.2,0.05 -0.36,-0.22 -0.34,-0.27 -0.51,-0.36 -0.2,-0.09 -0.29,0.09 -0.25,0.34 -0.42,0.26 -0.45,0.43 -0.42,0.31 -0.56,0.13 -0.56,0.12 h -0.45 l -0.58,-0.18 -0.38,0.13 -0.4,0.63 -0.4,0.53 -0.09,0.49 -0.07,0.47 0.1,0.15 0.17,0.25 0.63,0.43 0.76,0.22 0.89,0.29 0.62,0.29 0.47,0.29 0.38,0.49 0.02,0.58 -0.26,0.41 -0.49,0.22 -0.79,0.11 -0.53,-0.16 -0.6,-0.33 -0.36,-0.42 -0.27,-0.23 -0.21,0.27 -0.04,0.04 -0.11,0.43 -0.2,0.24 -0.58,0.18 -0.42,0.34 0.02,0.51 v 0.56 l 0.22,0.53 v 0.68 0.04 l -0.29,0.58 -0.31,0.63 -0.49,0.29 -0.48,0.33 -0.1,0.07 -0.43,0.33 -0.53,0.18 -0.76,0.16 -0.34,0.2 -0.8,0.76 -1.14,0.93 -0.4,0.47 -0.14,0.47 -0.04,0.61 -0.17,0.4 -0.1,0.24 v 0.54 l 0.27,0.24 0.27,0.23 0.11,0.29 -0.13,0.62 -0.36,0.46 -0.02,0.03 -0.36,0.56 -0.49,0.67 -0.34,0.2 -0.2,0.12 -0.13,-0.36 -0.09,-0.67 -0.07,-0.49 -0.22,-0.56 -0.11,-0.52 v -0.4 l 0.24,-0.58 -0.11,-0.49 -0.45,-1.12 -0.38,-0.62 -0.17,-1.18 0.06,-1.63 -0.02,-0.94 -0.2,-0.89 -0.18,-0.85 -0.33,-0.4 -0.41,-0.18 -0.44,-0.16 -0.78,-0.11 -0.38,-0.31 -0.34,-0.56 -0.16,-0.85 -0.22,-0.54 -0.29,-0.93 -0.33,-0.99 -0.25,-1.05 -0.2,-0.13 -0.43,0.31 -0.64,0.7 -0.38,0.69 -0.2,0.76 -0.11,0.35 -0.47,0.25 -0.34,0.22 -0.31,0.34 -0.12,0.15 -0.13,0.18 -0.22,0.58 -0.11,0.4 -0.07,0.27 -0.31,0.32 -0.29,0.24 -0.05,0.22 0.12,0.16 0.49,0.33 0.69,0.41 0.62,0.22 0.85,0.25 0.22,0.29 -0.08,0.38 -0.56,0.51 -0.58,0.49 -0.16,0.4 0.38,0.38 0.49,0.45 0.36,0.56 0.31,0.49 -0.29,0.4 -0.42,-0.11 -0.52,-0.4 -0.16,-0.17 -0.39,-0.39 -0.74,-0.67 -0.22,-0.45 -0.32,-0.24 -0.51,-0.27 -0.43,-0.27 -0.49,-0.4 -0.06,-0.14 0.13,-0.35 0.25,-0.18 -0.05,-0.16 -0.31,-0.18 -0.22,-0.24 -0.27,-0.32 h -0.61 l -0.17,-0.19 -0.45,-0.05 -0.4,0.07 h -0.36 l -0.45,-0.05 -0.44,0.03 -0.16,-0.32 -0.29,-0.33 -0.58,0.06 -0.45,-0.13 -0.44,-0.49 -0.29,-0.25 -0.54,-0.18 -0.38,-0.15 -0.38,-0.16 -0.4,-0.24 -0.38,-0.05 -0.49,0.23 -0.47,0.04 -0.34,-0.09 -0.35,-0.27 -0.7,-0.27 -0.38,-0.02 -0.95,0.29 -0.63,0.4 -0.74,0.7 -0.28,0.32 -0.5,0.59 -0.74,0.78 -1.2,1.45 0.11,1.01 0.27,1.27 0.15,0.69 0.23,0.56 0.02,0.38 -0.11,0.45 0.18,0.47 0.42,0.44 0.38,0.25 0.31,0.47 -0.09,0.67 -0.11,0.58 -0.2,0.38 0.07,0.67 0.04,0.49 0.31,0.25 0.14,0.2 0.04,0.62 -0.04,0.34 -0.05,0.53 0.05,0.27 0.42,0.02 0.38,-0.35 0.7,-0.39 0.49,-0.37 0.58,-0.32 0.35,-0.13 0.7,-0.04 0.58,-0.09 0.89,-0.12 0.09,0.21 -0.18,0.84 -0.13,0.7 -0.2,0.62 0.04,0.2 0.36,0.05 0.22,0.2 0.45,0.4 0.44,0.33 0.72,0.29 0.76,0.21 0.42,0.06 0.45,-0.18 0.42,-0.15 0.52,-0.34 0.6,-0.42 0.43,-0.54 0.8,-0.27 0.4,-0.02 0.29,0.29 h 0.63 l 0.55,0.05 0.65,-0.05 0.56,0.05 0.11,0.18 -0.2,0.4 0.05,0.69 0.18,0.8 0.08,1.12 -0.02,0.38 h -0.76 l -0.76,0.18 -0.49,0.18 -0.6,0.22 -0.29,0.22 -0.13,0.05 -0.43,0.13 0.11,0.89 0.11,0.41 h 0.01 l 1.04,0.11 h 0.78 l 0.56,0.27 0.27,0.26 0.09,1.1 0.13,0.76 0.16,0.6 0.31,-0.02 0.56,-1.07 0.18,-0.12 -0.02,0.63 0.29,0.2 0.67,-0.02 0.35,0.07 0.05,0.49 -0.16,0.51 0.11,0.54 0.14,0.44 0.11,0.52 -0.11,0.58 -0.14,0.76 -0.11,0.53 -0.11,0.43 -0.4,0.6 -0.02,0.65 0.31,0.38 0.36,0.15 h 0.64 l 0.52,-0.02 0.56,0.38 0.64,0.04 0.18,0.14 0.25,0.49 0.33,0.6 0.85,0.23 0.67,0.15 0.74,0.29 0.83,0.18 0.64,0.45 0.25,0.82 0.2,0.63 0.36,0.71 0.15,0.52 0.36,0.38 0.2,0.47 0.02,0.51 -0.2,0.8 -0.2,0.47 -0.22,0.49 -0.45,0.29 -0.47,0.49 -0.06,0.79 -0.09,0.64 -0.36,-0.06 -0.29,-0.27 -0.51,-0.09 -0.3,0.05 -0.22,0.04 -0.51,0.42 -0.67,0.65 -0.23,0.3 -0.22,0.28 -0.27,0.49 -0.04,0.52 0.27,0.42 0.31,0.27 0.56,0.06 1,-0.35 0.78,-0.09 0.9,-0.05 h 0.36 l 0.53,0.23 0.52,-0.03 0.46,-0.15 0.58,-0.18 h 0.43 l 0.09,0.29 0.24,0.22 h 0.65 l 0.56,-0.09 h 0.29 l 0.18,0.2 0.22,0.41 -0.07,0.24 0.32,0.2 0.42,0.18 0.18,0.22 -0.02,0.41 -0.18,0.55 -0.2,0.65 -0.27,0.52 -0.31,0.64 -0.45,0.38 -0.22,0.09 -0.07,0.02 -0.49,0.07 -0.4,0.18 -0.52,0.25 -0.6,0.33 -0.27,0.89 -0.15,0.56 -0.23,0.47 -0.15,0.34 0.14,0.43 0.01,0.06 0.16,0.55 0.31,0.52 0.07,0.4 0.13,0.45 -0.22,0.56 -0.29,0.4 -0.02,0.51 0.18,0.38 0.04,0.29 0.09,0.43 0.2,0.46 0.14,0.32 0.02,0.4 0.06,0.6 0.21,0.52 0.4,0.6 0.13,0.35 0.27,0.7 0.2,0.78 0.25,0.53 0.31,0.38 0.04,0.43 v 0.53 l -0.53,0.5 -0.29,0.15 -0.41,0.38 -0.51,0.6 -0.4,0.34 -0.76,0.11 -0.87,0.07 -0.83,-0.02 -0.73,0.04 -0.63,0.2 -0.85,0.02 -0.18,0.27 v 0.69 l 0.05,0.85 v 0.94 l -0.09,0.8 0.53,0.78 0.36,0.63 0.09,0.87 0.18,0.54 0.25,0.64 0.09,0.49 v 0.52 l -0.16,0.29 -0.69,0.31 -0.38,0.38 -0.29,0.63 -0.45,0.64 -0.92,0.28 -0.2,0.06 -0.76,0.29 -0.15,0.31 v 0.47 l 0.13,0.38 0.02,0.07 0.16,0.53 -0.09,0.96 -0.09,0.72 -0.2,0.53 -0.11,0.54 0.36,0.38 0.15,0.47 0.27,0.53 0.13,0.36 0.18,0.54 0.11,0.82 0.09,0.2 0.2,0.52 0.52,0.51 0.62,0.74 0.5,0.73 0.37,0.41 0.21,0.35 0.4,0.07 0.36,0.2 0.35,0.27 0.36,0.2 0.54,0.27 0.22,0.2 0.13,0.62 0.07,0.63 0.51,0.51 0.25,0.72 0.36,0.69 0.09,0.74 0.22,0.78 0.16,0.67 0.2,0.71 -0.09,0.72 0.02,0.78 0.07,0.38 0.18,0.42 -0.52,0.32 -0.49,0.42 -0.27,0.62 v 0.47 l 0.27,0.45 v 0.56 l 0.07,0.49 v 0.69 l 0.02,0.54 0.11,0.64 0.11,0.38 0.14,0.59 v 0.37 l -0.11,0.54 -0.18,0.47 -0.11,0.74 -0.12,0.76 0.25,0.93 -0.42,-0.2 -0.19,-0.19 -0.53,-0.52 -0.58,-0.67 -0.29,-0.69 -0.27,-0.34 -0.22,-0.76 -0.16,-0.54 -0.15,-0.46 v -0.38 l 0.29,-0.56 0.15,-0.38 0.02,-0.65 -0.08,-0.33 -0.54,-0.32 h -0.89 l -0.7,0.07 -0.64,0.14 -0.59,0.22 -0.62,0.53 -0.6,0.32 -0.47,-0.03 -0.34,-0.15 -0.33,-0.34 -0.43,-0.42 -0.37,-0.18 -0.23,-0.13 -0.56,-0.03 -0.64,0.07 -0.52,0.14 -0.27,0.17 -0.35,0.45 -0.23,0.38 -0.29,0.04 -0.35,0.03 -0.34,0.11 h -0.38 l -0.36,-0.09 -0.29,-0.56 -0.38,-0.27 -0.53,-0.22 -0.43,-0.2 -0.53,-0.05 -0.38,0.16 -0.45,0.18 -0.4,0.02 -0.31,0.14 -0.36,-0.12 -0.16,-0.26 -0.42,-0.52 -0.29,-0.42 -0.4,-0.36 -0.38,-0.29 -0.25,-0.49 -0.24,-0.45 -0.29,-0.22 -0.23,-0.2 -0.29,-0.07 -0.31,0.18 -0.36,0.25 -0.27,0.2 -0.22,0.04 -0.33,-0.15 -0.47,-0.07 -0.65,0.07 -0.34,0.13 -0.2,0.31 -0.22,0.29 -0.13,0.27 -0.41,0.02 -0.4,-0.06 -0.29,-0.09 -0.31,-0.03 -0.52,0.29 -0.22,0.32 -0.42,0.11 -0.27,0.06 -0.38,0.25 -0.16,0.36 v 0.44 l -0.06,0.34 -0.18,0.47 -0.05,0.27 -0.26,0.26 -0.27,0.32 -0.09,0.26 -0.43,0.25 -0.42,-0.11 -0.38,-0.38 -0.27,-0.47 -0.09,-0.45 -0.13,-0.67 v -0.38 l 0.04,-0.4 -0.2,-0.36 -0.24,-0.13 -0.34,-0.02 -0.53,0.04 -0.36,-0.11 -0.43,-0.33 -0.24,-0.36 -0.61,-0.6 -0.49,-0.43 -0.33,-0.42 -0.63,-0.38 -0.49,-0.2 -0.31,-0.25 -0.58,-0.31 -0.87,-0.29 -0.56,-0.2 -0.47,-0.2 -0.42,-0.09 -0.41,-0.07 h -0.42 -0.38 l -0.33,-0.04 -0.65,-0.18 -0.43,-0.27 -0.31,-0.04 -0.42,-0.12 h -0.4 l -0.38,-0.2 -0.14,-0.2 -0.15,-0.53 -0.21,-0.56 -0.26,-0.38 -0.47,-0.36 -0.34,-0.16 h -0.29 l -0.33,0.14 -0.23,0.27 h -0.22 l -0.36,-0.09 -0.24,-0.23 -0.23,-0.09 -0.53,-0.06 h -0.47 -0.4 -0.4 l -0.39,0.02 -0.58,0.02 -0.35,-0.02 -0.36,-0.07 -0.42,-0.02 -0.27,0.11 -0.47,0.27 -0.22,0.22 -0.12,0.32 -0.06,0.31 v 0.2 l 0.13,0.31 0.05,0.14 -0.05,0.22 -0.11,0.07 -0.56,0.26 -0.36,0.16 -0.62,0.13 -0.47,0.25 -0.22,0.18 -0.36,0.4 -0.45,0.36 -0.31,0.22 -0.29,0.29 -0.4,0.36 -0.41,0.24 -0.37,0.2 h -0.34 l -0.47,-0.22 -0.4,-0.13 -0.47,-0.2 -0.36,-0.16 -0.33,-0.36 -0.45,-0.42 -0.38,-0.16 -0.29,0.11 -0.24,0.29 -0.11,0.32 -0.18,0.42 -0.2,0.29 -0.21,0.25 -0.4,0.13 -0.49,0.05 -0.4,-0.07 -0.67,0.11 -0.31,-0.04 -0.29,-0.09 h -0.52 l -0.51,0.02 -0.54,0.27 -0.44,0.15 -0.38,0.29 -0.27,0.36 -0.22,0.43 -0.41,0.24 -0.53,0.07 -0.54,0.13 -0.4,0.09 -0.18,0.25 v 0.35 l -0.49,0.23 -0.22,0.22 -0.12,0.45 0.07,0.56 0.05,0.22 -0.09,0.33 -0.34,0.25 -0.47,0.42 -0.47,0.23 -0.8,0.44 -0.45,0.36 -0.62,0.58 -0.31,0.34 -0.52,0.24 -0.27,0.22 -0.06,0.41 -0.2,0.53 -0.09,0.36 -0.7,0.4 -0.4,0.07 -0.47,0.04 -0.46,0.2 -0.43,0.45 -0.51,0.29 -0.47,0.27 -0.49,0.09 -0.52,0.27 -0.58,0.33 -0.6,0.11 -0.72,0.2 -0.66,0.2 -0.59,0.16 -0.33,0.18 -0.13,0.49 -0.05,0.4 -0.11,0.4 -0.02,0.52 -0.07,0.38 -0.02,0.2 -0.34,0.16 -0.27,0.29 -0.18,0.33 -0.31,0.27 -0.53,0.15 -0.34,0.16 -0.33,0.18 -0.32,0.07 -0.44,0.06 -0.72,-0.04 -0.56,-0.16 -0.37,-0.02 -0.47,0.09 -0.41,0.31 -0.17,0.49 -0.12,0.34 -0.38,0.8 -0.31,0.47 -0.47,0.71 -0.69,0.47 -0.49,0.16 -0.71,0.07 h -0.68 l -0.55,0.02 h -0.52 l -0.51,-0.25 -0.38,-0.15 -0.49,-0.14 -0.45,-0.06 -0.38,0.11 -0.42,0.22 -0.45,0.18 h -0.38 l -0.47,-0.2 -0.42,-0.31 -0.38,-0.07 -0.25,0.04 -0.51,0.25 -0.56,0.09 -0.6,0.02 -0.6,-0.18 -0.14,-0.66 v -0.67 l 0.3,-0.63 0.11,-0.63 0.37,-0.62 v -0.56 l -0.22,-0.48 -0.41,-0.85 -0.11,-0.78 0.04,-0.63 -0.04,-0.77 0.18,-0.86 0.08,-0.66 -0.11,-0.67 -0.07,-0.23 -0.04,-0.17 -0.04,-0.37 -0.04,-0.37 0.26,-0.22 0.07,-0.14 0.04,-0.09 0.07,-0.51 0.15,-0.52 0.11,-0.37 0.12,-0.33 0.07,-0.41 0.15,-0.15 0.22,-0.26 -0.15,-0.37 v -0.26 l 0.19,-0.37 v -0.55 -0.34 l -0.04,-0.29 -0.11,-0.67 -0.11,-0.4 -0.3,-0.74 -0.33,-0.82 -0.19,-0.37 -0.14,-0.55 -0.26,-0.48 -0.29,-0.4 -0.19,-0.38 -0.14,-0.23 -0.14,-0.39 -0.19,-0.33 -0.25,-0.3 -0.17,-0.36 -0.22,-0.37 -0.39,-0.22 -0.53,-0.25 -0.58,-0.16 -0.39,-0.17 -0.41,-0.28 -0.39,-0.36 -0.17,-0.25 -0.19,-0.22 0.22,-0.44 0.22,-0.42 -0.19,-0.33 -0.22,-0.5 -0.25,-0.59 -0.14,-0.52 -0.11,-0.61 0.05,-0.58 0.31,-0.64 0.22,-0.7 0.03,-0.44 -0.03,-0.39 -0.39,-0.61 -0.5,-0.41 -0.39,-0.23 -0.11,-0.63 -0.03,-0.75 -0.11,-0.53 -0.11,-0.31 -0.33,-0.36 -0.36,-0.22 -0.36,-0.19 -0.36,-0.28 -0.36,-0.31 -0.25,-0.11 h -0.31 l -0.18,-0.09 -0.1,-0.05 -0.25,-0.19 -0.02,-0.33 0.22,-0.25 0.1,-0.09 0.29,-0.25 -0.09,-0.41 -0.11,-0.5 -0.14,-0.61 -0.05,-0.58 0.19,-0.67 0.06,-0.61 -0.23,-0.33 -0.11,-0.34 -0.08,-0.58 0.06,-0.64 0.05,-0.64 0.31,-0.49 v -0.39 l -0.36,-0.67 -0.25,-0.58 -0.17,-0.31 -0.66,-0.5 -0.37,-0.52 -0.25,-0.39 -0.04,-0.05 -0.23,-0.28 -0.11,-0.42 v -0.47 l 0.02,-0.37 v -0.16 l -0.05,-0.64 -0.17,-0.64 -0.11,-0.61 -0.19,-0.44 0.08,-0.44 -0.22,-0.59 0.02,-0.55 0.17,-0.45 -0.05,-0.38 -0.2,-0.48 -0.14,-0.49 0.06,-0.48 v -0.52 l 0.08,-0.78 0.31,-0.44 v -0.2 l -0.34,-0.47 -0.49,-0.75 -0.51,-0.75 -0.94,-0.75 -1.05,-0.66 -0.72,-0.2 h -0.59 l -0.36,0.06 -0.36,-0.2 -0.42,-0.41 -0.04,-0.03 -0.54,-0.33 -0.25,-1.17 -0.05,-0.69 -0.11,-0.5 -0.14,-0.56 0.19,-0.61 -0.05,-0.44 -0.03,-0.28 -0.03,-0.27 0.11,-0.45 0.34,-0.34 0.11,-0.1 -0.12,-0.1 -0.16,-0.12 -0.17,-0.42 0.14,-0.39 0.12,-0.32 0.05,-0.12 -0.06,-0.16 -0.14,-0.37 v -0.64 l -0.39,-0.89 -0.19,-0.38 -0.22,-0.5 -0.14,-0.25 -0.17,-0.45 -0.05,-0.47 0.08,-0.28 -0.11,-0.52 -0.14,-0.48 -0.17,-0.44 -0.47,-0.69 0.17,-0.45 0.03,-0.5 v -0.36 l -0.06,-0.55 -0.28,-0.31 -0.27,-0.39 -0.36,-0.08 -0.73,-0.14 -0.47,-0.08 -0.44,-0.17 -0.7,-0.16 -0.74,-0.06 -0.47,-0.39 -0.64,-0.14 -0.39,-0.36 -0.59,-0.44 -0.44,-0.28 -0.44,-0.36 -0.59,-0.53 -0.33,-0.22 -0.64,-0.14 -0.69,-0.47 -0.44,-0.5 -0.17,-0.39 v -0.38 l -0.2,-0.5 -0.22,-0.36 -0.22,-0.28 -0.11,-0.39 -0.03,-0.28 v -0.36 l -0.22,-0.14 -0.31,-0.16 -0.36,-0.14 -0.3,-0.23 -0.25,-0.52 -0.36,-0.36 -0.03,-0.04 -0.25,-0.35 v -0.36 -0.42 l -0.39,-0.53 -0.08,-0.24 -0.17,-0.31 -0.05,-0.17 0.08,-0.3 0.39,-0.42 0.47,-0.44 0.36,-0.31 0.31,-0.39 0.25,-0.33 0.14,-0.53 0.08,-0.58 0.03,-0.53 -0.13,-0.72 -0.01,-0.11 0.05,-0.72 -0.05,-0.58 -0.34,-0.81 -0.22,-0.94 -0.25,-0.47 -0.27,-0.5 -0.17,-0.42 -0.09,-0.19 -0.38,-0.11 -0.34,0.03 -0.27,-0.25 -0.39,-0.25 -0.31,-0.2 -0.27,-0.03 -0.5,-0.02 -0.45,-0.17 -0.06,-0.02 -0.27,-0.06 -0.45,-0.34 -0.38,-0.38 -0.03,-0.45 0.05,-0.33 0.06,-0.75 v -0.55 l -0.08,-0.62 0.08,-0.38 0.11,-0.39 0.28,-0.34 0.36,-0.3 0.04,-0.14 0.13,-0.41 -0.17,-0.34 -0.24,-0.39 -0.01,-0.02 -0.14,-0.45 0.01,-0.12 0.05,-0.43 -0.06,-0.5 -0.31,-0.45 -0.02,-0.04 -0.45,-0.76 -0.22,-0.39 -0.17,-0.28 -0.13,-0.44 -0.01,-0.02 -0.13,-0.45 -0.2,-0.56 0.14,-0.64 0.06,-0.36 v -0.52 l -0.2,-0.45 -0.25,-0.36 -0.36,-0.33 -0.33,-0.39 -0.19,-0.36 -0.12,-0.72 -0.02,-0.64 -0.09,-0.44 -0.61,-0.56 -0.08,-0.09 -0.44,-0.49 -0.17,-0.53 0.03,-0.52 0.16,-0.59 0.11,-0.41 -0.19,-0.59 -0.47,-0.66 -0.06,-0.7 -0.11,-0.8 v -0.75 l 0.17,-0.72 0.33,-0.64 0.19,-0.27 0.26,-0.37 v -0.55 l -0.32,-0.56 -0.04,-0.08 -0.12,-0.72 0.03,-0.83 -0.3,-0.61 -0.17,-0.7 -0.06,-0.75 v -0.25 l -0.19,-0.63 -0.08,-0.73 0.08,-0.69 0.22,-0.5 0.59,-0.41 0.8,-0.62 0.53,-0.47 0.36,-0.41 0.19,-0.47 0.72,-0.25 0.75,-0.53 0.25,-0.56 v -0.88 l 0.2,-0.45 -0.06,-0.89 -0.14,-0.63 -0.05,-0.61 -0.06,-0.5 -0.36,-0.78 -0.22,-0.55 -0.33,-0.7 0.13,-0.39 0.14,-0.44 0.22,-0.31 0.17,-0.25 0.11,-0.38 -0.36,-0.39 -0.17,-0.39 -0.02,-0.58 -0.2,-0.61 -0.17,-0.39 -0.08,-0.17 -0.16,-0.5 -0.25,-0.44 -0.34,-0.14 -0.52,-0.11 -0.42,0.05 -0.39,-0.05 -0.39,-0.11 -0.3,-0.53 -0.36,-0.22 -0.67,-0.22 h -0.5 l -0.47,0.33 -0.67,-0.06 -0.33,-0.02 -0.8,-0.09 -0.39,0.06 -0.56,0.58 -0.3,0.2 0.25,-0.64 -0.03,-0.34 -0.39,-0.16 -0.36,-0.03 -0.08,-0.31 -0.08,-0.33 -0.39,-0.19 -0.45,-0.09 -0.64,-0.3 -1.63,-1 -1.14,-0.56 -1.03,-0.61 -0.07,-0.02 -0.4,-0.11 h -0.42 l -0.41,-0.37 -0.03,-0.33 -0.44,-0.22 0.14,-0.89 -0.04,-0.24 -0.05,-0.42 -0.64,-0.75 -0.61,-0.31 -0.55,-0.25 -0.11,-0.39 -0.22,-0.33 -0.36,-0.03 -0.31,0.23 -0.44,0.05 -0.36,-0.08 -0.39,-0.06 -0.36,-0.05 -0.25,-0.34 -0.25,-0.47 -0.37,-0.3 h -0.44 l -0.72,-0.09 -0.28,-0.16 -0.27,-0.5 -0.12,-0.53 -0.33,-0.44 -0.66,-0.23 -0.7,0.23 -0.53,0.16 -0.36,-0.19 -0.25,-0.28 -0.55,-0.11 -0.97,-0.5 -0.09,-0.52 -0.36,-0.48 -0.27,-0.36 v -0.89 l -0.31,-0.72 -0.64,-0.47 -1.11,-0.03 -0.58,-0.58 -0.72,-0.55 -0.64,-0.25 -0.81,-0.45 -0.41,-0.28 -0.25,-0.47 -0.56,-0.36 -0.58,-0.36 -0.64,-0.55 -0.47,-0.31 -0.5,-0.03 -0.41,0.06 -0.42,-0.39 -0.69,-0.28 -0.72,-0.14 -0.59,-0.02 -0.47,-0.14 -0.58,0.3 -0.45,0.09 -0.44,0.11 -0.42,0.27 -0.3,0.09 -0.22,-0.28 -0.34,-0.33 -0.44,-0.09 -0.61,0.06 -0.75,0.06 -0.86,-0.14 -0.53,0.02 -0.47,-0.08 -0.3,-0.22 -0.42,-0.44 -0.53,-0.12 -0.69,0.2 -0.61,0.14 -0.45,-0.06 -0.58,-0.5 -0.69,-0.55 -0.84,-0.31 -1.05,-0.36 -0.04,-0.03 -0.51,-0.33 -0.48,-0.44 -0.3,-0.61 -0.06,-1 -0.33,-0.86 -0.14,-0.72 -0.19,-0.61 0.16,-0.89 0.31,-0.56 0.8,-0.55 -0.02,-0.64 0.08,-1.03 0.14,-0.91 0.39,-1 0.22,-0.47 0.03,-1.08 0.11,-0.81 0.14,-0.8 -0.2,-0.81 -0.03,-0.66 0.37,-0.42 0.41,-0.69 0.05,-0.09 0.2,-0.39 0.03,-0.36 0.03,-0.27 -0.12,-0.72 0.25,-0.67 0.17,-0.56 0.11,-0.6 -0.05,-0.48 0.27,-0.36 0.42,-0.03 0.53,0.09 0.66,0.16 0.64,-0.08 0.5,-0.25 0.03,-0.58 0.03,-0.33 0.41,-0.53 -0.05,-0.64 0.16,-0.55 0.42,-0.42 0.78,-0.61 0.25,-0.55 0.11,-0.81 0.3,-0.64 0.45,-0.72 0.28,-0.75 0.3,-0.36 0.58,-0.33 0.56,-0.81 0.47,-0.41 0.48,-0.21 0.16,-0.07 0.36,-0.22 0.11,-0.31 0.05,-0.64 -0.25,-0.55 -0.36,-0.39 -0.02,-0.55 -0.09,-0.7 -0.25,-0.36 -0.47,-0.11 -0.39,-0.25 -0.3,-0.36 -0.39,-0.53 -0.28,-0.16 -0.78,-0.2 -0.66,-0.58 -0.47,-0.58 -0.31,-0.45 -0.36,-0.36 -0.09,-0.07 -0.6,-0.51 -0.78,-0.61 -0.06,-0.55 0.09,-0.98 0.08,-0.72 0.53,-0.55 0.41,-0.28 0.26,-0.36 v -0.58 l 0.49,-0.47 0.34,-0.62 0.19,-0.55 0.25,-0.42 0.2,-0.38 v -0.45 l -0.25,-0.47 -0.09,-0.42 -0.08,-0.44 -0.42,-0.58 -0.52,-0.56 -0.28,-0.5 -0.14,-0.36 0.19,-0.77 0.31,-0.84 0.13,-0.72 0.01,-0.05 -0.06,-0.56 v -0.64 l -0.47,-0.36 -0.09,-0.01 -0.24,-0.04 -0.34,-0.2 -0.11,-0.36 0.29,-0.47 0.05,-0.08 0.02,-0.5 -0.02,-0.53 -0.42,-1.11 -0.22,-0.78 -0.36,-0.55 -0.47,-0.78 -0.17,-0.58 -0.11,-0.36 -0.28,-0.42 -0.39,-0.64 -0.14,-0.22 -0.41,-0.66 -0.17,-0.67 -0.05,-0.32 -0.06,-0.43 0.14,-0.55 0.08,-0.58 0.17,-0.28 -0.42,-0.61 -0.44,-0.78 -0.36,-0.72 -0.31,-0.42 -0.36,-0.72 -0.5,-0.03 -0.28,0.23 -0.55,0.05 -0.61,0.17 -0.28,0.25 -0.3,0.15 -0.09,0.04 -0.44,0.09 -0.33,-0.14 -0.11,-0.17 -0.12,-0.56 -0.19,-0.47 -0.64,-0.77 -0.36,-0.45 -0.14,-0.39 0.2,-0.33 0.05,-0.13 0.14,-0.4 0.11,-0.63 -0.14,-0.59 -0.47,-0.27 -0.78,-0.12 -1.13,0.06 -0.95,-0.03 -0.72,0.06 -1.02,-0.11 -0.7,-0.2 -0.61,-0.16 -0.47,-0.78 -0.47,-0.7 -0.36,-0.6 -0.67,-0.36 -0.53,0.05 -0.61,0.19 -0.83,0.42 -0.69,0.06 -0.45,0.08 -0.07,-0.01 -0.26,-0.02 -0.08,-0.34 -0.06,-0.27 -0.55,-0.89 -0.34,-0.66 -0.33,-0.53 -0.47,-0.39 -0.31,-0.27 -0.41,0.02 -0.42,0.31 -0.36,0.03 -0.3,-0.42 -0.59,0.11 -0.47,0.28 -0.28,0.19 -0.41,0.11 -0.48,-0.25 -0.47,-0.11 h -0.5 l -0.63,0.03 -0.64,-0.14 -0.58,-0.14 -0.78,-0.16 z"
     id="Syunik"
     style="fill:#7688c1;fill-opacity:1;stroke:#ffffff;stroke-opacity:1" />
  <path
     d="m 474.96,211.28 -2.59,0.14 -1.27,-0.64 -1,-2.09 -0.19,-1.91 -1.73,-2.27 -2.81,-2.17 -0.71,-0.54 -3.6,-2.77 -4.66,-1.92 -2.93,-2.29 -2.3,-2.58 -3.73,-4.19 -3.3,-1.55 -2.37,-0.46 -1.19,-1 -1.28,-0.19 -1.47,0.28 -1.18,1.55 -1.65,0.37 -2.38,-0.82 -3.84,-2.75 -2.47,-0.18 -1.88,0.94 -1.04,0.52 -0.92,3.39 -0.11,0.14 -1.45,1.96 -2.66,0.4 -3.37,0.52 -1.77,-0.27 -2.44,-0.38 -3.93,0.19 -0.51,0.8 -0.68,2.76 0.37,1.56 -0.01,0.15 -0.36,5.79 -1.65,2.38 -4.4,3.57 -3.83,3.1 -3.54,3.55 -3.04,3.04 -5.4,-1.65 -3.28,-1.9 -2.39,-1.39 -3.38,-0.73 -0.97,-0.53 -2.05,-1.12 -1.83,-2.28 -3.11,-2.29 -2.37,-0.37 -3.48,-1.64 -2.38,4.02 -1.64,1.83 h -1.01 l -3.93,-1.46 -1.74,0.18 -1.55,1.65 -1.1,2.37 -1.47,1.37 -1.64,0.46 -2.01,-0.36 -2.66,-2.34 -2.19,-1.37 -2.29,2.56 -1.84,1.14 -5.64,-7.46 1.72,-4.11 1.01,-2.41 0.27,-2.75 1.83,-1.73 0.46,-1.83 -0.37,-2.47 -0.91,-2.11 -2.56,-2.1 0.18,-2.65 -0.82,-0.64 -1.01,-0.09 -1.64,0.36 -0.19,-3.1 -0.84,-3.6 -1.44,-2.17 -1.83,-1.09 -1.96,-0.56 -0.6,-0.17 -1.19,-0.68 -1.37,-0.79 -0.14,-0.48 -0.41,-1.44 3.2,-1 4.11,-2.02 1.19,-1.46 1.83,-0.18 1.37,-0.55 0.64,-2.38 0.83,-0.73 2.01,0.73 1,-0.27 1.19,-2.01 6.04,-1.19 0.15,0.01 2.04,0.2 1.1,0.11 1.37,0.14 1.65,-1.47 3.47,-5.12 0.71,-1.47 0.48,-1 v -2.19 l -0.55,-2.47 v -2.29 l 1.93,-3.84 -0.19,-1.73 -1.46,-3.02 -1.19,-2.47 0.09,-1.19 3.66,-2.74 1.92,-3.29 1.65,-3.66 -1.1,-3.11 -0.37,-3.57 -2.38,-3.65 -1,-0.24 -0.55,-0.13 -2.59,1.64 -1.89,1.2 -5.21,0.54 -2.84,-1.55 -3.75,-3.93 -0.18,-2.56 -3.66,-2.2 -1.29,-2.53 -2.82,-3.31 1.73,-3.03 2.29,-1.46 2.1,-1.92 1.37,-3.57 2.47,-3.84 1.93,-0.91 2.01,1 3.2,3.75 2.65,1.83 1.92,0.09 2.1,-0.55 4.76,-3.93 4.39,-3.24 2.38,-0.05 1.46,-0.91 1.01,-1.74 3.84,-3.2 1.83,0.05 0.91,-0.78 -0.64,-2.47 -2.93,-2.93 -1.37,-4.3 -1.64,-2.01 -1.38,-0.73 h -4.3 l -3.84,-0.73 -0.82,-1.65 v -1.64 l 1.83,-3.57 -0.27,-1.19 -1.83,-1.69 -0.83,-1.83 0.1,-3.75 0.16,-4.18 0.6,-3.05 4.05,-0.94 0.78,-1.18 -0.34,-1.2 0.55,-1.41 -0.18,-1.5 -1.5,-1.36 0.17,-0.13 0.76,-0.73 0.41,-0.32 0.39,-0.29 0.98,0.02 0.29,0.19 0.15,-0.15 v -0.22 l -0.12,-0.15 -0.27,-0.26 -0.08,-0.07 -0.13,-0.02 h -0.22 l -0.38,-0.19 -0.48,-0.28 -0.34,-0.2 -0.17,-0.23 -0.11,-0.28 -0.03,-0.41 -0.04,-0.45 -0.06,-0.35 -0.33,-0.28 -0.53,-0.15 -0.8,0.02 -0.59,0.07 -0.34,0.04 -0.33,0.06 -0.25,0.3 -0.12,0.27 -0.2,0.27 -0.1,0.1 -0.4,0.1 -0.32,-0.02 -0.52,-0.15 h -0.4 l -0.33,0.15 -0.29,0.12 -0.4,0.18 h -0.3 l -0.3,-0.2 -0.22,-0.25 -0.15,-0.4 0.05,-0.52 -0.08,-0.43 0.08,-0.42 -0.15,-0.05 -0.38,0.03 -0.54,-0.13 -0.32,-0.17 -0.35,-0.52 -0.4,-0.35 -0.52,-0.2 -0.62,-0.47 -0.63,-0.08 h -0.77 l -0.42,0.13 -0.37,0.12 -0.5,0.1 h -0.35 l -0.72,-0.05 -0.75,-0.12 -0.67,-0.2 h -0.62 l -0.32,-0.23 -0.28,-0.12 -0.17,-0.12 -0.14,-0.04 -0.18,-0.04 -0.15,-0.25 -0.05,-0.06 -0.18,-0.26 -1.07,-0.97 -0.35,-0.39 -0.17,-0.18 -0.05,-0.14 -0.12,-0.31 -0.03,-0.35 -0.02,-0.97 -0.23,-0.77 -0.27,-0.47 -0.45,-0.67 -0.54,-0.45 -0.3,-0.45 -0.1,-0.35 -0.05,-0.27 -0.27,-0.3 -0.28,-0.44 -0.12,-0.5 -0.03,-0.65 0.23,-0.57 0.42,-0.75 0.35,-0.59 0.17,-0.33 0.13,-0.57 0.05,-0.52 0.14,-0.4 0.03,-0.35 -0.05,-0.57 -0.12,-0.45 -0.13,-0.27 v -0.4 l 0.1,-0.47 0.15,-0.3 -0.1,-0.3 V 7.14 l -0.07,-0.37 -0.23,-0.55 0.03,-0.52 0.25,-0.75 0.32,-0.64 0.37,-0.57 0.33,-0.38 0.27,-0.42 0.25,-0.5 0.05,-0.15 0.1,-0.42 0.19,-0.3 0.09,-0.13 0.11,-0.19 0.33,-0.2 0.42,-0.05 0.2,0.08 0.25,0.24 0.22,0.28 0.47,0.05 0.43,0.02 0.15,0.15 0.27,0.1 0.3,0.07 0.27,-0.05 0.37,-0.17 0.18,0.22 0.15,0.45 0.22,0.23 0.13,0.44 0.15,0.45 0.27,0.3 0.57,0.07 0.37,0.28 0.33,0.34 0.04,0.52 0.01,0.03 0.15,0.28 0.01,0.01 0.66,0.38 0.57,0.35 0.52,0.35 -0.07,0.8 -0.05,0.82 0.02,0.84 0.3,0.52 0.07,0.09 0.3,0.36 0.5,0.13 0.45,-0.25 0.57,-0.15 0.52,-0.03 0.67,-0.1 0.35,0.03 h 0.57 l 0.5,-0.13 0.37,-0.12 0.27,-0.07 0.28,-0.08 0.3,0.35 0.72,0.32 0.45,0.2 0.06,0.2 0.14,0.42 0.55,0.72 1.09,0.45 0.4,0.22 0.42,0.23 0.47,0.07 0.18,-0.17 0.12,-0.6 0.02,-0.52 0.01,-0.2 0.22,-0.42 0.87,-0.37 0.6,-0.1 0.54,0.32 0.15,0.25 0.2,0.35 0.3,0.62 0.22,0.77 0.3,0.82 0.48,0.85 0.39,0.59 0.55,0.27 0.2,0.43 0.37,0.3 0.6,0.07 0.52,-0.2 0.47,-0.15 0.67,-0.07 0.3,-0.38 0.02,-0.01 0.26,-0.21 0.42,0.03 0.31,0.14 0.26,0.13 h 0.42 l 0.26,-0.17 0.09,-0.05 0.53,-0.03 0.06,0.06 0.33,0.31 0.28,0.25 0.17,0.25 0.15,0.45 0.25,0.3 0.3,-0.18 0.27,-0.42 0.2,-0.35 0.25,-0.35 0.03,-0.01 0.39,-0.19 0.31,0.14 0.19,0.09 0.47,0.32 0.3,0.1 0.47,-0.2 0.32,-0.25 h 0.43 l 0.62,0.4 0.4,0.42 0.29,0.05 0.11,-0.54 0.04,-0.62 0.18,-0.48 0.4,-0.74 0.01,-0.09 0.04,-0.36 0.02,-0.42 0.77,-0.45 0.92,-0.45 0.27,-0.22 0.13,-0.1 0.32,-0.37 0.2,-0.33 -0.01,-0.07 -0.06,-0.3 -0.15,-0.45 -0.15,-0.42 0.2,-0.45 0.55,-0.15 0.17,-0.3 0.17,-0.64 0.5,-0.28 0.62,-0.19 0.72,-0.35 0.02,-0.01 0.58,-0.29 0.52,-0.1 0.65,-0.03 0.45,-0.07 0.37,-0.22 0.1,-0.5 0.03,-0.28 0.02,-0.17 0.33,-0.16 0.51,-0.26 0.25,-0.3 0.08,-0.24 0.07,-0.23 0.37,-0.33 0.78,-0.34 0.92,-0.43 0.47,-0.32 0.45,-0.02 0.49,-0.2 0.2,-0.05 0.05,0.12 0.13,0.3 0.25,1.04 0.44,0.97 0.25,0.55 0.15,0.32 0.18,0.48 0.12,0.32 0.36,0.34 0.06,0.06 0.3,0.52 0.55,0.52 0.4,0.67 -0.03,0.72 0.02,0.29 0.03,0.63 0.35,0.8 0.42,0.72 0.55,0.65 0.5,0.57 0.44,0.42 0.43,0.26 0.2,0.11 0.49,0.4 0.28,0.4 0.2,0.5 0.04,0.62 0.2,0.47 0.38,0.37 0.25,0.38 0.17,0.82 0.4,0.25 0.67,0.02 0.6,0.3 0.54,0.27 0.85,0.2 0.42,0.23 -0.32,0.37 -0.72,0.25 -0.3,0.17 -0.55,0.28 -0.4,0.42 -0.18,0.33 -0.02,0.04 -0.27,0.45 -0.05,0.64 0.12,0.5 -0.02,0.7 -0.1,0.57 -0.02,0.45 -0.05,0.3 -0.35,0.52 -0.25,0.5 -0.07,0.52 v 0.62 0.47 l -0.13,0.4 -0.1,0.5 -0.22,0.54 -0.25,0.55 -0.3,0.18 -0.27,-0.06 -0.45,-0.29 -0.6,-0.28 -0.52,-0.05 -0.9,-0.15 h -0.49 l -0.53,0.63 -0.29,0.52 -0.2,0.84 -0.18,0.82 -0.12,0.9 0.02,0.84 0.05,0.65 0.08,0.65 0.22,0.44 0.23,0.33 0.47,0.27 h 0.32 l 0.12,-0.08 0.45,-0.32 0.82,-0.77 0.6,-0.54 0.55,-0.55 0.74,-0.25 0.53,-0.05 0.82,-0.47 0.69,0.2 0.3,0.42 -0.25,0.62 -0.4,0.27 -0.52,0.43 -0.02,0.09 -0.1,0.36 0.2,0.49 0.17,0.35 v 0.4 l 0.13,0.35 0.57,0.22 0.26,-0.02 0.36,-0.03 0.47,0.08 0.72,0.1 0.3,-0.16 0.47,-0.14 0.95,-0.1 0.5,0.27 0.49,0.05 0.75,0.15 h 0.77 l 0.57,-0.03 0.62,-0.42 0.45,-0.1 0.47,0.1 0.43,0.18 0.3,0.15 0.47,0.05 h 0.27 l 0.45,0.07 0.32,0.12 0.47,0.25 0.43,0.03 0.25,-0.13 0.37,-0.39 0.27,-0.4 0.38,-0.38 0.39,-0.22 0.2,-0.42 0.28,-0.3 0.3,-0.4 0.49,-0.27 0.48,-0.47 0.39,-0.05 h 0.2 l 0.35,0.27 h 0.37 l 0.1,-0.37 -0.1,-0.48 0.18,-0.52 0.1,-0.5 0.12,-0.37 0.18,-0.4 0.42,-0.12 0.32,0.05 0.42,0.22 0.33,0.45 0.25,0.57 0.14,0.65 0.11,0.4 -0.18,0.49 -0.22,0.45 v 0 l 0.05,0.37 0.39,0.3 0.58,0.38 0.64,0.24 0.4,0.1 0.25,0.08 0.25,0.17 0.22,0.2 h 0.2 0.22 l 0.53,-0.12 0.17,0.07 -0.05,0.4 -0.01,0.13 -0.04,0.34 0.12,0.43 0.53,0.49 0.32,0.2 0.23,0.2 0.07,0.37 0.12,0.28 0.18,0.22 0.3,0.2 0.3,0.12 h 0.02 l 0.4,0.15 0.32,0.18 0.25,0.1 0.35,0.24 0.42,0.53 0.5,0.47 0.45,0.62 0.35,0.5 0.14,0.2 0.53,0.59 0.54,0.53 0.7,0.47 0.72,0.35 0.62,0.32 0.22,0.11 0.38,0.19 0.4,0.27 0.39,0.25 0.5,0.05 0.77,-0.25 0.38,-0.25 0.57,-0.12 0.82,-0.03 0.47,0.08 0.27,0.42 0.28,0.38 0.35,0.47 0.32,0.34 0.25,0.38 -0.03,0.79 0.15,0.6 0.2,0.72 0.22,1.07 0.03,0.84 -0.05,0.63 -0.03,0.74 0.08,0.57 -0.08,0.5 -0.14,0.3 -0.45,0.45 -1,0.72 -0.87,0.5 -0.54,0.34 -0.4,0.25 -0.28,0.28 -0.27,0.09 -0.25,0.03 h -0.57 l -0.3,0.17 -0.07,0.3 -0.03,0.6 -0.15,0.47 -0.22,0.47 -0.22,0.43 -0.35,0.4 -0.13,0.22 -0.3,0.25 -0.29,0.27 -0.38,0.25 -0.37,0.12 h -0.27 l -0.48,-0.1 -0.27,-0.22 -0.32,-0.15 -0.13,-0.3 -0.37,-0.22 -0.3,-0.05 -0.47,0.12 -0.35,-0.05 -0.35,-0.17 -0.47,-0.2 h -0.37 l -0.23,0.27 -0.3,0.53 -0.27,0.47 -0.3,0.52 -0.25,0.5 -0.47,0.64 -0.62,0.05 -0.8,-0.07 -0.47,0.05 -0.67,0.3 -0.65,-0.05 -1.44,-0.32 -0.57,-0.03 -0.87,-0.05 -0.65,-0.12 -0.44,-0.08 -0.4,-0.07 -0.45,0.27 -0.47,0.3 -0.45,0.11 -0.72,0.19 -0.72,0.1 -0.35,-0.08 -0.52,-0.5 -0.45,-0.67 -0.14,-0.23 -0.23,-0.39 -0.25,-0.4 -0.25,-0.19 -0.35,0.52 -0.15,0.3 -0.5,0.47 -0.3,0.52 -0.14,0.65 -0.25,0.15 -0.25,0.2 -0.13,0.19 0.03,0.76 0.02,0.56 -0.44,0.25 -1.1,0.42 -0.05,0.03 -0.35,0.2 -0.77,0.37 -0.49,0.42 -0.23,0.43 -0.08,0.11 -0.29,0.46 -0.27,0.27 -0.28,0.35 -0.07,0.25 0.2,0.42 0.24,0.52 0.38,0.45 0.15,0.5 0.17,0.52 0.2,0.52 -0.22,0.75 -0.18,0.27 -0.02,0.52 -0.12,0.37 -0.01,0.03 -0.37,0.13 -0.07,0.42 0.29,0.79 0.3,0.53 0.03,0.42 -0.05,0.37 -0.18,0.1 h -0.44 l -0.35,0.17 -0.43,0.4 -0.34,0.3 -0.23,0.13 -0.22,0.94 -0.15,0.55 -0.32,0.82 -0.13,0.67 -0.17,0.97 -0.35,0.37 -0.5,0.67 -0.32,0.77 h 0.67 l 0.4,-0.12 0.75,-0.22 1.06,-0.33 0.93,-0.17 1.04,-0.1 1.27,0.1 1.02,0.2 0.67,0.1 0.37,-0.1 0.13,-0.3 -0.13,-0.47 v -0.6 l 0.25,-0.42 0.8,-0.87 0.42,-0.3 0.62,-0.25 0.55,0.05 0.49,0.17 0.7,0.08 0.6,0.17 0.12,0.2 -0.4,0.1 -0.57,0.08 -0.25,0.19 -0.32,0.3 -0.3,0.38 -0.25,0.34 -0.09,0.21 -0.21,0.13 -0.1,0.26 0.34,0.31 0.28,0.21 0.19,0.19 0.04,0.04 0.29,0.21 0.26,0.29 -0.08,0.36 -0.05,0.21 -0.23,0.18 -0.34,0.16 -0.39,0.12 -0.18,0.19 -0.03,0.36 0.18,0.18 0.44,0.08 0.6,-0.08 0.6,-0.13 0.12,-0.05 0.32,-0.13 0.1,-0.31 0.26,-0.13 0.21,-0.16 0.1,-0.13 h 0.39 l 0.21,-0.1 -0.08,-0.29 -0.15,-0.38 -0.11,-0.32 -0.33,-0.18 -0.08,-0.28 0.15,-0.42 0.52,-0.65 0.47,-0.49 0.57,-0.28 0.31,-0.08 0.47,0.2 0.34,-0.07 0.9,-0.6 0.47,-0.44 0.31,-0.1 0.29,-0.13 -0.03,-0.34 -0.13,-0.36 -0.08,-0.47 -0.05,-0.42 -0.15,-0.49 -0.08,-0.36 -0.13,-0.29 0.02,-0.54 0.11,-0.68 0.18,-0.54 0.36,-1.12 0.21,-0.65 0.08,-0.44 -0.18,-0.44 -0.11,-0.39 0.11,-0.77 0.05,-0.63 -0.13,-0.52 -0.08,-0.38 -0.15,-0.37 0.52,0.37 0.62,0.38 0.78,0.34 0.93,0.29 0.62,0.23 0.6,0.31 0.75,0.31 0.75,0.47 0.32,0.13 0.33,0.05 0.42,0.44 0.34,0.24 0.02,0.02 0.07,0.03 0.5,0.23 0.34,0.39 0.21,0.36 0.08,0.5 -0.06,0.67 -0.16,0.48 -0.04,0.14 -0.21,0.65 -0.11,0.57 0.37,0.16 0.31,0.13 0.13,0.26 -0.26,0.23 -0.31,0.23 -0.42,0.16 -0.31,0.21 -0.47,0.15 -0.31,0.16 0.49,0.46 0.52,0.81 0.42,0.83 0.23,0.6 0.16,0.72 0.05,0.7 -0.02,0.65 0.07,0.57 0.13,0.31 0.37,0.11 0.44,-0.13 0.52,-0.18 0.25,-0.07 0.26,-0.06 h 0.39 l 0.37,0.15 0.52,0.44 0.24,0.32 0.09,0.12 0.39,0.18 0.5,-0.16 0.05,-0.02 0.02,-0.33 -0.33,-0.52 v -0.31 l 0.02,-0.47 0.26,-0.52 0.1,-0.34 0.34,0.03 v 0.57 0.36 l 0.11,0.24 0.44,0.05 h 0.7 0.46 l 0.42,0.1 0.18,0.34 0.16,0.41 0.01,0.12 0.04,0.27 0.21,0.37 0.41,0.28 0.5,-0.15 0.44,-0.03 0.46,0.49 0.68,0.47 0.67,0.47 0.24,0.09 0.54,0.19 0.31,-0.02 0.26,0.31 0.26,0.49 0.08,0.28 0.05,0.16 0.28,0.57 0.11,0.42 v 0.44 l -0.26,0.57 -0.05,0.36 0.15,0.62 0.18,0.45 0.76,0.15 0.21,-0.03 0.18,-0.02 0.62,-0.08 0.36,-0.23 0.24,-0.31 0.44,0.36 0.39,0.52 0.05,0.41 v 0.42 l -0.08,0.44 0.16,0.34 0.2,0.21 0.11,0.41 -0.03,0.36 v 0.09 0.28 l 0.11,0.26 0.26,0.23 h 0.12 0.26 l 0.6,0.03 0.16,0.38 0.2,0.16 0.31,0.1 0.47,-0.26 0.36,-0.07 0.37,-0.24 0.13,-0.23 0.49,0.03 0.36,-0.13 0.29,-0.08 0.15,0.26 0.06,0.54 0.02,0.55 0.05,0.75 0.11,0.39 0.44,0.1 0.18,-0.08 0.34,0.06 0.23,0.41 0.29,0.36 0.36,0.24 0.29,-0.11 -0.03,-0.36 v -0.44 l 0.08,-0.44 v -0.55 l -0.1,-0.38 -0.19,-0.11 -0.18,-0.21 -0.18,-0.33 0.05,-0.37 0.24,-0.33 0.28,-0.16 0.03,-0.49 v -0.42 l -0.03,-0.2 -0.1,-0.21 0.1,-0.52 -0.02,-0.55 0.15,-0.41 0.16,-0.44 0.2,-0.21 0.24,-0.31 0.31,-0.26 0.26,-0.34 0.1,-0.39 0.21,-0.31 0.41,-0.41 0.45,-0.29 0.57,-0.1 0.33,0.02 0.31,0.16 0.32,-0.26 0.02,-0.31 0.26,-0.29 0.6,-0.15 0.52,-0.13 0.36,-0.31 0.21,-0.24 0.08,-0.46 0.13,-0.32 0.15,-0.33 0.34,0.15 0.36,0.42 0.5,1.01 0.7,1.19 0.49,0.63 0.62,0.8 0.07,0.15 0.4,0.86 0.18,0.83 0.31,0.6 0.29,0.44 0.05,0.62 0.08,0.47 0.02,0.62 0.03,0.57 0.2,0.63 0.52,0.54 0.76,0.93 0.7,0.7 0.67,0.73 0.54,0.28 0.16,0.08 0.5,-0.02 0.88,-0.63 0.57,-0.2 0.49,-0.08 0.57,-0.16 0.83,-0.15 0.75,-0.21 h 0.63 l 0.57,0.18 0.18,0.34 0.02,0.6 -0.02,0.39 0.1,0.28 0.18,0.08 0.32,0.16 0.54,0.05 0.86,0.1 0.93,-0.03 0.57,0.03 0.26,0.13 0.49,0.36 0.39,0.24 0.34,0.02 0.26,-0.54 0.13,-0.57 -0.03,-0.31 0.26,-0.39 0.6,-0.34 v -0.49 l 0.03,-0.6 0.2,-0.57 0.73,-0.52 0.75,-0.29 0.47,-0.33 0.65,-0.34 0.75,-0.31 0.65,-0.16 0.86,-0.02 0.64,0.02 0.55,-0.02 0.31,-0.31 0.18,-0.5 0.18,-0.96 0.13,-0.67 0.11,-0.47 0.28,-0.39 0.36,-0.23 0.29,0.21 0.44,0.67 0.48,0.19 0.17,0.07 h 0.57 l 0.55,-0.02 0.13,-0.01 0.64,-0.13 0.83,-0.05 0.5,-0.13 0.59,-0.07 h 0.68 l 0.65,0.13 0.7,0.38 0.67,0.39 0.36,0.26 0.63,0.11 0.36,0.13 0.36,0.21 0.5,0.1 0.26,0.05 0.05,0.83 -0.16,0.4 -0.07,0.17 -0.32,0.26 -0.31,0.1 -0.36,0.16 -0.31,0.21 -0.39,0.31 -0.31,0.21 -0.21,0.31 -0.34,0.07 -0.23,0.16 -0.34,0.29 -0.36,0.46 -0.39,0.29 -0.34,0.34 -0.44,0.75 -0.23,0.49 -0.49,0.16 -0.39,0.59 -0.29,0.37 -0.23,0.46 -0.44,0.63 -0.5,0.46 -0.52,0.47 -0.33,0.47 0.02,0.64 0.5,0.5 0.93,0.75 0.49,0.39 0.31,0.62 0.13,0.7 0.11,0.81 0.21,1.45 0.18,1.27 0.31,0.99 0.34,0.88 0.25,0.36 0.39,0.16 0.57,-0.11 0.73,-0.62 0.62,-0.49 0.52,-0.76 0.83,-0.62 0.55,-0.23 1.17,0.28 0.72,-0.02 0.6,-0.47 0.7,-0.49 0.26,-0.49 0.49,0.2 0.67,1.65 0.13,0.32 0.32,0.89 0.83,1.55 0.59,0.94 0.68,0.83 1.19,1.32 1.07,1.09 1.09,0.93 0.46,0.39 0.24,0.21 -0.32,0.47 -0.33,0.26 -0.5,0.15 -0.62,0.16 -0.36,0.41 0.02,0.57 0.19,0.31 -0.24,0.24 -0.28,0.18 -0.11,0.28 0.78,0.32 0.18,0.39 0.31,0.54 0.5,0.65 0.44,0.39 0.62,0.1 0.34,-0.02 0.83,-0.06 0.85,-0.1 0.52,-0.23 0.65,-0.76 0.44,-0.26 0.57,0.08 0.58,0.42 0.51,0.39 0.83,0.1 0.39,0.29 0.57,0.41 0.27,0.3 0.12,0.14 0.21,0.5 -0.1,0.62 0.15,0.41 0.31,0.37 0.6,0.8 0.39,0.65 0.54,0.28 0.29,0.42 0.31,0.39 0.16,0.31 0.41,0.03 0.57,-0.03 0.26,0.13 0.06,0.05 0.18,0.16 0.2,0.39 0.08,0.08 0.24,0.28 0.28,0.41 0.47,0.45 0.49,0.33 0.54,0.13 0.89,-0.25 0.02,-0.01 0.86,-0.18 h 0.75 l 0.55,-0.08 h 0.46 l 0.29,0.16 -0.11,0.65 v 0.24 0.38 l -0.23,1.22 -0.08,0.75 -0.02,0.65 v 0.6 l 0.54,0.59 0.47,0.29 0.6,0.1 h 0.41 l 0.91,-0.41 0.83,-0.48 0.21,-0.12 0.78,-0.57 0.62,-0.6 0.65,-0.52 0.46,-0.05 0.47,0.39 0.31,0.05 0.35,0.11 0.3,0.1 0.52,0.16 0.78,0.52 0.75,0.26 0.65,0.33 0.54,0.42 0.29,0.85 -0.03,0.73 0.03,0.73 v 0.57 l -0.05,0.64 -0.18,0.45 -0.13,0.33 -0.32,0.31 -0.33,0.11 -0.08,0.28 0.1,0.34 0.42,0.36 0.26,0.5 0.41,0.54 0.26,0.42 0.16,0.59 0.1,0.94 0.11,0.44 0.38,0.52 0.26,0.39 0.06,0.59 -0.47,0.65 -0.52,0.7 -0.62,0.78 -0.44,0.57 -0.39,0.52 v 0.65 l -0.03,0.67 -0.15,0.55 -0.44,0.39 -0.34,0.67 0.13,0.88 0.13,0.86 -0.16,0.67 -0.21,0.52 -0.38,0.42 -0.71,0.46 -0.57,0.55 -0.31,0.34 -0.15,0.67 -0.19,0.86 -0.52,0.75 -0.8,0.34 -0.62,0.52 -0.65,0.57 -0.11,0.35 -0.15,0.45 v 0.73 l -0.16,0.64 -0.33,0.63 -0.5,0.77 -0.59,0.6 -0.34,0.42 -0.49,0.46 -0.6,0.42 -0.31,0.34 -0.23,0.57 -0.29,0.31 -0.78,0.23 -0.6,0.65 -0.38,0.6 -0.21,0.9 -0.42,0.83 -0.07,0.11 -0.19,0.28 -0.51,0.16 -1.59,0.03 -1.27,0.13 -0.98,0.1 -0.76,0.1 -0.4,0.02 -0.22,0.01 -0.8,0.03 -0.73,0.33 -0.78,0.13 -0.62,0.26 -1.01,0.13 -0.68,0.36 -0.28,0.55 -0.18,0.72 -0.19,0.6 -0.54,0.6 -0.34,0.2 -0.41,0.24 -0.5,0.83 -0.59,0.62 -0.37,0.5 -1.01,0.44 -0.91,0.49 -0.9,0.26 -1.07,0.02 -0.57,0.03 -0.34,-0.39 -0.07,-0.54 -0.26,-0.34 -0.42,-0.03 -0.39,0.24 -0.49,0.85 -0.18,0.57 -0.47,0.26 -1.19,0.34 -0.86,0.28 -0.18,0.05 -0.49,0.14 -0.6,0.15 -0.2,-0.04 -0.27,-0.06 -0.41,-0.13 -0.31,0.21 -0.44,0.23 -0.6,-0.05 h -0.29 l -0.31,0.39 -0.21,0.72 -0.23,0.44 -0.26,0.16 -0.54,0.13 h -0.37 l -0.39,-0.23 -0.46,-0.16 h -0.34 l -0.42,0.26 -0.2,0.39 -0.26,0.88 -0.25,0.71 -0.01,0.04 -0.29,0.55 -0.33,0.39 -0.76,0.08 -0.85,-0.19 -0.08,0.06 -0.21,0.15 -0.57,-0.05 H 485 l -0.39,0.34 0.31,0.67 0.03,0.65 -0.26,0.67 -0.19,0.78 -0.18,0.47 -0.31,0.21 -0.6,0.36 -0.46,0.36 -0.24,0.39 0.6,0.47 0.93,0.54 0.34,0.47 0.47,0.65 0.26,0.36 -0.03,0.34 -0.13,0.52 0.08,0.54 -0.31,0.68 -0.44,0.52 -0.42,0.39 -0.59,0.51 -0.6,0.37 -0.83,0.18 -0.44,-0.16 -0.5,-0.67 -0.54,-0.52 -0.83,-0.49 -0.44,-0.7 -0.26,-0.96 -0.8,-1.22 0.07,0.7 0.21,0.8 -0.31,0.13 -0.55,0.05 0.34,0.39 0.57,0.31 0.08,1.09 -0.02,1.53 0.12,1.12 -0.12,0.41 -0.81,-0.07 -0.54,-0.11 -0.24,0.13 0.05,0.34 0.6,0.52 0.42,0.57 0.31,0.47 0.18,0.41 -0.1,0.34 -0.32,0.6 -0.33,0.8 -0.08,0.47 0.1,0.49 0.08,0.57 -0.18,0.6 -0.47,0.64 -0.7,0.5 -0.31,0.67 -0.08,0.31 -0.34,0.47 -0.18,0.57 -0.21,0.81 -0.23,0.57 -0.21,0.36 z"
     id="Tavush"
     style="fill:#5169b1;fill-opacity:1;stroke:#ffffff;stroke-opacity:1" />
  <path
     d="m 589.13,469.1 -3.71,1.58 -3.42,2.79 -2.47,2.68 -2.57,6 -3.43,3.53 -5.14,8.3 -5.35,4.82 -1.29,2.57 -0.43,2.03 0.54,2.9 6.1,13.28 v 1.82 l -1.5,3 -1.82,4.87 -0.64,5.04 -0.75,3.1 v 2.25 l 0.53,2.14 -1.17,2.47 -2.9,3.96 -0.75,2.79 0.32,2.14 0.59,1.34 h -0.12 l -0.36,0.11 -0.37,0.39 -0.38,0.22 -0.25,0.25 -0.2,0.47 -0.22,0.42 -0.06,0.25 -0.25,0.27 -0.66,0.42 -0.67,0.39 -0.58,0.58 -0.44,0.64 -0.12,0.47 -0.02,0.53 -0.11,0.39 -0.47,0.13 -0.7,0.06 -0.72,0.2 -0.89,0.22 h -0.86 l -0.25,0.16 -0.36,0.17 h -0.53 l -0.27,0.08 -0.25,0.42 -0.34,0.16 -0.33,0.39 -0.89,0.98 -1.02,0.85 -0.56,0.42 -0.58,0.28 -0.7,0.33 -0.58,0.45 -0.41,0.27 -0.56,0.17 -0.61,0.08 -0.5,-0.11 h -0.42 l -0.22,0.22 -0.08,0.45 0.03,0.58 -0.14,0.53 -0.39,0.08 -0.42,-0.06 -0.47,-0.08 h -0.39 l -0.3,-0.05 -0.25,0.02 -0.28,-0.02 -0.39,-0.2 -0.3,-0.28 -0.47,-0.33 -0.48,-0.36 -0.52,-0.39 -0.64,-0.3 -0.42,-0.09 -0.58,0.06 -0.58,0.19 -0.45,-0.13 -0.39,-0.34 -0.41,-0.11 -0.7,0.11 -0.47,0.22 -0.55,0.23 -0.61,0.05 -0.84,0.06 -0.47,0.27 -0.47,0.42 -0.33,0.61 -0.31,0.61 -0.36,0.75 -0.25,0.75 -0.39,0.81 -0.36,0.66 -0.41,0.75 -0.17,0.3 -0.08,0.5 -0.17,0.7 -0.3,0.5 -0.45,0.33 -0.42,0.33 -0.38,0.06 -0.48,-0.22 -0.58,-0.48 -0.36,-0.38 -0.75,-0.23 -0.86,-0.05 -0.83,0.17 -0.8,0.47 -0.62,0.3 -0.27,0.28 -0.17,0.55 0.11,0.5 -0.16,0.72 -0.59,1 -0.47,0.89 -0.04,0.14 -0.15,0.47 -0.17,0.7 -0.44,0.49 -0.31,0.13 -0.36,0.15 -0.58,-0.02 -0.53,-0.09 -0.56,0.2 -0.24,0.47 -0.07,0.45 -0.02,0.16 -0.19,0.75 -0.53,0.19 -0.39,0.39 -0.64,0.22 -0.26,0.01 -0.43,0.02 -0.47,-0.03 -0.47,0.17 -0.34,0.41 -0.3,0.45 -0.31,0.25 -0.3,0.14 -0.7,0.22 -0.5,0.22 -0.55,0.28 -0.25,0.5 -0.44,0.36 -0.34,0.36 -0.36,0.44 -0.25,0.31 -0.52,0.47 -0.25,0.36 -0.11,0.42 -0.14,0.45 v 0.02 l -0.09,0.14 -0.19,0.33 -0.42,0.83 -0.44,0.75 -0.28,0.53 -0.25,0.41 -0.07,0.02 -0.48,0.09 -0.17,-0.27 -0.11,-0.7 -0.28,-0.61 -0.44,-0.69 -0.28,-0.39 -0.17,-0.36 -0.13,-0.52 -0.01,-0.01 -0.07,-0.64 -0.25,-0.54 -0.28,-0.14 h -0.4 l -0.46,0.14 -0.4,0.36 -0.46,0.29 -0.36,0.18 -0.45,0.06 -0.05,0.01 -0.39,0.11 -0.79,0.17 -0.4,-0.07 -0.32,-0.21 -0.14,-0.29 -0.05,-0.38 -0.06,-0.4 v -0.61 l -0.21,-0.79 -0.22,-0.39 -0.24,-0.28 -0.22,-0.26 -0.32,-0.65 -0.33,-0.6 -0.28,-0.68 -0.15,-0.54 -0.14,-0.57 -0.03,-0.14 -0.15,-0.43 -0.14,-0.11 -0.14,-0.11 h -0.58 l -0.78,-0.04 -0.79,-0.07 -0.54,-0.18 -0.78,-0.28 -0.4,-0.36 -0.61,-0.18 -0.5,-0.11 -1.14,-0.03 -0.54,-0.18 -0.43,-0.39 -0.1,-0.16 -0.26,-0.42 -0.39,-0.28 -0.32,-0.43 -0.4,-0.32 -0.39,-0.25 -0.75,-0.11 -0.36,-0.07 h -0.68 l -0.54,-0.22 -0.28,-0.21 -0.33,-0.15 -0.39,-0.46 -0.39,-0.11 -0.57,0.07 -0.68,0.15 -0.54,0.03 h -0.9 l -0.43,-0.14 -0.64,-0.32 -0.5,-0.11 -0.61,0.07 -0.5,0.11 -0.57,0.03 -0.72,0.18 -0.5,0.11 h -0.75 -0.68 -0.82 l -0.9,-0.07 -0.29,-0.22 -0.24,-0.39 v -0.5 l 0.03,-0.68 0.04,-0.61 0.03,-0.43 -0.36,-0.36 -1,-0.71 -0.64,-0.61 -0.5,-0.5 -0.4,-0.72 -0.43,-0.5 -0.35,-0.18 h -0.65 -0.68 l -0.86,-0.21 -0.57,-0.18 -0.75,-0.32 -0.5,-0.68 -0.36,-0.72 -0.29,-0.71 -0.07,-0.54 -0.07,-0.64 v -0.33 l -0.07,-0.39 -0.18,-0.21 -0.57,-0.65 -0.33,-0.36 -0.48,-0.38 -0.2,-0.15 -0.46,-0.79 -0.21,-0.89 -0.04,-0.79 0.43,-0.54 0.24,-0.24 0.15,-0.15 V 559 l -0.01,-0.05 -0.17,-0.77 -0.07,-0.68 0.11,-0.61 0.64,-1.18 0.2,-0.26 0.52,-0.71 0.29,-0.93 0.07,-0.75 -1.47,-0.93 -0.57,0.04 -0.72,-0.15 -0.32,-0.07 -0.64,-0.25 -1.15,-0.11 -1.07,0.18 -0.79,0.11 h -1.18 l -1.11,0.14 -0.61,0.04 h -0.86 l -1,-0.11 -0.79,-0.07 -0.79,0.14 -0.85,0.07 -1.36,0.18 -0.72,-0.07 -0.57,0.14 -0.15,0.36 -0.14,0.36 -0.46,0.11 -0.65,0.18 -0.68,0.25 -0.61,0.43 -0.42,0.32 -0.44,0.25 -0.42,0.28 -0.33,0.65 -0.14,0.93 -0.18,0.89 -0.25,0.72 0.25,0.68 0.22,0.61 -0.08,0.6 -0.28,0.36 -0.72,0.47 -0.82,0.57 -0.61,0.47 -0.54,0.14 -0.89,-0.14 -0.75,0.03 -0.83,-0.18 -0.46,0.04 -0.54,-0.18 -0.43,-0.11 -1.29,-0.46 -1.14,-0.29 -1.04,-0.46 -1.11,-0.65 -1.03,-0.39 -0.85,-0.56 -0.01,-0.01 0.07,-0.12 0.21,-0.31 0.93,-1.72 0.68,-1.33 0.22,-0.5 -0.07,-0.32 -0.72,-0.75 -0.68,-0.64 -0.25,-0.4 0.21,-0.39 0.26,-0.29 -0.04,-0.75 -0.04,-0.89 -0.03,-0.58 v -0.29 -0.17 l -0.29,-0.54 -0.03,-0.89 0.25,-0.72 0.6,-1 0.36,-0.61 0.11,-0.82 0.25,-0.97 0.47,-1.25 0.42,-0.86 0.68,-0.89 0.04,-0.5 -0.68,-0.22 -0.89,-0.25 -0.97,-0.21 -0.21,-0.33 -0.18,-0.82 -0.18,-1.14 -0.04,-0.68 -0.25,-0.61 0.04,-0.39 0.46,-1.08 0.57,-0.75 1.51,-1 0.68,-1.04 0.32,-0.89 -0.33,-0.91 -0.03,-0.1 -0.28,-0.85 -0.65,-0.43 -0.64,-0.13 -0.47,-0.09 -0.71,-0.14 -0.61,-0.47 -0.15,-0.61 -0.06,-0.57 -0.04,-0.39 -0.32,-0.61 -0.47,-0.72 -0.79,-0.46 -0.71,-0.57 -0.58,-0.83 -0.39,-0.5 -0.25,-0.32 -0.45,-0.16 -0.27,-0.09 -0.5,-0.5 -0.14,-0.39 -0.39,-0.43 -0.4,-0.29 -0.39,-0.43 -0.11,-0.61 -0.21,-0.89 -0.02,-0.06 -0.09,-0.41 -0.09,-0.06 -0.55,-0.37 -0.4,-0.71 -0.5,-0.79 -0.36,-0.32 -0.1,-0.29 0.25,-0.89 -0.11,-0.57 -0.18,-0.61 -0.25,-0.32 -0.46,-0.11 -0.29,-0.32 -0.04,-0.61 0.11,-0.65 -0.11,-0.53 0.29,-0.68 0.18,-0.32 -0.29,-0.4 -0.61,-0.68 -0.75,-0.61 -0.61,-0.71 -0.28,-0.29 -0.15,-0.79 0.04,-0.71 -0.32,-0.29 -0.36,-0.68 -0.18,-0.39 -0.36,-0.43 -0.46,-0.29 -0.65,-0.39 -0.53,-0.25 -0.25,-0.36 -0.43,-0.5 -0.43,-0.21 -0.65,-0.61 -0.43,-0.36 -0.32,-0.29 -0.46,-0.07 -0.33,-0.1 0.04,-0.26 0.25,-0.57 -0.39,-0.32 -1.04,-0.39 -1.32,-0.68 -0.65,-0.36 -0.39,-0.36 -0.29,-0.36 -0.25,-0.5 -0.43,-0.53 -0.46,-0.54 -0.61,-0.14 -0.86,-0.04 -0.83,-0.11 h -0.21 l -0.29,-0.28 -0.12,-0.04 0.48,-1.22 0.92,-4.7 0.22,-6.69 1.02,-2.38 2.16,-1.7 3.85,-1.02 0.91,-1.36 -0.68,-2.83 v -2.38 l 1.59,-4.54 2.22,1.67 1.31,0.38 1.12,-0.19 1.68,-1.77 2.53,-1.4 2.33,-0.84 1.21,-1.5 1.78,-3.55 1.54,-1.12 1.54,-0.57 2.29,-2.14 1.63,-2.7 0.74,-2.8 0.48,-4.86 0.74,-0.75 h 0.84 l 2.25,0.94 1.49,-0.28 2.33,-2.24 2.17,-0.87 6.88,-0.43 2.53,0.08 0.29,0.03 0.11,0.01 3.53,0.34 3.55,-0.1 5.41,-0.79 2.71,0.09 1.96,-0.46 2.34,-1.31 1.12,-1.68 0.74,-0.28 1.12,0.56 1.87,2.05 1.5,0.19 2.05,-0.75 2.52,-0.18 1.4,-0.66 1.31,-1.31 1.23,1.41 v 0 l 0.08,0.09 0.65,1.49 0.66,0.28 1.21,-0.56 1.77,-0.37 1.31,-0.56 1.12,-1.5 1.12,-0.56 1.87,-0.09 2.43,-0.65 2.89,-0.14 2.06,-0.66 2.8,-3.08 2.52,-1.77 2.62,-0.65 1.86,0.28 1.97,0.93 0.45,-1.13 2.65,-6.66 0.54,-1.36 4.76,-1.12 1.77,0.09 1.03,0.56 0.38,0.75 v 1.49 l 0.84,0.75 2.21,0.56 2.61,0.17 -0.01,0.11 0.26,0.44 0.1,0.62 0.06,0.55 -0.06,0.67 0.21,0.65 0.31,0.83 0.31,0.39 0.63,0.23 0.54,0.13 0.63,0.08 0.28,-0.08 -0.13,1.2 -0.1,1.21 -0.05,0.99 0.05,0.96 1.01,0.05 1.06,0.16 1.12,0.39 0.54,0.13 0.91,-0.08 1.02,-0.31 0.93,-0.29 0.98,-0.13 0.66,-0.07 0.3,-0.03 0.35,-0.13 0.48,-0.18 0.94,-0.16 0.67,-0.08 h 0.6 l 0.15,0.68 0.29,0.54 0.8,0.57 0.7,0.19 h 1.3 2.34 l 2.59,0.05 1.69,0.13 0.8,0.13 0.6,0.46 0.8,1.09 0.02,0.02 1.41,1.62 1.35,1.35 0.85,0.7 0.99,0.52 0.88,0.46 0.68,0.37 0.91,0.46 0.64,0.16 0.5,-0.05 0.7,0.02 0.96,0.03 0.96,0.08 1.32,-0.13 1.3,-0.26 2,-0.08 1.53,0.08 1.66,0.28 1.74,0.83 1.03,0.91 0.57,0.49 0.86,0.6 0.67,0.6 0.39,0.51 0.34,0.91 0.29,0.81 0.33,1.37 0.16,0.65 0.15,0.65 -0.02,0.88 -0.44,0.96 -0.57,0.75 -0.63,0.63 -0.95,0.62 -1.02,0.62 -0.39,0.31 -0.15,0.5 0.13,0.54 0.26,0.54 0.23,0.65 0.11,0.47 0.51,0.67 0.94,0.45 0.54,0.33 0.57,0.37 0.42,0.31 -0.08,0.91 0.08,0.72 0.72,0.39 0.55,0.36 0.52,0.68 0.21,0.8 0.33,0.81 0.16,0.59 -0.16,0.55 -0.18,0.49 -0.02,0.7 0.44,1.04 0.28,0.67 z"
     id="Vayots-Dzor"
     style="fill:#5169b1;fill-opacity:1;stroke:#ffffff;stroke-opacity:1" />
  <path
     d="m 237.14,377.74 -0.39,-8.23 -0.93,-7.11 -0.91,-2.23 0.96,-5.09 1.27,-0.13 0.08,-4.37 3.08,0.1 3.35,-0.51 3.26,-0.38 3.92,0.37 2.33,-0.18 1.76,-0.75 1.78,-1.86 4.1,1.49 1.11,-0.37 1.87,-1.49 1.39,-0.47 3.64,0.93 2.14,-0.01 0.73,0.46 1.52,-0.93 1.63,-4.35 0.23,0.05 0.92,0.22 2.42,2.42 2.61,3.87 2.8,7.26 0.74,2.24 v 1.21 l -3.91,3.26 3.54,0.19 1.12,0.18 -0.75,2.33 -0.56,1.96 -1.86,-0.19 -0.56,1.4 v 2.05 l 1.86,0.09 0.47,0.93 -0.37,0.84 -2.15,0.93 -1.49,0.84 -0.09,1.12 0.65,2.42 -0.56,1.58 -1.21,1.4 0.38,0.65 1.21,-0.18 2.42,-0.84 0.74,0.65 0.94,0.09 1.95,-0.84 1.77,0.1 0.93,0.46 0.28,0.98 -2.53,3.36 -4.43,3.29 -7.09,8.1 -1.64,-1.14 -1.27,1.52 -3.29,0.38 -5.51,3.09 -1.65,0.47 0.19,-1.66 0.13,-1.27 -0.51,-0.63 -1.26,1.14 h -0.64 l -0.88,-1.77 -0.51,-2.54 -4.43,-3.29 -6.21,-1.58 -2.02,-1.27 -0.13,-1.51 -2.15,-3.3 -0.64,-1.77 0.38,-1.9 1.9,-2.78 -1,-3.59 -2.71,1.13 -1.22,0.81 z"
     id="Yerevan"
     style="fill:#bcc5e1;fill-opacity:1;stroke:#ffffff;stroke-opacity:1" />
</svg>