<svg
   width="625"
   height="700"
   viewBox="0 0 4166.6715 4666.6739"
   version="1.2"
   id="svg3247"
   inkscape:version="0.48.4 r9939"
   sodipodi:docname="2023beninelection.svg"
   xml:space="preserve"
   xmlns:inkscape="http://www.inkscape.org/namespaces/inkscape"
   xmlns:sodipodi="http://sodipodi.sourceforge.net/DTD/sodipodi-0.dtd"
   xmlns="http://www.w3.org/2000/svg"
   xmlns:svg="http://www.w3.org/2000/svg"
   xmlns:rdf="http://www.w3.org/1999/02/22-rdf-syntax-ns#"
   xmlns:cc="http://creativecommons.org/ns#"
   xmlns:dc="http://purl.org/dc/elements/1.1/"><metadata
     id="metadata3469"><rdf:RDF><cc:Work
         rdf:about=""><dc:format>image/svg+xml</dc:format><dc:type
           rdf:resource="http://purl.org/dc/dcmitype/StillImage" /></cc:Work></rdf:RDF></metadata><sodipodi:namedview
     pagecolor="#ffffff"
     bordercolor="#666666"
     borderopacity="1"
     objecttolerance="10"
     gridtolerance="10"
     guidetolerance="10"
     inkscape:pageopacity="0"
     inkscape:pageshadow="2"
     inkscape:window-width="1280"
     inkscape:window-height="722"
     id="namedview3467"
     showgrid="false"
     borderlayer="true"
     fit-margin-top="5"
     fit-margin-left="5"
     fit-margin-right="5"
     fit-margin-bottom="5.6"
     inkscape:document-units="cm"
     inkscape:zoom="0.67742041"
     inkscape:cx="132.08209"
     inkscape:cy="463.2351"
     inkscape:window-x="0"
     inkscape:window-y="25"
     inkscape:window-maximized="1"
     inkscape:current-layer="layer2"
     inkscape:showpageshadow="2"
     inkscape:pagecheckerboard="0"
     inkscape:deskcolor="#d1d1d1" /><desc
     id="desc3249">Generated with Qt</desc><defs
     id="defs3251" /><g
     inkscape:groupmode="layer"
     id="layer2"
     inkscape:label="Communes"
     style="display:inline"
     transform="translate(-2868.5316,-51.979207)"><g
       style="font-style:normal;font-weight:400;font-size:83.3333px;font-family:'DejaVu Sans';display:inline;fill:#fefee4;fill-opacity:1;stroke:#000000;stroke-width:0.14113;stroke-linecap:square;stroke-linejoin:bevel;stroke-miterlimit:4;stroke-dasharray:none;stroke-opacity:1"
       font-style="normal"
       font-weight="400"
       font-size="83.3333"
       transform="matrix(19.737509,0,0,19.737509,3543.1888,197.73969)"
       inkscape:label="benin">
       <path
         id="Zou-24"
         style="fill:#efb606;fill-opacity:1;fill-rule:evenodd;stroke:#ffffff;stroke-width:0.423389;stroke-miterlimit:4;stroke-dasharray:none;stroke-opacity:1"
         d="m 115.1281,157.2032 -0.56287,0.0766 -0.016,0.5342 0.15601,0.2999 0.23375,0.24808 0.50883,0.27619 0.32637,0.32691 -0.14499,0.20784 0.0507,0.27289 0.23484,0.1709 0.30045,0.1312 -0.20011,0.89805 0.16704,0.61303 0.15491,0.41788 0.31203,0.37928 0.33794,0.41788 0.14223,0.50883 0.14058,0.48238 0.0242,0.45647 -0.34014,0.18137 -0.53695,0.16814 -0.35283,0.0899 -0.7062,-0.14609 -0.53585,-0.0138 -0.65327,0.0237 -0.41898,0.12901 -0.13176,0.33793 -0.12018,0.43001 -0.31589,0.54632 -0.32801,0.37653 -0.32912,0.44214 0.1279,0.61303 0.28612,0.31423 0.129,0.53475 0.19405,0.50829 0.28612,0.301 0.44378,0.1709 0.45702,0.0529 0.22217,-0.129 0.24973,-0.28612 0.34015,0.0403 0.32526,0.23484 0.3247,0.37929 0.1031,0.37873 0.0248,0.39087 0.14224,0.27399 0.19515,0.2999 0.0888,0.52207 -0.18303,0.0254 -0.36605,-0.027 -0.61414,-0.11908 -0.52152,-0.0799 -0.62736,-0.002 -0.57499,0.0772 -0.65273,-0.0281 -0.61413,-0.13176 -0.32691,0.0766 -0.22328,0.32526 -0.27674,0.4289 -0.27509,0.32471 -0.3418,0.41732 -0.32802,0.48072 -0.002,0.32637 -0.0667,0.44268 -0.0402,0.31203 -0.0662,0.24808 -0.31478,0.23319 -0.47135,0.27289 -0.36495,0.34896 0.0452,0.054 0.0871,0.12183 0.0441,0.18413 0.07,0.13121 0.0777,0.0777 0.16594,0.0882 0.0529,0.13065 0.0171,0.20122 -0.0171,0.14775 0.0171,0.1924 0.42835,0.24477 0.2977,0.23595 0.29714,0.25304 0.29715,0.25414 0.19184,0.16594 0.15712,-0.0182 0.15657,-0.0518 0.14002,-0.07 0.15822,-0.0441 0.12184,-0.0959 0.14002,-0.0871 0.12239,-0.0959 0.15657,-0.0441 0.48127,-0.14003 0.54191,-0.0165 h 0.54082 l 0.54191,0.0259 h 0.55129 l 0.54081,-0.0259 0.54192,0.0259 h 0.52427 l 0.55074,-0.0259 0.54246,0.0259 h 0.54082 l 0.55073,-0.0171 0.54247,0.0259 h 0.54081 l 0.55074,-0.0259 0.33408,0.016 0.20838,0.01 h 0.54082 l 0.28887,-0.0231 0.5761,-0.93002 0.36881,-0.59374 0.30431,-0.48899 1.26686,0.0259 1.30214,0.009 h 0.34676 0.58822 l 0.38369,0.07 0.20122,-0.0176 0.17476,-0.0171 0.16594,-0.07 0.0612,-0.16594 -0.0171,-0.17531 -0.0259,-0.17476 -0.0441,-0.15711 -0.0259,-0.17476 -0.0182,-0.17531 -0.0165,-0.20012 0.0165,-0.16594 -0.0165,-0.20066 -0.0182,-0.17531 -0.0259,-0.17476 -0.0441,-0.17531 -0.043,-0.14003 -0.0529,-0.15656 -0.07,-0.14003 -0.043,-0.15712 -0.0441,-0.1312 -0.07,-0.14003 -0.0518,-0.15657 -0.0441,-0.15711 -0.0171,-0.17531 v -0.20067 l 0.008,-0.21004 v -0.21831 l -0.0171,-0.17476 -0.0529,-0.14003 -0.07,-0.14002 -0.0689,-0.13893 -0.07,-0.15822 -0.0441,-0.15711 -0.0221,-0.1257 -0.004,-0.0221 0.0518,-0.19295 0.0959,-0.11301 0.1053,-0.12294 0.0695,-0.18303 -0.009,-0.0121 -0.0871,-0.10971 -0.12184,-0.1053 -0.12293,-0.0788 -0.16594,-0.0612 -0.14003,-0.0788 -0.13892,-0.0871 -0.1494,-0.0788 -0.13948,-0.0871 -0.13947,-0.12183 -0.11357,-0.0794 -0.14002,-0.10474 -0.12239,-0.0788 -0.14003,-0.10419 -0.0606,-0.0529 -0.30596,-0.16594 -0.0612,-0.40244 -0.17475,-0.54192 -0.13121,-0.53254 -0.12184,-0.55018 -0.1753,-0.52428 -0.18413,-0.45481 -0.0259,-0.15712 -0.0171,-0.20067 v -0.21004 l 0.008,-0.21831 -0.043,-0.13065 -0.12293,-0.13121 -0.0959,-0.0959 -0.0871,-0.14003 0.0612,-0.16594 0.0435,-0.16593 0.043,-0.16594 0.0441,-0.1924 0.0882,-0.14003 0.0347,-0.16593 -0.0441,-0.18413 -0.0959,-0.0959 -0.0877,-0.14002 -0.0959,-0.10475 v -0.20894 l -0.0171,-0.20122 -0.0441,-0.18413 -0.0441,-0.14774 -0.12183,-0.10475 -0.0871,-0.12238 -0.0821,-0.11908 -1.33577,-0.0777 -0.45701,-0.18523 -0.45592,-0.3396 -0.36495,-0.24918 -0.33904,-0.27509 -0.32526,-0.28777 -0.35172,-0.2751 -0.44324,-0.31423 -0.52206,-0.28777 -0.46915,-0.31534 -0.40464,-0.24863 -0.4041,-0.19736 -0.45702,-0.14388 -0.32691,-0.054 -0.62681,-0.13176 -0.41843,-0.14499 z"
         inkscape:label="24èmeCE" />
       <path
         id="Zou-23"
         style="fill:#fac82d;fill-opacity:1;fill-rule:evenodd;stroke:#ffffff;stroke-width:0.423389;stroke-miterlimit:4;stroke-dasharray:none;stroke-opacity:1"
         d="m 103.20817,154.42306 -0.77236,0.10199 -0.81094,-0.0138 -1.07281,0.0237 -0.863862,0.16814 -0.931676,0.11577 0.267926,0.54137 -0.01819,0.3848 -0.04906,1.07501 0.04245,0.60696 0.100885,0.4482 0.0849,0.16483 0.131757,0.2547 0.05623,0.0193 0.211694,0.075 0.04355,0.1301 0.07994,0.11302 0.08655,0.12183 0.02867,0.0402 0.0066,0.0298 0.113014,0.1042 0.06947,0.13065 0.0788,0.14003 0.043,0.15712 0.07,0.15711 0.0441,0.18413 0.0259,0.15657 0.0612,0.15712 0.07,0.15821 0.0529,0.15712 0.0871,0.12184 0.0529,0.15711 0.0562,0.091 0.0309,0.0491 0.10474,0.0959 0.11302,0.12294 0.07,0.11301 0.0965,0.14885 0.0965,0.11302 0.043,0.15822 0.07,0.16593 0.0441,0.17366 0.0259,0.15822 0.07,0.15711 0.0871,0.12184 0.12294,0.097 0.043,0.15711 0.0441,0.18303 0.07,0.13066 0.0259,0.20121 -0.0259,0.21887 0.0441,0.17531 0.043,0.17365 0.07,0.14003 0.14003,0.0794 0.0959,0.12184 0.12183,0.10474 v 0.1483 l -0.0606,0.14885 -0.043,0.16593 v 0.21831 l 0.0259,0.17476 0.11301,0.12294 0.16594,0.0342 0.097,0.12293 0.0689,0.14003 0.07,0.15712 0.14885,0.0606 0.21831,0.009 h 0.19295 l 0.0689,0.11302 0.027,0.20066 0.0612,0.15822 0.10474,0.0959 0.15712,0.0871 0.10474,0.0959 -0.009,0.21886 0.07,0.15711 0.12184,0.0788 0.0959,0.12238 0.11412,0.0959 0.12183,0.10474 0.11412,0.1053 0.07,0.13065 v 0.21831 l -0.009,0.21886 0.0959,0.14003 0.19184,0.0259 0.17531,0.0353 0.07,0.14003 0.0441,0.15657 0.07,0.15711 0.043,0.0551 0.0529,0.0667 0.19185,0.027 0.0612,0.15712 0.0529,0.1312 0.043,0.18303 0.0176,0.19295 v 0.21776 l 0.0171,0.20122 0.07,0.14003 0.0959,0.11301 0.07,0.14003 0.07,0.14002 v 0.21501 l -0.0259,0.21279 -0.009,0.21886 0.0529,0.13121 0.0871,0.14003 0.12184,0.0777 0.0959,0.14002 -0.008,0.21831 -0.0441,0.19296 v 0.21775 l 0.11412,0.12239 0.16594,0.0347 0.0959,0.12294 0.0259,0.17531 0.0612,0.15656 0.13066,0.043 h 0.1924 l 0.12293,0.0794 0.19185,0.0441 0.0959,0.12184 0.0959,0.11411 0.0441,0.15657 0.0959,0.14002 0.07,0.12239 0.14003,0.0959 0.07,0.12294 0.12183,0.12184 0.07,0.14002 0.07,0.14003 0.006,0.0231 0.0369,0.15106 0.07,0.14002 0.14002,0.0606 0.14003,0.0965 0.0524,0.13948 0.07,0.15711 0.13947,0.0623 0.1494,0.0871 0.16594,0.0606 0.0507,0.0601 0.36495,-0.34896 0.47135,-0.27289 0.31478,-0.23319 0.0662,-0.24808 0.0402,-0.31203 0.0667,-0.44268 0.002,-0.32637 0.32802,-0.48072 0.3418,-0.41732 0.27509,-0.32471 0.27674,-0.4289 0.22328,-0.32526 0.32691,-0.0766 0.61413,0.13176 0.65273,0.0281 0.57499,-0.0772 0.62736,0.002 0.52152,0.0799 0.61414,0.11908 0.36605,0.027 0.18303,-0.0254 -0.0888,-0.52207 -0.19515,-0.2999 -0.14224,-0.27399 -0.0248,-0.39087 -0.1031,-0.37873 -0.3247,-0.37929 -0.32526,-0.23484 -0.34015,-0.0403 -0.24973,0.28612 -0.22217,0.129 -0.45702,-0.0529 -0.44378,-0.1709 -0.28612,-0.301 -0.19405,-0.50829 -0.129,-0.53475 -0.28612,-0.31423 -0.1279,-0.61303 0.32912,-0.44214 0.32801,-0.37653 0.31589,-0.54632 0.12018,-0.43001 0.13176,-0.33793 0.41898,-0.12901 0.65327,-0.0237 0.53585,0.0138 0.7062,0.14609 0.35283,-0.0899 0.53695,-0.16814 0.34014,-0.18137 -0.0242,-0.45647 -0.14058,-0.48238 -0.14223,-0.50883 -0.33794,-0.41788 -0.31203,-0.37928 -0.15491,-0.41788 -0.16704,-0.61303 0.20011,-0.89805 -0.30045,-0.1312 -0.23484,-0.1709 -0.0507,-0.27289 0.14499,-0.20784 -0.32637,-0.32691 -0.50883,-0.27619 -0.23375,-0.24808 -0.15601,-0.2999 0.016,-0.5342 -0.31423,-0.10475 -0.52317,0.0502 -0.52373,0.1935 -0.54908,0.011 -0.82527,0.16704 -0.36551,-0.027 -0.50939,-0.28778 -0.35282,-0.0921 -0.31423,0.14278 -0.575,-0.2365 -0.25855,-0.56121 -0.26131,-0.24808 -0.16869,-0.39086 -0.15547,-0.48293 -0.91293,-0.55018 -0.70565,-0.24919 -0.61413,-0.0926 -0.92892,0.0496 -0.89033,-0.14498 -0.92781,-0.002 z"
         inkscape:label="23èmeCE" />
       <path
         id="Plateau-22"
         style="fill:#fac82d;fill-opacity:1;fill-rule:evenodd;stroke:#ffffff;stroke-width:0.423389;stroke-miterlimit:4;stroke-dasharray:none;stroke-opacity:1"
         d="m 125.66705,153.91202 0.005,0.0452 -0.048,0.12073 -0.0441,0.16594 -0.0959,0.12294 -0.0882,0.13892 -0.0777,0.14003 -0.07,0.1494 -0.0612,0.14002 -0.0606,0.19185 -0.0441,0.16594 -0.0259,0.19185 0.0165,0.1924 0.0441,0.18358 0.0259,0.15711 0.0182,0.19185 0.043,0.18413 0.0441,0.20122 0.009,0.0871 0.07,0.14003 0.0171,0.19185 -0.0171,0.17476 -0.0877,0.14002 -0.14002,0.07 -0.15712,0.07 -0.12239,0.0689 -0.15656,0.07 -0.0794,0.11412 -0.13065,0.11412 -0.0794,0.12183 -0.0777,0.14003 -0.0882,0.14003 -0.0607,0.14829 -0.10529,0.12184 -0.0788,0.14002 -0.10419,0.11412 -0.0788,0.12183 -0.10475,0.14003 -0.0783,0.12184 -0.0882,0.14002 -0.10474,0.11412 -0.0612,0.14774 -0.0788,0.14003 -0.0612,0.16594 -0.043,0.16594 -0.027,0.1924 -0.008,0.21886 v 0.19184 l 0.07,0.14003 0.0138,0.0209 0.0821,0.11908 0.0871,0.12238 0.12183,0.10475 0.0441,0.14774 0.0441,0.18413 0.0171,0.20122 v 0.20894 l 0.0959,0.10475 0.0877,0.14002 0.0959,0.0959 0.0441,0.18413 -0.0347,0.16593 -0.0882,0.14003 -0.0441,0.1924 -0.043,0.16594 -0.0435,0.16593 -0.0612,0.16594 0.0871,0.14003 0.0959,0.0959 0.12293,0.13121 0.043,0.13065 -0.008,0.21831 v 0.21004 l 0.0171,0.20067 0.0259,0.15712 0.18413,0.45481 0.1753,0.52428 0.12184,0.55018 0.13121,0.53254 0.17475,0.54192 0.0612,0.40244 0.30596,0.16594 0.0606,0.0529 0.14003,0.10419 0.12239,0.0788 0.14002,0.10474 0.11357,0.0794 0.13947,0.12183 0.13948,0.0871 0.1494,0.0788 0.13892,0.0871 0.14003,0.0788 0.16594,0.0612 0.12293,0.0788 0.12184,0.1053 0.0871,0.10971 2.397,0.33683 0.16924,0.13121 0.13011,0.24808 0.0496,0.35172 -0.016,0.43 -0.11907,0.4041 -0.25084,0.36329 -0.28887,0.38976 -0.21115,0.35117 -0.14609,0.37764 -0.0149,0.31202 0.129,0.36606 0.2988,0.27509 0.35227,0.21004 0.24698,0.14389 0.11687,0.19626 0.0623,0.46969 -0.002,0.41733 0.10309,0.28667 0.1279,0.44433 0.19405,0.37764 0.33794,0.3021 0.35117,0.24918 0.56066,0.172 0.66595,0.0419 0.47411,-0.0507 -0.0419,-0.12514 0.0761,-1.45319 0.21004,-0.28061 0.059,-0.0805 0.44268,-0.45371 0.30542,-0.21611 0.42779,-0.22272 0.26793,-0.22437 0.32636,-0.0926 0.22493,-0.15105 -0.33904,-0.39142 -0.46198,-0.36274 -0.13121,-0.0441 -0.1279,-0.13506 -0.18909,-0.19902 -0.24477,-0.48513 v -0.20177 l 0.17365,-0.20894 0.52318,-0.35282 0.25414,-0.35393 0.2999,-0.97522 -0.0342,-0.59705 -0.008,-0.13396 -0.0799,-0.44985 -0.21225,-1.18527 -0.38314,-0.43496 -0.17311,-0.0871 -0.18799,-0.20287 -0.0358,-0.11522 -0.0187,-1.00886 v -0.0176 l 0.038,-0.54246 -0.0832,-1.72774 0.005,-1.62023 0.0628,0.002 0.23429,0.006 0.18083,-0.0639 0.72384,0.016 0.31313,-0.14334 0.10805,-0.10088 0.016,-0.3611 -0.0469,-1.40302 -0.16594,-0.37598 -0.13617,-0.0816 -0.081,-0.0491 -0.33904,-0.37709 -0.41181,-0.26131 -0.23209,-0.0728 -0.16594,-0.19625 -0.10805,-0.39748 0.0518,-0.21611 -0.0496,-0.27509 -0.31092,-0.29714 -0.18744,-0.4708 -0.0397,-0.5353 -0.0303,-0.40409 0.0303,-0.40465 -0.11412,-0.78834 0.0281,-0.28998 -0.15436,-5.5e-4 h -0.33188 -0.33187 l -0.32306,0.008 -0.33187,-0.0171 h -0.32416 -0.33187 l -0.32306,0.009 h -0.33187 l -0.32306,-0.0182 h -0.33187 -0.33243 l -0.3236,0.009 -0.33188,-0.0176 h -0.32305 -0.33243 l -0.32305,0.009 -0.33188,-0.0259 -0.3236,0.009 h -0.33243 -0.33188 l -0.32305,-0.0182 z"
         inkscape:label="22èmeCE" />
       <path
         id="Plateau-21"
         style="font-style:normal;font-weight:400;font-size:83.3333px;font-family:'DejaVu Sans';fill:#fac82d;fill-opacity:1;fill-rule:evenodd;stroke:#ffffff;stroke-width:0.423389;stroke-linecap:square;stroke-linejoin:bevel;stroke-miterlimit:4;stroke-dasharray:none;stroke-opacity:1"
         d="m 126.93391,169.07793 0.009,0.0121 -0.0695,0.18303 -0.1053,0.12294 -0.0959,0.11301 -0.0518,0.19295 0.004,0.0221 0.0221,0.1257 0.0441,0.15711 0.07,0.15822 0.0689,0.13893 0.07,0.14002 0.0529,0.14003 0.0171,0.17476 v 0.21831 l -0.008,0.21004 v 0.20067 l 0.0171,0.17531 0.0441,0.15711 0.0518,0.15657 0.07,0.14003 0.0441,0.1312 0.043,0.15712 0.07,0.14003 0.0529,0.15656 0.043,0.14003 0.0441,0.17531 0.0259,0.17476 0.0182,0.17531 0.0165,0.20066 -0.0165,0.16594 0.0165,0.20012 0.0182,0.17531 0.0259,0.17476 0.0441,0.15711 0.0259,0.17476 0.0171,0.17531 -0.0612,0.16594 -0.16594,0.07 -0.17476,0.0171 -0.20122,0.0176 -0.38369,-0.07 h -0.58822 l -0.18965,2.14616 0.0237,0.37818 0.0628,0.4041 0.11522,0.41787 0.23375,0.2999 0.39031,0.26297 0.35172,0.0921 0.33904,0.28777 0.18138,0.2751 0.29769,0.39196 -0.0149,0.31313 0.14168,0.32581 0.19405,0.36606 0.19295,0.54798 0.0105,0.58712 -0.10806,0.59925 -0.0171,0.7299 -0.1731,0.65107 -0.0689,0.75471 -0.043,0.67809 -0.0149,0.33904 0.19295,0.66485 0.43111,-0.10199 0.40354,0.0281 0.36606,0.027 0.28722,0.0281 0.24587,0.27399 0.005,0.0419 0.0204,0.19295 0.28557,0.15822 0.18192,0.10475 0.15712,-0.0259 0.34014,-0.0502 0.33684,0.37929 0.19516,0.21004 0.17972,0.36495 0.41401,0.61468 0.0254,0.35228 0.10199,0.33904 0.19405,0.37873 0.1268,0.58712 0.0628,0.33904 0.13396,0.1257 0.008,-0.21059 0.016,-0.4052 0.13892,-0.58602 0.14609,-0.25304 0.4278,-0.34566 0.24036,-0.37542 0.0799,-0.41181 -0.26627,-0.42119 -0.0617,-0.17586 -0.21114,-0.60586 -0.14278,-0.69407 0.66099,-1.09817 0.26186,-0.26682 0.28998,-0.18027 0.46914,-0.42063 0.0529,-0.048 -0.0193,-0.89695 0.11742,-0.4912 -0.006,-0.28997 -0.0491,-0.0981 -0.0518,-0.10475 -0.23926,-0.14498 -0.5138,0.0491 -0.33298,-0.0441 -0.22437,-0.14609 -0.17311,-0.0513 -0.17696,-0.36771 -0.0248,-0.0518 -0.10695,-0.3622 -0.043,-0.36219 0.059,-0.21611 0.60972,-0.96751 -0.14388,-0.24642 -0.0171,-0.18303 -0.011,-0.11357 0.21225,-0.89639 0.011,-0.30376 0.0138,-0.37984 0.007,-0.17696 -0.11522,-0.49946 -0.65879,-0.0667 -0.2161,-0.13837 -0.016,-0.0485 -0.47411,0.0507 -0.66595,-0.0419 -0.56066,-0.172 -0.35117,-0.24918 -0.33794,-0.3021 -0.19405,-0.37764 -0.1279,-0.44433 -0.10309,-0.28667 0.002,-0.41733 -0.0623,-0.46969 -0.11687,-0.19626 -0.24698,-0.14389 -0.35227,-0.21004 -0.2988,-0.27509 -0.129,-0.36606 0.0149,-0.31202 0.14609,-0.37764 0.21115,-0.35117 0.28887,-0.38976 0.25084,-0.36329 0.11907,-0.4041 0.016,-0.43 -0.0496,-0.35172 -0.13011,-0.24808 -0.16924,-0.13121 z"
         inkscape:label="21èmeCE" />
       <path
         id="Ouémé-20"
         style="fill:#fac82d;fill-opacity:1;fill-rule:evenodd;stroke:#ffffff;stroke-width:0.423389;stroke-miterlimit:4;stroke-dasharray:none;stroke-opacity:1"
         d="m 123.14216,174.85707 -0.30431,0.48899 -0.36881,0.59374 -0.5761,0.93002 0.043,-0.003 0.36716,0.56672 0.36716,0.54247 0.39251,0.54192 0.31534,0.45371 0.12183,0.70785 0.027,0.54246 0.0171,0.54192 0.0182,0.54081 0.0138,0.172 0.0292,0.35283 0.0176,0.54136 v 0.54192 l 0.0171,0.54191 0.0441,0.55019 0.0259,0.516 0.0182,0.54964 0.004,0.14719 0.0132,0.39527 0.0165,0.54192 0.027,0.54191 v 0.009 l 0.0353,0.532 0.0259,0.52537 0.0171,0.54081 0.0176,0.54192 0.0171,0.54191 0.0441,0.39307 0.21831,0.009 0.19295,0.0171 0.16594,0.0441 0.16594,0.0441 0.14774,0.0871 0.14003,0.0788 0.11412,0.0959 0.12183,0.1053 0.0441,0.15656 0.0959,0.12239 0.0414,0.19681 0.91458,-0.54688 0.50002,-0.78007 0.64335,0.41677 -0.0193,0.0281 0.0634,0.39196 0.20674,0.26131 0.22106,0.19681 0.28612,0.24808 0.27179,0.34015 1.23212,-1.0243 0.2999,0.22493 0.21115,-0.15601 0.0888,-0.0656 0.27509,-0.19515 0.24919,-0.21997 0.24808,-0.0254 0.39196,0.054 0.23375,0.15712 0.36385,0.13231 0.37818,0.13175 -0.1268,-0.58712 -0.19405,-0.37873 -0.10199,-0.33904 -0.0254,-0.35228 -0.41401,-0.61468 -0.17972,-0.36495 -0.19516,-0.21004 -0.33684,-0.37929 -0.34014,0.0502 -0.15712,0.0259 -0.18192,-0.10475 -0.28557,-0.15822 -0.0204,-0.19295 -0.005,-0.0419 -0.24587,-0.27399 -0.28722,-0.0281 -0.36606,-0.027 -0.40354,-0.0281 -0.43111,0.10199 -0.19295,-0.66485 0.0149,-0.33904 0.043,-0.67809 0.0689,-0.75471 0.1731,-0.65107 0.0171,-0.7299 0.10806,-0.59925 -0.0105,-0.58712 -0.19295,-0.54798 -0.19405,-0.36606 -0.14168,-0.32581 0.0149,-0.31313 -0.29769,-0.39196 -0.18138,-0.2751 -0.33904,-0.28777 -0.35172,-0.0921 -0.39031,-0.26297 -0.23375,-0.2999 -0.11522,-0.41787 -0.0628,-0.4041 -0.0237,-0.37818 0.18965,-2.14616 h -0.34676 l -1.30214,-0.009 z"
         inkscape:label="20èmeCE" />
       <path
         id="Ouémé-19"
         style="fill:#fbd560;fill-opacity:1;fill-rule:evenodd;stroke:#ffffff;stroke-width:0.423389;stroke-miterlimit:4;stroke-dasharray:none;stroke-opacity:1"
         inkscape:label="19èmeCE"
         d="m 19.743788,185.26682 -2.015386,1.20528 -0.09961,0.76459 0.02045,0.8906 -0.510608,1.93556 -0.761955,2.2819 -1.084548,2.39076 -0.653104,2.93501 -0.215722,2.05695 -0.06003,0.2929 -0.213083,0.74744 0.0409,0.26125 0.06333,0.44991 0.502692,0.31732 0.740844,0.21572 0.745462,-0.10951 0.854312,0.0369 -0.06795,0.77911 v 1.38669 l 0.01187,0.61418 4.423294,-0.2487 3.644187,-0.43805 1.528527,-0.0488 v -18.71704 z m 107.064822,4.14424 -0.50005,0.77977 -0.91434,0.54689 -0.0244,0.18802 0.005,0.21902 -0.126,0.4763 -0.18735,0.56207 -0.26652,0.58779 -0.16097,0.72171 -0.0534,0.50599 -0.0145,0.0726 -0.0528,0.18406 0.0105,0.064 h -6.6e-4 l 0.0165,0.11083 0.12337,0.0785 0.18207,0.0528 0.1834,-0.0271 0.20979,0.009 -0.0165,0.19197 v 0.34173 l 0.003,0.15107 1.08785,-0.0614 0.89719,-0.10819 1.07795,-0.035 0.71314,-0.0891 1.9415,-0.24211 0.78109,-0.0416 0.61484,-0.12205 -0.0369,-1.15975 -0.004,-0.11545 -0.0627,-0.51127 0.1392,-0.84969 0.2111,-0.57064 0.0284,-0.18406 0.0303,-0.19923 0.007,-0.16558 -0.13391,-0.12535 -0.0633,-0.33908 -0.378,-0.13194 -0.3635,-0.13194 -0.23419,-0.15701 -0.39187,-0.0541 -0.24804,0.0251 -0.24937,0.22034 -0.2751,0.19461 -0.0884,0.066 -0.2111,0.15569 -0.30016,-0.22495 -1.23232,1.02451 -0.2718,-0.34041 -0.28565,-0.24804 -0.221,-0.19659 -0.20715,-0.26125 -0.0633,-0.39186 0.0191,-0.0284 z" />
       <path
         id="Mono-18"
         style="fill:#fac82d;fill-opacity:1;fill-rule:evenodd;stroke:#ffffff;stroke-width:0.423389;stroke-miterlimit:4;stroke-dasharray:none;stroke-opacity:1"
         d="m 107.11293,181.95213 -0.086,0.42064 -0.31368,0.41622 -0.68139,0.2988 -0.61414,0.35006 -0.52372,0.29825 -0.41898,0.31313 -0.24808,0.24587 0.0369,0.37874 0.0254,0.52096 0.0639,0.32637 0.0628,0.50773 -0.41898,0.49506 -0.2762,0.35117 -0.4708,0.37708 -0.15822,0.31258 -0.20893,0.29935 -0.054,0.2999 0.2999,0.24808 0.29935,0.24808 0.0766,0.28667 -0.10475,0.32636 -0.44378,0.0248 -0.31424,0.11577 0.0248,0.30045 0.24698,0.20893 0.2343,0.45702 0.19405,0.31258 0.064,0.37818 -0.301,0.41678 -0.0921,0.0915 0.36495,0.11798 0.36495,-0.0645 0.34015,-0.0386 0.27289,0.0656 0.27288,0.27399 0.14334,0.2354 0.0899,0.41787 -0.002,0.43001 0.41898,-0.19516 0.41843,-0.18082 0.19681,-0.31313 0.21004,-0.37708 0.1957,-0.18193 0.23596,-0.25965 0.31313,-0.11743 0.36605,-0.0899 0.22327,-0.2602 0.14389,-0.24753 0.39196,-0.14223 0.24808,0.001 0.43001,0.23485 0.25469,0.12128 0.63894,0.33353 0.0612,-0.129 0.07,-0.14885 0.0529,-0.16594 0.043,-0.1742 0.027,-0.19295 0.0342,-0.19185 0.0441,-0.17476 0.009,-0.20894 0.009,-0.21941 v -0.20894 l 0.008,-0.21886 -0.0171,-0.19185 -0.0182,-0.1924 -0.0347,-0.17475 -0.11302,-0.35007 0.009,-0.19185 -0.027,-0.17531 -0.0171,-0.19956 v -0.19351 l 0.009,-0.21776 -0.027,-0.19184 0.001,-0.0143 0.008,-0.20508 0.0259,-0.19184 0.0353,-0.16594 0.10475,-0.14003 0.0612,-0.14002 0.12294,-0.11302 0.10474,-0.0959 0.11302,-0.097 0.12238,-0.0959 0.12294,-0.0871 0.0777,-0.14884 0.0882,-0.13893 0.0171,-0.19295 0.009,-0.20894 -0.0441,-0.18413 -0.0259,-0.17531 -0.0612,-0.15656 -0.0518,-0.15712 0.0259,-0.1924 0.0871,-0.16593 0.0612,-0.14003 0.0959,-0.11357 0.10474,-0.12238 0.10806,-0.11798 -0.48679,-0.11411 -0.59925,-0.20949 -0.48182,-0.28833 -0.54688,-0.31368 -0.49506,-0.28832 -0.43827,-0.28667 -0.12184,-0.0805 -0.48292,-0.13065 z"
         inkscape:label="18èmeCE" />
       <path
         id="Mono-17"
         style="fill:#efb606;fill-opacity:1;fill-rule:evenodd;stroke:#ffffff;stroke-width:0.423389;stroke-miterlimit:4;stroke-dasharray:none;stroke-opacity:1"
         d="m 106.66308,181.94221 -0.69186,0.11577 -0.69242,0.16814 -0.6009,0.0888 -0.27509,0.0651 -0.30101,0.27289 -0.43166,0.28612 -0.45812,0.32526 -0.34014,0.20783 -0.36605,0.14223 -0.56066,-0.001 -0.67919,-0.027 -0.53585,0.19405 -0.875995,0.2977 -0.613583,0.0899 -0.574441,-5.5e-4 -1.476347,-0.79717 -0.02591,0.1472 -0.0066,0.0369 0.02922,0.35393 -0.06505,0.0937 -0.144438,0.0799 -0.130103,0.2172 -0.137822,0.0149 -0.09372,0.16594 0.043,-0.007 0.108604,0.10805 0.340695,0.0358 0.152156,0.28887 0.265169,0.26517 0.263515,0.76574 -0.0871,0.0943 -0.173104,0.065 -0.01489,0.29604 0.209489,0.24698 0.05017,0.17972 -0.05127,0.15987 0.02205,0.0943 0.230989,0.28171 0.210041,0.0154 0.195706,-0.0584 0.137271,0.0441 0.201771,0.4493 0.31258,0.11467 0.01654,0.016 0.130656,0.0221 0.05017,-0.0408 0.18854,-0.15381 0.253041,-0.0364 0.101436,0.0573 0.05072,0.10199 -0.07222,0.22382 -0.238707,0.31093 0.07994,0.16593 0.05072,0.0513 0.100886,0.007 0.332975,-0.14389 0.14499,0.26738 0.24643,-0.0221 0.0496,0.14499 -0.0717,0.1516 0.0226,0.0292 0.13617,0.1731 0.0369,0.67312 -0.007,0.0728 h -0.15877 l -0.0728,0.10806 -0.0143,0.16704 0.0579,0.12293 0.23099,0.0568 0.10199,0.0871 0.20232,-0.11577 0.15215,0.1946 0.10199,-0.0209 0.10089,-0.12955 0.12293,-0.008 0.0358,0.0722 -0.022,0.17366 0.0584,0.1312 0.14499,0.0281 0.0728,0.13782 -0.10199,0.16594 0.0871,0.0871 0.11577,-0.0292 0.0209,0.0292 0.0662,0.0932 0.23485,0.19405 -0.01,0.12294 -0.11302,0.0799 0.0149,0.10806 0.18027,0.10199 0.0717,0.44102 0.1461,0.20067 0.0491,0.0673 0.36936,0.26903 0.0926,0.11467 -0.0358,0.0954 -0.17421,0.043 v 0.41898 l 0.15105,0.12404 -0.10805,0.086 0.0502,0.44875 0.24587,0.15877 0.11687,0.23209 0.16704,0.45591 -0.0435,0.21004 -0.10144,0.13727 -0.0579,0.0138 0.16704,0.31919 0.10805,0.0579 0.20288,0.44819 -0.0149,0.17366 -0.26021,0.13727 0.19626,0.30376 0.20177,0.0799 0.15216,0.20233 -0.23099,0.11577 -0.65824,-0.0276 -0.26792,-0.0221 -0.0287,0.23099 -0.15932,0.0937 -0.4697,0.022 -0.39086,0.20287 -0.4493,0.11302 -0.39086,0.12238 -0.4923,0.007 -0.13783,0.11522 -0.296591,-0.0358 -0.383144,0.21556 -0.383696,-0.0369 -0.325259,0.0221 -0.506633,0.17917 -0.05513,0.52317 0.245874,-0.18137 0.383145,-0.043 0.571684,-0.18193 0.397478,-0.0568 0.311482,-0.16042 0.17255,-0.0358 0.31148,0.0221 0.7277,-0.11302 0.67588,-0.10474 1.53313,-0.38425 1.28725,-0.19571 0.40079,-0.0882 0.61909,-0.13617 0.95483,-0.0441 1.70734,-0.15877 0.66485,-0.10475 0.41677,-0.0661 -0.0237,-0.11908 -0.0171,-0.1483 0.0441,-0.17476 -0.0794,-0.1312 -0.10475,-0.11357 -0.1312,-0.0871 0.009,-0.21004 v -0.0342 -0.18413 l 0.009,-0.21886 -0.0182,-0.19185 -0.003,-0.006 -0.0761,-0.12515 -0.1312,-0.0441 -0.14775,-0.0695 -0.0788,-0.13121 -0.0612,-0.15711 -0.0441,-0.16594 -0.0347,-0.17476 -0.043,-0.17531 -0.0353,-0.17421 -0.0347,-0.17475 -0.0182,-0.19185 0.027,-0.19295 0.0259,-0.1924 0.07,-0.17476 0.0518,-0.16594 0.0612,-0.14829 0.07,-0.14885 0.07,-0.14775 0.07,-0.14939 0.0518,-0.17366 0.07,-0.1494 0.0441,-0.16594 0.07,-0.14884 0.0518,-0.17421 0.07,-0.14885 0.0612,-0.14774 0.009,-0.0204 -0.63894,-0.33353 -0.25469,-0.12128 -0.43001,-0.23485 -0.24808,-0.001 -0.39196,0.14223 -0.14389,0.24753 -0.22327,0.2602 -0.36605,0.0899 -0.31313,0.11743 -0.23596,0.25965 -0.1957,0.18193 -0.21004,0.37708 -0.19681,0.31313 -0.41843,0.18082 -0.41898,0.19516 0.002,-0.43001 -0.0899,-0.41787 -0.14334,-0.2354 -0.27288,-0.27399 -0.27289,-0.0656 -0.34015,0.0386 -0.36495,0.0645 -0.36495,-0.11798 0.0921,-0.0915 0.301,-0.41678 -0.064,-0.37818 -0.19405,-0.31258 -0.2343,-0.45702 -0.24698,-0.20893 -0.0248,-0.30045 0.31424,-0.11577 0.44378,-0.0248 0.10475,-0.32636 -0.0766,-0.28667 -0.29935,-0.24808 -0.2999,-0.24808 0.054,-0.2999 0.20893,-0.29935 0.15822,-0.31258 0.4708,-0.37708 0.2762,-0.35117 0.41898,-0.49506 -0.0628,-0.50773 -0.0639,-0.32637 -0.0254,-0.52096 -0.0369,-0.37874 0.24808,-0.24587 0.41898,-0.31313 0.52372,-0.29825 0.61414,-0.35006 0.68139,-0.2988 0.31368,-0.41622 0.086,-0.42064 z"
         inkscape:label="17èmeCE" />
       <path
         id="Littoral-16"
         style="fill:#fbd560;fill-opacity:1;fill-rule:evenodd;stroke:#ffffff;stroke-width:0.423389;stroke-miterlimit:4;stroke-dasharray:none;stroke-opacity:1"
         inkscape:label="16èmeCE"
         d="m 121.71111,193.90099 -0.0515,0.10093 -0.0805,0.15899 -0.18406,0.40308 0.0369,0.43078 0.003,0.46311 1.45596,-0.004 1.12875,-0.0574 -0.15635,-0.18867 -0.12073,-0.35492 -0.15437,0.11742 -0.45255,-0.59571 0.16295,-0.16822 -0.54492,-0.0937 z m -118.9539582,5.4267 -0.2084654,0.41231 -0.3272117,0.64519 -0.7487604,1.63803 0.1504118,1.75217 0.011875,1.88213 5.9155373,-0.0158 4.5888786,-0.23287 -0.635952,-0.76855 -0.490817,-1.44079 -0.627376,0.47499 -1.8372659,-2.41979 0.6610202,-0.68345 -2.2159351,-0.3813 z" />
       <path
         id="Littoral-15"
         style="font-style:normal;font-weight:400;font-size:83.3333px;font-family:'DejaVu Sans';display:inline;fill:#fac82d;fill-opacity:1;fill-rule:evenodd;stroke:#ffffff;stroke-width:0.423389;stroke-linecap:square;stroke-linejoin:bevel;stroke-miterlimit:4;stroke-dasharray:none;stroke-opacity:1"
         inkscape:label="15èmeCE"
         d="m 123.28581,194.20577 -0.14777,0.16493 0.45255,0.59505 0.15371,-0.11677 0.12073,0.35426 0.14579,0.19461 0.98626,-0.15899 0.0422,-0.002 0.18801,-0.01 -0.004,-0.15701 v -0.34107 l 0.0165,-0.19197 -0.20979,-0.009 -0.18274,0.0271 -0.18339,-0.0534 -0.12271,-0.0779 -0.0158,-0.11083 -0.0376,0.009 -0.9724,-0.0917 z m -114.1275811,6.3615 -0.6003277,0.67091 1.8379268,2.41978 0.626056,-0.4763 0.490817,1.44013 0.591092,0.79164 4.009662,-0.64717 0.170862,-0.009 0.763934,-0.0402 -0.01649,-0.63661 v -1.38603 l 0.06927,-0.78043 -0.853653,-0.0369 -0.743483,0.11017 -0.744142,-0.21572 -0.500054,-0.31666 -0.06465,-0.45123 -0.150412,0.0363 -3.954907,-0.37405 z" />
       <path
         id="Donga-14"
         style="fill:#93c842;fill-opacity:1;fill-rule:evenodd;stroke:#ffffff;stroke-width:0.423389;stroke-miterlimit:4;stroke-dasharray:none;stroke-opacity:1"
         d="m 102.26381,78.477742 -0.65989,0.298246 -0.39582,0.442684 -0.50223,0.519863 -0.33077,0.533646 -0.30431,0.416774 -0.421734,0.298797 -0.396375,0.416222 -0.724392,0.09041 -0.842366,-0.07994 -1.264102,0.0634 -0.842367,-0.07939 -0.368259,-0.169796 -0.525377,-0.469697 -0.380939,-0.378183 -0.328568,-0.339042 -1.224408,-0.0017 -0.803777,0.09041 -0.421183,-0.130655 -0.72384,-0.03969 -1.045792,0.727148 0.07277,1.260242 0.01213,0.990112 0.0033,0.07608 0.01323,0.270682 0.04851,1.091549 0.01654,0.534748 0.04355,1.416808 0.06119,0.635635 -0.05072,1.568963 0.0061,1.258037 0.194604,1.162665 -0.08545,0.405196 -0.01654,1.170934 -0.179719,0.528133 -0.143335,0.39858 -0.201771,0.506633 -0.244772,0.615788 0.118527,0.360542 0.426145,0.82252 -0.01213,0.549082 0.08104,0.151053 0.0408,0.01268 0.07553,0.02315 0.304862,-0.181924 0.494505,-0.197361 0.133411,0.512697 0.210592,1.458706 0.0061,0.289977 0.0083,0.38976 0.0044,0.194604 -0.04962,0.375978 0.06009,0.368811 0.01599,0.360541 0.01709,0.52814 0.155463,0.64169 0.07553,0.15822 0.328567,0.69297 0.324708,0.30321 0.508287,0.47466 0.08435,0.11908 0.09923,0.14002 0.205079,0.38204 0.07387,0.23816 0.409606,0.43166 0.08049,0.1301 0.167591,0.10695 0.613583,0.59815 0.738173,0.7481 0.874342,0.48788 0.168142,0.15933 0.630122,1.21062 0.09482,0.12294 0.489543,0.51104 0.249182,0.4471 0.375978,0.82913 -0.0226,0.0987 -0.02701,0.13727 0.259656,0.62296 0.01709,0.0419 0.09868,0.86331 0.05623,0.49506 -0.173656,0.76574 0.03694,0.0788 -0.0061,0.0364 -0.08821,0.52097 0.124591,0.40354 0.04686,0.70014 0.01213,0.18137 0.04465,0.14775 0.03308,0.87323 0.005,0.27399 0.01378,0.79496 -0.06395,0.56286 0.07387,0.26683 0.04686,0.85339 -0.04741,0.99562 0.0039,1.05517 -0.0061,0.48403 -0.01047,0.84512 -0.02591,0.82362 -0.05678,0.39032 0.05237,0.39692 -0.0022,1.36499 0.0022,0.13672 0.114667,0.0121 h 0.1924 l 0.201219,0.0259 h 0.21831 l 0.191848,0.027 h 0.218861 l 0.20122,0.008 h 0.191848 l 0.20122,-0.0171 0.18303,-0.0259 0.17476,-0.0259 0.20122,0.0259 0.17475,-0.0259 0.17531,-0.0182 0.18248,-0.0259 0.18413,-0.0441 0.15712,-0.0441 0.15711,-0.043 0.15712,-0.0529 0.16704,-0.043 0.15657,-0.027 0.14002,-0.07 0.13893,-0.0689 0.14002,-0.07 0.12239,-0.07 0.14003,-0.0959 0.15767,-0.0441 0.13892,-0.07 0.16704,-0.0518 0.17421,-0.0182 0.18413,-0.043 0.15656,-0.027 h 0.1924 0.20067 l 0.21941,0.027 0.19185,0.0259 0.21776,0.043 0.16594,0.07 0.16648,0.0794 0.13948,0.0866 0.12349,0.0794 0.10364,0.0959 0.14003,0.10474 0.0959,0.0959 0.11412,0.12238 0.12183,0.10475 0.0965,0.12293 0.0959,0.11302 0.097,0.12238 0.0959,0.12294 0.11302,0.12184 0.12293,0.0788 0.14775,0.0871 0.16593,0.0612 0.16649,0.0617 0.21886,0.0259 h 0.20012 l 0.17476,-0.0176 h 0.20122 l 0.17476,-0.0259 0.20122,0.009 0.21886,0.0171 0.12183,0.0606 0.14003,0.1053 0.12183,0.10474 0.07,0.11412 0.12238,0.12183 0.07,0.12239 0.0788,0.11411 0.11301,0.14775 0.0959,0.097 0.11412,0.12183 0.14774,0.0794 0.14003,0.0866 0.1494,0.0794 0.14002,0.0866 0.16594,0.0612 0.19185,0.0441 0.19185,0.07 0.21886,0.0259 0.1924,0.0441 0.12183,0.0777 0.11412,0.12294 0.0959,0.0965 0.12184,0.10475 0.14939,0.0783 0.19185,0.0259 0.17476,-0.0171 0.18303,-0.0259 h 0.19295 l 0.22713,0.009 0.19185,0.043 0.16593,0.0182 0.1924,0.0689 0.16594,0.0618 0.16594,0.0871 0.17476,0.0612 0.1301,0.048 0.0364,0.0127 0.19185,0.0441 0.19185,0.009 h 0.20122 0.20067 l 0.17531,-0.0182 h 0.17476 l 0.16593,-0.0518 0.15712,-0.0441 0.18413,-0.043 0.14003,-0.07 0.13892,-0.07 0.14003,-0.07 0.11412,-0.07 0.14774,-0.0959 0.12294,-0.0959 0.12238,-0.0882 0.0959,-0.0783 0.14884,-0.11356 0.0888,-0.0761 0.0243,-0.0198 0.0441,-0.16648 -0.0959,-0.12184 -0.0882,-0.14003 -0.17421,-0.0441 -0.07,-0.14003 -0.0176,-0.17365 v -0.17531 l 0.0176,-0.19185 0.043,-0.16594 0.07,-0.16593 0.0612,-0.16594 0.0441,-0.17531 0.0441,-0.16594 0.0607,-0.16594 0.0441,-0.16593 0.043,-0.17476 0.009,-0.21004 -0.0259,-0.20122 -0.0176,-0.17421 -0.0695,-0.18358 0.0265,-0.1924 0.043,-0.17475 0.0435,-0.18303 0.009,-0.21886 v -0.21831 l -0.0182,-0.20067 -0.043,-0.17531 -0.0529,-0.14003 -0.0612,-0.15711 -0.0959,-0.14885 -0.0518,-0.13066 -0.0623,-0.16648 -0.07,-0.15657 v -0.17531 -0.21776 l 0.009,-0.21004 0.0176,-0.20122 0.008,-0.21004 -0.043,-0.18303 -0.07,-0.14002 -0.12184,-0.0959 -0.07,-0.14884 -0.11412,-0.12184 -0.07,-0.14003 -0.07,-0.15711 -0.0518,-0.15712 0.0259,-0.17476 0.0259,-0.1924 0.0441,-0.18358 0.0441,-0.1753 0.0546,-0.0651 0.54302,-1.34293 -3.97864,-1.13676 -1.521,-1.15935 -0.0535,-0.0877 -0.0347,-0.11301 -0.0612,-0.18413 -0.07,-0.20122 -0.0165,-0.15657 -0.0353,-0.11411 -0.0441,-0.20122 -0.0171,-0.17366 -0.0176,-0.21941 0.0259,-0.20067 -0.008,-0.29714 0.008,-0.26186 0.0441,-0.35007 0.0347,-0.31424 0.0171,-0.15656 0.0529,-0.21004 0.0259,-0.1924 0.0259,-0.23595 0.027,-0.19185 0.0171,-0.19295 0.0259,-0.21776 0.07,-0.18413 0.0265,-0.21831 0.0435,-0.21004 0.07,-0.16594 0.0441,-0.17475 0.0612,-0.16594 0.0606,-0.13893 0.07,-0.16648 0.0871,-0.16594 0.0353,-0.17476 0.0529,-0.18413 -0.0182,-0.22713 -0.0518,-0.13065 -0.0959,-0.12239 -0.11411,-0.12294 -0.12184,-0.0777 -0.1494,-0.0882 -0.16593,-0.0777 -0.16594,-0.07 -0.19185,-0.0612 -0.12183,-0.0617 -0.16594,-0.0871 -0.1494,-0.1053 -0.12183,-0.0777 -0.0959,-0.0959 -0.12293,-0.1053 -0.0959,-0.12293 -0.0965,-0.12184 -0.0959,-0.11412 -0.07,-0.13892 -0.0871,-0.14003 -0.0529,-0.14002 -0.0435,-0.15712 -0.043,-0.18413 -0.0535,-0.15657 v -0.17531 -0.17475 l -0.0259,-0.17421 -0.0171,-0.17476 -0.0176,-0.22713 -0.0259,-0.14885 -0.0171,-0.20122 v -0.21775 -0.17531 l 0.008,-0.21776 v -0.21886 -0.1483 -0.20122 -0.19295 -0.19185 l 0.0259,-0.20067 0.027,-0.1924 V 102.682 l 0.0265,-0.19184 0.0259,-0.20894 V 102.08 l 0.0259,-0.21004 0.07,-0.19185 0.0441,-0.19295 0.0436,-0.1924 0.07,-0.16594 0.0612,-0.16593 0.1053,-0.11302 0.0309,-0.0369 -0.69187,-0.75306 -0.74809,-0.210043 -0.55019,-0.49671 -0.44599,-0.378734 -0.68304,-0.119078 -0.618,0.168142 -0.53971,0.181374 -0.63232,0.180822 -0.39417,-0.0011 -0.25966,-0.743135 -0.36716,-0.482927 -0.22216,-0.248079 -0.65769,-0.02701 -0.30211,0.142233 -0.73817,0.324708 -0.59153,0.38976 -0.59208,0.233194 -0.51435,0.221066 -0.801577,0.05072 -0.643903,0.01158 -0.683596,-0.05292 -0.709507,-0.170348 -0.380388,-0.313682 -0.65548,-0.457017 -0.170348,-0.351721 -0.328016,-0.26131 -0.367157,-0.339042 -0.130104,-0.390862 -0.207835,-1.043036 -0.07718,-0.794956 0.383145,-0.67698 0.461427,-0.481825 0.448197,-0.402991 -0.0645,-0.404094 -0.420632,-0.130655 -0.512697,-0.183578 -0.564518,-0.326362 -0.485684,-0.352273 -0.314785,-0.404645 -0.235951,-0.481825 -0.24863,-0.534748 -0.07718,-0.677532 -0.07773,-0.521518 -0.196809,-0.32581 -0.210041,-0.117425 -0.498915,-0.378734 0.474107,-0.272887 0.211694,-0.455914 0.185233,-0.495056 0.474107,-0.09041 0.539159,-0.01213 0.644454,0.195707 0.486236,0.274541 0.551838,0.196258 0.125142,0.03418 0.348414,0.09647 0.237053,-0.156014 -0.05127,-0.416773 0.119078,-0.325811 0.277297,-0.195155 0.342349,-0.07773 0.527031,-0.272887 0.237605,-0.33849 0.316438,-0.181925 0.540262,-0.220515 0.487338,-0.103642 0.140578,-0.08655 0.17586,-0.108052 0.487341,-0.35117 0.33132,-0.572787 0.5138,-0.311478 0.4493,-0.429452 0.0408,-0.442684 -0.0518,-0.378183 0.23871,-0.507735 0.25194,-0.520967 0.0281,-0.573338 -0.16979,-0.547428 -0.038,-0.495056 0.0937,-0.560659 0.12018,-0.416773 0.19901,-0.611378 z"
         inkscape:label="14èmeCE" />
       <path
         id="Donga-13"
         style="fill:#93c842;fill-opacity:1;fill-rule:evenodd;stroke:#ffffff;stroke-width:0.423389;stroke-miterlimit:4;stroke-dasharray:none;stroke-opacity:1"
         d="m 103.71425,77.959532 -0.42229,0.103091 -0.33022,0.325259 -0.19791,0.142783 -0.50002,-0.05292 -0.0678,0.469145 -0.19901,0.611378 -0.12018,0.416773 -0.0937,0.560659 0.038,0.495056 0.16979,0.547428 -0.0281,0.573338 -0.25194,0.520967 -0.23871,0.507735 0.0518,0.378183 -0.0408,0.442684 -0.4493,0.429452 -0.5138,0.311478 -0.33132,0.572787 -0.487342,0.35117 -0.17586,0.108052 -0.140578,0.08655 -0.487338,0.103642 -0.540262,0.220515 -0.316438,0.181925 -0.237605,0.33849 -0.527031,0.272887 -0.342349,0.07773 -0.277297,0.195155 -0.119078,0.325811 0.05127,0.416773 -0.237053,0.156014 -0.348414,-0.09647 -0.125142,-0.03418 -0.551838,-0.196258 -0.486236,-0.274541 -0.644454,-0.195707 -0.539159,0.01213 -0.474107,0.09041 -0.185233,0.495056 -0.211694,0.455914 -0.474107,0.272887 0.498915,0.378734 0.210041,0.117425 0.196809,0.32581 0.07773,0.521518 0.07718,0.677532 0.24863,0.534748 0.235951,0.481825 0.314785,0.404645 0.485684,0.352273 0.564518,0.326362 0.512697,0.183578 0.420632,0.130655 0.0645,0.404094 -0.448197,0.402991 -0.461427,0.481825 -0.383145,0.67698 0.07718,0.794956 0.207835,1.043036 0.130104,0.390862 0.367157,0.339042 0.328016,0.26131 0.170348,0.351721 0.65548,0.457017 0.380388,0.313682 0.709507,0.170348 0.683596,0.05292 0.643903,-0.01158 0.801578,-0.05072 0.51435,-0.221066 0.59208,-0.233194 0.59153,-0.38976 0.73817,-0.324708 0.30211,-0.142233 0.65769,0.02701 0.22216,0.248079 0.36716,0.482927 0.25966,0.743135 0.39417,0.0011 0.63232,-0.180822 0.53971,-0.181374 0.618,-0.168142 0.68304,0.119078 0.44599,0.378734 0.55019,0.49671 0.74809,0.210044 0.69187,0.75306 0.0728,-0.086 0.12294,-0.0959 0.12238,-0.0959 0.14003,-0.0871 0.12183,-0.0788 0.16594,-0.0612 0.17476,-0.0259 0.18303,-0.0441 h 0.15822 l 0.1742,-0.0259 0.18358,-0.0182 h 0.17531 l 0.20067,-0.0259 0.20122,0.0259 0.21776,0.0259 h 0.1924 l 0.20067,0.009 h 0.21941 0.15656 l 0.18413,-0.0441 0.18303,-0.043 0.11412,-0.0788 0.12183,-0.09592 0.13121,-0.114117 0.0959,-0.113013 0.0788,-0.105296 0.0871,-0.165938 0.0882,-0.139475 0.0606,-0.166489 0.043,-0.340696 0.0441,-0.323054 0.0353,-0.323605 0.0606,-0.323055 0.0441,-0.323054 0.0441,-0.314785 0.0347,-0.323054 0.0612,-0.323606 0.043,-0.323054 0.0353,-0.323605 0.0436,-0.323055 0.0612,-0.323605 0.0347,-0.314234 0.0441,-0.323606 0.0612,-0.323054 0.0441,-0.323605 0.0347,-0.323055 0.043,-0.323605 0.0612,-0.314234 0.0347,-0.323605 0.0441,-0.323055 0.0353,-0.323605 0.0606,-0.323055 0.0441,-0.323054 0.0441,-0.323605 0.0347,-0.323055 0.0265,-0.03528 -0.0303,-0.08986 -0.0309,-0.09317 -0.0788,-0.122386 -0.07,-0.140027 -0.0959,-0.113565 -0.0965,-0.122386 -0.11356,-0.122386 -0.12239,-0.104744 -0.12183,-0.07883 -0.12294,-0.07828 -0.0959,-0.122386 -0.12239,-0.104744 -0.12294,-0.105296 -0.0959,-0.113565 -0.11301,-0.130655 -0.0959,-0.113566 -0.0788,-0.122385 -0.0871,-0.140027 -0.0788,-0.122386 -0.07,-0.131206 -0.0959,-0.122386 -0.07,-0.139476 -0.0612,-0.21004 -0.0353,-0.130655 -0.0435,-0.140027 -0.07,-0.183579 -0.0259,-0.148296 -0.07,-0.148847 -0.043,-0.174759 -0.0535,-0.139475 -0.07,-0.157668 -0.043,-0.139476 -0.07,-0.157117 -0.027,-0.140027 -0.0689,-0.140027 -0.0529,-0.174758 -0.0171,-0.157116 -0.027,-0.174759 -0.0259,-0.183578 0.0259,-0.209489 0.009,-0.20122 0.0436,-0.209489 0.0441,-0.192399 0.0524,-0.191848 0.0606,-0.166489 0.07,-0.165937 0.0612,-0.165938 0.07,-0.192399 0.0612,-0.183027 0.0606,-0.131207 0.0529,-0.192399 0.0612,-0.183579 0.0441,-0.174758 0.043,-0.183027 0.027,-0.218861 -0.0353,-0.200668 -0.027,-0.140027 -0.0518,-0.157117 -0.07,-0.157668 -0.0441,-0.139476 -0.0518,-0.157117 -0.0259,-0.157668 -0.0441,-0.157117 -0.006,-0.03694 -0.0198,-0.137822 0.009,-0.21831 0.0259,-0.192399 0.0871,-0.165937 0.0788,-0.148848 0.12239,-0.0871 0.12183,-0.09592 0.07,-0.166489 -0.0259,-0.183027 -0.0959,-0.140027 -0.07,-0.140027 -0.0965,-0.122386 -0.0695,-0.113565 -0.0524,-0.165937 -0.0441,-0.157117 -0.0259,-0.174758 -0.0441,-0.183579 0.0265,-0.165937 0.006,-0.04906 -0.71502,0.301003 -0.39472,0.09041 -0.34179,-0.131206 -0.51325,-0.275093 -0.69683,-0.249733 -0.51325,-0.144437 -0.47411,0.02481 -0.59263,0.0634 -0.54136,0.181374 -0.88206,0.06285 -0.94766,0.01103 -0.89585,-0.05403 -0.77731,-0.06671 z"
         inkscape:label="13èmeCE" />
       <path
         id="Couffo-12"
         style="fill:#93c842;fill-opacity:1;fill-rule:evenodd;stroke:#ffffff;stroke-width:0.423389;stroke-miterlimit:4;stroke-dasharray:none;stroke-opacity:1"
         d="m 108.19787,174.02407 -0.37102,0.80488 -0.0926,0.43001 -0.13231,0.37708 -0.24973,0.41677 -0.39417,0.45536 -0.301,0.28557 -0.31424,0.19516 -0.32691,-0.0138 -0.10805,-0.006 -0.37488,-0.0209 -0.46969,-0.0932 -0.33904,-0.1957 -0.31424,0.11687 -0.41787,0.15491 -0.47025,-0.10474 -0.50884,-0.19736 -0.23375,-0.0651 -0.081,0.52097 -0.11798,0.2343 -0.27509,0.15601 -0.0921,0.1301 0.091,0.32582 0.129,0.36495 0.27288,0.49616 0.129,0.32581 -0.0667,0.40409 -0.13231,0.36495 -0.24918,0.28612 -0.35283,0.18193 -0.52206,0.0898 -0.41898,0.0899 -0.33904,0.0651 -0.13066,0.16924 -0.13231,0.31313 -0.27509,0.33794 -0.45812,0.24698 -0.496159,0.11577 -0.470248,0.10419 -0.587672,0.0507 -0.274541,0.0639 -0.01433,0.006 0.240361,0.0926 0.101437,0.11522 -0.231541,0.21665 -0.05788,0.13121 0.108604,0.1731 -0.108053,0.11577 -0.267925,0.10806 -0.159322,0.14499 -0.100886,0.18137 -0.239258,0.0215 -0.01047,0.0623 1.476347,0.79717 0.574441,5.5e-4 0.613583,-0.0899 0.875992,-0.2977 0.53585,-0.19405 0.67919,0.027 0.56066,10e-4 0.36605,-0.14223 0.34014,-0.20783 0.45812,-0.32526 0.43166,-0.28612 0.30101,-0.27289 0.27509,-0.0651 0.6009,-0.0888 0.69242,-0.16814 0.69186,-0.11577 0.44985,0.01 0.21611,0.005 0.48292,0.13065 0.12184,0.0805 0.43827,0.28667 0.49506,0.28832 0.54688,0.31368 0.48182,0.28833 0.59925,0.20949 0.48679,0.11411 0.0761,-0.11797 0.043,-0.19185 0.0441,-0.16594 0.0441,-0.18413 v -0.21776 l -0.0182,-0.20122 -0.0171,-0.19184 -0.0441,-0.18413 -0.0518,-0.13121 0.008,-0.21776 0.0176,-0.19295 0.07,-0.16594 0.0959,-0.11301 0.0612,-0.1494 0.0612,-0.13948 0.0529,-0.20948 0.21776,-0.19296 0.0959,-0.11301 0.12349,-0.0959 0.10364,-0.11412 0.097,-0.12183 0.0871,-0.14003 0.0441,-0.16594 0.0259,-0.21776 0.0171,-0.16704 -0.043,-0.20011 0.008,-0.19295 v -0.20122 l 0.0441,-0.16594 0.10529,-0.13893 0.11357,-0.0882 0.12238,-0.0959 0.12184,-0.0959 0.14003,-0.07 0.0959,-0.0959 0.10474,-0.14002 -0.0176,-0.17476 -0.0783,-0.11302 -0.0876,-0.14002 -0.0689,-0.14003 -0.07,-0.15712 -0.07,-0.14002 -0.07,-0.12184 -0.14939,-0.0794 -0.15657,0.0441 -0.12239,0.0959 -0.14002,0.0871 -0.12184,0.0959 -0.15822,0.0441 -0.14002,0.07 -0.15657,0.0518 -0.15712,0.0182 -0.19184,-0.16594 -0.29715,-0.25414 -0.29714,-0.25304 -0.2977,-0.23595 -0.42835,-0.24477 -0.0171,-0.1924 0.0171,-0.14775 -0.0171,-0.20122 -0.0529,-0.13065 -0.16594,-0.0882 -0.0777,-0.0777 -0.07,-0.13121 -0.0441,-0.18413 -0.0871,-0.12183 -0.0452,-0.054 -0.0507,-0.0601 -0.16594,-0.0606 -0.1494,-0.0871 -0.13947,-0.0623 -0.07,-0.15711 -0.0524,-0.13948 -0.14003,-0.0965 -0.14002,-0.0606 -0.07,-0.14002 z"
         inkscape:label="12èmeCE" />
       <path
         id="Couffo-11"
         style="fill:#fac82d;fill-opacity:1;fill-rule:evenodd;stroke:#ffffff;stroke-width:0.423389;stroke-miterlimit:4;stroke-dasharray:none;stroke-opacity:1"
         d="m 99.83043,158.82398 0.0441,0.18689 -0.05844,0.10089 -0.261861,0.003 -0.44103,0.003 -0.159322,0.0651 -0.137822,0.21721 -0.234848,2.13183 -0.01654,0.53033 -0.01323,0.43001 -0.0083,0.24698 0.04631,3.36174 -0.03253,0.0849 0.01654,0.27289 0.05733,0.98736 0.0039,2.92071 0.0017,0.0651 0.109155,3.97423 0.01213,0.43772 -1.1136,-0.0606 -0.412914,0.0937 -0.152156,-0.0358 -0.07222,-0.10199 -0.897496,0.0127 0.0419,0.79606 0.01378,0.0221 0.455915,0.76739 0.09041,0.54854 0.02922,0.20893 0.08655,0.15216 0.195707,0.15215 0.02315,0.01 0.549082,0.22823 0.03638,0.12294 -0.02205,0.12293 -0.043,0.2321 0.07939,0.22382 -0.296593,0.27509 -0.08655,0.18082 0.02205,0.16594 0.06891,0.12018 0.126797,0.21996 0.01433,0.25304 -0.07167,0.46309 0.13727,0.0937 0.289426,-0.0507 0.05072,0.11577 -0.173104,0.1731 -0.340144,0.23209 -0.05788,0.18082 0.05954,0.17311 0.01268,0.0369 0.260759,-0.0149 0.108604,0.065 0.06505,0.18082 -0.151604,0.34015 0.01488,0.32471 0.07939,0.0871 0.136168,0.0524 0.01433,-0.006 0.274541,-0.0639 0.587672,-0.0507 0.470248,-0.10419 0.496159,-0.11577 0.458121,-0.24698 0.27509,-0.33794 0.13231,-0.31313 0.13066,-0.16924 0.33904,-0.0651 0.41898,-0.0899 0.52206,-0.0898 0.35283,-0.18193 0.24918,-0.28612 0.13231,-0.36495 0.0667,-0.40409 -0.129,-0.32581 -0.27288,-0.49616 -0.129,-0.36495 -0.091,-0.32582 0.0921,-0.1301 0.27509,-0.15601 0.11798,-0.2343 0.081,-0.52097 0.23375,0.0651 0.50884,0.19736 0.47025,0.10474 0.41787,-0.15491 0.31424,-0.11687 0.33904,0.1957 0.46969,0.0932 0.37488,0.0209 0.10805,0.006 0.32691,0.0138 0.31424,-0.19516 0.301,-0.28557 0.39417,-0.45536 0.24973,-0.41677 0.13231,-0.37708 0.0926,-0.43001 0.37102,-0.80488 -0.006,-0.0231 -0.07,-0.14003 -0.07,-0.14002 -0.12183,-0.12184 -0.07,-0.12294 -0.14003,-0.0959 -0.07,-0.12239 -0.0959,-0.14002 -0.0441,-0.15657 -0.0959,-0.11411 -0.0959,-0.12184 -0.19185,-0.0441 -0.12293,-0.0794 h -0.1924 l -0.13066,-0.043 -0.0612,-0.15656 -0.0259,-0.17531 -0.0959,-0.12294 -0.16594,-0.0347 -0.11412,-0.12239 v -0.21775 l 0.0441,-0.19296 0.008,-0.21831 -0.0959,-0.14002 -0.12184,-0.0777 -0.0871,-0.14003 -0.0529,-0.13121 0.009,-0.21886 0.0259,-0.21279 v -0.21501 l -0.07,-0.14002 -0.07,-0.14003 -0.0959,-0.11301 -0.07,-0.14003 -0.0171,-0.20122 v -0.21776 l -0.0176,-0.19295 -0.043,-0.18303 -0.0529,-0.1312 -0.0612,-0.15712 -0.19185,-0.027 -0.0529,-0.0667 -0.043,-0.0551 -0.07,-0.15711 -0.0441,-0.15657 -0.07,-0.14003 -0.17531,-0.0353 -0.19184,-0.0259 -0.0959,-0.14003 0.009,-0.21886 v -0.21831 l -0.07,-0.13065 -0.11412,-0.1053 -0.12183,-0.10474 -0.11412,-0.0959 -0.0959,-0.12238 -0.12184,-0.0788 -0.07,-0.15711 0.009,-0.21886 -0.10474,-0.0959 -0.15712,-0.0871 -0.10474,-0.0959 -0.0612,-0.15822 -0.027,-0.20066 -0.0689,-0.11302 h -0.19295 l -0.21831,-0.009 -0.14885,-0.0606 -0.07,-0.15712 -0.0689,-0.14003 -0.097,-0.12293 -0.16594,-0.0342 -0.11301,-0.12294 -0.0259,-0.17476 v -0.21831 l 0.043,-0.16593 0.0606,-0.14885 v -0.1483 l -0.12183,-0.10474 -0.0959,-0.12184 -0.14003,-0.0794 -0.07,-0.14003 -0.043,-0.17365 -0.0441,-0.17531 0.0259,-0.21887 -0.0259,-0.20121 -0.07,-0.13066 -0.0441,-0.18303 -0.043,-0.15711 -0.12294,-0.097 -0.0871,-0.12184 -0.07,-0.15711 -0.0259,-0.15822 -0.0441,-0.17366 -0.07,-0.16593 -0.043,-0.15822 -0.0965,-0.11302 -0.0965,-0.14885 -0.07,-0.11301 -0.11302,-0.12294 -0.10474,-0.0959 -0.0309,-0.0491 -0.0562,-0.091 -0.0529,-0.15711 -0.0871,-0.12184 -0.0529,-0.15712 -0.07,-0.15821 -0.0612,-0.15712 -0.0259,-0.15657 -0.0441,-0.18413 -0.07,-0.15711 -0.043,-0.15712 -0.0788,-0.14003 -0.06947,-0.13065 z"
         inkscape:label="11èmeCE" />
       <path
         id="Collines-10"
         style="fill:#a9d369;fill-opacity:1;fill-rule:evenodd;stroke:#ffffff;stroke-width:0.423389;stroke-miterlimit:4;stroke-dasharray:none;stroke-opacity:1"
         d="m 116.04985,118.78179 -0.0546,0.0651 -0.0441,0.1753 -0.0441,0.18358 -0.0259,0.1924 -0.0259,0.17476 0.0518,0.15712 0.07,0.15711 0.07,0.14003 0.11412,0.12184 0.07,0.14884 0.12184,0.0959 0.07,0.14002 0.043,0.18303 -0.008,0.21004 -0.0176,0.20122 -0.009,0.21004 v 0.21776 0.17531 l 0.07,0.15657 0.0623,0.16648 0.0518,0.13066 0.0959,0.14885 0.0612,0.15711 0.0529,0.14003 0.043,0.17531 0.0182,0.20067 v 0.21831 l -0.009,0.21886 -0.0435,0.18303 -0.043,0.17475 -0.0265,0.1924 0.0695,0.18358 0.0176,0.17421 0.0259,0.20122 -0.009,0.21004 -0.043,0.17476 -0.0441,0.16593 -0.0607,0.16594 -0.0441,0.16594 -0.0441,0.17531 -0.0612,0.16594 -0.07,0.16593 -0.043,0.16594 -0.0176,0.19185 v 0.17531 l 0.0176,0.17365 0.07,0.14003 0.17421,0.0441 0.0882,0.14003 0.0959,0.12184 -0.0441,0.16648 -0.0243,0.0198 -0.0888,0.0761 -0.14884,0.11356 -0.0959,0.0783 -0.12238,0.0882 -0.12294,0.0959 -0.14774,0.0959 -0.11412,0.07 -0.14003,0.07 -0.13892,0.07 -0.14003,0.07 -0.18413,0.043 -0.15712,0.0441 -0.16593,0.0518 h -0.17476 l -0.17531,0.0182 h -0.20067 -0.20122 l -0.19185,-0.009 -0.19185,-0.0441 -0.0364,-0.0127 -0.33298,1.12297 -0.043,0.7299 0.011,0.57279 0.14113,0.62626 -0.19791,0.49506 -0.39638,0.50718 -0.11853,0.33794 0.15491,0.63894 -0.0683,0.56011 -0.18579,0.65052 -0.13396,0.65217 -0.0171,0.80709 -0.003,0.75581 -0.002,0.44324 0.0899,0.54798 0.0893,0.62571 0.35061,0.67808 0.19406,0.43111 0.29935,0.48292 0.15601,0.39087 -0.0281,0.48237 -0.14719,0.53365 -0.21169,0.56011 -0.23816,0.61192 -0.016,0.67699 0.0628,0.71722 0.0369,0.40409 0.1279,0.71668 0.47245,-0.0369 0.36495,0.17035 0.26076,0.1957 0.24698,0.39197 0.0772,0.49616 0.16814,0.40409 0.31258,0.24863 0.41732,0.52207 0.19406,0.45702 0.35172,0.32691 0.32636,0.26131 0.23485,0.15822 0.44489,-0.0254 0.28997,-0.2988 0.31589,-0.40299 0.34235,-0.38921 0.11908,-0.20893 0.61799,-0.58382 0.37873,-0.0513 0.36826,-0.28501 0.58988,-0.0888 0.48403,0.001 0.48458,-0.11522 0.44544,0.0408 0.24588,0.61303 0.0882,0.61303 0.27179,0.74424 0.19185,0.75582 0.21996,0.56121 0.76905,0.51104 0.58822,0.19791 0.40409,0.44489 0.15491,0.44323 0.0507,0.24808 -0.0557,0.65162 0.18082,0.47025 0.403,0.36606 0.39802,1.18802 -0.005,-0.0452 0.14885,0.0347 0.32305,0.0182 h 0.33188 0.33243 l 0.3236,-0.009 0.33188,0.0259 0.32305,-0.009 h 0.33243 0.32305 l 0.33188,0.0176 0.3236,-0.009 h 0.33243 0.33187 l 0.32306,0.0182 h 0.33187 l 0.32306,-0.009 h 0.33187 0.32416 l 0.33187,0.0171 0.32306,-0.008 h 0.33187 0.33188 l 0.15436,5.5e-4 0.129,-1.32088 -0.0403,-0.74589 -0.0358,-0.69187 0.14003,-0.86001 -0.0932,-0.62901 -0.15105,-0.48514 -0.13672,-0.10088 -0.28336,-0.0733 -0.064,-0.12294 -0.0937,-0.49065 -0.07,-0.1494 -0.26131,-0.54577 -0.86,-1.10092 0.23319,-0.10805 0.37818,-0.63398 0.0948,-0.4052 0.14609,-0.14388 0.0579,-0.35393 0.0689,-0.33298 0.15712,-0.48513 0.0369,-0.39086 0.0524,-0.55735 -0.001,-0.0557 0.42063,-1.6693 0.081,-0.25194 0.1742,-0.17972 0.008,-0.11632 -0.15877,-0.45481 0.0298,-0.23099 0.17531,-0.39583 0.0628,-0.37597 -0.0827,-0.3611 0.0739,-0.33187 0.13782,-0.27399 0.23319,-0.26627 0.13066,-0.27399 0.0893,-0.79386 -0.0281,-0.33904 0.0369,-0.21721 0.0562,-0.0739 0.0309,-0.0408 -0.43386,-0.42008 -0.0932,-0.14995 -0.16594,-0.26793 -0.16594,-0.26903 -0.26131,-0.22437 -0.12293,-0.21666 -0.10695,-0.4923 -0.41071,-0.97467 -0.0364,-0.24919 -0.0419,-0.28611 0.0254,-0.57885 0.0165,-0.38205 0.004,-0.086 0.36385,-0.38094 0.16815,-0.55625 -0.086,-0.59153 -0.13616,-0.44819 0.23981,-0.35283 0.3633,-0.0143 0.27564,-0.13617 0.18247,-0.27399 0.0579,-0.28391 0.0518,-0.24973 0.15326,-0.33905 0.24753,-0.30982 -0.21666,-0.22437 0.0221,-0.11577 0.34897,-0.37488 -0.0281,-0.13727 0.01,-0.13121 0.0198,-0.27288 -0.39086,-0.33298 0.008,-0.15216 0.14609,-0.2806 0.13892,-0.46198 -0.19019,-0.35117 -0.0849,-0.15491 -0.0281,-0.18082 0.002,-0.0562 0.0287,-0.88317 0.008,-0.2376 -0.0419,-0.61413 -0.0794,-0.18138 -0.2387,-0.14499 -0.043,-0.12955 0.0579,-0.18799 0.21114,-0.18027 -0.15105,-0.35393 0.0877,-0.29604 0.19736,-0.41071 -0.13727,-0.30431 -0.0281,-0.23099 0.0303,-0.56286 -0.064,-0.28226 -0.0899,-0.11797 -0.2365,-0.30872 -0.14058,-0.39914 -0.16704,0.004 h -0.33187 -0.33243 l -0.3236,-0.0171 h -0.33243 l -0.33188,0.009 -0.33187,-0.0182 h -0.32306 -0.33187 l -0.33187,0.009 -0.33243,-0.0259 -0.33188,0.008 h -0.33187 l -0.32416,-0.0171 h -0.33187 l -0.33188,0.009 -0.32305,-0.0176 h -0.33188 -0.33242 l -0.33188,0.009 -0.33187,-0.0259 -0.32306,0.008 h -0.33187 l -0.33188,-0.0171 h -0.33352 l -0.33188,0.009 h -0.33187 l -0.32306,-0.0182 h -0.33187 l -0.33188,0.009 -0.32305,-0.0176 h -0.33188 -0.33242 l -0.33188,-0.0171 -0.33187,0.009 h -0.32416 -0.33188 l -0.33187,-0.0176 -0.33243,0.009 h -0.33187 l -0.32306,-0.0182 -0.33187,0.009 h -0.33188 -0.33187 l -0.32416,-0.0171 -0.33187,0.008 h -0.33188 l -0.33242,-0.0171 h -0.33188 l -0.33187,0.009 -0.32306,-0.0182 z"
         inkscape:label="10èmeCE" />
       <path
         id="Collines-9"
         style="fill:#a9d369;fill-opacity:1;fill-rule:evenodd;stroke:#ffffff;stroke-width:0.423389;stroke-miterlimit:4;stroke-dasharray:none;stroke-opacity:1"
         d="m 103.84876,123.8189 -0.15656,0.027 -0.18413,0.043 -0.17421,0.0182 -0.16704,0.0518 -0.13892,0.07 -0.15767,0.0441 -0.14003,0.0959 -0.12239,0.07 -0.14002,0.07 -0.13893,0.0689 -0.14002,0.07 -0.15657,0.027 -0.16704,0.043 -0.15712,0.0529 -0.15711,0.043 -0.15712,0.0441 -0.18413,0.0441 -0.18248,0.0259 -0.17531,0.0182 -0.17475,0.0259 -0.20122,-0.0259 -0.17476,0.0259 -0.18303,0.0259 -0.201218,0.0171 h -0.191848 l -0.20122,-0.008 h -0.218861 l -0.191848,-0.027 h -0.21831 l -0.201219,-0.0259 h -0.1924 l -0.114667,-0.0121 0.02536,1.44437 0.0022,0.71502 0.306516,0.46088 0.255797,0.41787 0.03804,0.41237 -0.137271,0.25248 -0.491748,0.63233 0.08876,0.31368 -0.05788,0.17311 -0.144988,0.15932 0.03749,0.46308 -0.151604,0.61358 -0.01654,0.30321 -0.005,0.10089 -0.07939,0.24532 0.05568,0.2569 0.0871,0.40189 0.235951,0.37487 0.05292,0.70014 0.01268,3.45106 0.0088,0.50001 0.0094,0.54688 -0.005,0.46915 0.0193,1.37766 0.01268,1.46643 0.0061,2.22279 0.02426,0.36384 -0.01874,0.41292 -0.09317,2.05795 0.043,0.2751 -0.05844,0.26737 -0.04906,1.35892 -0.01103,0.29494 0.0066,0.41181 0.151604,0.47687 0.02867,0.27509 -0.119629,2.4852 -0.05182,1.07667 0.0204,0.903 0.187438,0.65107 0.144437,0.29108 0.931676,-0.11577 0.863862,-0.16814 1.07281,-0.0237 0.81094,0.0138 0.77236,-0.10199 0.68084,0.001 0.92781,0.002 0.89033,0.14498 0.92892,-0.0496 0.61413,0.0926 0.70565,0.24919 0.91293,0.55018 0.15547,0.48293 0.16869,0.39086 0.26131,0.24808 0.25855,0.56121 0.575,0.2365 0.31423,-0.14278 0.35282,0.0921 0.50939,0.28778 0.36551,0.027 0.82527,-0.16704 0.54908,-0.011 0.52373,-0.1935 0.52317,-0.0502 0.31423,0.10475 0.56287,-0.0766 0.37873,0.0529 0.41843,0.14499 0.62681,0.13176 0.32691,0.054 0.45702,0.14388 0.4041,0.19736 0.40464,0.24863 0.46915,0.31534 0.52206,0.28777 0.44324,0.31423 0.35172,0.2751 0.32526,0.28777 0.33904,0.27509 0.36495,0.24918 0.45592,0.3396 0.45701,0.18523 1.33577,0.0777 -0.0138,-0.0209 -0.07,-0.14003 v -0.19184 l 0.008,-0.21886 0.027,-0.1924 0.043,-0.16594 0.0612,-0.16594 0.0788,-0.14003 0.0612,-0.14774 0.10474,-0.11412 0.0882,-0.14002 0.0783,-0.12184 0.10475,-0.14003 0.0788,-0.12183 0.10419,-0.11412 0.0788,-0.14002 0.10529,-0.12184 0.0607,-0.14829 0.0882,-0.14003 0.0777,-0.14003 0.0794,-0.12183 0.13065,-0.11412 0.0794,-0.11412 0.15656,-0.07 0.12239,-0.0689 0.15712,-0.07 0.14002,-0.07 0.0877,-0.14002 0.0171,-0.17476 -0.0171,-0.19185 -0.07,-0.14003 -0.009,-0.0871 -0.0441,-0.20122 -0.043,-0.18413 -0.0182,-0.19185 -0.0259,-0.15711 -0.0441,-0.18358 -0.0165,-0.1924 0.0259,-0.19185 0.0441,-0.16594 0.0606,-0.19185 0.0612,-0.14002 0.07,-0.1494 0.0777,-0.14003 0.0882,-0.13892 0.0959,-0.12294 0.0441,-0.16594 0.048,-0.12073 -0.39802,-1.18802 -0.403,-0.36606 -0.18082,-0.47025 0.0557,-0.65162 -0.0507,-0.24808 -0.15491,-0.44323 -0.40409,-0.44489 -0.58822,-0.19791 -0.76905,-0.51104 -0.21996,-0.56121 -0.19185,-0.75582 -0.27179,-0.74424 -0.0882,-0.61303 -0.24588,-0.61303 -0.44544,-0.0408 -0.48458,0.11522 -0.48403,-0.001 -0.58988,0.0888 -0.36826,0.28501 -0.37873,0.0513 -0.61799,0.58382 -0.11908,0.20893 -0.34235,0.38921 -0.31589,0.40299 -0.28997,0.2988 -0.44489,0.0254 -0.23485,-0.15822 -0.32636,-0.26131 -0.35172,-0.32691 -0.19406,-0.45702 -0.41732,-0.52207 -0.31258,-0.24863 -0.16814,-0.40409 -0.0772,-0.49616 -0.24698,-0.39197 -0.26076,-0.1957 -0.36495,-0.17035 -0.47245,0.0369 -0.1279,-0.71668 -0.0369,-0.40409 -0.0628,-0.71722 0.016,-0.67699 0.23816,-0.61192 0.21169,-0.56011 0.14719,-0.53365 0.0281,-0.48237 -0.15601,-0.39087 -0.29935,-0.48292 -0.19406,-0.43111 -0.35061,-0.67808 -0.0893,-0.62571 -0.0899,-0.54798 0.002,-0.44324 0.003,-0.75581 0.0171,-0.80709 0.13396,-0.65217 0.18579,-0.65052 0.0683,-0.56011 -0.15491,-0.63894 0.11853,-0.33794 0.39638,-0.50718 0.19791,-0.49506 -0.14113,-0.62626 -0.011,-0.57279 0.043,-0.7299 0.33298,-1.12297 -0.1301,-0.048 -0.17476,-0.0612 -0.16594,-0.0871 -0.16594,-0.0618 -0.1924,-0.0689 -0.16593,-0.0182 -0.19185,-0.043 -0.22713,-0.009 H 112.272 l -0.18303,0.0259 -0.17476,0.0171 -0.19185,-0.0259 -0.14939,-0.0783 -0.12184,-0.10475 -0.0959,-0.0965 -0.11412,-0.12294 -0.12183,-0.0777 -0.1924,-0.0441 -0.21886,-0.0259 -0.19185,-0.07 -0.19185,-0.0441 -0.16594,-0.0612 -0.14002,-0.0866 -0.1494,-0.0794 -0.14003,-0.0866 -0.14774,-0.0794 -0.11412,-0.12183 -0.0959,-0.097 -0.11301,-0.14775 -0.0788,-0.11411 -0.07,-0.12239 -0.12238,-0.12183 -0.07,-0.11412 -0.12183,-0.10474 -0.14003,-0.1053 -0.12183,-0.0606 -0.21886,-0.0171 -0.20122,-0.009 -0.17476,0.0259 h -0.20122 l -0.17476,0.0176 h -0.20012 l -0.21886,-0.0259 -0.16649,-0.0617 -0.16593,-0.0612 -0.14775,-0.0871 -0.12293,-0.0788 -0.11302,-0.12184 -0.0959,-0.12294 -0.097,-0.12238 -0.0959,-0.11302 -0.0965,-0.12293 -0.12183,-0.10475 -0.11412,-0.12238 -0.0959,-0.0959 -0.14003,-0.10474 -0.10364,-0.0959 -0.12349,-0.0794 -0.13948,-0.0866 -0.16648,-0.0794 -0.16594,-0.07 -0.21776,-0.043 -0.19185,-0.0259 -0.21941,-0.027 h -0.20067 z"
         inkscape:label="9èmeCE" />
       <path
         id="Borgou-8"
         style="fill:#f96e67;fill-opacity:1;fill-rule:evenodd;stroke:#ffffff;stroke-width:0.423389;stroke-miterlimit:4;stroke-dasharray:none;stroke-opacity:1"
         d="m 125.02811,79.703804 -0.56617,0.01047 -0.59319,0.115219 -0.57995,-0.01544 -0.29163,0.442683 -0.29218,0.493954 -0.33022,0.245874 -0.0287,0.430004 -0.26517,0.416222 -0.50002,-0.197361 -0.49891,-0.262413 -0.30211,-0.06615 -0.57995,0.05017 -0.45867,-0.236502 -0.53806,-0.405748 -0.55294,-0.144988 -0.54026,0.03694 -0.38094,-0.02701 -0.38094,-0.19681 -0.2784,0.220515 -0.56672,0.141681 -0.65714,-0.236502 -0.51214,-0.236502 -0.53971,-0.183579 -0.55184,-0.06726 -0.60697,0.324157 -0.86221,0.87379 0.006,0.03694 0.0441,0.157117 0.0259,0.157668 0.0518,0.157117 0.0441,0.139476 0.07,0.157668 0.0518,0.157117 0.027,0.140027 0.0353,0.200668 -0.027,0.218861 -0.043,0.183027 -0.0441,0.174758 -0.0612,0.183579 -0.0529,0.192399 -0.0606,0.131207 -0.0612,0.183027 -0.07,0.192399 -0.0612,0.165938 -0.07,0.165937 -0.0606,0.166489 -0.0524,0.191848 -0.0441,0.192399 -0.0436,0.209489 -0.009,0.20122 -0.0259,0.209489 0.0259,0.183578 0.027,0.174759 0.0171,0.157116 0.0529,0.174758 0.0689,0.140027 0.027,0.140027 0.07,0.157117 0.043,0.139476 0.07,0.157668 0.0535,0.139475 0.043,0.174759 0.07,0.148847 0.0259,0.148296 0.07,0.183579 0.0435,0.140027 0.0353,0.130655 0.0612,0.21004 0.07,0.139476 0.0959,0.122386 0.07,0.131206 0.0788,0.122386 0.0871,0.140027 0.0788,0.122385 0.0959,0.113566 0.11301,0.130655 0.0959,0.113565 0.12294,0.105296 0.12239,0.104744 0.0959,0.122386 0.12294,0.07828 0.12183,0.07883 0.12239,0.104744 0.11356,0.122386 0.0965,0.122386 0.0959,0.113565 0.07,0.140027 0.0788,0.122386 0.0309,0.09317 0.0303,0.08986 -0.0265,0.03528 -0.0347,0.323055 -0.0441,0.323605 -0.0441,0.323054 -0.0606,0.323055 -0.0353,0.323605 -0.0441,0.323055 -0.0347,0.323605 -0.0612,0.314234 -0.043,0.323605 -0.0347,0.323055 -0.0441,0.323605 -0.0612,0.323054 -0.0441,0.323606 -0.0347,0.314234 -0.0612,0.323605 -0.0436,0.323055 -0.0353,0.323605 -0.043,0.323054 -0.0612,0.323606 -0.0347,0.323054 -0.0441,0.314785 -0.0441,0.323054 -0.0606,0.323055 -0.0353,0.323605 -0.0441,0.323054 -0.043,0.340696 -0.0606,0.166489 -0.0882,0.139475 -0.0871,0.165938 -0.0788,0.105296 -0.0959,0.113013 -0.13121,0.114117 -0.12183,0.09592 -0.11412,0.0788 -0.18303,0.043 -0.18413,0.0441 h -0.15656 -0.21941 l -0.20067,-0.009 h -0.1924 l -0.21776,-0.0259 -0.20122,-0.0259 -0.20067,0.0259 h -0.17531 l -0.18358,0.0182 -0.1742,0.0259 h -0.15822 l -0.18303,0.0441 -0.17476,0.0259 -0.16594,0.0612 -0.12183,0.0788 -0.14003,0.0871 -0.12238,0.0959 -0.12294,0.0959 -0.0728,0.086 -0.0309,0.0369 -0.1053,0.11302 -0.0612,0.16593 -0.07,0.16594 -0.0436,0.1924 -0.0441,0.19295 -0.07,0.19185 -0.0259,0.21004 v 0.20122 l -0.0259,0.20894 -0.0265,0.19184 v 0.21886 l -0.027,0.1924 -0.0259,0.20067 v 0.19185 0.19295 0.20122 0.1483 0.21886 l -0.008,0.21776 v 0.17531 0.21775 l 0.0171,0.20122 0.0259,0.14885 0.0176,0.22713 0.0171,0.17476 0.0259,0.17421 v 0.17475 0.17531 l 0.0535,0.15657 0.043,0.18413 0.0435,0.15712 0.0529,0.14002 0.0871,0.14003 0.07,0.13892 0.0959,0.11412 0.0965,0.12184 0.0959,0.12293 0.12293,0.1053 0.0959,0.0959 0.12183,0.0777 0.1494,0.1053 0.16594,0.0871 0.12183,0.0617 0.19185,0.0612 0.16594,0.07 0.16593,0.0777 0.1494,0.0882 0.12184,0.0777 0.11411,0.12294 0.0959,0.12239 0.0518,0.13065 0.0182,0.22713 -0.0529,0.18413 -0.0353,0.17476 -0.0871,0.16594 -0.07,0.16648 -0.0606,0.13893 -0.0612,0.16594 -0.0441,0.17475 -0.07,0.16594 -0.0435,0.21004 -0.0265,0.21831 -0.07,0.18413 -0.0259,0.21776 -0.0171,0.19295 -0.027,0.19185 -0.0259,0.23595 -0.0259,0.1924 -0.0529,0.21004 -0.0171,0.15656 -0.0347,0.31424 -0.0441,0.35007 -0.008,0.26186 0.008,0.29714 -0.0259,0.20067 0.0176,0.21941 0.0171,0.17366 0.0441,0.20122 0.0353,0.11411 0.0165,0.15657 0.07,0.20122 0.0612,0.18413 0.0347,0.11301 0.0535,0.0877 1.521,1.15935 3.97864,1.13676 -0.54302,1.34293 0.23319,0.0391 0.32306,0.0182 0.33187,-0.009 h 0.33188 l 0.33242,0.0171 h 0.33188 l 0.33187,-0.008 0.32416,0.0171 h 0.33187 0.33188 l 0.33187,-0.009 0.32306,0.0182 h 0.33187 l 0.33243,-0.009 0.33187,0.0176 h 0.33188 0.32416 l 0.33187,-0.009 0.33188,0.0171 h 0.33242 0.33188 l 0.32305,0.0176 0.33188,-0.009 h 0.33187 l 0.32306,0.0182 h 0.33187 l 0.33188,-0.009 h 0.33352 l 0.33188,0.0171 h 0.3322 l 0.32306,-0.008 0.33187,0.0259 0.33188,-0.009 h 0.33242 0.33188 l 0.32305,0.0176 0.33188,-0.009 h 0.33187 l 0.32416,0.0171 h 0.33187 l 0.33188,-0.008 0.33243,0.0259 0.33187,-0.009 h 0.33187 0.32306 l 0.33187,0.0182 0.33188,-0.009 h 0.33243 l 0.3236,0.0171 h 0.33243 0.33187 l 0.16704,-0.004 -0.0254,-0.0711 0.0584,-0.17366 0.23374,-0.28832 0.0513,-0.21611 0.17476,-0.17972 0.3418,-0.0788 0.12735,-0.0711 0.0397,-0.022 0.0733,-0.13727 -0.14444,-0.31092 -0.0209,-0.32581 0.0965,-0.67919 -0.0584,-0.10474 -0.0788,-0.1483 0.007,-0.12184 0.0287,-0.043 0.3203,-0.0722 0.1698,-0.86608 -0.10089,-0.31864 -0.27619,0.0568 -0.10199,-0.0209 -0.002,-0.0298 -0.005,-0.10088 0.0507,-0.13727 0.13231,-0.12184 0.14499,-0.0292 0.0656,-0.0568 0.35117,-0.83024 -0.11577,-0.17365 -0.21831,-0.065 0.11688,-0.13727 0.34235,-0.21611 0.0948,-0.1946 -0.043,-0.12349 -0.13783,-0.12955 -0.0292,-0.13727 0.16814,-0.0871 0.0369,-0.0717 -0.0579,-0.0943 -0.21831,-0.0287 -0.0651,-0.10199 0.14609,-0.2591 -0.0507,-0.0799 -0.26903,-0.059 -0.007,-0.10144 0.33518,-0.172 0.0441,-0.10088 -0.0292,-0.0799 -0.22217,-0.054 -0.0176,-0.004 -0.043,-0.0733 0.26186,-0.17972 0.008,-0.1731 0.10199,-0.23816 -0.21666,-0.20948 -0.0259,-0.07 0.0838,-0.35944 1.77404,0.0303 0.53806,-0.007 0.41401,0.0728 0.36385,-0.0788 0.0871,-0.25965 0.2999,-0.22934 0.14388,-0.10971 0.53089,-0.12238 1.27348,-0.15767 0.0937,0.007 0.23981,0.40629 0.63232,0.22493 0.31975,-0.0507 0.43607,5.5e-4 0.33518,-0.086 0.52372,-0.19405 0.22493,-0.0215 0.27729,-0.10034 0.15216,-0.0937 0.85891,-0.25911 0.14609,-0.11522 0.12404,-0.88867 0.29273,-0.72219 0.61303,-1.11084 0.0871,-0.13011 -0.0562,-0.83134 0.008,-0.62185 0.13176,-0.43276 0.16704,-0.21721 0.57609,-0.42504 0.22603,-0.30982 0.0369,-0.28226 -0.14499,-0.57058 -0.0568,-0.37598 -0.0143,-0.55625 0.0452,-0.5331 0.0221,-0.26902 -0.0573,-0.347183 -0.57996,-1.583297 -0.0788,-0.448748 0.16924,-0.707853 0.40851,-0.700134 0.16814,-0.245323 0.26186,-0.151053 0.56948,-0.223271 0.16649,-0.07167 0.27123,-0.25249 0.40906,-0.923957 0.2558,-0.296041 0.3429,-0.548531 0.16814,-0.143886 0.2343,-0.396927 0.31368,-0.440478 0.11742,-0.230989 0.0827,-0.939394 0.23429,-0.396927 0.0959,-0.07939 -0.56838,-0.207284 -0.69462,-0.303759 -0.86442,-0.53971 -0.44489,-0.328016 -0.54908,-0.420632 -0.2977,-0.705096 -0.23099,-0.705097 -0.11411,-0.652172 -0.0221,-0.599801 -0.19406,-0.443786 -0.35172,-0.562313 -0.68304,-0.121283 -0.69738,-0.03032 -0.77676,-0.0044 -0.74975,-0.06891 -0.49727,-0.380939 -0.45922,-0.315337 -0.43055,-0.432209 -0.67037,-0.185783 -0.71171,0.126244 -0.47521,0.153809 -0.61965,0.283913 -0.71336,0.361093 -0.64666,0.205079 -0.64501,0.153258 -0.50332,0.323054 -0.30486,0.480723 -0.39528,-0.0017 -0.26351,0.03749 -0.3181,0.415671 -0.19901,0.285567 -0.20839,0.17586 -0.0419,-0.203425 0.002,-0.390862 0.0948,-0.468594 0.17421,-0.468043 0.25414,-0.611378 0.31865,-0.493402 0.0689,-0.495056 -0.0888,-0.469145 -0.26131,-0.340144 -0.11577,-0.404645 -0.24918,-0.22272 -0.10254,-0.27399 -0.7255,0.08765 -0.56672,0.140578 -0.43607,0.206182 -0.50001,-0.08049 -0.5127,-0.06726 -0.44599,-0.119078 -0.76298,-0.147194 -0.55239,-0.275643 -0.20784,-0.340145 -0.22327,-0.170347 -0.32857,-0.0011 -0.54026,0.03638 -0.39417,-0.261861 -0.39252,-0.340696 -0.49836,-0.340695 -0.44599,-0.275644 -0.47411,-0.158219 -0.3666,-0.275093 -0.618,-0.02867 z"
         inkscape:label="8èmeCE" />
       <path
         id="Borgou-7"
         style="fill:#fbd560;fill-opacity:1;fill-rule:evenodd;stroke:#ffffff;stroke-width:0.423389;stroke-miterlimit:4;stroke-dasharray:none;stroke-opacity:1"
         d="m 168.18122,59.860775 -1.11526,0.08655 -1.05682,0.147745 -0.73927,0.05954 -0.83189,0.01985 -0.97689,0.08435 -1.07004,0.109155 -0.89695,-0.03253 -0.69903,0.02095 -1.28229,0.225476 -0.81867,0.04631 -0.89694,-0.03253 -0.60807,0.139475 -0.9653,0.266823 -1.59874,0.315337 -0.82031,0.202873 -0.81866,0.190194 -0.97909,0.332426 -1.21724,0.448197 -0.80764,0.308169 -0.96309,0.09813 -1.10919,0.136168 -0.81811,0.03473 -1.6489,-0.07497 -0.87104,0.06009 -0.94987,0.06009 -0.80377,-0.01764 -1.10919,0.09813 -0.87104,0.09923 -1.36002,0.201219 -0.71171,-0.01654 -0.59319,-0.120181 -0.39417,-0.223822 -0.4719,-0.44544 -0.42118,-0.197361 -0.74755,-0.564518 -0.83134,-0.05623 -0.6858,-0.04245 -0.67202,0.01047 -0.6869,0.178617 -0.31699,-0.04024 -0.43717,0.310375 -0.43773,0.480171 -0.4515,0.324157 -1.25253,0.01985 -1.12242,0.138924 -0.63287,0.02315 -0.87104,0.100335 -0.4741,-0.170899 -0.43387,-0.288875 -0.44709,-0.275092 -0.20894,-0.22272 -0.5138,-0.105847 -0.1301,-0.404645 -0.59374,0.07553 -0.7911,-0.0419 -0.36991,-0.01488 -0.0932,0.2999 -0.22713,0.350618 -0.25083,0.194605 -0.46198,-0.02812 -1.18637,-0.134514 -0.73873,0.101437 -0.63398,0.102539 -0.73927,0.127899 -0.60697,0.0237 -0.45867,0.175861 v 0.381491 l 0.009,0.305964 -0.55074,0.305413 -0.57609,0.305964 -0.21886,0.297144 -0.0265,0.06119 -0.10475,0.104745 -0.0788,0.122385 -0.1042,0.113566 -0.10529,0.140027 -0.12294,0.113565 -0.10364,0.122385 -0.0882,0.148297 -0.0612,0.140027 -0.0866,0.139475 -0.0882,0.165938 -0.0777,0.148847 -0.07,0.165938 -0.0612,0.148296 -0.0882,0.18413 -0.0259,0.209489 -0.0259,0.200668 -0.009,0.218861 v 0.191848 l 0.0259,0.157668 0.0441,0.183028 0.07,0.140027 0.0518,0.131206 0.0959,0.122386 0.0959,0.122386 0.097,0.104193 0.12183,0.122937 0.12239,0.09592 0.11357,0.104744 0.12238,0.104745 0.12184,0.07883 0.12293,0.122386 0.0959,0.140027 0.0959,0.122385 0.07,0.09592 0.0794,0.140027 0.0518,0.122386 0.0518,0.113565 0.0441,0.139476 0.0882,0.183578 0.0689,0.183579 0.07,0.139476 0.0441,0.174758 0.0518,0.140027 0.0441,0.183027 0.0259,0.131206 0.0182,0.20122 0.0518,0.157117 0.0441,0.140027 0.07,0.157117 0.0441,0.183578 0.043,0.183579 0.0529,0.131206 0.07,0.165938 0.043,0.157117 0.0529,0.157116 0.0259,0.157669 0.0171,0.157116 0.0529,0.157117 0.043,0.183579 0.0441,0.157117 0.0259,0.157668 0.07,0.157117 0.0259,0.157117 0.0441,0.183578 v 0.192399 l 0.0182,0.183579 0.0259,0.174758 0.0171,0.174758 v 0.200669 l -0.0265,0.21004 -0.0259,0.21831 -0.0866,0.165937 -0.0441,0.165938 -0.0794,0.122385 -0.10474,0.122386 -0.13121,0.113565 -0.0959,0.122386 -0.10475,0.09592 -0.12238,0.09592 -0.14885,0.08765 -0.13893,0.07001 -0.14002,0.07001 -0.14003,0.05237 -0.14003,0.04355 -0.21004,0.07001 -0.13892,0.07001 -0.15822,0.04355 -0.16594,0.04355 -0.15656,0.04355 -0.16649,0.05237 -0.15657,0.02646 -0.18413,0.04355 h -0.1742 l -0.18358,0.01764 h -0.20122 l -0.17531,0.01764 -0.16594,0.02591 -0.23595,-0.0088 -0.20067,-0.01709 -0.1924,-0.02646 -0.21004,0.01764 -0.15656,0.05237 -0.14003,0.04355 -0.1483,0.09647 -0.15711,0.04355 -0.13948,0.07001 -0.12349,0.09592 -0.16594,0.06946 -0.0777,0.122386 -0.11411,0.140027 -0.0777,0.140027 -0.0215,0.169245 -0.006,0.04906 -0.0265,0.165937 0.0441,0.183579 0.0259,0.174758 0.0441,0.157117 0.0524,0.165937 0.0695,0.113565 0.0965,0.122386 0.07,0.140027 0.0959,0.140027 0.0259,0.183027 -0.07,0.166489 -0.12183,0.09592 -0.12239,0.0871 -0.0788,0.148848 -0.0871,0.165937 -0.0259,0.192399 -0.009,0.21831 0.0198,0.137822 0.86221,-0.87379 0.60697,-0.324157 0.55184,0.06726 0.53971,0.183579 0.51214,0.236502 0.65714,0.236502 0.56672,-0.141681 0.2784,-0.220515 0.38094,0.19681 0.38094,0.02701 0.54026,-0.03694 0.55294,0.144988 0.53806,0.405748 0.45867,0.236502 0.57995,-0.05017 0.30211,0.06615 0.49891,0.262413 0.50002,0.197361 0.26517,-0.416222 0.0287,-0.430004 0.33022,-0.245874 0.29218,-0.493954 0.29163,-0.442683 0.57995,0.01544 0.59319,-0.115219 0.56617,-0.01047 0.59208,0.197912 0.618,0.02867 0.3666,0.275093 0.47411,0.158219 0.44599,0.275644 0.49836,0.340695 0.39252,0.340696 0.39417,0.261861 0.54026,-0.03638 0.32857,0.0011 0.22327,0.170347 0.20784,0.340145 0.55239,0.275643 0.76298,0.147194 0.44599,0.119078 0.5127,0.06726 0.50001,0.08049 0.43607,-0.206182 0.56672,-0.140578 0.7255,-0.08765 0.10254,0.27399 0.24918,0.22272 0.11577,0.404645 0.26131,0.340144 0.0888,0.469145 -0.0689,0.495056 -0.31865,0.493402 -0.25414,0.611378 -0.17421,0.468043 -0.0948,0.468594 -0.002,0.390862 0.0419,0.203425 0.20839,-0.17586 0.19901,-0.285567 0.3181,-0.415671 0.26351,-0.03749 0.39528,0.0017 0.30486,-0.480723 0.50332,-0.323054 0.64501,-0.153258 0.64666,-0.205079 0.71336,-0.361093 0.61965,-0.283913 0.47521,-0.153809 0.71171,-0.126244 0.67037,0.185783 0.43055,0.432209 0.45922,0.315337 0.49727,0.380939 0.74975,0.06891 0.77676,0.0044 0.69738,0.03032 0.68304,0.121283 0.35172,0.562313 0.19406,0.443786 0.0221,0.599801 0.11411,0.652172 0.23099,0.705097 0.2977,0.705096 0.54908,0.420632 0.44489,0.328016 0.86442,0.53971 0.69462,0.303759 0.56838,0.207284 0.15877,-0.129552 0.26296,-0.08655 0.37102,-0.0061 0.56121,0.138925 0.17476,-0.0066 0.67202,-0.576646 0.37983,-0.288323 0.11026,-0.382593 -0.0579,-0.245875 -0.31919,-0.500017 -0.043,-0.151604 -0.31975,-0.630121 -0.13727,-0.48403 -0.0281,-0.484582 0.19901,-0.693519 0.54136,-0.59098 0.31369,-0.259656 0.43827,-0.157668 0.60586,-0.229887 1.06509,-0.39417 1.02209,-0.32967 0.57664,-0.0634 0.20343,0.0441 0.59098,0.117976 0.35668,0.0226 0.18303,-0.07883 0.39417,-0.07112 0.29163,-0.22272 0.27123,-0.310374 0.0149,-0.05789 0.0954,-0.03528 0.3655,-0.425594 0.0513,-0.130103 -0.005,-0.513249 0.21997,-0.29549 0.77511,-0.640595 0.20507,-0.367709 0.20674,-0.737071 0.0821,-0.476863 -0.003,-0.125142 -0.009,-0.395273 0.0303,-0.267374 -0.0342,-0.759674 0.016,-0.541915 0.13286,-0.426145 0.25028,-0.374876 0.10585,-0.100334 0.0502,-0.04686 0.0198,-0.01874 0.21887,-0.107501 0.14609,-0.043 0.17586,-0.114668 0.37212,-0.04906 0.14609,-0.122386 0.16263,-0.48403 0.16318,-0.6213 0.0882,-0.223272 -0.006,-0.21004 0.0959,-0.433312 -0.0281,-0.267925 -0.17366,-0.174207 -0.54136,-0.0094 -0.28391,-0.16704 -0.72715,-0.776212 -0.33463,-0.240361 -0.46529,-0.630673 -0.17366,-0.361644 -0.23925,-0.688007 -0.0138,-0.101436 0.59705,-1.545258 0.35392,-0.888124 0.37378,-0.562864 0.11797,-0.296041 0.11798,-0.230438 0.0231,-0.210041 -0.0568,-0.549633 -0.0292,-0.0871 0.18413,-0.324708 0.26407,-0.237054 0.62185,-0.250836 0.68911,-0.416773 0.23264,0.08049 0.67092,0.349516 0.44544,0.276747 0.60476,0.298797 0.3429,0.182476 0.27013,0.08765 0.19626,0.159873 0.32857,0.168143 0.41401,-1.176998 0.0893,-0.44103 -0.0259,-0.592634 -0.006,-0.30431 0.16263,-0.555698 0.27399,-0.780071 0.16207,-0.375427 0.36992,-0.909072 0.52152,-0.634532 0.0827,-0.346208 0.022,-0.187989 -0.0209,-0.239258 z"
         inkscape:label="7èmeCE" />
       <path
         id="Atlantique-6"
         style="fill:#fac82d;fill-opacity:1;fill-rule:evenodd;stroke:#ffffff;stroke-width:0.423389;stroke-miterlimit:4;stroke-dasharray:none;stroke-opacity:1"
         inkscape:label="6èmeCE"
         d="m 121.93606,176.86685 -0.0429,0.003 -0.28895,0.0231 h -0.54095 l -0.20847,-0.01 -0.006,0.96976 -0.2619,0.0904 -0.32656,0.0897 -0.41825,0.064 -0.23551,-0.0139 -0.15767,0.23354 -0.002,0.45585 0.24739,0.18472 0.37801,0.20978 -0.0541,0.38988 -0.19659,0.18208 -0.30148,0.18208 -0.19725,0.20714 -6.6e-4,0.27378 0.0238,0.2995 -0.49676,0.33777 -0.30148,0.0765 -0.43144,0.21968 -0.31402,0.24738 -0.17218,0.35097 -0.3668,0.29884 -0.23617,0.39054 -0.27575,0.25992 -0.10556,0.37801 0.15569,0.29951 0.1293,0.31336 -0.15832,0.31203 -0.12007,0.49478 0.20715,0.31468 0.10291,0.37735 0.0627,0.50928 0.22034,0.37801 0.46773,0.34107 0.18208,0.28631 -0.13128,0.16954 -0.44464,0.11545 -0.3912,-0.0798 -0.57394,0.0514 0.25926,0.32589 0.37735,0.18406 0.31204,0.2751 0.25926,0.33974 0.20714,0.36482 0.18208,0.31401 0.17878,0.62672 -0.11941,0.40308 -0.0402,0.33842 -0.18471,0.39121 -0.36614,0.3371 -0.24936,0.27246 -0.14514,0.33909 -0.0673,0.27311 -0.0924,0.49478 0.064,0.35228 0.17944,0.37867 -0.0653,0.32655 -0.1194,0.36415 -0.0409,0.28697 0.14183,0.3259 0.36416,0.36613 0.27245,0.28763 0.33843,0.20978 0.31204,0.19659 0.27575,0.17219 0.52644,-0.0429 1.20792,-0.18802 0.75271,-0.002 h 0.3602 l -0.003,-0.46311 -0.0369,-0.43078 0.18406,-0.40308 0.0805,-0.15899 0.0515,-0.10159 1.04232,0.21242 0.54756,0.0943 0.21308,0.029 0.97306,0.0917 0.0376,-0.009 -0.0106,-0.064 0.0521,-0.18472 0.0152,-0.0719 0.0528,-0.50599 0.16097,-0.72171 0.26652,-0.58845 0.18735,-0.56141 0.126,-0.4763 -0.005,-0.21902 0.0244,-0.18802 -0.0409,-0.19659 -0.0963,-0.1227 -0.0442,-0.15635 -0.12139,-0.10555 -0.11413,-0.0957 -0.14051,-0.0792 -0.14777,-0.0871 -0.16559,-0.0435 -0.16624,-0.0442 -0.19264,-0.0172 -0.21836,-0.009 -0.0442,-0.39318 -0.0172,-0.54162 -0.0172,-0.54227 -0.0172,-0.5403 -0.0264,-0.52578 -0.035,-0.53172 v -0.009 l -0.027,-0.54162 -0.0165,-0.54227 -0.0132,-0.39516 -0.004,-0.14712 -0.0185,-0.54953 -0.0257,-0.51588 -0.0442,-0.55019 -0.0172,-0.54228 v -0.54161 l -0.0171,-0.54162 -0.0297,-0.35294 -0.0139,-0.17152 -0.0178,-0.54095 -0.0172,-0.54228 -0.0271,-0.54227 -0.12204,-0.70786 -0.31534,-0.45388 -0.39252,-0.54161 -0.36679,-0.54227 z m -130.4175714,8.40195 -0.00198,21.2173 0.6854291,-0.0561 4.9094936,-0.7646 3.06101178,-0.008 H 1.6363201 l -0.011875,-1.88015 -0.1504118,-1.75217 0.7481007,-1.63803 0.326552,-0.64585 0.2104445,-0.41165 4.2346196,0.86157 2.2264903,0.38262 0.8661876,0.11875 3.954247,0.37273 0.152391,-0.0369 -0.04354,-0.25861 0.213084,-0.75008 0.06003,-0.2929 0.215722,-2.05695 0.655742,-2.93237 1.083889,-2.39076 0.762614,-2.28454 0.510608,-1.93622 -0.02045,-0.88796 0.09896,-0.76459 -0.166905,-0.80088 -0.319295,-0.40374 z" />
       <path
         id="Atlantique-5"
         style="fill:#efb606;fill-opacity:1;fill-rule:evenodd;stroke:#ffffff;stroke-width:0.423389;stroke-miterlimit:4;stroke-dasharray:none;stroke-opacity:1"
         d="m 113.461,176.85824 -0.54191,0.0165 -0.48127,0.14003 0.14939,0.0794 0.07,0.12184 0.07,0.14002 0.07,0.15712 0.0689,0.14003 0.0876,0.14002 0.0783,0.11302 0.0176,0.17476 -0.10474,0.14002 -0.0959,0.0959 -0.14003,0.07 -0.12184,0.0959 -0.12238,0.0959 -0.11357,0.0882 -0.10529,0.13893 -0.0441,0.16594 v 0.20122 l -0.008,0.19295 0.043,0.20011 -0.0171,0.16704 -0.0259,0.21776 -0.0441,0.16594 -0.0871,0.14003 -0.097,0.12183 -0.10364,0.11412 -0.12349,0.0959 -0.0959,0.11301 -0.21776,0.19296 -0.0529,0.20948 -0.0612,0.13948 -0.0612,0.1494 -0.0959,0.11301 -0.07,0.16594 -0.0176,0.19295 -0.008,0.21776 0.0518,0.13121 0.0441,0.18413 0.0171,0.19184 0.0182,0.20122 v 0.21776 l -0.0441,0.18413 -0.0441,0.16594 -0.043,0.19185 -0.0761,0.11797 -0.10806,0.11798 -0.10474,0.12238 -0.0959,0.11357 -0.0612,0.14003 -0.0871,0.16593 -0.0259,0.1924 0.0518,0.15712 0.0612,0.15656 0.0259,0.17531 0.0441,0.18413 -0.009,0.20894 -0.0171,0.19295 -0.0882,0.13893 -0.0777,0.14884 -0.12294,0.0871 -0.12238,0.0959 -0.11302,0.097 -0.10474,0.0959 -0.12294,0.11302 -0.0612,0.14002 -0.10475,0.14003 -0.0353,0.16594 -0.0259,0.19184 -0.008,0.20508 -0.001,0.0143 0.027,0.19184 -0.009,0.21776 v 0.19351 l 0.0171,0.19956 0.027,0.17531 -0.009,0.19185 0.11302,0.35007 0.0347,0.17475 0.0182,0.1924 0.0171,0.19185 -0.008,0.21886 v 0.20894 l -0.009,0.21941 -0.009,0.20894 -0.0441,0.17476 -0.0342,0.19185 -0.027,0.19295 -0.043,0.1742 -0.0529,0.16594 -0.07,0.14885 -0.0612,0.129 -0.009,0.0204 -0.0612,0.14774 -0.07,0.14885 -0.0518,0.17421 -0.07,0.14884 -0.0441,0.16594 -0.07,0.1494 -0.0518,0.17366 -0.07,0.14939 -0.07,0.14775 -0.07,0.14885 -0.0612,0.14829 -0.0518,0.16594 -0.07,0.17476 -0.0259,0.1924 -0.027,0.19295 0.0182,0.19185 0.0347,0.17475 0.0353,0.17421 0.043,0.17531 0.0347,0.17476 0.0441,0.16594 0.0612,0.15711 0.0788,0.13121 0.14775,0.0695 0.1312,0.0441 0.0761,0.12515 0.003,0.006 0.0182,0.19185 -0.009,0.21886 v 0.18413 0.0342 l -0.009,0.21004 0.1312,0.0871 0.10475,0.11357 0.0794,0.1312 -0.0441,0.17476 0.0171,0.1483 0.0237,0.11908 2.21728,-0.35007 1.2856,-0.2558 0.747,-0.1494 1.70733,-0.10805 1.36003,-0.31093 0.10915,-0.009 1.46973,-0.12128 -0.27619,-0.17255 -0.31203,-0.19626 -0.33849,-0.21004 -0.27233,-0.28777 -0.36385,-0.36606 -0.14224,-0.32581 0.0413,-0.28722 0.11908,-0.36385 0.0656,-0.32636 -0.17972,-0.37873 -0.064,-0.35228 0.0926,-0.49505 0.0673,-0.27289 0.14498,-0.33904 0.24919,-0.27289 0.3666,-0.33683 0.18413,-0.39087 0.0408,-0.33849 0.11908,-0.40354 -0.17862,-0.62626 -0.18248,-0.31424 -0.20673,-0.36495 -0.25911,-0.33959 -0.31202,-0.27509 -0.37764,-0.18413 -0.2591,-0.32581 0.57389,-0.0513 0.39086,0.0799 0.44489,-0.11577 0.13121,-0.16924 -0.18193,-0.28667 -0.46804,-0.34125 -0.21996,-0.37763 -0.0628,-0.50939 -0.10309,-0.37763 -0.20729,-0.31423 0.12018,-0.49506 0.15822,-0.31203 -0.129,-0.31313 -0.15601,-0.2999 0.10585,-0.37763 0.27564,-0.26021 0.2365,-0.39031 0.36661,-0.2988 0.172,-0.35117 0.31423,-0.24698 0.43166,-0.21996 0.301,-0.0766 0.49726,-0.33739 -0.0242,-0.2999 0.001,-0.27399 0.19736,-0.20673 0.301,-0.18192 0.19681,-0.18248 0.054,-0.38976 -0.37818,-0.21004 -0.24698,-0.18413 0.002,-0.45591 0.15766,-0.23375 0.2354,0.0138 0.41788,-0.064 0.32691,-0.0899 0.26186,-0.0904 0.006,-0.96971 -0.33408,-0.016 -0.55074,0.0259 h -0.54081 l -0.54247,-0.0259 -0.55073,0.0171 H 117.795 l -0.54246,-0.0259 -0.55074,0.0259 h -0.52427 l -0.54192,-0.0259 -0.54081,0.0259 h -0.55129 l -0.54191,-0.0259 z"
         inkscape:label="5èmeCE" />
       <path
         id="Atacora-4"
         style="fill:#a9d369;fill-opacity:1;fill-rule:evenodd;stroke:#ffffff;stroke-width:0.423389;stroke-miterlimit:4;stroke-dasharray:none;stroke-opacity:1"
         d="m 110.80821,35.206111 -0.18523,0.18854 -0.27785,0.137822 -0.89529,0.103091 -0.39968,-0.02646 0.009,0.676429 -1.48186,0.12404 -0.26517,0.246977 -0.15988,0.312579 -0.0281,0.378183 -0.22603,0.416222 -0.1731,0.195156 -0.11908,0.234297 -0.0419,0.508287 -0.25194,0.181924 -0.0281,0.495056 0.0391,0.260759 -0.0138,0.31258 -0.62296,0.337939 -0.33132,0.220515 -0.39693,0.194604 -0.23871,0.246977 -0.1075,0.390862 -0.0138,0.234849 -0.0138,0.351721 -0.55735,0.38976 -0.43662,0.181373 -0.53034,0.36385 -0.22493,0.286669 -0.15987,0.286118 -0.15932,0.325811 -0.31864,0.37708 -0.027,0.339042 0.13066,0.443235 0.14443,0.234848 0.10475,0.273439 -0.001,0.352272 -0.0926,0.442684 -0.002,0.443234 -0.10585,0.299901 -0.3192,0.520415 -0.2387,0.494504 -0.20012,0.364952 -0.38425,0.428902 -0.25194,0.33849 -0.33077,0.455915 -0.25304,0.559556 -0.35834,0.377632 -0.264063,0.272887 0.09151,0.313131 -0.0017,0.417324 -0.185232,0.299349 -0.331324,0.312029 -0.357234,0.246976 -0.395824,0.03859 -0.475761,0.0645 -0.369913,0.0645 -0.382594,-0.02646 -0.238156,0.207835 -0.410709,0.468594 -0.304861,0.572788 -0.120181,0.364952 0.263515,0.28722 0.170899,0.352273 0.02536,0.377631 0.183579,0.443235 0.03914,0.260759 -0.251938,0.31258 -0.303759,0.33849 -0.991766,0.793302 -0.621851,0.507736 -0.422838,0.299349 -0.608069,0.455363 -0.502774,0.429453 -0.488992,0.585467 -0.502774,0.599249 -0.581608,0.442683 -0.620198,0.390312 -0.555146,0.298797 -0.554595,0.390863 -0.488992,0.299349 -0.660442,0.702891 -0.567825,0.495056 -0.607519,0.442683 -0.673673,0.507736 -0.541364,0.455914 -0.910726,0.716122 0.03859,0.325811 -0.07939,0.313131 -0.02756,0.586018 -0.277297,0.364952 -0.09262,0.481825 0.289425,0.27399 0.276747,0.339042 0.289425,0.378183 0.157668,0.195155 0.07883,0.313131 -0.07994,0.442684 -0.250836,0.390863 -0.277297,0.325259 -0.238156,0.352273 -0.105847,0.390862 -0.02646,0.273439 0.06505,0.573338 0.143886,0.677532 0.157668,0.2999 0.262964,0.455915 0.394721,0.157117 0.368811,0.143334 h 0.48789 l 0.315887,0.117424 0.407401,0.508838 0.289426,0.377632 0.18413,0.286669 0.170899,0.222169 -0.106398,0.377632 -0.158771,0.364401 -0.07938,0.443235 0.06505,0.2999 0.210592,0.2999 0.460325,0.169245 0.447645,0.183027 0.447645,0.104194 0.276195,0.208938 0.302105,0.313131 0.197361,0.364952 0.302106,0.417324 0.01158,0.651621 0.01158,0.885919 0.72384,0.03969 0.421183,0.130655 0.803777,-0.09041 1.224408,0.0017 0.328568,0.339042 0.380939,0.378183 0.525377,0.469697 0.368259,0.169796 0.842367,0.07939 1.264102,-0.0634 0.842366,0.07994 0.724392,-0.09041 0.396375,-0.416222 0.421735,-0.298797 0.30431,-0.416774 0.33077,-0.533646 0.50223,-0.519863 0.39582,-0.442684 0.65989,-0.298246 0.50002,0.05292 0.19791,-0.142783 0.33022,-0.325259 0.42229,-0.103091 0.77566,0.275092 0.77731,0.06671 0.89585,0.05403 0.94766,-0.01103 0.88206,-0.06285 0.54136,-0.181374 0.59263,-0.0634 0.47411,-0.02481 0.51325,0.144437 0.69683,0.249733 0.51325,0.275093 0.34179,0.131206 0.39472,-0.09041 0.71502,-0.301003 0.0215,-0.169245 0.0777,-0.140027 0.11411,-0.140027 0.0777,-0.122386 0.16594,-0.06946 0.12349,-0.09592 0.13948,-0.07001 0.15711,-0.04355 0.1483,-0.09647 0.14003,-0.04355 0.15656,-0.05237 0.21004,-0.01764 0.1924,0.02646 0.20067,0.01709 0.23595,0.0088 0.16594,-0.02591 0.17531,-0.01764 h 0.20122 l 0.18358,-0.01764 h 0.1742 l 0.18413,-0.04355 0.15657,-0.02646 0.16649,-0.05237 0.15656,-0.04355 0.16594,-0.04355 0.15822,-0.04355 0.13892,-0.07001 0.21004,-0.07001 0.14003,-0.04355 0.14003,-0.05237 0.14002,-0.07001 0.13893,-0.07001 0.14885,-0.08765 0.12238,-0.09592 0.10475,-0.09592 0.0959,-0.122386 0.13121,-0.113565 0.10474,-0.122386 0.0794,-0.122385 0.0441,-0.165938 0.0866,-0.165937 0.0259,-0.21831 0.0265,-0.21004 v -0.200669 l -0.0171,-0.174758 -0.0259,-0.174758 -0.0182,-0.183579 v -0.192399 l -0.0441,-0.183578 -0.0259,-0.157117 -0.07,-0.157117 -0.0259,-0.157668 -0.0441,-0.157117 -0.043,-0.183579 -0.0529,-0.157117 -0.0171,-0.157116 -0.0259,-0.157669 -0.0529,-0.157116 -0.043,-0.157117 -0.07,-0.165938 -0.0529,-0.131206 -0.043,-0.183579 -0.0441,-0.183578 -0.07,-0.157117 -0.0441,-0.140027 -0.0518,-0.157117 -0.0182,-0.20122 -0.0259,-0.131206 -0.0441,-0.183027 -0.0518,-0.140027 -0.0441,-0.174758 -0.07,-0.139476 -0.0689,-0.183579 -0.0882,-0.183578 -0.0441,-0.139476 -0.0518,-0.113565 -0.0518,-0.122386 -0.0794,-0.140027 -0.07,-0.09592 -0.0959,-0.122385 -0.0959,-0.140027 -0.12293,-0.122386 -0.12184,-0.07883 -0.12238,-0.104745 -0.11357,-0.104744 -0.12239,-0.09592 -0.12183,-0.122937 -0.097,-0.104193 -0.0959,-0.122386 -0.0959,-0.122386 -0.0518,-0.131206 -0.07,-0.140027 -0.0441,-0.183028 -0.0259,-0.157668 v -0.191848 l 0.009,-0.218861 0.0259,-0.200668 0.0259,-0.209489 0.0882,-0.18413 0.0612,-0.148296 0.07,-0.165938 0.0777,-0.148847 0.0882,-0.165938 0.0866,-0.139475 0.0612,-0.140027 0.0882,-0.148297 0.10364,-0.122385 0.12294,-0.113565 0.10529,-0.140027 0.1042,-0.113566 0.0788,-0.122385 0.10475,-0.104745 0.0265,-0.06119 0.21886,-0.297144 0.57609,-0.305964 0.55074,-0.305413 -0.009,-0.305964 v -0.381491 -0.169245 l -0.0259,-0.524274 0.009,-0.550185 v -0.550736 l -0.027,-0.523722 -0.0171,-0.550736 v -0.550736 -0.524274 l -0.0259,-0.550185 V 58.102275 57.56918 l 0.008,-0.541915 -0.0259,-0.550185 V 55.926345 55.40207 l -0.0171,-0.550184 -0.027,-0.550736 v -0.523723 -0.550736 l -0.0165,-0.550736 v -0.524274 -0.550184 -0.541915 l 0.37102,-0.365504 0.11687,-0.301003 0.387,-0.337939 -0.37818,-0.658236 -0.54081,-0.495608 -0.005,-0.0088 -0.16098,-0.253592 -0.28832,-0.558454 -0.31479,-0.542467 -0.30486,-0.567825 -0.28942,-0.533095 -0.31369,-0.567826 -0.33187,-0.541915 -0.28943,-0.559005 -0.31368,-0.541364 -0.31534,-0.541916 -0.30596,-0.567825 -0.28777,-0.533646 -0.31479,-0.567275 -0.33242,-0.541915 -0.2966,-0.541915 -0.30596,-0.567826 -0.31423,-0.541915 -0.30597,-0.559005 -0.29714,-0.541916 -0.31479,-0.541915 -0.30486,-0.559005 -0.31533,-0.541915 -0.31479,-0.567826 -0.31423,-0.541364 z"
         inkscape:label="4èmeCE" />
       <path
         id="Atacora-3"
         style="fill:#93c842;fill-opacity:1;fill-rule:evenodd;stroke:#ffffff;stroke-width:0.423389;stroke-miterlimit:4;stroke-dasharray:none;stroke-opacity:1"
         d="m 92.405694,33.944215 -0.17586,0.05072 -0.109706,0.187989 -0.168694,5.51e-4 -0.109706,0.325811 -0.09482,0.108604 -0.15436,0.02922 -0.0419,-0.01819 -0.163181,-0.06836 -0.139476,0.04355 -0.593185,0.33408 -0.145539,0.593185 0.09592,0.238707 0.0226,0.195156 0.05678,0.02701 0.141129,0.0667 0.0226,0.122937 -0.07332,0.101437 -0.410709,0.0656 -0.07994,0.224926 -0.336836,0.174206 -0.08049,-0.01433 -0.08159,-0.158771 -0.09482,-0.0072 -0.08821,0.101437 0.03032,0.180822 -0.263515,0.304311 0.02205,0.151604 -0.116873,0.09427 -0.168693,0.05127 -0.373773,-0.04245 -0.10254,0.02867 -0.0656,0.116322 0.117424,0.187438 -0.03583,0.130655 0.18413,0.447645 0.17586,0.100885 -0.0066,0.253593 0.09262,0.122937 0.194604,0.259656 v 0.100885 l -0.08049,0.0871 -0.219412,0.130655 -0.146091,0.318644 -0.05127,0.03639 -0.329669,-0.086 -0.09592,-0.209489 -0.110258,-0.05788 -0.138924,0.02205 -0.0656,0.267926 -0.351721,-0.04245 -0.235951,-0.534749 -0.257451,-0.216656 -0.278952,-0.129552 -0.212245,0.0077 -0.110258,0.08765 -0.09427,0.195156 -0.01489,0.144437 0.02867,0.09537 0.06064,0.20122 -0.0066,0.253041 0.110808,0.281707 0.110258,0.122937 0.153809,0.0215 0.08765,-0.116322 -0.176411,-0.180271 -0.0072,-0.07939 0.07277,-0.05072 0.15436,0.01378 0.10254,0.195156 -0.02095,0.303759 0.08876,0.296593 -0.0077,0.01433 -0.0656,0.123489 -0.42394,0.174206 -0.263515,0.282811 -0.117425,-0.0072 -0.19736,-0.133412 -0.441581,-0.298797 -0.160976,-0.02867 -0.344555,0.05899 -0.183027,-0.07883 -0.242015,0.0077 -0.234297,0.0656 -0.183579,-0.0066 -0.124591,-0.09372 -0.139475,-0.0215 -0.09648,0.01929 -0.159873,0.03197 -0.286118,-0.01323 -0.213348,-0.216656 -0.153809,-0.08655 -0.183027,0.01544 -0.175861,0.137822 -0.226028,0.297144 -0.0072,0.151604 0.228784,0.46253 0.220515,0.180271 0.323054,0.114667 0.08821,0.115219 -0.0215,0.152156 -0.197361,0.260758 0.06615,0.101437 -0.09427,0.137822 0.124591,0.151604 -0.08655,0.296592 0.08821,0.238156 -0.06505,0.181374 0.146642,0.180271 0.154361,0.173104 -0.03198,0.02481 -0.09923,0.07663 -0.168693,-0.0066 -0.110258,-0.07883 -0.183578,-0.310374 -0.498364,0.01544 -0.219964,0.05127 -0.204527,0.16704 -0.46694,0.594288 -0.09262,0.03473 -0.08324,0.03142 -0.907419,-0.01103 -0.0667,-5.52e-4 -0.153809,0.07994 -0.08765,0.116322 0.05954,0.238156 -0.116322,0.130655 0.07332,0.09372 0.212797,0.15877 0.146643,0.02812 0.109706,-0.144989 -0.05182,-0.122937 0.02205,-0.05072 0.205079,0.09372 0.140027,0.223822 0.153809,0.03528 0.110258,0.13727 -0.06505,0.260759 0.176963,0.165937 -0.116873,0.224374 v 0.0871 l 0.206181,0.129001 0.08765,0.183578 0.02315,0.04796 -0.09482,0.296593 0.131757,0.133963 0.06671,0.06836 -0.0066,0.187989 0.323054,0.324157 0.169245,0.158219 0.02205,0.0871 -0.181925,0.253592 -0.316439,-0.353375 -0.286118,-0.223271 -0.197912,-0.09317 -0.322503,-0.0645 -0.15436,-0.165937 -0.146643,0.0077 -0.687455,0.305964 -0.249182,-0.01323 -0.168694,-0.100886 -0.242566,-0.331875 -0.178066,-0.50553 -0.0645,-0.08214 -0.03804,-0.04796 -0.125142,-0.07222 -0.314785,0.0017 -0.314785,0.16704 -0.154361,-0.266823 -0.08104,-0.05788 -0.09482,0.0077 -0.0441,0.05072 -0.167591,0.210591 -0.05789,0.238708 0.03804,0.318092 -0.043,0.202874 -0.153258,0.18854 -0.07332,0.0077 0.0077,0.07167 -0.443235,0.429452 -0.137271,0.05954 -0.722186,0.517659 -0.29549,0.659891 -0.14995,0.637839 -0.237053,0.710058 -0.01323,0.267374 -0.280605,0.761327 0.0088,0.224374 0.245874,0.670917 0.07442,0.180822 -0.500017,0.78393 -0.114117,0.405748 -0.240361,1.382628 -0.187989,0.304862 -0.50994,0.386452 -1.023741,1.214485 -0.340695,0.392517 -0.201771,0.427799 -0.02812,0.189642 -0.125693,0.860008 0.08931,0.506633 0.03969,0.223272 0.14995,0.577749 0.07222,0.953726 -0.01709,0.694622 -0.04135,0.405196 -0.170899,0.637288 -0.230438,0.572787 -0.200117,0.652173 -0.122937,0.210592 -0.04024,0.513799 h 0.02922 l -0.005,0.303208 -0.13672,1.382077 -0.110257,0.977432 0.03142,0.310375 -0.0408,0.520966 0.264618,0.215554 0.20563,0.106949 0.257451,0.251387 1.012715,0.72384 1.416807,1.032561 0.278952,0.222169 0.432209,0.294938 0.249733,0.1709 0.851187,0.624057 2.024878,1.477449 0.04465,0.03694 0.0871,0.07112 0.219963,0.136168 0.2569,0.207836 0.32967,0.207835 0.337387,0.222169 0.2569,0.215553 0.219413,0.114668 0.132308,0.129552 0.212246,0.08545 0.769597,0.559556 1.589912,1.018227 0.2999,0.129002 0.792751,0.463081 2.72832,1.594322 0.600352,0.373222 0.519864,0.265169 0.526479,0.344003 0.80543,0.466389 0.541364,0.343452 0.02205,0.382042 1.045792,-0.727148 -0.01158,-0.885919 -0.01158,-0.651621 -0.302106,-0.417324 -0.197361,-0.364952 -0.302105,-0.313131 -0.276195,-0.208938 -0.447645,-0.104194 -0.447645,-0.183027 -0.460325,-0.169245 -0.210592,-0.2999 -0.06505,-0.2999 0.07938,-0.443235 0.158771,-0.364401 0.106398,-0.377632 -0.170899,-0.222169 -0.18413,-0.286669 -0.289426,-0.377632 -0.407401,-0.508838 -0.315887,-0.117424 h -0.48789 l -0.368811,-0.143334 -0.394721,-0.157117 -0.262964,-0.455915 -0.157668,-0.2999 -0.143886,-0.677532 -0.06505,-0.573338 0.02646,-0.273439 0.105847,-0.390862 0.238156,-0.352273 0.277297,-0.325259 0.250836,-0.390863 0.07994,-0.442684 -0.07883,-0.313131 -0.157668,-0.195155 -0.289425,-0.378183 -0.276747,-0.339042 -0.289425,-0.27399 0.09262,-0.481825 0.277297,-0.364952 0.02756,-0.586018 0.07939,-0.313131 -0.03859,-0.325811 0.910726,-0.716122 0.541364,-0.455914 0.673673,-0.507736 0.607519,-0.442683 0.567825,-0.495056 0.660442,-0.702891 0.488992,-0.299349 0.554595,-0.390863 0.555146,-0.298797 0.620198,-0.390312 0.581608,-0.442683 0.502774,-0.599249 0.488992,-0.585467 0.502774,-0.429453 0.608069,-0.455363 0.422838,-0.299349 0.621851,-0.507736 0.991766,-0.793302 0.303759,-0.33849 0.251938,-0.31258 -0.03914,-0.260759 -0.183579,-0.443235 -0.02536,-0.377631 -0.170899,-0.352273 -0.263515,-0.28722 0.120181,-0.364952 0.304861,-0.572788 0.410709,-0.468594 0.238156,-0.207835 0.382594,0.02646 0.369913,-0.0645 0.475761,-0.0645 0.395824,-0.03859 0.357234,-0.246976 0.331324,-0.312029 0.185232,-0.299349 0.0017,-0.417324 -0.09151,-0.313131 0.264065,-0.272887 0.35834,-0.377632 0.25304,-0.559556 0.33077,-0.455915 0.25194,-0.33849 0.38425,-0.428902 0.20012,-0.364952 0.2387,-0.494504 0.3192,-0.520415 0.10585,-0.299901 0.002,-0.443234 0.0926,-0.442684 0.001,-0.352272 -0.10475,-0.273439 -0.14443,-0.234848 -0.13066,-0.443235 0.027,-0.339042 0.31864,-0.37708 0.15932,-0.325811 0.15987,-0.286118 0.22493,-0.286669 0.53034,-0.36385 0.43662,-0.181373 0.55735,-0.38976 0.0138,-0.351721 0.0138,-0.234849 0.1075,-0.390862 0.23871,-0.246977 0.39693,-0.194604 0.33132,-0.220515 0.62296,-0.337939 0.0138,-0.31258 -0.0391,-0.260759 0.0281,-0.495056 0.25194,-0.181924 0.0419,-0.508287 0.11908,-0.234297 0.1731,-0.195156 0.22603,-0.416222 0.0281,-0.378183 0.15988,-0.312579 0.26517,-0.246977 1.48186,-0.12404 -0.009,-0.676429 -0.32637,-0.02205 -0.0799,0.04355 -0.0739,-0.03583 -0.60917,-0.121835 -0.69682,-0.172001 -0.63123,-0.280606 -0.25855,0.05182 -0.3611,-0.245322 -0.16924,0.01433 -0.48403,0.202322 -0.13176,0.01488 -0.0662,-0.195155 -0.12514,0.0072 -0.18965,0.195156 -0.2354,0.122937 -0.20452,0.04355 -0.45537,-0.115219 -0.14609,0.0215 -0.14664,0.130104 -0.081,0.166488 -0.24918,0.05127 -0.13176,0.09372 -0.18303,-0.0072 -0.11687,0.0871 -0.22437,-0.07332 -0.0849,-0.02812 -0.16814,0.0077 -0.0877,0.159322 -0.10309,0.01433 -0.13892,-0.108603 -0.2569,0.116321 -0.10199,-0.02922 -0.0893,-0.137271 -0.13893,-0.06505 -0.22713,0.02205 -0.14664,-0.209489 -0.10309,0.0215 -0.21224,0.434414 -0.13176,0.166489 -0.11026,0.06505 -0.2128,-0.04355 -0.16924,-0.15877 -0.13066,0.0072 -0.410707,0.427248 -0.227682,0.130655 -0.146642,0.02205 -0.300452,-0.02867 -0.191296,-0.180822 -0.07277,0.01268 -0.09537,0.01654 -0.271233,0.267926 -0.116873,0.06505 -0.146642,0.01488 -0.05788,-0.03087 -0.155463,-0.0849 -0.439376,-0.02095 -0.213348,-0.108052 -0.10254,-0.159322 0.03583,-0.463081 -0.02922,-0.100886 -0.01874,-0.01874 -0.194605,-0.190746 -0.271233,-0.06505 0.183028,-0.296592 -0.04465,-0.130104 -0.205079,-0.02867 -0.12459,-0.07938 -0.01544,-0.32526 -0.249734,-0.15877 -0.10309,-0.238708 -0.07332,-0.05072 -0.117425,0.02922 -0.116872,0.325811 -0.17531,0.303759 -0.131757,0.0871 -0.168694,0.01488 -0.249733,-0.07939 -0.168694,-0.144437 -0.28667,-0.0645 -0.256899,-0.310926 -0.20563,0.01488 -0.454261,0.355029 -0.139476,0.01488 -0.249733,-0.390312 -0.242015,0.09482 -0.271233,0.02922 -0.168694,-0.07222 -0.09592,-0.230989 z"
         inkscape:label="3èmeCE" />
       <path
         id="Alibori-2"
         style="fill:#fbd560;fill-opacity:1;fill-rule:evenodd;stroke:#ffffff;stroke-width:0.423389;stroke-miterlimit:4;stroke-dasharray:none;stroke-opacity:1"
         d="m 125.2591,26.925227 -0.39693,0.05072 -0.5171,0.193502 -0.43883,0.232643 -0.48899,-0.01488 -0.34345,-0.22272 -0.46363,-0.05403 -0.3181,0.103091 -0.80818,0.07497 -0.43773,0.324708 -0.59594,0.04962 -0.344,-0.157117 -0.52042,-0.269579 -0.01,0.03859 0.0292,0.09372 0.15105,0.0645 0.004,0.03473 -0.12514,0.166489 -0.53475,0.275092 -0.98294,0.558454 -1.21725,1.202358 -0.39582,0.275092 -0.13231,0.02922 -0.27895,-0.02095 -0.24202,0.108604 -0.6009,0.637288 -0.28501,0.23154 -0.39583,0.485684 -1.30986,1.296628 -0.3881,0.442132 -0.30431,0.264618 -0.24588,0.213899 -0.40189,0.434966 -0.82693,0.847328 -0.28391,0.289977 0.10971,0.763533 0.31423,0.541364 0.31479,0.567826 0.31533,0.541915 0.30486,0.559005 0.31479,0.541915 0.29714,0.541916 0.30597,0.559005 0.31423,0.541915 0.30596,0.567826 0.2966,0.541915 0.33242,0.541915 0.31479,0.567275 0.28777,0.533646 0.30596,0.567825 0.31534,0.541916 0.31368,0.541364 0.28943,0.559005 0.33187,0.541915 0.31369,0.567826 0.28942,0.533095 0.30486,0.567825 0.31479,0.542467 0.28832,0.558454 0.16098,0.253592 0.005,0.0088 0.54081,0.495608 0.37818,0.658236 -0.387,0.337939 -0.11687,0.301003 -0.37102,0.365504 v 0.541915 0.550184 0.524274 l 0.0165,0.550736 v 0.550736 0.523723 l 0.027,0.550736 0.0171,0.550184 v 0.524275 0.550735 l 0.0259,0.550185 -0.008,0.541915 v 0.533095 0.541915 l 0.0259,0.550185 v 0.524274 0.550736 l 0.0171,0.550736 0.027,0.523722 v 0.550736 l -0.009,0.550185 0.0259,0.524274 v 0.169245 l 0.45867,-0.175861 0.60697,-0.0237 0.73927,-0.127899 0.63398,-0.102539 0.73873,-0.101437 1.18637,0.134514 0.46198,0.02812 0.25083,-0.194605 0.22713,-0.350618 0.0932,-0.2999 0.36991,0.01488 0.7911,0.0419 0.59374,-0.07553 0.1301,0.404645 0.5138,0.105847 0.20894,0.22272 0.44709,0.275092 0.43387,0.288875 0.4741,0.170899 0.87104,-0.100335 0.63287,-0.02315 1.12242,-0.138924 1.25253,-0.01985 0.4515,-0.324157 0.43773,-0.480171 0.43717,-0.310375 0.31699,0.04024 0.6869,-0.178617 0.67202,-0.01047 0.6858,0.04245 0.83134,0.05623 0.74755,0.564518 0.42118,0.197361 0.4719,0.44544 0.39417,0.223822 0.59319,0.120181 0.71171,0.01654 1.36002,-0.201219 0.87104,-0.09923 1.10919,-0.09813 0.80377,0.01764 0.94987,-0.06009 0.87104,-0.06009 1.6489,0.07497 0.81811,-0.03473 1.10919,-0.136168 0.96309,-0.09813 0.80764,-0.308169 1.21724,-0.448197 0.97909,-0.332426 0.81866,-0.190194 0.82031,-0.202873 1.59874,-0.315337 0.9653,-0.266823 0.60807,-0.139475 0.89694,0.03253 0.81867,-0.04631 1.28229,-0.225476 0.69903,-0.02095 0.89695,0.03253 1.07004,-0.109155 0.97689,-0.08435 0.83189,-0.01985 0.73927,-0.05954 1.05682,-0.147745 1.11526,-0.08655 -0.032,-0.557351 -0.0794,-0.101989 -0.0491,-0.69407 -0.0926,-0.376529 -0.24807,-0.232092 -0.64225,-0.342901 -0.48789,-0.385901 -0.39969,-0.602005 -0.18854,-0.564518 -0.18854,-0.377081 -0.3633,-0.529235 -0.10915,-0.246426 -0.14554,-0.203425 -0.10805,-0.310926 -0.006,-0.376529 0.17807,-0.584915 0.28887,-0.794405 0.15602,-0.549082 0.0678,-0.635634 0.002,-0.369363 -0.11522,-0.62957 -0.0419,-0.390862 -0.23705,-1.107536 -0.21776,-0.383696 -0.49009,-0.262964 -0.1902,-0.07994 -0.35061,-0.05237 -0.0662,-0.03639 0.009,-0.325259 0.12514,-0.260208 0.0899,-0.454812 -0.0281,-0.303759 -0.0865,-0.246425 -0.0281,-0.354478 0.01,-0.04686 0.13176,-0.582159 0.11136,-0.361093 -0.0513,-0.202323 -0.26296,-0.117424 -0.28612,-0.0077 -0.51986,-0.0022 -0.76574,-0.62516 -1.30821,-1.089895 -1.43886,-1.220549 -0.40188,-0.33408 -0.43111,-0.399132 -0.43221,-0.319747 -1.38869,-1.176446 0.16483,-0.954279 0.40079,-1.799401 0.25194,-1.116908 -1.36995,0.09592 -0.58271,0.100335 -0.59705,0.217758 -0.57003,0.126796 -0.5171,0.126796 -0.39914,0.231541 -0.25304,0.272336 -0.29494,0.45426 -0.14884,0.468043 -0.35889,0.192951 -0.38315,-0.04135 -0.31588,-0.17145 -0.26407,-0.04135 -0.27895,0.142232 -0.55901,0.374324 -0.67587,0.269028 -0.1891,0.377081 -0.0413,0.221066 -0.0557,0.377632 -0.0292,0.32581 -0.0689,0.377632 -0.0182,0.560108 0.0105,0.404093 0.11467,0.469697 0.22106,0.457568 -0.0281,0.28667 -0.30762,0.441029 -0.34731,0.44103 -0.25414,0.324157 0.0231,0.430004 0.0254,0.260759 -0.12349,0.468594 -0.25469,0.506633 -0.17421,0.194604 -0.081,0.233746 0.0772,0.378183 0.15601,0.301002 0.0888,0.378735 -0.002,0.351721 0.0628,0.391414 0.0888,0.391414 0.13011,0.313131 0.11521,0.405196 0.15712,0.274541 0.15602,0.300451 -0.0689,0.390863 -0.3203,0.323605 -0.2558,0.689661 -0.16208,0.389208 -0.15987,0.260208 -0.24036,0.180822 -0.59594,0.28281 -0.55405,-0.09427 -0.97467,-0.240361 -1.01437,-0.475209 -0.53971,-0.185784 -0.73928,-0.08214 -0.8159,-0.382593 -0.75196,-0.09537 -0.56672,-0.09427 -0.40906,-0.06781 -0.15601,-0.326362 0.24201,-0.663199 -0.6461,-0.173104 -0.6202,-0.08159 -0.59264,-0.172553 -0.88647,0.151604 -0.59483,-0.05513 -0.52814,-0.01599 -0.4096,0.0634 -0.34511,0.324156 -0.41291,0.518762 -0.43938,0.402439 -0.31975,0.480171 -0.50498,0.571134 -0.26516,0.154912 -0.60973,0.258002 -0.38314,0.06285 -0.48789,-0.14554 -0.34235,-0.157668 -0.21004,-0.248631 -0.301,-0.340144 -0.6847,-0.303208 -0.11688,-0.300451 -0.038,-0.260759 -0.26297,-0.183579 -0.23705,-0.209489 -0.11632,-0.534748 -0.0237,-0.352273 -0.26186,-0.378734 -0.2365,-0.275092 -0.21997,-0.691866 -0.091,-0.378183 -0.1279,-0.5998 -0.26076,-0.483479 -0.19625,-0.443786 -0.0121,-0.28667 0.25414,-0.40299 0.23926,-0.246426 0.2139,-0.390311 0.0281,-0.260208 -0.0121,-0.28722 -0.38094,-0.235951 0.0667,-0.273439 -0.01,-0.430004 0.18799,-0.468594 0.0413,-0.247528 0.002,-0.468594 0.10805,-0.351721 0.15987,-0.195155 0.28006,-0.311478 0.46418,-0.297143 0.49065,-0.245323 0.37101,-0.194053 0.38425,-0.02426 0.2762,0.183579 0.47576,0.13286 0.31699,0.04024 0.40905,0.09317 0.50112,0.172002 0.32967,0.131758 0.35724,0.01488 0.25193,-0.181373 -0.091,-0.27399 -0.14278,-0.26131 0.18578,-0.259656 0.25084,0.02756 0.43717,0.02812 0.42284,-0.08931 0.57003,-0.20563 0.46308,-0.01047 0.31699,0.0667 0.23926,-0.194604 0.24201,-0.493402 -0.27509,-0.431658 -0.25029,-0.249181 -0.31368,-0.431658 -0.0369,-0.352273 -0.0651,-0.247528 -0.18413,-0.209489 -0.36881,-0.197361 -0.28942,-0.261861 -0.11688,-0.274541 -0.0507,-0.313131 -0.34401,0.05072 -0.43607,-0.06726 -0.55514,-0.12018 -0.33022,-0.05403 -0.30376,-0.05347 -0.3429,-0.236503 -0.26297,-0.170347 -0.35723,-0.106399 -0.28998,-0.144437 -0.15711,-0.183027 -0.15657,-0.287772 -0.15822,-0.208938 -0.32912,-0.21004 -0.42118,-0.418979 -0.3418,-0.288874 -0.31589,-0.274541 -0.33022,-0.106398 -0.38259,-0.1709 -0.22327,-0.235399 -0.23595,-0.366055 -0.1042,-0.430555 0.043,-0.560108 0.0562,-0.443235 0.016,-0.520966 0.0171,-0.547428 -0.19736,-0.313683 -0.30265,-0.22272 -0.64887,0.03583 -0.29218,0.194604 -0.29108,-0.105847 -0.3429,-0.09262 -0.25029,-0.301003 -0.14388,-0.300451 -0.15712,-0.300452 -0.6869,-0.237053 -0.40906,-0.262413 -0.52758,-0.236502 -0.60752,-0.341247 z"
         inkscape:label="2èmeCE" />
       <path
         id="Alibori-1"
         style="fill:#fbd560;fill-opacity:1;fill-rule:evenodd;stroke:#ffffff;stroke-width:0.423389;stroke-miterlimit:4;stroke-dasharray:none;stroke-opacity:1"
         d="m 136.02188,4.5396611 -0.0336,0.1256934 0.20563,0.1041933 0.21831,0.1731042 -0.50222,0.057885 -0.0871,-0.056783 -0.25579,-0.044103 -0.0838,0.041346 -0.097,5.513e-4 -0.20729,0.1725529 -0.18909,0.00551 -0.20398,0.1262448 -0.1731,0.2006685 -0.15601,0.1080523 -0.15161,0.3484135 -0.28998,0.4195295 -0.41401,0.064501 -0.18634,-0.1207319 -0.0579,-0.1080523 v -0.218861 l -0.15712,-0.020398 -0.13892,0.1108087 -0.016,0.1929505 -0.20067,0.036385 -0.0794,0.054026 -0.15878,0.307067 0.0138,0.194053 -0.0998,0.4211834 -0.1279,0.095373 -0.15215,0.2320919 0.003,0.1648348 0.0369,0.056231 -0.14058,0.1984634 -0.0209,0.1339628 -0.14113,0.226579 -0.12625,0.1008855 0.0342,0.063949 -0.35282,0.088206 0.0651,-0.1466424 -0.0474,-0.2243739 0.0182,-0.092616 -0.1731,-0.094821 -0.0469,-0.098129 -0.16815,-0.1284499 -0.29273,-0.046308 -0.20728,0.098129 -0.51601,0.186335 -0.29108,-0.00937 -0.0546,0.069462 -0.47301,-0.1797196 -0.35613,0.077731 -0.11632,-0.1416808 -0.19571,0.1108087 -0.11687,0.2376048 -0.31203,0.4481964 -0.12018,-0.1234883 -0.24588,-0.01268 -0.0832,0.088206 -0.21776,0.023154 -0.13617,-0.043552 -0.0899,0.1245909 -0.14829,0.053475 -0.15105,-0.00882 0.007,-0.2276816 -0.24367,-0.033077 -0.1312,-0.1030907 -0.24422,-0.053475 0.0369,-0.1543604 -0.032,-0.082142 -0.0937,0.035834 -0.18799,0.2811564 -0.0121,0.3164389 -0.16483,0.020949 -0.0943,0.2524895 -0.13893,-0.011026 -0.28005,-0.1119112 -0.54192,-0.1019882 -0.13616,0.033629 -0.0419,0.2425663 -0.14168,0.3588879 -0.13838,0.00937 -0.24697,-0.2673743 -0.21611,-0.00717 -0.1527,-0.074424 -0.10585,0.243669 -0.17696,0.1163216 -0.40299,-0.052372 -0.24808,0.040795 -0.30597,-0.1477449 -0.61193,0.238156 0.11963,0.226579 -0.34565,0.05568 0.0408,0.1455398 0.2128,0.2177584 0.23099,0.0011 -0.059,0.426696 -0.23981,-0.0028 -0.13893,0.179168 0.25415,0.358888 0.10254,0.02205 0.15436,0.164835 0.0336,0.305965 -0.26462,0.150501 -0.0799,0.317541 0.30597,0.353927 -0.0529,0.173655 0.22162,0.132309 -0.20894,0.222169 0.23706,0.260759 -0.20508,0.438273 0.004,0.200668 0.35723,0.238708 0.20287,0.539159 0.12404,0.219412 0.25911,0.144437 -0.11687,0.334631 0.15105,0.287221 0.12679,0.07498 0.29219,0.136719 0.0237,0.152707 -0.13782,0.150501 0.14774,0.378183 -0.007,0.192951 0.16869,0.133962 0.19406,-0.107501 0.14002,0.07608 0.13121,0.220515 -0.0843,0.141129 0.215,0.246977 0.13507,0.588224 -0.18468,0.122937 -0.0314,-0.159874 -0.29053,-0.05403 -0.23816,0.187989 -0.2161,0.181925 0.13782,0.391965 -0.059,0.173104 -0.46859,-0.01158 -0.21611,-0.0656 -0.22988,0.03638 -0.17421,0.444337 -0.3429,0.297144 0.32967,0.349516 -0.0799,0.200117 0.36936,0.219413 -0.19019,0.148296 -0.0198,0.115219 -0.0744,0.05789 -0.16484,0.01985 -0.0849,0.196259 0.16593,0.308169 0.0832,0.155463 0.007,0.122937 -0.0728,0.108604 -0.35282,0.136719 -0.30927,0.27399 -0.11798,0.303759 -0.0369,0.23154 0.0358,0.115771 0.081,0.07938 0.14003,0.02922 0.0221,0.07222 -0.0662,0.123488 -0.34565,0.172553 -0.0744,0.152155 0.0744,0.202323 -0.0601,0.152155 0.086,0.08931 0.0391,0.04079 0.007,0.152155 -0.0458,0.0077 -0.65934,0.114117 -0.30101,0.122385 -0.0226,0.375978 -0.0441,0.101437 -0.0761,0.07277 -0.21776,0.208938 -0.30817,0.15877 -0.16208,0.318093 -0.32415,0.339593 -0.0369,0.310926 -0.10309,0.144437 0.0265,0.197361 0.0248,0.193502 0.18303,0.361644 -0.0783,0.308721 0.52042,0.269579 0.344,0.157117 0.59594,-0.04962 0.43773,-0.324708 0.80818,-0.07497 0.3181,-0.103091 0.46363,0.05403 0.34345,0.22272 0.48899,0.01488 0.43883,-0.232643 0.5171,-0.193502 0.39693,-0.05072 0.29163,0.02756 0.60752,0.341247 0.52758,0.236502 0.40906,0.262413 0.6869,0.237053 0.15712,0.300452 0.14388,0.300451 0.25029,0.301003 0.3429,0.09262 0.29108,0.105847 0.29218,-0.194604 0.64887,-0.03583 0.30265,0.22272 0.19736,0.313683 -0.0171,0.547428 -0.016,0.520966 -0.0562,0.443235 -0.043,0.560108 0.1042,0.430555 0.23595,0.366055 0.22327,0.235399 0.38259,0.1709 0.33022,0.106398 0.31589,0.274541 0.3418,0.288874 0.42118,0.418979 0.32912,0.21004 0.15822,0.208938 0.15657,0.287772 0.15711,0.183027 0.28998,0.144437 0.35723,0.106399 0.26297,0.170347 0.3429,0.236503 0.30376,0.05347 0.33022,0.05403 0.55514,0.12018 0.43607,0.06726 0.34401,-0.05072 0.0507,0.313131 0.11688,0.274541 0.28942,0.261861 0.36881,0.197361 0.18413,0.209489 0.0651,0.247528 0.0369,0.352273 0.31368,0.431658 0.25029,0.249181 0.27509,0.431658 -0.24201,0.493402 -0.23926,0.194604 -0.31699,-0.0667 -0.46308,0.01047 -0.57003,0.20563 -0.42284,0.08931 -0.43717,-0.02812 -0.25084,-0.02756 -0.18578,0.259656 0.14278,0.26131 0.091,0.27399 -0.25193,0.181373 -0.35724,-0.01488 -0.32967,-0.131758 -0.50112,-0.172002 -0.40905,-0.09317 -0.31699,-0.04024 -0.47576,-0.13286 -0.2762,-0.183579 -0.38425,0.02426 -0.37101,0.194053 -0.49065,0.245323 -0.46418,0.297143 -0.28006,0.311478 -0.15987,0.195155 -0.10805,0.351721 -0.002,0.468594 -0.0413,0.247528 -0.18799,0.468594 0.01,0.430004 -0.0667,0.273439 0.38094,0.235951 0.0121,0.28722 -0.0281,0.260208 -0.2139,0.390311 -0.23926,0.246426 -0.25414,0.40299 0.0121,0.28667 0.19625,0.443786 0.26076,0.483479 0.1279,0.5998 0.091,0.378183 0.21997,0.691866 0.2365,0.275092 0.26186,0.378734 0.0237,0.352273 0.11632,0.534748 0.23705,0.209489 0.26297,0.183579 0.038,0.260759 0.11688,0.300451 0.6847,0.303208 0.301,0.340144 0.21004,0.248631 0.34235,0.157668 0.48789,0.14554 0.38314,-0.06285 0.60973,-0.258002 0.26516,-0.154912 0.50498,-0.571134 0.31975,-0.480171 0.43938,-0.402439 0.41291,-0.518762 0.34511,-0.324156 0.4096,-0.0634 0.52814,0.01599 0.59483,0.05513 0.88647,-0.151604 0.59264,0.172553 0.6202,0.08159 0.6461,0.173104 -0.24201,0.663199 0.15601,0.326362 0.40906,0.06781 0.56672,0.09427 0.75196,0.09537 0.8159,0.382593 0.73928,0.08214 0.53971,0.185784 1.01437,0.475209 0.97467,0.240361 0.55405,0.09427 0.59594,-0.28281 0.24036,-0.180822 0.15987,-0.260208 0.16208,-0.389208 0.2558,-0.689661 0.3203,-0.323605 0.0689,-0.390863 -0.15602,-0.300451 -0.15712,-0.274541 -0.11521,-0.405196 -0.13011,-0.313131 -0.0888,-0.391414 -0.0628,-0.391414 0.002,-0.351721 -0.0888,-0.378735 -0.15601,-0.301002 -0.0772,-0.378183 0.081,-0.233746 0.17421,-0.194604 0.25469,-0.506633 0.12349,-0.468594 -0.0254,-0.260759 -0.0231,-0.430004 0.25414,-0.324157 0.34731,-0.44103 0.30762,-0.441029 0.0281,-0.28667 -0.22106,-0.457568 -0.11467,-0.469697 -0.0105,-0.404093 0.0182,-0.560108 0.0689,-0.377632 0.0292,-0.32581 0.0557,-0.377632 0.0413,-0.221066 0.1891,-0.377081 0.67587,-0.269028 0.55901,-0.374324 0.27895,-0.142232 0.26407,0.04135 0.31588,0.17145 0.38315,0.04135 0.35889,-0.192951 0.14884,-0.468043 0.29494,-0.45426 0.25304,-0.272336 0.39914,-0.231541 0.5171,-0.126796 0.57003,-0.126796 0.59705,-0.217758 0.58271,-0.100335 1.36995,-0.09592 0.43331,-1.91903 0.42504,-2.168212 0.37984,-1.771286 0.14885,-0.48403 0.38424,-0.830239 0.25911,-0.418427 0.16263,-0.563415 0.26737,-0.541915 0.0138,-0.01488 0.14279,-0.146642 -0.11357,-0.08269 -0.0722,-0.05237 -0.34014,-0.300451 -0.17476,-0.114117 -0.17531,-0.05237 -0.19185,-0.113565 -0.0788,0.02646 -0.21831,-0.07001 -0.16594,-0.09647 -0.21004,-0.331875 0.027,-0.235951 0.11301,-0.297144 0.26241,-0.25304 0.0877,-0.157117 0.008,-0.140027 -0.0259,-0.104745 -0.0612,-0.104744 -0.1312,-0.105296 -0.15767,-0.0083 -0.1924,0.03473 -0.17366,0.0083 -0.21886,-0.043 -0.27123,-0.17531 -0.11302,-0.0871 -0.0788,-0.157117 -0.0259,-0.236502 0.043,-0.24422 0.009,-0.209489 -0.20122,-0.253593 -0.16594,-0.148847 -0.21169,-0.153258 -0.2773,-0.344554 -0.14002,-0.235951 -0.0871,-0.192399 -0.16594,-0.139476 -0.28887,-0.104745 -0.34014,-0.01764 -0.446,-0.305964 -0.19184,-0.06119 -0.28888,0.06119 -0.18302,0.0088 -0.24533,-0.122385 -0.19185,0.05237 -0.28887,-0.01764 -0.29714,-0.174758 -0.31369,-0.104745 -0.21004,-0.01709 h -0.20893 l -0.30652,0.04355 -0.48072,0.09592 -0.17476,-0.104745 -0.07,-0.01764 -0.27951,0.157117 -0.22658,-0.0088 -0.097,-0.121834 -0.13893,-0.105296 -0.30596,-0.453709 -0.0265,-0.262413 0.007,-0.06836 0.001,-0.09758 -0.11302,-0.410709 -0.0353,-0.06119 -0.0788,-0.05237 -0.41788,-0.01764 -0.12294,-0.323054 0.0518,-0.341247 -0.0788,-0.323054 -0.1053,-0.157668 -0.0777,-0.165386 -0.11411,-0.183579 -0.29715,-0.262412 -0.0788,-0.244772 0.11412,-0.148296 0.14002,-0.104745 0.16594,-0.183578 v -0.09592 l -0.29714,-0.148848 -0.0518,-0.174758 -0.23595,-0.209489 -0.26296,0.0088 -0.12239,-0.03528 -0.14884,-0.183027 -0.0689,-0.288875 -0.07,-0.0871 -0.17476,-0.166489 -0.14002,-0.165386 -0.26242,-0.165937 -0.18357,-0.09647 -0.15712,-0.131207 -0.0871,-0.07828 -0.13121,-0.09647 -0.16594,-0.148296 -0.11411,-0.20122 -0.0777,-0.165937 -0.20122,-0.331875 -0.0369,-0.03694 -0.20784,-0.207836 -0.45426,-0.279502 -0.29769,-0.235951 -0.36606,-0.192399 -0.18413,-0.131207 0.0182,-0.44544 -0.0882,-0.09592 -0.34897,-0.165937 -0.21886,-0.166489 -0.19184,-0.139476 -0.12349,-0.04355 -0.46253,-0.08765 -0.32306,-0.21831 -0.38424,-0.393067 -0.0529,-0.174758 0.0612,-0.140027 -0.0259,-0.07828 -0.41126,-0.35117 -0.19184,-0.199566 -0.11302,-0.06119 -0.0623,-0.01764 -0.14775,-0.157117 -0.14002,-0.2271303 -0.11302,-0.2971438 -0.07,-0.2183097 -0.18413,-0.2883231 -0.12184,-0.096475 -0.50828,-0.2254764 -0.043,-0.018744 -0.44489,-0.1223857 -0.27068,-0.096475 -0.20122,-0.1047446 -0.27124,-0.349516 -0.043,-0.1659374 -0.27178,-0.4018884 -0.0959,-0.052372 -0.18302,-0.2012199 -0.0612,-0.1047445 -0.20066,-0.2183097 -0.11412,-0.026462 -0.0518,-0.026462 -0.2365,-0.2094891 -0.23596,-0.1918479 -0.0788,-0.078834 -0.10474,-0.035282 -0.27013,-0.2359509 -0.13231,-0.1918479 -0.12184,-0.3318749 -0.10474,-0.026462 -0.1053,-0.1312064 -0.16594,-0.174758 -0.12183,-0.078834 -0.19185,-0.060642 -0.17531,-0.017641 -0.17476,-0.1047446 -0.0871,-0.070013 -0.10529,-0.1047445 -0.0717,-0.056783 -0.129,-0.1008855 -0.1053,-0.00827 z"
         inkscape:label="1éreCE" />
     </g></g></svg>
