<svg
   x="0px"
   y="0px"
   width="1758.8059"
   height="1215.4972"
   viewBox="0 0 1758.8059 1215.4972"
   enable-background="new 0 0 1346.439 1215.395"
   xml:space="preserve"
   xmlns:inkscape="http://www.inkscape.org/namespaces/inkscape"
   xmlns:sodipodi="http://sodipodi.sourceforge.net/DTD/sodipodi-0.dtd"
   xmlns="http://www.w3.org/2000/svg"
   xmlns:svg="http://www.w3.org/2000/svg">
  <defs></defs><sodipodi:namedview
   id="namedview578"
   pagecolor="#505050"
   bordercolor="#eeeeee"
   borderopacity="1"
   inkscape:pageshadow="0"
   inkscape:pageopacity="0"
   inkscape:pagecheckerboard="0"
   showgrid="false"
   inkscape:zoom="0.61580177"
   inkscape:cx="656.86722"
   inkscape:cy="561.05717"
   inkscape:window-width="1920"
   inkscape:window-height="1017"
   inkscape:window-x="-8"
   inkscape:window-y="-8"
   inkscape:window-maximized="1"
   inkscape:current-layer="svg576"
   showguides="true" />
<path
   fill="#ffffea"
   d="m 1281.425,344.931 c 0.13,3.26 1.36,10.14 0.33,12.89 l -3.75,9.95 c -0.16,0.43 -0.28,0.89 -0.42,1.33 -0.101,0.37 -0.22,0.76 -0.351,1.18 l -0.05,-0.02 c -1.35,0 -1.83,0.83 -3.45,2.27 l -0.279,0.24 c -0.23,0.22 -0.34,0.67 -0.62,0.84 -3.351,1.95 -3.59,2.6 -7.55,0.86 -2.74,-1.21 -6.261,0.86 -8.511,-1.46 -0.96,-1 -3.3,0.26 -5.25,-2.35 l -0.439,-0.59 c -0.22,-0.3 -0.5,-0.71 -0.87,-0.87 l -0.28,-0.11 -0.38,-0.14 c -2.229,-0.91 -2.66,-2.91 -4.03,-4.25 l -0.21,-0.02 -0.5,0.45 c -0.67,2.25 -2.369,3.9 -4.72,3.61 -1.59,-0.2 -1.99,1.24 -3.93,1.47 l -0.66,0.06 c -2.16,0.2 -3.49,3 -4.96,4.43 -1.62,1.58 -3.521,2.11 -5.45,3.12 l -1.06,0.59 c -0.41,0.21 -1.061,0.6 -1.521,0.57 l -0.85,-0.38 c 0.12,-0.65 0.05,-1.27 -0.34,-1.85 -1.19,-1.76 -2.95,-3.05 -4.04,-4.88 -2.37,-3.98 -2.65,-3.58 -7.25,-2.22 -3.9,1.16 -6.7,1.4 -8.19,-3.06 -0.5,-1.5 -0.88,-2.51 -1.72,-3.83 -0.49,-0.77 -0.55,-1.42 -1.13,-2.14 -1.641,-2.11 -3.57,-4.65 -6.42,-5.16 -0.221,-0.04 -0.37,-0.03 -0.511,0.03 -0.31,0.92 1.16,3.12 0.73,5.1 -0.11,0.47 -0.26,1.31 -0.76,1.55 -0.87,1.47 -2.58,2.31 -3.7,3.43 -0.58,0.58 -1.17,1.2 -1.86,1.67 -0.74,0.51 -9.47,3.84 -10.42,3.88 -1.38,0.05 -2.6,-0.24 -3.8,-0.93 l -0.3,-0.28 c -0.67,-0.91 -1.05,-2.8 -1.63,-3.45 -0.44,-0.22 -1.13,-0.21 -1.61,-0.21 -0.76,0 -1.12,0.04 -1.77,0.35 l -0.811,0.4 c -1.78,0.85 -1.91,1.09 -3.39,2.01 -2.98,1.84 -5.15,1.59 -8.2,-0.38 -0.14,-0.09 -0.63,-0.77 -1.12,-1.57 -0.57,0.43 -0.62,1.11 -1.07,1.61 -1.859,2.06 -3.199,2.61 -3.29,5.65 0.44,0.95 0.851,2.07 1.381,2.97 0.25,0.42 0.789,0.75 1.05,1.17 0.06,0.1 1.16,2.27 1.18,2.34 0.54,1.68 0.84,3.58 1.25,5.3 0.24,1.03 -0.28,2.83 -0.72,3.72 -0.09,0.18 -0.431,0.45 -0.53,0.63 -0.22,0.42 -0.52,1.12 -0.65,1.58 -0.51,1.73 -0.25,3.37 -0.46,5.1 l -0.399,0.76 c -0.45,0.57 -1.101,1.3 -1.641,1.79 -0.689,0.63 -1.449,0.97 -2.1,1.72 -0.57,0.66 -0.59,1.55 -1.25,2.07 -0.1,0.08 -1.31,0.94 -1.37,0.96 -1.04,0.42 -2.33,0.66 -3.41,0.97 -0.84,-0.49 -1.81,-1.36 -2.3,-2.21 -2.13,-0.62 -5.43,-1.43 -7.55,-0.34 -0.43,0.22 -0.811,0.71 -1.24,0.96 -0.24,0.14 -0.609,0.15 -0.859,0.28 -0.54,0.27 -0.73,0.57 -1.44,0.62 -1.55,0.1 -3.64,-1.25 -4.85,-0.9 -1.051,0.3 -2.051,0.86 -3.091,1.17 -1.399,0.42 -4.08,1.08 -5.569,0.97 -1.601,-0.13 -3.141,-0.62 -4.75,-0.62 -1.4,0 -2.86,0.05 -4.25,0.27 -0.181,0.03 -0.86,0.35 -0.98,0.35 -4.97,0 -9.95,-2.42 -14.569,-3.86 -1.221,-0.38 -2.521,-0.58 -3.74,-0.97 -0.771,-0.24 -1.521,-0.73 -2.29,-0.96 -0.681,-0.2 -1.48,-0.19 -2.17,-0.34 -1.09,-0.25 -2.971,-1.01 -3.8,-1.8 -1.58,-1.46 -3.12,-2.98 -4.73,-4.41 -0.99,-0.88 -2.1,-1.65 -3.08,-2.55 -1.95,-1.76 -3.76,-3.68 -5.71,-5.44 -1.43,-1.29 -3.18,-2.07 -4.729,-3.17 -0.841,-0.6 -1.57,-1.41 -2.431,-2 -2.05,-1.4 -4.25,-2.67 -6.359,-3.99 -0.4,-0.26 -0.721,-0.82 -1.12,-1.1 -1.521,-1.11 -10.181,-7.1 -10.471,-8.98 l 9.79,-11.53 -5.62,-12.62 2.12,-3.63 -3.87,-1.62 -0.34,-3.34 c -0.06,-0.4 -1.63,-2.25 -2.05,-3.2 l -0.06,-0.19 -0.13,-0.46 -0.141,-0.48 c -0.189,-0.66 -0.67,-1.18 -1.109,-1.69 -4.301,-5.01 -1.74,-3.45 -1.95,-8.12 l -0.061,-0.28 c -0.64,-1.84 -0.54,-2.4 -2.04,-3.7 -1.88,-1.62 -2.85,-4.18 -4.12,-6.27 l -1.27,-1.41 c 0.06,-0.32 -0.04,-0.71 0,-1.04 l 0.26,-1.33 c 0.05,-0.26 0.12,-0.4 0.13,-0.67 0.051,-0.68 -0.33,-2.07 -0.189,-3.16 0,0 0.689,-3.04 1.939,-4.29 1.25,-1.25 3,-3 3,-3 0,0 1.75,-11.25 2.5,-13.5 0.75,-2.25 0.25,-6.75 4.25,-8.5 4,-1.75 6.75,-5 6.75,-5 l 2.25,-6 3.5,-3.75 2.25,-5 -0.5,-4.75 -1.069,-4.23 c -1.021,-0.75 -3.65,-3.77 -4.2,-4.89 -0.44,-0.88 -0.7,-2.27 -0.99,-3.24 l -2.5,-2.2 c -0.87,-1.47 -0.11,-3.34 -0.12,-4.89 -0.029,-2.15 -1.52,-3.7 -2.45,-5.49 -0.149,-0.28 -0.31,-0.41 -0.369,-0.71 -0.021,-0.06 0.05,-2.85 0.06,-3.04 0.02,-0.32 0.21,-0.71 0.2,-1.03 -0.03,-0.9 -0.16,-2.08 -0.33,-2.96 -0.04,-0.19 -0.351,-0.63 -0.39,-0.83 -0.44,-2.09 -0.99,-4.23 -1.32,-6.34 -0.351,-2.25 0.5,-6.3 2.63,-7.58 l 1.83,-0.34 c 2.26,0.77 4.13,2.75 6.7,1.65 0.239,-0.75 0.96,-1.47 1.77,-1.58 1.141,0.3 2.37,0.57 3.54,0.69 2.46,0.26 3.21,-0.01 4.64,-2.18 0.851,-1.3 1.421,-2.11 2.761,-2.94 l 1.399,-0.88 c 0.471,-0.14 0.761,-0.09 1.24,-0.16 1.69,-0.21 3.4,-0.42 4.99,-1.08 1.58,-1.12 4.37,-2.05 5.229,-3.75 1.091,-2.13 5.07,-6.74 5.25,-9 0.32,-3.95 -4.08,-8.6 -5.43,-12.32 -0.37,-1.03 -0.93,-2.01 -1.31,-3.04 -0.101,-0.25 -0.03,-0.64 -0.131,-0.89 -0.689,-1.72 -1.97,-3.07 -2.5,-4.21 -0.449,-0.97 -0.8,-2.33 -1.109,-3.37 -1.75,-5.84 1.2,-9.94 1.479,-15.92 0,-0.34 -1.239,-3.67 -1.25,-4 -0.029,-1.39 -0.979,-2.25 -1.02,-3.64 0,-0.34 -0.18,-0.7 -0.2,-1.04 -0.08,-1.71 -0.229,-3.45 -0.26,-5.16 -0.01,-0.7 0.17,-1.45 0.13,-2.14 -0.11,-2.02 -0.47,-4.04 -0.58,-6.06 -0.04,-0.69 0.13,-1.44 0.13,-2.14 0,-0.82 -0.07,-1.27 -0.109,-2.09 -0.28,-5.29 -0.671,-9.23 1.939,-14.03 0.63,-1.17 1.24,-2.39 2.13,-3.39 0.07,0.11 0.47,0.8 0.49,0.87 0.45,1.71 0.85,4.31 1.94,5.75 0.989,1.31 2.279,2.45 3.31,3.74 2.16,2.71 4.41,5.57 6.4,8.4 0.52,0.74 0.75,1.84 1.3,2.56 0.8,1.05 2.04,2.1 2.97,3.05 l 3.24,0.78 c 0.399,1.23 1.71,3.96 2.92,4.66 l 1.95,0.39 c 0.05,-0.05 0.55,-0.55 0.55,-0.58 0.55,-1.62 1.02,-3.9 2.31,-5.14 l 1.261,-0.85 c 0.51,-0.34 1.21,-0.72 1.85,-0.77 0.86,0.7 2.5,1.35 3.63,1.35 l 0.75,-4.4 c 0.92,-0.77 3.271,-0.53 4.28,-0.2 0.34,0.11 0.479,0.27 0.79,0.43 1.399,0.78 2.62,1.35 4.13,2.03 l 5.14,2.33 c 0.05,0.03 1.88,0.2 2.061,0.22 0.8,-0.37 1.979,-1.81 2.27,-2.59 0.23,-0.62 0.29,-1.67 0.4,-2.35 0.04,-0.25 -0.74,-1.59 -0.87,-1.8 l 0.149,-1.72 c 0.61,-1.09 2.25,-2.3 3.431,-2.64 0.56,0.16 1.55,0.11 2.06,-0.19 1.24,-1.84 2.12,-3.88 3.04,-5.89 0.04,-0.08 0.25,-0.34 0.311,-0.42 0.56,-0.74 1.149,-1.73 1.79,-2.38 1.649,-1.7 3.75,-3.13 5.319,-4.88 l 1.04,-2.24 -0.12,-1.89 c -0.069,-1.14 -0.689,-2.79 -1.35,-3.74 1.93,0.08 4.15,0.75 5.91,1.51 l 1.03,1.66 2.06,3.34 c 0.59,1.23 1.14,3.55 1.53,5.01 l 1.229,1.13 1.771,0.09 3.529,0.17 c 0.221,-0.01 0.311,-0.14 0.511,-0.23 l 1.04,-0.47 c 1.649,-1.34 2.22,-4.04 4.21,-4.92 l 2.56,0.27 1.05,-0.86 0.91,0.03 1.82,0.07 c 0.27,-0.04 0.399,-0.15 0.649,-0.25 l 1.301,-0.5 c 0.83,-0.52 1.739,-2.25 1.989,-3.15 l 2.83,-1.84 c 1.66,-2.7 2.45,-11.02 4.95,-11.77 1.42,0.12 2.44,1.14 3.47,1.35 0.08,0.01 4.33,0.26 4.4,0.26 l 1.89,-0.86 c 0.051,-0.04 0.9,-1.19 0.99,-1.32 -0.08,-1.76 -0.43,-4.35 -0.3,-6.04 0.12,-1.56 1.34,-5.83 2.3,-7.26 0.55,-0.23 2.3,0.78 2.74,1.07 l 0.399,-0.67 0.811,-1.33 c 1.04,-3.42 0.57,-8.31 4.47,-10 1.54,-0.16 7.46,-0.75 8.75,0.18 l 2.05,1.98 c 1.011,0.97 2.75,2.92 3.391,4.16 0.42,0.83 0.42,2.08 0.79,2.96 0.5,1.19 2.399,2.74 3.47,3.35 1.07,-0.22 2.55,-0.72 3.62,-0.75 l 1.89,0.55 c 0.75,0.4 1.38,1.2 2.13,1.6 0.11,0.06 3.91,1.62 3.96,1.63 0.07,0.02 2.5,-0.01 2.73,-0.01 0.79,-0.3 1.91,-1.17 2.28,-1.95 l -1.41,-2.44 c 0.149,-0.99 1.84,-3.5 2.72,-4.01 0.21,-1.15 0.76,-3.11 0.76,-4.22 0,-0.87 -0.359,-2.09 -0.51,-2.96 l 1,-1.21 h 0.22 l 0.891,-1.54 h -0.23 c -0.32,-0.94 -0.67,-2.71 -0.399,-3.71 h 0.22 l 0.67,-0.68 c 1.53,-1.58 1.8,-1.93 4.04,-1.98 l 2.42,-0.05 c 0.93,-0.78 1.84,-3.28 2.15,-4.39 2.89,-1.52 3.199,-1.93 4.64,-4.77 0.229,-0.44 0.42,-0.66 0.58,-1.13 0.31,-0.94 0.14,-2.22 0.49,-3.13 0.239,-0.65 1.92,-2.65 2.609,-3.1 l 0.771,0.11 2.569,0.34 c 0.03,0.62 0.431,6.65 0.37,7.01 -0.13,0.67 -0.64,1.63 -0.89,2.28 0.52,1.71 1.34,5.55 0.81,7.36 -1,0.77 -2.29,2.44 -2.55,3.72 -1.54,0.87 -3.1,1.72 -4.62,2.64 l -0.66,2.1 1.511,5.74 c 1.27,4.84 0.93,4.78 -0.811,9.18 l -0.8,2.03 c -0.55,0.9 -1.58,1.91 -2.27,2.74 0.02,0.24 0.3,3.2 0.29,3.25 -0.511,2.22 -2.021,4.4 -2.53,6.62 -0.34,1.46 0.21,3.41 -0.16,4.85 -0.12,0.48 -1.74,3.04 -1.98,3.71 -0.689,1.92 0.131,4.64 -1.09,6.68 -1.13,1.19 -4.02,1.04 -5.399,0.54 l -4.2,-3.69 c -0.36,2.72 -0.86,5.51 -1.58,8.16 -0.771,0.69 -1.56,1.51 -2.38,2.12 -0.17,0.13 -1.13,0.48 -1.22,0.58 -0.811,0.79 -2.96,3.81 -3.381,4.92 -0.14,0.37 -0.43,2.34 -0.54,2.56 -1.01,1.97 -2.569,3.97 -3.77,5.84 -0.01,0.02 -0.1,1.05 -0.1,1.14 0.55,0.64 1.109,1.87 1.119,2.73 l 1.851,1.94 c 0.42,1.6 1.38,5.73 1.04,7.4 -0.28,1.31 -1.141,2.7 -1.32,4.01 -0.14,0.96 0.33,2.24 0.28,3.24 -0.03,0.63 -2.3,5.9 -2.53,6.29 -0.34,0.57 -1.46,1.26 -1.82,1.83 -0.869,1.38 -2.09,4.42 -2.199,6.12 -0.59,-0.03 -2.551,-0.01 -3.011,0.46 -1.31,2 -0.96,4.12 -1.42,5.09 -0.64,1.34 -2.069,2.5 -2.77,3.83 -0.67,1.27 -2.33,5.67 -2.351,7.25 0.301,0.98 3.28,2.88 4.131,3.41 0.199,0.12 1.409,0.54 1.5,0.62 0.909,0.88 1.79,2.29 2.569,3.3 0.23,1.38 -1.359,4.54 -2.029,5.65 0.01,0.15 0.159,1.74 0.18,1.78 0.04,0.09 1.36,1.95 1.51,2.15 -2.189,3.4 -3.27,5.6 -0.16,8.83 1.32,1.36 2.641,2.76 4.28,3.77 l 4.61,-0.49 1.229,0.57 c 1.36,0.07 2.65,-0.78 3.94,-1.06 0.8,-0.18 3.13,0.03 4.02,0.05 0.15,1.32 0.8,3.63 2.22,4.11 0.921,2.25 -0.109,8.06 -0.34,10.38 -0.12,1.2 0.83,2.9 1.63,3.71 0.261,0.27 1.44,1.19 1.681,1.26 l 0.89,0.45 c 0.53,0.83 -0.05,6.43 -0.399,7.44 -0.181,0.5 -0.601,1.08 -0.961,1.48 -0.819,0.91 -1.609,1.76 -1.979,2.98 l 0.31,1.11 c 0.94,0.83 3.53,2.45 3.811,3.23 -1.141,3.45 -3.561,3.18 -4.3,7.84 l 1.06,2.84 -1.95,3.96 c -0.09,0.62 0.55,1.23 0.891,1.64 0.609,0.75 0.199,0.35 1.35,1.02 l 1.97,1.13 c 1.49,0.49 3.45,0.29 4.9,0.84 0.06,0.02 2.8,2 3.04,2.17 0.54,0.39 4.899,3.42 5.2,3.79 0.979,1.19 1.77,3.09 2.3,4.49 0.71,1.89 1.39,3.77 2.04,5.68 l 1.609,4.75 c 1.181,2.65 3.19,5.66 4.551,8.39 l 1.38,2.77 c 0.08,0.29 0.109,3.37 0.18,3.94 0.11,1.01 0.48,2.31 0.79,3.3 0.42,1.35 1.1,2.64 1.51,3.99 0.38,1.26 0.551,2.64 0.971,3.88 0.56,1.68 1.399,3.29 2.01,4.96 0.58,1.6 1.03,3.28 1.57,4.9 0.72,2.16 1.649,4.36 2.25,6.55 0.31,1.14 0.47,5.21 0.569,6.41 0.595,6.64 0.635,13.41 0.905,20.07 z"
   id="Ratanakiri"
   style="fill:#004c99;fill-opacity:1;stroke:#ffffff;stroke-width:0.8;stroke-miterlimit:4;stroke-dasharray:none;stroke-opacity:1" /><path
   fill="#ffffea"
   d="m 1277.185,370.261 0.05,0.02 c -0.949,2.88 -2.649,6.71 -3.609,9.26 -1.51,3.98 -2.95,7.99 -4.51,11.94 -1.591,4.02 -3.4,7.98 -5.11,11.95 -0.09,0.2 -0.16,0.42 -0.23,0.63 -0.75,2.01 -1.569,4.03 -2.239,6.06 -0.771,2.33 -1.29,4.76 -2.08,7.08 -1.721,5.07 -3.601,10.15 -5.48,15.15 -0.899,2.39 -2.149,4.78 -2.91,7.2 -0.029,0.07 -0.77,4.53 -0.75,4.79 0.17,2.09 1.631,3.63 2.41,5.47 0.42,1.02 0.99,3.28 0.4,4.34 l -0.45,0.46 -2.54,0.64 -0.32,2.57 -0.39,0.17 c -0.3,2 0.98,4.75 2.08,6.33 l -0.33,1.37 1.56,2.73 c -0.1,0.13 -1.079,1.44 -1.1,1.49 -0.3,0.97 -0.34,2.45 -0.49,3.48 0.551,1.47 2.48,6.48 4.57,6.61 l 1.01,3.25 c 1.66,0.63 2.42,2.77 3.23,4.21 1.05,0.18 2.12,1.11 2.77,1.85 l 1.67,1.9 c 1.08,1.55 2.351,5.84 2.851,7.64 l -0.88,2.57 0.619,1.82 c -0.6,1.41 -0.489,4.73 -0.14,6.12 0.01,0.05 0.97,1.61 1.061,1.76 l -0.44,1.82 0.62,1.43 c -0.41,0.92 -0.98,1.91 -1.271,2.86 l -0.05,1.08 c 0.061,0.24 2.07,4.32 2.181,4.51 0.46,0.81 1.39,1.72 1.72,2.56 0.01,0.02 0.39,2.64 0.399,2.74 0.03,1.16 -0.97,1.55 -1.43,2.4 -0.39,0.71 -0.65,1.75 -0.939,2.52 l 0.279,0.68 c 1.03,2.5 0.16,1.75 0.46,3.3 0.12,0.62 0.65,1.33 0.84,1.95 0.16,0.51 0.131,1.13 0.28,1.65 0.22,0.79 1.18,1.56 1.391,2.34 0.039,0.14 0.96,5.76 0.96,5.81 0.01,1.36 -0.65,4.26 -0.87,5.71 0.359,0.46 1.67,2.3 1.56,2.91 -1.479,1.48 -3.38,3.79 -3.13,6.06 l -2.48,2.93 -0.109,0.85 1.359,2.05 c 0.37,0.56 0.341,1.24 0.65,1.77 0.4,0.68 1.12,1.41 1.62,2.04 0.19,0.67 -0.29,2.77 -0.6,3.26 -0.671,1.07 -1.881,2.22 -2.71,3.21 -0.101,1.87 -0.24,4.21 -0.921,6 -0.22,0.6 -0.75,1.21 -0.93,1.82 -0.32,1.07 -0.439,2.38 -0.649,3.49 l -2.091,2.35 c 0.19,1.74 0.42,5.95 0.801,7.47 0.18,0.71 0.75,1.65 1.06,2.34 l -1.55,1.55 -1.08,4.22 c -0.96,0.67 -3.62,2.64 -4.19,3.67 l -1.439,0.4 c -0.23,1.35 -5.7,3.89 -6.78,4.37 -0.45,0.2 -1.04,0.21 -1.49,0.41 -1,0.45 -2.37,1.35 -3.26,2 -0.229,0.18 -1.52,1.38 -1.64,1.44 -1.25,0.6 -2.83,0.48 -4.011,1.35 -0.25,0.88 -0.619,1.85 -0.76,2.75 -0.25,1.58 -0.01,3.37 -0.37,4.91 -0.08,0.35 -0.239,0.51 -0.399,0.84 l -0.811,1.67 c -0.71,0.96 -2.95,1.36 -4.02,1.27 -2.13,-0.6 -2.83,-0.59 -3.92,-2.5 l -1.181,-2.09 c -0.5,-1.09 -0.689,-2.44 -1.239,-3.48 -0.58,-1.11 -2.16,-1.96 -2.721,-3.07 -0.13,-0.26 -1.63,-3.26 -1.67,-3.31 -1.31,-1.47 -4.729,-4.24 -6.33,-5.67 -1.63,0.24 -2.18,0.88 -2.979,1.04 -0.95,0.19 -3.74,0.6 -4.72,0.39 l -0.24,0.24 c -2.351,0.47 -7.58,1.2 -9.98,0.54 l -0.93,0.84 -1.88,1.69 c -0.87,0.56 -2.15,0.84 -3.09,1.33 -0.931,0.48 -1.801,1.29 -2.761,1.72 -0.149,0.08 -5.409,0.46 -5.96,0.54 -0.96,0.16 -2.159,0.53 -3.09,0.82 -0.14,0.05 -2.16,0.83 -2.21,0.86 -1.109,0.75 -1.72,2.23 -3.189,2.53 -2.311,0.48 -3.45,-0.25 -5.221,1.71 -0.14,0.15 -0.279,0.19 -0.35,0.38 -0.61,1.73 -0.67,3.76 -1.3,5.48 -0.351,0.96 -1.91,1.95 -1.59,3.15 l 0.659,0.4 0.07,0.68 c -0.74,1.12 -2.49,0.9 -3.479,1.51 -0.57,0.35 -5.61,4.25 -5.881,4.94 l -2.46,6.06 -0.88,-0.06 -1.449,-1.07 -0.82,0.12 c -0.94,0.7 -1.37,2.85 -0.71,3.83 l 0.89,0.16 -0.32,1.72 -3.42,0.3 c -0.619,0.35 -1.26,2.13 -1.42,2.75 l -0.609,0.4 -0.49,1.94 c -1.36,1.79 -5.15,3.21 -5.6,5.01 l -1.891,-0.68 -0.32,1.72 -2.649,0.41 0.729,1.65 -1.76,1.49 -1.49,0.3 c 0.101,0.4 0.19,1.4 -0.1,1.77 -0.14,0.03 -0.31,0.06 -0.44,0.11 l -8.51,3.63 -3.17,1.35 c -0.36,0.18 -2.24,1.5 -2.43,1.56 -1.15,0.36 -3.26,0.43 -4.51,0.6 -1.341,0.17 -1.721,-0.49 -2.721,-0.56 -0.399,-0.03 -2.439,0.35 -2.7,0.3 -0.17,-0.03 -3.39,-1.31 -3.77,-1.46 -1.62,-0.63 -3.62,0.63 -5.01,1.12 -0.04,0.01 -1.37,-0.05 -1.5,-0.05 l -0.66,-0.44 c -2.41,-1.57 -1.66,-0.51 -2.94,-1.02 -0.909,-0.37 -1.949,-1.14 -2.819,-1.64 l -7.181,-0.02 -0.6,1.04 -0.771,-0.04 c 0.131,-0.74 0.341,-1.6 0.391,-2.34 0.07,-1.06 -0.53,-4.6 -0.92,-5.65 -0.42,-1.12 -0.971,-2.02 -1.181,-3.24 3.16,-4.62 0.381,-6.94 0.98,-9.23 0.229,-0.9 0.9,-1.67 0.79,-2.69 -0.12,-0.99 -0.66,-1.75 -0.39,-2.82 0.06,-0.25 0.319,-0.51 0.39,-0.76 0.16,-0.65 0.22,-1.4 0.33,-2.07 -0.61,-2.44 -2.94,-4.7 -4.141,-6.89 -0.55,-1.01 -0.909,-3.14 -1.829,-4.68 -1.101,-1.83 -3.21,-2.98 -4.671,-4.48 -0.88,-0.91 -1.689,-2.11 -2.489,-3.1 l -0.59,-0.48 c -0.971,-0.45 -2.101,-0.85 -3.021,-1.38 -0.7,-0.41 -1.34,-1.06 -2.03,-1.52 -1.37,-0.91 -3.18,-1.54 -4.729,-2.06 -1.41,-0.48 -2.94,-0.94 -4.391,-1.31 -0.64,-0.17 -1.34,-0.17 -1.97,-0.35 -0.84,-0.23 -1.71,-0.73 -2.56,-0.89 -1.66,-0.33 -3.44,-0.36 -5.12,-0.62 -1.84,-0.29 -3.66,-1.23 -5.38,-1.93 -0.09,-0.04 -0.58,0 -0.681,-0.04 l -3.92,0.53 -5.75,-2.5 -6.25,-4.75 -8.5,-7.75 -12.5,-12 7.79,-10.58 c -0.81,-0.57 -1.64,-1.16 -2.47,-1.63 -0.75,-0.42 -1.66,-0.65 -2.43,-1.04 -1.17,-0.58 -2.511,-1.28 -3.61,-1.99 -2.97,-1.93 -5.67,-4.27 -8.79,-6 -2.46,-1.36 -5.1,-2.53 -7.61,-3.79 -3.079,-1.53 -1.85,-6.92 -1.119,-9.37 0.439,-1.46 1.29,-2.65 1.899,-3.99 0.601,-1.32 1.101,-2.72 1.65,-4.07 0.109,-0.28 0.399,-0.54 0.52,-0.82 0.33,-0.74 0.521,-1.55 0.86,-2.28 0.35,-0.78 0.939,-1.54 1.24,-2.34 1.92,-5.04 2.8,-10.53 3.939,-15.78 0.46,-2.13 1.4,-4.57 2.45,-6.45 0.81,-1.47 1.61,-3.1 2.99,-4.16 0.38,-0.29 1.08,-0.44 1.51,-0.69 0.23,-0.13 0.42,-0.42 0.66,-0.55 1.149,-0.63 0.53,0.03 1.99,-1.33 0.64,-0.59 0.46,-0.46 1.05,-0.8 l 0.24,-0.14 c 0.97,-1.28 1.92,-2.64 2.949,-3.86 0.48,-0.57 1.16,-1.01 1.641,-1.59 0.529,-0.62 0.899,-1.45 1.45,-2.06 1.569,-1.77 3.579,-3.16 5.659,-4.25 0.431,-0.23 0.57,-0.29 0.7,-0.37 0.101,-0.07 0.2,-0.16 0.44,-0.37 l 0.22,-0.18 c 1.61,-0.42 3.5,-0.73 5.05,-1.31 l 5.38,-2.71 5,-4.25 c 0,0 4.25,-4.25 5.75,-5.75 1.5,-1.5 3,-5.5 3,-5.5 0,0 0,-7.5 0,-9.25 0,-1.75 -1.5,-6 -3.25,-7.25 -1.75,-1.25 -13.5,-9.25 -15.25,-10 -1.75,-0.75 -15.75,-8.75 -16.75,-9.75 -1,-1 -2,-1.5 -4,-0.75 -2,0.75 -3.5,-0.75 -3.5,-0.75 0,0 -2.75,-1.75 -4.75,-1.75 -2,0 -2.25,-3.25 -2.5,-5 -0.25,-1.75 -3.25,-1.5 -4.25,-2 -1,-0.5 -2.75,-1.75 -3,-3 -0.25,-1.25 -3,-4.5 -3.25,-5.5 -0.25,-1 -1.5,-2.5 -3.25,-2.75 -1.75,-0.25 -2,-4.75 -1.25,-5.75 0.75,-1 -0.5,-4.25 0,-5.25 0.5,-1 1,-5 1.75,-6 0.75,-1 1,-2.75 2.25,-1.75 1.25,1 3.5,0.5 4.75,0.5 1.25,0 4.5,-0.75 4.5,-0.75 0,0 2.5,0 3.75,0.75 1.25,0.75 3,0.75 4.5,1 1.5,0.25 0.37,-5.86 0.37,-5.86 -0.029,-0.06 -2.76,-3.71 -2.84,-3.79 l -2.63,-2 c -1.81,-1 -3.93,-1.79 -5.82,-2.66 -0.58,-0.26 -1.83,-1.34 -2.18,-1.82 -0.06,-0.09 -0.05,-0.17 -0.09,-0.27 -0.5,-1.57 0.12,-3.38 -0.521,-4.92 -0.58,-1.42 -1.3,-2.96 -2.01,-4.32 -0.93,-1.76 -1.71,-2.25 -2.04,-4.54 -0.61,-4.36 1.95,-8.35 1.9,-12.68 -0.011,-0.81 -0.21,-2.1 -0.391,-2.9 -0.04,-0.16 -0.43,-0.75 -0.46,-0.89 -0.58,-3.47 -1.25,-6.81 -0.75,-10.35 l 0.75,0.36 c 2,-0.33 4.03,-1.1 5.971,-1.66 0.27,-0.07 0.529,-0.34 0.79,-0.41 0.85,-0.22 1.779,-0.25 2.63,-0.48 1.66,-0.45 3.33,-1.06 4.979,-1.59 1.311,-0.41 5.25,0.98 6.37,1.73 0.59,0.39 1.061,1.14 1.64,1.58 0.41,0.31 1.011,0.47 1.44,0.76 1.79,1.2 3.39,2.64 4.73,4.34 0.1,0.13 0.22,0.61 0.319,0.76 0.29,0.41 0.79,0.75 1.05,1.17 2.32,3.71 1.2,3.62 5.19,6.2 2.25,1.45 5.27,-0.77 7.28,-0.41 0.75,0.13 2.06,0.45 2.76,0.75 2.25,0.98 3.64,3.24 5.51,4.69 0.47,0.37 2.62,1.31 3.351,1.24 0.439,-0.15 1.05,-0.57 1.31,-0.97 l 0.35,-1.53 c 0.29,1.88 8.95,7.87 10.471,8.98 0.399,0.28 0.72,0.84 1.12,1.1 2.109,1.32 4.31,2.59 6.359,3.99 0.86,0.59 1.59,1.4 2.431,2 1.55,1.1 3.3,1.88 4.729,3.17 1.95,1.76 3.76,3.68 5.71,5.44 0.98,0.9 2.09,1.67 3.08,2.55 1.61,1.43 3.15,2.95 4.73,4.41 0.829,0.79 2.71,1.55 3.8,1.8 0.689,0.15 1.489,0.14 2.17,0.34 0.77,0.23 1.52,0.72 2.29,0.96 1.22,0.39 2.52,0.59 3.74,0.97 4.619,1.44 9.6,3.86 14.569,3.86 0.12,0 0.8,-0.32 0.98,-0.35 1.39,-0.22 2.85,-0.27 4.25,-0.27 1.609,0 3.149,0.49 4.75,0.62 1.489,0.11 4.17,-0.55 5.569,-0.97 1.04,-0.31 2.04,-0.87 3.091,-1.17 1.21,-0.35 3.3,1 4.85,0.9 0.71,-0.05 0.9,-0.35 1.44,-0.62 0.25,-0.13 0.619,-0.14 0.859,-0.28 0.43,-0.25 0.811,-0.74 1.24,-0.96 2.12,-1.09 5.42,-0.28 7.55,0.34 0.49,0.85 1.46,1.72 2.3,2.21 1.08,-0.31 2.37,-0.55 3.41,-0.97 0.061,-0.02 1.271,-0.88 1.37,-0.96 0.66,-0.52 0.68,-1.41 1.25,-2.07 0.65,-0.75 1.41,-1.09 2.1,-1.72 0.54,-0.49 1.19,-1.22 1.641,-1.79 l 0.399,-0.76 c 0.21,-1.73 -0.05,-3.37 0.46,-5.1 0.131,-0.46 0.431,-1.16 0.65,-1.58 0.1,-0.18 0.44,-0.45 0.53,-0.63 0.439,-0.89 0.96,-2.69 0.72,-3.72 -0.41,-1.72 -0.71,-3.62 -1.25,-5.3 -0.02,-0.07 -1.12,-2.24 -1.18,-2.34 -0.261,-0.42 -0.8,-0.75 -1.05,-1.17 -0.53,-0.9 -0.94,-2.02 -1.381,-2.97 0.091,-3.04 1.431,-3.59 3.29,-5.65 0.45,-0.5 0.5,-1.18 1.07,-1.61 0.49,0.8 0.98,1.48 1.12,1.57 3.05,1.97 5.22,2.22 8.2,0.38 1.479,-0.92 1.609,-1.16 3.39,-2.01 l 0.811,-0.4 c 0.649,-0.31 1.01,-0.35 1.77,-0.35 0.48,0 1.17,-0.01 1.61,0.21 0.58,0.65 0.96,2.54 1.63,3.45 l 0.3,0.28 c 1.2,0.69 2.42,0.98 3.8,0.93 0.95,-0.04 9.68,-3.37 10.42,-3.88 0.69,-0.47 1.28,-1.09 1.86,-1.67 1.12,-1.12 2.83,-1.96 3.7,-3.43 0.5,-0.24 0.649,-1.08 0.76,-1.55 0.43,-1.98 -1.04,-4.18 -0.73,-5.1 0.141,-0.06 0.29,-0.07 0.511,-0.03 2.85,0.51 4.779,3.05 6.42,5.16 0.58,0.72 0.64,1.37 1.13,2.14 0.84,1.32 1.22,2.33 1.72,3.83 1.49,4.46 4.29,4.22 8.19,3.06 4.6,-1.36 4.88,-1.76 7.25,2.22 1.09,1.83 2.85,3.12 4.04,4.88 0.39,0.58 0.46,1.2 0.34,1.85 l 0.85,0.38 c 0.46,0.03 1.11,-0.36 1.521,-0.57 l 1.06,-0.59 c 1.93,-1.01 3.83,-1.54 5.45,-3.12 1.47,-1.43 2.8,-4.23 4.96,-4.43 l 0.66,-0.06 c 1.939,-0.23 2.34,-1.67 3.93,-1.47 2.351,0.29 4.05,-1.36 4.72,-3.61 l 0.5,-0.45 0.21,0.02 c 1.37,1.34 1.801,3.34 4.03,4.25 l 0.38,0.14 0.28,0.11 c 0.37,0.16 0.65,0.57 0.87,0.87 l 0.439,0.59 c 1.95,2.61 4.29,1.35 5.25,2.35 2.25,2.32 5.771,0.25 8.511,1.46 3.96,1.74 4.199,1.09 7.55,-0.86 0.28,-0.17 0.39,-0.62 0.62,-0.84 l 0.279,-0.24 c 1.626,-1.44 2.107,-2.27 3.457,-2.27 z"
   id="Mondulkiri"
   style="fill:#001933;fill-opacity:1;stroke:#ffffff;stroke-width:0.8;stroke-miterlimit:4;stroke-dasharray:none;stroke-opacity:1" /><path
   fill="#ffffea"
   d="m 1083.455,668.861 c 0.39,1.05 0.99,4.59 0.92,5.65 -0.05,0.74 -0.26,1.6 -0.391,2.34 h -0.039 l -0.29,-0.01 c -0.79,0.61 -1.33,2.52 -1.421,3.43 -0.14,0.12 -1.489,1.21 -1.539,1.27 -0.681,0.96 -0.78,2.57 -1.41,3.6 -0.36,0.59 -1.04,1.08 -1.37,1.67 l -0.73,1.79 -0.359,0.9 -1.641,1.149 -0.279,0.69 0.399,1.59 c -0.67,1.271 -1.93,3.33 -2.85,4.3 -0.36,0.391 -1.891,1.2 -2.2,1.561 -0.76,0.899 -1.45,2.46 -2.07,3.49 -1.069,0.52 -3.859,1.369 -5.069,0.84 l -0.66,0.399 c -0.601,-0.06 -1.25,-0.02 -1.771,-0.319 l -7.54,-4.41 -0.79,0.81 c 0.66,0.561 1.11,2.75 1.32,3.641 l -0.38,0.8 c -0.85,-0.141 -3.6,-1.74 -3.6,-1.74 l -0.54,2 -1.271,0.18 -1.65,-2.88 c -1.93,-0.79 -6.85,0.32 -9.239,0.37 -2.74,0.04 -5.48,-0.06 -8.221,0 -1.369,0.021 -2.81,0.25 -4.189,0.37 l -1.67,-1.59 -2.101,-0.38 c -2.83,0.59 -2.67,3.1 -3.989,5.12 l -0.891,0.659 -0.439,0.341 c -1.57,0.14 -3.78,-0.57 -4.54,-2.08 -0.851,-1.71 -0.931,-4 -2.84,-5 l -1.061,-0.57 -2.47,0.02 c -0.82,0.011 -2.021,0.08 -2.72,0.65 l -0.811,2.12 -1.1,0.4 -3.59,-0.681 c -0.75,-2.01 -4.511,-1.25 -5.511,-0.25 -1,1 -2.5,3 -3.25,4 -0.75,1 -2.5,2.25 -3.5,1.5 -1,-0.75 -1.5,0 -2.5,0.5 -1,0.5 -2.25,-0.5 -3.5,-1.25 -1.25,-0.75 -4.5,-1.5 -6.25,-1.75 -1.75,-0.25 -3.25,0 -4,1 -0.75,1 -4.25,0.75 -5.5,1 -1.25,0.25 -3.75,0 -4.75,0 -1,0 -2.25,-0.5 -3.25,-1.75 -1,-1.25 -1.25,-0.5 -3.5,0.75 -2.25,1.25 -1.75,-1.75 -2.75,-1.75 -1,0 -3.75,-0.5 -4.75,0.5 -1,1 -1.75,2 -2.75,2.75 -1,0.75 -1.5,-0.75 -2,-1.75 -0.5,-1 -0.5,-2.5 -0.5,-3.75 0,-1.25 0.13,-3.58 0.13,-3.58 0.94,-1.41 2.051,-3.41 2.04,-5.17 l -0.26,-1.88 c -0.05,-0.37 -0.02,-0.59 -0.14,-0.94 -0.53,-1.56 -2.84,-3.76 -3.93,-4.96 -0.061,-0.07 -0.5,-0.2 -0.591,-0.28 -0.689,-0.56 -1.14,-1.26 -2.1,-1.72 -1,-0.47 -2.15,-0.69 -3.15,-1.17 -2.67,-1.28 -3.62,-2.51 -5.58,-4.62 -0.729,-0.78 -3.989,-0.15 -4.85,-0.27 -0.1,-0.02 -2.26,-0.81 -2.5,-0.9 -0.25,-0.36 -1.3,-1.6 -1.76,-1.72 -0.62,-0.16 -1.351,-0.06 -1.97,-0.21 -1.58,-0.37 -2.62,-1.02 -3.23,-2.55 0.34,-0.85 1.35,-1.07 1.78,-1.72 0.239,-0.37 0.279,-0.63 0.46,-1.03 1.21,-2.71 1.29,-3.24 0.5,-6.09 -0.09,-0.34 -0.07,-0.56 -0.24,-0.87 -0.13,-0.24 -1.51,-1.42 -1.71,-1.72 -0.44,-0.68 -0.23,-1.68 -0.98,-2.28 -0.979,-0.74 -3.46,0.66 -4.85,0.83 l -1.51,-0.62 c -0.641,-1.17 -0.521,-3.48 -0.79,-4.82 -0.68,-3.37 -3.7,-2.65 -5.97,-4.27 l -0.4,-0.76 0.07,-0.97 -0.851,-1.44 c -0.71,-0.31 -1.63,-0.85 -2.359,-1.04 -0.92,-0.24 -2.011,-0.16 -2.96,-0.34 -0.57,-0.11 -1.131,-0.44 -1.71,-0.55 -1.7,-0.33 -3.461,-0.51 -5.181,-0.76 -1.149,-0.17 -0.7,-2 -1.899,-3.1 -0.46,-1.62 -7.54,-0.85 -8.99,-0.71 l -2.49,0.23 -1.65,1.86 c -0.779,0.22 -2.06,0.46 -2.88,0.27 -1.33,0.46 -1.51,2.01 -3.35,2.14 l -0.72,-0.28 -0.521,-0.69 c -0.05,-0.66 -0.03,-1.41 -0.13,-2.06 -0.04,-0.27 -0.29,-0.56 -0.33,-0.83 -0.09,-0.62 0.01,-1.3 -0.07,-1.93 -0.05,-0.34 -0.27,-0.69 -0.329,-1.03 -0.11,-0.61 -0.08,-1.26 -0.19,-1.86 -0.06,-0.3 -0.27,-0.6 -0.33,-0.9 -0.05,-0.27 -0.15,-1.64 -0.2,-1.79 -0.02,-0.05 -0.83,-1.19 -0.92,-1.31 -0.109,-0.02 -0.92,-0.21 -0.979,-0.21 -2.971,0.18 -6.16,0.6 -9.12,0.56 -1.45,-0.02 -4.57,-0.49 -6.04,-0.76 -0.891,-0.17 -1.66,-0.82 -2.62,-0.83 l -1.45,-2 c -0.17,-1.82 -0.14,-6.33 1.05,-7.78 l 1.03,-0.48 c 2.47,-1.16 2.41,-1.3 4.35,-3.1 0.381,-0.36 1.16,-2.93 1.181,-3.31 0.06,-0.98 -0.04,-1.53 -0.061,-2.51 -0.08,-2.93 -0.09,-5.88 -0.46,-8.79 -0.12,-0.96 -0.31,-2.02 -0.52,-2.96 -0.07,-0.28 -0.28,-0.56 -0.33,-0.83 -0.22,-1.21 -0.4,-2.45 -0.66,-3.65 -0.11,-0.53 -0.35,-1.05 -0.46,-1.59 -0.07,-0.32 0,-0.71 -0.07,-1.03 -0.229,-1.11 -0.52,-2.53 -0.909,-3.58 -0.561,-1.5 -1.44,-2.92 -2.04,-4.41 -0.23,-0.58 -0.23,-1.29 -0.45,-1.86 -0.061,-0.15 -0.46,-0.53 -0.53,-0.69 -0.22,-0.48 -0.26,-1.22 -0.52,-1.66 -0.511,-0.84 -1.341,-1.6 -1.91,-2.41 -1.141,-1.61 -1.79,-4.11 -1.681,-6.08 h -0.01 l -0.47,-8.11 c -0.021,-0.16 -0.24,-0.64 -0.271,-0.83 -0.09,-0.66 0,-1.41 -0.13,-2.06 -0.22,-1.16 -0.7,-2.29 -0.92,-3.45 -0.41,-2.18 -0.59,-4.42 -0.979,-6.61 -0.181,-1.02 -1.07,-3.82 -0.79,-4.83 0.39,-1.4 1.25,-2.79 1.58,-4.2 l 0.08,-2.11 c 0.02,-0.41 0.119,-0.65 0.05,-1.06 -0.021,-0.07 -1.37,-3.87 -1.45,-4.06 -0.32,-0.75 -0.96,-1.45 -1.24,-2.21 -0.85,-2.23 -0.439,-4.6 -0.72,-6.89 -0.28,-2.24 -2.29,-2.87 -3.62,-4.34 l -0.78,-1.33 c -0.16,-0.26 -0.319,-0.37 -0.399,-0.67 -0.13,-0.5 -0.08,-0.81 -0.13,-1.33 l -0.261,-2.66 c -0.01,-0.36 0.17,-0.81 0.19,-1.17 0.06,-0.95 0.13,-2.09 0.07,-3.03 -0.021,-0.3 -0.29,-0.73 -0.32,-1.04 -0.12,-0.96 0.02,-2.01 -0.14,-2.96 -0.29,-1.86 -2.301,-2.97 -2.49,-4.34 -0.3,-2.12 1.97,-1.74 0,-6.13 0.83,-0.95 0.16,-2.52 -0.46,-3.38 -0.49,-0.67 -1.311,-1.04 -1.51,-1.93 0.039,-0.11 0.21,-0.61 0.26,-0.69 2.67,-4.12 5.42,-7.32 3.279,-12.4 -0.35,-0.84 -0.989,-2.15 -1.5,-2.89 -0.09,-0.12 -1.02,-0.79 -1.189,-0.97 -0.561,-0.59 -1.01,-1.33 -1.57,-1.93 -1.3,-1.36 -3.84,-2.62 -2.16,-4.75 0.811,-1.03 1.75,-2.08 2.49,-3.17 0.391,-0.58 0.71,-1.52 0.83,-2.2 l 0.22,-1.24 -0.31,-1.11 c -0.74,-2.65 -3.3,-3.99 -5.46,-5.44 -0.22,-0.15 -0.71,-1.42 -0.73,-1.65 -0.01,-0.21 0.21,-0.8 0.2,-1.04 -0.01,-1.27 -0.09,-2.8 -0.26,-4.06 -0.16,-1.19 -0.57,-2.4 -0.79,-3.58 -0.31,-1.69 -0.38,-2.79 -0.94,-4.48 l -1.09,-3.31 c -0.77,-3.41 4.59,-8.54 2.42,-13.37 -0.96,-2.15 -2.92,-4.18 -4.52,-5.85 -1.05,-1.08 -2.351,-1.99 -3.351,-3.1 -1.369,-1.52 -1.829,-3.63 -2.17,-5.58 -0.1,-0.62 0,-1.33 -0.13,-1.93 -0.18,-0.82 -0.55,-1.84 -0.85,-2.62 -0.11,-0.28 -0.37,-0.55 -0.46,-0.83 -0.25,-0.78 -0.351,-1.62 -0.59,-2.41 -0.101,-0.32 -0.38,-0.64 -0.46,-0.96 -0.431,-1.8 -0.48,-3.91 -0.15,-5.73 l 0.21,0.21 c 3.34,-0.42 6.25,0 9.26,1.45 0.271,0.14 0.511,0.42 0.79,0.55 0.221,0.11 0.57,0.09 0.78,0.21 0.729,0.38 1.38,0.94 2.1,1.31 0.15,0.07 0.74,0.13 0.92,0.21 1.08,0.43 2.15,0.96 3.221,1.44 0.08,0.04 0.71,0.27 0.779,0.28 l 7.091,1.03 c 0.09,0.01 0.59,0.37 0.729,0.42 1.13,0.39 2.24,0.65 3.38,1.1 4.521,1.78 7.88,3.41 11.44,6.82 1.109,1.06 2.17,2.41 3.35,3.37 2.07,1.69 4.45,3.2 6.62,4.76 0.39,0.27 1.03,0.38 1.45,0.62 0.47,0.27 0.72,0.46 1.18,0.76 1.97,1.26 7.45,4.42 9.9,4.27 1.109,-0.07 2.45,-0.48 3.55,-0.69 0.52,-0.82 2.08,-1.13 2.89,-1.59 1.771,-1 3.45,-2.32 5.25,-3.23 2.471,-1.26 6.07,-1.11 8.13,-3.04 1.511,-1.4 2.37,-4.09 3.351,-5.85 2.3,-4.13 6.27,-4.02 8.27,-7.77 0,0 3.11,-1.84 5.75,-2.25 0.591,-0.09 1.891,-2 2.301,-2.36 0.699,-0.62 1.3,-1.81 1.329,-2.78 0.101,-3.11 -0.069,-4.7 1.07,-7.58 l 1.101,-2.75 1.79,-2.81 c 1.35,-2.11 3.109,-3.69 4.699,-5.6 0.311,-0.37 0.511,-0.91 0.79,-1.31 0.49,-0.66 1.12,-1.25 1.57,-1.93 0.58,-0.84 1.28,-1.97 1.71,-2.89 0.26,-0.53 0.31,-1.24 0.52,-1.79 0.551,-1.42 1.721,-2.87 2.761,-3.93 1.06,-1.07 2.95,-2.18 4.46,-2.34 2.609,-0.28 5.33,-0.03 7.939,-0.28 2.17,-0.2 4.48,-1.03 6.63,-1.1 0.221,-0.01 3.32,0.69 3.801,0.76 2.27,0.33 6.77,0.96 9.13,0.41 3.39,-0.79 3.3,-2.89 4.59,-5.65 0.26,-0.55 2.68,-2.23 3.15,-2.48 1.72,-0.9 4.02,-1.55 5.97,-1.58 0.13,-0.01 0.8,0.25 0.99,0.27 0.59,0.08 1.5,0.17 2.09,0.14 1.229,-0.07 2.54,-0.48 3.75,-0.48 0.149,0 1.55,0.44 1.83,0.48 2.02,0.31 4.08,0.51 6.1,0.76 0.04,0 1.11,-0.39 1.22,-0.43 -0.5,3.54 0.17,6.88 0.75,10.35 0.03,0.14 0.42,0.73 0.46,0.89 0.181,0.8 0.38,2.09 0.391,2.9 0.05,4.33 -2.511,8.32 -1.9,12.68 0.33,2.29 1.11,2.78 2.04,4.54 0.71,1.36 1.43,2.9 2.01,4.32 0.641,1.54 0.021,3.35 0.521,4.92 0.04,0.1 0.03,0.18 0.09,0.27 0.35,0.48 1.6,1.56 2.18,1.82 1.891,0.87 4.011,1.66 5.82,2.66 l 2.63,2 c 0.08,0.08 2.811,3.73 2.84,3.79 0,0 1.13,6.11 -0.37,5.86 -1.5,-0.25 -3.25,-0.25 -4.5,-1 -1.25,-0.75 -3.75,-0.75 -3.75,-0.75 0,0 -3.25,0.75 -4.5,0.75 -1.25,0 -3.5,0.5 -4.75,-0.5 -1.25,-1 -1.5,0.75 -2.25,1.75 -0.75,1 -1.25,5 -1.75,6 -0.5,1 0.75,4.25 0,5.25 -0.75,1 -0.5,5.5 1.25,5.75 1.75,0.25 3,1.75 3.25,2.75 0.25,1 3,4.25 3.25,5.5 0.25,1.25 2,2.5 3,3 1,0.5 4,0.25 4.25,2 0.25,1.75 0.5,5 2.5,5 2,0 4.75,1.75 4.75,1.75 0,0 1.5,1.5 3.5,0.75 2,-0.75 3,-0.25 4,0.75 1,1 15,9 16.75,9.75 1.75,0.75 13.5,8.75 15.25,10 1.75,1.25 3.25,5.5 3.25,7.25 0,1.75 0,9.25 0,9.25 0,0 -1.5,4 -3,5.5 -1.5,1.5 -5.75,5.75 -5.75,5.75 l -5,4.25 -5.38,2.71 c -1.55,0.58 -3.439,0.89 -5.05,1.31 l -0.22,0.18 c -0.24,0.21 -0.34,0.3 -0.44,0.37 -0.13,0.08 -0.27,0.14 -0.7,0.37 -2.08,1.09 -4.09,2.48 -5.659,4.25 -0.551,0.61 -0.921,1.44 -1.45,2.06 -0.48,0.58 -1.16,1.02 -1.641,1.59 -1.029,1.22 -1.979,2.58 -2.949,3.86 l -0.24,0.14 c -0.59,0.34 -0.41,0.21 -1.05,0.8 -1.46,1.36 -0.841,0.7 -1.99,1.33 -0.24,0.13 -0.43,0.42 -0.66,0.55 -0.43,0.25 -1.13,0.4 -1.51,0.69 -1.38,1.06 -2.181,2.69 -2.99,4.16 -1.05,1.88 -1.99,4.32 -2.45,6.45 -1.14,5.25 -2.02,10.74 -3.939,15.78 -0.301,0.8 -0.891,1.56 -1.24,2.34 -0.34,0.73 -0.53,1.54 -0.86,2.28 -0.12,0.28 -0.41,0.54 -0.52,0.82 -0.55,1.35 -1.05,2.75 -1.65,4.07 -0.609,1.34 -1.46,2.53 -1.899,3.99 -0.73,2.45 -1.96,7.84 1.119,9.37 2.511,1.26 5.15,2.43 7.61,3.79 3.12,1.73 5.82,4.07 8.79,6 1.1,0.71 2.44,1.41 3.61,1.99 0.77,0.39 1.68,0.62 2.43,1.04 0.83,0.47 1.66,1.06 2.47,1.63 l -7.79,10.58 12.5,12 8.5,7.75 6.25,4.75 5.75,2.5 3.92,-0.53 c 0.101,0.04 0.591,0 0.681,0.04 1.72,0.7 3.54,1.64 5.38,1.93 1.68,0.26 3.46,0.29 5.12,0.62 0.85,0.16 1.72,0.66 2.56,0.89 0.63,0.18 1.33,0.18 1.97,0.35 1.45,0.37 2.98,0.83 4.391,1.31 1.55,0.52 3.359,1.15 4.729,2.06 0.69,0.46 1.33,1.11 2.03,1.52 0.92,0.53 2.05,0.93 3.021,1.38 l 0.59,0.48 c 0.8,0.99 1.609,2.19 2.489,3.1 1.461,1.5 3.57,2.65 4.671,4.48 0.92,1.54 1.279,3.67 1.829,4.68 1.2,2.19 3.53,4.45 4.141,6.89 -0.11,0.67 -0.17,1.42 -0.33,2.07 -0.07,0.25 -0.33,0.51 -0.39,0.76 -0.271,1.07 0.27,1.83 0.39,2.82 0.11,1.02 -0.561,1.79 -0.79,2.69 -0.6,2.29 2.18,4.61 -0.98,9.23 0.205,1.22 0.756,2.12 1.176,3.24 z"
   id="Kratié"
   style="fill:#003366;fill-opacity:1;stroke:#ffffff;stroke-width:0.8;stroke-miterlimit:4;stroke-dasharray:none;stroke-opacity:1" /><path
   fill="#ffffea"
   d="m 1077.675,168.531 c 1.35,3.72 5.75,8.37 5.43,12.32 -0.18,2.26 -4.159,6.87 -5.25,9 -0.859,1.7 -3.649,2.63 -5.229,3.75 -1.59,0.66 -3.3,0.87 -4.99,1.08 -0.479,0.07 -0.77,0.02 -1.24,0.16 l -1.399,0.88 c -1.34,0.83 -1.91,1.64 -2.761,2.94 -1.43,2.17 -2.18,2.44 -4.64,2.18 -1.17,-0.12 -2.399,-0.39 -3.54,-0.69 -0.81,0.11 -1.53,0.83 -1.77,1.58 -2.57,1.1 -4.44,-0.88 -6.7,-1.65 l -1.83,0.34 c -2.13,1.28 -2.98,5.33 -2.63,7.58 0.33,2.11 0.88,4.25 1.32,6.34 0.039,0.2 0.35,0.64 0.39,0.83 0.17,0.88 0.3,2.06 0.33,2.96 0.01,0.32 -0.181,0.71 -0.2,1.03 -0.01,0.19 -0.08,2.98 -0.06,3.04 0.06,0.3 0.22,0.43 0.369,0.71 0.931,1.79 2.421,3.34 2.45,5.49 0.01,1.55 -0.75,3.42 0.12,4.89 l 2.5,2.2 c 0.29,0.97 0.55,2.36 0.99,3.24 0.55,1.12 3.18,4.14 4.2,4.89 l 1.069,4.23 0.5,4.75 -2.25,5 -3.5,3.75 -2.25,6 c 0,0 -2.75,3.25 -6.75,5 -4,1.75 -3.5,6.25 -4.25,8.5 -0.75,2.25 -2.5,13.5 -2.5,13.5 0,0 -1.75,1.75 -3,3 -1.25,1.25 -1.939,4.29 -1.939,4.29 -0.141,1.09 0.24,2.48 0.189,3.16 -0.01,0.27 -0.08,0.41 -0.13,0.67 l -0.26,1.33 c -0.04,0.33 0.06,0.72 0,1.04 l 1.27,1.41 c 1.271,2.09 2.24,4.65 4.12,6.27 1.5,1.3 1.4,1.86 2.04,3.7 l 0.061,0.28 c 0.21,4.67 -2.351,3.11 1.95,8.12 0.439,0.51 0.92,1.03 1.109,1.69 l 0.141,0.48 0.13,0.46 0.06,0.19 c 0.42,0.95 1.99,2.8 2.05,3.2 l 0.34,3.34 3.87,1.62 -2.12,3.63 5.62,12.62 -9.79,11.53 -0.35,1.53 c -0.26,0.4 -0.87,0.82 -1.31,0.97 -0.73,0.07 -2.881,-0.87 -3.351,-1.24 -1.87,-1.45 -3.26,-3.71 -5.51,-4.69 -0.7,-0.3 -2.01,-0.62 -2.76,-0.75 -2.011,-0.36 -5.03,1.86 -7.28,0.41 -3.99,-2.58 -2.87,-2.49 -5.19,-6.2 -0.26,-0.42 -0.76,-0.76 -1.05,-1.17 -0.1,-0.15 -0.22,-0.63 -0.319,-0.76 -1.341,-1.7 -2.94,-3.14 -4.73,-4.34 -0.43,-0.29 -1.03,-0.45 -1.44,-0.76 -0.579,-0.44 -1.05,-1.19 -1.64,-1.58 -1.12,-0.75 -5.06,-2.14 -6.37,-1.73 -1.649,0.53 -3.319,1.14 -4.979,1.59 -0.851,0.23 -1.78,0.26 -2.63,0.48 -0.261,0.07 -0.521,0.34 -0.79,0.41 -1.94,0.56 -3.971,1.33 -5.971,1.66 l -0.75,-0.36 c -0.109,0.04 -1.18,0.43 -1.22,0.43 -2.02,-0.25 -4.08,-0.45 -6.1,-0.76 -0.28,-0.04 -1.681,-0.48 -1.83,-0.48 -1.21,0 -2.521,0.41 -3.75,0.48 -0.59,0.03 -1.5,-0.06 -2.09,-0.14 -0.19,-0.02 -0.86,-0.28 -0.99,-0.27 -1.95,0.03 -4.25,0.68 -5.97,1.58 -0.471,0.25 -2.891,1.93 -3.15,2.48 -1.29,2.76 -1.2,4.86 -4.59,5.65 -2.36,0.55 -6.86,-0.08 -9.13,-0.41 -0.48,-0.07 -3.58,-0.77 -3.801,-0.76 -2.149,0.07 -4.46,0.9 -6.63,1.1 -2.609,0.25 -5.33,0 -7.939,0.28 -1.51,0.16 -3.4,1.27 -4.46,2.34 -1.04,1.06 -2.21,2.51 -2.761,3.93 -0.21,0.55 -0.26,1.26 -0.52,1.79 -0.43,0.92 -1.13,2.05 -1.71,2.89 -0.45,0.68 -1.08,1.27 -1.57,1.93 -0.279,0.4 -0.479,0.94 -0.79,1.31 -1.59,1.91 -3.35,3.49 -4.699,5.6 l -1.79,2.81 -1.101,2.75 c -1.14,2.88 -0.97,4.47 -1.07,7.58 -0.029,0.97 -0.63,2.16 -1.329,2.78 -0.41,0.36 -1.71,2.27 -2.301,2.36 -2.64,0.41 -5.75,2.25 -5.75,2.25 -2,3.75 -5.97,3.64 -8.27,7.77 -0.98,1.76 -1.84,4.45 -3.351,5.85 -2.06,1.93 -5.659,1.78 -8.13,3.04 -1.8,0.91 -3.479,2.23 -5.25,3.23 -0.81,0.46 -2.37,0.77 -2.89,1.59 -1.1,0.21 -2.44,0.62 -3.55,0.69 -2.45,0.15 -7.931,-3.01 -9.9,-4.27 -0.46,-0.3 -0.71,-0.49 -1.18,-0.76 -0.42,-0.24 -1.061,-0.35 -1.45,-0.62 -2.17,-1.56 -4.55,-3.07 -6.62,-4.76 -1.18,-0.96 -2.24,-2.31 -3.35,-3.37 -3.561,-3.41 -6.92,-5.04 -11.44,-6.82 -1.14,-0.45 -2.25,-0.71 -3.38,-1.1 -0.14,-0.05 -0.64,-0.41 -0.729,-0.42 l -7.091,-1.03 c -0.069,-0.01 -0.699,-0.24 -0.779,-0.28 -1.07,-0.48 -2.141,-1.01 -3.221,-1.44 -0.18,-0.08 -0.77,-0.14 -0.92,-0.21 -0.72,-0.37 -1.37,-0.93 -2.1,-1.31 -0.21,-0.12 -0.56,-0.1 -0.78,-0.21 -0.279,-0.13 -0.52,-0.41 -0.79,-0.55 -3.01,-1.45 -5.92,-1.87 -9.26,-1.45 l -0.21,-0.21 c -0.11,-0.92 -0.13,-2.15 -0.37,-3.02 -0.03,-0.1 -1.38,-3.17 -1.38,-3.17 -0.16,-0.2 -3.27,-2.69 -3.68,-3.03 -0.82,-0.71 -1.141,-1.31 -1.641,-1.8 -1.17,-1.13 -1.63,-2.54 -1.75,-4.38 -0.199,-3.08 -0.42,-5.26 0.09,-8.33 0.381,-2.34 0.051,-5.11 -0.109,-7.47 -0.101,-1.45 -0.92,-3.12 -0.92,-4.55 l 0.39,-2.02 c 0.25,-1.28 0.5,-3.01 0.4,-4.32 -0.08,-1.03 -0.431,-2.65 -0.721,-3.65 -0.13,-0.43 -0.55,-0.89 -0.72,-1.31 -0.24,-0.58 -0.399,-1.26 -0.6,-1.86 1.319,-2.94 -0.8,-4.61 -0.521,-6.48 0.15,-0.94 0.53,-1.88 0.66,-2.82 0.061,-0.46 0.19,-3.78 0,-4.27 2.46,-2.18 3.62,-4.08 5.12,-7.03 -0.05,-1.37 -0.19,-2.84 -0.13,-4.2 0.02,-0.69 0.39,-1.46 0.39,-2.14 0,-0.72 -0.26,-1.28 -0.13,-2.07 0.16,-1.01 0.49,-2.08 0.59,-3.1 0.12,-1.35 -0.09,-2.79 0.061,-4.13 0.279,-2.37 0.92,-4.73 1.25,-7.1 0.149,-1.05 0.09,-2.17 0.189,-3.23 0.07,-0.71 0.3,-1.44 0.33,-2.14 0.061,-1.07 -0.109,-2.17 -0.06,-3.24 0.029,-0.7 0.26,-1.43 0.33,-2.13 0.149,-1.71 0.33,-3.6 0.33,-5.31 0,-1.59 -0.91,-2.7 -1.32,-4.13 -0.561,-1.99 0.21,-4.11 -0.46,-6.07 -0.23,-0.68 -0.74,-1.72 -1.11,-2.34 -0.42,-0.7 -1.16,-1.15 -1.38,-2 -0.439,-1.63 -0.53,-3.29 -1.38,-4.8 -0.05,-0.09 -0.06,-0.15 -0.13,-0.23 -2.2,-2.14 -4.561,-1.58 -6.03,-5.21 l -0.66,-1.61 c -0.029,-0.1 -0.399,-2.91 -0.399,-2.96 l 0.489,-1.79 c 0.091,-0.35 0.2,-0.54 0.23,-0.9 0.18,-2.07 0.05,-4.32 0.07,-6.4 0.01,-1.05 -1.41,-2.26 -1.57,-4.07 0.39,-2.53 1.81,-4.83 3.87,-6.34 0.43,-0.32 1.1,-0.48 1.51,-0.82 0.98,-0.83 1.9,-1.92 2.82,-2.83 0.31,-0.32 0.14,-0.7 0.92,-1.17 0.88,-0.53 1.95,-1.33 2.88,-1.72 0.32,-0.13 0.53,-0.11 0.86,-0.19 2.35,-0.5 3.54,-0.42 5.42,1.04 0.17,0.13 0.89,0.72 1.01,0.94 0.84,1.53 2.4,5.52 4.72,5.3 0.4,-0.28 1.05,-0.62 1.38,-0.96 0.75,-0.76 1.5,-2.71 2.82,-2.76 l 4,-0.13 c 0.32,-0.31 0.83,-0.47 1.23,-0.58 1.909,-0.54 2.09,-0.34 3.43,1.06 l 1.439,1.51 c 1.91,0.03 2.79,-0.91 4.73,-0.62 3.78,-1.43 1.34,-6.31 -0.19,-6.96 -0.63,-1.55 -0.609,-2.31 0.08,-3.76 0.13,-0.27 0.551,-1.02 0.84,-1.2 2.19,-1.37 5.28,-1.85 7.801,-1.99 0.72,-0.05 1.5,0.13 2.229,0.13 0.65,0 1.32,-0.15 1.97,-0.13 0.341,0 0.721,0.2 1.051,0.2 0.31,0 0.67,-0.18 0.979,-0.2 1.01,-0.07 2.15,-0.1 3.15,-0.07 4.55,0.13 9,0.58 13.54,0.3 l 2.979,-0.19 c 3.431,-0.21 6.48,-0.68 9.71,-1.86 0.7,-0.26 0.88,-0.3 1.04,-0.38 0.16,-0.07 0.29,-0.17 0.84,-0.51 0.601,-0.38 1.771,-0.91 2.12,-1.59 0.271,0.12 0.59,0.29 0.87,0.38 1.48,0.42 3.08,1.03 4.58,1.32 2.15,0.42 3.18,-0.26 4.94,-0.39 0.31,-0.02 5.04,0.27 5.12,0.29 0.81,0.26 2.619,1.06 2.619,1.06 0.061,-0.11 0.101,-0.26 0.221,-0.31 l 3.05,-1.27 c 0.27,-0.12 1.87,-0.85 1.93,-0.86 l 2.48,-0.06 1.91,-0.04 0.34,-0.01 c 3.62,0.79 7.45,1.49 10.92,2.81 1.74,0.66 3.39,1.79 5.14,2.4 0.05,0.02 1.521,-0.01 1.67,-0.01 l 1.271,-0.87 c 0.189,-2.07 0.649,-5.39 0.54,-7.36 -0.04,-0.95 -0.44,-2.02 -0.58,-2.97 -0.351,-2.37 -0.45,-4.84 -0.681,-7.23 l 1.16,-1.55 c 1.84,-0.75 3.74,-1.55 5.48,-2.51 l 0.49,-2.11 1.05,-0.81 c 1.3,-0.09 3.49,-0.49 4.63,-1.01 0.14,-0.07 2.37,-1.08 2.41,-1.11 1.74,-1.68 2.939,-4.69 3.109,-7.04 0,-0.12 -0.529,-3.04 -0.59,-3.37 -2.92,-1.88 -7.45,-5.05 -9.75,-7.72 -0.04,-0.05 -1.59,-2.57 -1.63,-2.67 -0.67,-1.42 -1.06,-3 -1.71,-4.43 -0.689,-1.51 -2.11,-3.51 -2.6,-5 -0.45,-1.37 -0.29,-3.28 -0.601,-4.73 -0.17,-0.76 -1.189,-3.39 -1.88,-3.92 -0.53,-0.41 -1.45,-0.57 -1.95,-1.01 -0.51,-0.44 -0.81,-1.33 -1.29,-1.81 -1.479,-1.45 -5.04,-2.06 -7,-2.61 -0.04,-0.01 -1.01,-0.72 -1.109,-0.79 -0.5,-2.27 -3.5,-5.28 -4.79,-7.26 -0.62,-0.94 -0.72,-2.58 -0.88,-3.66 -0.25,-1.64 1.51,-4.58 1.29,-6.23 -0.13,-0.95 -0.16,-2.21 -0.431,-3.12 -0.39,-1.34 -1.8,-5.17 -3.01,-6.07 l -4.74,-1.32 c -0.029,-0.08 -0.279,-0.57 -0.279,-0.63 -0.091,-1.19 -0.66,-7.08 -0.58,-7.57 0.16,-0.97 0.229,-2.77 0.97,-3.49 l 0.95,-0.35 1.109,0.33 c 1.841,2.22 3.71,4.33 6.181,5.87 l 1.95,0.21 c 1.579,-1.28 3.1,-0.85 4.689,0.18 l 1.26,-2.18 1.11,0.11 1.58,2.38 c 0.1,-0.14 1.14,-1.44 1.16,-1.49 0.739,-1.88 1.2,-4.07 1.779,-6.01 l 1,-0.35 c 2.07,1.69 4.671,3.4 7.46,2.66 1.41,-0.37 2.931,-0.93 4.421,-0.72 1.479,1.29 3.189,2.22 5,2.9 2.3,0.88 4.189,0.95 6.079,-0.64 l 1.74,-1.46 c 0.15,-0.07 3.721,-0.96 4.11,-1.06 0.68,-1.59 1.3,-3.27 2.07,-4.81 0.619,-1.25 1.409,-2.46 1.979,-3.73 0.73,-1.64 0.75,-2.56 0.63,-4.3 -0.02,-0.37 -0.13,-0.58 -0.06,-0.95 l 1.149,-2.52 c 0.03,-0.05 1.62,-1.26 1.771,-1.38 l 0.42,-1.89 -0.53,-1.61 -1.069,-3.22 c 0,-0.06 0.899,-4.5 0.97,-4.85 0,-0.03 0.649,-0.85 0.71,-0.93 l 0.72,-0.29 c 0.97,0.4 1.87,2.45 2.09,3.35 l 2.5,-0.88 c 0.41,0.39 1.05,0.68 1.55,0.91 l 2.591,1.34 1.1,3.87 c 0.98,0.16 1.44,0.79 2.24,1.23 0.16,0.09 3.01,1.5 3.069,1.52 l 1.811,0.1 c 0.58,0.03 1.2,0.29 1.76,0.1 l 4.11,-1.41 c 1.14,-0.39 2.2,-1.28 3.319,-1.73 0.421,-0.17 0.9,-0.09 1.351,-0.13 1.63,-0.15 1.79,0.01 3.229,0.48 1.48,0.49 5.021,0.32 6.521,-0.16 1.46,-2.2 2.08,-2.38 2.2,-5.4 1,-0.96 2.22,-1.57 3.25,-2.46 0.27,-0.23 0.55,-0.82 0.77,-1.15 -0.7,-1.27 -1.62,-2.59 -2.149,-3.91 -0.19,-0.48 -0.171,-1.37 -0.24,-1.94 0.31,-0.41 0.59,-0.84 0.88,-1.26 l 1.39,-0.53 c 0.851,0.1 1.7,0.12 2.41,0.27 1.561,0.35 3.08,1.15 4.63,1.56 0.5,0.13 1.3,0.07 1.84,0.1 l 0.49,-0.51 c 0,-0.73 -0.59,-1.92 -0.96,-2.51 -0.7,-0.23 -2.82,-2.23 -3.14,-2.71 -0.04,-0.05 -0.681,-1.98 -0.74,-2.16 l 0.71,-1.83 c 0.37,-0.19 0.74,-0.37 1.1,-0.58 1.931,-1.11 6.41,-3.35 8,-4.73 0.41,-0.36 0.851,-1.06 1.19,-1.5 0.4,-0.5 0.93,-1.36 1.41,-1.77 0.82,-0.7 3.54,-1.38 4.56,-1.54 0.851,0.64 1.83,1.23 2.5,2.05 0.7,0.87 1.851,2 2.38,2.94 0.65,1.18 1.101,2.92 1.58,4.2 l 2.96,7.86 c 0.03,0.07 0.11,0.91 0.12,1.03 l -1.59,3.14 0.17,0.85 1.07,0.74 c 1.359,0.45 4.01,-0.26 5.229,-0.84 l 1.391,0.45 v 0.23 c 0.76,0.68 2.609,1.71 3.7,1.57 0.71,0.82 0.029,2.76 0.52,3.99 l 1.82,4.54 1.62,1.08 0.42,3.19 c 0.729,-0.47 3.399,-1.88 4.33,-1.8 l 1.71,0.44 c 0.34,0.09 0.56,0.04 0.859,0.22 1.24,0.77 2.221,2.3 3.471,3.06 0.77,0.47 4.689,1.01 5.689,1.04 l 1.74,2.04 1.07,0.34 c 0.829,-0.15 2.85,-2.42 3.93,-3.11 l 1.28,0.28 c 1.479,1.05 2.909,3.59 3.609,5.2 -0.89,1 -1.5,2.22 -2.13,3.39 -2.61,4.8 -2.22,8.74 -1.939,14.03 0.039,0.82 0.109,1.27 0.109,2.09 0,0.7 -0.17,1.45 -0.13,2.14 0.11,2.02 0.47,4.04 0.58,6.06 0.04,0.69 -0.14,1.44 -0.13,2.14 0.03,1.71 0.18,3.45 0.26,5.16 0.021,0.34 0.2,0.7 0.2,1.04 0.04,1.39 0.99,2.25 1.02,3.64 0.011,0.33 1.25,3.66 1.25,4 -0.279,5.98 -3.229,10.08 -1.479,15.92 0.31,1.04 0.66,2.4 1.109,3.37 0.53,1.14 1.811,2.49 2.5,4.21 0.101,0.25 0.03,0.64 0.131,0.89 0.388,1.03 0.948,2.01 1.318,3.04 z"
   id="Stung-Treng"
   style="fill:#003366;fill-opacity:1;stroke:#ffffff;stroke-width:0.8;stroke-miterlimit:4;stroke-dasharray:none;stroke-opacity:1" /><path
   fill="#ffffea"
   d="m 946.685,946.542 c 0.011,0.04 -0.149,1.31 -0.16,1.43 -0.369,0.63 -1.46,1.26 -2.189,1.28 -3.55,1.64 -5.78,-0.021 -8.97,-1.46 l -2.36,0.7 -0.81,1.949 c 0.25,1.69 0.46,3.4 0.76,5.08 0.06,0.32 0.74,3.23 0.74,3.36 -0.021,0.27 -1.431,4.87 -1.601,5.43 0.04,0.141 0.38,1.561 0.4,1.601 2.109,2.8 4.439,5.6 6.39,8.51 l 1.66,3.1 1.37,2.57 c 0.109,0.21 0.21,0.3 0.27,0.52 0.29,0.96 0.37,2.091 0.58,3.07 0.15,0.7 0.34,1.2 0.32,1.92 -0.03,1.48 -0.13,3 -0.101,4.48 0.03,1.479 0.461,3.09 0.091,4.56 -0.78,-0.71 -5.091,-4.39 -6.141,-4.51 -1.359,-0.15 -3.12,0.08 -4.52,0.12 -4.12,0.109 -8.24,0.26 -12.36,0.43 -0.22,-0.01 -1.49,-0.12 -1.58,-0.149 -1.779,-0.551 -3.6,-1.431 -5.229,-2.311 l -3.16,-1.72 c -4.37,-2.65 -8.18,-6.58 -11.97,-9.931 -1.62,-1.43 -4.19,-4.67 -5.7,-6.43 -0.15,-0.17 -1.63,-1.91 -1.69,-1.95 -0.87,-0.59 -2.8,-1.159 -3.92,-1.609 l -0.37,1.08 1.19,3.699 -0.92,1.49 -1.05,0.311 -0.5,1.39 -1.75,0.46 -1.891,2.17 c 0.38,2.49 0.12,1.91 1.641,3.99 l -1.19,1.72 -1.21,0.521 c -1.82,-0.44 -3.86,-0.771 -5.62,-1.36 -1.53,-0.52 -3.02,-1.46 -4.53,-2.07 -0.52,-0.21 -1.189,-0.21 -1.71,-0.439 -1.449,-0.63 -2.89,-1.46 -4.31,-2.181 -0.33,-0.689 -0.49,-2.3 -0.08,-3.029 0.66,-1.17 1.49,-2.4 2.05,-3.61 l 0.21,-1.26 c -0.02,-0.09 -1.27,-3.521 -1.3,-3.59 -0.86,-1.65 -3.36,-5.41 -4.79,-6.91 -1.75,-1.83 -3.72,-3.66 -5.34,-5.601 -2.62,-3.149 -4.38,-6.859 -6.3,-10.439 -1.261,-2.351 -2.71,-4.601 -3.96,-6.96 l -1.21,0.07 -0.48,0.739 c -1.11,0.71 -5.15,0.45 -6.39,0.3 -0.83,-0.13 -1.67,0.021 -2.49,0.16 -0.17,0.03 -1.93,0.311 -2.01,0.34 -0.11,0.051 -3.021,1.711 -3.061,1.74 -1.04,0.851 -2.08,2.2 -3.01,3.19 l -1.29,1.37 c -0.02,0.029 -0.189,0.08 -0.229,0.1 -2.551,1.061 -5.171,2.34 -7.771,3.24 -3.49,1.2 -7.2,2.1 -10.75,3.14 -0.229,0.07 -0.45,0.16 -0.68,0.25 l -0.101,-0.25 c 2.25,-3.75 -1,-4.25 -3.75,-4.5 -2.75,-0.25 -2.25,-0.5 -3.25,-1.75 -1,-1.25 -0.25,-2.75 1,-3.75 1.25,-1 2,-2.5 2,-4 0,-1.5 0.931,-4.35 1.07,-6.5 0.33,-5.42 3.31,-6.95 5.9,-10.77 0.449,-0.67 1.609,-2.63 1.12,-3.5 -0.74,-0.73 -3.681,-4.04 -3.74,-5.16 -0.15,-2.65 -0.15,-5.44 -0.46,-8.061 -0.13,-1.13 -0.79,-2.01 -0.79,-3.22 v -1.33 c 0.58,-1.97 1.88,-3.75 2.359,-5.79 0.311,-1.25 0.601,-2.649 0.79,-3.93 0.03,-0.19 -0.1,-0.86 -0.06,-1.03 0.15,-0.76 0.5,-1.819 0.78,-2.55 0.39,-0.99 1.859,-1.36 2.439,-2.13 l 0.96,-2.07 0.48,-1.04 0.92,-0.06 c 1.03,0.76 2.939,1.59 4.26,1.58 l 0.85,-0.41 0.2,-0.9 c -0.41,-0.96 -0.93,-1.979 -1.25,-2.96 -0.05,-0.17 -0.01,-0.83 -0.06,-1.029 -0.141,-0.561 -0.45,-1.101 -0.59,-1.66 -0.38,-1.48 -0.601,-3 -0.99,-4.48 -0.13,-0.53 -0.47,-1.05 -0.59,-1.58 -0.03,-0.14 -0.391,-2.75 -0.391,-2.89 0.011,-0.61 0.841,-2.37 0.721,-3.93 -0.12,-1.551 -0.65,-3.141 -0.721,-4.69 -0.25,-4.9 0.03,-9.8 0.53,-14.67 0.01,-0.16 -0.229,-0.9 -0.21,-1.04 0.45,-2.86 2.49,-5.27 3.09,-8.4 0.26,-1.34 0.42,-2.909 0.521,-4.27 0.09,-1.09 -0.05,-2.23 0.069,-3.311 0.2,-1.689 1.19,-2.439 1.971,-3.789 1.05,-1.811 0.949,-6.08 0.92,-8.061 l 0.779,-1.06 1.58,-2.11 c 0.57,-1.34 -0.229,-3.21 1.24,-4.62 0.47,-0.439 3.03,-1.58 3.61,-1.72 1.609,-0.38 4.109,-0.44 5.58,-0.96 l 2.189,-1.47 1.09,-0.74 c 1.86,0.18 6.061,0.26 7.811,-0.2 0.33,-0.09 0.47,-0.26 0.77,-0.42 2.48,-1.34 4.2,-3.2 7.12,-3.51 0.03,0.92 0.61,2.64 1.45,3.159 l -0.15,1.721 0.5,0.68 c 1.24,0.48 3.91,1.76 5.091,2 0.149,0.04 4.21,0.01 4.63,0.01 l 1.21,1 2.41,1.99 c 0.29,0.38 0.26,0.71 0.43,1.16 1.01,2.7 0.9,2.75 1.09,5.54 0.01,0.11 0.05,0.33 0.03,0.42 -0.061,0.4 -0.78,5.04 -0.78,5.15 l 1.03,3.76 c -0.96,1.569 -1.66,5.1 -1.26,6.91 0.189,0.88 1.26,1.72 2.04,2.06 l 2.01,0.88 1.069,2.16 c -0.31,0.87 -0.56,2.08 -1.02,2.89 -0.34,0.58 -3.34,5.7 -3.41,5.971 l -0.34,2.85 c -0.271,2.3 -1.08,4.44 1.46,5.7 -0.02,0.49 0.03,1.26 -0.09,1.72 -0.37,1.48 -1.01,2.94 -1.44,4.41 -0.29,0.97 -0.43,2.02 -0.739,2.97 -0.16,0.471 -1.261,2.9 -1.301,3.16 -0.25,1.521 -0.08,3.83 -0.109,5.42 0.739,1.851 3.77,1.47 5.21,1.47 l 1.58,0.011 c 0.149,0.1 1.79,1.189 1.83,1.239 l 1.229,2.32 c 0.03,0.08 0.18,1.86 0.2,2.061 0.14,1.489 -0.45,3.649 -0.25,4.909 0.11,0.62 0.149,1.601 0.36,2.16 0.029,0.08 1.479,2.811 1.51,2.84 0.96,1.19 3.68,3.971 4.83,4.98 0.05,0.04 3.13,1.979 3.22,2.02 1.76,0.841 3.85,0.061 5.34,0.41 0.73,0.17 1.48,0.78 2.21,1 1.391,0.431 3.24,0.261 4.68,0.24 l 1.44,0.85 c 0.34,0.69 1,1.66 1.18,2.381 0.57,2.25 0.771,4.819 1.061,7.119 1.8,2.91 4.02,3.271 6.649,5.19 l 1.771,1.59 c 0.35,0.311 0.6,0.42 0.88,0.79 l 1.76,2.99 0.88,1.49 c 1.32,0.63 2.86,0.63 4.301,0.76 l 0.699,0.74 1.41,1.47 c 0.66,1.02 1.17,2.56 1.681,3.689 0.02,0.04 0.5,0.511 0.56,0.57 l 1.37,-0.01 c 1.189,-0.86 1.72,-2.48 2.72,-3.51 0.86,-0.891 4.16,-2.65 5.311,-3.25 2.55,-0.33 5.22,3.75 6.479,5.37 0.51,1.239 0.93,2.479 1.47,3.579 0.101,0.2 0.7,0.851 0.78,1.021 0.91,2.17 1.25,4.42 1.57,6.72 0.029,0.19 0.029,0.391 0.08,0.57 0.449,1.75 0.87,3.51 1.37,5.24 0.563,1.969 1.603,3.929 2.033,5.92 z"
   id="Svay-Rieng"
   style="fill:#001933;fill-opacity:1;stroke:#ffffff;stroke-width:0.8;stroke-miterlimit:4;stroke-dasharray:none;stroke-opacity:1" /><path
   fill="#ffffea"
   d="m 875.064,214.961 c 0.021,0.02 0.99,0.42 1.08,0.46 -0.35,0.68 -1.52,1.21 -2.12,1.59 -0.55,0.34 -0.68,0.44 -0.84,0.51 -0.16,0.08 -0.34,0.12 -1.04,0.38 -3.229,1.18 -6.279,1.65 -9.71,1.86 l -2.979,0.19 c -4.54,0.28 -8.99,-0.17 -13.54,-0.3 -1,-0.03 -2.141,0 -3.15,0.07 -0.31,0.02 -0.67,0.2 -0.979,0.2 -0.33,0 -0.71,-0.2 -1.051,-0.2 -0.649,-0.02 -1.319,0.13 -1.97,0.13 -0.729,0 -1.51,-0.18 -2.229,-0.13 -2.521,0.14 -5.61,0.62 -7.801,1.99 -0.289,0.18 -0.71,0.93 -0.84,1.2 -0.689,1.45 -0.71,2.21 -0.08,3.76 1.53,0.65 3.971,5.53 0.19,6.96 -1.94,-0.29 -2.82,0.65 -4.73,0.62 l -1.439,-1.51 c -1.34,-1.4 -1.521,-1.6 -3.43,-1.06 -0.4,0.11 -0.91,0.27 -1.23,0.58 l -4,0.13 c -1.32,0.05 -2.07,2 -2.82,2.76 -0.33,0.34 -0.979,0.68 -1.38,0.96 -2.319,0.22 -3.88,-3.77 -4.72,-5.3 -0.12,-0.22 -0.84,-0.81 -1.01,-0.94 -1.88,-1.46 -3.07,-1.54 -5.42,-1.04 -0.33,0.08 -0.54,0.06 -0.86,0.19 -0.93,0.39 -2,1.19 -2.88,1.72 -0.78,0.47 -0.61,0.85 -0.92,1.17 -0.92,0.91 -1.84,2 -2.82,2.83 -0.41,0.34 -1.08,0.5 -1.51,0.82 -2.061,1.51 -3.48,3.81 -3.87,6.34 0.16,1.81 1.58,3.02 1.57,4.07 -0.021,2.08 0.109,4.33 -0.07,6.4 -0.03,0.36 -0.14,0.55 -0.23,0.9 l -0.489,1.79 c 0,0.05 0.37,2.86 0.399,2.96 l 0.66,1.61 c 1.47,3.63 3.83,3.07 6.03,5.21 0.07,0.08 0.08,0.14 0.13,0.23 0.85,1.51 0.94,3.17 1.38,4.8 0.22,0.85 0.96,1.3 1.38,2 0.37,0.62 0.88,1.66 1.11,2.34 0.67,1.96 -0.101,4.08 0.46,6.07 0.41,1.43 1.32,2.54 1.32,4.13 0,1.71 -0.181,3.6 -0.33,5.31 -0.07,0.7 -0.301,1.43 -0.33,2.13 -0.05,1.07 0.12,2.17 0.06,3.24 -0.03,0.7 -0.26,1.43 -0.33,2.14 -0.1,1.06 -0.04,2.18 -0.189,3.23 -0.33,2.37 -0.971,4.73 -1.25,7.1 -0.15,1.34 0.06,2.78 -0.061,4.13 -0.1,1.02 -0.43,2.09 -0.59,3.1 -0.13,0.79 0.13,1.35 0.13,2.07 0,0.68 -0.37,1.45 -0.39,2.14 -0.061,1.36 0.08,2.83 0.13,4.2 -1.5,2.95 -2.66,4.85 -5.12,7.03 l -4.49,5.37 c 0,0 -2.5,2 -3.5,3.25 -1,1.25 -1.25,1.5 -5.75,2.5 -4.5,1 -8,5.5 -8,5.5 l -8.25,1.25 -2.5,2.25 -3.5,1 -3.5,3.5 -4.25,1.25 -2.25,3.75 c 0,0 -3.5,4 -5.5,5.25 -2,1.25 -4,6 -4,6 l -3.25,2.75 -6,6 -6.25,0.75 -14.75,11 -1.75,6.75 -3.75,4.25 c 0,0 -3.5,3.5 -4.5,4.25 -1,0.75 -4,3.25 -7.25,4 -3.25,0.75 -8.25,5 -8.25,5 0,0 -7.75,5.25 -9,6 -1.25,0.75 -14,10.25 -14,10.25 l -6,-2 -4,-2.75 -2.25,-4.75 -4.5,-4 -2,-4.5 -2,-2.25 0.39,-6.66 -3.39,-2.09 -0.75,-12.5 6.25,-11 1.25,-4.25 -1.25,-4.25 -3,-3.25 -6.25,2 -5,-1.5 -8,2 -10.75,-2.25 -5.75,0.5 -7.5,2.5 -4.25,2.5 -5.75,3.5 -8.5,1.5 -3.75,1 -7.29,-0.04 -1.71,-11.96 -0.25,-16.5 4,-3 2,-3.75 3.75,-3.25 1.25,-2.75 6,-2.75 3,-5 v -7.25 l 8.75,-8.25 -2,-1.75 -10.5,6.25 h -5 l -3.5,-3 -2.5,-0.5 -3.5,0.5 -3.25,-0.75 -4.25,-3.25 -2.5,-1.25 -3,-0.25 -5,-1.5 -5.5,-1 -15.25,0.25 -0.68,-8.94 0.43,-4.31 3,-1 0.75,-5 3.5,-4 0.75,-4.75 -3,-3 v -10 l -3.52,-5.28 0.72,-4.62 -4.45,-3.35 -1.52,-5.33 -7.23,-2.42 1.75,-6 4.75,-4 2,-8.75 3.5,-1.25 -1.75,-4 3.75,-2 0.75,-4.75 -0.5,-7.5 c 0,0 0,-2.5 -1.25,-4 -1.25,-1.5 0.25,-6 0.25,-6 0,0 -0.25,-3.75 1,-4.5 1.25,-0.75 1.25,-2.25 1.25,-3.25 0,-1 1,-3.75 1,-4.75 0,-1 0.5,-3.5 2,-3.5 1.5,0 2.75,-2.5 2.75,-2.5 0,0 -0.25,-3.75 2.75,-6 3,-2.25 5.25,-3.75 6,-4.75 0.75,-1 1.25,-1.5 2.25,-2.25 1,-0.75 1,-2.5 -0.5,-3.5 -1.5,-1 -4.25,-2.75 -5.25,-3.25 -1,-0.5 -1.25,-1.25 -1.5,-2.25 -0.25,-1 -2,-1.75 -2,-1.75 l -1.75,-3 -2.5,-2.25 c 0,0 -2,-2.25 0.5,-2.25 2.5,0 2.75,-1 2.75,-2.25 0,-1.25 0.75,-3.5 0.75,-3.5 0,0 -0.25,-4.5 -0.25,-5.5 0,-1 -1,-2.5 -1,-2.5 l -0.25,-4.5 1,-4.75 c 0,0 1,-2.25 1,-3.5 0,-1.25 0.25,-4.5 0.25,-4.5 l 1.79,-4.56 c 0.62,-0.1 1.81,-1.72 2.09,-2.2 0.43,-0.73 0.61,-1.72 1.08,-2.41 l 1.15,-0.93 2.41,-0.68 c 1.03,-0.3 2.45,-0.51 3.54,-0.21 1.15,1.06 2.65,2.73 3.9,3.59 l 3.47,1.49 c 0.83,0.18 6.12,-0.95 6.94,-1.41 0.08,-0.05 1.34,-1.21 1.65,-1.46 0.44,-1.36 2.07,-5.16 3.26,-6.09 1.62,-1.26 3.68,-2.12 5.35,-3.33 2.12,-1.54 4.03,-3.83 5.83,-5.73 l 1.61,-0.31 c 2.06,2.85 1.41,5.63 5,7.28 l 2.17,0.03 c 2.22,-1.06 4.93,-6.2 7.13,-8.38 l 1.84,-0.31 1.53,2.44 c 0.13,0.33 0.08,0.55 0.13,0.91 0.31,2.29 0.01,1.44 1.23,3.4 l 0.49,0.79 1.43,-1.96 2.74,-0.11 c 0.54,-0.02 0.85,0.04 1.38,-0.06 1.03,-0.19 2.84,-2.72 3.29,-3.53 0.28,-0.07 3.26,-0.91 3.33,-0.95 0.07,-0.04 2.37,-2.13 2.59,-2.32 l 1.72,-0.14 1.27,0.61 2.55,1.22 c 1.98,1.6 4.07,5.41 6.59,6.12 1.45,-0.26 1.35,-0.73 2.55,-1.4 1.26,-0.71 2.67,-1.3 3.98,-1.94 l 1.06,0.1 c 1.3,1.06 2.94,2.67 4.33,3.53 1.34,0.83 3.3,1.46 4.75,2.1 1.8,0.78 7.01,3.46 8.42,3.26 1.51,-0.22 3.93,-1.16 5.49,-1.61 0.91,0.89 3.229,2.93 4.54,3.21 l 0.45,0.86 c 0.329,0.29 0.3,4.88 0.31,5.38 l -0.31,0.68 c -0.971,2.25 -0.36,3.95 -0.54,6.12 -0.04,0.47 -0.32,0.96 -0.381,1.43 -0.069,0.58 0.5,2.6 0.921,3.03 l 0.25,1.06 c 0.09,0.06 0.93,0.64 0.949,0.67 1.17,1.81 1.851,4 2.98,5.84 0.17,0.27 1.479,2.03 1.53,2.15 0.14,0.38 0.08,0.63 0.14,1.04 0,0 0.24,4.1 0.43,4.94 l 0.971,2.04 c 0.43,0.53 4.439,3.88 5.01,4.15 0.09,0.04 4.54,1.45 4.7,1.48 0.75,0.16 5.58,0.34 6.29,0.15 l 3.47,-1.38 c 2.07,-0.82 4.5,-1.99 6.04,-3.65 1.42,-1.54 3.75,-3.55 4.67,-5.42 l -1.87,-2.09 c 0.61,-1.33 1.3,-2.67 1.85,-4.02 0.49,-1.21 0.83,-3.38 1.61,-4.41 0.97,-1.27 2.94,-2.47 3.37,-3.98 l 0.36,-1.25 -1.28,-3.98 0.6,-1.09 c 0.63,-0.68 2.26,-0.9 3.11,-0.73 l 1.99,-1.28 c 0.93,-0.11 2.56,0.35 3.189,1.1 v 0.35 c -0.06,0.1 -0.51,0.93 -0.52,0.98 -0.061,0.49 -0.641,4.48 -0.62,4.71 0.05,0.88 1.06,2.71 1.1,3.58 0.09,2.15 -1.3,4.94 -0.359,7.25 0.1,0.26 0.25,0.36 0.409,0.58 1.641,2.29 1.66,1.16 3.131,2.4 0.25,0.21 4.3,4.25 4.449,4.45 0.71,0.9 1.341,2.58 1.88,3.63 0.351,0.17 0.681,0.37 1.011,0.56 l 0.95,4.54 c 0.159,0.17 1.88,1.97 1.909,2.03 0.49,0.97 0.46,2.45 0.88,3.48 0.24,0.59 1.57,2.46 2.2,2.88 l 3.681,-0.33 1.25,2.49 c 1.159,-0.31 2.699,-0.4 3.89,-0.16 0.77,0.92 2.24,3.11 2.33,4.37 l -0.09,1.48 c 0.54,0.02 2.02,0.29 2.35,0.83 0.04,0.13 0.49,1.5 0.51,1.53 l 5.98,6.72 c 1.41,0.18 5.97,0.69 7.29,0.2 l 2.649,-2.31 1.341,0.1 0.96,1.64 5.89,-0.58 0.79,1.19 c 0,0 2.79,-0.25 3,-0.34 0.32,-0.12 0.56,-0.43 2.25,-1.39 l 5.16,-2.95 c 0.77,-0.48 1.399,-1.25 2.149,-1.74 1.44,-0.94 3.44,-0.24 4.78,-1.31 2.89,-2.3 5.49,-4.6 8.78,-6.31 0.479,0.1 0.97,0.2 1.439,0.33 1.221,1.33 4.48,5.57 6.46,5.06 l -0.92,-2.67 c 0.851,-0.12 2.28,0.33 2.851,1 l 1.45,-0.14 c 1.26,0.75 1.729,2.74 2.329,3.97 l 1.32,-0.69 2.01,0.6 c 0.431,0.71 0.91,1.43 1.301,2.15 0.869,1.62 0.81,3.41 2.17,5 l 1.229,0.33 0.8,-2.63 2.221,-0.6 -0.07,-1.65 c 2.54,1.54 8.13,5.12 10.04,7.48 l 0.83,0.11 c 0.55,-0.8 3.45,-4.89 4.58,-4.84 0.6,0.61 2.84,2.67 3.7,2.93 l 8.029,2.42 1.82,-0.48 1.56,0.67 c 0.761,1.02 -0.409,4.46 -0.279,5.7 0.2,1.96 0.319,3.99 0.62,5.93 0.13,0.87 0.479,1.84 0.699,2.7 0.091,0.33 0.53,1.24 0.79,1.39 1.801,1.06 3.86,1.94 5.591,3.08 0.85,0.57 1.689,1.45 2.43,2.14 5.74,5.39 11.46,10.72 16.939,16.38 z"
   id="Preah-Vihear"
   style="fill:#003366;fill-opacity:1;stroke:#ffffff;stroke-width:0.8;stroke-miterlimit:4;stroke-dasharray:none;stroke-opacity:1" /><path
   fill="#ffffea"
   d="m 853.055,794.181 0.42,1.73 c -2.92,0.31 -4.64,2.17 -7.12,3.51 -0.3,0.16 -0.439,0.33 -0.77,0.42 -1.75,0.46 -5.95,0.38 -7.811,0.2 l -1.09,0.74 -2.189,1.47 c -1.471,0.52 -3.971,0.58 -5.58,0.96 -0.58,0.14 -3.141,1.28 -3.61,1.72 -1.47,1.41 -0.67,3.28 -1.24,4.62 l -1.58,2.11 -0.779,1.06 c 0.029,1.98 0.13,6.25 -0.92,8.061 -0.78,1.35 -1.771,2.1 -1.971,3.789 -0.119,1.08 0.021,2.221 -0.069,3.311 -0.101,1.36 -0.261,2.93 -0.521,4.27 -0.6,3.131 -2.64,5.54 -3.09,8.4 -0.02,0.14 0.22,0.88 0.21,1.04 -0.5,4.87 -0.78,9.77 -0.53,14.67 0.07,1.55 0.601,3.14 0.721,4.69 0.12,1.56 -0.71,3.319 -0.721,3.93 0,0.14 0.36,2.75 0.391,2.89 0.12,0.53 0.46,1.05 0.59,1.58 0.39,1.48 0.61,3 0.99,4.48 0.14,0.56 0.449,1.1 0.59,1.66 0.05,0.199 0.01,0.859 0.06,1.029 0.32,0.98 0.84,2 1.25,2.96 l -0.2,0.9 -0.85,0.41 c -1.32,0.01 -3.229,-0.82 -4.26,-1.58 l -0.92,0.06 -0.48,1.04 -0.96,2.07 c -0.58,0.77 -2.05,1.14 -2.439,2.13 -0.28,0.73 -0.63,1.79 -0.78,2.55 -0.04,0.17 0.09,0.84 0.06,1.03 -0.189,1.28 -0.479,2.68 -0.79,3.93 -0.479,2.04 -1.779,3.82 -2.359,5.79 v 1.33 c 0,1.21 0.66,2.09 0.79,3.22 0.31,2.62 0.31,5.41 0.46,8.061 0.06,1.12 3,4.43 3.74,5.16 0.489,0.87 -0.671,2.83 -1.12,3.5 -2.591,3.819 -5.57,5.35 -5.9,10.77 -0.14,2.15 -1.07,5 -1.07,6.5 0,1.5 -0.75,3 -2,4 -1.25,1 -2,2.5 -1,3.75 1,1.25 0.5,1.5 3.25,1.75 2.75,0.25 6,0.75 3.75,4.5 l 0.101,0.25 c -0.37,0.15 -0.75,0.311 -1.13,0.4 -1.391,0.34 -2.851,0.55 -4.25,0.83 l -7.82,1.529 -2.41,1.511 -5.24,0.6 c -1.02,0 -2.37,0.521 -3.37,0.75 l -1.829,-1.41 -1.04,1.44 -1.15,0.189 c -0.87,-1.08 -2.99,-3.239 -4.38,-3.67 -1.71,0.141 -2.351,0.761 -3.95,1.601 l -1.26,-0.11 c -0.84,-1.01 -3.42,-3.74 -4.99,-3.42 -0.66,0.43 -1.45,1.79 -1.68,2.5 -0.46,1.43 -0.86,3.36 -1.51,4.68 l -2.551,3.58 c -0.359,0.36 -0.66,0.45 -1.09,0.74 -0.439,0.29 -3.27,2.13 -3.63,2.55 -0.06,0.07 -1.33,2.59 -1.51,2.93 l -1.04,0.07 -0.55,0.46 -0.801,2.3 -1.64,0.931 -0.2,1.43 -0.979,1.21 0.96,1.87 c 0.08,1.01 -0.24,2.92 -0.95,3.72 -0.85,-0.21 -2.08,-0.37 -2.86,-0.71 -0.979,-0.42 -2.01,-1.63 -2.939,-2.25 -1.28,-0.84 -2.66,-1.75 -4,-2.49 -1.25,-0.68 -2.99,-0.79 -4.26,-1.489 -0.94,-0.511 -1.721,-1.511 -2.66,-2.021 -0.17,-0.1 -1.601,-0.319 -1.87,-0.439 -0.75,-0.311 -1.561,-0.88 -2.271,-1.28 -1.939,0.06 -3.739,0.13 -5.55,0.22 l -0.67,0.03 -12.1,-4.6 0.069,-0.181 c -1.5,-3.75 0.25,-13.5 0.75,-18.25 0.5,-4.75 1.5,-22.25 3,-24 1.5,-1.75 6.49,-12.83 13.5,-29.25 7.011,-16.41 3.75,-16.75 3,-22 -0.75,-5.25 -4.75,-24.5 -4.75,-24.5 1.271,-2.51 4.95,-4.87 7.011,-6.67 l -0.2,-0.75 c -1.42,-1 -4.04,-5.57 -5.181,-6.07 -1.43,-0.279 -3.779,0.65 -4.85,0.07 -0.46,-0.25 -0.87,-0.74 -1.32,-1.03 -0.119,-0.08 -0.63,-0.21 -0.72,-0.279 -0.39,-0.33 -0.66,-0.891 -1.04,-1.24 -0.83,-0.74 -2.53,-1.65 -3.09,-2.62 -0.4,-0.67 -0.46,-1.66 -0.85,-2.34 l -0.79,-0.78 c -0.591,-0.59 -1.221,-0.72 -1.91,-1.149 -1.03,-0.631 -1.57,-3.61 -1.7,-4.681 -0.43,-0.229 -0.92,-0.85 -1.05,-1.31 -2.65,-1.72 -5.101,0.08 -8.42,-3.22 l -1.62,-1.601 c -0.7,-0.31 -3.351,0.74 -4,1.03 l -1.84,-0.41 -1.181,-1.17 0.061,-3.311 c -0.641,-0.189 -2.601,-0.869 -3.01,-1.449 -0.431,-0.78 -0.101,-1.17 -0.141,-1.86 l -0.59,-10.26 c -0.04,-0.87 -1.44,-2.01 -1.9,-2.69 -0.199,-0.31 -0.22,-1.59 -0.13,-1.93 0.061,-0.25 0.32,-0.51 0.4,-0.76 0.26,-0.91 0.439,-1.9 0.65,-2.82 0.439,-0.88 2.31,-0.91 3.079,-1.31 0.08,-0.051 1.671,-1.37 1.841,-1.521 l 0.13,-1.03 c -0.54,-0.6 -2.16,-2.689 -2.03,-3.59 0.33,-0.72 1.56,-3.43 1.64,-4.2 0.021,-0.199 -0.1,-0.869 -0.069,-1.029 0.13,-0.61 0.449,-1.33 0.66,-1.931 3.109,-0.08 3.659,-1.34 8.409,-1.84 -1.25,-3 -2.46,-5.859 -3.42,-7.87 h 0.011 c 0.35,0.061 0.75,-0.1 1.079,-0.189 1.971,-0.521 1.61,-3.76 0.881,-5.12 l 0.26,-1.03 c 2.88,-0.29 4.14,-1.899 6.229,-3.52 0.88,-0.681 1.84,-1.29 2.761,-1.931 0.159,-0.109 0.489,-0.149 0.649,-0.27 0.41,-0.311 0.76,-0.84 1.18,-1.101 0.45,-0.279 1.101,-0.38 1.58,-0.619 0.881,-0.471 5.561,-3.011 6.17,-3.721 l 4.65,-5.449 c 0.1,-0.11 0.24,-0.551 0.33,-0.69 0.1,-0.13 1.46,-1.88 1.51,-1.93 1.11,-0.99 2.45,-1.25 3.681,-1.86 0.869,-0.43 1.399,-2.14 2.1,-2.41 2.65,-1 7.13,-3.149 9.97,-3.1 0.78,0.22 1.09,1.18 1.641,1.66 0.8,0.67 1.83,1.26 2.689,1.859 0.83,0.101 2.75,-0.64 3.48,-0.97 1.5,0.479 3.22,2.68 4.06,3.86 0.73,0.279 1.84,0.6 2.63,0.55 0.95,-0.63 2.2,-1.33 3.351,-0.83 0.609,0.399 2,2.399 2.489,3.04 -0.029,0.649 -1,1.51 -1.51,1.79 -0.229,0.89 1.11,3.3 1.58,3.99 0.13,1.25 -1.35,2.09 -1.05,3.38 0.89,1.39 1.84,2.779 2.689,4.199 0.921,1.53 1.21,2.681 3.021,3.721 0.34,0.2 2.25,2.149 2.56,2.06 1.13,-0.3 2.591,-3.39 4.2,-3.569 0.84,-0.101 2.15,-0.011 3.01,0.06 4.261,0.35 7.9,3.08 12.011,4 0.34,0.08 0.779,-0.021 1.12,0.07 0.569,0.159 1.13,0.51 1.699,0.689 0.99,0.311 2.721,0.63 3.74,0.62 0.96,-0.01 1.93,-0.27 2.89,-0.28 1.28,-0.01 3.011,0.021 4.271,0.21 3.1,0.471 6.14,1.381 9.27,1.86 0.53,0.08 0.82,0.21 1.351,0.21 1.92,0 4.51,-0.79 6.5,-0.97 4.149,-0.37 10.51,-0.03 14.109,2.35 1.801,1.19 2.62,2.431 3.21,4.47 0.181,0.601 0.171,1.271 0.33,1.86 0.08,0.28 0.32,0.55 0.4,0.83 0.21,0.81 0.09,1.73 0.78,2.41 1.09,1.08 2.279,2.52 3.479,3.45 l 1.141,0.359 4.489,7.37 c 1.25,2.25 0.75,3 3,5.5 2.25,2.5 6.5,3.5 6.5,3.5 l 0.28,0.12 c -0.114,0.272 -0.223,0.511 -0.333,0.711 z"
   id="Prey-Veng"
   style="fill:#001933;fill-opacity:1;stroke:#ffffff;stroke-width:0.8;stroke-miterlimit:4;stroke-dasharray:none;stroke-opacity:1" /><path
   fill="#c12838"
   d="m 834.835,562.621 0.47,8.11 c -1.149,-0.03 -3.67,-0.08 -4.74,0.36 -0.51,0.22 -0.989,0.56 -1.51,0.76 -0.53,0.21 -0.91,0.05 -1.439,0.55 -1.811,-0.3 -3.591,-0.21 -5.36,0.21 l -2.32,0.55 c -0.819,0.09 -2.26,-0.03 -3.08,-0.14 -0.659,-0.08 -1.319,-0.4 -1.97,-0.48 -1.05,-0.12 -2.16,-0.05 -3.22,-0.14 -0.3,-0.02 -0.681,-0.21 -0.98,-0.2 -1.239,0.02 -2.64,0.13 -3.87,0.27 -1.949,0.23 -3.8,0.78 -5.779,0.62 -2.08,-0.16 -3.98,-0.73 -6.04,-0.13 -1.221,0.35 -2.811,1.07 -3.88,1.73 -0.57,1.13 -1.24,2.16 -2.08,2.97 0,0 -1.03,1.38 -1.53,1.47 -2.15,2.73 -9.79,4.34 -12.42,1.86 -0.42,-0.39 -0.811,-0.7 -1.3,-1.01 l -0.5,-0.31 c -1.311,-0.88 -1.83,-2.3 -3.32,-3.22 -0.71,-0.44 -4.96,-2.3 -5.83,-2.4 -3.229,-0.4 -4.88,1.62 -8.72,1.37 0,0 -0.03,0.22 -0.24,0.91 -0.45,1.46 -1.04,2.99 -1.38,4.48 -0.3,1.29 -0.34,2.69 -0.59,4 -0.37,1.89 -0.8,3.92 -1.32,5.78 -0.56,2.05 -1.32,4.11 -1.97,6.13 -0.101,0.31 -0.36,0.6 -0.45,0.9 -0.36,1.12 -0.54,2.33 -0.92,3.45 -0.38,1.1 -2.2,5.37 -3.22,5.99 -0.431,0.26 -0.98,0.47 -1.44,0.69 -6.229,-0.13 -4.34,-5.01 -8.01,-6.62 -1.811,-0.79 -4.141,-0.29 -6.03,-0.62 -1.439,-0.24 -2.189,-1.81 -3.28,-2.48 l -1.659,-0.59 c -0.33,-0.12 -0.49,-0.28 -0.841,-0.3 -2.229,-0.12 -4.76,0.33 -7.02,0.41 -2.09,0.08 -3.01,-0.65 -5.05,-0.69 -1.271,-0.02 -2.221,0.4 -3.41,0.62 -1.91,0.36 -4.07,0.01 -5.91,-0.55 -1.28,0.21 -2.42,1.31 -3.28,2.21 -0.08,0.08 -0.399,0.66 -0.46,0.69 -1.02,0.54 -2.04,1.16 -3.08,1.65 -0.42,0.2 -1.06,0.25 -1.439,0.48 -0.62,0.37 -1.28,1.05 -1.84,1.52 -0.23,0.41 -0.33,1.35 -0.141,1.79 0.66,1.5 1.271,3.18 2.04,4.61 0.99,1.86 4.061,2.25 5.12,4.07 1.18,2.02 1.49,2.9 1.311,5.24 -0.051,0.64 -0.351,1.44 -0.33,2.06 l 0.35,1.89 2.18,2.96 5,3.25 -1.25,2.75 c 0.351,1.56 -1.02,3.01 -0.5,4.38 0.65,1.72 2.03,3.32 2.75,5.03 0.21,0.5 0.641,3.11 0.46,3.79 l 0.311,-0.02 c -0.2,0.67 -0.94,1.14 -1.45,1.54 -0.68,0.55 -0.92,0.72 -1.79,0.61 l -1.13,-0.13 c -1.44,-0.35 -3.9,-5.17 -5.521,-6.27 l -1.399,-0.6 c -0.66,-0.28 -1.67,-0.47 -2.4,-0.3 -3.26,1.5 -3.45,4.21 -8.08,3.51 -1.26,-0.61 -1.359,-3.14 -5.109,-3.72 -1.46,-0.22 -3,-0.16 -4.46,-0.34 -1.9,-0.24 -4.021,-0.91 -5.91,-0.97 -0.69,-0.02 -1.07,0.13 -1.75,0.21 -3.09,0.37 -4.66,0.79 -7.57,-0.34 -0.229,-0.09 -1.7,-1.55 -1.899,-1.75 -1.86,-1.48 -4.57,-6.52 -6.69,-6.52 -1.53,0 -3.15,0.1 -4.66,0 -2.25,-0.16 -4.81,-1.01 -7.09,-0.48 -3.11,0.72 -3.91,5.4 -8.19,6.48 -0.01,0 -0.01,0 -0.02,0 -3.67,0.02 -3.4,-4.02 -4.52,-6.28 -0.24,-0.48 -2.02,-2.46 -2.17,-2.82 -0.45,-1.14 -0.87,-4.18 -1.15,-5.5 1.27,-0.7 4.12,-2.67 4.96,-3.8 0.1,-0.13 0.46,-1.55 0.59,-1.79 1.19,-2.18 3.37,-3.41 5.51,-4.48 1.53,-1.85 1.14,-3.16 1.78,-5.03 0.36,-1.05 1.08,-2.06 1.5,-3.1 0.47,-1.16 -0.68,-4.99 -1.25,-6.13 -0.92,-0.25 -2.22,-0.36 -3.22,-0.15 0,0 -0.96,0.8 -1.05,1.22 -0.39,1.75 -3.39,1.67 -4.92,2.14 l -0.45,0.13 c 2.92,-14.55 -5.94,-11.97 -6.28,-21.4 -0.17,-4.67 -4.88,-4.01 -3.56,-7.92 0.87,-2.57 -0.97,-6.04 1.27,-7.7 l -0.51,-1.17 c -1.07,-0.43 -2.16,-0.2 -3.25,-0.36 -1.32,-0.2 -2.62,-0.61 -3.94,-0.83 -0.36,-0.06 -0.83,0.08 -1.18,0 -1.35,-0.31 -2.96,-0.76 -4.26,-1.24 -1.6,-0.58 -3.15,-1.51 -4.66,-2.27 -1.99,-1 -4.08,-1.85 -6.04,-2.89 -1.48,-0.79 -2.87,-1.79 -4.33,-2.62 -0.92,-0.52 -1.99,-1.11 -2.95,-1.52 -1.08,-0.46 -2.28,-0.71 -3.35,-1.17 -2.63,-1.14 -5.22,-2.44 -7.81,-3.65 -0.06,-0.03 -0.85,0.02 -0.99,0 -0.28,-0.04 -0.57,-0.23 -0.85,-0.28 -0.95,-0.16 -2.26,-0.41 -3.21,-0.41 -1.93,0 -3.62,0.68 -5.45,1.1 l -0.91,-0.19 h -3 -9.73 l -4.22,0.37 -0.47,0.31 c -1.96,1.29 -4.38,1.77 -5.74,3.84 -0.92,1.35 -2.69,1.97 -3.66,3.28 -0.43,0.17 -0.91,0.37 -1.25,0.69 l -10.43,1.26 -2.79,6.11 -16.54,-10.43 -17.86,-15.28 -11.91,-10.42 -5.29,-6.95 -2.85,-2.99 c 0.94,-2.22 2.01,-4.47 2.85,-6.73 0.97,-2.63 0.94,-5.66 1.68,-8.34 0.35,-1.28 1.18,-3.85 1.96,-4.96 0.59,-0.84 1.36,-1.64 2.01,-2.43 1.8,-2.22 3.57,-4.32 5.52,-6.41 1.45,-1.55 1.08,-1.04 1.9,-2.3 0.12,-0.17 0.14,-0.3 0.29,-0.44 1.24,-1.17 2.92,-2.6 4.33,-3.58 1.17,-0.82 3.91,-1.98 5.29,-2.69 1.89,-0.97 2.66,-2.14 4.29,-3.23 0.57,-0.39 1.52,-0.59 2.16,-0.9 0.12,-0.06 0.72,-0.54 0.79,-0.55 1.34,-0.16 3.47,-0.2 4.72,-0.55 0.41,-0.12 0.58,-0.32 0.94,-0.53 l 1.88,-1.06 c 0.69,-0.48 2.21,-2.56 2.23,-3.44 0.08,-3.23 -0.82,-1.66 1.03,-5.01 0.44,-0.79 1.78,-2.89 2.58,-3.4 1.31,-0.82 2.85,-1.62 4.07,-2.55 1.33,-1.01 1.68,-3.69 3.41,-4.41 2.14,0.09 3.64,0.12 5.32,-1.24 0.47,-2.33 2.26,-3.71 4.39,-4.54 0.17,-1.25 -0.69,-2.1 -1.64,-2.76 0.18,-0.92 0.74,-4.24 0.34,-5.1 l 0.39,-0.89 1.77,-0.28 0.46,-0.76 c -0.19,-0.78 0.15,-1.23 0.19,-1.93 0.27,-3.66 0.49,-7.27 0.4,-10.95 -0.04,-1.3 -0.13,-2.88 -0.19,-4.57 l -0.37,-5.01 0.25,-5.25 -0.25,-4.75 2,-5.75 7.5,-2.75 6.5,-1.5 3.5,-3.5 1,-3.5 1,-4 3.21,-3.79 7.29,0.04 3.75,-1 8.5,-1.5 5.75,-3.5 4.25,-2.5 7.5,-2.5 5.75,-0.5 10.75,2.25 8,-2 5,1.5 6.25,-2 3,3.25 1.25,4.25 -1.25,4.25 -6.25,11 0.75,12.5 3.39,2.09 -0.39,6.66 2,2.25 2,4.5 4.5,4 2.25,4.75 4,2.75 6,2 c 0,0 12.75,-9.5 14,-10.25 1.25,-0.75 9,-6 9,-6 0,0 5,-4.25 8.25,-5 3.25,-0.75 6.25,-3.25 7.25,-4 1,-0.75 4.5,-4.25 4.5,-4.25 l 3.75,-4.25 1.75,-6.75 14.75,-11 6.25,-0.75 6,-6 3.25,-2.75 c 0,0 2,-4.75 4,-6 2,-1.25 5.5,-5.25 5.5,-5.25 l 2.25,-3.75 4.25,-1.25 3.5,-3.5 3.5,-1 2.5,-2.25 8.25,-1.25 c 0,0 3.5,-4.5 8,-5.5 4.5,-1 4.75,-1.25 5.75,-2.5 1,-1.25 3.5,-3.25 3.5,-3.25 l 4.49,-5.37 c 0.19,0.49 0.061,3.81 0,4.27 -0.13,0.94 -0.51,1.88 -0.66,2.82 -0.279,1.87 1.84,3.54 0.521,6.48 0.2,0.6 0.359,1.28 0.6,1.86 0.17,0.42 0.59,0.88 0.72,1.31 0.29,1 0.641,2.62 0.721,3.65 0.1,1.31 -0.15,3.04 -0.4,4.32 l -0.39,2.02 c 0,1.43 0.819,3.1 0.92,4.55 0.16,2.36 0.49,5.13 0.109,7.47 -0.51,3.07 -0.289,5.25 -0.09,8.33 0.12,1.84 0.58,3.25 1.75,4.38 0.5,0.49 0.82,1.09 1.641,1.8 0.41,0.34 3.52,2.83 3.68,3.03 0,0 1.35,3.07 1.38,3.17 0.24,0.87 0.26,2.1 0.37,3.02 -0.33,1.82 -0.28,3.93 0.15,5.73 0.08,0.32 0.359,0.64 0.46,0.96 0.239,0.79 0.34,1.63 0.59,2.41 0.09,0.28 0.35,0.55 0.46,0.83 0.3,0.78 0.67,1.8 0.85,2.62 0.13,0.6 0.03,1.31 0.13,1.93 0.341,1.95 0.801,4.06 2.17,5.58 1,1.11 2.301,2.02 3.351,3.1 1.6,1.67 3.56,3.7 4.52,5.85 2.17,4.83 -3.189,9.96 -2.42,13.37 l 1.09,3.31 c 0.561,1.69 0.631,2.79 0.94,4.48 0.22,1.18 0.63,2.39 0.79,3.58 0.17,1.26 0.25,2.79 0.26,4.06 0.01,0.24 -0.21,0.83 -0.2,1.04 0.021,0.23 0.511,1.5 0.73,1.65 2.16,1.45 4.72,2.79 5.46,5.44 l 0.31,1.11 -0.22,1.24 c -0.12,0.68 -0.439,1.62 -0.83,2.2 -0.74,1.09 -1.68,2.14 -2.49,3.17 -1.68,2.13 0.86,3.39 2.16,4.75 0.561,0.6 1.01,1.34 1.57,1.93 0.17,0.18 1.1,0.85 1.189,0.97 0.511,0.74 1.15,2.05 1.5,2.89 2.141,5.08 -0.609,8.28 -3.279,12.4 -0.05,0.08 -0.221,0.58 -0.26,0.69 0.199,0.89 1.02,1.26 1.51,1.93 0.62,0.86 1.29,2.43 0.46,3.38 1.97,4.39 -0.3,4.01 0,6.13 0.189,1.37 2.2,2.48 2.49,4.34 0.159,0.95 0.02,2 0.14,2.96 0.03,0.31 0.3,0.74 0.32,1.04 0.06,0.94 -0.011,2.08 -0.07,3.03 -0.021,0.36 -0.2,0.81 -0.19,1.17 l 0.261,2.66 c 0.05,0.52 0,0.83 0.13,1.33 0.08,0.3 0.239,0.41 0.399,0.67 l 0.78,1.33 c 1.33,1.47 3.34,2.1 3.62,4.34 0.28,2.29 -0.13,4.66 0.72,6.89 0.28,0.76 0.92,1.46 1.24,2.21 0.08,0.19 1.43,3.99 1.45,4.06 0.069,0.41 -0.03,0.65 -0.05,1.06 l -0.08,2.11 c -0.33,1.41 -1.19,2.8 -1.58,4.2 -0.28,1.01 0.609,3.81 0.79,4.83 0.39,2.19 0.569,4.43 0.979,6.61 0.22,1.16 0.7,2.29 0.92,3.45 0.13,0.65 0.04,1.4 0.13,2.06 0.022,0.19 0.241,0.67 0.262,0.83 z"
   id="Kampong-Thom"
   style="fill:#0069cc;fill-opacity:1;stroke:#ffffff;stroke-width:0.8;stroke-miterlimit:4;stroke-dasharray:none;stroke-opacity:1" /><path
   fill="#ffffea"
   d="m 728.915,839.181 0.2,0.75 c -2.061,1.8 -5.74,4.16 -7.011,6.67 0,0 4,19.25 4.75,24.5 0.75,5.25 4.011,5.59 -3,22 -7.01,16.42 -12,27.5 -13.5,29.25 -1.5,1.75 -2.5,19.25 -3,24 -0.5,4.75 -2.25,14.5 -0.75,18.25 l -0.069,0.181 -0.94,-0.36 -1.86,-0.61 -3.71,-1.22 c -1.67,-0.32 -6.029,0.24 -7.729,0.43 -1.41,0.15 -2.98,0.32 -4.41,0.13 l -0.67,-0.67 0.04,-1.489 0.33,-0.271 c 1.78,-1.41 1.59,-1 2.61,-3.14 l 0.409,-0.86 c 0.16,-1.38 -0.43,-1.979 -1.13,-3.01 -1.85,-0.72 -4.99,0.439 -6.81,0.89 -0.03,0.01 -0.66,0.49 -0.71,0.521 l -0.681,3.149 c -0.64,0.851 -3.979,1.141 -5.47,2.12 -0.35,1.18 -0.67,2.37 -1,3.561 l -1.91,0.77 -2.29,-8.62 -0.75,-7 0.5,-4.5 -4,-0.5 c 0,0 -3.75,-1 -5,-1.25 -1.25,-0.25 -1.25,-4.75 -1,-5.75 0.25,-1 0.75,-9 0.75,-9 l 2.75,-3.5 2,-6.75 0.5,-7.25 c 0,0 1.25,-3.75 1.5,-8 0.25,-4.25 -1.25,-5.25 -1.25,-5.25 l -6.5,1.25 -3,-2.75 1.25,-3.5 -1,-7 -6.32,-4.56 c -1.8,-2.25 -4.21,-1.95 -5.14,-4.891 -0.29,-0.899 -0.7,-1.79 -0.57,-2.76 l 1.11,-8.33 c 0.23,-1.7 -0.21,-3.88 -1.11,-5.31 -0.2,-0.12 -2.01,-1.28 -2.1,-1.311 -1.17,-0.43 -5.02,-0.109 -6.3,-0.069 -0.4,0.02 -2.52,-1.29 -2.82,-1.511 -0.39,-0.29 -0.72,-0.859 -1.12,-1.1 -1.96,-1.2 -3.23,-1.38 -5.38,-0.83 -0.73,0.19 -1.12,0.82 -1.31,0.89 -1.39,0.521 -4.38,1.771 -5.84,1.73 -1.17,-0.04 -4.68,-1.18 -5.77,-0.76 -1.72,0.649 -3.38,1.85 -5.05,2.62 -2.63,1.199 -4.4,-0.36 -6.15,-2.16 l -2.58,-2.67 c -0.34,-0.34 -1.32,-0.57 -1.78,-0.561 l -0.01,-0.01 3.43,-3.9 c 0.15,-0.18 0.24,-0.59 0.39,-0.76 0.67,-0.76 1.49,-1.399 2.17,-2.14 1.27,-1.391 3.21,-3.38 4.26,-4.891 0.26,-0.369 0.28,-0.649 0.46,-1.06 l 0.92,-2.11 c 0.32,-1.1 0.15,-3.85 -0.07,-4.96 l -0.59,-0.689 c -0.94,0.02 -2.15,-0.08 -3.08,0.069 -1.08,0.171 -3.35,1.25 -4.4,1.03 -1.55,-0.319 -3.54,-2.29 -4.52,-2.34 -3.39,-0.18 -3.95,0.74 -6.89,1.65 -1.39,0.439 -2.92,0.699 -4.34,1.04 -0.26,0.06 -0.52,0.29 -0.78,0.34 -1.96,0.43 -5.65,0.79 -7.02,-1.17 -1.23,-0.23 -0.25,-8.011 0.55,-10.771 0.41,-1.39 0.99,-5.88 1.5,-7.25 0.1,-0.27 -0.01,-5.02 0.77,-8.09 0.3,-1.18 0.5,-4.16 0.59,-5.44 0.07,-1.05 -0.09,-2.14 0,-3.17 0.12,-1.38 0.51,-2.76 0.65,-4.14 0.14,-1.31 -0.02,-2.77 0.2,-4.06 0.34,-1.96 1.23,-5.511 2.23,-7.311 0.49,-0.87 1.21,-1.72 1.64,-2.609 1.22,-2.561 2.38,-5.351 3.42,-8 0.87,-2.211 1,-4.641 1.26,-6.98 0.1,-0.82 0.09,-1.29 0.24,-2.11 0.39,-2.05 2.24,-6.229 4.2,-7.3 1.89,-1.04 3.61,-7.359 5.55,-8.29 0.52,-0.24 3.61,-8.229 3.05,-9.83 l 3.7,-0.42 1.5,-1.5 -4.25,-11 5.38,-1 3,-1.37 4.12,-2.63 6,7 -3,8.5 1.5,2.75 c 0,0 3.25,-2.75 5.75,-3.25 2.5,-0.5 5.19,3.7 5.19,3.7 l 4.31,-1.2 3,3 h 3.25 l 1.25,-4.75 4,-3.5 2.5,-5.25 3.5,1 5.25,-3.5 -0.06,8.181 c 0,0 7.51,-0.381 9.53,1.38 2.52,2.189 3.859,5.72 6.029,8.34 l 0.07,1.17 c -0.79,0.54 -1.93,1.14 -2.62,1.79 -0.05,0.04 -1.45,1.99 -1.45,2 -0.31,1.01 -1.59,7.81 -1.439,9.09 0.01,0.08 0.53,1.42 0.59,1.58 3.61,2.13 5.85,-0.39 8.27,0.76 1.62,2.9 5.221,2.771 8.091,2.92 2.359,0.12 4.729,0.24 7.069,0.67 0.96,2.011 2.17,4.87 3.42,7.87 -4.75,0.5 -5.3,1.76 -8.409,1.84 -0.211,0.601 -0.53,1.32 -0.66,1.931 -0.03,0.16 0.09,0.83 0.069,1.029 -0.08,0.771 -1.31,3.48 -1.64,4.2 -0.13,0.9 1.49,2.99 2.03,3.59 l -0.13,1.03 c -0.17,0.15 -1.761,1.47 -1.841,1.521 -0.77,0.399 -2.64,0.43 -3.079,1.31 -0.211,0.92 -0.391,1.91 -0.65,2.82 -0.08,0.25 -0.34,0.51 -0.4,0.76 -0.09,0.34 -0.069,1.62 0.13,1.93 0.46,0.681 1.86,1.82 1.9,2.69 l 0.59,10.26 c 0.04,0.69 -0.29,1.08 0.141,1.86 0.409,0.58 2.369,1.26 3.01,1.449 l -0.061,3.311 1.181,1.17 1.84,0.41 c 0.649,-0.29 3.3,-1.34 4,-1.03 l 1.62,1.601 c 3.319,3.3 5.77,1.5 8.42,3.22 0.13,0.46 0.62,1.08 1.05,1.31 0.13,1.07 0.67,4.05 1.7,4.681 0.689,0.43 1.319,0.56 1.91,1.149 l 0.79,0.78 c 0.39,0.68 0.449,1.67 0.85,2.34 0.56,0.97 2.26,1.88 3.09,2.62 0.38,0.35 0.65,0.91 1.04,1.24 0.09,0.069 0.601,0.199 0.72,0.279 0.45,0.29 0.86,0.78 1.32,1.03 1.07,0.58 3.42,-0.35 4.85,-0.07 1.14,0.501 3.76,5.071 5.18,6.071 z m -73.311,-20.08 -0.5,-3.5 -4.75,-4 -1.5,-4.5 0.25,-5.25 -0.25,-3.25 -1.5,-6.25 -2.22,-6.39 -2.28,-6.86 h -5.75 l -12.5,4 -4.25,-3.5 -5.75,1.75 -1.25,3.75 0.25,4 h -2.25 l -1.25,12.25 2.25,7 6.75,5 -1.25,3.75 h -5 l -3.25,7 -0.25,4 3.5,3.75 4,4.25 4.75,-3.75 8.5,-1.75 -1.25,-4.25 3.5,-2.75 8.5,8.25 7,-6 4.5,-5 z"
   id="Kandal"
   style="fill:#001933;fill-opacity:1;stroke:#ffffff;stroke-width:0.8;stroke-miterlimit:4;stroke-dasharray:none;stroke-opacity:1" /><path
   fill="#ffffea"
   d="m 684.104,1005.901 c 0.71,3.91 1.86,7.2 -2.229,9.391 -4.57,2.46 -9.26,4.8 -13.75,7.38 -0.82,0.47 -1.55,1.11 -2.36,1.59 -1.42,0.84 -2.91,1.6 -4.359,2.4 -1.341,0.739 -3.841,1.85 -4.95,2.729 l -6.75,5.29 c -0.96,0.75 -2.13,2.44 -2.98,3.4 -0.57,0.66 -1,1.85 -1.42,2.64 l -5.92,10.88 c -0.6,1.11 -1.2,2.62 -1.93,3.63 -0.71,0.95 -4.18,4.53 -5.37,5.09 l -1.97,0.561 -0.98,0.29 -21.8,0.36 c -1.98,0.029 -3.95,-0.181 -5.85,-0.7 l -5.93,-1.54 0.05,-0.19 c -0.22,-3.189 -2.87,-6.88 -2.75,-10 0.09,-2.2 -1.83,-7.58 -1.14,-9.71 0.61,-1.88 0.8,-3.39 -2.11,-4.29 -0.35,-0.1 -4.59,-0.22 -4.75,-0.5 -1.26,-2.08 0.85,-9.149 0.69,-11.67 -0.26,-4.16 -2.32,-9.18 0.57,-12.86 l 0.61,-0.779 c 1.17,-0.92 2.53,-1.53 3.72,-2.49 1.31,-1.05 4.76,-6.06 5.41,-7.7 1.11,-2.79 0.84,-5.689 0,-8.25 -0.06,-0.17 -1.95,-2.54 -2,-2.75 -0.29,-1.14 1.39,-4.09 1.25,-5.25 -0.41,-3.27 -2.41,-2.71 -2.75,-6 -0.1,-0.91 -2.36,-2.5 -2.48,-3.18 -0.66,-3.84 -2.32,-10.14 -7.13,-10.57 -1.16,-0.1 -2.73,-0.34 -3.83,0.3 -3.71,2.17 -7.34,4.471 -11.35,6.061 -1.03,0.42 -2.16,0.64 -3.21,1.04 -0.27,0.1 -0.52,0.38 -0.79,0.479 -0.18,0.061 -0.76,0.07 -0.92,0.141 -2.39,1.02 -9.92,-1.811 -12.54,-1.521 l -0.25,-2.5 c -0.89,-2.3 1.71,-2.149 3.54,-4.6 0.85,-1.141 0.48,-2.59 1.27,-3.851 0.2,-0.31 0.56,-0.97 0.57,-1.38 0.03,-0.93 0,-2.239 -0.13,-3.17 0,0 -0.66,-2.35 -0.75,-2.5 -0.51,-0.85 -0.2,-1.96 -0.56,-2.88 -0.28,-0.689 -0.51,-1.74 -0.66,-2.479 -0.48,-2.301 -1.92,-10.99 -3.28,-12.4 -1.97,-2.04 -2.63,-1.85 -2.91,-4.98 l -3.09,-3.76 -9.75,1.25 -2.75,-5 -5.75,-0.75 -0.5,-3.75 -0.25,-8 1.25,-1.5 9,3.25 5.5,0.75 4,1.75 5.75,-0.75 3.25,2.5 c 0,0 6.83,5.44 8.72,5.21 0.4,-0.05 0.63,0.061 1.03,0.09 l 2.05,0.19 c 1.6,0.27 2.85,0.93 4.53,0.55 2.42,-0.56 4.57,1.45 6.67,0.46 0.06,-0.03 3.9,-1.229 4,-1.25 2.29,-0.41 1.71,-1.439 3.7,-2.38 0.93,-1.979 1.66,-4.58 1.55,-6.62 -0.08,-1.58 -0.05,-3.729 0.13,-5.3 0.21,-1.84 0.71,-3.91 1.12,-5.72 0.21,-0.95 0.59,-1.88 0.78,-2.82 0.34,-1.66 0.48,-3.37 0.79,-5.03 0.12,-0.649 0.4,-1.29 0.52,-1.93 0.12,-0.65 0.06,-1.36 0.2,-2 0.19,-0.85 0.64,-1.7 0.79,-2.55 0.24,-1.37 0.05,-4.181 0.24,-5.561 0.17,-1.3 0.6,-2.63 0.72,-3.93 0.16,-1.83 0.01,-3.729 0.13,-5.58 0.18,-2.53 0.7,-5.189 1.58,-7.58 0.63,-1.689 2.2,-4.649 3.32,-6.08 0.89,-1.12 2.25,-1.96 2.93,-3.25 l 0.01,-0.01 0.01,0.01 c 0.46,-0.01 1.44,0.221 1.78,0.561 l 2.58,2.67 c 1.75,1.8 3.52,3.359 6.15,2.16 1.67,-0.771 3.33,-1.971 5.05,-2.62 1.09,-0.42 4.6,0.72 5.77,0.76 1.46,0.04 4.45,-1.21 5.84,-1.73 0.19,-0.069 0.58,-0.699 1.31,-0.89 2.15,-0.55 3.42,-0.37 5.38,0.83 0.4,0.24 0.73,0.81 1.12,1.1 0.3,0.221 2.42,1.53 2.82,1.511 1.28,-0.04 5.13,-0.36 6.3,0.069 0.09,0.03 1.9,1.19 2.1,1.311 0.9,1.43 1.34,3.609 1.11,5.31 l -1.11,8.33 c -0.13,0.97 0.28,1.86 0.57,2.76 0.93,2.94 3.34,2.641 5.14,4.891 l 6.32,4.56 1,7 -1.25,3.5 3,2.75 6.5,-1.25 c 0,0 1.5,1 1.25,5.25 -0.25,4.25 -1.5,8 -1.5,8 l -0.5,7.25 -2,6.75 -2.75,3.5 c 0,0 -0.5,8 -0.75,9 -0.25,1 -0.25,5.5 1,5.75 1.25,0.25 5,1.25 5,1.25 l 4,0.5 -0.5,4.5 0.75,7 2.29,8.62 -0.04,0.41 c 0.03,0.93 -0.489,2.16 -0.75,3.08 l -1.689,1.05 -0.891,3.21 c 1.29,3.311 3.131,6.46 4.79,9.59 0.601,1.12 1.36,2.29 1.86,3.45 0.04,0.09 0.69,2.37 0.69,2.39 -0.011,0.54 -0.15,0.841 -0.24,1.37 -0.34,1.96 -0.61,3.67 -0.22,5.66 0.01,0.08 1.31,2.68 1.409,2.89 1.431,0.811 3.591,2.28 4.601,3.601 1.068,1.375 1.379,2.795 1.688,4.475 z"
   id="Takéo"
   style="fill:#001933;fill-opacity:1;stroke:#ffffff;stroke-width:0.8;stroke-miterlimit:4;stroke-dasharray:none;stroke-opacity:1" /><polygon
   fill="#ffffea"
   points="610.105,801.351 611.355,789.101 613.605,789.101 613.355,785.101 614.605,781.351 620.355,779.601 624.605,783.101 637.105,779.101 642.855,779.101 645.135,785.961 647.355,792.351 648.855,798.601 649.105,801.851 648.855,807.101 650.355,811.601 655.104,815.601 655.604,819.101 652.354,820.851 647.855,825.851 640.855,831.851 632.355,823.601 628.855,826.351 630.105,830.601 621.605,832.351 616.855,836.101 612.855,831.851 609.355,828.101 609.605,824.101 612.855,817.101 617.855,817.101 619.105,813.351 612.355,808.351 "
   id="Phnom-Penh"
   style="fill:#003366;fill-opacity:1;stroke:#ffffff;stroke-width:0.8;stroke-miterlimit:4;stroke-dasharray:none;stroke-opacity:1" /><path
   fill="#ffffea"
   d="m 640.005,597.281 c 0.57,1.14 1.72,4.97 1.25,6.13 -0.42,1.04 -1.14,2.05 -1.5,3.1 -0.64,1.87 -0.25,3.18 -1.78,5.03 -2.14,1.07 -4.32,2.3 -5.51,4.48 -0.13,0.24 -0.49,1.66 -0.59,1.79 -0.84,1.13 -3.69,3.1 -4.96,3.8 0.28,1.32 0.7,4.36 1.15,5.5 0.15,0.36 1.93,2.34 2.17,2.82 1.12,2.26 0.85,6.3 4.52,6.28 l -1.15,9.39 3.75,1.5 -0.25,14 -2,1.75 -0.75,5.75 -2.75,8.75 4.25,6 0.02,13.69 -5.52,1.56 -6.5,3.38 -1.62,7.87 -1.88,6.38 -2,4.37 -4.12,2.63 -3,1.37 -5.38,1 4.25,11 -1.5,1.5 -3.7,0.42 c -1.1,0.73 -1.44,0.42 -2.36,0.62 -0.52,0.11 -1.06,0.47 -1.58,0.55 -0.65,0.101 -1.45,-0.12 -2.1,0 -1.73,0.32 -2.68,2.271 -4.53,2.13 -1.67,-0.119 -2.24,-0.64 -3.6,-0.96 -0.88,-0.21 -4.14,-0.3 -4.93,0.141 -1.34,0.729 -2.37,3.51 -4.26,3.51 -1.98,0 -4.02,-0.14 -5.97,0.28 -5.97,1.27 -16.24,6.16 -20.74,9.99 -1.78,1.52 -3.47,3.279 -5.18,4.89 -0.31,0.29 -0.88,0.58 -1.25,0.83 -1.17,-0.55 -1.7,-1.42 -2.56,-1.931 -2.32,-1.409 -7.5,-2.63 -10.17,-3.449 -1.43,-0.44 -2.26,-1.4 -3.41,-2.271 -1.94,-1.49 -4,-3.2 -6.19,-4.3 -1.6,-0.8 -1.73,-0.48 -3.45,-0.59 -1,-0.07 -2.02,-0.3 -3.02,-0.351 -1.5,-0.069 -3.56,0.381 -4.99,-0.27 -1.46,-0.67 -2.53,-3.05 -3.54,-4.21 -0.68,-0.771 -1.63,-1.4 -2.37,-2.13 -0.2,-0.2 -0.31,-0.58 -0.52,-0.76 -1.18,-1.061 -6.88,-5.801 -7.28,-7.23 -0.2,-0.74 -0.15,-1.18 -0.24,-1.93 -0.42,-3.3 -0.77,-6.641 -2.59,-9.511 -0.66,-1.06 -1.44,-2.34 -2.23,-3.31 -0.44,-0.55 -1.19,-1 -1.7,-1.51 -0.67,-0.69 -1.54,-1.58 -2.1,-2.351 -0.82,-1.14 -2.13,-4.05 -2.56,-5.369 -0.17,-0.54 -0.12,-1.23 -0.26,-1.79 -0.29,-1.171 -0.83,-2.351 -1.05,-3.521 -0.32,-1.689 -0.34,-5.979 -1.31,-7.3 -0.95,-1.3 -2.23,-2.08 -3.63,-2.78 -2.89,-1.45 -4.01,-1.87 -6.26,-4.02 -2.61,-2.49 -2.25,-5.57 -2.12,-8.91 0,-0.03 -0.18,-0.49 -0.2,-0.55 0.03,-0.27 0.06,-0.54 0.08,-0.8 0.35,-4.37 -0.42,-7.22 -2.44,-11.26 -0.49,-0.98 -1.23,-1.84 -1.44,-2.96 -0.17,-0.86 -0.32,-2.09 -0.33,-2.96 -0.02,-1.41 0.39,-2.74 0.19,-4.21 -0.34,-2.58 -2.45,-4.43 -3.08,-6.95 -0.41,-1.65 0.94,-3.31 0.66,-4.83 -0.26,-1.36 -0.98,-2.14 -0.53,-3.65 0.73,-2.37 1.28,-5.45 2.63,-7.58 0.52,-0.83 1.43,-1.97 2.1,-2.68 0.49,-0.53 1.31,-0.9 1.77,-1.45 0.05,-0.06 1.24,-2.07 1.31,-2.21 0.52,-1.01 0.99,-2.88 1.97,-3.58 2.72,-1.94 8.17,-1.46 11.09,-3.1 1.57,-0.87 2.56,-2.72 3.81,-3.93 l 1.62,-1.28 c 0.31,-0.25 0.43,-0.49 0.8,-0.64 1.9,-0.77 4.26,-0.79 6.18,-1.52 1.12,-0.43 4.75,-4.62 5.31,-5.86 0.13,-0.3 0.12,-0.73 0.26,-1.03 0.11,-0.23 0.81,-1.16 0.85,-1.31 0.69,-2.24 1.86,-6.84 2.69,-8.82 0.15,-0.35 2.78,-2.48 2.98,-2.64 1.46,-1.14 6.77,-4.81 6.41,-7.07 -0.18,-1.12 -0.54,-2.43 -0.86,-3.52 -0.04,-0.15 -0.38,-0.71 -0.39,-0.82 -0.22,-1.85 -0.73,-3.95 -0.19,-5.79 0.32,-1.12 0.89,-2.2 1.24,-3.31 0.56,-1.75 0.96,-3.75 0.95,-5.6 l 6.52,-6.84 2.79,-6.11 10.43,-1.26 c 0.34,-0.32 0.82,-0.52 1.25,-0.69 0.97,-1.31 2.74,-1.93 3.66,-3.28 1.36,-2.07 3.78,-2.55 5.74,-3.84 l 0.47,-0.31 4.22,-0.37 h 9.73 3 l 0.91,0.19 c 1.83,-0.42 3.52,-1.1 5.45,-1.1 0.95,0 2.26,0.25 3.21,0.41 0.28,0.05 0.57,0.24 0.85,0.28 0.14,0.02 0.93,-0.03 0.99,0 2.59,1.21 5.18,2.51 7.81,3.65 1.07,0.46 2.27,0.71 3.35,1.17 0.96,0.41 2.03,1 2.95,1.52 1.46,0.83 2.85,1.83 4.33,2.62 1.96,1.04 4.05,1.89 6.04,2.89 1.51,0.76 3.06,1.69 4.66,2.27 1.3,0.48 2.91,0.93 4.26,1.24 0.35,0.08 0.82,-0.06 1.18,0 1.32,0.22 2.62,0.63 3.94,0.83 1.09,0.16 2.18,-0.07 3.25,0.36 l 0.51,1.17 c -2.24,1.66 -0.4,5.13 -1.27,7.7 -1.32,3.91 3.39,3.25 3.56,7.92 0.34,9.43 9.2,6.85 6.28,21.4 l 0.45,-0.13 c 1.53,-0.47 4.53,-0.39 4.92,-2.14 0.09,-0.42 1.05,-1.22 1.05,-1.22 1,-0.207 2.3,-0.097 3.22,0.153 z"
   id="Kampong-Chhnang"
   style="fill:#003366;fill-opacity:1;stroke:#ffffff;stroke-width:0.8;stroke-miterlimit:4;stroke-dasharray:none;stroke-opacity:1" /><path
   fill="#ffffea"
   d="m 437.485,832.431 0.12,-3.33 4.5,-2.75 1,-3.25 -3,-1.25 1,-5.75 -2,-1 -6.75,-1 -2.5,-5 -9.25,-0.75 -2.75,2.25 -6,-1 -0.25,-2.25 -2.5,-1 -2,-3.5 -4.75,-2.25 -4.75,-2.25 -9.5,-8 -8.5,-4.75 -1,-8.5 2,-1.5 0.75,-4.5 -6.25,-4.25 0.5,-2.75 -3,-3.25 0.25,-4.25 h 2.75 l -1.75,-8.75 5.5,-1.5 -0.7,-6.59 -3.55,-1.66 -1.5,-5 4,-1 c 0,0 3,1.25 5.75,1.5 2.75,0.25 2.75,0.5 5.25,0.25 2.5,-0.25 4.75,-2.25 4.75,-2.25 l 2.1,0.16 1.65,-2.41 1.25,-4.5 c 0,0 2.75,-3.5 4.5,-4 1.75,-0.5 3.25,-0.25 4.25,-0.25 1,0 1.5,-2.75 1.5,-2.75 l -0.62,-1.729 -0.88,-3.021 0.5,-3.25 4,0.75 3.75,-1.5 4.25,1.25 h 2.25 l 1.75,7.75 10.25,-0.25 c 0,0 0.5,-2 2.5,-3.25 2,-1.25 3.25,-1.25 3.25,-1.25 l 2.25,-0.5 -1.75,-6 1.25,-5.5 4.25,-0.75 0.25,-3 h 3.75 l 0.25,-12.5 4.75,-2.25 3,0.25 c 0,0 1.5,3.25 4,0.5 2.5,-2.75 4.5,-1.75 4.5,-1.75 l 4.75,1.25 1.5,-3 2.25,-0.75 0.13,0.01 c -0.02,0.26 -0.05,0.53 -0.08,0.8 0.02,0.06 0.2,0.52 0.2,0.55 -0.13,3.34 -0.49,6.42 2.12,8.91 2.25,2.15 3.37,2.57 6.26,4.02 1.4,0.7 2.68,1.48 3.63,2.78 0.97,1.32 0.99,5.61 1.31,7.3 0.22,1.17 0.76,2.35 1.05,3.521 0.14,0.56 0.09,1.25 0.26,1.79 0.43,1.319 1.74,4.229 2.56,5.369 0.56,0.771 1.43,1.66 2.1,2.351 0.51,0.51 1.26,0.96 1.7,1.51 0.79,0.97 1.57,2.25 2.23,3.31 1.82,2.87 2.17,6.211 2.59,9.511 0.09,0.75 0.04,1.189 0.24,1.93 0.4,1.43 6.1,6.17 7.28,7.23 0.21,0.18 0.32,0.56 0.52,0.76 0.74,0.729 1.69,1.359 2.37,2.13 1.01,1.16 2.08,3.54 3.54,4.21 1.43,0.65 3.49,0.2 4.99,0.27 1,0.051 2.02,0.28 3.02,0.351 1.72,0.109 1.85,-0.21 3.45,0.59 2.19,1.1 4.25,2.81 6.19,4.3 1.15,0.87 1.98,1.83 3.41,2.271 2.67,0.819 7.85,2.04 10.17,3.449 0.86,0.511 1.39,1.381 2.56,1.931 0.37,-0.25 0.94,-0.54 1.25,-0.83 1.71,-1.61 3.4,-3.37 5.18,-4.89 4.5,-3.83 14.77,-8.721 20.74,-9.99 1.95,-0.42 3.99,-0.28 5.97,-0.28 1.89,0 2.92,-2.78 4.26,-3.51 0.79,-0.44 4.05,-0.351 4.93,-0.141 1.36,0.32 1.93,0.841 3.6,0.96 1.85,0.141 2.8,-1.81 4.53,-2.13 0.65,-0.12 1.45,0.101 2.1,0 0.52,-0.08 1.06,-0.439 1.58,-0.55 0.92,-0.2 1.26,0.11 2.36,-0.62 0.56,1.601 -2.53,9.59 -3.05,9.83 -1.94,0.931 -3.66,7.25 -5.55,8.29 -1.96,1.07 -3.81,5.25 -4.2,7.3 -0.15,0.82 -0.14,1.29 -0.24,2.11 -0.26,2.34 -0.39,4.77 -1.26,6.98 -1.04,2.649 -2.2,5.439 -3.42,8 -0.43,0.89 -1.15,1.739 -1.64,2.609 -1,1.8 -1.89,5.351 -2.23,7.311 -0.22,1.29 -0.06,2.75 -0.2,4.06 -0.14,1.38 -0.53,2.76 -0.65,4.14 -0.09,1.03 0.07,2.12 0,3.17 -0.09,1.28 -0.29,4.261 -0.59,5.44 -0.78,3.07 -0.67,7.82 -0.77,8.09 -0.51,1.37 -1.09,5.86 -1.5,7.25 -0.8,2.76 -1.78,10.54 -0.55,10.771 1.37,1.96 5.06,1.6 7.02,1.17 0.26,-0.05 0.52,-0.28 0.78,-0.34 1.42,-0.341 2.95,-0.601 4.34,-1.04 2.94,-0.91 3.5,-1.83 6.89,-1.65 0.98,0.05 2.97,2.021 4.52,2.34 1.05,0.22 3.32,-0.859 4.4,-1.03 0.93,-0.149 2.14,-0.05 3.08,-0.069 l 0.59,0.689 c 0.22,1.11 0.39,3.86 0.07,4.96 l -0.92,2.11 c -0.18,0.41 -0.2,0.69 -0.46,1.06 -1.05,1.511 -2.99,3.5 -4.26,4.891 -0.68,0.74 -1.5,1.38 -2.17,2.14 -0.15,0.17 -0.24,0.58 -0.39,0.76 l -3.43,3.9 -0.01,0.01 c -0.68,1.29 -2.04,2.13 -2.93,3.25 -1.12,1.431 -2.69,4.391 -3.32,6.08 -0.88,2.391 -1.4,5.05 -1.58,7.58 -0.12,1.851 0.03,3.75 -0.13,5.58 -0.12,1.3 -0.55,2.63 -0.72,3.93 -0.19,1.38 0,4.19 -0.24,5.561 -0.15,0.85 -0.6,1.7 -0.79,2.55 -0.14,0.64 -0.08,1.35 -0.2,2 -0.12,0.64 -0.4,1.28 -0.52,1.93 -0.31,1.66 -0.45,3.37 -0.79,5.03 -0.19,0.94 -0.57,1.87 -0.78,2.82 -0.41,1.81 -0.91,3.88 -1.12,5.72 -0.18,1.57 -0.21,3.72 -0.13,5.3 0.11,2.04 -0.62,4.641 -1.55,6.62 -1.99,0.94 -1.41,1.97 -3.7,2.38 -0.1,0.021 -3.94,1.22 -4,1.25 -2.1,0.99 -4.25,-1.02 -6.67,-0.46 -1.68,0.38 -2.93,-0.28 -4.53,-0.55 l -2.05,-0.19 c -0.4,-0.029 -0.63,-0.14 -1.03,-0.09 -1.89,0.23 -8.72,-5.21 -8.72,-5.21 l -3.25,-2.5 -5.75,0.75 -4,-1.75 -5.5,-0.75 -9,-3.25 -1.5,-3 -4,-1 -2,2.75 -4.5,0.25 -3.25,-1.5 -4.25,1.75 -0.75,3.5 -5,4.25 h -9 l -8,3.25 -4,-1.75 -7.5,-2.25 -8.75,-11.5 -9.75,-2.25 -4.25,-2.75 -4.75,-0.25 -4.75,0.25 -2.75,-3.5 -0.25,-6.25 -4.75,-1.25 6.25,-13 1,-4.25 -2.25,-6.75 -1.25,-6.25 3.75,-5 h 2 v -3.75 l -2.25,-2.75 -0.5,-5.5 -1.75,-2.75 z"
   id="Kampong-Speu"
   style="fill:#003366;fill-opacity:1;stroke:#ffffff;stroke-width:0.8;stroke-miterlimit:4;stroke-dasharray:none;stroke-opacity:1" /><path
   id="Kampot"
   style="fill:#004c99;fill-opacity:1;stroke:#ffffff;stroke-width:0.8;stroke-miterlimit:4;stroke-dasharray:none;stroke-opacity:1"
   d="M 444.85547 896.84961 L 440.10547 897.09961 L 439.60547 898.84961 L 444.60547 902.09961 L 443.85547 914.59961 L 445.60547 919.09961 L 445.60547 922.59961 L 441.60547 924.84961 L 444.85547 929.34961 L 444.10547 931.59961 L 436.60547 936.84961 L 432.10547 937.34961 L 430.85547 933.84961 L 425.10547 934.59961 L 415.85547 942.59961 C 403.76718 952.67127 410.76908 946.76647 395.38867 960.13086 L 406.35547 950.59961 L 411.60547 954.59961 L 410.35547 964.09961 L 407.60547 964.84961 L 406.85547 968.84961 L 409.35547 973.34961 L 409.35547 975.34961 C 409.35547 975.34961 409.79297 975.78711 410.35547 976.31836 C 410.91797 976.84961 411.60547 977.47461 412.10547 977.84961 C 412.35547 978.03711 412.55859 978.24023 412.72266 978.4707 C 412.88672 978.70117 413.01172 978.95898 413.10547 979.25586 C 413.19922 979.55273 413.26172 979.88867 413.30078 980.27539 C 413.33984 980.66211 413.35547 981.09961 413.35547 981.59961 C 413.35547 981.84961 413.31641 982.09961 413.24805 982.3457 C 413.17969 982.5918 413.08203 982.83398 412.96484 983.06836 C 412.73047 983.53711 412.41797 983.97461 412.10547 984.34961 C 411.48047 985.09961 410.85547 985.59961 410.85547 985.59961 L 410.85547 992.34961 L 408.35547 995.09961 L 409.10547 1001.3496 L 411.35547 1003.8496 L 411.60547 1006.3496 L 413.35547 1008.8496 L 416.60547 1010.3496 L 418.35547 1018.8496 L 417.85547 1024.0996 L 414.10547 1030.5996 L 409.35547 1034.0996 L 404.68555 1037.959 L 404.68555 1037.9609 L 406.39453 1041.4102 L 410.01562 1044.5996 L 411.45508 1045.0391 L 413.11523 1045.0293 L 415.41406 1045.0176 L 425.69531 1049.7578 L 427.8457 1049.8379 L 429.45508 1051.1172 L 431.77539 1051.6465 L 433.27539 1053.0566 L 436.54492 1054.5977 L 441.04492 1054.7871 L 442.31445 1054.8477 L 444.49414 1054.2266 L 446.21484 1054.8281 L 448.73438 1054.8477 L 450.43555 1054.3574 L 453.10547 1052.498 L 456.375 1051.1875 L 458.45508 1050.9785 L 460.60547 1051.5078 L 461.81445 1051.3789 L 463.71484 1049.9785 L 464.61523 1047.7383 L 465.43555 1044.0176 L 465.98438 1044.2891 L 465.69531 1046.8691 L 464.94531 1049.3086 L 464.39453 1051.1074 L 465.56445 1055.998 L 466.22461 1056.0996 L 466.38477 1055.8184 L 467.82422 1056.7109 L 468.46484 1055.2695 L 471.55469 1052.6504 L 472.53516 1052.1719 L 475.28516 1052.5918 L 475.49414 1051.6719 L 475.21484 1049.9512 L 478.22461 1050.5996 L 480.25586 1050.4512 L 481.82422 1048.9395 L 483.25586 1049.1504 L 483.48438 1050.1094 L 485.95508 1053.041 L 487.78516 1054.1602 L 488.51562 1055.459 L 489.23438 1055.8984 L 492.11523 1061.4492 L 492.8457 1065.7188 L 492.94531 1067.959 L 493.08594 1071.1992 L 493.48438 1071.9902 L 496.4043 1073.0293 L 499.76562 1071.3984 L 500.05469 1071.25 L 501.375 1070.6094 L 503.60547 1068.8086 L 505.39453 1067.9199 L 507.0957 1067.6602 L 508.25586 1067.8789 L 511.42578 1070.7988 L 514.375 1075.8789 L 515.03516 1077.0195 L 516.14453 1077.9102 L 518.13477 1078.9102 L 518.5957 1079.0195 L 520.77539 1079.5488 L 523.57422 1079.7402 L 524.875 1078.6289 L 525.4043 1080.4492 L 526.04492 1080.9883 L 526.48438 1083.459 L 528.86523 1084.959 L 529.91406 1086.1699 C 531.86406 1085.3499 533.87578 1084.9905 535.92578 1084.7695 C 537.19578 1084.6205 538.48492 1084.5294 539.79492 1084.3984 L 540.79492 1085.0195 C 541.21492 1086.3795 542.00435 1088.0298 542.98438 1089.0898 L 543.92578 1088.8984 C 544.65578 1087.8384 545.61435 1086.6788 546.23438 1085.5488 C 546.65436 1084.7688 546.79555 1083.7299 547.18555 1082.9199 C 547.77555 1081.6499 548.84547 1080.2286 550.10547 1079.5586 C 552.15547 1079.8086 554.73531 1077.259 555.69531 1075.709 L 555.48438 1075.7188 L 558.99414 1067.8398 L 559.51562 1067.4082 C 560.14562 1066.9082 562.82422 1064.9082 562.82422 1064.9082 C 562.82422 1064.2682 563.23531 1061.1788 563.69531 1060.7188 L 565.27539 1059.1582 L 566.20508 1058.9199 L 566.70508 1059.4785 L 568.46484 1059.3984 L 569.625 1060.0684 L 576.94531 1059.8594 L 579.875 1056.9688 C 581.895 1057.1488 589.46555 1057.5198 590.93555 1058.0898 L 595.55469 1059.2871 L 595.60547 1059.0977 C 595.38547 1055.9087 592.73547 1052.2177 592.85547 1049.0977 C 592.94547 1046.8977 591.02484 1041.5167 591.71484 1039.3867 C 592.32484 1037.5067 592.51547 1035.9977 589.60547 1035.0977 C 589.25547 1034.9977 585.01547 1034.8777 584.85547 1034.5977 C 583.59547 1032.5177 585.70492 1025.4487 585.54492 1022.9277 C 585.28492 1018.7677 583.22523 1013.7474 586.11523 1010.0664 L 586.72461 1009.2871 C 587.89461 1008.3671 589.25531 1007.7588 590.44531 1006.7988 C 591.75531 1005.7488 595.20547 1000.7387 595.85547 999.09766 C 596.96547 996.30766 596.69547 993.40866 595.85547 990.84766 C 595.79547 990.67766 593.90547 988.30766 593.85547 988.09766 C 593.56547 986.95766 595.24547 984.00766 595.10547 982.84766 C 594.69547 979.57766 592.69547 980.13766 592.35547 976.84766 C 592.25547 975.93766 589.995 974.34797 589.875 973.66797 C 589.215 969.82797 587.55414 963.52866 582.74414 963.09766 C 581.58414 962.99866 580.01406 962.75844 578.91406 963.39844 C 575.20406 965.56844 571.57445 967.86898 567.56445 969.45898 C 566.53445 969.87898 565.40547 970.1 564.35547 970.5 C 564.08547 970.599 563.83445 970.87852 563.56445 970.97852 C 563.38445 971.03952 562.80453 971.04912 562.64453 971.11914 C 560.25453 972.13814 552.72547 969.30766 550.10547 969.59766 L 549.85547 967.09766 C 548.96547 964.79766 551.56453 964.94805 553.39453 962.49805 C 554.24453 961.35705 553.87406 959.90748 554.66406 958.64648 C 554.86406 958.33648 555.22436 957.67758 555.23438 957.26758 C 555.26437 956.33758 555.23538 955.02866 555.10547 954.09766 C 555.10547 954.09766 554.44547 951.74766 554.35547 951.59766 C 553.84547 950.74766 554.15492 949.6368 553.79492 948.7168 C 553.51492 948.0278 553.28477 946.97728 553.13477 946.23828 C 552.65477 943.93828 551.21547 935.24789 549.85547 933.83789 C 547.88547 931.79789 547.22531 931.9884 546.94531 928.85742 L 543.85547 925.09766 L 534.10547 926.34766 L 531.35547 921.34766 L 525.60547 920.59766 L 525.10547 916.84766 L 524.85547 908.84766 L 526.10547 907.34766 L 524.60547 904.34766 L 520.60547 903.34766 L 518.60547 906.09766 L 514.10547 906.34766 L 510.85547 904.84766 L 506.60547 906.59766 L 505.85547 910.09766 L 500.85547 914.34766 L 491.85547 914.34766 L 483.85547 917.59766 L 479.85547 915.84766 L 472.35547 913.59766 L 463.60547 902.09766 L 453.85547 899.84766 L 449.60547 897.09766 L 444.85547 896.84961 z " /><path
   id="Siem-Reap"
   style="fill:#003366;fill-opacity:1;stroke:#ffffff;stroke-width:0.8;stroke-miterlimit:4;stroke-dasharray:none;stroke-opacity:1"
   d="M 296.46289 225.43945 L 296.56445 225.55078 C 294.36445 226.77078 287.9457 227.88195 287.0957 230.00195 C 285.9257 236.79195 292.46469 238.3318 289.30469 247.3418 C 288.79469 248.8118 288.20508 250.31062 288.20508 251.89062 C 288.20508 254.04063 288.80461 256.26125 289.47461 258.28125 C 289.64461 258.78125 289.67422 259.38039 289.82422 259.90039 C 291.05422 263.94039 293.87539 272.40031 290.27539 275.82031 L 289.91406 276.16016 C 289.33406 276.74016 289.22555 277.29039 288.43555 277.90039 C 286.32555 279.51039 285.81594 279.77188 284.33594 281.92188 C 283.01594 283.85186 285.5243 289.29133 285.9043 291.61133 C 286.3343 294.15133 285.7543 296.70064 286.6543 299.14062 C 287.8943 302.48064 287.30418 306.34172 286.74414 309.76172 C 286.59414 310.60172 286.32555 311.45078 286.18555 312.30078 C 286.00555 313.44078 286.03594 314.65078 285.83594 315.80078 C 284.98594 320.73078 284.34422 320.60047 286.32422 324.98047 C 287.27422 327.08047 287.37406 329.55102 286.91406 331.79102 L 286.80469 332.76172 C 285.90469 336.22172 284.20547 340.28047 286.10547 343.73047 C 286.85547 345.03047 286.57422 345.55016 287.07422 346.66016 C 288.61422 350.04016 291.45477 354.65117 294.88477 356.45117 C 295.01477 356.52117 295.16445 356.58063 295.31445 356.64062 C 297.83445 357.64062 302.75555 357.28188 305.18555 356.42188 C 312.56555 353.80187 312.24477 356.66039 311.88477 362.40039 C 312.60477 363.18039 314.11422 364.37086 315.07422 364.88086 C 316.27422 365.53086 317.575 365.90086 318.625 366.88086 C 319.755 367.94086 321.1343 371.14195 321.9043 371.50195 C 322.9043 371.96195 323.93578 371.23063 324.92578 371.64062 C 326.47578 372.28064 326.65578 373.38063 327.67578 374.39062 C 328.36578 375.08062 330.34547 376.33094 331.35547 376.46094 C 333.27547 376.71094 336.4857 374.97133 337.8457 375.36133 C 339.0757 375.70133 342.42469 377.04086 343.55469 377.63086 C 344.70469 378.22086 345.51539 379.4807 346.77539 379.9707 C 349.02539 380.8507 350.28453 379.22117 353.39453 380.45117 C 353.84453 380.63117 359.33578 386.76133 359.42578 386.86133 C 361.92578 389.52133 360.65578 388.37133 363.17578 390.36133 L 366.70508 393.14062 L 374.20508 402.40039 C 380.54508 410.24039 386.46586 418.41023 392.50586 426.49023 C 392.54586 426.53023 395.155 428.57195 395.375 428.75195 L 395.38477 428.76172 L 408.38477 438.99023 L 418.97461 454.27148 L 426.91406 461.2207 L 433.52539 468.17188 L 442.13477 475.12109 L 454.70508 485.54102 L 459.99414 494.57031 L 464.625 504.99023 L 469.25586 512.63086 L 472.36523 515.89062 C 473.30523 513.67063 474.37484 511.42016 475.21484 509.16016 C 476.18484 506.53016 476.15453 503.50031 476.89453 500.82031 C 477.24453 499.54031 478.07547 496.97133 478.85547 495.86133 C 479.44547 495.02133 480.21523 494.22164 480.86523 493.43164 C 482.66523 491.21164 484.43477 489.11148 486.38477 487.02148 C 487.83477 485.47148 487.46516 485.9807 488.28516 484.7207 C 488.40516 484.5507 488.42422 484.42125 488.57422 484.28125 C 489.81422 483.11125 491.4943 481.68117 492.9043 480.70117 C 494.0743 479.88117 496.81531 478.72172 498.19531 478.01172 C 500.08531 477.04172 500.85437 475.87125 502.48438 474.78125 C 503.05437 474.39125 504.00453 474.19086 504.64453 473.88086 C 504.76453 473.82086 505.36555 473.34008 505.43555 473.33008 C 506.77555 473.17008 508.9043 473.13125 510.1543 472.78125 C 510.5643 472.66125 510.7357 472.46195 511.0957 472.25195 L 512.97461 471.19141 C 513.66461 470.71141 515.18508 468.63195 515.20508 467.75195 C 515.28508 464.52195 514.38437 466.09023 516.23438 462.74023 C 516.67438 461.95023 518.01445 459.8518 518.81445 459.3418 C 520.12445 458.5218 521.66477 457.72102 522.88477 456.79102 C 524.21477 455.78102 524.56492 453.10086 526.29492 452.38086 C 528.43492 452.47086 529.93523 452.50063 531.61523 451.14062 C 532.08523 448.81063 533.87586 447.43156 536.00586 446.60156 C 536.17586 445.35156 535.31523 444.5018 534.36523 443.8418 C 534.54523 442.9218 535.10508 439.60023 534.70508 438.74023 L 535.0957 437.85156 L 536.86523 437.57031 L 537.32422 436.81055 C 537.13422 436.03055 537.47564 435.58086 537.51562 434.88086 C 537.78562 431.22086 538.00406 427.61164 537.91406 423.93164 C 537.87406 422.63164 537.78461 421.05133 537.72461 419.36133 L 537.35547 414.35156 L 537.60547 409.10156 L 537.35547 404.35156 L 539.35547 398.60156 L 546.85547 395.85156 L 553.35547 394.35156 L 556.85547 390.85156 L 557.85547 387.35156 L 558.85547 383.35156 L 562.06445 379.56055 L 560.35547 367.60156 L 560.10547 351.10156 L 564.10547 348.10156 L 566.10547 344.35156 L 569.85547 341.10156 L 571.10547 338.35156 L 577.10547 335.60156 L 580.10547 330.60156 L 580.10547 323.35156 L 588.85547 315.10156 L 586.85547 313.35156 L 576.35547 319.60156 L 571.35547 319.60156 L 567.85547 316.60156 L 565.35547 316.10156 L 561.85547 316.60156 L 558.60547 315.85156 L 554.35547 312.60156 L 551.85547 311.35156 L 548.85547 311.10156 L 543.85547 309.60156 L 538.35547 308.60156 L 523.10547 308.85156 L 522.42578 299.91016 L 522.85547 295.60156 L 525.85547 294.60156 L 526.60547 289.60156 L 530.10547 285.60156 L 530.85547 280.85156 L 527.85547 277.85156 L 527.85547 267.85156 L 524.33594 262.57031 L 525.05469 257.95117 L 520.60547 254.60156 L 519.08594 249.27148 L 511.85547 246.85156 L 513.60547 240.85156 L 518.35547 236.85156 L 520.35547 228.10156 L 523.85547 226.85156 L 522.10547 222.85156 L 525.85547 220.85156 L 526.60547 216.10156 L 526.10547 208.60156 C 526.10547 208.60156 526.10547 206.10156 524.85547 204.60156 C 524.7614 204.48868 524.71122 204.33117 524.64648 204.1875 C 524.69512 204.27476 524.68079 204.42242 524.74219 204.49609 C 525.05469 204.87109 525.28906 205.30859 525.46484 205.75391 C 525.64062 206.19922 525.75781 206.65234 525.83594 207.05859 C 525.99219 207.87109 525.99219 208.49609 525.99219 208.49609 L 526.49219 215.99609 L 522.99219 214.99609 C 522.99219 214.99609 522.24219 214.24609 521.49219 213.24609 C 521.11719 212.74609 520.55469 212.30859 519.99219 211.87109 C 519.42969 211.43359 518.86719 210.99609 518.49219 210.49609 C 518.30469 210.24609 518.08594 210.07422 517.83984 209.96094 C 517.59375 209.84766 517.32031 209.79297 517.02344 209.77734 C 516.42969 209.74609 515.74219 209.87109 514.99219 209.99609 C 514.24219 210.12109 513.49219 210.12109 512.77344 210.05859 C 512.05469 209.99609 511.36719 209.87109 510.74219 209.74609 C 510.42969 209.68359 510.16406 209.68359 509.92578 209.73438 C 509.6875 209.78516 509.47656 209.88672 509.27344 210.02734 C 508.86719 210.30859 508.49219 210.74609 507.99219 211.24609 C 507.74219 211.49609 507.49219 211.68359 507.23047 211.80469 C 506.96875 211.92578 506.69531 211.98047 506.39844 211.96484 C 506.10156 211.94922 505.78125 211.86328 505.42578 211.70312 C 505.07031 211.54297 504.67969 211.30859 504.24219 210.99609 C 503.80469 210.68359 503.39844 210.52734 503.01562 210.47266 C 502.63281 210.41797 502.27344 210.46484 501.92969 210.55859 C 501.24219 210.74609 500.61719 211.12109 499.99219 211.24609 C 499.36719 211.37109 498.55469 211.43359 497.74219 211.37109 C 497.33594 211.33984 496.92969 211.27734 496.54688 211.17578 C 496.16406 211.07422 495.80469 210.93359 495.49219 210.74609 C 495.17969 210.55859 494.75781 210.55859 494.26562 210.64453 C 493.77344 210.73047 493.21094 210.90234 492.61719 211.05859 C 492.02344 211.21484 491.39844 211.35547 490.78125 211.37891 C 490.16406 211.40234 489.55469 211.30859 488.99219 210.99609 C 488.71094 210.83984 488.42139 210.74756 488.13086 210.70312 C 487.84033 210.65869 487.54883 210.66211 487.26172 210.70312 C 486.6875 210.78516 486.13281 211.01172 485.64844 211.27734 C 484.67969 211.80859 483.99219 212.49609 483.99219 212.49609 C 483.99219 212.49609 483.36719 213.24609 482.55469 214.02734 C 482.14844 214.41797 481.69531 214.81641 481.25 215.13281 C 480.80469 215.44922 480.36719 215.68359 479.99219 215.74609 C 479.61719 215.80859 479.22656 215.96484 478.85156 216.16406 C 478.47656 216.36328 478.11719 216.60547 477.80469 216.83984 C 477.17969 217.30859 476.74219 217.74609 476.74219 217.74609 C 476.74219 217.74609 473.99219 216.74609 471.74219 215.74609 C 471.17969 215.49609 470.75781 215.24609 470.42578 214.98828 C 470.09375 214.73047 469.85156 214.46484 469.64844 214.18359 C 469.24219 213.62109 468.99219 212.99609 468.49219 212.24609 C 468.24219 211.87109 467.96094 211.55859 467.64453 211.28906 C 467.32812 211.01953 466.97656 210.79297 466.58594 210.58984 C 465.80469 210.18359 464.86719 209.87109 463.74219 209.49609 C 463.17969 209.30859 462.58594 209.18359 461.96875 209.10547 C 461.35156 209.02734 460.71094 208.99609 460.05469 208.99609 C 458.74219 208.99609 457.36719 209.12109 455.99219 209.24609 C 455.64844 209.27734 455.33936 209.25439 455.0625 209.18945 C 454.78564 209.12451 454.54102 209.01758 454.32422 208.88281 C 453.89062 208.61328 453.57031 208.23047 453.33594 207.83984 C 452.86719 207.05859 452.74219 206.24609 452.74219 206.24609 L 354.49219 206.24609 C 354.49219 206.24609 354.17969 206.30859 353.64844 206.49609 C 353.11719 206.68359 352.36719 206.99609 351.49219 207.49609 C 351.05469 207.74609 350.67969 207.83984 350.33984 207.81641 C 350 207.79297 349.69531 207.65234 349.39844 207.43359 C 348.80469 206.99609 348.24219 206.24609 347.49219 205.49609 C 347.11719 205.12109 346.68187 204.86062 346.24219 204.67969 C 345.8025 204.49875 345.35773 204.3975 344.95898 204.34375 C 344.16148 204.23625 343.55078 204.31641 343.55078 204.31641 C 343.24078 204.39641 342.92133 204.46758 342.61133 204.51758 C 341.88133 204.64758 341.33133 205.07609 340.61133 205.24609 C 339.58133 205.47609 338.49219 205.47742 337.49219 205.85742 C 336.44219 206.25742 335.40672 206.67242 334.41797 207.16992 C 333.42922 207.66742 332.48609 208.24656 331.62109 208.97656 C 331.08359 209.42906 330.62359 209.72922 330.19922 209.96484 C 329.77484 210.20047 329.38719 210.37086 328.99219 210.56836 C 328.59719 210.76586 328.19547 210.99 327.74609 211.32812 C 327.29672 211.66625 326.79844 212.11984 326.21094 212.77734 C 325.56094 213.49734 324.97727 214.18328 324.35352 214.83203 C 323.72977 215.48078 323.06672 216.09125 322.26172 216.65625 C 321.56172 217.14625 320.85055 217.60664 320.31055 218.05664 C 319.99555 218.51164 319.46562 218.96383 318.8125 219.38477 C 318.15938 219.8057 317.38453 220.19555 316.58203 220.5293 C 315.77953 220.86305 314.94867 221.14055 314.18555 221.33398 C 313.42242 221.52742 312.72641 221.63672 312.19141 221.63672 C 311.84141 221.63672 311.48086 221.57758 311.13086 221.51758 L 310.74219 221.44727 C 310.65219 221.42727 310.55094 221.41602 310.46094 221.41602 C 309.70594 221.41602 309.03727 221.68852 308.35352 221.85352 C 308.01164 221.93602 307.66578 221.99141 307.30469 221.97266 C 306.94359 221.95391 306.56711 221.86148 306.16211 221.64648 C 305.74711 221.42648 304.84578 221.15898 303.92578 220.99023 C 303.00578 220.82148 302.06727 220.75078 301.57227 220.92578 C 301.08977 221.09328 300.65406 221.39016 300.24219 221.75781 C 299.83031 222.12547 299.44133 222.56445 299.04883 223.01758 C 298.65633 223.4707 298.26031 223.93742 297.83594 224.36133 C 297.41495 224.78185 296.96548 225.1601 296.46289 225.43945 z " /><path
   id="Oddar-Meanchey"
   style="fill:#003366;fill-opacity:1;stroke:#ffffff;stroke-width:0.8;stroke-miterlimit:4;stroke-dasharray:none;stroke-opacity:1"
   d="M 294.7832 106.61523 C 294.76784 106.60175 294.74762 106.58967 294.73242 106.57617 C 294.26852 106.1643 293.88109 105.74898 293.62109 105.39648 L 292.88281 102.67188 C 291.99152 102.55037 289.4303 103.98009 288.75586 104.39062 L 287.29492 106.76172 L 285.69531 107.31055 C 285.27531 108.56055 284.41578 110.11195 283.42578 111.00195 C 282.21578 111.60195 278.565 112.32172 277.375 112.26172 C 276.815 112.22172 276.52461 112.05187 275.97461 111.92188 C 274.69058 111.62104 272.71155 111.16897 271.03906 111.01758 C 270.96508 111.01088 270.8969 111.00742 270.82422 111.00195 C 270.30064 110.96264 269.8033 110.94815 269.38477 110.99023 L 268.0957 111.54102 C 268.0957 111.54102 264.315 111.12094 263.875 111.21094 C 261.745 111.63094 259.69516 112.03148 257.53516 112.27148 L 253.27539 112.73047 C 253.11539 112.78047 248.12492 115.76023 247.29492 116.24023 C 246.66492 116.68023 244.44523 118.04141 243.61523 117.94141 L 233.125 116.67188 C 233.075 116.67188 231.96547 117.0518 231.85547 117.0918 C 230.46547 117.5718 229.05453 118.13078 227.64453 118.55078 C 226.40453 118.92078 225.05422 119.07047 223.82422 119.48047 C 221.79422 120.14047 219.67539 121.43133 217.77539 122.36133 C 212.27539 125.05133 204.965 128.66156 200.875 133.35156 C 200.675 133.58156 200.47492 133.82031 200.29492 134.07031 L 210.60547 159.60156 L 211.35352 163.3418 C 211.45706 163.43378 213.54955 165.29451 215.89844 167.27734 C 217.10156 168.29297 218.34375 169.31641 219.36328 170.10156 C 220.38281 170.88672 221.17969 171.43359 221.49219 171.49609 C 222.11719 171.62109 222.61719 171.49609 223.11719 171.40234 C 223.36719 171.35547 223.61719 171.31641 223.88281 171.32031 C 224.14844 171.32422 224.42969 171.37109 224.74219 171.49609 C 225.36719 171.74609 226.17969 172.05859 226.96094 172.18359 C 227.35156 172.24609 227.73438 172.26172 228.08203 172.19922 C 228.42969 172.13672 228.74219 171.99609 228.99219 171.74609 C 229.49219 171.24609 229.80469 170.87109 230.17969 170.77734 C 230.36719 170.73047 230.57031 170.75391 230.82031 170.86719 C 231.07031 170.98047 231.36719 171.18359 231.74219 171.49609 C 232.11719 171.80859 232.55469 172.05859 233.01562 172.25391 C 233.47656 172.44922 233.96094 172.58984 234.42969 172.68359 C 235.36719 172.87109 236.24219 172.87109 236.74219 172.74609 C 237.24219 172.62109 238.36719 172.62109 239.36719 172.65234 C 240.36719 172.68359 241.24219 172.74609 241.24219 172.74609 L 241.20898 172.84375 C 241.21931 172.84447 241.35547 172.85156 241.35547 172.85156 L 240.10547 176.60156 C 240.10547 176.60156 238.85547 178.60156 239.35547 180.10156 C 239.85547 181.60156 238.35547 183.85156 237.10547 184.35156 C 235.85547 184.85156 235.60547 187.10156 236.85547 188.60156 C 238.10547 190.10156 237.35547 193.85156 236.35547 195.35156 C 235.35547 196.85156 234.10547 198.10156 234.10547 198.10156 C 234.10547 198.10156 232.31979 199.00962 232.39062 200.50781 C 232.39852 200.5981 232.40536 200.68684 232.42773 200.78125 C 232.46379 200.9653 232.50574 201.1521 232.60547 201.35156 C 233.59026 203.32114 239.32078 213.82926 239.49805 214.1543 C 239.4956 214.09966 239.48657 214.01918 239.52344 213.81641 C 239.57031 213.55859 239.67969 213.21484 239.92969 212.87109 C 240.17969 212.52734 240.57031 212.18359 241.17969 211.92578 C 241.45418 211.80965 241.96359 211.80582 242.33398 211.73242 C 242.37033 211.72565 242.408 211.71918 242.44531 211.71289 C 242.87269 211.636 243.17288 211.49609 243.74219 211.49609 C 245.99219 211.49609 247.80469 211.43359 249.21094 211.33984 C 250.61719 211.24609 251.61719 211.12109 252.24219 210.99609 C 252.86719 210.87109 253.80469 210.37109 254.58594 209.90234 C 255.36719 209.43359 255.99219 208.99609 255.99219 208.99609 L 269.24219 192.99609 L 269.31445 193.15039 L 269.35547 193.10156 L 271.10547 196.85156 L 282.31055 216.02539 L 291.49219 219.99609 L 291.57617 220.08984 L 291.60547 220.10156 L 296.46289 225.43945 C 296.96548 225.1601 297.41495 224.78185 297.83594 224.36133 C 298.26031 223.93742 298.65633 223.4707 299.04883 223.01758 C 299.44133 222.56445 299.83031 222.12547 300.24219 221.75781 C 300.65406 221.39016 301.08977 221.09328 301.57227 220.92578 C 302.06727 220.75078 303.00578 220.82148 303.92578 220.99023 C 304.84578 221.15898 305.74711 221.42648 306.16211 221.64648 C 306.56711 221.86148 306.94359 221.95391 307.30469 221.97266 C 307.66578 221.99141 308.01164 221.93602 308.35352 221.85352 C 309.03727 221.68852 309.70594 221.41602 310.46094 221.41602 C 310.55094 221.41602 310.65219 221.42727 310.74219 221.44727 L 311.13086 221.51758 C 311.48086 221.57758 311.84141 221.63672 312.19141 221.63672 C 312.72641 221.63672 313.42242 221.52742 314.18555 221.33398 C 314.94867 221.14055 315.77953 220.86305 316.58203 220.5293 C 317.38453 220.19555 318.15938 219.8057 318.8125 219.38477 C 319.46562 218.96383 319.99555 218.51164 320.31055 218.05664 C 320.85055 217.60664 321.56172 217.14625 322.26172 216.65625 C 323.06672 216.09125 323.72977 215.48078 324.35352 214.83203 C 324.97727 214.18328 325.56094 213.49734 326.21094 212.77734 C 326.79844 212.11984 327.29672 211.66625 327.74609 211.32812 C 328.19547 210.99 328.59719 210.76586 328.99219 210.56836 C 329.38719 210.37086 329.77484 210.20047 330.19922 209.96484 C 330.62359 209.72922 331.08359 209.42906 331.62109 208.97656 C 332.48609 208.24656 333.42922 207.66742 334.41797 207.16992 C 335.40672 206.67242 336.44219 206.25742 337.49219 205.85742 C 338.49219 205.47742 339.58133 205.47609 340.61133 205.24609 C 341.33133 205.07609 341.88133 204.64758 342.61133 204.51758 C 342.92133 204.46758 343.24078 204.39641 343.55078 204.31641 C 343.55078 204.31641 344.16148 204.23625 344.95898 204.34375 C 345.35773 204.3975 345.8025 204.49875 346.24219 204.67969 C 346.68187 204.86062 347.11719 205.12109 347.49219 205.49609 C 348.24219 206.24609 348.80469 206.99609 349.39844 207.43359 C 349.69531 207.65234 350 207.79297 350.33984 207.81641 C 350.67969 207.83984 351.05469 207.74609 351.49219 207.49609 C 352.36719 206.99609 353.11719 206.68359 353.64844 206.49609 C 354.17969 206.30859 354.49219 206.24609 354.49219 206.24609 L 452.74219 206.24609 C 452.74219 206.24609 452.86719 207.05859 453.33594 207.83984 C 453.57031 208.23047 453.89062 208.61328 454.32422 208.88281 C 454.54102 209.01758 454.78564 209.12451 455.0625 209.18945 C 455.33936 209.25439 455.64844 209.27734 455.99219 209.24609 C 457.36719 209.12109 458.74219 208.99609 460.05469 208.99609 C 460.71094 208.99609 461.35156 209.02734 461.96875 209.10547 C 462.58594 209.18359 463.17969 209.30859 463.74219 209.49609 C 464.86719 209.87109 465.80469 210.18359 466.58594 210.58984 C 466.97656 210.79297 467.32812 211.01953 467.64453 211.28906 C 467.96094 211.55859 468.24219 211.87109 468.49219 212.24609 C 468.99219 212.99609 469.24219 213.62109 469.64844 214.18359 C 469.85156 214.46484 470.09375 214.73047 470.42578 214.98828 C 470.75781 215.24609 471.17969 215.49609 471.74219 215.74609 C 473.99219 216.74609 476.74219 217.74609 476.74219 217.74609 C 476.74219 217.74609 477.17969 217.30859 477.80469 216.83984 C 478.11719 216.60547 478.47656 216.36328 478.85156 216.16406 C 479.22656 215.96484 479.61719 215.80859 479.99219 215.74609 C 480.36719 215.68359 480.80469 215.44922 481.25 215.13281 C 481.69531 214.81641 482.14844 214.41797 482.55469 214.02734 C 483.36719 213.24609 483.99219 212.49609 483.99219 212.49609 C 483.99219 212.49609 484.67969 211.80859 485.64844 211.27734 C 486.13281 211.01172 486.6875 210.78516 487.26172 210.70312 C 487.54883 210.66211 487.84033 210.65869 488.13086 210.70312 C 488.42139 210.74756 488.71094 210.83984 488.99219 210.99609 C 489.55469 211.30859 490.16406 211.40234 490.78125 211.37891 C 491.39844 211.35547 492.02344 211.21484 492.61719 211.05859 C 493.21094 210.90234 493.77344 210.73047 494.26562 210.64453 C 494.75781 210.55859 495.17969 210.55859 495.49219 210.74609 C 495.80469 210.93359 496.16406 211.07422 496.54688 211.17578 C 496.92969 211.27734 497.33594 211.33984 497.74219 211.37109 C 498.55469 211.43359 499.36719 211.37109 499.99219 211.24609 C 500.61719 211.12109 501.24219 210.74609 501.92969 210.55859 C 502.27344 210.46484 502.63281 210.41797 503.01562 210.47266 C 503.39844 210.52734 503.80469 210.68359 504.24219 210.99609 C 504.67969 211.30859 505.07031 211.54297 505.42578 211.70312 C 505.78125 211.86328 506.10156 211.94922 506.39844 211.96484 C 506.69531 211.98047 506.96875 211.92578 507.23047 211.80469 C 507.49219 211.68359 507.74219 211.49609 507.99219 211.24609 C 508.49219 210.74609 508.86719 210.30859 509.27344 210.02734 C 509.47656 209.88672 509.6875 209.78516 509.92578 209.73438 C 510.16406 209.68359 510.42969 209.68359 510.74219 209.74609 C 511.36719 209.87109 512.05469 209.99609 512.77344 210.05859 C 513.49219 210.12109 514.24219 210.12109 514.99219 209.99609 C 515.74219 209.87109 516.42969 209.74609 517.02344 209.77734 C 517.32031 209.79297 517.59375 209.84766 517.83984 209.96094 C 518.08594 210.07422 518.30469 210.24609 518.49219 210.49609 C 518.86719 210.99609 519.42969 211.43359 519.99219 211.87109 C 520.55469 212.30859 521.11719 212.74609 521.49219 213.24609 C 522.24219 214.24609 522.99219 214.99609 522.99219 214.99609 L 526.49219 215.99609 L 525.99219 208.49609 C 525.99219 208.49609 525.99219 207.87109 525.83594 207.05859 C 525.75781 206.65234 525.64062 206.19922 525.46484 205.75391 C 525.28906 205.30859 525.05469 204.87109 524.74219 204.49609 C 524.68079 204.42242 524.69512 204.27476 524.64648 204.1875 C 524.56087 203.99748 524.49283 203.79339 524.45117 203.5625 C 524.39784 203.3369 524.26816 203.18229 524.25391 202.92578 C 524.21875 202.29297 524.28906 201.58984 524.39844 200.93359 C 524.61719 199.62109 524.99219 198.49609 524.99219 198.49609 C 524.99219 198.49609 524.92969 197.55859 525.02344 196.52734 C 525.07031 196.01172 525.15625 195.47266 525.30859 195.01562 C 525.46094 194.55859 525.67969 194.18359 525.99219 193.99609 C 526.30469 193.80859 526.53906 193.57422 526.71484 193.3125 C 526.89062 193.05078 527.00781 192.76172 527.08594 192.46484 C 527.24219 191.87109 527.24219 191.24609 527.24219 190.74609 C 527.24219 190.24609 527.49219 189.30859 527.74219 188.37109 C 527.99219 187.43359 528.24219 186.49609 528.24219 185.99609 C 528.24219 185.49609 528.36719 184.62109 528.67969 183.87109 C 528.83594 183.49609 529.03906 183.15234 529.29688 182.90234 C 529.55469 182.65234 529.86719 182.49609 530.24219 182.49609 C 530.61719 182.49609 530.97656 182.33984 531.30469 182.10547 C 531.63281 181.87109 531.92969 181.55859 532.17969 181.24609 C 532.67969 180.62109 532.99219 179.99609 532.99219 179.99609 C 532.99219 179.99609 532.92969 179.05859 533.24219 177.83984 C 533.39844 177.23047 533.64844 176.55078 534.04688 175.88281 C 534.44531 175.21484 534.99219 174.55859 535.74219 173.99609 C 537.24219 172.87109 538.55469 171.93359 539.58594 171.15234 C 540.61719 170.37109 541.36719 169.74609 541.74219 169.24609 C 542.49219 168.24609 542.99219 167.74609 543.99219 166.99609 C 544.24219 166.80859 544.42969 166.55859 544.54688 166.27344 C 544.66406 165.98828 544.71094 165.66797 544.67969 165.33984 C 544.64844 165.01172 544.53906 164.67578 544.34375 164.35938 C 544.1689 164.07612 543.90023 163.81827 543.58203 163.58594 C 542.07759 162.58373 539.35091 160.84928 538.35547 160.35156 C 537.85391 160.10078 537.54111 159.78671 537.32227 159.41016 C 537.2963 159.37107 537.23459 159.34914 537.21094 159.30859 C 536.99219 158.93359 536.86719 158.49609 536.74219 157.99609 C 536.68198 157.75528 536.52863 157.53101 536.33984 157.32617 C 535.73854 156.74363 534.85547 156.35156 534.85547 156.35156 L 534.81836 156.28906 C 534.81236 156.28642 534.74219 156.24609 534.74219 156.24609 L 532.99609 153.25391 L 530.60547 151.10156 C 530.60547 151.10156 530.59599 151.09017 530.5957 151.08984 L 530.49219 150.99609 C 530.49219 150.99609 530.40104 150.83732 530.37695 150.80859 C 530.33117 150.74693 530.31462 150.69826 530.26367 150.62109 C 530.10165 150.41281 529.92974 150.24624 529.80469 149.87109 C 529.71094 149.58984 529.69531 149.30859 529.85938 149.09766 C 530.02344 148.88672 530.36719 148.74609 530.99219 148.74609 C 531.61719 148.74609 532.10156 148.68359 532.47656 148.57031 C 532.85156 148.45703 533.11719 148.29297 533.30469 148.08984 C 533.49219 147.88672 533.60156 147.64453 533.66406 147.375 C 533.72656 147.10547 533.74219 146.80859 533.74219 146.49609 C 533.74219 145.87109 533.92969 144.99609 534.11719 144.27734 C 534.30469 143.55859 534.49219 142.99609 534.49219 142.99609 C 534.49219 142.99609 534.24219 138.49609 534.24219 137.49609 C 534.24219 136.99609 533.99219 136.37109 533.74219 135.87109 C 533.49219 135.37109 533.24219 134.99609 533.24219 134.99609 L 532.99219 130.49609 L 533.99219 125.74609 C 533.99219 125.74609 534.24219 125.18359 534.49219 124.46484 C 534.74219 123.74609 534.99219 122.87109 534.99219 122.24609 C 534.99219 120.99609 535.24219 117.74609 535.24219 117.74609 L 537.00586 113.25391 L 536.14453 113.02148 C 536.12517 112.99351 536.07997 112.95326 536.05859 112.92383 L 536.03125 112.91602 C 535.82006 112.61097 535.47191 112.21356 535.0957 111.84961 C 534.70331 111.4872 534.27792 111.16058 533.9043 111.03125 C 533.1443 110.26125 531.45461 110.3718 530.47461 110.0918 C 529.53974 109.81202 528.6122 109.24882 527.66406 108.83008 C 527.47639 108.74465 527.28528 108.68648 527.0957 108.61523 C 526.83976 108.52451 526.58485 108.42825 526.32422 108.38086 C 524.67422 108.09086 522.82453 108.05062 521.14453 107.89062 L 521.03711 107.78711 C 521.03523 107.78693 521.03313 107.78729 521.03125 107.78711 L 519.44336 106.26172 L 518.0957 106.66016 L 515.39453 107.4707 C 513.41453 107.6007 511.20484 106.88141 509.21484 106.94141 C 509.07484 106.94141 507.64477 107.65094 507.38477 107.71094 C 506.55477 107.89094 505.46547 107.86187 504.60547 107.92188 L 503.46484 107.35156 L 501.17578 106.21094 C 501.1441 106.18831 501.09328 106.13188 501.06055 106.10742 C 499.93617 105.26735 498.22587 103.41078 496.91406 102.36133 C 496.64406 102.13133 496.52508 101.93125 496.20508 101.78125 C 496.15508 101.76125 492.5043 100.77172 492.4043 100.76172 C 490.9343 100.54172 489.21461 100.62078 487.72461 100.55078 L 486.66406 100.96094 C 485.51406 102.87094 483.3443 105.93164 481.4043 107.18164 C 478.9043 106.62164 479.19516 106.67148 477.03516 104.77148 L 476.02539 103.87109 L 476.02344 103.86719 L 475.91211 103.76758 L 475.61133 102.69727 L 476.54102 101.13672 C 476.24353 100.72302 475.80896 100.30657 475.3418 99.935547 C 474.838 99.553163 474.28791 99.23303 473.77539 99.060547 L 472.17578 100.00195 C 471.87578 100.59195 470.175 103.97125 470.125 104.03125 L 467.76562 105.62109 L 466.5957 106.42188 L 466.55469 111.2207 L 460.25586 110.81055 L 460.19141 110.71094 L 460.14062 110.70703 L 459.52148 109.73633 L 459.58984 107.69336 C 457.32673 106.55111 454.18578 106.02065 451.72461 106.61133 L 451.28516 107.30078 C 450.29516 107.30078 447.74477 111.3807 447.13477 112.2207 C 445.36477 113.0907 443.36461 113.16031 441.47461 113.57031 C 440.12461 113.86031 438.76578 114.26133 437.42578 114.61133 C 437.23578 114.65133 436.92484 114.64039 436.71484 114.65039 C 435.83484 114.71039 434.65469 114.65139 433.80469 114.8418 C 432.76469 115.0718 432.01422 115.88133 430.82422 115.86133 C 430.33317 115.55215 429.88672 115.17356 429.4668 114.75586 C 429.44551 114.73534 429.41957 114.72191 429.39844 114.70117 C 428.99203 114.30227 428.61258 113.86383 428.25195 113.4082 C 427.5607 112.53485 426.93657 111.60401 426.30469 110.76172 C 425.58923 111.00313 424.69528 111.41282 423.95508 111.53125 C 423.28508 111.63125 422.55453 111.55165 421.89453 111.68164 C 419.12453 112.20164 417.65578 113.10102 414.67578 112.54102 L 411.88477 112.02148 C 411.74477 113.91148 411.32437 115.86008 409.73438 117.08008 L 407.625 117.3418 C 407.415 117.2018 405.39445 115.81125 405.31445 115.78125 C 405.18445 115.73125 403.27484 115.60102 402.96484 115.54102 C 401.77484 115.32102 398.34578 114.69055 397.42578 113.81055 L 397.32422 113.71484 C 397.32126 113.71207 397.31345 113.70981 397.31055 113.70703 L 390.73828 107.47852 L 388.73438 107.01172 C 388.17437 107.61172 387.55516 108.22133 387.03516 108.86133 C 386.50516 109.52133 385.79484 111.05156 384.96484 111.35156 L 381.72461 111.24023 C 381.69077 111.20667 381.64753 111.17059 381.61328 111.13672 L 381.61133 111.13672 C 381.03077 110.56088 380.3819 109.93955 379.70312 109.35742 C 378.97961 108.74643 378.21555 108.18625 377.43555 107.78125 L 374.47461 108.21094 C 372.65461 108.47094 372.40594 108.58086 371.08594 107.38086 L 370.97852 107.28125 C 370.97532 107.27835 370.97391 107.28026 370.9707 107.27734 L 370.07617 106.45703 L 369.49414 105.92188 L 368.51562 105.92188 L 366.54492 105.92188 C 366.19492 105.84188 364.49414 104.74117 364.24414 104.70117 C 362.74414 104.51117 359.27523 104.75148 357.61523 104.77148 L 355.92578 103.54102 C 355.92497 103.53859 355.91713 103.51695 355.91602 103.51367 L 355.81055 103.4375 C 355.77055 103.3175 355.3418 102.12617 355.3418 102.07617 C 355.3118 100.52617 355.65117 98.895938 355.70117 97.335938 C 355.76107 95.509169 355.68228 93.643315 355.66211 91.816406 L 354.36523 90.740234 L 345.47461 89.421875 L 344.70508 89.880859 L 344.18555 91.78125 C 344.24555 92.77125 344.77539 94.201641 345.02539 95.181641 C 345.03539 95.241641 344.98438 95.941016 344.98438 96.041016 C 344.21438 96.611016 343.28508 97.470156 342.45508 97.910156 C 341.24508 98.560156 337.23469 100.43125 335.80469 100.03125 L 327.96484 94.361328 C 325.98484 93.951328 323.11547 94.26106 321.10547 94.371094 C 320.89547 94.531094 318.71477 96.210234 318.63477 96.240234 C 318.50477 96.300234 315.16469 96.931953 314.80469 97.001953 L 312.23438 99.560547 C 310.29438 99.410547 307.92594 102.14125 306.33594 103.03125 L 305.19531 103.20117 L 304.61523 103.29102 C 303.44523 105.05102 301.57586 107.41008 299.75586 108.58008 C 298.29689 109.1377 296.17448 107.87342 294.7832 106.61523 z " /><path
   fill="#ffffea"
   d="m 845.85316,610.27077 c 0.021,0.98 0.12,1.53 0.061,2.51 -0.021,0.38 -0.8,2.95 -1.181,3.31 -1.939,1.8 -1.88,1.94 -4.35,3.1 l -1.03,0.48 c -1.189,1.45 -1.22,5.96 -1.05,7.78 l 1.45,2 c 0,0 -11.521,-2.72 -14.271,-3.22 -2.75,-0.5 -8.88,-1 -16.25,-4.38 -7.38,-3.37 -14.13,2.38 -17.75,6.63 -3.63,4.25 -3.13,11.62 -1.75,17.12 1.37,5.5 0.25,6.88 -0.63,8 -0.87,1.13 -0.62,4.13 -1.62,8 -1,3.88 0.62,7.5 1.25,9.13 0.62,1.62 1.87,1.37 2,7.5 0.12,6.12 -4.75,7.5 -5.63,7.5 -0.87,0 -5,1.12 -9.37,3.87 -4.38,2.75 -3,15.13 -3.13,18.5 -0.12,3.38 -4.5,9.25 -4.5,9.25 l 4,5 -4.5,3.63 -1.75,10.87 -7.54,2.36 c -0.489,-0.641 -1.88,-2.641 -2.489,-3.04 -1.15,-0.5 -2.4,0.2 -3.351,0.83 -0.79,0.05 -1.899,-0.271 -2.63,-0.55 -0.84,-1.181 -2.56,-3.381 -4.06,-3.86 -0.73,0.33 -2.65,1.07 -3.48,0.97 -0.859,-0.6 -1.89,-1.189 -2.689,-1.859 -0.551,-0.48 -0.86,-1.44 -1.641,-1.66 -2.84,-0.05 -7.319,2.1 -9.97,3.1 -0.7,0.271 -1.23,1.98 -2.1,2.41 -1.23,0.61 -2.57,0.87 -3.681,1.86 -0.05,0.05 -1.41,1.8 -1.51,1.93 -0.09,0.14 -0.23,0.58 -0.33,0.69 l -4.65,5.449 c -0.609,0.71 -5.289,3.25 -6.17,3.721 -0.479,0.239 -1.13,0.34 -1.58,0.619 -0.42,0.261 -0.77,0.79 -1.18,1.101 -0.16,0.12 -0.49,0.16 -0.649,0.27 -0.921,0.641 -1.881,1.25 -2.761,1.931 -2.09,1.62 -3.35,3.229 -6.229,3.52 l -0.26,1.03 c 0.729,1.36 1.09,4.6 -0.881,5.12 -0.329,0.09 -0.729,0.25 -1.079,0.189 h -0.011 c -2.34,-0.43 -4.71,-0.55 -7.069,-0.67 -2.87,-0.149 -6.471,-0.02 -8.091,-2.92 -2.42,-1.149 -4.659,1.37 -8.27,-0.76 -0.06,-0.16 -0.58,-1.5 -0.59,-1.58 -0.15,-1.28 1.13,-8.08 1.439,-9.09 0,-0.01 1.4,-1.96 1.45,-2 0.69,-0.65 1.83,-1.25 2.62,-1.79 l -0.07,-1.17 c -2.17,-2.62 -3.51,-6.15 -6.029,-8.34 -2.021,-1.761 -9.53,-1.38 -9.53,-1.38 l 0.06,-8.181 -5.25,3.5 -3.5,-1 -2.5,5.25 -4,3.5 -1.25,4.75 h -3.25 l -3,-3 -4.31,1.2 c 0,0 -2.69,-4.2 -5.19,-3.7 -2.5,0.5 -5.75,3.25 -5.75,3.25 l -1.5,-2.75 3,-8.5 -6,-7 2,-4.37 1.88,-6.38 1.62,-7.87 6.5,-3.38 5.52,-1.56 -0.02,-13.69 -4.25,-6 2.75,-8.75 0.75,-5.75 2,-1.75 0.25,-14 -3.75,-1.5 1.15,-9.39 c 0.01,0 0.01,0 0.02,0 4.28,-1.08 5.08,-5.76 8.19,-6.48 2.28,-0.53 4.84,0.32 7.09,0.48 1.51,0.1 3.13,0 4.66,0 2.12,0 4.83,5.04 6.69,6.52 0.199,0.2 1.67,1.66 1.899,1.75 2.91,1.13 4.48,0.71 7.57,0.34 0.68,-0.08 1.06,-0.23 1.75,-0.21 1.89,0.06 4.01,0.73 5.91,0.97 1.46,0.18 3,0.12 4.46,0.34 3.75,0.58 3.85,3.11 5.109,3.72 4.63,0.7 4.82,-2.01 8.08,-3.51 0.73,-0.17 1.74,0.02 2.4,0.3 l 1.399,0.6 c 1.62,1.1 4.08,5.92 5.521,6.27 l 1.13,0.13 c 0.87,0.11 1.11,-0.06 1.79,-0.61 0.51,-0.4 1.25,-0.87 1.45,-1.54 l -0.311,0.02 c 0.181,-0.68 -0.25,-3.29 -0.46,-3.79 -0.72,-1.71 -2.1,-3.31 -2.75,-5.03 -0.52,-1.37 0.851,-2.82 0.5,-4.38 l 1.25,-2.75 -5,-3.25 -2.18,-2.96 -0.35,-1.89 c -0.021,-0.62 0.279,-1.42 0.33,-2.06 0.18,-2.34 -0.131,-3.22 -1.311,-5.24 -1.06,-1.82 -4.13,-2.21 -5.12,-4.07 -0.77,-1.43 -1.38,-3.11 -2.04,-4.61 -0.189,-0.44 -0.09,-1.38 0.141,-1.79 0.56,-0.47 1.22,-1.15 1.84,-1.52 0.38,-0.23 1.02,-0.28 1.439,-0.48 1.04,-0.49 2.061,-1.11 3.08,-1.65 0.061,-0.03 0.38,-0.61 0.46,-0.69 0.86,-0.9 2,-2 3.28,-2.21 1.84,0.56 4,0.91 5.91,0.55 1.189,-0.22 2.14,-0.64 3.41,-0.62 2.04,0.04 2.96,0.77 5.05,0.69 2.26,-0.08 4.79,-0.53 7.02,-0.41 0.351,0.02 0.511,0.18 0.841,0.3 l 1.659,0.59 c 1.091,0.67 1.841,2.24 3.28,2.48 1.89,0.33 4.22,-0.17 6.03,0.62 3.67,1.61 1.78,6.49 8.01,6.62 0.46,-0.22 1.01,-0.43 1.44,-0.69 1.02,-0.62 2.84,-4.89 3.22,-5.99 0.38,-1.12 0.56,-2.33 0.92,-3.45 0.09,-0.3 0.35,-0.59 0.45,-0.9 0.649,-2.02 1.41,-4.08 1.97,-6.13 0.521,-1.86 0.95,-3.89 1.32,-5.78 0.25,-1.31 0.29,-2.71 0.59,-4 0.34,-1.49 0.93,-3.02 1.38,-4.48 0.21,-0.69 0.24,-0.91 0.24,-0.91 3.84,0.25 5.49,-1.77 8.72,-1.37 0.87,0.1 5.12,1.96 5.83,2.4 1.49,0.92 2.01,2.34 3.32,3.22 l 0.5,0.31 c 0.489,0.31 0.88,0.62 1.3,1.01 2.63,2.48 10.27,0.87 12.42,-1.86 0.5,-0.09 1.53,-1.47 1.53,-1.47 0.84,-0.81 1.51,-1.84 2.08,-2.97 1.069,-0.66 2.659,-1.38 3.88,-1.73 2.06,-0.6 3.96,-0.03 6.04,0.13 1.979,0.16 3.83,-0.39 5.779,-0.62 1.23,-0.14 2.631,-0.25 3.87,-0.27 0.3,-0.01 0.681,0.18 0.98,0.2 1.06,0.09 2.17,0.02 3.22,0.14 0.65,0.08 1.311,0.4 1.97,0.48 0.82,0.11 2.261,0.23 3.08,0.14 l 2.32,-0.55 c 1.77,-0.42 3.55,-0.51 5.36,-0.21 0.529,-0.5 0.909,-0.34 1.439,-0.55 0.521,-0.2 1,-0.54 1.51,-0.76 1.07,-0.44 3.591,-0.39 4.74,-0.36 h 0.01 c -0.109,1.97 0.54,4.47 1.681,6.08 0.569,0.81 1.399,1.57 1.91,2.41 0.26,0.44 0.3,1.18 0.52,1.66 0.07,0.16 0.47,0.54 0.53,0.69 0.22,0.57 0.22,1.28 0.45,1.86 0.6,1.49 1.479,2.91 2.04,4.41 0.39,1.05 0.68,2.47 0.909,3.58 0.07,0.32 0,0.71 0.07,1.03 0.11,0.54 0.35,1.06 0.46,1.59 0.26,1.2 0.44,2.44 0.66,3.65 0.05,0.27 0.26,0.55 0.33,0.83 0.21,0.94 0.399,2 0.52,2.96 0.379,2.91 0.388,5.86 0.468,8.79 z"
   id="Kampong-Cham"
   style="fill:#004c99;fill-opacity:1;stroke:#ffffff;stroke-width:0.8;stroke-miterlimit:4;stroke-dasharray:none;stroke-opacity:1" /><path
   fill="#ffffea"
   d="m 1007.9942,727.36077 -1,1.171 c -0.75,-0.4 -2.261,-0.351 -3.04,-0.15 -0.021,1.06 -0.82,1.24 -1.09,1.9 -0.32,0.77 -0.48,1.859 -0.7,2.68 l 1.76,5.01 c -0.38,1.021 -1.65,3.75 -2.68,4.311 -0.311,1.13 -0.57,2.909 -1.07,3.939 -0.60004,1.23 -1.86004,2.51 -2.63004,3.68 -0.38,0.591 -0.66,1.36 -0.97,2 -0.061,1.48 0.689,2.521 0.97,3.87 0.17,0.82 -0.021,1.83 0.18,2.63 0.26,1.011 0.931,2.721 1.41,3.641 1.09004,2.1 2.58004,4.149 3.83004,6.16 l 1.59,2.54 c 0.5,1.14 0.67,3.899 0.33,5.14 l -0.04,0.46 c -0.63,0.57 -1.979,0.92 -2.8,0.85 -2.29004,-0.87 -4.54004,-2.5 -6.49004,-3.83 l -6.35,-4.35 c -0.62,0.21 -1.271,0.32 -1.92,0.32 h -0.29 c -2.57,1.29 -5.141,2.729 -7.761,3.89 -0.75,0.33 -1.84,0.51 -2.649,0.74 l -6.53,1.81 -9.68,-12.33 c -1.8,-0.659 -3.76,-1.55 -5.61,-2.029 -1.24,-0.32 -4.29,-0.511 -5.59,-0.061 l -3.61,-1.52 -2.43,-4.11 c -1.67,0.14 -5.439,2.41 -7.18,3.36 l -12.41,-1.96 c -2,-1.91 -3.83,-4.08 -5.64,-6.16 -3.65,-0.79 -7.881,-1.03 -11.601,-0.72 -2.68,1.68 -4.47,3.869 -5.149,7.06 -0.391,1.87 -0.29,3.96 -0.75,5.8 l -1.311,3.32 c -0.25,0.649 -0.25,1.09 -0.649,1.66 l -2.65,2.229 -1.32,1.11 c -0.09,0.47 -1.26,6.58 -1.3,6.63 -1.91,2.77 -1.41,2.56 -4.22,4.55 l -1.061,0.75 c -0.12,0.01 -1.83,0.101 -1.87,0.08 -0.909,-0.41 -2.029,-0.78 -2.88,-1.28 -2.5,-1.47 -4.93,-3.17 -7.38,-4.729 -0.6,-0.38 -3.62,-2.38 -4.27,-2.351 -0.41,0.021 -0.63,0.11 -1.03,0.19 -1.3,0.22 -1.8,0.31 -2.26,0.521 -0.471,0.21 -0.88,0.56 -2.05,1.34 -1.221,0.81 -2.66,1.39 -3.82,2.21 -0.05,0.029 -0.64,0.859 -0.72,0.96 -0.471,0.63 -1.131,1.35 -1.511,2.029 -0.439,0.771 -1.14,4.49 -1.58,5.82 -0.619,0.93 -3.199,1.021 -4.26,1.23 l -0.22,0.04 c 0.25,1.08 -0.17,2.84 -0.66,4.06 l -0.28,-0.12 c 0,0 -4.25,-1 -6.5,-3.5 -2.25,-2.5 -1.75,-3.25 -3,-5.5 l -4.489,-7.37 -1.141,-0.359 c -1.2,-0.931 -2.39,-2.37 -3.479,-3.45 -0.69,-0.68 -0.57,-1.601 -0.78,-2.41 -0.08,-0.28 -0.32,-0.55 -0.4,-0.83 -0.159,-0.59 -0.149,-1.26 -0.33,-1.86 -0.59,-2.039 -1.409,-3.279 -3.21,-4.47 -3.6,-2.38 -9.96,-2.72 -14.109,-2.35 -1.99,0.18 -4.58,0.97 -6.5,0.97 -0.53,0 -0.82,-0.13 -1.351,-0.21 -3.13,-0.479 -6.17,-1.39 -9.27,-1.86 -1.26,-0.189 -2.99,-0.22 -4.271,-0.21 -0.96,0.011 -1.93,0.271 -2.89,0.28 -1.02,0.01 -2.75,-0.31 -3.74,-0.62 -0.569,-0.18 -1.13,-0.53 -1.699,-0.689 -0.341,-0.091 -0.78,0.01 -1.12,-0.07 -4.11,-0.92 -7.75,-3.65 -12.011,-4 -0.859,-0.07 -2.17,-0.16 -3.01,-0.06 -1.609,0.18 -3.07,3.27 -4.2,3.569 -0.31,0.09 -2.22,-1.859 -2.56,-2.06 -1.811,-1.04 -2.1,-2.19 -3.021,-3.721 -0.85,-1.42 -1.8,-2.81 -2.689,-4.199 -0.3,-1.29 1.18,-2.13 1.05,-3.38 -0.47,-0.69 -1.81,-3.101 -1.58,-3.99 0.51,-0.28 1.48,-1.141 1.51,-1.79 l 7.54,-2.36 1.75,-10.87 4.5,-3.63 -4,-5 c 0,0 4.38,-5.87 4.5,-9.25 0.13,-3.37 -1.25,-15.75 3.13,-18.5 4.37,-2.75 8.5,-3.87 9.37,-3.87 0.88,0 5.75,-1.38 5.63,-7.5 -0.13,-6.13 -1.38,-5.88 -2,-7.5 -0.63,-1.63 -2.25,-5.25 -1.25,-9.13 1,-3.87 0.75,-6.87 1.62,-8 0.88,-1.12 2,-2.5 0.63,-8 -1.38,-5.5 -1.88,-12.87 1.75,-17.12 3.62,-4.25 10.37,-10 17.75,-6.63 7.37,3.38 13.5,3.88 16.25,4.38 2.75,0.5 14.271,3.22 14.271,3.22 0.96,0.01 1.729,0.66 2.62,0.83 1.47,0.27 4.59,0.74 6.04,0.76 2.96,0.04 6.149,-0.38 9.12,-0.56 0.06,0 0.87,0.19 0.979,0.21 0.09,0.12 0.9,1.26 0.92,1.31 0.05,0.15 0.15,1.52 0.2,1.79 0.061,0.3 0.271,0.6 0.33,0.9 0.11,0.6 0.08,1.25 0.19,1.86 0.06,0.34 0.279,0.69 0.329,1.03 0.08,0.63 -0.02,1.31 0.07,1.93 0.04,0.27 0.29,0.56 0.33,0.83 0.1,0.65 0.08,1.4 0.13,2.06 l 0.521,0.69 0.72,0.28 c 1.84,-0.13 2.02,-1.68 3.35,-2.14 0.82,0.19 2.101,-0.05 2.88,-0.27 l 1.65,-1.86 2.49,-0.23 c 1.45,-0.14 8.53,-0.91 8.99,0.71 1.199,1.1 0.75,2.93 1.899,3.1 1.72,0.25 3.48,0.43 5.181,0.76 0.579,0.11 1.14,0.44 1.71,0.55 0.949,0.18 2.04,0.1 2.96,0.34 0.729,0.19 1.649,0.73 2.359,1.04 l 0.851,1.44 -0.07,0.97 0.4,0.76 c 2.27,1.62 5.29,0.9 5.97,4.27 0.27,1.34 0.149,3.65 0.79,4.82 l 1.51,0.62 c 1.39,-0.17 3.87,-1.57 4.85,-0.83 0.75,0.6 0.54,1.6 0.98,2.28 0.2,0.3 1.58,1.48 1.71,1.72 0.17,0.31 0.15,0.53 0.24,0.87 0.79,2.85 0.71,3.38 -0.5,6.09 -0.181,0.4 -0.221,0.66 -0.46,1.03 -0.431,0.65 -1.44,0.87 -1.78,1.72 0.61,1.53 1.65,2.18 3.23,2.55 0.619,0.15 1.35,0.05 1.97,0.21 0.46,0.12 1.51,1.36 1.76,1.72 0.24,0.09 2.4,0.88 2.5,0.9 0.86,0.12 4.12,-0.51 4.85,0.27 1.96,2.11 2.91,3.34 5.58,4.62 1,0.48 2.15,0.7 3.15,1.17 0.96,0.46 1.41,1.16 2.1,1.72 0.091,0.08 0.53,0.21 0.591,0.28 1.09,1.2 3.399,3.4 3.93,4.96 0.12,0.35 0.09,0.57 0.14,0.94 l 0.26,1.88 c 0.011,1.76 -1.1,3.76 -2.04,5.17 0,0 -0.13,2.33 -0.13,3.58 0,1.25 0,2.75 0.5,3.75 0.5,1 1,2.5 2,1.75 1,-0.75 1.75,-1.75 2.75,-2.75 1,-1 3.75,-0.5 4.75,-0.5 1,0 0.5,3 2.75,1.75 2.25,-1.25 2.5,-2 3.5,-0.75 1,1.25 2.25,1.75 3.25,1.75 1,0 3.5,0.25 4.75,0 1.25,-0.25 4.75,0 5.5,-1 0.75,-1 2.25,-1.25 4,-1 1.75,0.25 5,1 6.25,1.75 1.25,0.75 2.5,1.75 3.5,1.25 1,-0.5 1.5,-1.25 2.5,-0.5 1,0.75 2.75,-0.5 3.5,-1.5 0.75,-1 2.25,-3 3.25,-4 1,-1 4.761,-1.76 5.511,0.25 l 0.8,1.74 c 2.729,6.14 5.80004,12.12 8.80004,18.13 0.94,1.878 1.599,4.088 2.03,6.138 z"
   id="Tboung-Khmum"
   style="fill:#001933;fill-opacity:1;stroke:#ffffff;stroke-width:0.8;stroke-miterlimit:4;stroke-dasharray:none;stroke-opacity:1" /><path
   fill="#ffffea"
   d="m 526.815,561.961 -6.52,6.84 c 0.01,1.85 -0.39,3.85 -0.95,5.6 -0.35,1.11 -0.92,2.19 -1.24,3.31 -0.54,1.84 -0.03,3.94 0.19,5.79 0.01,0.11 0.35,0.67 0.39,0.82 0.32,1.09 0.68,2.4 0.86,3.52 0.36,2.26 -4.95,5.93 -6.41,7.07 -0.2,0.16 -2.83,2.29 -2.98,2.64 -0.83,1.98 -2,6.58 -2.69,8.82 -0.04,0.15 -0.74,1.08 -0.85,1.31 -0.14,0.3 -0.13,0.73 -0.26,1.03 -0.56,1.24 -4.19,5.43 -5.31,5.86 -1.92,0.73 -4.28,0.75 -6.18,1.52 -0.37,0.15 -0.49,0.39 -0.8,0.64 l -1.62,1.28 c -1.25,1.21 -2.24,3.06 -3.81,3.93 -2.92,1.64 -8.37,1.16 -11.09,3.1 -0.98,0.7 -1.45,2.57 -1.97,3.58 -0.07,0.14 -1.26,2.15 -1.31,2.21 -0.46,0.55 -1.28,0.92 -1.77,1.45 -0.67,0.71 -1.58,1.85 -2.1,2.68 -1.35,2.13 -1.9,5.21 -2.63,7.58 -0.45,1.51 0.27,2.29 0.53,3.65 0.28,1.52 -1.07,3.18 -0.66,4.83 0.63,2.52 2.74,4.37 3.08,6.95 0.2,1.47 -0.21,2.8 -0.19,4.21 0.01,0.87 0.16,2.1 0.33,2.96 0.21,1.12 0.95,1.98 1.44,2.96 2.02,4.04 2.79,6.89 2.44,11.26 l -0.13,-0.01 -2.25,0.75 -1.5,3 -4.75,-1.25 c 0,0 -2,-1 -4.5,1.75 -2.5,2.75 -4,-0.5 -4,-0.5 l -3,-0.25 -4.75,2.25 -0.25,12.5 h -3.75 l -0.25,3 -4.25,0.75 -1.25,5.5 1.75,6 -2.25,0.5 c 0,0 -1.25,0 -3.25,1.25 -2,1.25 -2.5,3.25 -2.5,3.25 l -10.25,0.25 -1.75,-7.75 h -2.25 l -4.25,-1.25 -3.75,1.5 -4,-0.75 -0.5,3.25 0.88,3.021 0.62,1.729 c 0,0 -0.5,2.75 -1.5,2.75 -1,0 -2.5,-0.25 -4.25,0.25 -1.75,0.5 -4.5,4 -4.5,4 l -1.25,4.5 -1.65,2.41 -2.1,-0.16 c 0,0 -1.25,-1 -2,-2 -0.75,-1 -13,-19.25 -13,-19.25 l -8.75,1 -2.5,-3.25 -6.18,2.72 c 0,0 -3.57,-5.47 -4.32,-6.97 -0.75,-1.5 -4.5,-2.25 -6.75,-2.25 -2.25,0 -4.5,-2 -5,-3 -0.5,-1 -1.5,-2.25 -3.25,-2.75 -1.75,-0.5 -1,-4.5 -1,-4.5 l 1,-1.75 -5.25,-1 -10.5,-9.25 c 0,0 -8,-7.25 -9.75,-8.75 -1.75,-1.5 -2.25,-1.5 -3.5,-1.5 -1.25,0 -5.25,1 -5.25,1 l -4,-5 -9.75,6.5 -5,-1 -3.75,-3.75 -3,3 1,6.25 -3.25,0.5 -4.25,4.75 2.5,1.25 -0.25,2.75 c 0,0 -3.5,1.25 -5.25,1.5 -1.75,0.25 -3.5,3.25 -4.75,4.5 -1.25,1.25 -1.5,1.5 -2.25,3.5 -0.75,2 -3,2 -4,2.25 -1,0.25 -5.25,0 -5.25,0 l -2.75,-1.25 -3,1.25 c 0,0 -3,0.75 -4.5,0.75 -1.5,0 -1.5,1 -1.5,1 l 0.25,3.25 c 0,0 -3.25,-0.5 -4.75,-0.75 -1.5,-0.25 -4,1 -5,1.5 -1,0.5 -4.25,3.75 -4.25,3.75 l -13.75,-0.25 c 0,0 -2,-2 -3.25,-2.75 -1.25,-0.75 -1,-0.75 -3,-1 -2,-0.25 -3,-0.25 -4.5,-1.25 -1.5,-1 -9.75,-5.75 -9.75,-5.75 0,0 -5.25,-2.5 -7.25,-2.75 -2,-0.25 -5.5,0 -8.5,-1.25 -3,-1.25 -5.25,-1.25 -7.5,-1.25 -2.25,0 -11,-0.75 -14.25,-0.75 -3.25,0 -10.5,-1 -10.5,-1 l -10.61,1.03 -0.74,-2 c -0.16,-1.62 0.48,-3.5 0.32,-5.13 -0.1,-1.04 -3.45,-5.73 -4.07,-6.71 -0.69,-1.09 -1.26,-2.45 -2.03,-3.46 -0.48,-0.64 -1.42,-1.07 -1.9,-1.71 -0.77,-1 -1.42,-3.95 -1.56,-5.16 -0.22,-0.25 -2.77,-3.07 -2.81,-3.14 -0.95,-1.73 -3.14,-8.53 -3.17,-10.64 0,-0.65 1.89,-6.38 2.08,-7.49 0.19,-1.07 -0.03,-2.29 0.12,-3.37 0.08,-0.55 0.53,-1.16 0.59,-1.7 0.09,-1 0.02,-2.59 -0.1,-3.6 -0.04,-0.37 -0.56,-2 -0.56,-2.24 0,-1.35 1.17,-2.66 1.62,-3.85 0.42,-1.11 0.8,-2.53 1.06,-3.69 0.89,-3.81 1.15,-9.65 1.52,-13.63 l 0.38,-4.03 c 0.01,-0.31 -0.09,-0.47 -0.15,-0.77 -0.41,-2.05 0.13,-3.98 0.3,-4.31 0.24,-0.45 0.51,-0.62 0.83,-1.01 l 1.66,-2.02 c 1.29,-1.17 3.91,-2.03 5.63,-1.99 1.48,-0.96 3.59,-3.77 3.18,-5.68 1.36,0.84 4.36,6.29 5.19,7.66 l 0.74,0.69 c 1.43,1.32 2.51,0.98 3.98,0.03 0.42,-0.27 0.72,-0.56 0.85,-1.06 0.31,-1.08 0.55,-2.5 0.99,-3.52 0.26,-0.59 2.58,-2.53 3.28,-2.34 l 5.38,1.45 c 0.36,0.1 0.91,0.05 1.51,-0.07 0,0 3.49,-5.54 4.49,-6.29 1,-0.75 0.75,-2.25 2.75,-1.25 2,1 2.25,0.5 3.25,-0.25 1,-0.75 1,-2 2.25,-0.5 1.25,1.5 3.25,1.25 3.75,0.25 0.5,-1 0.25,-2.25 1.5,-2.5 1.25,-0.25 4,1 4.25,-1.75 0.25,-2.75 2,-4.75 2,-4.75 l 2.5,-2.5 c 0,0 1.25,-1 2.25,0 1,1 1.25,2.25 2.25,4 1,1.75 1.5,4 1.5,4 0,0 1.75,1 3,1 1.25,0 5.25,1.25 6.5,2 1.25,0.75 3.75,0 3.5,-1.5 -0.25,-1.5 -0.75,-4.5 0.75,-4.75 1.5,-0.25 3.25,-0.5 4.25,-0.25 1,0.25 2.25,-1.5 3.25,-2 1,-0.5 6.25,-3.75 6.25,-3.75 0,0 1.5,-1.5 3.25,0.25 1.75,1.75 3.5,2 4,0.75 0.5,-1.25 2.25,-3.5 2.25,-3.5 0,0 2.5,-2.5 4.75,-2.5 2.25,0 3,-1.5 4.5,-2.25 1.5,-0.75 2.5,-4.5 4.5,-2.5 1.12,1.12 3.09,1.95 4.61,1.95 1.2,0 2.12,-0.51 2.12,-1.79 l 6.56,-4.48 c 2.03,-1.39 4.27,-0.6 6.44,-2.34 0.82,-2.21 1.54,-1.66 3.41,-2.14 1.23,-0.32 1.21,-1.63 3.08,-2.07 l 1.18,-0.27 2.89,0.55 c 0.87,0.3 3.97,2.09 4.79,2.06 0.8,-0.02 4.28,-0.8 4.79,-0.75 1.52,0.13 6.57,1.47 8.33,1.86 0.55,0.12 1.16,0.57 1.71,0.76 0.18,0.06 0.77,0.07 0.92,0.13 0.98,0.43 1.9,1.07 2.88,1.52 1.54,0.7 3.32,1.2 4.79,2 1.79,0.96 3.54,2.85 5.06,3.92 l 2.8,1.8 c 1.74,1.11 3.01,1.79 5.13,1.72 0.46,-0.62 1.2,-1.15 1.84,-1.52 l 1.44,-0.82 c 3.01,-1.19 6.48,-0.51 9.59,-0.97 0.32,-0.05 0.45,-0.21 0.74,-0.34 2.28,-1.06 1.91,-0.79 3.35,-2.99 0.74,-1.14 0.45,-0.54 0.87,-1.77 0.66,-1.91 0.99,-2.54 0.42,-4.55 0.24,-0.09 2.68,-1.05 2.75,-1.1 0.36,-0.24 1.55,-1.9 1.58,-2.48 0.71,-0.19 1.17,-1.02 1.18,-1.72 -0.86,-1.35 -1.97,-3.61 -1.7,-5.3 0.15,-1.02 0.55,-1.91 0.48,-2.94 -0.06,-0.77 -0.74,-1.97 -0.48,-2.71 0.98,-2.9 3.72,-5.01 3.67,-8.27 -0.02,-1.35 -1.31,-2.26 -1.64,-3.31 -0.57,-1.81 -0.72,-3.87 -1.18,-5.72 -0.3,-1.18 -0.74,-2.58 -1.18,-3.72 -0.35,-0.9 -1.02,-1.77 -1.32,-2.69 -0.48,-1.45 -0.92,-3.37 -1.18,-4.89 -0.1,-0.58 0.04,-1.32 0,-1.93 -0.01,-0.15 -0.21,-0.71 -0.2,-0.82 0.15,-1.8 0.13,-3.9 0.46,-5.65 0.23,-1.17 1.69,-2.48 2.37,-3.38 0.94,-1.23 2.43,-5.16 2.03,-6.75 -0.2,-0.82 -0.92,-1.06 -1.38,-1.65 -0.57,-0.74 -1.06,-1.63 -1.58,-2.42 -0.13,-0.85 0.27,-1.97 0.69,-2.66 0.62,-1.05 1.41,-2.43 2.47,-3.12 l 1.79,-0.83 c 1.21,-0.56 2.51,-1.06 3.78,-1.45 2.4,-0.73 5.03,-1.08 7.02,-2.75 0.76,-1.64 0.26,-3.78 0.33,-5.51 0.07,-1.69 0.5,-3.08 1.08,-4.64 0.14,-0.4 0.15,-0.66 0.37,-1.01 l 1.97,-1.93 c 0.77,-0.65 3.36,-0.14 5.05,-0.9 l 0.26,-0.69 c -0.18,-1.49 -1.28,-2.6 -1.84,-3.93 -0.35,-0.83 -0.73,-2.14 -0.92,-3.03 -0.33,-1.54 0.36,-2.39 0.73,-3.79 0.21,-0.79 0.21,-1.69 0.46,-2.48 0.64,-2.1 3,-4.57 4.91,-5.66 2.23,-1.28 4.46,-2.67 6.73,-3.86 7.56,-3.95 15.51,-7 22.73,-11.62 l 13,10.23 10.59,15.28 7.94,6.95 6.61,6.95 8.61,6.95 12.57,10.42 5.29,9.03 4.63,10.42 4.63,7.64 3.11,3.26 2.85,2.99 5.29,6.95 11.91,10.42 17.86,15.28 z"
   id="Pursat"
   style="fill:#001933;fill-opacity:1;stroke:#ffffff;stroke-width:0.8;stroke-miterlimit:4;stroke-dasharray:none;stroke-opacity:1" /><path
   id="Koh-Kong"
   style="fill:#003366;fill-opacity:1;stroke:#ffffff;stroke-width:0.8;stroke-miterlimit:4;stroke-dasharray:none;stroke-opacity:1"
   d="m 303.35547,665.10156 -9.75,6.5 -5,-1 -3.75,-3.75 -3,3 1,6.25 -3.25,0.5 -4.25,4.75 2.5,1.25 -0.25,2.75 c 0,0 -3.5,1.25 -5.25,1.5 -1.75,0.25 -3.5,3.25 -4.75,4.5 -1.25,1.25 -1.5,1.5 -2.25,3.5 -0.75,2 -3,2 -4,2.25 -1,0.25 -5.25,0 -5.25,0 l -2.75,-1.25 -3,1.25 c 0,0 -3,0.75 -4.5,0.75 -1.5,0 -1.5,1 -1.5,1 l 0.25,3.25 c 0,0 -3.25,-0.5 -4.75,-0.75 -1.5,-0.25 -4,1 -5,1.5 -1,0.5 -4.25,3.75 -4.25,3.75 l -13.75,-0.25 c 0,0 -2,-2 -3.25,-2.75 -1.25,-0.75 -1,-0.75 -3,-1 -2,-0.25 -3,-0.25 -4.5,-1.25 -1.5,-1 -9.75,-5.75 -9.75,-5.75 0,0 -5.25,-2.5 -7.25,-2.75 -2,-0.25 -5.5,0 -8.5,-1.25 -3,-1.25 -5.25,-1.25 -7.5,-1.25 -2.25,0 -11,-0.75 -14.25,-0.75 -3.25,0 -10.5,-1 -10.5,-1 l -10.61133,1.0293 0.36133,1 c -0.07,0.14 -0.68141,1.4007 -0.69141,1.4707 -0.13,0.681 0.35094,6.99977 0.46094,7.25977 0.48,1.08 3.39953,4.11922 4.26953,4.94922 0.04,3.521 1.74977,4.04954 3.50977,6.81054 0.51,0.8 0.29015,3.08 0.91015,4.25 0.18,0.33 1.44,2.02022 1.5,2.19922 0.7,2.011 -0.0286,5.56139 0.69141,7.15039 0.82,1.8 1.99836,3.46977 2.81836,5.25977 1.03,2.23 1.80164,4.6697 2.68164,6.9707 0.87,0.819 2.26945,1.5818 3.43945,1.8418 l 0.5,2.29883 c 1.23,1.34 2.87969,2.92015 4.67969,3.41015 l 0.0195,1.88086 c 0.45,0.85 1.26961,1.78867 2.09961,2.38867 0.11,0.08 0.23156,0.16047 0.35156,0.23047 0.15,0.109 0.92899,0.78008 0.95899,0.83008 1.8,3.59 3.38094,6.66055 3.21093,10.81055 -0.02,0.51 -0.34132,1.07984 -0.36132,1.58984 -0.06,1.59 0.15109,3.20978 0.12109,4.80078 -0.02,0.899 -0.33953,1.95961 -0.26953,2.84961 l 0.48828,2.66992 c 0.43,2.35 0.95023,4.76086 1.24024,7.13086 0.19999,1.67 -0.3993,3.46032 -0.7793,5.07032 l 0.65039,2.01953 0.93945,-0.5 1.17969,1.79883 1.25977,2.88085 0.37109,0.86915 -0.28125,0.39257 -0.66016,-0.0703 -0.6582,-0.53125 -0.52148,1.25 1.12109,2.01172 0.50976,1.91016 1.48047,0.25976 1.18946,1.33008 0.9707,3.63086 0.6582,0.35742 1.07032,-1.00976 0.13085,-1.0293 0.66993,-0.7793 0.33007,-2.56054 -0.31054,-0.91993 0.67969,-0.83984 0.41992,-0.58008 c 0.5,-1.31 -0.0695,-5.42037 -0.43946,-6.85937 -0.2,-0.74 -0.60953,-1.511 -0.76953,-2.25 -0.12,-0.58 0.0597,-1.28032 -0.0703,-1.82032 -0.14,-0.65 -1.37977,-1.69962 -2.00977,-1.89062 -0.22,-0.25 -0.52046,-0.81892 -0.48046,-1.16992 1.19,-1.239 1.61,-1.97938 1.5,-3.60938 -0.01,-0.17 -0.0288,-0.35006 -0.0488,-0.53906 -0.06,-0.59 -0.27149,-1.12023 -0.27149,-1.74024 0.21,-0.38999 0.58977,-0.77992 0.75977,-1.16992 0.13,-0.28 0.53078,-2.05039 0.55078,-2.40039 0.09,-1.12 -0.28906,-2.43123 0.21094,-3.49023 0.2,-0.41 0.58812,-0.82828 0.82812,-1.23828 -0.12,-0.62 0.50032,-1.69172 0.0703,-2.76172 -0.33001,-0.841 -1.34016,-1.47813 -1.66016,-2.32813 -0.19,-0.48 -0.17961,-1.15187 -0.34961,-1.67187 -0.25,-0.79 -1.72875,-4.14821 -2.21875,-4.6582 -0.46,-0.49001 -2.36102,-1.44032 -3.04102,-1.82032 -0.25,-0.6 -0.76,-1.24992 -1.25,-1.66992 -0.16,-0.14 -2.78015,-1.97102 -2.91015,-2.04102 -0.08,-0.04 -0.63977,-0.17875 -0.75977,-0.21874 -0.25,-0.41 -0.70039,-0.76172 -1.15039,-1.01172 -0.15,-0.091 -0.29922,-0.15852 -0.44922,-0.22852 -0.44,-1.59 -0.31937,-3.46141 -1.10937,-4.94141 -0.21,-0.409 -0.62008,-0.75992 -0.83008,-1.16992 -0.19,-0.38 -0.24047,-0.70984 -0.48047,-1.08984 -0.06,-0.08 -0.0706,-0.13875 -0.14062,-0.21875 -0.16,-0.17 -0.40055,-0.26164 -0.56055,-0.43164 -0.47,-0.54 -0.62914,-1.63913 -0.61914,-2.32813 0.19,-0.42 0.55039,-0.87187 0.90039,-1.17187 l 0.61914,0.36914 c 0.32,0.7 0.86969,1.26094 1.17969,1.96094 0.23,0.52 0.42992,1.02978 0.66992,1.55078 l 0.23047,0.48828 c 0.37,0.551 1.10093,0.90117 1.46093,1.45117 0.82,1.261 0.22977,2.87039 0.75977,4.15039 0.68,0.84 1.73031,0.83891 2.57031,1.37891 1,0.66 1.35899,1.98117 2.20899,2.70117 0.64,0.53 1.46039,0.37875 2.15039,0.71875 0.47,0.24 0.63,0.58016 1.25,0.66016 0.47,0.85 1.17086,1.55078 1.38086,2.55078 0.19,0.851 0.1689,1.65875 0.6289,2.46875 0.88,1.57 2.35016,3.36048 2.91016,5.02148 0.45,1.36 0.37008,2.84944 0.83008,4.14844 l 0.48047,0.22266 c 0.77,-0.26 1.07992,-0.78024 1.66992,-1.24024 1.38,-1.09 3.24023,-2.59016 4.99023,-2.91016 0.58,-0.109 1.26914,0.07 1.86914,0 1.14,-0.14 2.01977,-0.81015 3.25977,-0.66015 0.39,0.23 0.89023,0.45047 1.24023,0.73047 0.36,0.28 0.62071,0.73953 0.97071,1.01953 0.98,0.771 3.88859,2.70876 5.05859,2.75976 0.47,0.029 1.7807,-0.4797 2.2207,-0.7207 1.19,-0.66 1.70954,-2.77791 2.76954,-3.12891 h 0.75976 l 0.41992,0.58008 c -0.01,0.61 -0.23828,1.0093 -0.48828,1.5293 -0.27,0.58 -0.61101,1.32936 -1.04101,1.81836 -1.12,1.261 -3.85907,2.54008 -5.53907,2.33008 -1.04,-0.14 -2.59039,-0.76899 -3.40039,-1.45899 -0.19,-0.159 -0.35078,-0.43908 -0.55078,-0.58008 -0.18,-0.13 -0.48945,-0.19001 -0.68945,-0.29101 -0.72,-0.38 -1.49078,-1.28906 -1.80078,-2.03906 -0.37,-0.28 -0.92867,-0.51108 -1.38868,-0.58008 -0.43999,0.05 -0.81968,0.26172 -1.17968,0.51172 -0.96,0.67 -1.97047,1.44929 -2.98047,2.02929 -1.1,0.649 -2.06977,0.67961 -3.25977,1.59961 -0.26,0.22 -3.9107,5.09938 -4.2207,5.60938 -0.12,0.199 -0.20961,0.47139 -0.34961,0.65039 -0.25,0.34 -0.68039,0.56022 -0.90039,0.94922 -0.2,0.36 -0.32977,0.83094 -0.50977,1.21093 -0.04,0.10001 -0.0894,0.14024 -0.10937,0.24024 -0.03,0.14 -0.041,0.29951 -0.041,0.47852 0.03,0.931 0.44969,2.19046 0.17969,2.73046 0.78,1.189 0.66133,3.45914 1.11133,4.86914 l 0.61914,0.28907 c 0.38,-0.181 0.85906,-0.63953 1.03906,-1.01953 0.2,-1.24 -0.35898,-2.31924 -0.20898,-3.49024 l 0.34961,-0.2207 c 0.45,0.561 0.62937,1.27131 1.10937,1.82031 l 0.41016,-0.43945 c 0.48,-1.6 -0.62883,-2.75071 -0.54883,-4.22071 l 0.41016,-0.50976 c 0.67,0.069 1.10961,0.76992 1.59961,1.16992 0.47,-0.03 1.11953,0.10938 1.51953,0.35938 -0.07,0.41 -0.35946,1.03954 -0.68946,1.31054 -0.15,0.52 -0.18031,1.22 -0.0703,1.75 1.18,0.36 2.42031,-0.79898 3.32031,-1.45898 h 0.69922 l 0.48047,0.6582 c 0.22,0.89 -0.27898,1.66078 -0.20898,2.55078 0.13,1.63 2.07836,4.08 3.81836,4 1.31,-0.061 2.39992,-0.96023 3.66992,-1.24023 l 0.21094,0.43945 c -0.86,1.27 -2.38086,2.68986 -3.88086,3.13086 -0.38,0.1 -1.25992,0.0903 -1.66992,0.0703 -2.01,-1.011 -3.36938,-4.67217 -6.85938,-4.95117 l -0.61914,0.43945 c -0.17,0.46 -1.20039,0.89108 -1.40039,1.33008 -0.71,1.57 -1.13,2.44086 -1,4.13086 0.09,1.15 0.13008,3.10955 0.0801,4.31055 l -0.24024,1.66015 -1.37109,4.62891 0.15039,0.63086 1.15039,0.36914 0.84961,1.45117 1.58984,0.31836 0.32032,0.81055 0.55078,2.41016 0.8789,0.0215 -0.34961,-1.66992 -0.31054,-0.27149 1.14062,-2.33007 0.19922,0.18945 v 0.79101 0.95899 1.2207 l 0.40039,1.25977 1.17969,1.18164 2.04101,-0.28125 1.42969,-1.70899 2.75,1.62891 1.08985,-0.87891 -0.12891,-3.88086 -0.8418,-6.08984 -1.13867,-2.0293 0.31055,-0.75 1.52929,1.91016 1.06055,3.45898 0.50977,-2.34961 0.40039,-0.51171 0.1289,-0.17969 0.60938,-0.0801 2.28125,2.27148 -2.36133,-0.84179 -0.37891,0.35156 -0.0195,1.66016 -0.78125,2.92968 1.03125,1.63086 1.29883,-1.23047 h 0.55078 l 0.11914,0.56055 -1.50976,1.68945 -0.0996,0.57032 1.0293,1.58008 -0.3086,1.15039 -0.78125,-0.44141 -0.98047,-1.97852 -0.48828,0.51954 0.35938,4.05078 0.67968,0.85156 -1.03906,0.58984 0.01,0.44922 1.41015,1.33985 0.94922,0.90039 2.39063,-1.48047 0.58984,-0.0996 -2.73047,2.93945 -0.15039,0.81055 0.28125,0.72851 1.12891,0.89063 3.25,0.33008 0.84961,1.13086 3.11132,1.36914 -0.14062,1.25 -1.08008,1.10937 0.66992,0.60938 1.54102,-0.0293 1.09961,2.55078 0.90039,0.71875 0.98828,-0.1289 0.91992,-0.99024 c 1,-0.141 1.66008,-0.64978 2.33008,-1.30078 0.62,-0.609 1.55172,-1.06836 2.01172,-1.81836 1.16,-1.88 -0.56156,-3.00047 -0.35156,-4.73047 0.06,-0.43 0.35023,-1.00922 0.49023,-1.44922 0.35,-0.3 0.81024,-0.57951 1.24024,-0.72851 l 0.41992,0.64843 c -0.19,0.78 -0.65992,1.51108 -0.41992,2.33008 0.39,0.28 1.1196,0.47946 1.59961,0.43946 l 0.55078,0.43945 c 0.45,1.431 -0.48922,3.47115 -0.19922,5.16016 0.21,1.32 1.54961,3.47084 2.34961,4.58984 0.27,0.37 0.66039,0.69884 0.90039,1.08984 0.49,0.79 0.86898,1.64139 1.45898,2.40039 0.57,0.73 1.30914,1.2893 1.86914,2.0293 l -0.13867,0.95117 -0.83008,0.0684 c -0.83,-0.479 -1.72031,-0.90986 -2.57031,-1.38086 -0.48,-1.069 -3.57969,-5.48908 -4.42969,-6.33008 -0.53,-0.51 -1.90086,-1.23828 -2.63086,-1.23828 -0.95,0 -1.55039,0.65955 -2.40039,0.81055 l -0.55859,2.28906 -2.40039,1.30078 -0.38086,0.64063 -1.21875,0.23828 -1.75977,2.5 -1.16015,-0.36914 -1.04102,0.18945 -1.13867,0.99024 -0.64063,1.33007 0.17969,0.91016 1.00977,0.60938 0.65039,-0.64063 2.03906,2.86914 0.64063,1.58008 -0.82032,0.93164 0.49024,8.03906 1.28125,3.22852 1.22851,1.23047 0.39063,0.39062 1.83984,1.10938 4.86914,-1.69922 1.72071,0.41992 0.25,1.48047 -0.60938,0.34961 1.73047,3.85937 1.53906,2.35938 0.29102,3.88086 0.9082,1.51953 -1.54883,-0.47852 -0.63086,-1.41015 -0.0586,-2.91993 -0.78125,-0.0918 -1.46875,0.77148 -1.43164,0.0195 -1.78906,-1.26953 -0.44922,2.1211 -3.26172,2.17968 -1.70899,0.16993 -0.38085,0.0391 -0.26954,0.35156 0.25,1.19922 -0.77929,2.41016 -1.05078,-0.0898 -0.28907,-0.46094 -3.36132,-0.26953 -0.97852,0.87891 -0.15039,0.91992 0.53906,2.27149 -0.33984,1.77929 -0.87891,0.64063 -0.63086,1.3789 0.66992,3.36133 -0.15039,0.91016 -1.15039,0.36914 -2.38867,1.75976 -0.36133,1.09961 0.19141,1.07032 0.90039,0.90039 0.37891,-0.0899 0.71093,-0.16015 1.89844,-1.58008 2.75,-0.0605 0.61133,0.56055 3.09961,6.5 3.56054,10.09961 0.72852,0.83984 1.81055,0.0703 1.29101,1.00977 0.45899,0.85156 -0.15039,0.73828 -1.17969,-1.39843 -1.76953,-0.0293 -0.38086,0.28906 -0.19922,0.92969 1.24023,4.48047 0.0899,4.56055 -2.41992,5.70898 -0.92969,0.70117 -1.57031,-1.39062 -0.69922,0.11914 -1.03125,1.17187 1.43945,0.59961 0.35156,0.61914 -0.0703,2.82031 -0.0312,0.83985 0.58008,1.64062 1.88086,3.16016 -0.81055,0.63867 -0.16015,0.58008 1.49023,3.05078 -0.42969,3.0293 1.05078,3.40039 -0.65039,6.4707 0.62891,1.07031 -0.58984,1.03907 -2.04883,1.81054 -0.75,1.41016 -0.21094,0.38867 0.58008,1.24024 0.0898,1.82031 -0.99023,0.14062 1.25,2.31055 0.21093,2.10938 3.89063,2.15039 1.73828,1.72851 1.14063,1.98047 0.58984,2.55859 -0.25,1.26172 -0.91992,0.69922 -0.98047,0.0703 0.40039,1.08985 1.28125,0.99023 3.39844,0.70899 0.62109,-0.66993 0.24023,-1.83007 1.19922,-0.49024 1.26954,0.15039 3.4707,3.58008 1.39062,0.43945 0.18946,-1.43945 3.83984,-3.27148 4.50977,-0.31836 -0.18946,-0.91016 -1.53125,0.0293 -0.22851,-0.50977 1.78906,-1.22851 0.91016,-1.17188 2.14062,-0.25976 0.78906,-1.96094 1.96094,-1.11914 1.21875,-2.19922 2.07031,-1.24024 6.11133,0.22071 -0.27148,-2.2793 1.62109,1.33984 0.93945,0.21094 -0.18945,1.4375 0.60938,0.49024 3.75976,0.73046 1.15039,-0.25 1.40039,1.73829 0.60938,-0.01 0.73047,0.85156 1.42968,0.0781 2.44922,1.49023 1.41016,1.80078 1.02148,2.10157 0.44922,3.4082 0.60938,0.43945 1.12109,-2.00976 1.03906,-0.35938 1.34961,-1.40039 1.10156,-0.0195 1.09961,-0.0195 2.59961,0.73828 2.73047,-1.06836 0.44922,-0.55078 1.54102,-1.89063 2.13867,-0.2207 2.04101,0.41992 0.0899,-1.08008 -1.5,-4.13867 -0.13086,-4.0625 -2.23828,-5.53906 0.16992,-2.29101 2.6582,-5.5293 -0.0684,-0.45899 0.53907,-0.64062 0.68945,-4.58008 4.6914,-10.99023 0.25,-4.51954 1.17969,-1.96093 3.33985,-3.93946 0.48046,-1.72851 -0.25,-0.9707 -0.66992,-0.32032 -4.98047,1.46094 -1.59961,-0.0312 1.84961,-1.45898 2.58008,-3.24024 2.34961,-1.13086 1.01953,-1.39843 1.32032,-6.24024 -0.33985,-0.61914 -2.36914,0.0996 -0.73047,-0.78906 3.61914,-1.08985 0.88086,0.14844 0.66992,0.73047 -0.76953,2.81055 0.5,0.38867 0.49024,-0.28906 1.1289,-1.5 1.33008,-0.97852 1.39063,-1.02148 0.46875,-1.49024 -0.25,-1.25 -1.35938,-2.14844 1.66992,0.70899 2.57032,2.17969 3.4707,0.22265 1.19922,-0.42187 1.26953,0.0293 2.92969,0.80078 0.66992,2.26172 0.10156,0.29883 2.39844,2.34961 1.64062,2.60156 2.00977,4.64063 2.43945,3.73047 0.64063,2.3789 1.7207,0.71094 1.91992,-0.15039 1.56055,0.7207 3.83984,-0.69921 0.35938,0.10742 2.45898,0.8125 1.51172,1.27929 1.81836,0.19922 0.39063,0.66992 0.32031,2.2793 1,0.83985 0.30078,0.0508 0.0195,1.32031 -1.2207,0.25 -0.96875,0.7793 -0.39063,0.33007 -0.31054,1.14063 2.10937,4.70898 0.31055,1.64063 -1.16992,5.96094 0.24023,0.9707 4.28906,6.36914 1.43164,2.93945 0.5293,2.33985 0.50977,0.77929 1.26953,0.041 0.0312,2.10937 2,4.41993 0.47851,1.46093 1.19141,-0.39062 c 0,0 1,-1.10156 1.5,-0.10156 0.5,1 0,2.5 1.75,2.5 1.75,0 1.75,1.75 1.75,1.75 0,0 -1.5,2.75 0,3.5 1.5,0.75 1.75,2.25 3.5,1.75 1.75,-0.5 4,-0.75 4,-0.75 l 2.5,-1 3.75,-9.75 5.5,3.25 c 0,0 0.002,-0.008 0.002,-0.008 l 14.78125,-5.46484 10.9668,-9.5293 9.5,-8 9.25,-8 5.75,-0.75 1.25,3.5 4.5,-0.5 7.5,-5.25 0.75,-2.25 -3.25,-4.5 4,-2.25 v -3.5 l -1.75,-4.5039 0.75,-12.5 -5,-3.25 0.5,-1.75 -2.75,-3.5 -0.25,-6.25 -4.75,-1.25 6.25,-13 1,-4.25 -2.25,-6.75 -1.25,-6.25 3.75,-5 h 2 v -3.75 l -2.25,-2.75 -0.5,-5.5 -1.75,-2.75 0.12891,-3.66407 v -0.006 l 0.12109,-3.32421 4.5,-2.75 1,-3.25 -3,-1.25196 1,-5.75 -2,-1 -6.75,-1 -2.5,-5 -9.25,-0.75 -2.75,2.25 -6,-1 -0.25,-2.25 -2.5,-1 -2,-3.5 -4.75,-2.25 -4.75,-2.25 -9.5,-8 -8.5,-4.75 -1,-8.5 2,-1.5 0.75,-4.5 -6.25,-4.25 0.5,-2.75 -3,-3.25 0.25,-4.25 h 2.75 l -1.75,-8.75 5.5,-1.5 -0.70117,-6.58984 -3.54883,-1.66016 -1.5,-5 4,-1 c 0,0 3,1.25 5.75,1.5 2.75,0.25 2.75,0.5 5.25,0.25 2.5,-0.25 4.75,-2.25 4.75,-2.25 0,0 -1.25,-1 -2,-2 -0.75,-1 -13,-19.25 -13,-19.25 l -8.75,1 -2.5,-3.25 -6.17969,2.71875 c 0,0 -3.57031,-5.46875 -4.32031,-6.96875 -0.75,-1.5 -4.5,-2.25 -6.75,-2.25 -2.25,0 -4.5,-2 -5,-3 -0.5,-1 -1.5,-2.25 -3.25,-2.75 -1.75,-0.5 -1,-4.5 -1,-4.5 l 1,-1.75 -5.25,-1 -10.5,-9.25 c 0,0 -8,-7.25 -9.75,-8.75 -1.75,-1.5 -2.25,-1.5 -3.5,-1.5 -1.25,0 -5.25,1 -5.25,1 z"
   sodipodi:nodetypes="ccccccccccsssscccsccssccssscssssccccccsccccccccccccccccccccccccccccccccccccccccccccccccccccccccccccccccccccccccccccccccccccccccccccccccccccccccccccccccccccccccccccccccccccccccccccccccccccccccccccccccccccccccccccccccccccccccccccccccccccccccccccccccccccccccccccccccccccccsccccccccccccccccccccccccccccccccccccccccccccccccccccccccccccccccccccccccccccccccccccccccccccccccccccccccccccccccccccccccccccccccccccccccccccccccccccccccccccccccccccccccccccccccccccccccccccccccccccccccccccccccccccccccccccccccccccccccccccccccccsscssccccccccccccccccccccccccccccccccccccccccccccccccccccccccccccccccccccsscsccccssssccccsscc" /><path
   fill="#ffffea"
   d="m 291.605,220.101 4.96,5.45 c -2.2,1.22 -8.62,2.33 -9.47,4.45 -1.17,6.79 5.37,8.33 2.21,17.34 -0.51,1.47 -1.1,2.97 -1.1,4.55 0,2.15 0.6,4.37 1.27,6.39 0.17,0.5 0.2,1.1 0.35,1.62 1.23,4.04 4.05,12.5 0.45,15.92 l -0.36,0.34 c -0.58,0.58 -0.69,1.13 -1.48,1.74 -2.11,1.61 -2.62,1.87 -4.1,4.02 -1.32,1.93 1.19,7.37 1.57,9.69 0.43,2.54 -0.15,5.09 0.75,7.53 1.24,3.34 0.65,7.2 0.09,10.62 -0.15,0.84 -0.42,1.69 -0.56,2.54 -0.18,1.14 -0.15,2.35 -0.35,3.5 -0.85,4.93 -1.49,4.8 0.49,9.18 0.95,2.1 1.05,4.57 0.59,6.81 l -0.11,0.97 c -0.9,3.46 -2.6,7.52 -0.7,10.97 0.75,1.3 0.47,1.82 0.97,2.93 1.54,3.38 4.38,7.99 7.81,9.79 0.13,0.07 0.28,0.13 0.43,0.19 l -2.15,-0.09 c 0,0 -6.56,-0.7 -8.06,-0.95 -1.5,-0.25 -9.5,-1.25 -12.5,-1.25 -3,0 -8,-0.5 -10.75,-1.25 -2.75,-0.75 -9.75,0.25 -9.75,0.25 l -12.98,-3.32 -3.52,-1.93 c 0,0 0.5,-3 -1.75,-3.25 -2.25,-0.25 -3.5,1 -3.5,1 0,0 -0.75,2.5 -2.5,0.5 -1.75,-2 -3.75,-1.75 -3.75,-1.75 l -5.25,0.75 -2.32,1.89 c -4.36,0.69 -24.54,3.89 -25.43,4.11 -1,0.25 -3,1.25 -3,1.25 l -0.25,2.25 v 1.5 l -2,2 -6,-1.75 -5.5,-0.5 -43.5,-9.75 c 0,0 -3.75,-0.5 -4.75,0.5 l -2.25,2.25 -3.5,1 v -23.75 l -81.24,-0.74 h -0.04 c 0.06,-0.91 0.02,-1.88 0.04,-2.75 0.07,-2.92 -1.95,-2.93 -2.69,-4.25 -0.61,-1.09 -1.29,-3.62 -1.74,-4.88 -0.69,-0.24 -1.43,-1.31 -1.62,-1.98 l 0.62,-1.51 c 0.73,-1.78 1.78,-1.98 3.51,-2.59 l 1,-0.36 c 0.25,-1.15 1.26,-2.76 2.23,-3.44 l 0.63,0.47 c 1.63,1.23 1.28,0.94 3.23,1.21 0.1,0.01 0.34,0.12 0.44,0.16 0.95,0.34 2.27,1.03 3.26,1.17 1.66,0.24 1.92,-0.55 3.12,-0.79 1.53,-0.3 3.19,0.46 4.08,1.68 2.64,0.92 7.75,-0.07 10.29,-0.7 l 0.85,-0.9 c 0.83,-0.03 1.78,-0.15 2.61,-0.11 0.71,0.04 1.58,0.42 2.27,0.39 0.09,0 2.01,-0.52 2.23,-0.58 0.9,-0.23 4.42,0.83 5.2,1.14 2.67,-0.54 3,-1.57 4.71,-2.41 1.06,-0.53 2.44,-0.68 3.47,-1.24 1.76,-0.97 3.49,-3.97 4.82,-5.27 1.45,-1.41 6.37,-0.17 9.2,-1.91 -1.29,-2.26 -6.04,-1.51 -7.18,-4.67 l -1.43,-0.62 -2.86,-1.24 c -0.92,-0.49 -3.68,-3.97 -4.41,-4.82 -0.73,-0.84 -0.46,-1.35 -0.05,-2.34 1.49,-3.55 1.93,-3.56 4.75,-5.62 0.41,-0.3 2.01,-2.31 2.5,-2.88 1.22,-0.31 3.44,-0.65 4.47,-1.06 1.86,-0.74 3.1,-1.95 4.72,-2.98 l 3.3,-1.91 c 3.14,-1.82 6.44,-3.49 9.51,-5.42 1.31,-0.82 2.6,-1.95 3.84,-2.88 0.04,-0.03 0.28,-0.1 0.34,-0.12 1.91,-0.65 4.59,-1.6 6.27,-2.54 0.03,-0.02 1.08,-1.22 1.24,-1.41 0.04,-0.1 0.36,-0.97 0.36,-1.02 0.04,-1.97 -0.49,-3.72 0.11,-5.7 0.08,-0.09 0.59,-0.66 0.63,-0.73 0.7,-1.43 1.36,-2.95 2.14,-4.35 1.44,-2.58 3.03,-5.12 4.54,-7.66 0.26,-0.43 2.6,-6.8 2.64,-6.97 0.43,-1.69 0.53,-3.77 0.77,-5.52 0.06,-0.07 0.62,-0.74 0.63,-0.78 0.23,-0.71 0.2,-1.6 0.38,-2.34 0.22,-0.9 0.57,-2.28 0.96,-3.11 1.19,-2.57 4.7,-5.26 6.64,-7.22 2.44,-2.45 4.78,-5.04 7.27,-7.44 1.18,-1.13 2.65,-2.08 3.89,-3.19 0.29,-0.26 0.41,-0.44 0.73,-0.66 0.9,-0.59 2.37,-0.68 3.39,-0.97 2.08,-0.59 5.15,-2.03 6.86,-3.21 0.03,-0.02 0.73,-1.13 0.8,-1.24 0.02,-0.03 0.06,-0.29 0.07,-0.34 l -1.64,-1.69 c 0.15,-1.86 0.44,-2.39 -0.2,-4.17 l -0.88,-2.42 c 0.45,-1.78 1.09,-3.7 1.39,-5.5 0.12,-0.73 -0.48,-1.63 -0.05,-2.63 0.8,-1.87 3.22,-1.88 4.49,-4.46 1.26,-2.57 0.4,-2.15 0.48,-4.21 0.02,-0.69 1.3,-2.86 1.68,-3.38 0.5,-0.69 1.26,-1.27 1.71,-1.97 1.04,-1.61 -1.35,-4.66 -0.53,-6.72 l 0.21,-1.71 c 0.84,-0.94 1.79,-2.28 2.73,-3.08 0.05,-0.04 1.59,-0.64 1.74,-0.7 l 0.04,-2.06 c 2.64,-0.08 6.61,-0.13 8.8,-1.65 l 0.34,-0.88 c 1.35,-0.82 4.43,-2.74 5.35,-3.64 1,-0.98 1.97,-2.62 2.83,-3.76 1.12,-1.42 2.05,-3.07 3.15,-4.5 l 10.31,25.53 0.75,3.75 c 0,0 9,8 10.25,8.25 1.25,0.25 2,-0.5 3.25,0 1.25,0.5 3.25,1.25 4.25,0.25 1,-1 1.25,-1.5 2.75,-0.25 1.5,1.25 4,1.5 5,1.25 1,-0.25 4.5,0 4.5,0 l -1.25,3.75 c 0,0 -1.25,2 -0.75,3.5 0.5,1.5 -1,3.75 -2.25,4.25 -1.25,0.5 -1.5,2.75 -0.25,4.25 1.25,1.5 0.5,5.25 -0.5,6.75 -1,1.5 -2.25,2.75 -2.25,2.75 0,0 -2.5,1.25 -1.5,3.25 1,2 7,13 7,13 0,0 -0.25,-2.75 4.25,-2.75 4.5,0 7.25,-0.25 8.5,-0.5 1.25,-0.25 3.75,-2 3.75,-2 l 13.25,-16 1.75,3.75 11.25,19.25 z"
   id="Banteay-Meanchey"
   style="fill:#004c99;fill-opacity:1;stroke:#ffffff;stroke-width:0.8;stroke-miterlimit:4;stroke-dasharray:none;stroke-opacity:1" /><path
   fill="#ffffea"
   d="m 127.10449,430.351 5,8.25 -0.39,66 -19.86,18.5 -36.500001,6 -0.36,0.09 c -1.07,-1.3 -1.02,-2.13 -2.65,-6.5 l 0.09,-0.53 c 0.32,-2.02 1.19,-3.06 2.67,-4.55 0.36,-0.86 -0.93,-2.11 -1.11,-2.88 -0.02,-0.09 -0.05,-2.6 -0.06,-2.85 l 3.04,-3.03 0.15,-0.74 c 0.01,-0.06 0.01,-0.17 0.04,-0.22 0.57,-1.05 1.41,-2.29 1.84,-3.39 l 0.12,-2.93 c 0.12,-1.62 0.61,-5.07 1.05,-6.58 0.01,-0.04 1.12,-1.65 1.29,-1.89 l -0.38,-0.45 c -1.2,0.04 -4.13,-1.11 -5.25,-1.44 -1.05,-1.36 -0.89,-2.46 -0.14,-3.95 -1.2,-1.46 -2.33,-2.64 -3.95,-3.69 0.55,-1.28 1.72,-2.72 2.84,-3.54 0.21,-1.06 0.13,-3.82 -0.08,-4.75 -0.02,-0.07 -1.15,-2.97 -1.21,-3.1 -0.29,-0.59 -0.9,-1.14 -1.14,-1.74 -0.38,-0.93 -0.52,-2.36 -0.73,-3.35 -0.56,-2.56 -1.4,-5.34 -3.01,-7.46 1.16,-0.64 3.12,-2.17 3.69,-3.44 -0.42,-1.11 -2.46,-1.81 -3.43,-3.04 l -1.21,-0.25 1.7,-1.79 2,-0.36 v 0.1 h 17.19 c 0,0 1.25,-3 1.5,-4.25 0.25,-1.25 2.25,-3 3.25,-4 1,-1 0.25,-4.5 0.5,-5.75 0.25,-1.25 -0.25,-3 -1.5,-5 -1.25,-2 0,-4.5 2.25,-5.75 2.25,-1.25 2.5,-4.25 8.250001,-5.75 5.75,-1.5 14.5,0.5 17.5,2.5 3,2 7,7.5 7,7.5 z"
   id="Pailin"
   style="fill:#001933;fill-opacity:1;stroke:#ffffff;stroke-width:0.8;stroke-miterlimit:4;stroke-dasharray:none;stroke-opacity:1" /><path
   fill="#ffffea"
   d="m 395.37449,428.751 0.01,0.01 c -7.22,4.62 -15.17,7.67 -22.73,11.62 -2.27,1.19 -4.5,2.58 -6.73,3.86 -1.91,1.09 -4.27,3.56 -4.91,5.66 -0.25,0.79 -0.25,1.69 -0.46,2.48 -0.37,1.4 -1.06,2.25 -0.73,3.79 0.19,0.89 0.57,2.2 0.92,3.03 0.56,1.33 1.66,2.44 1.84,3.93 l -0.26,0.69 c -1.69,0.76 -4.28,0.25 -5.05,0.9 l -1.97,1.93 c -0.22,0.35 -0.23,0.61 -0.37,1.01 -0.58,1.56 -1.01,2.95 -1.08,4.64 -0.07,1.73 0.43,3.87 -0.33,5.51 -1.99,1.67 -4.62,2.02 -7.02,2.75 -1.27,0.39 -2.57,0.89 -3.78,1.45 l -1.79,0.83 c -1.06,0.69 -1.85,2.07 -2.47,3.12 -0.42,0.69 -0.82,1.81 -0.69,2.66 0.52,0.79 1.01,1.68 1.58,2.42 0.46,0.59 1.18,0.83 1.38,1.65 0.4,1.59 -1.09,5.52 -2.03,6.75 -0.68,0.9 -2.14,2.21 -2.37,3.38 -0.33,1.75 -0.31,3.85 -0.46,5.65 -0.01,0.11 0.19,0.67 0.2,0.82 0.04,0.61 -0.1,1.35 0,1.93 0.26,1.52 0.7,3.44 1.18,4.89 0.3,0.92 0.97,1.79 1.32,2.69 0.44,1.14 0.88,2.54 1.18,3.72 0.46,1.85 0.61,3.91 1.18,5.72 0.33,1.05 1.62,1.96 1.64,3.31 0.05,3.26 -2.69,5.37 -3.67,8.27 -0.26,0.74 0.42,1.94 0.48,2.71 0.07,1.03 -0.33,1.92 -0.48,2.94 -0.27,1.69 0.84,3.95 1.7,5.3 -0.01,0.7 -0.47,1.53 -1.18,1.72 -0.03,0.58 -1.22,2.24 -1.58,2.48 -0.07,0.05 -2.51,1.01 -2.75,1.1 0.57,2.01 0.24,2.64 -0.42,4.55 -0.42,1.23 -0.13,0.63 -0.87,1.77 -1.44,2.2 -1.07,1.93 -3.35,2.99 -0.29,0.13 -0.42,0.29 -0.74,0.34 -3.11,0.46 -6.58,-0.22 -9.59,0.97 l -1.44,0.82 c -0.64,0.37 -1.38,0.9 -1.84,1.52 -2.12,0.07 -3.39,-0.61 -5.13,-1.72 l -2.8,-1.8 c -1.52,-1.07 -3.27,-2.96 -5.06,-3.92 -1.47,-0.8 -3.25,-1.3 -4.79,-2 -0.98,-0.45 -1.9,-1.09 -2.88,-1.52 -0.15,-0.06 -0.74,-0.07 -0.92,-0.13 -0.55,-0.19 -1.16,-0.64 -1.71,-0.76 -1.76,-0.39 -6.81,-1.73 -8.33,-1.86 -0.51,-0.05 -3.99,0.73 -4.79,0.75 -0.82,0.03 -3.92,-1.76 -4.79,-2.06 l -2.89,-0.55 -1.18,0.27 c -1.87,0.44 -1.85,1.75 -3.08,2.07 -1.87,0.48 -2.59,-0.07 -3.41,2.14 -2.17,1.74 -4.41,0.95 -6.44,2.34 l -6.56,4.48 c 0,1.28 -0.92,1.79 -2.12,1.79 -1.52,0 -3.49,-0.83 -4.61,-1.95 -2,-2 -3,1.75 -4.5,2.5 -1.5,0.75 -2.25,2.25 -4.5,2.25 -2.25,0 -4.75,2.5 -4.75,2.5 0,0 -1.75,2.25 -2.25,3.5 -0.5,1.25 -2.25,1 -4,-0.75 -1.75,-1.75 -3.25,-0.25 -3.25,-0.25 0,0 -5.25,3.25 -6.25,3.75 -1,0.5 -2.25,2.25 -3.25,2 -1,-0.25 -2.75,0 -4.25,0.25 -1.5,0.25 -1,3.25 -0.75,4.75 0.25,1.5 -2.25,2.25 -3.5,1.5 -1.25,-0.75 -5.25,-2 -6.5,-2 -1.25,0 -3,-1 -3,-1 0,0 -0.5,-2.25 -1.5,-4 -1,-1.75 -1.25,-3 -2.25,-4 -1,-1 -2.25,0 -2.25,0 l -2.5,2.5 c 0,0 -1.75,2 -2,4.75 -0.25,2.75 -3,1.5 -4.25,1.75 -1.25,0.25 -1,1.5 -1.5,2.5 -0.5,1 -2.5,1.25 -3.75,-0.25 -1.25,-1.5 -1.25,-0.25 -2.25,0.5 -1,0.75 -1.25,1.25 -3.25,0.25 -2,-1 -1.75,0.5 -2.75,1.25 -1,0.75 -4.49,6.29 -4.49,6.29 -0.6,0.12 -1.15,0.17 -1.51,0.07 l -5.38,-1.45 c -0.7,-0.19 -3.02,1.75 -3.28,2.34 -0.44,1.02 -0.68,2.44 -0.99,3.52 -0.13,0.5 -0.43,0.79 -0.85,1.06 -1.47,0.95 -2.55,1.29 -3.98,-0.03 l -0.74,-0.69 c -0.83,-1.37 -3.83,-6.82 -5.19,-7.66 0.02,-0.33 0.05,-0.66 0.05,-0.99 -0.01,-1.59 0.19,-3.59 -0.02,-5.14 l -1.14,-3.4 c -0.05,-0.09 -1.57,-1.94 -1.74,-2.15 l -1.48,-0.31 -2.01,0.7 c -2.17,-0.21 -4.29,-1.54 -5.8,-3.04 -0.87,-0.86 -1.93,-3.9 -2.12,-5.01 -0.21,-1.23 0.1,-2.67 -0.14,-3.88 l -0.82,-1.89 c -0.15,-0.36 -0.19,-0.6 -0.4,-0.94 -1.34,-2.08 -4.44,-3 -6.45,-4.25 -0.56,-0.35 -1.01,-1.06 -1.58,-1.4 -2.13,-1.28 -1.72,-0.17 -3.82,-2.42 l -0.6,-0.64 -0.28,-0.01 c -0.37,-1.12 -1.45,-2.99 -2.14,-3.87 -0.7,-0.9 -2.71,-2.36 -3.14,-3.38 -0.32,-0.78 -0.42,-1.82 -0.67,-2.64 -0.28,-0.94 -0.63,-1.88 -0.94,-2.82 -1.51,-0.58 -6.210001,-2.74 -7.240001,-3.57 -2.16,-1.74 -3.91,-4.15 -6.03,-5.95 l -1.94,-1.07 c -0.38,-0.21 -0.56,-0.39 -0.97,-0.53 -0.4,-0.15 -4.58,-0.11 -5.31,-0.22 -1.72,-0.28 -3.53,-0.85 -5.23,-1.25 -1.57,-1.53 -2.43,-2.35 -2.99,-3.04 l 0.36,-0.09 36.500001,-6 19.86,-18.5 0.39,-66 -5,-8.25 c 0,0 -4,-5.5 -7,-7.5 -3,-2 -11.75,-4 -17.5,-2.5 -5.750001,1.5 -6.000001,4.5 -8.250001,5.75 -2.25,1.25 -3.5,3.75 -2.25,5.75 1.25,2 1.75,3.75 1.5,5 -0.25,1.25 0.5,4.75 -0.5,5.75 -1,1 -3,2.75 -3.25,4 -0.25,1.25 -1.5,4.25 -1.5,4.25 h -17.19 v -0.1 c 0.44,-1.13 1.36,-2.28 2.34,-3.03 0.5,-0.22 1.49,-0.16 1.93,0.1 l 2.98,-1.24 c -1.2,-0.16 -2.41,-0.44 -3.6,-0.66 l -3.97,-3.6 c -0.05,-0.05 -0.17,-0.26 -0.22,-0.33 -1.11,-1.7 -2.21,-3.41 -3.05,-5.27 -0.35,-0.79 -0.43,-1.83 -0.84,-2.58 l -4.02,-7.35 c -0.6,0.35 -1.72,-0.49 -2.32,-0.59 -1.03,-0.17 -2.28,-0.12 -3.33,-0.18 l -0.76,-0.7 -0.31,-1.11 -0.62,-2.22 c -0.97,-1.79 -3.57,-3.76 -3.72,-5.9 0.32,-0.69 0.54,-1.93 0.33,-2.68 -0.88,-1.61 -2.83,-2.4 -3.46,-3.83 -0.64,-1.46 -2.11,-4.29 -2.51,-5.71 -0.36,-1.3 -0.05,-3.06 -0.3,-4.41 -0.47,-2.56 -2.03,-6.1 -3.33,-8.34 0.46,-0.85 0.16,-2.57 -0.22,-3.38 l -1.75,-1.57 c -0.29,-1.16 -0.5,-2.58 -0.92,-3.68 -0.07,-0.18 -0.88,-1.03 -0.93,-1.18 l -2.75,-8.73 c 0.22,-0.65 0.94,-1.57 1.59,-1.85 0.3,-0.9 -1.22,-5.18 -1.55,-6.22 -0.34,-1.05 -0.34,-2.17 -0.12,-3.26 0.1,-0.54 0.49,-1.11 0.63,-1.64 l 0.69,-3.04 c 0.42,-1.86 0.35,-3.74 0.74,-5.56 0.23,-1.07 1.02,-2.22 1.18,-3.28 0.09,-0.64 0.01,-1.01 0.01,-1.66 0.01,-1.54 0.29,-6 0.15,-7.24 -0.19,-1.62 -0.96,-3.26 -1.13,-4.88 -0.24,-2.13 0.78,-5.56 1.02,-7.68 0.02,-0.21 0.04,-0.44 0.05,-0.66 h 0.04 l 81.240001,0.74 v 23.75 l 3.5,-1 2.25,-2.25 c 1,-1 4.75,-0.5 4.75,-0.5 l 43.5,9.75 5.5,0.5 6,1.75 2,-2 v -1.5 l 0.25,-2.25 c 0,0 2,-1 3,-1.25 0.89,-0.22 21.07,-3.42 25.43,-4.11 l 2.32,-1.89 5.25,-0.75 c 0,0 2,-0.25 3.75,1.75 1.75,2 2.5,-0.5 2.5,-0.5 0,0 1.25,-1.25 3.5,-1 2.25,0.25 1.75,3.25 1.75,3.25 l 3.52,1.93 12.98,3.32 c 0,0 7,-1 9.75,-0.25 2.75,0.75 7.75,1.25 10.75,1.25 3,0 11,1 12.5,1.25 1.5,0.25 8.06,0.95 8.06,0.95 l 2.15,0.09 c 2.52,1 7.44,0.64 9.87,-0.22 7.38,-2.62 7.06,0.24 6.7,5.98 0.72,0.78 2.23,1.97 3.19,2.48 1.2,0.65 2.5,1.02 3.55,2 1.13,1.06 2.51,4.26 3.28,4.62 1,0.46 2.03,-0.27 3.02,0.14 1.55,0.64 1.73,1.74 2.75,2.75 0.69,0.69 2.67,1.94 3.68,2.07 1.92,0.25 5.13,-1.49 6.49,-1.1 1.23,0.34 4.58,1.68 5.71,2.27 1.15,0.59 1.96,1.85 3.22,2.34 2.25,0.88 3.51,-0.75 6.62,0.48 0.45,0.18 5.94,6.31 6.03,6.41 2.5,2.66 1.23,1.51 3.75,3.5 l 3.53,2.78 7.5,9.26 c 6.34,7.84 12.26,16.01 18.3,24.09 0.04,0.04 2.65,2.08 2.87,2.26 z"
   id="Battambang"
   style="fill:#004c99;fill-opacity:1;stroke:#ffffff;stroke-width:0.8;stroke-miterlimit:4;stroke-dasharray:none;stroke-opacity:1" /></svg>