<svg
   width="640.0000000000001"
   height="425.00000000000006"
   xmlns:inkscape="http://www.inkscape.org/namespaces/inkscape"
   xmlns:sodipodi="http://sodipodi.sourceforge.net/DTD/sodipodi-0.dtd"
   xmlns="http://www.w3.org/2000/svg"
   xmlns:svg="http://www.w3.org/2000/svg">
  <defs
     id="defs71" />
  <sodipodi:namedview
     id="namedview71"
     pagecolor="#ffffff"
     bordercolor="#000000"
     borderopacity="0.25"
     inkscape:showpageshadow="2"
     inkscape:pageopacity="0.0"
     inkscape:pagecheckerboard="0"
     inkscape:deskcolor="#d1d1d1"
     inkscape:zoom="3.6436796"
     inkscape:cx="351.29323"
     inkscape:cy="143.12455"
     inkscape:window-width="2560"
     inkscape:window-height="1334"
     inkscape:window-x="-11"
     inkscape:window-y="-11"
     inkscape:window-maximized="1"
     inkscape:current-layer="g20" />
  <!-- Created with SVG-edit - http://svg-edit.googlecode.com/ -->
  <style
     type="text/css"
     id="style1">
  text {font-family: sans-serif;}
</style>
  <g
     display="inline"
     id="g1">
    <path
       id="Tailevu"
       style="fill:#d4ffaa;stroke:#000000;stroke-opacity:0"
       d="m 237.84008,202.9082 a 1.05119,1.02616 0 0 1 -1.05119,1.02616 1.05119,1.02616 0 0 1 -1.05119,-1.02616 1.05119,1.02616 0 0 1 1.05119,-1.02616 1.05119,1.02616 0 0 1 1.05119,1.02616 z m -27.99268,-2.66968 -0.36669,2.83497 0.33371,2.61405 -0.68966,1.30147 -0.8899,1.95777 -0.7119,3.02563 -0.53395,2.16498 -2.84764,-0.0292 -4.44945,-0.88989 h -3.38159 l -2.84765,-0.88989 -2.49172,-2.31372 -1.77977,-1.34046 -1.06788,2.40834 -0.8899,1.42383 0.35597,2.49171 0.17798,2.4917 0.7119,1.60181 0.53395,2.66969 v 1.60181 l 0.96827,1.63501 4.37107,-0.14477 3.20362,-0.77832 1.77978,0.53393 c 0,0 1.61257,1.79248 1.61257,1.97048 -4e-5,0.17797 -0.71193,3.20359 -0.72268,3.19091 -0.0107,-0.0127 -2.30298,0.54663 -2.31372,0.53396 -0.0107,-0.0127 -1.76906,0.54663 -1.7798,0.53393 -0.0107,-0.0127 0.36669,2.68236 0.35598,2.66969 -0.0108,-0.0127 1.56417,1.21631 2.01806,1.49929 0.45387,0.28296 2.03491,-0.0295 2.44653,-0.25344 0.41164,-0.22387 1.41942,-1.58909 1.4087,-1.6018 -0.0108,-0.0127 1.61251,1.25853 1.6018,1.24585 -0.0107,-0.0127 0.18872,2.32641 0.17798,2.31372 -0.0107,-0.0127 -0.34523,1.61448 -0.35596,1.6018 -0.0107,-0.0127 0.36667,1.08059 0.35596,1.06788 -0.0107,-0.0127 1.72412,0.89353 1.20654,0.8386 -0.51756,-0.0549 2.1858,0.95388 2.36377,0.95388 0.17795,0 -0.17797,2.31372 -0.18872,2.30102 -0.0107,-0.0127 1.2566,0.90259 1.2566,1.08057 -4e-5,0.17798 0.53392,2.13575 0.52317,2.12304 -0.0107,-0.0127 1.48876,0.21485 2.40725,0.24439 0.91845,0.0295 2.58689,0.83618 2.57615,0.82349 -0.0107,-0.0127 2.34545,1.53002 3.13722,1.77076 0.79175,0.24073 2.56884,1.62355 2.55813,1.61083 -0.0108,-0.0127 0.0107,1.43652 0.18872,1.43652 0.17794,0 -1.42385,1.60181 -1.43457,1.58911 -0.0107,-0.0127 -0.52321,3.21628 -0.53395,3.20362 -0.0108,-0.0127 1.43457,1.61447 1.42382,1.6018 -0.0107,-0.0127 2.3999,2.47727 1.88231,2.08448 -0.51755,-0.39283 1.86595,3.44555 1.85523,3.43283 -0.0107,-0.0127 2.57786,2.35061 2.18701,2.16897 -0.39086,-0.18164 3.24144,0.58887 2.59717,0.66062 -0.64428,0.0718 3.30493,-0.0718 3.8208,-0.0295 0.51587,0.0422 1.55053,0.41626 1.72851,0.41626 0.17797,0 1.06787,-1.95777 1.05715,-1.97049 -0.0107,-0.0127 1.51001,-1.45337 1.81469,-1.58008 0.30471,-0.12671 -0.20214,-1.61084 -0.20214,-1.78882 -3e-5,-0.17798 0.35592,-1.77978 0.3452,-1.79248 -0.0107,-0.0127 1.79051,-2.12305 1.7798,-2.13574 -0.0107,-0.0127 0.53563,-1.8606 0.31372,-2.12671 -0.22193,-0.26608 -1.29544,0.17264 -1.05274,-0.0935 0.2427,-0.26611 -0.79467,2.19971 -1.05883,2.52491 -0.26413,0.32519 -1.751,2.19967 -1.76172,2.18701 -0.0108,-0.0129 -2.12503,0.54657 -2.13575,0.53393 -0.0107,-0.0127 -2.36032,-0.43676 -1.23069,-0.66064 1.1296,-0.22388 1.98655,-0.008 2.01806,-0.78125 0.0315,-0.77295 -1.66649,-3.17282 -1.48852,-3.17282 0.17795,0 -1.7798,-2.13574 -1.79055,-2.14846 -0.0107,-0.0127 -2.12503,-1.58911 -2.13572,-1.60182 -0.0107,-0.0127 -1.4131,-2.12304 -1.42385,-2.13574 -0.0107,-0.0127 -0.5232,-2.30102 -0.53395,-2.3137 -0.0107,-0.0127 -0.25464,-1.67652 -0.68773,-1.94265 -0.43309,-0.26609 -0.84301,-2.13208 -0.38916,-2.65159 0.45391,-0.51953 2.51146,-0.55443 2.50074,-0.56714 -0.0107,-0.0127 0.72262,-2.30104 0.7119,-2.31372 -0.0107,-0.0127 0.54466,-2.65698 0.53395,-2.66968 -0.0108,-0.0127 -0.16726,-2.12306 -0.178,-2.13577 -0.0107,-0.0127 -1.05713,-1.58911 -1.06785,-1.60183 -0.0107,-0.0127 -1.4131,-1.94506 -1.42385,-1.95774 -0.0107,-0.0127 0.18872,-2.47899 0.178,-2.4917 -0.0107,-0.0127 0.0107,-1.76709 0,-1.7798 -0.0107,-0.0127 -1.59108,-1.05519 -1.60182,-1.06787 -0.0107,-0.0127 -1.76906,-0.8772 -1.77979,-0.88988 -0.0107,-0.0127 -0.52321,-1.94508 -0.53394,-1.95776 -0.0107,-0.0127 0.36667,-2.47899 0.35596,-2.4917 -0.0107,-0.0127 1.36023,-1.90462 1.63104,-3.26894 0.27082,-1.36433 0.87137,-2.59164 0.86066,-2.60434 -0.0107,-0.0127 1.01323,-1.78517 1.05882,-2.69891 0.0456,-0.91373 -1.58201,-2.62775 -1.59275,-2.64046 -0.0108,-0.0127 -2.83693,-1.23316 -2.84768,-1.24585 -0.0107,-0.0127 -3.37085,-2.30104 -3.38157,-2.31372 -0.0107,-0.0127 -1.94706,-1.05519 -1.95777,-1.06787 -0.0107,-0.0127 -1.59108,-1.94507 -1.6018,-1.95775 -0.0108,-0.0127 0.90062,-1.41113 0.88987,-1.42384 -0.0107,-0.0127 -1.76906,-0.16527 -1.7798,-0.17798 -0.0107,-0.0127 -1.60219,-0.27652 -2.31372,-0.8899 -0.71152,-0.61335 -1.94704,-1.58909 -1.94704,-1.58909 l 4e-5,-3e-5 v -3e-5 -4e-5 4e-5 z" />
  </g>
  <g
     display="inline"
     id="g2">
    <path
       id="Serua"
       style="fill:#00ff00;stroke:#000000;stroke-opacity:0"
       d="m 155.64738,305.02338 a 1.05119,0.82593 0 0 1 -1.05119,0.82593 1.05119,0.82593 0 0 1 -1.05119,-0.82593 1.05119,0.82593 0 0 1 1.05119,-0.82593 1.05119,0.82593 0 0 1 1.05119,0.82593 z m -25.77908,-18.22055 2.48097,0.62136 1.30147,-0.50058 1.40158,0.70081 0.8009,1.40158 2.20247,0.70078 h 1.20134 c 0,0 1.32332,1.08072 1.42343,1.18069 0.1001,0.10013 1.90217,1.10123 1.88028,1.02179 -0.0219,-0.0794 2.32445,-0.0207 2.30262,-0.1001 -0.0219,-0.0794 1.92399,0.0794 1.90214,0 -0.0218,-0.0794 0.12197,-1.62249 0.10011,-1.70193 -0.0219,-0.0794 0.92287,-0.72147 0.90104,-0.80087 -0.0219,-0.0795 1.2232,1.28076 1.20134,1.20132 -0.0219,-0.0794 1.2232,-0.42114 1.20134,-0.50055 -0.0219,-0.0794 1.52352,-1.02182 1.50167,-1.10126 -0.0219,-0.0794 1.72377,1.68125 1.70192,1.60181 -0.0219,-0.0794 1.52353,-0.32101 1.50168,-0.40045 -0.0219,-0.0794 1.32334,0.27966 1.30148,0.20032 -0.0219,-0.0795 3.52579,0.78006 2.50281,0.90094 -1.02298,0.12088 1.82389,-0.7215 1.80203,-0.80072 -0.0219,-0.0796 2.02411,-0.32099 2.00226,-0.4004 -0.0219,-0.0796 2.92514,-0.0207 2.90326,-0.10018 -0.0219,-0.0796 1.32332,0.17962 1.42343,0.17962 0.1001,0 1.50168,0 1.60182,0 0.1001,0 0.90102,1.10114 2.18062,1.22189 1.27962,0.12088 1.72377,-0.82147 1.70192,-0.90094 -0.0219,-0.0796 1.22322,-1.32211 1.20134,-1.40152 -0.0219,-0.0796 0.62253,-1.5224 0.60068,-1.60202 -0.0218,-0.0794 0.72264,1.28074 0.70079,1.20133 -0.0218,-0.0794 0.92288,-1.32218 0.90103,-1.40158 -0.0219,-0.0794 1.12309,-1.72263 1.10124,-1.80203 -0.0219,-0.0794 1.12308,-0.82142 1.10123,-0.90101 -0.0219,-0.0795 -0.87917,-1.02182 -0.90102,-1.10125 -0.0219,-0.0794 -1.27963,-0.52127 -1.30148,-0.60068 -0.0219,-0.0794 -1.57997,-1.22205 -1.60181,-1.30148 -0.0219,-0.0794 -1.3797,-0.92169 -1.40158,-1.00113 -0.0219,-0.0794 -0.3786,-1.42227 -0.40045,-1.50168 -0.0219,-0.0794 -0.97928,-1.32217 -1.00113,-1.40158 -0.0219,-0.0794 -1.17949,-0.0207 -1.20134,-0.10013 -0.0219,-0.0794 -0.67894,1.28079 -0.70079,1.20136 -0.0219,-0.0794 -0.97928,1.78134 -1.00113,1.70193 -0.0219,-0.0794 -1.57997,-0.32104 -1.60182,-0.40045 -0.0219,-0.0794 -0.4787,-1.42227 -0.50055,-1.50171 -0.0219,-0.0794 0.62253,-1.92282 0.60068,-2.00226 -0.0218,-0.0794 0.3222,-3.2243 0.30035,-3.30371 -0.0219,-0.0794 -0.0783,-1.5224 -0.10011,-1.60181 -0.0219,-0.0794 -0.0782,-1.5224 -0.1001,-1.6018 -0.0219,-0.0794 -0.4787,-0.92172 -0.50055,-1.00113 -0.0219,-0.0794 -1.37973,0.27963 -1.40158,0.20022 -0.0219,-0.0794 -2.78131,0.0794 -2.80316,0 -0.0219,-0.0794 -1.07939,-0.72149 -1.10123,-0.8009 -0.0219,-0.0794 -0.97929,-1.22204 -1.00114,-1.30148 -0.0219,-0.0794 -1.07938,-0.62137 -1.10123,-0.70078 -0.0219,-0.0794 -1.47984,0.88031 -1.50169,0.80091 -0.0218,-0.0794 -1.98041,0.98043 -2.00226,0.901 -0.0219,-0.0794 -1.47983,1.08056 -1.50168,1.00113 -0.0219,-0.0794 -2.78131,0.27966 -2.80316,0.20022 -0.0219,-0.0794 -1.37973,-0.42114 -1.40158,-0.50055 -0.0219,-0.0794 -0.67894,-1.32217 -0.70079,-1.40158 -0.0218,-0.0794 -0.97928,-1.82272 -1.00113,-1.90216 -0.0219,-0.0794 -1.47983,-1.22205 -1.50168,-1.30145 -0.0219,-0.0794 -2.08052,-0.7215 -2.10237,-0.80091 -0.0219,-0.0794 -1.37973,-1.42227 -1.40158,-1.5017 -0.0219,-0.0794 -0.37859,-2.02295 -0.40044,-2.10236 -0.0219,-0.0794 0.12195,-1.72263 0.1001,-1.80203 -0.0219,-0.0794 -0.27849,-1.42227 -0.30034,-1.50171 -0.0219,-0.0794 -1.27963,-0.92169 -1.30148,-1.00113 -0.0218,-0.0794 -2.38086,-0.0207 -2.40271,-0.10011 -0.0218,-0.0794 -1.68007,0.37979 -1.70192,0.30034 -0.0219,-0.0794 -2.08052,0.47988 -2.10236,0.40045 -0.0219,-0.0794 -1.68008,0.27966 -1.70192,0.20022 -0.0219,-0.0794 -2.08052,0.17954 -2.10237,0.10013 -0.0219,-0.0794 -1.07939,1.28076 -1.10124,1.20136 -0.0219,-0.0794 -0.67894,2.08166 -0.70079,2.00225 -0.0219,-0.0794 -0.57883,1.68122 -0.60068,1.60181 -0.0219,-0.0794 -0.67894,1.68121 -0.70079,1.60181 -0.0219,-0.0794 -0.87917,1.08066 -0.90102,1.00113 -0.0219,-0.0794 -0.77905,1.48105 -0.8009,1.40158 -0.0218,-0.0794 0.3222,1.9816 0.30035,1.90213 -0.0219,-0.0794 1.42342,0.88034 1.40157,0.8009 -0.0219,-0.0794 0.72264,1.98157 0.70079,1.90216 -0.0219,-0.0794 1.32332,1.88144 1.30147,1.80203 -0.0219,-0.0794 2.02411,0.47986 2.00226,0.40046 -0.0218,-0.0794 2.12422,0.27963 2.10237,0.20022 -0.0219,-0.0794 0.4223,0.88031 0.40045,0.80091 -0.0219,-0.0794 -0.67894,1.58111 -0.70079,1.50167 -0.0219,-0.0794 0.0219,1.78135 0,1.70194 -0.0219,-0.0794 -1.27963,0.88031 -1.30147,0.8009 -0.0219,-0.0794 -1.07939,1.38089 -1.10124,1.30145 -0.0219,-0.0794 -0.4787,1.98157 -0.50055,1.90217 -0.0219,-0.0794 0.12195,1.78134 0.1001,1.7019 -0.0219,-0.0794 -0.17839,2.0817 -0.20022,2.00226 -0.0219,-0.0794 -0.37861,1.38089 -0.40046,1.30148 -0.0219,-0.0794 -0.67894,1.58112 -0.67894,1.58112 h 2e-5 z" />
  </g>
  <g
     display="inline"
     id="g3">
    <path
       id="Rewa"
       d="m 173.31731,306.17468 -0.39728,-1.78137 -0.67575,-1.3515 -1.12628,-0.9761 -1.42661,0.22525 -0.82593,0.75085 -1.05119,1.57675 -0.22525,1.42664 c 0,0 0.2471,1.33084 0.32219,1.40591 0.0751,0.0751 0.0751,0.90103 0.0532,0.84662 -0.0219,-0.0544 -1.10442,0.50491 -1.12627,0.4505 -0.0219,-0.0544 -0.729,0.65509 -0.65391,0.65509 0.0751,0 0.82592,0.82593 0.80407,0.77151 -0.0219,-0.0544 0.24709,0.50492 1.0512,0.60068 0.8041,0.0957 1.89895,-0.32101 1.8771,-0.37543 -0.0219,-0.0544 1.44847,-0.39608 1.42662,-0.45049 -0.0219,-0.0544 1.22321,-1.07187 1.20136,-1.12629 -0.0219,-0.0544 1.14811,-0.54626 1.12626,-0.60067 -0.0219,-0.0544 1.2983,-0.0958 1.27645,-0.15015 -0.0219,-0.0544 0.69758,-0.77155 0.67575,-0.82593 -0.0219,-0.0544 -0.12831,-1.44732 -0.15016,-1.50171 -0.0219,-0.0544 -0.65394,-1.37219 -0.67579,-1.42672 -0.0219,-0.0543 -0.57882,-0.17096 -0.60067,-0.22525 -0.0219,-0.0543 -0.2034,1.70636 -0.22525,1.65197 -0.0219,-0.0544 -0.65393,0.42984 -0.65393,0.42984 z m 17.49473,-30.63458 1.70509,-0.35474 1.27643,-0.75082 0.67578,-1.35153 1.05118,-0.82593 1.5017,0.67575 1.27642,0.75085 1.42662,0.0751 0.82593,-1.42661 0.75084,-1.35153 1.42662,-0.4505 c 0,0 0.99796,0.57999 1.07305,0.57999 0.0751,0 1.35151,0.901 1.32966,0.84662 -0.0219,-0.0544 1.37338,0.73016 1.35153,0.67578 -0.0219,-0.0544 -0.20341,1.33081 -0.22528,1.27643 -0.0219,-0.0544 -0.27849,1.18066 -0.30034,1.12628 -0.0219,-0.0544 0.24713,1.25573 0.22528,1.20135 -0.0219,-0.0544 0.99794,0.95536 0.97609,0.901 -0.0219,-0.0544 1.29828,0.0544 1.27643,0 -0.0219,-0.0544 0.92288,-1.59747 0.90103,-1.652 -0.0219,-0.0543 1.22321,-1.44739 1.20134,-1.50177 -0.0219,-0.0543 0.99797,-0.6214 0.97609,-0.67572 -0.0219,-0.0542 1.52353,-0.4711 1.50168,-0.52543 -0.0219,-0.0544 1.14813,-1.07186 1.12628,-1.12625 -0.0219,-0.0544 1.74878,-0.77166 1.72693,-0.82592 -0.0218,-0.0544 -0.0157,-2.10431 -0.15024,-2.83448 -0.0673,-0.36514 -0.62962,-1.66079 -0.87523,-2.78756 -0.24562,-1.12677 -0.79399,-4.78754 -0.72046,-4.47687 0.14705,0.62134 -1.98645,1.06778 -2.0083,1.01343 -0.0219,-0.0543 -1.40474,0.50488 -1.42662,0.4505 -0.0219,-0.0543 -0.80409,0.95538 -0.82594,0.901 -0.0219,-0.0544 -1.32967,1.18066 -1.35152,1.12628 -0.0219,-0.0544 -1.40474,0.42981 -1.42662,0.37543 -0.0219,-0.0543 -2.08052,0.12966 -2.10237,0.0751 -0.0219,-0.0544 -1.17949,-0.62137 -1.20134,-0.67575 -0.0219,-0.0544 -1.02934,-1.44733 -1.05118,-1.50171 -0.0219,-0.0544 -0.50375,-1.37222 -0.5256,-1.42661 -0.0218,-0.0544 0.0969,-1.22204 0.0751,-1.27642 -0.0219,-0.0544 0.0969,-0.92173 0.0751,-0.97611 -0.0219,-0.0544 -0.80407,-0.47122 -0.82593,-0.5256 -0.0219,-0.0544 -1.47984,0.50488 -1.50169,0.4505 -0.0219,-0.0544 -0.80408,1.10559 -0.82593,1.0512 -0.0219,-0.0543 -1.78018,0.73014 -1.80203,0.67576 -0.0219,-0.0543 -2.08052,0.35485 -2.10236,0.30032 -0.0219,-0.0544 -1.40475,0.27966 -1.42662,0.22528 -0.0219,-0.0544 -1.10443,0.73013 -1.12628,0.67575 -0.0219,-0.0544 -1.47983,0.95541 -1.50168,0.901 -0.0219,-0.0544 -1.62999,0.65509 -1.65187,0.60068 -1.14816,0.47122 -2.30577,1.25577 -2.32762,1.20135 -0.0219,-0.0544 -0.65393,0.95542 -0.67578,0.90103 -0.0218,-0.0544 -1.17949,0.80524 -1.20134,0.75086 -0.0219,-0.0544 -0.95424,0.57995 -0.97609,0.52557 -0.0219,-0.0544 -0.12832,1.03052 -0.0532,1.03052 0.0751,0 1.05118,0.901 1.02933,0.84662 -0.0219,-0.0544 0.54744,1.33081 0.52561,1.27643 -0.0219,-0.0544 0.54744,1.10556 0.52558,1.05118 -0.0219,-0.0544 0.62253,0.73016 0.60068,0.67578 -0.0219,-0.0544 0.54744,1.25573 0.52559,1.20135 -0.0219,-0.0544 0.62254,1.40592 0.60069,1.3515 -0.0219,-0.0544 1.22322,1.10559 1.20134,1.05121 -0.0219,-0.0544 1.44847,0.50488 1.44847,0.50488 l 4e-5,3e-5 1e-5,4e-5 v 3e-5 3e-5 3e-5 3e-5 3e-5 3e-5 z"
       style="fill:#19c0ff;fill-opacity:1" />
  </g>
  <g
     display="inline"
     id="g4">
    <path
       id="Ra"
       style="fill:#aaaaff;stroke:#000000;stroke-opacity:0"
       d="m 163.70646,173.1246 a 1.05119,0.82593 0 0 1 -1.05119,0.82593 1.05119,0.82593 0 0 1 -1.05119,-0.82593 1.05119,0.82593 0 0 1 1.05119,-0.82593 1.05119,0.82593 0 0 1 1.05119,0.82593 z m 10.70175,-3.68173 a 0.94450003,1.83957 74.4762 0 1 -1.51968,1.40238 0.94450003,1.83957 74.4762 0 1 -2.02525,-0.4177 0.94450003,1.83957 74.4762 0 1 1.51968,-1.40239 0.94450003,1.83957 74.4762 0 1 2.02525,0.41771 z m 6.64281,-5.77893 -1.6737,0.32101 0.90101,1.27643 0.67579,1.65187 0.4505,0.67577 0.97608,-1.05118 0.30034,-1.57678 -0.52558,-1.12627 z m 3.45389,6.10967 a 1.05119,0.82593 0 0 1 -1.05119,0.82593 1.05119,0.82593 0 0 1 -1.05119,-0.82593 1.05119,0.82593 0 0 1 1.05119,-0.82593 1.05119,0.82593 0 0 1 1.05119,0.82593 z m -21.39911,6.20422 -2.12423,0.0207 -1.60182,0.20024 -1.60183,0.40045 -0.30034,1.30147 -1.00112,1.60182 -0.7008,1.00113 -1.70192,0.1001 c 0,0 -0.27848,1.18067 -0.27848,1.28079 0,0.1001 -0.40046,1.80201 -0.42231,1.72261 -0.0219,-0.0795 -0.0783,1.48102 -0.10011,1.40158 -0.0219,-0.0795 -0.17836,2.38202 -0.20022,2.30259 -0.0219,-0.0794 -0.17836,2.18181 -0.20025,2.10238 -0.0219,-0.0795 -0.87915,0.98043 -0.90103,0.90103 -0.0219,-0.0795 -1.27958,1.18068 -1.30146,1.10122 -0.0219,-0.0794 -1.17949,1.08059 -1.20134,1.00113 -0.0219,-0.0794 -0.67891,1.88147 -0.70079,1.80203 -0.0219,-0.0794 0.0219,1.38092 0.12198,1.48102 0.10012,0.10012 1.00112,1.60182 0.97924,1.52237 -0.0219,-0.0794 1.12313,1.38092 1.10125,1.30148 -0.0219,-0.0795 1.22322,1.08057 1.20134,1.00113 -0.0219,-0.0795 2.0241,1.48102 2.00225,1.40158 -0.0219,-0.0795 1.12313,0.47989 1.10125,0.40044 -0.0219,-0.0794 2.32444,0.98045 2.30261,0.90103 -0.0219,-0.0794 1.12311,0.98044 1.10122,0.90103 -0.0219,-0.0795 2.32447,1.18068 2.30262,1.10123 -0.0219,-0.0794 2.12423,1.38092 2.10237,1.30148 -0.0219,-0.0795 0.52241,2.08171 0.50055,2.00226 -0.0219,-0.0794 0.42231,1.68123 0.40043,1.60182 -0.0219,-0.0795 0.62255,1.38092 0.6007,1.30147 -0.0219,-0.0794 1.32331,1.18068 1.30146,1.10124 -0.0219,-0.0794 0.92289,0.58 0.90103,0.50055 -0.0219,-0.0795 0.72268,0.98044 0.82274,0.98044 0.10012,0 0.90103,1.10124 0.87918,1.02179 -0.0219,-0.0794 1.52356,0.68011 1.50168,0.60069 -0.0219,-0.0795 1.92401,0.27965 1.90216,0.20024 -0.0219,-0.0794 2.12426,-0.42114 2.10237,-0.50055 -0.0219,-0.0795 1.8239,0.0794 1.80202,0 -0.0219,-0.0795 0.72267,0.88033 0.70079,0.80089 -0.0219,-0.0794 0.62254,1.38092 0.60069,1.30147 -0.0219,-0.0794 1.32332,-0.22089 1.30147,-0.30034 -0.0219,-0.0794 1.32334,-0.42113 1.42343,-0.42113 0.1001,0 1.40161,-1.30148 1.37973,-1.38092 -0.0219,-0.0795 2.22435,-0.72148 2.20247,-0.8009 -0.0219,-0.0794 1.7238,-0.52124 1.70192,-0.60068 -0.0219,-0.0795 1.82392,-0.42114 1.80203,-0.50054 -0.0219,-0.0795 0.92287,-1.02179 0.90104,-1.10125 -0.0219,-0.0794 0.72265,-1.12191 0.70077,-1.20134 -0.0219,-0.0795 0.52243,-1.22203 0.50057,-1.30146 -0.0219,-0.0795 0.82276,-0.0207 0.80088,-0.10012 -0.0219,-0.0794 1.12311,0.88034 1.12311,0.98044 0,0.10011 1.20134,1.30148 1.17949,1.22203 -0.0219,-0.0794 1.32333,1.28079 1.30148,1.20134 -0.0219,-0.0794 1.22322,0.88034 1.20134,0.8009 -0.0219,-0.0795 1.62366,0.3798 1.60183,0.30034 -0.0219,-0.0794 1.72378,-0.321 1.70192,-0.40045 -0.0219,-0.0794 1.52356,0.0794 1.50167,0 -0.0219,-0.0794 1.92401,0.37979 1.90216,0.30036 -0.0219,-0.0795 1.8239,0.47988 1.80202,0.40043 -0.0219,-0.0794 1.52356,0.47989 1.5017,0.40045 -0.0219,-0.0795 1.52352,0.47989 1.50167,0.40046 -0.0219,-0.0795 1.02298,-0.22091 1.00113,-0.30036 -0.0219,-0.0794 0.32219,-1.52237 0.30034,-1.60181 -0.0219,-0.0794 0.4223,-1.42227 0.40045,-1.50169 -0.0219,-0.0794 0.12195,-1.42226 0.1001,-1.50168 -0.0218,-0.0794 0.32221,-1.42225 0.30036,-1.50168 -0.0219,-0.0795 1.02298,-1.32212 1.00112,-1.40158 -0.0219,-0.0794 0.52243,-1.32212 0.50055,-1.40158 -0.0219,-0.0794 -0.4787,-2.02292 -0.50055,-2.10237 -0.0219,-0.0794 0.12195,-1.62247 0.1001,-1.70192 -0.0219,-0.0794 0.12197,-1.22203 0.10012,-1.30147 -0.0219,-0.0794 -1.57998,-0.0207 -1.60183,-0.10009 -0.0219,-0.0795 -1.47982,0.27964 -1.50167,0.20022 -0.0219,-0.0794 -1.17949,-0.52124 -1.20134,-0.60068 -0.0219,-0.0795 -0.87915,-1.22203 -0.90104,-1.30148 -0.0219,-0.0794 -1.2796,-0.92168 -1.30146,-1.00113 -0.0219,-0.0794 -1.78019,0.47989 -1.80204,0.40045 -0.0219,-0.0795 -0.97924,-0.52124 -1.00112,-0.60069 -0.0219,-0.0794 0.22209,-0.92168 0.20024,-1.00113 -0.0219,-0.0794 0.42231,-0.92167 0.40043,-1.00113 -0.0219,-0.0794 -1.07937,-0.62133 -1.10122,-0.70079 -0.0219,-0.0794 -0.77906,0.47989 -0.80091,0.40046 -0.0219,-0.0795 -0.4787,-0.9217 -0.50055,-1.00113 -0.0219,-0.0795 0.52243,-0.82158 0.50055,-0.90103 -0.0219,-0.0794 0.32221,-0.82158 0.30036,-0.90104 -0.0219,-0.0794 -1.57994,0.17955 -1.60183,0.10012 -0.0219,-0.0795 -0.77903,0.47989 -0.80088,0.40043 -0.0219,-0.0794 -0.57882,-0.22088 -0.67897,-0.321 -0.10015,-0.10009 0.10012,-1.20134 0.0782,-1.28077 -0.0219,-0.0795 -0.27845,-0.92169 -0.30034,-1.00113 -0.0219,-0.0795 -0.3786,-1.62248 -0.40045,-1.70194 -0.0219,-0.0794 -1.07937,-1.02179 -1.07937,-1.12191 0,-0.1001 -1.80204,-1.20134 -1.82392,-1.2808 -0.0219,-0.0794 -1.98037,-1.02179 -2.00226,-1.10122 -0.0219,-0.0795 -1.78018,0.17955 -1.80201,0.1001 -0.0219,-0.0794 -1.07939,0.78024 -1.10124,0.70079 -0.0219,-0.0794 -0.27848,0.98045 -0.30034,0.90103 -0.0219,-0.0795 -0.87915,0.78022 -0.90103,0.70079 -0.0219,-0.0795 -1.17949,-0.12079 -1.20134,-0.20024 -0.0219,-0.0794 -0.57882,0.78022 -0.6007,0.70079 -0.0219,-0.0795 -1.27958,0.0794 -1.30147,0 -0.0219,-0.0795 -0.77903,-1.12192 -0.80088,-1.20134 -0.0219,-0.0795 -0.47872,-1.32213 -0.50055,-1.40159 -0.0219,-0.0794 0.82277,-1.52236 0.80089,-1.60182 -0.0219,-0.0794 0.62252,-1.52237 0.60067,-1.6018 -0.0219,-0.0795 1.42346,-0.82158 1.40158,-0.90104 -0.0219,-0.0794 1.32334,-0.32099 1.30149,-0.40045 -0.0219,-0.0794 0.72265,-1.32213 0.70079,-1.40156 -0.0219,-0.0795 -0.67893,-1.62249 -0.70079,-1.70194 -0.0219,-0.0794 -0.97927,-1.32213 -1.00115,-1.40156 -0.0219,-0.0795 -0.67891,-0.8216 -0.70077,-0.90104 -0.0219,-0.0794 0.0218,-1.12191 -0.0783,-1.22203 -0.1001,-0.10009 -1.00113,-0.90101 -1.02298,-0.98043 -0.0219,-0.0795 -1.68004,0.0794 -1.70192,0 -0.0219,-0.0795 -1.68004,-0.12081 -1.70192,-0.20025 -0.0219,-0.0794 0.42231,-1.02179 0.40043,-1.10124 -0.0219,-0.0794 -0.0782,-1.02179 -0.1001,-1.10122 -0.0219,-0.0795 -1.07939,-0.72149 -1.10124,-0.80091 -0.0219,-0.0794 -0.97925,-0.62134 -1.00113,-0.70079 -0.0219,-0.0794 -0.67891,0.88034 -0.70079,0.80091 -0.0219,-0.0795 -0.0782,1.68122 -0.1001,1.6018 -0.0219,-0.0794 -0.27847,1.38092 -0.30033,1.30149 -0.0219,-0.0795 -0.77906,1.18067 -0.80091,1.10122 -0.0219,-0.0794 -1.07937,0.37979 -1.10122,0.30036 -0.0219,-0.0795 -1.27961,0.0794 -1.30149,0 -0.0219,-0.0795 -1.47983,-0.52124 -1.50168,-0.6007 -0.0219,-0.0794 -1.68003,0.17955 -1.70192,0.10012 -0.0219,-0.0795 -0.87915,0.78022 -0.90103,0.70079 -0.0219,-0.0795 -0.77903,0.88032 -0.80088,0.80088 -0.0219,-0.0794 -0.77906,0.78023 -0.80091,0.70079 -0.0219,-0.0794 -1.27958,0.78023 -1.30147,0.70079" />
  </g>
  <g
     display="inline"
     id="g5">
    <path
       id="Namosi"
       d="m148.889771,258.77121l-1.723785,0.120789l-1.902161,-1.301453l-1.802017,-0.800903l-0.600693,1.201355l-0.100098,2.002258l0.70079,2.002258l1.70192,1.501678l1.401581,0.300354l1.20134,1.001129c0,0 0.622528,1.38089 0.622528,1.480988c0,0.100098 0.600677,2.102386 0.578842,2.022949c-0.021881,-0.079437 1.123108,0.980438 1.101227,0.901031c-0.021881,-0.079407 1.223221,0.379761 1.323318,0.379761c0.100113,0 1.601822,-0.400452 1.579971,-0.479889c-0.021881,-0.079437 1.823898,-0.52124 1.802032,-0.600677c-0.021881,-0.079437 1.323318,-0.621368 1.301468,-0.700775c-0.021881,-0.079407 1.623672,-0.821594 1.601807,-0.901031c-0.021866,-0.079437 1.123108,-0.821594 1.101242,-0.901001c-0.021866,-0.079407 1.02298,0.579987 1.001129,0.500549c-0.021866,-0.079437 1.123108,2.081696 1.101242,2.002258c-0.021881,-0.079437 1.323318,0.980438 1.301468,0.901031c-0.021866,-0.079407 1.423447,0.079407 1.401581,0c-0.021866,-0.079407 1.924011,-0.120819 1.902145,-0.200226c-0.021866,-0.079407 1.423447,0.079407 1.401581,0c-0.021866,-0.079407 0.121964,1.480988 0.121964,1.581116c0,0.100128 0.100128,2.002258 0.078262,1.922821c-0.021881,-0.079437 0.121979,1.981567 0.100098,1.902161c-0.021866,-0.079407 -0.378586,1.881439 -0.400436,1.802032c-0.021881,-0.079407 -0.478714,2.382019 -0.500565,2.302582c-0.021866,-0.079437 0.822769,1.981567 0.800903,1.902161c-0.021881,-0.079407 1.623657,-0.721497 1.601807,-0.800903c-0.021866,-0.079407 0.622543,-1.222046 0.600677,-1.301483c-0.021866,-0.079437 0.922867,-0.821564 1.022995,-0.821564c0.100128,0 1.001129,0.200195 0.979248,0.120789c-0.021866,-0.079407 0.722672,1.38089 0.70079,1.301453c-0.021866,-0.079437 0.422333,1.280792 0.400452,1.201355c-0.021881,-0.079437 1.123123,0.680115 1.101242,0.600677c-0.021881,-0.079437 1.02298,0.780212 1.001129,0.700806c-0.021881,-0.079407 1.323318,1.180664 1.301468,1.101227c-0.021881,-0.079437 0.422333,0.880341 0.400452,0.800903c-0.021881,-0.079437 1.223221,0.479889 1.20134,0.400452c-0.021881,-0.079437 0.822769,0.880341 0.800888,0.800903c-0.021866,-0.079437 0.922882,-0.421143 0.901031,-0.500549c-0.021881,-0.079407 0.322189,-1.222046 0.300339,-1.301483c-0.021866,-0.079437 0.52243,-1.322144 0.500549,-1.401581c-0.021866,-0.079437 1.123123,-0.020691 1.101242,-0.100098c-0.021881,-0.079407 1.52356,0.680084 1.501678,0.600677c-0.021866,-0.079407 1.123093,-0.220917 1.223221,-0.220917c0.100143,0 0.901031,-1.001129 0.87915,-1.080566c-0.021881,-0.079437 0.922882,-1.121918 1.02298,-1.121918c0.100113,0 0.50058,-1.301483 0.779053,-1.781403c0.278458,-0.479919 1.423447,-0.421082 1.401581,-0.500519c-0.021881,-0.079437 1.423447,0.579987 1.401566,0.50058c-0.021866,-0.079407 1.223221,0.780212 1.20134,0.700775c-0.021866,-0.079437 0.422333,-0.921692 0.400452,-1.001129c-0.021881,-0.079437 -0.378601,-1.622498 -0.400452,-1.701904c-0.021866,-0.079407 -0.979248,-0.721497 -1.001129,-0.800903c-0.021881,-0.079407 -1.179489,-0.921722 -1.20134,-1.001129c-0.021881,-0.079407 -0.678909,-1.422272 -0.70079,-1.501709c-0.021881,-0.079437 -1.079376,-1.422272 -1.101227,-1.501678c-0.021881,-0.079407 -0.578812,-1.622498 -0.600693,-1.701935c-0.021881,-0.079437 -0.87915,-1.422272 -0.901031,-1.501678c-0.021866,-0.079407 -0.779037,-1.02182 -0.800888,-1.101257c-0.021881,-0.079437 -1.279602,-0.321014 -1.301468,-0.400452c-0.021881,-0.079437 -2.180634,-0.821594 -2.202484,-0.901001c-0.021866,-0.079407 -1.079376,-0.821594 -1.101227,-0.901031c-0.021881,-0.079437 -0.678909,-1.02182 -0.70079,-1.101227c-0.021881,-0.079407 -0.678909,-2.423401 -0.70079,-2.502838c-0.021881,-0.079437 -0.378601,-1.822723 -0.400452,-1.90213c-0.021866,-0.079407 -1.079376,-1.722626 -1.101227,-1.802032c-0.021881,-0.079407 -1.680054,-1.522369 -1.70192,-1.601807c-0.021881,-0.079453 -1.88028,-0.721481 -1.902161,-0.800903c-0.021881,-0.079437 -2.58107,-1.322128 -2.602951,-1.401581c-0.021881,-0.079437 -1.579941,-0.52124 -1.601822,-0.600677c-0.021866,-0.079453 -1.279587,-0.921692 -1.301468,-1.001129c-0.021881,-0.079453 -0.578812,-1.72261 -0.600693,-1.802032c-0.021866,-0.079437 -0.979248,-1.72261 -1.001129,-1.802017c-0.021866,-0.079453 -0.979248,-1.222031 -1.001129,-1.301483c-0.021881,-0.079437 -1.079391,-1.222031 -1.101227,-1.301468c-0.021881,-0.079453 -2.080521,0.17955 -2.102371,0.100098c-0.021881,-0.079437 -1.179489,0.379791 -1.20134,0.300354c-0.021881,-0.079453 -1.88028,0.279648 -1.902161,0.200226c-0.021881,-0.079437 -1.680038,-0.120789 -1.70192,-0.200226c-0.021881,-0.079453 -1.279602,-0.721481 -1.301483,-0.800903c-0.021866,-0.079437 -1.479828,-0.320999 -1.501678,-0.400452c-0.021881,-0.079437 -1.079391,0.980453 -1.101242,0.901031c-0.021866,-0.079437 -0.078247,1.481033 -0.100098,1.401581c-0.021881,-0.079437 0.822769,1.481018 0.800888,1.401581c-0.021866,-0.079453 1.423462,0.379791 1.401581,0.300339c-0.021881,-0.079437 1.52356,0.880341 1.501694,0.800888c-0.021881,-0.079437 -0.278473,0.880341 -0.300354,0.800903c-0.021881,-0.079453 -1.179489,0.580002 -1.20134,0.500549c-0.021881,-0.079437 -1.079376,0.580002 -1.101227,0.500565c-0.021881,-0.079437 -0.678925,1.280792 -0.578842,1.280792c0.100098,0 1.601822,0.901016 1.579971,0.821579c-0.021881,-0.079437 1.02298,1.280792 1.001129,1.201355c-0.021881,-0.079453 -0.17836,1.080566 -0.200241,1.001129c-0.021881,-0.079453 -1.3797,0.479889 -1.401581,0.400452c-0.021866,-0.079437 -1.279587,0.379761 -1.301468,0.300354c-0.021881,-0.079407 -0.87915,0.780212 -0.901031,0.700775c-0.021881,-0.079437 -0.779037,0.980438 -0.800888,0.901031c-0.021881,-0.079407 -1.179489,0.279633 -1.20134,0.200226c-0.021881,-0.079407 -1.279602,0.579987 -1.279602,0.579987l0.000031,0l0.000031,0l0.000015,0z"
       stroke-opacity="0"
       stroke-linecap="null"
       stroke-linejoin="null"
       stroke-dasharray="null"
       stroke-width="null"
       stroke="#000000"
       fill="#ffaaaa" />
  </g>
  <g
     display="inline"
     id="g6">
    <path
       id="Naitasiri"
       d="m187.066132,212.46962l-2.991852,0.387741l-1.868774,1.067871l-1.545486,1.097122l-1.391159,1.03862l-2.269226,0.133469l-0.667419,-0.934387l-0.934387,-1.20134l-2.325562,0.506851l-2.212921,0.279419l-2.536179,-1.186752l-2.002258,-2.135727l-1.601822,-1.20134l-0.800903,-1.735291l-1.20134,-3.070129l-1.601807,-1.201355l-1.468323,-1.201355l-2.079407,-0.717499l-0.456772,1.785385l0.266968,1.735291c0,0 1.214859,1.614563 1.214859,2.142242c0,0.527679 -0.625717,1.074097 -0.680923,1.061386c-0.055206,-0.012695 -0.745697,1.614532 -0.800903,1.601822c-0.055206,-0.012711 -0.879181,1.214081 -0.934387,1.20134c-0.055206,-0.012711 -0.612213,1.614532 -0.667419,1.601822c-0.055206,-0.012711 -0.345245,1.88147 -0.400452,1.868759c-0.055206,-0.012711 -0.478729,1.88147 -0.533936,1.868759c-0.055206,-0.012711 0.18869,2.281952 0.133484,2.269241c-0.055222,-0.012711 -0.345261,2.415421 -0.400452,2.40271c-0.055206,-0.012711 0.188705,1.26413 0.133484,2.002258c-0.055222,0.738113 0.655838,0.980469 1.20134,0.667419c0.545486,-0.313049 1.628342,-0.773056 2.333359,-0.954712c0.747269,-0.266129 2.437546,-1.604233 2.002228,-1.067871c-0.562057,0.451889 0.925491,-1.435287 0.87027,-1.447983c-0.055206,-0.012711 0.722641,-1.722595 0.667419,-1.735291c-0.055206,-0.012711 1.923981,-1.322144 1.868774,-1.334854c-0.055222,-0.012695 1.523529,0.146194 1.468307,0.133484c-0.055222,-0.012711 1.523529,1.080566 1.468323,1.067856c-0.055222,-0.012695 0.18866,1.481033 0.133469,1.468323c-0.055222,-0.012711 -0.211761,2.148453 -0.266983,2.135742c-0.055206,-0.012711 -0.211746,1.748001 -0.266968,1.735291c-0.055222,-0.012711 -1.146149,0.546646 -1.20134,0.533936c-0.055222,-0.012711 -2.247894,0.456985 -2.936661,0.486526c-0.81546,0.029526 -1.813568,-0.340317 -1.868759,-0.353027c-0.055222,-0.012695 -1.813568,1.347565 -1.868759,1.334854c-0.055222,-0.012711 -1.947052,1.88147 -2.002274,1.868759c-0.055206,-0.012711 -1.01265,1.481018 -1.067856,1.468307c-0.055222,-0.012711 -1.01265,2.014969 -1.067871,2.002274c-0.055222,-0.012711 -1.01265,1.747986 -1.067871,1.735275c-0.055222,-0.012695 -0.612198,2.281952 -0.667419,2.269241c-0.055222,-0.012711 -1.01265,2.281952 -1.067871,2.269241c-0.055222,-0.012711 0.322159,2.014969 0.455673,2.014969c0.133469,0 0.533936,1.334839 0.478729,1.322144c-0.055222,-0.012711 1.656998,2.014969 1.601807,2.002258c-0.055206,-0.012711 1.39006,1.080582 1.334854,1.067871c-0.055222,-0.012711 1.870819,1.550095 1.411743,1.252289c-0.530365,-0.274048 2.547333,0.25592 2.064468,0.266968c-0.577896,0.011063 2.900253,-0.678467 2.678726,-0.572388c-0.577896,0.106079 2.309738,-0.266739 2.443222,-0.266739c0.133469,0 1.334839,1.067856 1.279617,1.055161c-0.055222,-0.012711 1.39006,1.88147 1.334839,1.868759c-0.055206,-0.012711 1.123093,2.415421 1.067871,2.40271c-0.055222,-0.012711 1.301788,1.994644 1.246582,1.981934c-0.340317,-0.36116 0.953339,0.503632 1.498611,0.693695c0.57695,0.34845 2.649368,1.409546 2.023956,1.206772c-0.498703,-0.139404 2.494171,0.93576 2.43895,0.92305c-0.055206,-0.012711 2.057449,1.453934 1.622147,1.282822c-0.625412,-0.266113 2.037125,2.600891 1.981934,2.588226c-0.055206,-0.012726 0.371994,2.662018 0.285095,2.269257c0.039825,-0.614624 1.238434,2.815887 1.183228,2.803162c-0.055222,-0.012756 1.170486,1.242706 1.719559,1.291779c0.549072,0.260162 2.19989,0.7164 2.333359,0.7164c0.766998,0 1.397415,-0.449524 1.891251,-0.588867c0.873962,-0.308411 1.361359,-1.511475 1.85524,-1.735291c0.705017,-0.350647 1.866623,-0.872681 1.811401,-0.885345c-0.055222,-0.012726 2.5914,-1.18866 2.536179,-1.201294c-0.055222,-0.012756 1.508377,-0.78653 1.917801,-1.263977c0.747284,-0.181671 3.878799,-0.127533 3.147827,-0.098022c-1.068863,0.198456 1.915665,-0.822113 2.409485,-1.299377c0.493835,-0.477173 2.057449,-1.330536 2.002258,-1.343201c-0.055222,-0.012726 0.989578,0.012848 0.989578,0.146179c0,0.133484 0.533951,2.40271 0.478729,2.389984c-0.055206,-0.012695 1.123093,2.54892 1.067871,2.536194c-0.055222,-0.012756 0.489532,0.813568 1.110123,1.223267c0.62056,0.409729 1.937546,0.152954 2.600327,0.01355c0.662811,-0.139374 1.95108,-1.090637 1.895874,-1.103302c-0.055222,-0.012726 1.123077,-1.322144 1.067856,-1.334839c-0.055206,-0.012726 1.790512,-0.52124 1.735291,-0.533966c-0.055206,-0.012756 0.905121,-0.223999 1.292023,-0.688599c0.386887,-0.46463 1.18367,0.605591 1.18367,0.472046c0,-0.133423 0.549866,4.164917 0.532089,4.510193c-0.017792,0.345276 0.479691,2.354645 0.617737,2.981476c0.034531,0.156708 0.015015,2.206085 0.351501,2.410248c0.084122,0.051147 0.584473,0.026367 0.8452,0.398132c0.260742,0.371765 0.123489,1.64682 0.8647,1.763184c0.741211,0.116364 3.026093,-2.826538 3.69632,-2.971497c0.335129,-0.072479 0.650421,0.143036 0.224823,0.629913c-0.212799,0.243439 -1.014709,1.869293 -1.743561,2.927368c-0.728851,1.058075 -0.21254,1.675049 0.310471,1.864685c0.130737,0.047394 0.652008,-0.309723 1.373398,-0.876312c1.752731,-1.461792 2.10405,1.819183 2.872543,1.1745c0.768478,-0.644653 0.591995,-2.364014 0.972168,-2.676117c0.380157,-0.312103 1.267838,0.267242 2.028,-0.441467c0.760147,-0.708679 1.392807,-2.705414 1.516327,-2.97467c0.247025,-0.538513 1.002594,-1.756439 1.108704,-1.995667c0.10611,-0.239227 -5.643982,-1.880096 -5.56337,-1.786621c0.322418,0.373993 -2.384933,-2.616364 -2.004013,-2.142639c0.38092,0.473724 -2.020004,-3.446045 -2.466736,-3.723755c-0.424774,-0.445587 -2.083511,-3.11319 -2.138702,-3.125854c-0.055222,-0.012726 0.459106,-1.552887 0.522675,-1.969452c0.206116,-0.440338 0.867386,-1.621902 0.812164,-1.634613c-0.055206,-0.012711 0.85611,-1.055161 0.800903,-1.067871c-0.055222,-0.012711 -0.277405,-1.223663 -0.315872,-1.556274c-0.252258,-0.190063 -1.150421,-0.65834 -1.680756,-0.789841c-0.340317,-0.012711 -1.817017,-0.835709 -1.492081,-0.705856c0.372437,0.129837 -1.661942,-1.340256 -1.717163,-1.352966c-0.055222,-0.012711 -1.213989,-0.565323 -1.736664,-0.698792c-0.475143,-0.085953 -1.58931,-0.139114 -2.072159,-0.175583c-0.459106,0.058563 -1.475327,-0.447769 -1.530548,-0.460464c-0.055222,-0.012711 -0.612198,-1.589111 -0.667419,-1.601822c-0.055222,-0.012711 -1.413132,-1.72258 -1.468323,-1.735291c-0.055206,-0.012711 0.18869,-1.589111 0.133484,-1.601822c-0.055222,-0.012711 -0.345261,-1.322128 -0.400452,-1.334839c-0.055222,-0.012711 -1.264496,-0.05661 -1.995468,-0.111588c-0.857697,-0.097183 -1.286423,-1.610992 -1.341614,-1.623703c-0.055206,-0.012711 0.322174,-2.123016 0.266983,-2.135727c-0.055222,-0.012711 0.055222,-1.72258 0,-1.735291c-0.055222,-0.012711 -1.279633,-1.72258 -1.334839,-1.735291c-0.055222,-0.012711 -0.879181,0.813599 -0.934402,0.800888c-0.055222,-0.012711 -0.745697,0.947113 -0.800888,0.934402c-0.055222,-0.012711 -2.126907,0.663239 -2.586014,0.507996c-0.387833,-0.036469 -1.394974,-0.82103 -1.576904,-1.118835c-0.435349,-0.614548 -0.453812,-1.912643 -0.509033,-1.925339c-0.055222,-0.012711 -0.046616,-1.082275 0.080093,-1.469162c0.34845,-0.228516 1.092682,-0.555405 1.607681,-0.663147c0.641678,0.082321 1.823364,0.011444 2.182144,-0.439072c0.358749,-0.450562 0.603806,-1.51088 0.707001,-1.967072c-0.150253,-0.456192 -0.078293,-1.292664 -0.386902,-1.653809c-0.371979,-0.171097 -0.797699,-1.13208 -1.264679,-1.334854c-0.403656,-0.202774 -1.668747,-0.869659 -1.723938,-0.882385c-0.055222,-0.012711 -1.566925,0.729919 -2.033951,0.843918c-0.593719,0.177353 -2.051056,0.311356 -2.613083,0.298645c-0.562057,0.113998 -1.528488,0.329498 -2.312241,-0.063339c-0.467026,-0.076065 -1.128036,-0.799545 -1.183228,-0.812256c-0.055222,-0.012711 0.055222,-1.72258 0,-1.735291c-0.055222,-0.012711 -0.211761,-1.455612 -0.266968,-1.468307c-0.055222,-0.012711 -0.745712,-2.123032 -0.800903,-2.135742c-0.055206,-0.012711 -0.612198,-1.856049 -0.667419,-1.868759c-0.055206,-0.012711 0.18869,-2.656982 0.133484,-2.669693c-0.055191,-0.012695 -0.745712,-1.72258 -0.745712,-1.72258l0.000031,-0.000046l0.000031,-0.000061l0.000015,-0.000031l0,-0.000031l0,-0.000015z"
       stroke-opacity="0"
       stroke-linecap="null"
       stroke-linejoin="null"
       stroke-dasharray="null"
       stroke-width="null"
       stroke="#000000"
       fill="#aaffff" />
  </g>
  <g
     display="inline"
     id="g7">
    <path
       id="Nadroga-and-Navosa"
       style="fill:#ffaaff;stroke:#000000;stroke-opacity:0"
       d="m 69.872861,264.08832 a 1.05119,0.82593 0 0 1 -1.05119,0.82593 1.05119,0.82593 0 0 1 -1.05119,-0.82593 1.05119,0.82593 0 0 1 1.05119,-0.82593 1.05119,0.82593 0 0 1 1.05119,0.82593 z m 39.505649,55.4848 -0.98959,1.58911 -1.20135,0.93439 0.8009,2.80316 0.93439,2.93665 0.8009,1.86877 1.20135,1.60181 1.06787,1.73529 1.46832,0.53393 0.26697,-2.13574 -1.06787,-1.73529 c 0,0 -0.34525,-2.25653 -0.47873,-2.25653 -0.13348,0 0.26697,-1.86877 0.21176,-1.88147 -0.0552,-0.0127 0.32217,-1.18866 0.26697,-1.20132 -0.0552,-0.0127 0.32217,-1.85611 0.26697,-1.86856 -0.0552,-0.0129 -1.01266,-1.98957 -1.06787,-2.00232 -0.0552,-0.0129 -1.14615,-1.05536 -1.20135,-1.06781 -0.0552,-0.0129 -1.27963,0.14618 -1.27963,0.14618 l -10e-6,-4e-5 v -3e-5 -3e-5 -3e-5 -3e-5 -3e-5 -3e-5 -3e-5 z m 19.38855,-57.29797 0.57883,-2.78247 0.8009,-2.10236 1.80203,-1.00113 3.00339,-0.30035 2.60293,-0.40046 2.40271,-0.40045 c 0,0 1.52355,0.47991 1.62366,0.58 0.10011,0.10012 1.90216,0.80089 1.8803,0.72149 -0.0219,-0.0794 1.2232,0.78021 1.20135,0.70077 -0.0219,-0.0794 1.12309,1.08054 1.72377,1.28079 0.60068,0.20026 2.80316,-0.10013 2.78131,-0.17953 -0.0219,-0.0794 2.42456,-0.32099 2.40271,-0.40045 -0.0219,-0.0794 1.1231,-1.5224 1.10124,-1.60181 -0.0219,-0.0794 2.7249,-0.32105 2.70305,-0.40047 -0.0219,-0.0794 0.62253,-1.52237 0.60068,-1.60181 -0.0219,-0.0794 -1.8803,-1.12191 -1.90215,-1.20134 -0.0219,-0.0795 -0.57884,-1.62248 -0.60069,-1.70193 -0.0219,-0.0794 2.12422,-0.42113 2.10237,-0.50055 -0.0219,-0.0794 1.22322,-0.62134 1.20134,-0.70079 -0.0219,-0.0794 -0.87918,-0.92168 -0.90103,-1.00113 -0.0218,-0.0794 -1.78017,-0.52124 -1.80202,-0.60068 -0.0219,-0.0794 -1.47984,-1.62248 -1.50167,-1.70192 -0.0219,-0.0794 0.62252,-1.72261 0.60067,-1.80203 -0.0219,-0.0794 1.42343,-0.62134 1.40158,-0.70079 -0.0219,-0.0794 -1.68006,-1.52237 -1.70192,-1.6018 -0.0219,-0.0795 -1.07939,-1.42228 -1.17948,-1.52239 -0.10012,-0.1001 -0.70079,-1.90214 -0.72265,-1.98157 -0.0219,-0.0795 0.72265,-1.72261 0.70079,-1.80203 -0.0219,-0.0794 0.42229,-2.82384 0.40044,-2.90326 -0.0218,-0.0794 1.72377,-2.92395 1.70194,-3.00338 -0.0219,-0.0795 1.62365,-1.92283 1.6018,-2.00226 -0.0219,-0.0795 1.72377,-1.72261 1.70192,-1.80203 -0.0219,-0.0795 1.82389,-1.92283 1.80203,-2.00226 -0.0219,-0.0795 2.22432,-0.62136 2.20247,-0.70079 -0.0219,-0.0795 1.82387,0.37977 1.80204,0.30034 -0.0219,-0.0795 1.82386,-0.2209 1.80201,-0.30034 -0.0219,-0.0795 1.22322,-0.92169 1.20134,-1.75199 -0.0219,-0.83027 0.32219,-2.77378 0.30034,-2.85322 -0.0219,-0.0795 -0.17839,-1.52239 -0.20022,-1.60182 -0.0219,-0.0794 -1.27964,-0.52124 -1.30149,-0.60068 -0.0219,-0.0794 -1.9804,0.17955 -2.00225,0.10011 -0.0219,-0.0794 -1.0794,1.48102 -1.10125,1.40158 -0.0219,-0.0794 -0.67894,1.78136 -0.70079,1.70192 -0.0219,-0.0794 -1.37973,1.48102 -1.40158,1.40158 -0.0218,-0.0794 -2.28074,0.98046 -2.30259,0.90102 -0.0219,-0.0794 -1.78019,0.98045 -1.80204,0.90102 -0.0219,-0.0794 -0.97928,-0.72147 -1.00113,-0.80089 -0.0219,-0.0795 0.32219,-2.32328 0.30034,-2.40271 -0.0218,-0.0795 -0.0782,-2.32328 -0.10009,-2.40271 -0.0219,-0.0795 -0.0783,-1.32215 -0.1001,-1.40158 -0.0219,-0.0795 -1.98043,0.27964 -2.00228,0.20024 -0.0219,-0.0795 -1.47982,-1.22203 -1.50167,-1.30149 -0.0219,-0.0794 -1.47983,-0.82157 -1.50168,-0.90101 -0.0219,-0.0794 -0.77906,1.48102 -0.80091,1.40156 -0.0219,-0.0794 -1.37973,0.98046 -1.40158,0.90104 -0.0218,-0.0794 -0.77903,1.18067 -0.80088,1.10124 -0.0219,-0.0795 -1.57998,1.38092 -1.60183,1.30147 -0.0218,-0.0794 -1.47982,-0.12079 -1.50167,-0.20025 -0.0219,-0.0794 -1.37973,-0.72146 -1.40159,-0.80088 -0.0218,-0.0795 -0.3786,0.98043 -0.40045,0.90103 -0.0219,-0.0795 -0.47871,1.58113 -0.50056,1.50168 -0.0219,-0.0795 -1.68007,1.58113 -1.70192,1.50167 -0.0219,-0.0794 -1.68007,0.98046 -1.70192,0.90103 -0.0219,-0.0795 -2.08052,-0.42112 -2.10237,-0.50054 -0.0219,-0.0795 -1.98041,-0.9217 -2.00226,-1.00113 -0.0219,-0.0795 -2.18064,-0.2209 -2.20249,-0.30036 -0.0219,-0.0794 -0.17837,1.48104 -0.20022,1.40158 -0.0219,-0.0794 0.72264,1.88147 0.70079,1.80204 -0.0219,-0.0795 1.2232,2.38201 1.20135,2.30259 -0.0219,-0.0794 1.22321,2.18183 1.20134,2.10237 -0.0219,-0.0794 0.42231,1.78138 0.40046,1.70192 -0.0219,-0.0794 -0.77906,1.38092 -0.80089,1.30149 -0.0219,-0.0795 -1.47985,0.6801 -1.5017,0.60067 -0.0219,-0.0794 -0.0783,1.58113 -0.10011,1.50168 -0.0219,-0.0794 -1.68007,0.27966 -1.70192,0.20024 -0.0219,-0.0794 -2.58109,0.6801 -2.60294,0.6007 -0.0219,-0.0795 -1.98041,0.68009 -2.00226,0.60067 -0.0219,-0.0794 -0.67894,1.58113 -0.70079,1.50168 -0.0219,-0.0794 -0.3786,1.38092 -0.40045,1.30148 -0.0219,-0.0795 -2.6812,-0.42114 -2.70305,-0.50055 -0.0219,-0.0795 -0.3786,-1.82272 -0.40045,-1.90216 -0.0219,-0.0795 -0.27849,-2.32327 -0.30034,-2.40271 -0.0219,-0.0795 -1.68007,-1.22203 -1.70192,-1.30148 -0.0219,-0.0794 -1.57996,-0.52121 -1.60181,-0.60068 -0.0219,-0.0795 -1.57996,-1.32213 -1.60181,-1.40158 -0.0219,-0.0794 -1.78017,-0.82158 -1.80202,-0.90103 -0.0219,-0.0794 0.0219,1.68124 0,1.60182 -0.0219,-0.0794 -0.77905,1.08058 -0.8009,1.00113 -0.0219,-0.0794 -1.57996,-0.12079 -1.60181,-0.20024 -0.0219,-0.0794 -1.68008,0.27966 -1.70192,0.20024 -0.0219,-0.0794 -1.78018,0.0794 -1.80203,0 -0.0219,-0.0794 -1.78018,-0.22088 -1.88029,-0.22088 -0.10011,0 -1.70192,0.70077 -1.72376,0.62133 -0.0219,-0.0794 0.12196,1.18068 0.10011,1.10125 -0.0219,-0.0795 1.42343,0.78022 1.40158,0.70077 -0.0219,-0.0794 -0.17838,1.28079 -0.20023,1.20134 -0.0218,-0.0794 -0.87917,2.48216 -0.90102,2.40274 -0.0219,-0.0794 0.12196,2.68237 0.10011,2.60295 -0.0219,-0.0794 0.82275,1.98158 0.8009,1.90216 -0.0219,-0.0794 0.32219,2.18181 0.30034,2.10237 -0.0219,-0.0795 0.0219,2.28192 0,2.20247 -0.0219,-0.0794 -0.87917,1.58113 -0.90102,1.50168 -0.0218,-0.0794 -0.97928,1.78137 -1.00113,1.70192 -0.0219,-0.0794 -1.27962,1.58113 -1.30148,1.50169 -0.0218,-0.0795 -1.27962,2.38202 -1.30148,2.3026 -0.0218,-0.0794 -3.081653,-0.22088 -3.103488,-0.30034 -0.02185,-0.0794 -3.08165,-0.0207 -3.1035,-0.1001 -0.02185,-0.0795 -2.380859,0.37978 -2.40271,0.30034 -0.02185,-0.0794 -1.179504,-1.22203 -1.201355,-1.30148 -0.02185,-0.0794 -1.37973,-1.62247 -1.401581,-1.70192 -0.02185,-0.0794 -2.681198,-0.62134 -2.781311,-0.62134 -0.100105,0 -2.703049,-0.90103 -2.724899,-0.98044 -0.02185,-0.0795 -2.514359,-1.85609 -3.303726,-3.1035 -0.789383,-1.24742 -1.780182,-3.2243 -1.802032,-3.30374 -0.02185,-0.0795 -0.879166,-1.52237 -0.901016,-1.60182 -0.02185,-0.0794 -1.079384,-2.12305 -1.101234,-2.20247 -0.02185,-0.0794 -1.37973,-1.62246 -1.401581,-1.70192 -0.02185,-0.0794 -0.879166,-1.22203 -0.901016,-1.30147 -0.02185,-0.0794 -1.479843,1.38092 -1.501694,1.30147 -0.02185,-0.0794 -1.680069,0.88034 -1.70192,0.80089 -0.02185,-0.0794 -1.780167,-0.12079 -1.802017,-0.20023 -0.02185,-0.0794 -2.280746,-0.2209 -2.302597,-0.30035 -0.02185,-0.0794 -1.479843,0.98045 -1.501694,0.90103 -0.02185,-0.0794 -0.879166,1.78137 -0.901016,1.70192 -0.02185,-0.0794 -0.979294,1.08058 -1.001144,1.00113 -0.02183,-0.0794 0.222084,1.58113 0.222084,1.68124 0,0.1001 1.501686,1.40157 1.479836,1.32213 -0.02185,-0.0795 -0.278496,0.88034 -0.300346,0.80089 -0.02184,-0.0794 -0.578835,1.78137 -0.600693,1.70192 -0.02185,-0.0794 -0.578827,1.68124 -0.600677,1.60182 -0.02185,-0.0795 -1.279625,1.98159 -1.301483,1.90216 -0.02183,-0.0795 -0.07825,1.78136 -0.100105,1.70192 -0.02185,-0.0795 0.822746,0.88034 0.800896,0.80089 -0.02183,-0.0794 0.02185,1.48103 0,1.40158 -0.02183,-0.0794 0.922874,1.58112 0.901024,1.50168 -0.02185,-0.0794 1.823875,2.28192 1.802017,2.20248 -0.02185,-0.0794 1.423416,1.78135 1.401581,1.70194 -0.02185,-0.0794 1.223206,1.78134 1.201347,1.70187 -0.02185,-0.0794 1.323318,0.78022 1.301483,0.70084 -0.02185,-0.0794 -0.278503,1.98157 -0.300354,1.90213 -0.02185,-0.0794 -0.278496,2.28192 -0.300346,2.20245 -0.02184,-0.0794 0.922867,2.28192 0.901016,2.20249 -0.02185,-0.0794 1.123093,1.48102 1.101242,1.40158 -0.02185,-0.0794 1.623657,1.48102 1.601814,1.40158 -0.02184,-0.0794 1.423416,0.68008 1.401566,0.60068 -0.02183,-0.0794 2.124222,0.37976 2.102371,0.30035 -0.02185,-0.0794 2.224327,0.88031 2.202477,0.80087 -0.02185,-0.0796 2.024124,0.0794 2.002274,0 -0.02185,-0.0796 2.124207,0.3797 2.102356,0.30014 -0.02184,-0.0794 1.823883,1.68125 1.823883,1.78135 0,0.10009 1.301483,1.10128 1.401581,1.10128 0.100113,0 1.301483,1.10105 2.606117,1.5224 1.304649,0.42145 3.550835,0.58014 3.528984,0.52555 -0.02185,-0.0544 2.34948,-0.0207 2.327629,-0.0751 -0.02186,-0.0542 1.523537,-0.54608 1.501686,-0.6007 -0.02187,-0.0544 1.823883,0.65509 1.802025,0.6007 -0.02185,-0.0542 2.049126,1.10556 2.049126,1.18067 0,0.0751 2.10236,0.15014 2.08052,0.0958 -0.0219,-0.0544 2.1993,-0.62137 2.17746,-0.67578 -0.0219,-0.0544 2.27439,0.88034 2.25253,0.82593 -0.0219,-0.0544 3.02525,0.65509 3.00341,0.60068 -0.0219,-0.0544 2.34946,1.03054 2.3276,0.9761 -0.0219,-0.0544 1.74879,0.65509 1.72695,0.60068 -0.0219,-0.0544 2.79998,0.35477 2.77813,0.30035 -0.0218,-0.0544 1.59862,1.10559 1.57677,1.05118 -0.0219,-0.0544 1.82388,1.18066 1.80201,1.12628 -0.0219,-0.0544 2.8751,0.35474 2.85323,0.30033 -0.0219,-0.0544 1.62366,0.32962 2.42773,0.47555 0.80409,0.14594 2.32446,1.38089 2.3026,1.30145 -0.0219,-0.0794 1.82388,0.27967 1.80203,0.20023 -0.0219,-0.0794 0.0219,-3.52463 0,-3.60407 -0.0219,-0.0794 0.22208,-2.02294 0.20023,-2.10235 -0.0218,-0.0794 0.62254,-2.4234 0.60069,-2.50284 -0.0219,-0.0794 1.42343,-1.82272 1.40158,-1.90213 -0.0219,-0.0794 0.92287,-1.22205 0.90102,-1.30148 -0.0218,-0.0794 0.92288,-2.12305 0.90103,-2.20243 -0.0219,-0.0795 0.0219,-1.02182 0,-1.10128 -0.0219,-0.0794 -1.68007,-0.22092 -1.70192,-0.30024 -0.0219,-0.0795 -2.5811,0.0795 -2.60295,0 -0.0219,-0.0795 -0.97928,-1.22216 -1.00113,-1.30136 -0.0219,-0.0796 -0.67894,-1.72281 -0.70079,-1.80203 -0.0219,-0.0794 -1.47984,-1.02182 -1.50169,-1.10126 -0.0218,-0.0796 -0.77904,-1.32214 -0.80089,-1.40158 -0.0219,-0.0795 0.12195,-1.92282 0.1001,-2.00225 -0.0219,-0.0796 1.32333,-0.72168 1.30148,-0.80091 -0.0218,-0.0794 1.02296,-1.2221 1.02296,-1.2221 h 5e-5 3e-5 v 0 h 3e-5 3e-5 v 3e-5 l -2e-5,3e-5 v 3e-5 z" />
  </g>
  <g
     display="inline"
     id="g8">
    <path
       id="Macuata"
       d="m 252.08113,63.726219 0.57884,1.297119 -0.15017,1.426613 -0.82595,0.750847 -1.57676,0.675758 -1.35154,0.750854 -0.75084,0.750847 1.72696,0.675774 1.80204,0.07508 1.50167,-0.825943 0.97609,-1.802017 0.45053,-1.877121 -0.37544,-1.576775 c 0,0 -0.57883,-0.321018 -0.65393,-0.396107 -0.0751,-0.07508 -1.35152,0.07508 -1.35152,0.07508 l 2e-5,-1.1e-5 z m 4.58016,-2.477798 -0.6225,1.222031 -0.15018,0.90102 0.67575,0.600677 0.67578,-1.12627 0.0751,-1.351517 -0.65393,-0.245934 v -8e-6 z m 38.96896,-9.98626 -0.62253,0.77153 0.67578,0.450508 c 0,0 0.54743,-0.546268 0.6225,-0.546268 0.0751,0 -0.15018,-0.90102 -0.172,-0.955433 -0.0218,-0.05441 -0.50375,0.279663 -0.50375,0.279663 z m -1.72696,-2.177452 -1.5986,-0.12949 -0.30036,0.750851 0.82596,0.600681 0.901,-0.07508 0.90103,-0.750851 m 6.0286,0.73016 -1.29828,0.24593 -0.30032,0.976101 1.57678,0.150169 0.901,-0.37542 0.5256,-0.90102 z m 2.02728,-2.402709 -1.44842,0.696442 0.901,0.600677 1.20135,-0.976097 z m -15.61761,-18.1705 -0.99793,1.3722 0.67575,0.67576 0.97611,-0.45051 0.5256,-0.976099 -1.17953,-0.621361 z m 33.63794,13.81558 -1.59861,0.846611 -2.25253,0.150169 -2.25256,0.150169 0.45053,1.27644 1.3515,0.150169 1.65189,-0.37542 1.27646,0.300343 1.27652,-0.600681 0.75073,-0.976101 0.22525,-1.351521 -0.87918,0.429832 v -1.1e-5 z m 12.3139,-8.70982 -0.39728,1.222031 0.82593,0.07508 0.75085,-0.600681 -1.1795,-0.696442 z m 15.4512,-5.78125 -0.3059,1.61677 0.9295,0.28076 1.0224,-0.935881 z m -2.38647,-3.979761 -0.99793,0.396101 v 1.201349 l 0.97608,0.150171 0.82595,-0.825933 -0.0751,-0.750849 -0.729,-0.170851 v 1e-5 z m 5.18085,-0.675758 -1.74878,0.621359 -0.52561,1.9522 1.05118,1.051191 0.97611,-0.750851 0.5256,-0.750851 1.20135,-0.67576 0.37543,-1.051189 -0.67578,-0.300341 z m -76.23823,59.754022 1.59107,0.343269 1.42383,1.423828 h 1.95776 l 0.35596,1.423828 -0.17798,1.779793 1.24585,1.24585 1.996,1.171455 1.02963,-1.171455 0.71192,-2.491699 2.13574,-2.491699 2.4917,-0.355965 c 0,0 2.68042,-0.343269 2.8584,-0.343269 0.17798,0 2.84765,0 2.83691,-0.01269 -0.0107,-0.01269 1.96851,0.190666 1.9577,0.177979 -0.0107,-0.01269 1.9444,0.341537 2.48273,-0.177979 0.53833,-0.519524 0.90967,-1.945084 0.89893,-1.957764 -0.0108,-0.01269 1.43457,-2.478996 1.42382,-2.491699 -0.0107,-0.01269 2.68043,-1.055176 2.66968,-1.067871 -0.0107,-0.01269 2.32447,-0.877197 2.31372,-0.889877 -0.0107,-0.0127 1.96851,0.190674 1.95777,0.177979 -0.0107,-0.01269 1.97601,0.06853 2.63049,-0.419312 0.65448,-0.487839 0.93982,-2.0597 0.92908,-2.072388 -0.0107,-0.0127 0.18872,-2.479012 0.17798,-2.491699 -0.0108,-0.0127 1.9685,-1.589119 1.95776,-1.601807 -0.0107,-0.0127 1.79053,-1.589134 1.77979,-1.601814 -0.0108,-0.01269 1.43457,-1.589119 1.42382,-1.601807 -0.0107,-0.0127 1.2566,-1.767113 1.24585,-1.779793 -0.0107,-0.0127 1.96851,-0.165291 1.95777,-0.177979 -0.0107,-0.0127 2.14648,0.546616 2.13574,0.533936 -0.0107,-0.01269 1.07861,1.080574 1.06787,1.067871 -0.0107,-0.01269 1.25659,0.90258 1.24585,0.889893 -0.0107,-0.0127 1.96851,-0.521263 1.95777,-0.533943 -0.0108,-0.01269 1.9685,0.0127 1.95764,0 -0.0106,-0.01269 2.51767,0.528542 2.12677,0.431381 -0.39093,-0.09716 1.44342,-0.06274 1.43277,-0.07542 -0.0106,-0.0127 -0.16733,-2.301033 -0.17807,-2.313713 -0.0106,-0.01269 -0.16724,-1.767105 -0.34497,-1.945076 -0.17801,-0.177994 0,-2.135742 -0.0108,-2.148434 -0.0107,-0.01269 1.61255,-2.301029 1.60181,-2.313721 -0.0107,-0.01269 0.54468,-3.012947 0.53394,-3.025627 -0.0107,-0.01269 0.18872,-2.479012 0.17798,-2.491703 -0.0108,-0.01269 2.14648,-1.767097 2.13574,-1.779789 -0.0107,-0.01269 2.14648,-1.05518 2.13574,-1.067871 -0.0107,-0.01269 1.96851,-0.521248 1.95776,-0.533939 -0.0107,-0.01269 0.0107,1.792473 0,1.779793 -0.0107,-0.01269 0.72266,1.43652 0.71192,1.423828 -0.0107,-0.01269 0.72265,1.792469 0.71167,1.779789 -0.0106,-0.01269 0.54483,0.90258 0.54483,1.080563 0,0.177979 1.24588,-0.355961 1.2352,-0.368641 -0.0107,-0.01269 0.90042,-2.123051 0.8898,-2.135742 -0.0106,-0.01269 0.18866,-2.301029 0.17807,-2.313717 -0.0107,-0.01269 2.14624,-1.05518 2.13559,-1.067871 -0.0106,-0.01269 2.50238,-1.233162 2.49176,-1.24585 -0.0107,-0.01269 1.9686,-0.165291 1.95761,-0.177982 -0.0107,-0.01269 2.50244,-0.343269 2.4917,-0.355957 -0.0106,-0.01269 2.50244,0.368637 2.49173,0.355957 -0.0106,-0.01269 1.96872,0.368641 1.95773,0.355961 -0.0107,-0.01269 1.79053,0.546619 1.77988,0.533939 -0.0106,-0.01269 1.43457,0.546623 1.42395,0.533943 -0.0107,-0.01269 1.0784,-2.301033 1.06781,-2.313721 -0.0106,-0.01269 1.61261,-2.479012 1.6019,-2.491699 -0.0107,-0.01269 1.61255,-1.767101 1.6018,-1.779793 -0.0107,-0.01269 1.96851,-1.589119 1.95777,-1.60181 -0.0107,-0.01269 1.9685,-0.877197 1.95761,-0.889889 -0.0106,-0.01269 1.79068,-0.877201 1.77994,-0.889889 -0.0107,-0.01269 1.07855,-2.301029 1.06787,-2.313721 -0.0107,-0.01269 1.61255,-2.301029 1.6018,-2.313721 -0.0107,-0.01269 1.43457,-2.123051 1.42383,-2.135738 -0.0107,-0.01269 1.96851,-1.767101 1.95777,-1.779793 -0.0108,-0.01269 1.9685,-1.233158 1.79052,-1.233158 -0.17798,0 1.42383,-1.42383 1.41309,-1.43652 -0.0107,-0.01269 1.79053,-1.589121 1.77978,-1.60181 -0.0107,-0.01269 1.61255,-1.23316 1.60181,-1.24585 -0.0107,-0.01269 1.46167,-0.44582 2.29566,-0.627451 0.83398,-0.181629 1.98657,-1.495609 1.97583,-1.508299 -0.0107,-0.01269 1.61254,-1.055183 1.6018,-1.067871 -0.0107,-0.01269 0.79199,0.43504 1.62598,0.21117 0.83398,-0.223867 1.76636,-0.9104 1.75561,-0.92309 -0.0107,-0.01269 2.14649,-0.69923 2.13575,-0.71191 -0.0107,-0.01269 2.32446,-1.23316 2.31372,-1.245853 -0.0107,-0.01269 1.61255,-1.23316 1.79052,-1.23316 0.17798,0 1.77979,-0.533936 1.76905,-0.546618 -0.0107,-0.01269 -0.34522,-1.94508 -0.35596,-1.95776 -0.0107,-0.01269 -1.94702,0.7246 -1.95776,0.711905 -0.0108,-0.01269 -2.125,0.368641 -2.13575,0.355961 -0.0107,-0.01269 -1.06909,0.90258 -1.71337,1.143299 -0.64429,0.240725 -2.01343,1.183111 -2.02417,1.170425 -0.0108,-0.01269 -1.76905,0.546618 -1.77979,0.533936 -0.0107,-0.01269 -1.76904,0.546619 -1.77978,0.533939 -0.0108,-0.01269 -1.59107,1.258541 -1.60181,1.245852 -0.0107,-0.01269 -1.76904,0.902576 -1.77982,0.889893 -0.0107,-0.01269 -1.59103,0.7246 -1.6018,0.711906 -0.0108,-0.01269 -1.0691,0.38376 -2.13575,0.371078 -1.06665,-0.01269 -1.94702,0.175549 -1.95776,0.162859 -0.0107,-0.01269 -0.34518,1.436522 -0.35596,1.42383 -0.0107,-0.01269 -0.31494,0.851311 -0.79028,1.049801 -0.47531,0.19849 -2.40259,0.20874 -2.41333,0.196053 -0.0107,-0.01269 -0.34518,2.148432 -0.35596,2.135736 -0.0107,-0.01269 -0.77051,2.272194 -0.95019,1.710442 -0.17975,-0.561749 -2.06479,-2.409668 -2.07544,-2.422359 -0.0107,-0.01269 0.3667,-2.123049 0.35596,-2.13574 -0.0107,-0.01269 -2.125,0.90258 -2.13575,0.889894 -0.0107,-0.01269 -2.125,0.19067 -2.13574,0.177979 -0.0107,-0.01269 -1.37985,0.507339 -1.60181,1.42383 -0.22192,0.916492 -0.52319,1.080561 -0.53393,1.067869 -0.0107,-0.01269 -1.05719,-1.41114 -1.06787,-1.42383 -0.0107,-0.01269 -2.125,0.368641 -2.13578,0.355961 -0.0107,-0.01269 -0.31198,-0.54228 -0.53396,-1.779791 -0.22186,-1.237499 -2.30304,-1.23316 -2.31369,-1.245852 -0.0107,-0.01269 -2.65912,0.368643 -2.6698,0.355963 -0.0106,-0.01269 -2.30304,0.7246 -2.31366,0.711908 -0.0106,-0.01269 -1.50653,1.602499 -1.60193,0.998529 -0.095,-0.603981 -0.34503,-2.587641 -0.35596,-2.600328 -0.0107,-0.01269 -1.59106,0.902578 -1.6018,0.889893 -0.0108,-0.01269 -0.34522,1.970448 -0.35596,1.95776 -0.0107,-0.01269 -0.16724,1.614489 -0.17798,1.601809 -0.0107,-0.01269 -2.125,0.19067 -2.13574,0.17798 -0.0107,-0.01269 -1.23511,1.436518 -1.24585,1.42383 -0.0107,-0.01269 -2.30298,-0.69923 -2.31372,-0.71192 -0.0107,-0.01269 -0.49903,0.878408 -0.8899,1.245848 -0.39087,0.367439 -1.00879,-1.911888 -1.77978,-2.135735 -0.771,-0.223864 -0.70117,1.258533 -0.71192,1.24585 -0.0107,-0.01269 0.18873,1.970451 0.17798,1.95776 -0.0107,-0.01269 -0.56836,0.1665 -1.42382,0.533939 -0.85547,0.367435 -1.76905,-1.945084 -1.77979,-1.95776 -0.0107,-0.01269 -0.77661,0.449982 -0.82959,1.239758 -0.053,0.78978 0.3064,2.3325 0.29562,2.319809 -0.0107,-0.01269 -2.65899,-1.05518 -2.66973,-1.067871 -0.0107,-0.01269 -1.76899,-0.165291 -1.77979,-0.177979 -0.0107,-0.01269 0.55368,1.717041 1.17648,2.168949 0.62278,0.4519 -1.52173,0.869381 -1.53247,0.856689 -0.0107,-0.01269 -1.41311,-1.05518 -1.42383,-1.067871 -0.0107,-0.01269 -1.76904,1.080563 -1.7799,1.067871 -0.0107,-0.01269 -1.94699,-1.233158 -1.95764,-1.24585 -0.0107,-0.01269 -0.34522,1.614491 -0.35605,1.601807 -0.0107,-0.01269 -1.41312,2.326408 -1.42386,2.313725 -0.0107,-0.01269 -1.05713,1.970448 -1.06787,1.95776 -0.0107,-0.01269 -2.125,-0.165291 -2.13568,-0.177982 -0.0107,-0.01269 -1.76899,0.368641 -1.77985,0.355961 -0.0107,-0.01269 0.18872,2.14843 0.17798,2.135742 -0.0107,-0.01269 0.72272,1.792469 0.71191,1.779789 -0.0107,-0.01269 -1.94702,0.368641 -1.95776,0.355961 -0.0107,-0.01269 -2.83685,0.546619 -2.84766,0.533939 -0.0107,-0.01269 -1.76904,2.14843 -1.77978,2.135738 -0.0107,-0.01269 -1.23514,1.080563 -1.24585,1.067867 -0.0107,-0.01269 -1.23514,0.724606 -1.24585,0.71191 -0.0107,-0.01269 -1.41315,1.258541 -1.42386,1.245853 -0.0107,-0.01269 -2.83689,1.080559 -2.84772,1.067871 -0.0107,-0.01269 -2.83682,0.01269 -2.84769,0 -0.0107,-0.01269 -3.19287,-0.343269 -3.20358,-0.355965 -0.0107,-0.01269 -2.65896,0.01269 -2.66971,0 -0.0107,-0.01269 -2.65893,0.368641 -2.66967,0.355965 -0.0107,-0.01269 -1.94703,1.080559 -1.95777,1.067863 -0.0107,-0.01269 -3.01483,1.614494 -3.02554,1.601807 -0.0107,-0.01269 -3.37085,0.546623 -3.38156,0.533943 -0.0107,-0.01269 -3.19287,0.902576 -3.20362,0.889889 -0.0107,-0.01269 -4.08276,0.368645 -4.0935,0.355965 -0.0107,-0.01269 -2.48102,1.258533 -2.49173,1.24585 -0.0107,-0.01269 -3.01486,1.792469 -3.02561,1.779789 -0.0107,-0.01269 -4.08276,-0.521252 -4.0935,-0.533936 -0.0107,-0.01269 -2.125,1.080559 -2.13574,1.067867 -0.0107,-0.01269 -1.94702,0.724602 -1.95777,0.711906 -0.0107,-0.01269 -1.05713,-1.767094 -1.06787,-1.779789 -0.0107,-0.01269 -1.76904,0.546616 -1.77978,0.533936 -0.0107,-0.01269 -0.70118,1.436523 -0.71192,1.423836 -0.0107,-0.01269 -2.125,0.546616 -2.13574,0.533936 -0.0107,-0.01269 -1.59106,1.970451 -1.60181,1.957764 -0.0107,-0.01269 1.2566,1.614487 1.24585,1.601807 -0.0107,-0.01269 -0.87915,2.14843 -0.88989,2.135742 -0.0107,-0.0127 -2.65894,0.546623 -2.66968,0.533943 -0.0107,-0.0127 -1.05713,1.792465 -1.06787,1.779785 -0.0107,-0.0127 1.43457,1.614494 1.42383,1.601814 -0.0107,-0.01269 1.43457,1.614487 1.42383,1.601807 -0.0107,-0.0127 -4.08277,-1.589119 -4.09351,-1.601807 -0.0107,-0.01269 -2.30298,-0.877205 -2.31372,-0.889885 -0.0107,-0.01269 -1.76907,1.792473 -1.7798,1.779793 -0.0107,-0.01269 -0.87918,2.14843 -0.88989,2.135742 -0.0107,-0.01269 1.0786,1.792465 1.06787,1.779785 -0.0107,-0.01269 1.25658,1.970444 1.24585,1.957764 -0.0107,-0.01269 1.43458,1.792473 1.42384,1.779793 -0.0107,-0.0127 1.96851,2.682365 1.95777,2.669678 -0.0107,-0.01269 0.90057,2.504387 0.88989,2.491699 -0.0107,-0.01269 1.08764,2.110191 1.63992,2.716949 0.5524,0.606758 -1.27341,1.745201 -1.28412,1.732513 -0.0107,-0.0127 -1.05716,1.614487 -1.06784,1.601807 -0.0107,-0.01269 -2.125,1.258537 -2.13571,1.24585 -0.0107,-0.01269 -0.57251,0.891464 -0.13275,1.498222 0.43979,0.606766 2.99118,2.074028 2.9805,2.061348 -0.0107,-0.01269 3.21435,-1.41114 3.20352,-1.423828 -0.0107,-0.01269 2.85843,0.01269 2.84775,0 -0.0107,-0.01269 1.61255,0.368637 1.6018,0.355957 -0.0107,-0.01269 1.2566,2.326424 1.24585,2.313721 -0.0107,-0.01269 1.96851,-1.41114 1.95777,-1.423828 -0.0107,-0.01269 1.25656,-3.012947 1.24585,-3.025627 -0.0107,-0.0127 0.54468,-3.012955 0.53393,-3.025635 -0.0107,-0.01269 1.61255,-2.834969 1.60181,-2.847656 -0.0107,-0.0127 -0.34521,-1.945084 -0.35596,-1.957764 -0.0107,-0.01269 0.90064,-2.479012 0.90064,-2.479012 l 6e-5,-4.6e-5 6e-5,-3.8e-5 h 6e-5 6e-5 6e-5 7e-5 6e-5 6e-5 v 8e-6 z"
       style="fill:#adffaa;fill-opacity:1" />
  </g>
  <g
     display="inline"
     id="g9">
    <path
       id="Lomaiviti"
       d="m 322.28531,160.82951 -1.80509,0.33977 -1.74572,1.06996 -0.67575,0.3942 0.67575,1.01364 c 0,0 0.45358,1.29332 0.45358,1.34962 0,0.0563 0.22525,1.29522 0.22217,1.2408 -0.003,-0.0544 0.50989,1.51857 0.50989,1.57486 0,0.0563 0.33789,1.46418 0.3348,1.40975 -0.003,-0.0544 -0.33477,0.7865 -0.33786,0.73208 -0.003,-0.0544 0.62253,0.73018 0.61945,0.67575 -0.003,-0.0544 0.73514,1.06807 0.73209,1.01366 -0.003,-0.0544 0.11569,2.70116 0.2283,2.70116 0.11261,0 0.11264,2.19621 0.10956,2.1418 -0.003,-0.0544 -0.61622,2.25064 -0.61945,2.19623 -0.003,-0.0544 0.34091,1.12442 0.8447,0.95732 0.50378,-0.1671 1.2983,-0.50872 1.29534,-0.56313 -0.003,-0.0544 1.18573,-1.07185 1.18271,-1.12626 -0.003,-0.0544 1.07303,-0.7903 1.06995,-0.84472 -0.003,-0.0544 1.18564,-1.07185 1.18564,-1.12815 0,-0.0563 0.39422,-1.57679 0.39114,-1.63121 -0.003,-0.0544 0.6788,-1.2408 0.67575,-1.2952 -0.003,-0.0544 0.45352,-0.90293 0.45053,-0.95735 -0.003,-0.0544 0.50989,-1.01552 0.50681,-1.06997 -0.003,-0.0544 0.50992,-1.18447 0.50683,-1.23889 -0.003,-0.0544 -0.10955,-1.52237 -0.11264,-1.57676 -0.003,-0.0544 -0.3348,-1.63498 -0.33789,-1.68943 -0.003,-0.0544 0.17203,-1.63498 0.16895,-1.6894 -0.003,-0.0544 0.17203,-1.24077 0.16894,-1.29522 -0.003,-0.0544 0.11573,-1.2408 0.11264,-1.29519 -0.003,-0.0544 -0.56006,-1.24082 -0.56314,-1.29522 -0.003,-0.0544 -0.78531,-0.73397 -0.78839,-0.78839 -0.003,-0.0544 -1.06689,-0.22715 -1.06994,-0.28157 -0.003,-0.0544 -1.23584,0.22338 -1.23893,0.16897 -0.003,-0.0544 -1.06686,0.22335 -1.06994,0.16893 -0.003,-0.0544 -1.1232,0.61753 -1.12628,0.56314 -0.003,-0.0544 -0.95426,0.0544 -0.95426,0.0544 h -3e-5 -3e-5 -3e-5 -3e-5 -3e-5 -3e-5 -3e-5 -4e-5 z m -50.00638,22.91959 -1.63617,0.33978 -0.73208,1.40784 0.28155,1.35152 0.90103,1.12628 0.73209,1.57677 1.06994,0.67578 1.06995,0.11264 0.84473,-0.90103 -0.78839,-1.2389 -0.45053,-1.12626 0.33789,-1.12628 0.22525,-1.2389 -0.8447,-0.95733 -1.01056,-0.002 v -2e-5 z m 4.50507,21.2865 -0.92285,-0.73017 c 0,0 -1.32969,0.20458 -1.32969,0.27965 0,0.0751 -0.82592,0.75086 -0.84777,0.69647 -0.0219,-0.0544 0.62252,1.33085 0.60067,1.27643 -0.0218,-0.0544 0.77271,0.73017 0.77271,0.80525 0,0.0751 0.67575,1.35154 0.6539,1.29712 -0.0218,-0.0544 0.84778,1.33088 0.82593,1.27643 -0.0219,-0.0544 0.39737,0.88034 0.47235,0.88034 0.0751,0 -0.30023,1.65187 -0.32205,1.59748 -0.0218,-0.0544 0.0218,1.10559 0,1.05117 -0.0218,-0.0544 1.14801,-0.17083 1.12619,-0.22525 -0.0218,-0.0544 0.54739,-1.22203 0.52554,-1.27642 -0.0219,-0.0545 0.3222,-1.29712 0.30035,-1.35154 -0.0218,-0.0544 0.6976,-0.62133 0.67575,-0.67578 -0.0218,-0.0544 0.92289,-0.84658 0.90103,-0.90101 -0.0219,-0.0544 0.47236,-0.69644 0.4505,-0.75084 -0.0219,-0.0544 -0.42865,-1.07187 -0.4505,-1.12628 -0.0219,-0.0544 -1.1795,0.58 -1.20135,0.5256 -0.0218,-0.0544 -0.42868,0.80525 -0.45053,0.75084 -0.0219,-0.0544 -0.87915,0.58 -0.901,0.52559 -0.0219,-0.0544 -0.35358,-1.37219 -0.37543,-1.42661 -0.0219,-0.0544 -0.2034,-1.44728 -0.22525,-1.50169 -0.0218,-0.0544 -0.2785,-0.99678 -0.2785,-0.99678 z m -34.68912,15.09202 -0.99796,0.0957 0.30034,1.42662 c 0,0 0.8478,1.48102 0.92287,1.48102 0.0751,0 0.60068,1.9522 0.57883,1.8978 -0.0219,-0.0544 0.32219,1.33084 0.30034,1.27644 -0.0219,-0.0544 0.92288,1.85643 0.90103,1.80203 -0.0219,-0.0544 1.82386,0.88033 1.82386,0.9554 0,0.0751 0.90104,0.75086 0.87919,0.69644 -0.0219,-0.0544 1.44847,0.12951 1.42662,0.0751 -0.0219,-0.0544 0.0969,-1.22204 0.0219,-1.22204 -0.0751,-3e-5 -0.6007,-1.5017 -0.62255,-1.55609 -0.0219,-0.0544 -1.47982,-1.07187 -1.50167,-1.12629 -0.0219,-0.0544 -1.32969,-1.44731 -1.35154,-1.50167 -0.0218,-0.0544 -0.95424,-0.84662 -0.97609,-0.90103 -0.0219,-0.0544 -0.57882,-0.99678 -0.60067,-1.05118 -0.0219,-0.0545 -0.35356,-1.37219 -0.37541,-1.42662 -0.0219,-0.0544 -0.72899,-0.92169 -0.72899,-0.92169 l -3e-5,3e-5 h -2e-5 z m 6.8327,-12.01354 -1.82388,0.92169 -0.75084,1.72693 -1.20136,1.12628 -0.37542,1.42662 c 0,0 0.2471,2.15677 0.32219,2.15677 0.0751,0 0.45053,2.62797 0.42868,2.57354 -0.0219,-0.0544 0.47233,2.15677 0.4505,2.10238 -0.0219,-0.0544 0.92286,1.0305 0.90101,0.97608 -0.0219,-0.0544 0.62255,1.78138 0.6007,1.72693 -0.0219,-0.0544 0.39727,1.33084 0.37542,1.27645 -0.0219,-0.0544 1.14814,-0.0958 1.12629,-0.1502 -0.0219,-0.0544 0.92288,-1.22203 0.90103,-1.27642 -0.0219,-0.0544 1.37336,-0.84662 1.35151,-0.90103 -0.0219,-0.0544 1.22322,0.73014 1.20134,0.67575 -0.0219,-0.0544 1.52353,-0.24594 1.5017,-0.30034 -0.0219,-0.0545 1.29828,-1.59748 1.27642,-1.65187 -0.0219,-0.0544 0.62253,-1.59748 0.60068,-1.65187 -0.0218,-0.0544 0.24712,-1.89782 0.22527,-1.95218 -0.0218,-0.0544 0.0969,-1.9729 0.0751,-2.02729 -0.0219,-0.0544 -0.57883,-1.74762 -0.60068,-1.80201 -0.0219,-0.0544 -0.80407,-1.67257 -0.82592,-1.72696 -0.0219,-0.0545 -0.8041,-1.37219 -0.82595,-1.42662 -0.0219,-0.0544 -0.57882,-1.29712 -0.60067,-1.35153 -0.0219,-0.0544 -1.17949,-0.62137 -1.20134,-0.67579 -0.0219,-0.0544 -1.55494,-0.0207 -1.57679,-0.0751 -0.0219,-0.0544 -1.55491,0.27964 -1.55491,0.27964 l -3e-5,6e-5 -2e-5,4e-5 v 3e-5 z m 45.25729,18.82748 -1.18566,0.11453 c 0,0 -0.16587,0.95543 -0.16587,1.01175 0,0.0563 1.35153,0.78839 1.34845,0.73396 -0.003,-0.0544 0.96042,0.73018 0.96042,0.7865 0,0.0563 1.01364,0.95734 1.01056,0.90291 -0.003,-0.0544 0.90411,-0.28346 0.90103,-0.33788 -0.003,-0.0544 -0.0533,-1.07185 -0.0563,-1.12628 -0.003,-0.0544 -1.23581,-0.7903 -1.2389,-0.84471 -0.003,-0.0544 -0.7853,-0.90291 -0.78839,-0.9573 -0.003,-0.0544 -0.78531,-0.2835 -0.78531,-0.2835 z m 32.77448,1.74573 -1.91775,0.002 -1.57676,-0.4505 c 0,0 -0.56008,0.67386 -0.61639,0.67386 -0.0563,0 0.50684,1.57678 0.50684,1.63308 0,0.0563 0.22525,1.5205 0.16891,1.57679 -0.0563,0.0563 0.28159,1.91465 0.2785,1.86024 -0.003,-0.0544 1.41092,1.06807 1.40784,1.01364 -0.003,-0.0544 1.29831,0.84281 1.29523,0.78839 -0.003,-0.0544 1.12933,0.22336 1.18564,0.16704 0.0563,-0.0563 0.28158,-1.74571 0.2785,-1.80012 -0.003,-0.0544 -0.67267,-1.57868 -0.67575,-1.63311 -0.003,-0.0544 -0.10956,-1.40973 -0.11264,-1.46415 -0.003,-0.0544 0.90408,-0.39611 0.90103,-0.45053 -0.003,-0.0544 0.79144,-0.56504 0.78839,-0.61947 -0.003,-0.0544 0.172,-1.12815 0.16892,-1.1826 -0.003,-0.0544 -1.06687,-0.39609 -1.06995,-0.45048 -0.003,-0.0544 -1.01056,0.33597 -1.01056,0.33597 v 3e-5 3e-5 z m -16.61249,20.38548 -1.18567,0.73398 -1.85833,0.90101 -1.63309,0.28157 0.22525,1.74575 0.61945,1.29519 -0.95734,1.5205 -0.61945,1.2389 -0.28173,2.47776 0.39437,1.57678 1.35151,0.50683 0.39419,-0.901 v -1.46417 l 1.23889,-0.16891 c 0,0 0.84778,1.12439 0.84778,1.18066 0,0.0563 0.45053,2.25256 0.44745,2.19815 -0.003,-0.0544 2.14298,0.39227 2.08667,0.39227 -0.0563,0 1.2952,3.66037 1.35153,3.66037 0.0563,0 1.12629,3.26618 1.1232,3.2118 -0.003,-0.0544 2.08667,2.02536 2.08359,1.97097 -0.003,-0.0544 2.08667,0.56122 2.08362,0.50681 -0.003,-0.0544 1.12933,-1.01553 1.12625,-1.06995 -0.003,-0.0544 1.01672,-2.42337 1.01364,-2.47781 -0.003,-0.0544 0.45358,-1.86023 0.4505,-1.91464 -0.003,-0.0543 -1.46106,-2.36707 -1.46414,-2.42148 -0.003,-0.0544 -1.29215,-1.46597 -1.29215,-1.52237 0,-0.0562 0.78843,-2.30887 0.78534,-2.36328 -0.003,-0.0543 -0.84164,-2.14163 -0.84472,-2.19623 -0.003,-0.0544 -1.74262,-2.36706 -1.7457,-2.42136 -0.003,-0.0544 -0.95426,-2.19815 -0.95734,-2.25256 -0.003,-0.0544 -1.1232,-1.86023 -1.12628,-1.91466 -0.003,-0.0544 -1.34845,-1.57866 -1.3515,-1.6331 -0.003,-0.0544 -1.23584,-0.62134 -1.23892,-0.67578 -0.003,-0.0544 -1.06687,-0.002 -1.06687,-0.002 v -3e-5 -3e-5 -1e-5 -2e-5 z m -59.99264,-22.73814 a 0.70078999,0.62571001 0 0 1 -0.70079,0.62571 0.70078999,0.62571001 0 0 1 -0.70079,-0.62571 0.70078999,0.62571001 0 0 1 0.70079,-0.62571 0.70078999,0.62571001 0 0 1 0.70079,0.62571 z m 44.45011,4.7053 a 1.05119,0.82593 0 0 1 -1.05119,0.82593 1.05119,0.82593 0 0 1 -1.05119,-0.82593 1.05119,0.82593 0 0 1 1.05119,-0.82593 1.05119,0.82593 0 0 1 1.05119,0.82593 z m -24.79602,-49.4219 a 0.5248,1.05119 29.9307 0 1 -0.0697,1.17284 0.5248,1.05119 29.9307 0 1 -0.9793,0.64914 0.5248,1.05119 29.9307 0 1 0.0697,-1.17284 0.5248,1.05119 29.9307 0 1 0.9793,-0.64914 z"
       style="fill:#7f7f00;fill-opacity:1" />
  </g>
  <g
     display="inline"
     id="g10">
    <path
       id="Lau"
       d="m 482.89145,129.5755 c -0.0563,0 -1.46414,-0.61945 -1.46722,-0.67386 -0.003,-0.0544 0.34097,1.34963 0.33789,1.29521 -0.003,-0.0544 0.62252,1.40593 0.61944,1.35152 -0.003,-0.0544 1.07303,0.73018 1.06998,0.67577 -0.003,-0.0544 1.18564,0.33598 1.18259,0.28157 -0.003,-0.0544 1.29837,-0.45241 1.29541,-0.50683 -0.003,-0.0544 0.3973,-0.90292 0.39422,-0.95733 -0.003,-0.0544 -0.6727,-0.73398 -0.67575,-0.78839 -0.003,-0.0544 -1.34845,-0.22716 -1.35153,-0.28157 -0.003,-0.0544 -1.40479,-0.39609 -1.40479,-0.39609 h -3e-5 -3e-5 -3e-5 -3e-5 -3e-5 -3e-5 -3e-5 -3e-5 z m 35.43997,32.06114 -1.14807,2.4234 -0.45056,2.9283 0.52563,3.22864 1.3515,1.80203 2.25257,1.57678 2.40271,-0.15016 1.65185,-0.82594 -3.07849,-0.4505 -2.85321,-0.97611 -0.97607,-1.35151 0.30029,-1.80203 0.82593,-2.77814 0.82593,-2.17746 1.42663,-1.57678 2.02728,-0.52559 1.35151,-0.30034 0.67578,-1.65186 0.97613,-2.25254 -0.67578,-1.80204 -1.20135,-1.35151 -2.40271,-1.20136 -1.65186,-0.15018 -1.50171,-0.82592 -1.65185,-0.45054 -1.65186,-1.50167 -2.10235,-0.52559 -1.50171,0.37542 0.4505,0.97609 1.05121,0.22525 1.12622,1.20134 0.97613,1.20134 0.901,0.82595 2.02728,-0.30036 1.20136,0.45053 c 0,0 0.99793,1.10559 1.073,1.18065 0.0751,0.0751 0.52557,1.27645 0.50378,1.22206 -0.0218,-0.0544 -0.0533,1.70629 -0.0751,1.65187 -0.0218,-0.0544 -0.20343,1.18068 -0.22528,1.12629 -0.0218,-0.0545 -1.25464,0.80523 -1.27643,0.75084 -0.0218,-0.0544 -0.80414,0.80523 -0.82593,0.75083 -0.0218,-0.0544 -0.65393,1.03051 -0.65393,1.03051 z m -22.04986,21.54932 -1.42341,1.62248 -0.30035,2.10237 1.10126,1.60181 2.20248,0.20022 2.30258,-0.40045 1.00113,-2.00226 -0.30032,-1.70192 -1.50171,-0.70079 -1.7019,-0.70079 z m 3.70419,-22.82575 -2.02411,-0.27966 -1.30145,1.10124 0.60067,1.70192 1.50168,1.20134 1.70194,0.70079 0.60067,-1.30146 -0.10012,-2.10238 -0.1001,-1.10122 -0.87918,0.0794 z m -46.05017,24.23787 a 1.05119,1.46117 49.3984 0 1 -1.79351,0.15281 1.05119,1.46117 49.3984 0 1 0.42529,-1.74904 1.05119,1.46117 49.3984 0 1 1.79351,-0.15281 1.05119,1.46117 49.3984 0 1 -0.42529,1.74904 z m 2.37593,-23.14915 a 2.2525499,1.31398 0 0 1 -2.25255,1.31398 2.2525499,1.31398 0 0 1 -2.25255,-1.31398 2.2525499,1.31398 0 0 1 2.25255,-1.31398 2.2525499,1.31398 0 0 1 2.25255,1.31398 z m 3.45766,-0.90512 a 1.5139101,0.91022003 41.8287 0 1 0.52105,1.68788 1.5139101,0.91022003 41.8287 0 1 -1.73511,-0.33139 1.5139101,0.91022003 41.8287 0 1 -0.52105,-1.68788 1.5139101,0.91022003 41.8287 0 1 1.73511,0.33139 z m 73.02224,15.75677 a 1.09077,1.76652 37.7474 0 1 -1.94393,0.72907 1.09077,1.76652 37.7474 0 1 0.21894,-2.06457 1.09077,1.76652 37.7474 0 1 1.94393,-0.72907 1.09077,1.76652 37.7474 0 1 -0.21894,2.06457 z m -2.62157,-23.19854 a 1.05119,0.97610003 0 0 1 -1.05119,0.9761 1.05119,0.97610003 0 0 1 -1.05119,-0.9761 1.05119,0.97610003 0 0 1 1.05119,-0.9761 1.05119,0.97610003 0 0 1 1.05119,0.9761 z m 14.11593,11.71321 a 1.20136,0.87598997 0 0 1 -1.20136,0.87599 1.20136,0.87598997 0 0 1 -1.20136,-0.87599 1.20136,0.87598997 0 0 1 1.20136,-0.87599 1.20136,0.87598997 0 0 1 1.20136,0.87599 z m 8.61338,30.4862 a 1.05119,0.97610003 0 0 1 -1.05119,0.9761 1.05119,0.97610003 0 0 1 -1.05119,-0.9761 1.05119,0.97610003 0 0 1 1.05119,-0.9761 1.05119,0.97610003 0 0 1 1.05119,0.9761 z m -14.62327,17.1957 -1.29834,0.11453 v 1.98505 l 0.97137,1.98506 0.97144,1.26706 1.77386,0.38009 0.63355,-1.14035 -0.84473,-1.77385 -0.21118,-1.5627 -0.8869,-0.80246 -1.10907,-0.4524 v -3e-5 z m -60.39627,8.91162 -1.42502,0.74803 -0.63355,2.66083 0.16895,1.64717 1.64716,0.42235 2.44982,0.50682 2.66089,0.0422 c 0,0 1.08713,-2.39521 1.08713,-2.43744 0,-0.0422 0.12671,-1.73162 0.0954,-1.74382 -0.0313,-0.0122 -0.39108,-1.17038 -0.42233,-1.18258 -0.0313,-0.0122 -1.4892,-0.5791 -1.52048,-0.5913 -0.0313,-0.0122 -2.12271,-0.36792 -2.15399,-0.38009 -0.0313,-0.0122 -1.95377,0.30781 -1.95377,0.30781 l -3e-5,-1e-5 h -3e-5 -3e-5 -3e-5 -3e-5 -3e-5 -3e-5 -4e-5 z m 30.40927,29.6913 c -3e-5,-0.0563 0.16891,3.09724 0.16583,3.04283 -0.003,-0.0544 1.57987,1.85644 1.57678,1.80203 -0.003,-0.0544 2.0304,1.23698 2.08667,1.29329 0.0563,0.0563 1.2389,-0.28156 1.23584,-0.33597 -0.003,-0.0544 0.34095,-2.36706 0.3379,-2.42148 -0.003,-0.0544 -0.1659,-1.86024 -0.16895,-1.91465 -0.003,-0.0544 -0.89795,-0.90293 -0.901,-0.95736 -0.003,-0.0544 -1.85529,-0.62133 -1.91159,-0.62133 -0.0563,1e-5 -1.57678,-0.0563 -1.57987,-0.11074 -0.003,-0.0544 -0.84161,0.22338 -0.84161,0.22338 z m 34.74542,28.34445 -3.55084,0.24594 -1.87707,1.35153 -0.30036,2.25254 0.30036,2.40271 2.02728,1.05117 0.75079,1.72696 1.42664,0.901 1.87713,-1.50167 1.57679,-0.82593 2.17742,-1.12628 1.12629,-1.42661 0.37542,-2.40271 -1.05121,-1.12628 -2.17742,-1.05118 z m 11.70644,18.48717 a 2.17665,1.05119 22.9477 0 1 1.59454,1.81666 2.17665,1.05119 22.9477 0 1 -2.41424,0.11934 2.17665,1.05119 22.9477 0 1 -1.59454,-1.81665 2.17665,1.05119 22.9477 0 1 2.41424,-0.11935 z m -68.45378,6.24073 a 1.25141,1.07621 0 0 1 -1.25141,1.07621 1.25141,1.07621 0 0 1 -1.25141,-1.07621 1.25141,1.07621 0 0 1 1.25141,-1.07621 1.25141,1.07621 0 0 1 1.25141,1.07621 z m -102.82404,25.80173 -1.25604,0.18848 -1.10867,-0.22174 -0.6969,0.25342 -1.20371,0.7919 -0.88693,0.82357 -1.74219,0.2851 c 0,0 -0.23276,0.9519 -0.23276,0.98355 0,0.0316 0.85526,1.64719 0.8346,1.64557 -0.0207,-0.002 1.22436,0.85687 1.25604,0.85687 0.0317,0 1.80554,1.39377 1.78488,1.39215 -0.0207,-0.002 0.74924,1.58542 0.74924,1.6171 0,0.0317 0.47516,1.96396 0.50684,1.99567 0.0317,0.0318 1.20367,0.60202 1.18301,0.60025 -0.0207,-0.002 1.44611,-0.0301 1.42545,-0.0317 -0.0207,-0.002 0.90759,-1.51883 0.88693,-1.52045 -0.0207,-0.002 0.40078,-1.77228 0.38013,-1.77386 -0.0206,-0.002 0.36908,-1.07538 0.82357,-1.86893 0.4545,-0.79355 -1.3731,-1.01199 -1.39377,-1.01364 -0.0207,-0.002 -1.30975,-0.18845 -1.33041,-0.18997 -0.0207,-0.002 0.27408,-0.69516 0.25342,-0.69693 -0.0207,-0.002 0.84424,-0.50525 0.82358,-0.50687 -0.0207,-0.002 0.90762,-0.72693 0.88696,-0.72854 -0.0207,-0.002 0.84424,-1.10706 0.82358,-1.10868 -0.0207,-0.002 1.38275,-0.15677 1.41443,-0.15677 0.0318,0 1.96399,-0.4118 1.94336,-0.41339 -0.0206,-0.002 1.16098,-1.32879 1.14032,-1.33041 -0.0206,-0.002 -0.99292,-0.75864 -1.01355,-0.76007 -0.0206,-0.002 -1.94339,-0.34674 -1.96402,-0.34845 -0.0207,-0.002 -1.40461,-0.1886 -1.42551,-0.18997 -0.0207,-0.002 -1.62653,0.41339 -1.64719,0.41165 -0.0207,-0.002 -0.48614,0.60336 -0.5068,0.60199 -0.0207,-0.002 -0.70789,0.41336 -0.70789,0.41336 v 0 -3e-5 -3e-5 -3e-5 -4e-5 -3e-5 -3e-5 -3e-5 z m 28.36093,46.18417 -0.7915,1.76166 -0.67578,1.60495 -0.0422,2.06952 v 2.19623 c 0,0 0.6648,0.77243 0.6648,0.81467 -3e-5,0.0423 1.05584,0.29565 1.02459,0.2835 -0.0313,-0.0123 0.83374,-0.66336 0.80246,-0.67572 -0.0313,-0.0123 0.15799,-1.2547 0.12671,-1.26709 -0.0312,-0.0123 -0.34884,-1.8461 -0.38012,-1.85839 -0.0313,-0.0122 -0.34885,-1.12802 -0.3801,-1.14035 -0.0312,-0.0122 0.24246,-1.71942 0.2847,-1.71942 0.0422,0 0.84466,-0.76001 0.81341,-0.7724 -0.0312,-0.0123 1.25608,0.18109 1.22483,0.16912 -0.0312,-0.0123 1.46725,0.22339 1.43597,0.21119 -0.0313,-0.0124 1.29837,-0.41037 1.26706,-0.42237 -0.0313,-0.0122 0.66483,1.82831 0.62259,1.82831 -0.0422,0 -0.29565,1.56271 -0.29565,1.64716 0,0.0844 0.33789,1.39376 0.38012,1.39376 0.0422,0 1.52048,-0.84469 1.48917,-0.8569 -0.0313,-0.0122 1.08719,-1.00143 1.05588,-1.01364 -0.0313,-0.0122 1.17166,-1.04367 1.14035,-1.05588 -0.0313,-0.0122 -0.39106,-1.97284 -0.39106,-2.01507 0,-0.0422 -0.88693,-1.18259 -0.91824,-1.1948 -0.0313,-0.0122 -1.53137,-0.24121 -1.56268,-0.25342 -0.0313,-0.0122 -1.65811,-0.57907 -1.70038,-0.57907 -0.0422,0 -1.90054,-0.38012 -1.93179,-0.39233 -0.0312,-0.0122 -0.93994,-0.36792 -0.98233,-0.36792 -0.0423,3e-5 -1.14032,0.0845 -1.17157,0.0723 -0.0312,-0.0122 -0.72888,0.64572 -0.76013,0.63351 -0.0313,-0.0122 -0.34894,0.89914 -0.34894,0.89914 v -3e-5 -3e-5 -3e-5 l -3e-5,-4e-5 -3e-5,-3e-5 -4e-5,-3e-5 -3e-5,-3e-5 -3e-5,-3e-5 z m -45.35534,24.48401 -0.90064,1.58911 1.06787,1.77979 0.53394,1.60181 -1.60181,0.53393 -0.88989,1.60181 0.88989,1.42383 2.31372,-0.17798 1.77979,-1.24585 1.06787,-1.24585 -0.17798,-1.77979 -0.35596,-1.6018 -0.71191,-1.60181 -1.42383,-1.24585 -1.59106,0.36865 z m 46.91736,-13.70521 a 0.82593,2.97611 75.2176 0 1 -2.66687,1.55795 0.82593,2.97611 75.2176 0 1 -3.08834,-0.0392 0.82593,2.97611 75.2176 0 1 2.66687,-1.55795 0.82593,2.97611 75.2176 0 1 3.08834,0.0392 z m 2.53004,-1.58568 a 1.05119,0.82593 0 0 1 -1.05119,0.82593 1.05119,0.82593 0 0 1 -1.05119,-0.82593 1.05119,0.82593 0 0 1 1.05119,-0.82593 1.05119,0.82593 0 0 1 1.05119,0.82593 z"
       style="fill:#00ff00;fill-opacity:1" />
  </g>
  <g
     display="inline"
     id="g11">
    <path
       id="Kadavu"
       style="fill:#007f00;stroke:#000000;stroke-opacity:0"
       d="m 178.87358,395.52545 a 1.05119,0.82593 0 0 1 -1.05119,0.82593 1.05119,0.82593 0 0 1 -1.05119,-0.82593 1.05119,0.82593 0 0 1 1.05119,-0.82593 1.05119,0.82593 0 0 1 1.05119,0.82593 z m -9.91118,12.01358 a 1.05119,0.82593 0 0 1 -1.05119,0.82593 1.05119,0.82593 0 0 1 -1.05119,-0.82593 1.05119,0.82593 0 0 1 1.05119,-0.82593 1.05119,0.82593 0 0 1 1.05119,0.82593 z m -18.54593,-7.95901 -1.44845,0.99679 0.37536,1.27646 1.8021,1.65183 0.75084,1.0512 0.90101,-0.82595 1.12628,-0.4505 1.12627,0.67578 0.90102,1.3515 1.12626,0.45053 0.67578,-0.97611 c 0,0 0.62253,-0.69647 0.6976,-0.69647 0.0751,-3e-5 0.97609,3e-5 0.95424,-0.0544 -0.0219,-0.0544 0.54746,0.88031 0.62253,0.95541 0.0751,0.0751 0.90103,0.67579 0.87918,0.62137 -0.0219,-0.0544 1.14813,-0.0207 1.12628,-0.0751 -0.0219,-0.0544 1.52353,-0.47116 1.50168,-0.52558 -0.0219,-0.0543 0.6976,-0.32077 0.67575,-0.37542 -0.0218,-0.0544 0.84778,0.42981 0.92288,0.50491 0.0751,0.0751 1.27643,-0.60068 1.25458,-0.65509 -0.0219,-0.0544 0.69763,-0.99676 0.67578,-1.05118 -0.0219,-0.0544 0.92287,-0.77151 0.90103,-0.82592 -0.0219,-0.0544 1.37337,0.35473 1.35152,0.30032 -0.0219,-0.0544 1.07303,-0.0958 1.05119,-0.15015 -0.0219,-0.0544 0.99796,-1.29712 0.97609,-1.35153 -0.0219,-0.0544 1.44846,-0.0207 1.42662,-0.0751 -0.0219,-0.0544 0.77269,1.40594 0.75084,1.35153 -0.0218,-0.0544 -0.20337,2.75741 -0.5256,2.17746 -0.32219,-0.57996 1.37338,0.50491 1.35153,0.4505 -0.0219,-0.0544 1.67372,-1.14694 1.65187,-1.20136 -0.0219,-0.0544 1.29828,-0.99676 1.27643,-1.05118 -0.0219,-0.0544 0.2471,-1.52236 0.32219,-1.59747 0.0751,-0.0751 -1.12627,-1.20135 -1.12627,-1.27643 3e-5,-0.0751 -1.50169,-2.17746 -1.52353,-2.23184 -0.0219,-0.0544 -0.57884,-2.4234 -0.60069,-2.47781 -0.0219,-0.0544 -0.50374,-1.8227 -0.52559,-1.87711 -0.0219,-0.0544 0.84778,-0.77154 0.82593,-0.82593 -0.0219,-0.0544 1.07304,0.50492 1.05119,0.4505 -0.0219,-0.0544 0.32219,-1.59747 0.30034,-1.65185 -0.0219,-0.0544 1.74878,-0.17087 1.72693,-0.22525 -0.0219,-0.0544 1.74878,0.0544 1.82388,0.12945 0.0751,0.0751 1.05118,0.52561 1.02933,0.47123 -0.0219,-0.0544 0.84778,-0.92173 0.82594,-0.97611 -0.0219,-0.0544 1.29828,-0.69644 1.27643,-0.75085 -0.0219,-0.0544 0.2471,-1.22205 0.22525,-1.27643 -0.0219,-0.0544 0.92287,-1.59747 0.90103,-1.65189 -0.0219,-0.0544 1.29828,0.27967 1.27643,0.22525 -0.0219,-0.0544 1.89897,0.12952 1.87712,0.0751 -0.0219,-0.0544 0.2471,-1.74762 0.22525,-1.80203 -0.0219,-0.0544 0.99797,-1.4473 0.97611,-1.50171 -0.0219,-0.0544 1.52354,-0.54627 1.50169,-0.60068 -0.0219,-0.0544 0.92287,0.95544 0.90102,0.90103 -0.0219,-0.0544 1.59861,0.73016 1.57676,0.67575 -0.0218,-0.0544 1.07305,0.42984 1.0512,0.37543 -0.0219,-0.0544 -0.42867,0.88034 -0.35358,0.88034 0.0751,0 -1.05118,1.12628 -1.07303,1.07187 -0.0219,-0.0544 0.54744,1.03049 0.52559,0.9761 -0.0219,-0.0544 2.49965,0.42981 2.4778,0.37543 -0.0219,-0.0544 0.84778,0.57999 0.82593,0.52557 -0.0219,-0.0544 -1.40476,1.1056 -1.32968,1.1056 0.0751,0 -0.37542,1.20135 -0.39727,1.14694 -0.0219,-0.0544 0.84778,0.95544 0.82593,0.90103 -0.0219,-0.0544 1.14812,-0.62137 1.12628,-0.67575 -0.0219,-0.0544 0.69762,-0.9968 0.67577,-1.05121 -0.0219,-0.0544 1.59863,1.40594 1.57678,1.35153 -0.0219,-0.0544 1.37337,0.12949 1.35153,0.0751 -0.0219,-0.0544 1.52353,-1.37219 1.50168,-1.42684 -0.0219,-0.0543 1.14812,-0.4711 1.12628,-0.52536 -0.0219,-0.0544 1.52353,1.48104 1.50168,1.42663 -0.0219,-0.0544 0.62253,-2.04797 0.60068,-2.10238 -0.0219,-0.0544 0.47238,-1.89795 0.45053,-1.95218 -0.0219,-0.0544 1.14813,0.65506 1.12628,0.60067 -0.0219,-0.0544 1.44847,1.18058 1.42662,1.12625 -0.0219,-0.0544 1.07303,0.80527 1.05118,0.75065 -0.0219,-0.0542 1.22322,0.42984 1.20134,0.37561 -0.0218,-0.0544 0.17201,-1.44751 0.15016,-1.50177 -0.0219,-0.0543 -1.02934,-0.77143 -1.05119,-0.82608 -0.0218,-0.0542 -0.35358,-1.07187 -0.37543,-1.12616 -0.0219,-0.0543 1.67372,0.42984 1.65187,0.37554 -0.0219,-0.0544 1.14812,0.80527 1.12627,0.75061 -0.0218,-0.0542 0.69763,-0.99676 0.67578,-1.05117 -0.0219,-0.0544 0.99794,-1.14692 0.97609,-1.20118 -0.0219,-0.0543 0.24713,-0.92163 0.22528,-0.97604 -0.0219,-0.0544 0.92285,-1.07187 0.92285,-1.14694 3e-5,-0.0751 -1.27644,-2.02728 -1.29828,-2.0817 -0.0219,-0.0544 -1.32968,-0.92169 -1.35153,-0.9761 -0.0219,-0.0544 -1.40474,-0.62137 -1.42662,-0.67575 -0.0219,-0.0544 -1.47983,-0.69645 -1.50168,-0.75086 -0.0219,-0.0544 -1.25459,0.65509 -1.27644,0.60068 -0.0218,-0.0544 0.17204,1.40591 0.15019,1.35153 -0.0219,-0.0544 -0.42868,1.10559 -0.45053,1.05118 -0.0219,-0.0544 -1.47983,0.42984 -1.50168,0.37543 -0.0219,-0.0544 -0.12831,-1.67255 -0.15016,-1.72696 -0.0219,-0.0544 0.17201,-1.59745 0.15016,-1.65186 -0.0219,-0.0544 -1.10443,-1.37219 -1.12628,-1.4266 -0.0219,-0.0544 -1.40474,0.0544 -1.42662,0 -0.0219,-0.0544 -1.47983,0.35473 -1.50168,0.30032 -0.0219,-0.0544 -1.02933,-0.54626 -1.05118,-0.60068 -0.0219,-0.0544 -1.1795,-0.99701 -1.20134,-1.05127 -0.0219,-0.0543 -1.55493,0.20462 -1.57678,0.15027 -0.0219,-0.0544 -2.2307,0.0543 -2.25255,0 -0.0219,-0.0544 -1.32968,-0.1709 -1.35153,-0.22525 -0.0219,-0.0544 -1.02933,1.40576 -0.95424,1.48099 0.0751,0.0751 -1.65187,0.37543 -1.67372,0.32101 -0.0219,-0.0543 -1.62999,-0.0957 -1.65187,-0.15036 -0.0219,-0.0542 -0.65393,1.10556 -0.67578,1.0513 -0.0218,-0.0543 -0.2034,1.25586 -0.22522,1.20121 -0.0218,-0.0544 0.0219,1.10559 0.0969,1.18066 0.0751,0.0751 -0.22525,0.97611 -0.2471,0.92172 -0.0219,-0.0544 -1.02934,-0.62137 -1.05119,-0.67578 -0.0218,-0.0544 -1.40474,-1.14694 -1.42661,-1.20135 -0.0219,-0.0544 -0.87918,-0.54615 -0.90103,-0.60068 -0.0219,-0.0544 -1.78018,0.20459 -1.80203,0.15018 -0.0219,-0.0544 -1.25458,0.58004 -1.27643,0.5256 -0.0219,-0.0544 -0.80409,0.95541 -0.82593,0.901 -0.0219,-0.0544 -1.55493,0.27966 -1.57678,0.22525 -0.0219,-0.0544 -1.70507,0.27966 -1.72693,0.22525 -0.0219,-0.0544 -1.70512,0.88034 -1.72696,0.82596 -0.0219,-0.0544 -1.32968,1.55609 -1.35153,1.50168 -0.0219,-0.0544 -0.35359,1.70627 -0.37544,1.65185 -0.0218,-0.0543 0.0219,1.63144 0,1.57678 -0.0218,-0.0544 -0.0532,1.63135 -0.0751,1.57679 -0.0219,-0.0544 -0.27849,1.55609 -0.30034,1.50171 -0.0219,-0.0544 -0.50374,0.80523 -0.52559,0.75082 -0.0219,-0.0544 -1.85527,-0.24591 -1.87712,-0.30032 -0.0219,-0.0544 -0.95424,0.50491 -0.97609,0.4505 -0.0219,-0.0544 -0.35359,0.95541 -0.37544,0.90103 -0.0219,-0.0544 0.17201,1.55609 0.15016,1.50168 -0.0219,-0.0544 -0.72899,1.03051 -0.75084,0.9761 -0.0219,-0.0544 -1.17949,0.20456 -1.20134,0.15018 -0.0219,-0.0544 -1.55493,-0.47119 -1.57678,-0.52561 -0.0219,-0.0543 -1.25458,-0.32086 -1.27643,-0.37542 -0.0219,-0.0544 -2.15558,-0.0958 -2.17743,-0.15018 -0.0219,-0.0544 -1.78018,0.35477 -1.80203,0.30035 -0.0219,-0.0544 -1.47983,0.20456 -1.50168,0.15018 -0.0219,-0.0544 -1.10443,1.63117 -1.12628,1.57678 -0.0219,-0.0544 -1.40474,1.18067 -1.42662,1.12625 -0.0219,-0.0544 -1.55491,1.03052 -1.57676,0.97611 -0.0219,-0.0544 -2.83136,0.27966 -2.85321,0.22525 -0.0219,-0.0544 -1.32969,0.65509 -1.35154,0.60068 -0.0219,-0.0544 -1.17949,0.50491 -1.17949,0.50491 l -3e-5,3e-5 -3e-5,3e-5 v 3e-5 l -3e-5,3e-5 v 3e-5 3e-5 4e-5 3e-5 z m 64.4477,-31.18515 -1.1231,0.12079 -0.90101,0.50054 h -1.20136 l -1.50168,0.50058 0.50055,1.00113 -1.00113,1.20136 v 1.30145 l 1.00113,0.90103 1.30149,1.00113 0.80088,1.60181 0.6007,0.70077 0.70079,-0.901 0.30034,-1.6018 1.00112,-0.70081 1.30147,0.30035 0.90103,-1.40158 v -1.70193 l -0.70079,-1.40158 -1.00113,-0.80091 -0.97927,-0.62133 h -4e-5 z m 1.58928,-2.95026 a 0.65698999,0.51621002 0 0 1 -0.65699,0.51621 0.65698999,0.51621002 0 0 1 -0.65699,-0.51621 0.65698999,0.51621002 0 0 1 0.65699,-0.51621 0.65698999,0.51621002 0 0 1 0.65699,0.51621 z m 3.88564,-1.06995 a 0.57252002,0.57252002 0 0 1 -0.57252,0.57252 0.57252002,0.57252002 0 0 1 -0.57252,-0.57252 0.57252002,0.57252002 0 0 1 0.57252,-0.57252 0.57252002,0.57252002 0 0 1 0.57252,0.57252 z m -0.61945,-4.30795 a 0.88225001,1.22013 0 0 1 -0.88225,1.22013 0.88225001,1.22013 0 0 1 -0.88225,-1.22013 0.88225001,1.22013 0 0 1 0.88225,-1.22013 0.88225001,1.22013 0 0 1 0.88225,1.22013 z m -3.37881,-2.3652 a 1.05119,0.82593 0 0 1 -1.05119,0.82593 1.05119,0.82593 0 0 1 -1.05119,-0.82593 1.05119,0.82593 0 0 1 1.05119,-0.82593 1.05119,0.82593 0 0 1 1.05119,0.82593 z m 3.26619,-2.98459 a 1.05119,1.1075 0 0 1 -1.05119,1.1075 1.05119,1.1075 0 0 1 -1.05119,-1.1075 1.05119,1.1075 0 0 1 1.05119,-1.1075 1.05119,1.1075 0 0 1 1.05119,1.1075 z m -2.4681,-3.46707 a 0.65697002,0.56805003 0 0 1 -0.65697,0.56805 0.65697002,0.56805003 0 0 1 -0.65697,-0.56805 0.65697002,0.56805003 0 0 1 0.65697,-0.56805 0.65697002,0.56805003 0 0 1 0.65697,0.56805 z" />
  </g>
  <g
     display="inline"
     id="g12">
    <path
       id="Cakaudrove"
       d="m 385.76477,61.548759 -1.46725,1.508289 -1.01365,1.604939 -1.30929,0.971413 -0.8447,1.055878 0.67575,0.844704 c 0,0 2.01633,1.279228 2.05857,1.321457 0.0422,0.04224 1.05584,0.844704 1.02459,0.832535 -0.0312,-0.01218 1.12937,-0.621353 1.09812,-0.633522 -0.0312,-0.01217 0.66479,-0.748062 0.63351,-0.760239 -0.0313,-0.01218 0.62256,-1.42382 0.59131,-1.435989 -0.0313,-0.01218 0.53809,-1.254883 0.50681,-1.267059 -0.0313,-0.01218 0.62255,-1.17041 0.5913,-1.182594 -0.0313,-0.01217 -0.3066,-1.170372 -0.33789,-1.182545 -0.0313,-0.01217 -0.89792,-1.297119 -0.92917,-1.309288 -0.0312,-0.01216 -0.51779,-0.74807 -0.54904,-0.760231 -0.0312,-0.01217 -0.72897,0.392281 -0.72897,0.392281 v 1.1e-5 8e-6 -4e-6 -4e-6 -4e-6 -8e-6 -8e-6 -4e-6 -4e-6 -8e-6 z m 0.32376,19.934998 -1.18567,0.846603 -0.73205,1.464149 -0.0563,1.238899 -1.63309,0.732071 -0.56314,0.844704 1.68937,0.732079 1.63314,-0.168953 1.29523,-0.619446 0.78836,-1.464165 0.84473,-1.351517 -0.95734,-0.844704 -0.16897,-1.182587 -0.95423,-0.22715 v 8e-6 8e-6 z m 3.15357,-1.97097 c -0.0563,0 -0.67576,1.069954 -0.67884,1.015541 -0.003,-0.05441 0.22834,1.180695 0.22525,1.126274 -0.003,-0.05442 1.07303,0.335976 1.06995,0.28157 -0.003,-0.05441 0.34097,-0.959244 0.33789,-1.013641 -0.003,-0.05441 -0.95425,-1.409744 -0.95425,-1.409744 z m 9.17907,-19.090298 -1.22317,0.9217 -1.05118,1.651863 -0.82596,1.501698 -0.97607,1.802032 -1.27646,2.40271 1.27646,1.426605 1.27643,-0.750847 1.20135,-0.901024 0.75082,0.300354 0.75061,1.126266 1.35154,-0.300339 1.27646,-0.675766 1.57675,-0.22525 1.27646,-0.750854 0.52557,-1.877121 -0.67575,-1.651855 -0.5256,-1.726952 0.67578,-1.12627 1.0512,-0.525589 1.12626,-0.150169 0.4505,-1.201351 0.15026,-1.12627 0.67569,-0.90102 -1.57663,0.150169 -1.72702,0.600681 -1.35141,-0.37542 -1.12625,0.450508 -0.52557,1.276443 -0.97611,0.825928 -1.55496,-0.170849 z m 16.96915,-13.665409 -0.99793,0.696442 0.37543,1.351517 0.901,0.90102 0.97611,-0.300339 v -1.651859 z m 15.80536,17.776306 -0.62256,1.409744 0.22528,0.675766 0.95731,-0.957329 -0.56003,-1.128166 v -2.3e-5 z m 5.0119,-4.505077 c 0,0 -0.67578,0.506821 -0.67578,0.563129 0,0.05632 1.01364,0.8447 1.01056,0.790291 -0.003,-0.05441 0.56622,-0.733971 0.56314,-0.788387 -0.003,-0.05442 -0.89792,-0.565033 -0.89792,-0.565033 z m -0.45053,36.040638 -2.03037,-0.0544 -0.4505,1.013641 -0.22525,1.52047 0.0563,1.407837 0.67572,1.2952 1.07001,-0.33788 0.84469,-1.295211 0.61945,-1.069946 0.61951,-0.957344 0.28176,-0.957329 -0.73223,-0.788391 -0.72886,0.223351 h -3e-5 l -3e-5,8e-6 h -3e-5 -3e-5 -3e-5 -3e-5 -3e-5 -3e-5 z m -7.65863,-2.421471 -1.41092,0.227173 -0.16895,0.788383 0.90104,0.337875 0.9573,-0.112625 0.50684,-0.675774 -0.78531,-0.565033 v 2.3e-5 -2.3e-5 z m -3.99826,2.421471 -0.56622,0.50872 -1.57679,0.112633 -1.06994,0.563133 1.23889,0.732079 0.73209,0.394188 -0.16895,0.732079 -1.01364,0.619453 -0.56314,0.844698 0.3942,1.85835 c 0,0 1.01672,1.29331 1.01672,1.34962 0,0.0563 0.78839,-0.16894 0.78531,-0.22335 -0.003,-0.0544 -0.0532,-0.95923 -0.0563,-1.01363 -0.003,-0.0544 0.50989,-0.67767 0.50681,-0.73209 -0.003,-0.0544 1.29831,0.95544 1.29535,0.90102 -0.003,-0.0544 0.96051,0.44861 0.95746,0.3942 -0.003,-0.0544 0.56613,-0.56503 0.5631,-0.61945 -0.003,-0.0544 0.4535,-1.86024 0.45054,-1.91467 -0.003,-0.0544 0.73513,-1.128168 0.73205,-1.182581 -0.003,-0.05441 1.57987,0.448608 1.57678,0.394203 -0.003,-0.05441 1.07306,0.786488 1.06998,0.732068 -0.003,-0.0544 0.67883,-1.578671 0.67575,-1.633092 -0.003,-0.05441 0.11569,-1.916557 0.11264,-1.970978 -0.003,-0.05442 -0.56006,-0.733971 -0.56314,-0.788391 -0.003,-0.05442 -1.68634,1.011749 -1.68942,0.957344 -0.003,-0.05441 -1.46106,0.955429 -1.46414,0.901016 -0.003,-0.05441 -1.01056,-0.959229 -1.01364,-1.013649 -0.003,-0.05442 -0.6727,-0.902908 -0.67576,-0.957329 -0.003,-0.05442 -0.84164,-0.50872 -0.84472,-0.563133 -0.003,-0.05441 -0.84162,0.617554 -0.84162,0.617554 l -3e-5,-2.3e-5 -3e-5,8e-6 h -3e-5 -3e-5 -3e-5 -3e-5 -3e-5 -3e-5 z m -17.9202,-3.385063 -1.32333,1.622467 -1.10123,1.802032 -1.50171,1.601807 -1.60181,1.902153 -1.90213,1.501687 -1.80203,1.50169 -1.80203,1.10123 -0.70081,2.40271 -0.8009,2.10237 -0.60068,2.40271 -0.8009,1.10123 -0.8009,2.00227 -1.40158,1.40157 -1.20136,1.50169 -1.90213,1.40158 -1.6018,1.50169 -1.50171,1.90215 -0.40046,1.70192 -0.10009,1.80203 c 0,0 1.02298,1.28078 1.12307,1.38091 0.1001,0.10011 1.20139,1.60181 1.17951,1.52237 -0.0219,-0.0794 0.72265,1.38092 0.72265,1.48102 0,0.10011 1.40158,1.10124 1.37973,1.0218 -0.0218,-0.0794 1.52356,-0.72148 1.50168,-0.8009 -0.0219,-0.0794 1.12311,-1.12192 1.10126,-1.20134 -0.0218,-0.0795 1.52356,0.0794 1.50168,0 -0.0219,-0.0795 2.02414,-0.62135 2.00225,-0.7008 -0.0219,-0.0794 1.62369,-0.92169 1.60184,-1.00114 -0.0218,-0.0794 1.22345,-1.12193 1.20133,-1.20135 -0.0219,-0.0794 1.22323,-2.02293 1.20135,-2.10236 -0.0219,-0.0794 1.22324,-2.12305 1.20136,-2.20248 -0.0219,-0.0794 1.42346,-0.92168 1.40158,-1.00113 -0.0219,-0.0794 1.72378,-1.0218 1.70193,-1.10123 -0.0219,-0.0794 1.62366,-1.62247 1.60181,-1.70193 -0.0219,-0.0794 1.72378,-0.82159 1.7019,-0.90102 -0.0219,-0.0794 1.62369,-1.32214 1.60181,-1.40158 -0.0219,-0.0794 0.92288,-1.52237 0.90103,-1.60181 -0.0219,-0.0794 0.82275,-1.12193 0.8009,-1.20135 -0.0218,-0.0794 1.42343,-0.0207 1.40158,-0.10011 -0.0219,-0.0794 0.82276,-0.42113 0.82276,-0.52124 0,-0.10011 0,-1.90215 -0.0219,-1.98158 -0.0219,-0.0794 0.5224,-1.52237 0.50055,-1.60181 -0.0219,-0.0794 1.1231,-1.52237 1.22323,-1.52237 0.10013,0 0.901,-1.50169 0.87915,-1.58113 -0.0219,-0.0794 1.62366,-0.32101 1.60181,-0.40044 -0.0219,-0.0794 0.22208,-1.7226 0.20023,-1.80202 -0.0219,-0.0794 0.92285,-0.92168 0.901,-1.00114 -0.0218,-0.0794 1.02298,-1.0218 1.00113,-1.10123 -0.0219,-0.0794 -1.47983,-1.121932 -1.50168,-1.201346 -0.0219,-0.07944 -1.37973,-1.522369 -1.40158,-1.601814 -0.0219,-0.07944 -0.27851,-3.124176 -0.30036,-3.203606 -0.0218,-0.07944 -0.0782,-1.722603 -0.1001,-1.802025 -0.0219,-0.07944 -0.17837,-1.522369 -0.20022,-1.601807 -0.0219,-0.07944 -0.97928,-1.422264 -1.00113,-1.501694 -0.0219,-0.07944 -1.27963,-0.321007 -1.30148,-0.400436 -0.0219,-0.07944 -1.37973,0.279655 -1.40158,0.200226 -0.0219,-0.07944 -1.47983,0.980453 -1.50168,0.901024 -0.0218,-0.07944 -0.77906,1.080566 -0.80091,1.001129 -0.0218,-0.07944 -1.57995,1.280777 -1.57995,1.280777 v -1.5e-5 1.5e-5 -8e-6 -1.5e-5 z m -96.1084,-14.238297 -3.42569,0.321014 -2.10238,0.901016 -2.60294,1.802032 -1.10122,2.202477 -1.00119,1.601814 -2.40272,-0.300339 -3.30367,0.100105 -2.70304,0.100113 -3.20361,0.300339 -2.50284,1.001129 -0.70077,1.802032 -0.6008,2.302597 -1.10138,1.401581 -1.80191,-1.501686 -1.40152,-0.901024 0.40033,-1.802017 -0.60074,-1.601814 -1.40158,-0.200226 -1.80191,-0.901024 -1.80191,-0.500557 -0.80091,1.802017 0.50058,1.802032 -0.8009,1.902153 -0.70081,1.501686 -0.60067,2.102371 -0.80091,2.002258 -0.70083,2.102371 -0.20041,1.902153 c 0,0 0.4223,2.48215 0.52243,2.48215 0.10013,0 2.50284,1.40158 2.48102,1.32213 -0.0218,-0.0794 2.22427,0.37979 2.20242,0.30036 -0.0218,-0.0794 2.42456,-0.2209 2.40271,-0.30036 -0.0219,-0.0794 1.82388,1.08058 1.80203,1.00115 -0.0219,-0.0794 0.72266,1.58111 0.72266,1.68123 0,0.10011 0.901,-1.20134 0.87915,-1.28078 -0.0219,-0.0794 0.92288,-1.12193 0.901,-1.20134 -0.0219,-0.0795 1.52356,0.27965 1.62366,0.27965 0.10022,0 1.80206,-0.20023 1.78018,-0.27965 -0.0219,-0.0795 2.42459,-0.12081 2.40271,-0.20023 -0.0219,-0.0794 1.32333,-0.42113 1.30148,-0.50056 -0.0219,-0.0794 -0.0783,-1.32215 -0.10013,-1.40158 -0.0219,-0.0794 -0.4787,-1.722605 -0.50055,-1.802027 -0.0218,-0.07944 0.62253,-0.921684 0.60068,-1.001129 -0.0219,-0.07944 2.02411,-0.621353 1.92401,-0.621353 -0.1001,0 1.40158,-0.700783 1.3797,-0.780243 -0.0219,-0.07943 1.82392,-1.722588 1.92401,-1.822716 0.1001,-0.100113 1.30149,-0.70079 1.27961,-0.780243 -0.0219,-0.07944 0.82278,-1.822708 0.8009,-1.902153 -0.0219,-0.07944 1.52356,-1.422256 1.50171,-1.501686 -0.0218,-0.07944 2.82501,-0.821579 2.80316,-0.901024 -0.0218,-0.07944 3.32559,-0.120796 3.30371,-0.200233 -0.0219,-0.07944 2.62482,-0.02068 2.60294,-0.100105 -0.0219,-0.07944 2.22436,0.17955 2.20248,0.100105 -0.0219,-0.07944 1.32334,0.880348 1.30148,0.800903 -0.0218,-0.07944 1.62366,0.880348 1.60181,0.800903 -0.0218,-0.07944 1.22321,1.180672 1.20136,1.101227 -0.0219,-0.07944 0.82275,1.080582 0.8009,1.001137 -0.0218,-0.07944 2.02411,0.17955 2.00226,0.100105 -0.0219,-0.07944 1.42343,0.880333 1.40158,0.800911 -0.0218,-0.07944 0.62253,1.481026 0.60068,1.401581 -0.0219,-0.07945 -0.57883,1.280792 -0.60068,1.20134 -0.0218,-0.07943 0.4223,1.98159 0.40045,1.902153 -0.0219,-0.07945 -0.0783,1.180677 -0.10013,1.101237 -0.0219,-0.0794 -1.47986,0.37978 -1.50168,0.30034 -0.0219,-0.0795 -1.88031,0.17955 -1.90216,0.1001 -0.0219,-0.0794 -1.88028,0.98045 -1.90213,0.90103 -0.0218,-0.0794 -1.47989,1.38091 -1.50171,1.30148 -0.0219,-0.0794 -0.87915,1.58113 -0.901,1.50168 -0.0219,-0.0795 1.12311,0.78023 1.10123,0.70079 -0.0219,-0.0794 2.42459,-0.8216 2.40271,-0.90103 -0.0219,-0.0794 1.82391,-0.321 1.80203,-0.40043 -0.0219,-0.0794 1.82386,0.17955 1.802,0.1001 -0.0218,-0.0794 2.12427,-0.32101 2.10242,-0.40045 -0.0218,-0.0794 1.92401,-0.52124 1.90213,-0.60069 -0.0219,-0.0794 2.02414,0.17955 2.00226,0.10011 -0.0219,-0.0794 2.12424,-0.32101 2.10239,-0.40044 -0.0219,-0.0794 1.72378,1.18068 1.72378,1.28078 0,0.10011 1.10123,0.90102 1.07938,0.82159 -0.0219,-0.0794 1.82388,-0.1208 1.80203,-0.20023 -0.0219,-0.0794 2.12424,-0.92169 2.10235,-1.00114 -0.0219,-0.0794 2.02414,-0.42113 2.00226,-0.50056 -0.0219,-0.0794 2.32447,0.37978 2.30261,0.30035 -0.0219,-0.0794 1.62366,-0.52121 1.60181,-0.60069 -0.0219,-0.0794 1.92401,-0.92168 1.90213,-1.00113 -0.0219,-0.0794 2.52469,0.68011 2.50284,0.60069 -0.0219,-0.0794 2.32446,0.57999 2.30258,0.50056 -0.0219,-0.0794 1.72379,-1.0218 1.70194,-1.10124 -0.0219,-0.0794 2.42456,-1.12192 2.40271,-1.20135 -0.0218,-0.0794 1.62365,-1.021787 1.6018,-1.101224 -0.0219,-0.07944 1.62366,-1.222038 1.60181,-1.301476 -0.0219,-0.07943 2.02411,-0.52124 2.00226,-0.600693 -0.0218,-0.07944 1.52356,-0.921684 1.50168,-1.001144 -0.0219,-0.07944 1.92401,-0.621346 1.90216,-0.700783 -0.0218,-0.07943 2.12433,-0.52124 2.10251,-0.600693 -0.0218,-0.07944 1.42334,-0.421127 1.42334,-0.52124 0,-0.100098 1.00119,-1.601807 0.97937,-1.681229 -0.0218,-0.07944 1.32318,-0.120811 1.30133,-0.200233 -0.0219,-0.07943 2.12436,1.080574 2.10257,1.001144 -0.0219,-0.07945 1.39844,0.28804 2.30246,0 0.90439,-0.28804 1.52359,0.07943 1.50177,0 -0.0218,-0.07945 1.82373,0.479904 1.80188,0.400429 -0.0218,-0.07943 2.22433,1.38092 2.20248,1.301483 -0.0218,-0.07944 2.02411,0.579994 2.00226,0.500557 -0.0218,-0.07944 1.62369,0.680115 1.60187,0.600693 -0.0218,-0.07943 0.5224,1.781364 0.50058,1.701927 -0.0218,-0.07943 1.42337,1.080559 1.40155,1.001129 -0.0218,-0.07944 2.02417,0.279663 2.00235,0.200226 -0.0218,-0.07945 1.62378,0.479887 1.60193,0.400437 -0.0219,-0.0794 1.02298,0.57999 1.00113,0.50056 -0.0219,-0.0794 0.22207,-1.322147 0.20022,-1.401569 -0.0219,-0.07943 -1.07941,-1.422256 -1.10126,-1.501694 -0.0218,-0.07944 0.72266,-0.821594 0.70081,-0.901016 -0.0219,-0.07943 1.52353,0.780251 1.50168,0.70079 -0.0218,-0.07944 1.72378,0.279648 1.70193,0.200226 -0.0218,-0.07944 1.52353,-0.52124 1.50168,-0.600685 -0.0219,-0.07945 -0.87915,-1.222023 -0.901,-1.301483 -0.0219,-0.07943 -1.47986,-1.121918 -1.50171,-1.20134 -0.0219,-0.07944 -1.57995,-0.120804 -1.60181,-0.200226 -0.0219,-0.07944 -1.58001,-1.622467 -1.60183,-1.701927 -0.0218,-0.07944 -0.47876,-1.422264 -0.50058,-1.501694 -0.0218,-0.07944 -0.77899,-2.223167 -0.80084,-2.302597 -0.0219,-0.07944 -2.28077,-0.921684 -2.30262,-1.001144 -0.0218,-0.07944 -2.98153,-0.721474 -3.00338,-0.800896 -0.0219,-0.07944 1.32324,-1.622467 1.30142,-1.701927 -0.0218,-0.07943 1.32312,-1.622467 1.3013,-1.701927 -0.0218,-0.07945 1.92398,-1.522385 1.90213,-1.601807 -0.0218,-0.07944 1.02298,-1.222015 1.00116,-1.301468 -0.0218,-0.07944 -0.67899,-2.223167 -0.70084,-2.302597 -0.0218,-0.07945 1.22324,-1.722603 1.20136,-1.802025 -0.0219,-0.07944 1.12311,-2.623596 1.10125,-2.703056 -0.0218,-0.07945 0.5224,-1.622475 0.50055,-1.701935 -0.0218,-0.07944 1.02298,-1.522377 1.00113,-1.601814 -0.0219,-0.07943 0.74243,-0.755333 0.25028,-1.079346 -0.49216,-0.324005 -0.17523,-0.328796 -1.08405,-0.788383 -0.90881,-0.459557 -2.38717,-1.411324 -2.95807,-1.870865 -0.57089,-0.459549 -2.4934,1.114952 -2.51526,1.035522 -0.0219,-0.07944 -2.88143,0.780228 -2.90329,0.700783 -0.0218,-0.07944 -1.68005,0.980446 -1.7019,0.901024 -0.0218,-0.07945 -1.27963,1.781357 -1.30148,1.701927 -0.0219,-0.07945 -1.47983,1.581116 -1.50168,1.501686 -0.0218,-0.07944 -1.88031,1.981583 -1.90216,1.902153 -0.0219,-0.07946 -2.38086,1.380898 -2.40271,1.301476 -0.0218,-0.07943 -2.18064,1.080574 -2.20246,1.001129 -0.0219,-0.07943 -1.37973,1.98159 -1.40158,1.902153 -0.0218,-0.07943 -0.77905,1.681236 -0.8009,1.601814 -0.0218,-0.07944 -1.98041,3.483284 -2.00226,3.403847 -0.0219,-0.07943 -1.17947,1.681236 -1.20129,1.601814 -0.0218,-0.07944 -1.07944,2.081696 -1.10129,2.002274 -0.0219,-0.07945 -1.67996,0.980446 -1.70178,0.901016 -0.0218,-0.07944 -2.48111,1.781357 -2.50293,1.70192 -0.0218,-0.07944 -1.98044,1.681244 -2.00229,1.601814 -0.0218,-0.07945 -0.90421,1.380936 -1.10126,1.70192 -0.19705,0.320969 -1.47983,1.180679 -1.50168,1.101227 -0.0218,-0.07944 -1.07943,0.780243 -1.17953,0.880333 -0.10013,0.100113 -1.90213,0.300346 -1.92398,0.220886 -0.0218,-0.07944 -1.47983,0.680115 -1.50168,0.600693 -0.0218,-0.07944 -0.77899,1.981583 -0.80078,1.902153 -0.0218,-0.07945 -0.87915,1.481026 -0.90097,1.401581 -0.0218,-0.07944 -1.17947,0.78023 -1.20132,0.70077 -0.0219,-0.0794 -1.47983,-1.12192 -1.50168,-1.201342 -0.0219,-0.07944 -1.78019,-0.220894 -1.80203,-0.300339 -0.0219,-0.07945 -2.68122,0.479889 -2.70307,0.400436 -0.0218,-0.07944 -2.0805,0.07945 -2.10235,0 -0.0219,-0.07944 -0.0783,-1.722595 -0.10013,-1.802017 -0.0219,-0.07945 0.72265,-1.922813 0.7008,-2.002274 -0.0219,-0.07944 0.82276,-2.323265 0.80091,-2.40271 -0.0219,-0.07944 -1.37973,-0.621346 -1.40158,-0.700775 -0.0219,-0.07945 -0.77906,-1.222023 -0.80091,-1.301483 -0.0218,-0.07944 2.72489,-0.721466 2.70304,-0.800903 -0.0219,-0.07944 0.72265,-2.022926 0.7008,-2.102356 -0.0218,-0.07944 1.52353,-2.022934 1.50168,-2.102364 -0.0219,-0.07944 1.12311,-1.522377 1.10126,-1.601807 -0.0218,-0.07944 0.32217,-1.722603 0.30032,-1.802017 -0.0218,-0.07944 2.22433,-1.021805 2.20248,-1.101234 -0.0219,-0.07944 1.72379,-0.821587 1.70194,-0.901016 -0.0219,-0.07945 0.5224,-1.722603 0.50055,-1.802025 -0.0218,-0.07944 0.52243,-2.92395 0.50058,-3.003395 -0.0218,-0.07944 0.4223,-1.922821 0.40045,-2.002274 -0.0218,-0.07944 1.02298,-1.522377 1.00113,-1.601807 -0.0219,-0.07945 1.32321,-1.422264 1.30139,-1.501694 -0.0218,-0.07944 1.62366,-0.821556 2.20233,-1.101227 0.57892,-0.279701 1.52356,-0.220901 1.50171,-0.300354 -0.0219,-0.07944 1.62378,-1.021797 1.60196,-1.101234 -0.0218,-0.07943 1.32315,-1.722603 1.3013,-1.80201 -0.0218,-0.07946 2.72492,-0.921684 2.70306,-1.001144 -0.0218,-0.07944 2.22431,-0.921677 2.20246,-1.001129 -0.0219,-0.07943 2.12424,-0.921745 2.10238,-1.001175 -0.0219,-0.07943 1.82386,-0.52124 1.80204,-0.600681 -0.0218,-0.07943 1.62365,-1.322151 1.6018,-1.401581 -0.0219,-0.07943 1.62366,-1.222031 1.60184,-1.301468 -0.0218,-0.07943 0.72284,-1.62249 0.70099,-1.70192 -0.0218,-0.07943 0.42224,-1.722603 0.42224,-1.822712 0,-0.100121 1.3013,-1.80204 1.27948,-1.88147 -0.0218,-0.07943 1.62381,-1.121922 1.60199,-1.201351 -0.0219,-0.07943 0.42218,-1.62249 0.40036,-1.70192 -0.0218,-0.07943 0.82263,-1.722599 0.92276,-1.722599 0.10025,0 1.80203,-1.802029 1.78018,-1.88147 -0.0218,-0.07944 1.22336,-1.622478 1.20133,-1.701923 -0.0218,-0.07944 1.02301,-0.921692 1.1231,-0.921692 0.1001,0 1.4516,-3.729206 0.67899,-2.281918 -0.77246,1.447289 1.02301,-1.822712 1.00119,-1.902153 -0.0218,-0.07943 0.62265,-2.323277 0.6008,-2.40271 -0.0218,-0.07943 0.52243,-1.922817 0.50055,-2.002258 -0.0219,-0.07943 1.92401,-1.222031 1.90216,-1.301472 -0.0219,-0.07943 1.82373,-2.123051 1.80191,-2.202477 -0.0218,-0.07943 2.12436,-1.722616 2.10248,-1.802046 -0.0219,-0.07943 1.12311,-1.222033 1.10126,-1.301476 -0.0219,-0.07944 1.72378,-1.222031 1.7019,-1.301472 -0.0219,-0.07944 2.7247,-0.321016 2.70285,-0.40045 -0.0218,-0.07944 1.724,-1.121923 1.82388,-1.121923 0.1001,0 1.20133,-1.501694 1.17948,-1.581131 -0.0218,-0.07944 0.12201,-1.021811 0.10012,-1.101236 -0.0219,-0.07944 -1.17947,0.580002 -1.20135,0.500563 -0.0218,-0.07944 -1.47983,0.980453 -1.50168,0.90102 -0.0219,-0.07944 -1.67993,0.980453 -1.70175,0.90102 -0.0219,-0.07944 -2.08069,0.479893 -2.10254,0.400452 -0.0218,-0.07944 -1.27954,1.280788 -1.30133,1.201347 -0.0218,-0.07944 -1.37973,1.280788 -1.40155,1.201349 -0.0218,-0.07944 -1.47995,1.48102 -1.50177,1.401579 -0.0218,-0.07944 -1.78006,1.280787 -1.80191,1.201345 -0.0219,-0.07943 -1.68005,1.581131 -1.70194,1.501694 -0.0219,-0.07943 -1.07937,1.581139 -1.10122,1.501698 -0.0219,-0.07943 -1.37973,1.981579 -1.40158,1.902142 -0.0218,-0.07943 -1.37973,2.081699 -1.40158,2.002262 -0.0219,-0.07943 -0.77906,1.881477 -0.80091,1.802029 -0.0218,-0.07943 -0.97928,1.180679 -1.00113,1.101234 -0.0218,-0.07943 -1.57995,0.78022 -1.6018,0.700787 -0.0219,-0.07943 -1.78019,1.280792 -1.80204,1.201351 -0.0218,-0.07943 -1.9804,1.781349 -2.00225,1.701923 -0.0218,-0.07943 -1.27961,1.68124 -1.30149,1.601807 -0.0219,-0.07943 -0.87915,2.081696 -0.901,2.002258 -0.0218,-0.07943 -1.1795,1.781353 -1.20135,1.701923 -0.0218,-0.07943 -1.2796,0.479889 -1.30149,0.400448 -0.0219,-0.07943 -2.1806,-0.52124 -2.20248,-0.600681 -0.0219,-0.07943 -1.57993,-0.421127 -1.60181,-0.500557 -0.0219,-0.07943 -2.38083,-0.621361 -2.40271,-0.70079 -0.0219,-0.07943 -1.57992,0.680111 -1.6018,0.600677 -0.0219,-0.07943 -2.58106,-0.02068 -2.60294,-0.100109 -0.0219,-0.07943 -2.08051,0.479889 -2.10236,0.400452 -0.0218,-0.07943 -1.78018,0.980453 -1.80203,0.90102 -0.0218,-0.07943 -1.47983,1.180679 -1.50171,1.101238 -0.0219,-0.07943 -0.57879,1.380901 -0.60067,1.301472 -0.0219,-0.07943 -0.17835,1.180679 -0.20023,1.101238 -0.0219,-0.07943 -0.37857,2.081692 -0.40045,2.002262 -0.0219,-0.07943 -0.87915,1.180679 -0.901,1.101238 -0.0218,-0.07943 -1.17951,-1.222031 -1.20136,-1.301468 -0.0219,-0.07943 -0.67892,-1.922821 -0.7008,-2.002262 -0.0219,-0.07943 -0.57883,-1.42226 -0.60068,-1.50169 -0.0219,-0.07943 0.12198,-1.322151 0.10013,-1.401581 -0.0218,-0.07943 -0.77906,-0.421127 -0.80091,-0.500557 -0.0218,-0.07943 -1.07937,0.78022 -1.10125,0.700787 -0.0219,-0.07943 -1.3797,0.78022 -1.40158,0.70079 -0.0219,-0.07943 -1.57996,0.98045 -1.60181,0.90102 -0.0219,-0.07943 -1.17948,1.380901 -1.20136,1.301472 -0.0219,-0.07943 -0.57879,1.481018 -0.4787,1.581131 0.1001,0.100109 0.20023,1.601799 0.17838,1.522369 -0.0219,-0.07943 -0.3786,1.581127 -0.40045,1.50169 -0.0218,-0.07943 -0.67893,1.781349 -0.70081,1.70192 -0.0219,-0.07943 -0.77902,1.280788 -0.8009,1.201351 -0.0219,-0.07943 -0.4787,1.681229 -0.50055,1.601807 -0.0218,-0.07945 0.62253,1.681229 0.60068,1.601807 -0.0219,-0.07943 0.12213,1.414291 0.20022,1.902153 0.0781,0.487846 0.12198,1.080566 0.1001,1.001144 -0.0219,-0.07944 -0.37857,0.880333 -0.40045,0.800896 -0.0218,-0.07944 -2.78128,-0.721474 -2.80313,-0.800896 -0.0219,-0.07944 -2.08054,0.07945 -2.10239,0 -0.0219,-0.07944 -1.57995,0.680115 -1.6018,0.600693 -0.0219,-0.07945 -1.47983,-0.220901 -1.50171,-0.300346 -0.0219,-0.07945 -0.77903,-0.821587 -0.80091,-0.901024 -0.0219,-0.07943 -1.57992,-0.921677 -1.6018,-1.001137 -0.0219,-0.07944 -1.88028,-0.120804 -1.90213,-0.200226 -0.0219,-0.07944 -1.57996,0.179543 -1.60181,0.100113 -0.0219,-0.07945 -0.67893,1.280777 -0.70081,1.20134 -0.0219,-0.07943 -0.37857,1.481033 -0.40045,1.401573 -0.0219,-0.07945 -1.17947,0.980446 -1.20135,0.901016 -0.0219,-0.07944 -1.3797,1.080574 -1.40158,1.001137 -0.0219,-0.07945 -1.57993,1.280777 -1.60181,1.201347 -0.0219,-0.07944 -0.67893,1.080566 -0.70078,1.001129 -0.0218,-0.07944 0.0219,1.681244 0,1.601814 -0.0218,-0.07944 -0.27847,1.88147 -0.30035,1.802017 -0.0219,-0.07944 -0.77902,1.280777 -0.8009,1.201347 -0.0219,-0.07944 -1.88028,0.17955 -1.88028,0.17955 v 4.6e-5 4.6e-5 -4.6e-5 -2.3e-5 4.6e-5 4.6e-5 -2.3e-5 8e-6 8e-6 8e-6 1.5e-5 8e-6 1.5e-5 8e-6 8e-6 1.5e-5 8e-6 z"
       style="fill:#ffffaa;fill-opacity:1" />
  </g>
  <g
     display="inline"
     id="g13">
    <path
       id="Ba"
       style="fill:#00ffff;stroke:#000000;stroke-opacity:0"
       d="m 41.994191,191.89577 a 1.05119,0.82593 0 0 1 -1.05119,0.82593 1.05119,0.82593 0 0 1 -1.05119,-0.82593 1.05119,0.82593 0 0 1 1.05119,-0.82593 1.05119,0.82593 0 0 1 1.05119,0.82593 z m -0.976101,-4.43001 a 1.05119,0.82593 0 0 1 -1.05119,0.82593 1.05119,0.82593 0 0 1 -1.05119,-0.82593 1.05119,0.82593 0 0 1 1.05119,-0.82593 1.05119,0.82593 0 0 1 1.05119,0.82593 z m 2.102369,-2.47778 a 0.63822001,0.67575997 0 0 1 -0.63822,0.67576 0.63822001,0.67575997 0 0 1 -0.63822,-0.67576 0.63822001,0.67575997 0 0 1 0.63822,-0.67576 0.63822001,0.67575997 0 0 1 0.63822,0.67576 z m -3.75423,20.12271 a 0.78838998,0.82593 0 0 1 -0.78839,0.82593 0.78838998,0.82593 0 0 1 -0.78839,-0.82593 0.78838998,0.82593 0 0 1 0.78839,-0.82593 0.78838998,0.82593 0 0 1 0.78839,0.82593 z m 2.939998,-1.41783 a 1.08873,0.86347002 35.3399 0 1 0.388662,1.33411 1.08873,0.86347002 35.3399 0 1 -1.387568,0.0746 1.08873,0.86347002 35.3399 0 1 -0.388662,-1.33411 1.08873,0.86347002 35.3399 0 1 1.387568,-0.0746 z M 68.34892,192.27119 a 1.05119,0.82593 0 0 1 -1.051191,0.82593 1.05119,0.82593 0 0 1 -1.05119,-0.82593 1.05119,0.82593 0 0 1 1.05119,-0.82593 1.05119,0.82593 0 0 1 1.051191,0.82593 z m -21.77456,15.01694 a 1.05119,0.82593 0 0 1 -1.05119,0.82593 1.05119,0.82593 0 0 1 -1.05119,-0.82593 1.05119,0.82593 0 0 1 1.05119,-0.82593 1.05119,0.82593 0 0 1 1.05119,0.82593 z m 0,-5.03067 a 1.05119,0.82593 0 0 1 -1.05119,0.82593 1.05119,0.82593 0 0 1 -1.05119,-0.82593 1.05119,0.82593 0 0 1 1.05119,-0.82593 1.05119,0.82593 0 0 1 1.05119,0.82593 z m 7.90892,20.17276 -1.323318,0.32102 -0.200233,1.10122 0.800903,1.40158 1.601807,0.40046 1.50169,0.40045 0.200233,1.90216 0.700787,0.90101 1.201351,-1.80203 -1.001129,-0.90101 -0.90102,-1.20136 -0.400452,-1.80203 -1.101238,-0.60068 -1.079391,-0.12079 h 1.1e-5 z m -7.119072,-8.25088 a 1.8904901,1.20135 26.0296 0 1 1.171538,1.90911 1.8904901,1.20135 26.0296 0 1 -2.225928,0.24988 1.8904901,1.20135 26.0296 0 1 -1.171537,-1.90911 1.8904901,1.20135 26.0296 0 1 2.225927,-0.24988 z m 4.566193,7.95054 a 1.05119,0.82593 0 0 1 -1.05119,0.82593 1.05119,0.82593 0 0 1 -1.05119,-0.82593 1.05119,0.82593 0 0 1 1.05119,-0.82593 1.05119,0.82593 0 0 1 1.05119,0.82593 z M 48.601669,163.71556 47.47229,162.5208 c 0,0 -0.13768,1.57487 -0.13768,1.61711 0,0.0422 -0.422352,1.98506 -0.453621,1.97288 -0.03127,-0.0122 -0.475559,1.70159 -0.506821,1.68943 -0.03127,-0.0122 0.242443,1.11029 0.21117,1.0981 -0.03126,-0.0122 0.83374,0.64569 0.802471,0.63351 -0.03127,-0.0122 1.087151,-0.91699 1.055882,-0.92917 -0.03127,-0.0122 1.087151,-0.41017 1.055878,-0.42235 -0.03127,-0.0122 0.875973,0.7724 0.918213,0.81464 0.04224,0.0422 1.013649,-0.50682 0.98238,-0.519 -0.03127,-0.0122 0.664787,-1.76169 0.63353,-1.77386 -0.03127,-0.0122 0.53809,-1.25489 0.506817,-1.26706 -0.03127,-0.0122 -0.348846,-1.93064 -0.380119,-1.94281 -0.03127,-0.0122 0.03127,-1.0437 0,-1.05588 -0.03127,-0.0122 -0.517788,-0.57912 -0.549061,-0.59129 -0.03127,-0.0122 -0.560017,0.6457 -0.59129,0.63351 -0.03127,-0.0122 -0.686729,0.85689 -0.717999,0.84471 -0.03127,-0.0122 -0.855671,0.39229 -0.88694,0.38011 -0.03127,-0.0122 -0.813431,0.0122 -0.813431,0.0122 z m 7.827549,-13.19144 -0.566219,1.18448 -0.8447,1.74573 -0.168938,1.35152 0.563129,0.16894 0.506821,-0.61944 0.90102,0.16896 0.168938,-1.12628 0.168941,-1.06997 0.8447,-0.73208 0.168938,-0.78839 -1.742638,-0.28347 z m 7.771275,-10.75587 -0.284653,-0.95543 0.563133,-1.12628 -0.844704,-0.28156 -1.12627,1.18257 -0.28157,1.63311 -0.506821,1.29519 v 1.12629 l -1.464149,1.01364 -1.295208,1.57676 c 0,0 -1.010559,2.19432 -1.066879,2.19432 -0.05631,0 0.168938,1.46418 0.165859,1.40973 -0.0031,-0.0544 1.07304,0.50492 1.069958,0.4505 -0.0031,-0.0544 1.01672,0.50493 1.013641,0.45053 -0.0031,-0.0544 0.0031,-1.40972 0,-1.46417 -0.0031,-0.0544 0.904091,-1.91655 0.90102,-1.97097 -0.0031,-0.0544 1.129349,-0.5087 1.12627,-0.56315 -0.0031,-0.0544 0.79147,0.95543 0.788391,0.90103 -0.0031,-0.0544 0.05939,0.73015 0.1157,0.78647 0.05632,0.0563 0.8447,-1.52044 0.841629,-1.57486 -0.0031,-0.0544 0.678841,-1.18448 0.675758,-1.23889 -0.0031,-0.0544 1.91774,-0.73398 1.97406,-0.73398 0.05632,0 1.351524,-0.33789 1.348442,-0.39228 -0.0031,-0.0544 0.904091,-1.74762 0.901016,-1.80204 -0.0031,-0.0544 1.016724,-1.46605 1.013641,-1.52044 -0.0031,-0.0544 0.45359,-1.01554 0.450508,-1.06996 -0.0031,-0.0544 0.0031,-1.18448 0,-1.2389 -0.0031,-0.0544 -0.560059,-0.11453 -0.616356,-0.17083 -0.05631,-0.0563 -0.732071,0.78837 -0.732071,0.84469 0,0.0563 -0.563141,1.12628 -0.566223,1.07186 -0.0031,-0.0545 -0.728996,0.73017 -0.732079,0.67576 -0.0031,-0.0544 -0.672676,0.84281 -0.675758,0.78839 -0.0031,-0.0544 -1.123192,-0.0582 -1.126266,-0.11264 -0.0031,-0.0544 -0.897934,-0.56502 -0.901024,-0.61944 -0.0031,-0.0544 -0.728996,-0.56504 -0.728996,-0.56504 l 1.5e-5,2e-5 h -1.5e-5 z m 10.305366,-11.93847 -0.39727,0.79029 -1.069962,0.73207 -1.182579,0.3942 -0.450508,0.95733 0.563133,1.6894 1.013626,0.39421 1.013641,-1.23889 0.450508,-1.12629 1.126274,-0.84471 0.844696,-0.61944 0.394203,-1.06995 -1.069962,-0.90102 -0.901024,0.11263 -0.334801,0.73018 2.3e-5,-1e-5 h 8e-6 -8e-6 z m 1.182595,-6.41974 c -0.05631,-0.0563 -1.013664,1.01364 -1.016724,0.95923 -0.0031,-0.0544 -0.785309,1.29331 -0.788391,1.23889 -0.0031,-0.0544 0.622528,1.91277 0.619453,1.85835 -0.0031,-0.0544 1.129356,0.44862 1.126266,0.3942 -0.0031,-0.0544 0.509903,-0.73397 0.506821,-0.78838 -0.0031,-0.0544 -0.222183,-0.95923 -0.165863,-0.95923 0.05631,0 1.182594,-0.22526 1.179504,-0.27967 -0.0031,-0.0544 0.791466,-0.8466 0.788391,-0.90102 -0.0031,-0.0544 -0.729004,-1.12817 -0.732079,-1.18259 -0.0031,-0.0544 -0.841621,-0.22715 -0.844704,-0.28156 -0.0031,-0.0544 -0.672676,-0.0582 -0.672676,-0.0582 v -2e-5 z m 10.305366,-10.53063 -1.073044,1.57868 -0.394196,1.63309 c 0,0 -0.447433,0.61755 -0.447433,0.67387 0,0.0563 -1.351517,0.22525 -1.407837,0.22525 -0.05631,0 -1.069954,-0.28156 -1.073044,-0.33598 -0.0031,-0.0544 -0.560036,1.40594 -0.563126,1.35152 -0.0031,-0.0544 0.05939,2.02538 0.05631,1.97097 -0.0031,-0.0544 0.791466,0.95544 0.788376,0.90102 -0.0031,-0.0544 1.185661,0.61755 1.182594,0.56313 -0.0031,-0.0544 1.016716,-0.11452 1.013649,-0.16895 -0.0031,-0.0544 0.05939,-1.18449 0.0563,-1.2389 -0.0031,-0.0544 0.05939,-1.12817 0.05631,-1.18259 -0.0031,-0.0544 1.636169,0.44862 1.238876,0.3942 -0.397285,-0.0544 1.073044,-0.67766 1.069962,-0.73207 -0.0031,-0.0544 0.847786,-0.3961 0.844696,-0.45051 -0.0031,-0.0544 0.39727,-0.90292 0.394203,-0.95733 -0.0031,-0.0544 -0.165863,-1.18449 -0.168953,-1.2389 -0.0031,-0.0544 0.566223,-0.28347 0.563141,-0.33788 -0.0031,-0.0544 0.735153,-0.45241 0.732071,-0.50682 -0.0031,-0.0544 0.678833,-0.3961 0.678833,-0.33978 0,0.0563 0.225266,-0.90102 0.222176,-0.95543 -0.0031,-0.0544 -0.616356,-0.22715 -0.619446,-0.28157 -0.0031,-0.0544 -0.729004,0.8428 -0.732079,0.78838 -0.0031,-0.0544 -0.897934,0.44862 -0.901024,0.3942 -0.0031,-0.0544 -0.334801,-1.12817 -0.337875,-1.18259 -0.0031,-0.0544 -0.391113,-0.90292 -0.394203,-0.95734 -0.0031,-0.0544 -0.785324,0.3923 -0.785324,0.3923 h 5.3e-5 l 8e-6,3e-5 z m 18.77116,-20.79847 -1.2232,0.396111 0.22525,1.051186 c 0,0 -0.42866,1.405922 -0.42866,1.48101 0,0.0751 -0.75085,0.976105 -0.77271,0.9217 -0.0218,-0.05441 -1.02934,0.579994 -1.05119,0.525604 -0.0219,-0.05441 -0.80408,0.880333 -0.82594,0.825943 -0.0219,-0.05441 -0.57883,1.556076 -0.60069,1.501686 -0.0219,-0.05441 -0.87917,0.805237 -0.90102,0.750847 -0.02186,-0.05441 -1.329674,1.030495 -1.351524,0.976105 -0.02186,-0.05441 -0.728996,1.405907 -0.750847,1.351517 -0.02186,-0.0544 -1.104424,0.955411 -1.126266,0.901021 -0.02185,-0.0544 -1.329674,1.25574 -1.351524,1.20135 -0.02183,-0.0544 -1.479836,1.48101 -1.501686,1.42661 -0.02185,-0.0544 -1.404755,2.0066 -1.479843,2.0066 -0.07508,0 -1.952187,1.20135 -1.974037,1.14697 -0.02185,-0.0544 -1.329674,-0.4712 -1.351524,-0.5256 -0.02185,-0.0544 -0.804077,-0.77153 -0.825928,-0.82593 -0.02187,-0.0544 -0.278503,1.18066 -0.300354,1.12627 -0.02186,-0.0544 0.02185,1.93152 0,1.87711 -0.02186,-0.0544 0.847794,0.57999 0.825943,0.5256 -0.02185,-0.0544 1.448463,-0.17085 1.426613,-0.22525 -0.02187,-0.0544 1.373367,0.35474 1.351517,0.30034 -0.02186,-0.0544 1.223213,-0.77155 1.201347,-0.82594 -0.02186,-0.0544 0.847794,-0.9217 0.825943,-0.9761 -0.02185,-0.0544 1.148117,-0.0958 1.126274,-0.15017 -0.02187,-0.0544 -0.203415,-0.9968 -0.225273,-1.05119 -0.02185,-0.0544 0.09694,-1.29713 0.07509,-1.35152 -0.02186,-0.0544 0.847794,-0.32103 0.825943,-0.37543 -0.02184,-0.0544 1.373367,0.35474 1.351517,0.30034 -0.02185,-0.0544 1.073044,-0.3961 1.051193,-0.45051 -0.02184,-0.0544 0.697617,-1.37221 0.675766,-1.42661 -0.02187,-0.0544 0.54744,-1.4473 0.525589,-1.50169 -0.02183,-0.0544 0.697624,-1.222051 0.675774,-1.27644 -0.02187,-0.05441 1.373368,0.0544 1.351518,0 -0.0219,-0.05441 1.37337,-0.54628 1.35152,-0.600685 -0.0219,-0.05441 0.77271,-0.921715 0.75085,-0.976105 -0.0219,-0.05441 0.69761,-1.447296 0.67576,-1.501686 -0.0218,-0.05441 0.69762,-1.222054 0.67577,-1.276443 -0.0219,-0.05441 0.92287,-1.447296 0.90102,-1.501686 -0.0219,-0.05441 0.92287,-0.996803 0.90102,-1.051193 -0.0219,-0.05441 0.47236,-1.146973 0.45053,-1.201347 -0.0219,-0.05441 -0.35359,-1.071869 -0.37544,-1.126274 -0.0219,-0.05441 -0.80408,-0.396111 -0.80408,-0.396111 h -2e-5 l 2e-5,-8e-6 h -2e-5 10e-6 z m -52.334022,81.91738 a 1.05119,1.27644 0 0 1 -1.05119,1.27644 1.05119,1.27644 0 0 1 -1.05119,-1.27644 1.05119,1.27644 0 0 1 1.05119,-1.27644 1.05119,1.27644 0 0 1 1.05119,1.27644 z m -0.150158,3.90441 a 1.05119,0.82593 0 0 1 -1.05119,0.82593 1.05119,0.82593 0 0 1 -1.05119,-0.82593 1.05119,0.82593 0 0 1 1.05119,-0.82593 1.05119,0.82593 0 0 1 1.05119,0.82593 z m 28.382,-51.28283 a 1.05119,0.82593 0 0 1 -1.05119,0.82593 1.05119,0.82593 0 0 1 -1.05119,-0.82593 1.05119,0.82593 0 0 1 1.05119,-0.82593 1.05119,0.82593 0 0 1 1.05119,0.82593 z m 0.100121,-2.50282 a 1.05119,0.82593 0 0 1 -1.05119,0.82593 1.05119,0.82593 0 0 1 -1.05119,-0.82593 1.05119,0.82593 0 0 1 1.05119,-0.82593 1.05119,0.82593 0 0 1 1.05119,0.82593 z m -1.80204,-3.00339 a 1.05119,0.82593 0 0 1 -1.05119,0.82593 1.05119,0.82593 0 0 1 -1.05119,-0.82593 1.05119,0.82593 0 0 1 1.05119,-0.82593 1.05119,0.82593 0 0 1 1.05119,0.82593 z M 90.27364,102.84533 a 1.05119,0.82593 0 0 1 -1.05119,0.82593 1.05119,0.82593 0 0 1 -1.05119,-0.82593 1.05119,0.82593 0 0 1 1.05119,-0.82593 1.05119,0.82593 0 0 1 1.05119,0.82593 z m 12.68932,-13.965752 a 1.05119,0.82593 0 0 1 -1.05119,0.82593 1.05119,0.82593 0 0 1 -1.05119,-0.82593 1.05119,0.82593 0 0 1 1.05119,-0.82593 1.05119,0.82593 0 0 1 1.05119,0.82593 z m 4.27982,-2.027291 a 1.05119,0.82593 0 0 1 -1.05119,0.82593 1.05119,0.82593 0 0 1 -1.05119,-0.82593 1.05119,0.82593 0 0 1 1.05119,-0.82593 1.05119,0.82593 0 0 1 1.05119,0.82593 z m 19.74728,-1.126259 a 1.05119,0.82593 0 0 1 -1.05119,0.82593 1.05119,0.82593 0 0 1 -1.05119,-0.82593 1.05119,0.82593 0 0 1 1.05119,-0.82593 1.05119,0.82593 0 0 1 1.05119,0.82593 z M 78.860768,225.43361 a 1.05119,0.82593 0 0 1 -1.05119,0.82593 1.05119,0.82593 0 0 1 -1.05119,-0.82593 1.05119,0.82593 0 0 1 1.05119,-0.82593 1.05119,0.82593 0 0 1 1.05119,0.82593 z m 45.551382,-45.95183 a 1.05119,0.82593 0 0 1 -1.05119,0.82593 1.05119,0.82593 0 0 1 -1.05119,-0.82593 1.05119,0.82593 0 0 1 1.05119,-0.82593 1.05119,0.82593 0 0 1 1.05119,0.82593 z m -35.715289,24.27736 a 0.93856001,0.52559 0 0 1 -0.93856,0.52559 0.93856001,0.52559 0 0 1 -0.93856,-0.52559 0.93856001,0.52559 0 0 1 0.93856,-0.52559 0.93856001,0.52559 0 0 1 0.93856,0.52559 z m 3.754239,-4.9556 a 1.05119,0.82593 0 0 1 -1.05119,0.82593 1.05119,0.82593 0 0 1 -1.05119,-0.82593 1.05119,0.82593 0 0 1 1.05119,-0.82593 1.05119,0.82593 0 0 1 1.05119,0.82593 z m -5.942807,27.59783 -2.324463,0.69922 -2.135742,0.35595 -2.135727,-0.35595 -0.711914,1.7798 -0.711906,2.13572 -0.533943,2.31372 -0.533936,1.95777 -1.24585,1.6018 1.423836,0.8899 1.24585,2.66968 1.24585,2.31372 0.889885,1.95776 c 0,0 1.256577,1.08057 1.256577,1.25855 0,0.17797 1.423828,2.13574 1.413094,2.12304 -0.01074,-0.0127 1.08152,1.521 1.704346,1.71948 0.622833,0.19849 2.577873,0.42896 2.567139,0.41626 -0.01073,-0.0127 2.502434,0.54664 2.491714,0.53394 -0.01074,-0.0127 1.79052,1.08057 1.779785,1.06787 -0.01073,-0.0127 0.722664,1.97046 0.711914,1.95777 -0.01073,-0.0127 0.951889,0.83325 1.552231,0.92675 0.600327,0.0935 2.374016,-0.73608 2.363297,-0.74878 -0.01073,-0.0127 2.680405,0.19068 2.669693,0.17798 -0.01073,-0.0127 2.146477,0.30835 2.684807,0.12671 0.53832,-0.18164 1.06348,-1.71582 1.05273,-1.72851 -0.0107,-0.0127 1.79052,-2.12305 1.77979,-2.13575 -0.0107,-0.0127 1.25658,-1.94506 1.24585,-1.95776 -0.0107,-0.0127 0.90063,-2.30102 0.88988,-2.31372 -0.0107,-0.0127 -0.34521,-2.30103 -0.35596,-2.31372 -0.0107,-0.0127 -0.87916,-2.12305 -0.88988,-2.13574 -0.0107,-0.0127 0.0107,-1.94507 0,-1.95775 -0.0107,-0.0127 0.54467,-2.65698 0.53395,-2.66969 -0.0107,-0.0127 0.0107,-1.5891 0,-1.60181 -0.0107,-0.0127 -1.23513,-1.23314 -1.24585,-1.24585 -0.0107,-0.0127 0.54467,-1.58911 0.53393,-1.60181 -0.0107,-0.0127 2.32446,0.19068 2.31371,0.17798 -0.0107,-0.0127 2.8584,0.0127 2.84766,0 -0.0107,-0.0127 2.35156,0.0881 2.97437,-0.009 0.62281,-0.0972 0.77393,-1.58008 0.76318,-1.59276 -0.0107,-0.0127 1.07861,-0.34326 1.06787,-0.35597 -0.0107,-0.0127 1.07861,0.90259 1.06786,0.88989 -0.0107,-0.0127 2.50243,1.08057 2.49171,1.06787 -0.0107,-0.0127 1.9685,0.90259 1.95776,0.88989 -0.0107,-0.0127 0.72266,1.79248 0.54467,1.79248 -0.17797,0 0.17799,2.13575 0.16724,2.12305 -0.0107,-0.0127 0.60346,1.0685 1.00452,1.53095 0.40105,0.46244 1.88554,0.36114 2.00153,-0.095 0.11597,-0.45617 0.20831,-2.13513 0.19756,-2.14782 -0.0107,-0.0127 1.63966,-0.42163 2.16743,-0.68775 0.52776,-0.26611 1.36662,-0.78216 1.92609,-0.88989 0.55945,-0.10773 2.53409,0.34906 2.74512,-0.10712 0.211,-0.45617 0.32292,-1.67205 0.6593,-1.83044 0.33635,-0.15839 1.18251,-0.36345 1.63347,-0.68024 0.45099,-0.31677 0.66815,-1.48718 0.65741,-1.49988 -0.0107,-0.0127 -1.4131,-1.76709 -1.42383,-1.77978 -0.0107,-0.0127 -1.05714,-2.30104 -1.06787,-2.31372 -0.0107,-0.0127 -1.23512,-2.47901 -1.24585,-2.4917 -0.0107,-0.0127 -0.52321,-2.12306 -0.53395,-2.13574 -0.0107,-0.0127 1.79051,-0.34326 1.7798,-0.35596 -0.0107,-0.0127 2.14647,0.90259 2.13573,0.88988 -0.0107,-0.0127 1.26826,1.08098 1.61253,1.2948 0.34427,0.21382 2.4917,-0.21422 2.48096,-0.22693 -0.0107,-0.0127 1.43457,-1.23314 1.42384,-1.24585 -0.0107,-0.0127 0.82976,-1.22067 0.96158,-1.58972 0.13182,-0.36905 0.47299,-2.13513 0.46225,-2.14783 -0.0107,-0.0127 1.87387,1.50821 1.62555,1.32921 -0.24831,-0.179 1.8618,0.24985 2.12312,0.0244 0.26134,-0.22548 0.88948,-1.69684 0.87876,-1.70952 -0.0107,-0.0127 1.33951,-0.79344 1.75644,-1.16249 0.41691,-0.36905 1.4579,-1.85045 1.44716,-1.86315 -0.0107,-0.0127 1.61251,0.54663 1.60182,0.53394 -0.0107,-0.0127 0.98314,1.09265 1.30504,1.27002 0.32186,0.17737 1.9093,0.1665 1.89856,0.15381 -0.0107,-0.0127 0.63967,-1.16147 0.7715,-1.60181 0.13182,-0.44034 0.48506,-1.76709 0.47431,-1.77978 -0.0107,-0.0127 0.54467,-2.30103 0.53396,-2.31372 -0.0107,-0.0127 0.47792,-0.12079 1.20134,-1.06788 0.72341,-0.94708 1.11743,-1.96015 1.46611,-2.42427 0.34867,-0.46411 -1.14396,-1.96798 -1.19913,-1.98069 -0.0552,-0.0127 -0.34526,-1.85607 -0.40045,-1.86878 -0.0552,-0.0127 0.0552,-2.12303 0,-2.13574 -0.0552,-0.0127 -2.74798,-1.05516 -2.80317,-1.06787 -0.0552,-0.0127 -2.61445,-1.98955 -2.66967,-2.00226 -0.0552,-0.0127 -1.81357,-1.85606 -1.86876,-1.86876 -0.0552,-0.0127 -0.87918,-1.85606 -0.93441,-1.86877 -0.0552,-0.0127 0.32216,-2.39 0.26699,-2.40271 -0.0552,-0.0127 1.79049,-2.65697 1.73529,-2.66968 -0.0552,-0.0127 1.46016,-0.79042 1.78509,-1.3416 0.32492,-0.55122 0.40586,-3.05064 0.35067,-3.06335 -0.0552,-0.0127 0.58914,-2.92392 0.53393,-2.93665 -0.0552,-0.0127 0.48848,-2.24182 0.1957,-2.37332 -0.2928,-0.1315 -1.60881,0.91771 -1.66404,0.905 -0.0552,-0.0127 -1.23774,1.0365 -1.6493,1.11882 -0.41159,0.0823 -3.9018,-0.0382 -3.957,-0.051 -0.0552,-0.0127 -3.01493,-0.25427 -3.07013,-0.26697 -0.0552,-0.0127 -3.14842,-0.78819 -3.20362,-0.8009 -0.0552,-0.0127 -1.94705,-1.18863 -2.00225,-1.20134 -0.0552,-0.0127 -1.41312,1.61453 -1.46833,1.60182 -0.0552,-0.0127 -2.0375,1.26384 -2.44116,1.40953 -0.40365,0.14568 -1.24118,-0.32896 -1.29639,-0.34166 -0.0552,-0.0127 0.58915,-2.39001 0.53396,-2.40271 -0.0552,-0.0127 2.05744,-1.45561 2.00225,-1.46832 -0.0552,-0.0127 -0.14502,-1.12189 -0.40045,-1.33484 -0.25542,-0.21295 -1.41313,-1.32213 -1.46831,-1.33484 -0.0552,-0.0127 -1.40176,0.23444 -1.61537,0.47516 -0.21359,0.2407 -0.46518,1.13936 -0.5204,1.12665 -0.0552,-0.0127 -0.6122,1.08058 -0.66742,1.06787 -0.0552,-0.0127 -2.08053,-0.65471 -2.13574,-0.66742 -0.0552,-0.0127 -2.08054,0.9471 -2.1357,0.93438 -0.0552,-0.0127 -0.6122,2.01499 -0.66743,2.00228 -0.0552,-0.0127 -0.87917,1.748 -0.93439,1.73529 -0.0552,-0.0127 -0.47872,0.9471 -0.53393,0.93439 -0.0552,-0.0127 -1.41313,0.94711 -1.46833,0.9344 -0.0552,-0.0127 -0.0783,1.61452 -0.13348,1.60181 -0.0552,-0.0127 -0.87917,0.54666 -0.93439,0.53395 -0.0552,-0.0127 -0.87917,-1.72258 -0.93438,-1.73529 -0.0552,-0.0127 -1.5466,-0.78818 -1.60182,-0.80089 -0.0552,-0.0127 -1.81357,0.41316 -1.86877,0.40045 -0.0552,-0.0127 -1.41312,1.08057 -1.46832,1.06786 -0.0552,-0.0127 0.32218,1.88147 0.26697,1.86877 -0.0552,-0.0127 0.32217,1.21407 0.26698,1.20134 -0.0552,-0.0127 -1.68007,-1.18864 -1.73529,-1.20134 -0.0552,-0.0127 -0.47758,-1.73164 -0.77036,-1.98193 -0.29279,-0.25029 -1.1767,0.52632 -1.2319,0.51361 -0.0552,-0.0127 -2.3475,-0.25426 -2.40271,-0.26697 -0.0552,-0.0127 -1.5466,0.54665 -1.60181,0.53395 -0.0552,-0.0127 -0.34525,1.21407 -0.40044,1.20134 -0.0552,-0.0127 -0.0783,1.61452 -0.13348,1.60181 -0.0552,-0.0127 -1.14615,0.41316 -1.20134,0.40045 -0.0552,-0.0127 -1.27962,0.54666 -1.33484,0.53395 -0.0552,-0.0127 -1.5466,1.08057 -1.60181,1.06787 -0.0552,-0.0127 -1.14616,1.88147 -1.20134,1.86876 -0.0552,-0.0127 -2.08055,0.14618 -2.13575,0.13347 -0.0552,-0.0127 -1.324863,1.53084 -1.60181,1.70819 -0.276932,0.17734 -1.413109,-0.49414 -1.468323,-0.50685 -0.05521,-0.0127 -0.130203,-1.07892 -0.826866,-0.87781 -0.696678,0.2011 -1.25367,1.82491 -1.308884,1.81218 -0.05521,-0.0127 -0.07829,1.48102 -0.133476,1.46831 -0.05521,-0.0127 -0.345253,1.21408 -0.400459,1.20134 -0.0552,-0.0127 -0.211754,1.34755 -0.266983,1.33484 -0.0552,-0.0127 0.455673,1.48103 0.400444,1.46832 -0.05521,-0.0127 0.141273,1.37245 -0.357407,1.32805 -0.49868,-0.0444 -2.390526,-0.78142 -2.445763,-0.79413 -0.05521,-0.0127 -1.012665,-0.52121 -1.067863,-0.53395 -0.05521,-0.0127 -0.478729,1.88149 -0.533936,1.86877 -0.05521,-0.0127 -0.478729,1.48104 -0.478729,1.61452 0,0.13349 -1.735291,1.06787 -1.790504,1.05516 -0.0552,-0.0127 -1.27961,1.08058 -1.334839,1.06787 -0.05521,-0.0127 -0.211754,1.21407 -0.266983,1.20136 -0.0552,-0.0127 -0.612213,1.21406 -0.667412,1.20134 -0.05521,-0.0127 -2.080536,0.14619 -2.135727,0.13348 -0.05521,-0.0127 -0.879181,0.9471 -0.934395,0.93439 -0.05521,-0.0127 -0.674385,1.71527 -1.940048,-0.0359 -1.265663,-1.75122 -1.34185,0.58261 -1.397064,0.5699 -0.05521,-0.0127 0.589134,2.54889 0.722633,2.54889 0.133476,0 -0.133484,1.73529 -0.18869,1.72258 -0.05521,-0.0127 2.324417,0.94711 2.269226,0.9344 -0.05521,-0.0127 1.657013,0.68013 1.601807,0.66742 -0.0552,-0.0127 1.523544,2.28194 1.46833,2.26923 -0.05521,-0.0127 0.322174,2.14845 0.266983,2.13574 -0.05521,-0.0127 0.322159,1.748 0.266968,1.73529 -0.0552,-0.0127 0.05521,1.748 0.18869,1.88147 0.133484,0.13347 0.222504,1.46832 0.222504,1.46832 h -2.3e-5 -8e-6 8e-6 -8e-6 -3.1e-5 3.1e-5 -8e-6 z" />
  </g>
  <g
     display="inline"
     id="g14">
    <path
       id="Bua"
       d="m 188.85983,107.27533 -1.07303,0.69645 0.97609,0.82594 1.20134,-0.5256 -0.15017,-1.05119 -0.95424,0.0544 h 10e-6 z m 3.52898,-4.12965 -1.67371,-0.12949 -1.50169,-0.52559 h -1.05118 l 0.67575,1.05119 0.45052,1.12627 -0.22525,0.90102 0.97609,0.37543 1.42662,0.67576 1.80203,1.12627 1.20135,0.0751 0.37542,-1.05119 -0.97609,-1.12627 v -1.12627 l 0.52559,-1.05119 -2.00547,-0.32101 h 2e-5 v -1e-5 z m 34.83929,-28.231846 -1.52353,-0.05441 -0.9761,0.825943 -1.27644,0.825935 -0.15016,0.675758 1.57678,0.300339 1.05118,0.750854 1.05117,-0.525589 1.20136,-0.825943 1.27644,-0.825928 1.05119,-0.450508 0.82593,-1.201355 0.0751,-0.825935 -0.82594,0.225258 -0.97609,0.525589 -1.05119,0.600677 -1.32968,-0.02068 v -8e-6 z m 11.18761,4.354919 -0.69759,0.546257 0.67575,0.825943 0.75084,-0.07508 0.15017,-0.750854 -0.87919,-0.546257 h 2e-5 z m 4.27983,-7.508476 c 0,-0.07509 -0.9761,0.675774 -0.99794,0.621353 -0.0218,-0.05441 -1.63002,0.655083 -1.65185,0.600677 -0.0219,-0.05441 0.5474,1.180679 0.52558,1.126274 -0.0219,-0.05441 1.37336,0.805252 1.35154,0.750847 -0.0218,-0.0544 0.84774,-0.170845 0.82592,-0.225258 -0.0219,-0.05441 0.84777,-1.071861 0.82593,-1.126274 -0.0218,-0.05441 0.54743,-1.071869 0.52559,-1.126266 -0.0218,-0.05441 -0.2785,-0.846611 -0.30034,-0.901016 -0.0218,-0.05441 -1.10443,0.279655 -1.10443,0.279655 z m -24.2607,19.955864 -1.79051,1.322128 -0.53393,1.201347 -1.33486,1.468323 -1.06785,1.735291 -0.66744,2.002258 0.40045,2.402712 0.93441,2.00226 1.73529,1.33485 2.53618,0.53394 2.26924,-0.26698 2.00225,-0.93439 2.53618,0.93439 2.13575,0.13348 1.06787,1.33485 0.66742,1.86877 0.26696,2.26923 -0.40045,1.33484 h -2.00226 -1.6018 l -1.73529,0.26698 1.86877,1.20135 2.26921,0.53394 h 1.86877 l 2.40271,0.40044 1.60181,0.26698 0.8009,1.33484 -0.26698,2.00226 0.66742,2.00226 0.8009,2.40271 0.80089,1.86878 0.66742,1.73529 0.53395,1.33484 1.60182,1.73529 2.53618,0.40045 2.13573,0.66742 1.60182,0.40045 2.13574,0.16269 0.13347,-2.43191 v -1.60182 l 1.74988,0.8718 1.18675,-0.33788 v -1.20135 l -1.46832,-0.93439 -0.66742,-1.06787 1.06787,-0.53394 1.46832,-0.96151 0.40044,-1.97514 1.33484,-0.40045 -1.33484,-1.86877 1.33484,-0.66742 h 1.20135 l 0.80089,-1.73529 0.80089,-0.93439 1.20137,-0.13348 0.66742,-1.33484 1.20129,-1.73529 c 0,0 1.12311,-0.65471 1.25656,-0.65471 0.13349,0 1.46833,0.26697 1.41312,0.25426 -0.0552,-0.0127 1.52359,1.08058 1.46832,1.06787 -0.0552,-0.0127 1.65702,1.08058 1.60184,1.06787 -0.0552,-0.0127 1.03763,0.16079 1.77072,0.20438 0.73316,0.0436 1.48813,0.20877 1.43286,0.19606 -0.0552,-0.0127 1.12308,1.34755 1.06787,1.33485 -0.0552,-0.0127 1.12308,1.61452 1.06787,1.60181 -0.0552,-0.0127 1.65702,0.27969 1.60181,0.26698 -0.0552,-0.0127 1.79059,-0.12077 1.92398,-0.12077 0.13349,0 1.73529,1.33484 1.68009,1.32214 -0.0552,-0.0127 0.72262,1.34755 0.66742,1.33484 -0.0552,-0.0127 0.45565,0.94711 0.40045,0.93439 -0.0553,-0.0127 0.98953,-0.92168 0.93438,-0.93439 -0.0552,-0.0127 0.58915,-1.72258 0.53394,-1.73528 -0.0552,-0.0127 1.65701,-1.18864 1.6019,-1.20135 -0.0553,-0.0127 2.05737,0.0127 2.00226,0 -0.0552,-0.0127 3.20456,-0.17709 2.5299,-0.0209 -0.67465,0.15623 0.59546,-1.0343 0.54026,-1.04701 -0.0552,-0.0127 -0.0783,-1.72258 -0.13349,-1.73529 -0.0552,-0.0127 -1.27963,-0.12077 -1.33487,-0.13348 -0.0552,-0.0127 -1.14615,-0.65471 -1.2796,-0.65471 -0.13348,0 -1.73532,0 -1.79053,-0.0127 -0.0552,-0.0127 -1.0126,0.94711 -1.06787,0.93439 -0.0552,-0.0127 0.18869,-2.25652 0.13349,-2.26923 -0.0552,-0.0127 0.45566,-1.98956 0.40045,-2.00227 -0.0553,-0.0127 1.12308,-1.85606 1.06787,-1.86877 -0.0553,-0.0127 1.12308,-1.72258 1.06784,-1.73529 -0.0553,-0.0127 -0.87915,-0.92168 -0.93445,-0.93439 -0.0552,-0.0127 -0.47873,-1.58911 -0.53393,-1.60181 -0.0552,-0.0127 -1.5466,-0.78819 -1.60181,-0.8009 -0.0553,-0.0127 -1.68008,0.54664 -1.73532,0.53394 -0.0553,-0.0127 -2.88141,-0.12077 -2.93674,-0.13348 -0.0552,-0.0127 -1.94702,-1.5891 -2.00226,-1.60181 -0.0552,-0.0127 -1.01257,-0.78819 -1.06787,-0.8009 -0.0552,-0.0127 -0.0783,-1.722582 -0.13339,-1.735293 -0.0553,-0.01271 -0.0784,-1.322128 -0.13345,-1.334839 -0.0552,-0.01271 -1.01267,0.813606 -1.06787,0.800903 -0.0552,-0.01271 -0.87918,-0.521225 -0.93439,-0.533943 -0.0553,-0.01271 -0.61221,-2.123032 -0.66742,-2.135742 -0.0553,-0.01271 -1.8136,-0.521217 -1.86877,-0.533936 -0.0552,-0.01271 -1.41312,0.546646 -1.46833,0.533936 -0.0552,-0.01271 -1.41311,0.68013 -1.46826,0.667419 -0.0553,-0.01271 -1.68005,0.546654 -1.73526,0.533943 -0.0553,-0.01271 -2.21402,-0.120773 -2.26932,-0.133484 -0.0552,-0.01271 -1.2796,-1.455597 -1.33483,-1.468315 -0.0552,-0.01271 -1.01258,-1.72258 -1.06788,-1.735291 -0.0552,-0.01271 1.39014,-0.521225 1.33484,-0.533943 -0.0552,-0.01271 1.39014,-0.654709 1.33484,-0.667419 -0.0552,-0.01271 0.85614,-1.856056 0.80091,-1.868767 -0.0552,-0.01271 1.39013,-0.521225 1.33483,-0.533943 -0.0552,-0.01271 0.58915,-0.921677 0.53403,-0.934387 -0.0553,-0.01271 -1.2796,-1.455612 -1.33487,-1.468323 -0.0553,-0.01271 -0.21173,-1.989548 -0.26703,-2.002258 -0.0552,-0.01271 -0.74569,-2.123032 -0.80081,-2.135742 -0.0553,-0.01271 -1.41321,-0.788185 -1.46832,-0.800896 -0.0552,-0.0127 -0.7457,-1.589104 -0.8009,-1.601814 -0.0552,-0.01271 -1.27964,-1.589096 -1.33483,-1.601807 -0.0552,-0.01271 -0.87918,-1.455612 -0.93439,-1.468323 -0.0552,-0.01271 -0.61221,-1.322128 -0.66743,-1.334839 -0.0552,-0.01271 -1.78647,0.567497 -1.56012,1.286873 0.22636,0.71936 -0.11995,0.995056 -0.17516,0.982361 -0.0552,-0.01271 -0.0908,-1.912384 -0.70912,-1.812454 -0.61836,0.09991 -1.5049,0.757294 -1.56012,0.744583 -0.0552,-0.01271 -1.81358,-0.120773 -1.86876,-0.133484 -0.0552,-0.01271 -1.68008,0.01271 -1.73529,0 -0.0552,-0.01271 -0.34526,1.614525 -0.40045,1.601814 -0.0552,-0.01271 -0.47873,1.614517 -0.53395,1.601807 -0.0552,-0.01271 -1.27962,0.813614 -1.33484,0.800903 -0.0552,-0.01271 -1.81357,-0.654724 -1.86876,-0.667419 -0.0552,-0.01271 0.18869,0.947105 0.13347,0.934387 -0.0552,-0.01271 -0.7457,1.481026 -0.80089,1.468323 -0.0552,-0.01271 -1.68007,0.146187 -1.73529,0.133476 -0.0552,-0.01271 -0.34526,1.614517 -0.40045,1.601807 -0.0552,-0.01269 -0.7457,1.214073 -0.80089,1.201355 -0.0552,-0.01271 -1.68007,0.279678 -1.73529,0.266968 -0.0552,-0.01271 -2.61447,-0.120766 -2.66969,-0.133476 -0.0552,-0.01271 -2.48099,-0.521225 -2.53618,-0.533943 -0.0552,-0.01271 -1.14615,-1.72258 -1.20134,-1.735291 -0.0552,-0.01271 -1.5466,-0.521217 -1.60182,-0.533936 -0.0552,-0.01271 -1.27962,0.813606 -1.33484,0.800896 -0.0552,-0.01271 -1.27962,0.01271 -1.33484,0 -0.0552,-0.01271 -0.6122,-1.589096 -0.66742,-1.601807 -0.0552,-0.01271 -1.68007,-0.788193 -1.73529,-0.800903 -0.0552,-0.01271 -1.41313,-0.788193 -1.46831,-0.800896 -0.0552,-0.01271 -1.94705,0.413147 -1.94705,0.279686 0,-0.133476 -1.20134,1.201347 -1.25656,1.188637 -0.0552,-0.0127 -0.21176,1.614525 -0.26697,1.601814 -0.0552,-0.01271 0.58913,1.481026 0.53395,1.468323 -0.0552,-0.01271 1.25655,0.546646 1.20134,0.533936 -0.0552,-0.01271 1.657,-0.921677 1.60181,-0.934387 -0.0552,-0.01271 1.12309,0.413147 1.06787,0.400452 -0.0552,-0.01271 0.0552,1.881477 0,1.868767 -0.0552,-0.0127 0.0552,1.748001 0.0552,1.614517 0,-0.133476 -0.9344,0.934395 -0.98959,0.921684 -0.0552,-0.01271 -1.94704,0.146187 -2.00226,0.133476 -0.0552,-0.01271 -2.21402,0.813614 -2.21402,0.813614 l 3e-5,-2.3e-5 3e-5,-4.6e-5 v 8e-6 h -3e-5 z"
       style="fill:#ffdbaa;fill-opacity:1" />
  </g>
  <g
     display="inline"
     id="g22"
     transform="translate(-7.3744292,-0.38812785)">
    <path
       id="Rotuma"
       d="m 56.986099,28.010941 -1.223209,1.021809 0.20023,0.90102 1.301472,0.200233 1.101238,-0.200233 V 28.6323 Z m 5.305981,-3.604071 -1.223209,0.72147 0.500561,1.001131 1.60181,0.500559 0.901016,-0.500559 -0.300339,-1.50169 -1.479839,-0.220901 z m 11.012417,8.60972 1.179504,-1.48102 2.202477,-1.10124 3.1035,-0.8009 3.1035,0.100109 c 0,0 1.542328,0.531527 2.48716,0.91164 0.73365,0.21117 3.040901,0.7696 3.019051,0.690165 -0.02185,-0.07943 2.825012,0.880346 2.803162,0.800905 -0.02185,-0.07943 2.024109,1.080559 2.002258,1.001129 -0.02185,-0.07943 -0.278488,2.382027 -0.300339,2.302601 -0.02185,-0.07943 -1.880287,2.682369 -1.902153,2.60294 -0.02185,-0.07943 -1.780167,0.98045 -1.802017,0.90102 -0.02185,-0.07943 -2.380859,-0.52124 -2.40271,-0.600677 -0.02185,-0.07943 -2.080521,0.07943 -2.102371,0 -0.02185,-0.07943 -1.179497,0.880337 -1.201347,0.8009 -0.02185,-0.07943 -2.781311,-1.121922 -2.803162,-1.201351 -0.02185,-0.07943 -2.380859,-0.52124 -2.40271,-0.600681 -0.02185,-0.07943 -2.881416,-0.821579 -2.903267,-0.90102 -0.02185,-0.07943 -2.380859,-0.621357 -2.40271,-0.70079 -0.02185,-0.07943 -1.579964,1.180683 -1.601814,1.101242 -0.02185,-0.07943 -1.680069,0.279659 -1.70192,0.200233 -0.02185,-0.07943 -2.581085,-1.121925 -2.602936,-1.201351 -0.02185,-0.07943 -1.079391,-1.822708 -1.101234,-1.902149 -0.02185,-0.07943 0.422295,-1.62249 0.400444,-1.70192 -0.02185,-0.07943 2.324455,-0.921679 2.302597,-1.001122 -0.02185,-0.07944 1.323318,-0.02068 1.301468,-0.100111 -0.02185,-0.07944 1.423431,2.181791 1.401581,2.102358 -0.02185,-0.07943 1.924004,-0.220898 1.924004,-0.220898 v -1.1e-5 h -2.3e-5 8e-6 z"
       style="fill:#df00ee;fill-opacity:1" />
  </g>
</svg>