<svg
   width="1140"
   height="960"
   viewBox="0 0 1140 960"
   stroke-linecap="round"
   stroke-linejoin="round"
   inkscape:export-filename="mrt_admbnda_adm2_ansade_20240327.png"
   inkscape:export-xdpi="96"
   inkscape:export-ydpi="96"
   xmlns:inkscape="http://www.inkscape.org/namespaces/inkscape"
   xmlns:sodipodi="http://sodipodi.sourceforge.net/DTD/sodipodi-0.dtd"
   xmlns="http://www.w3.org/2000/svg"
   xmlns:svg="http://www.w3.org/2000/svg">
  <defs
     id="defs55" />
  <sodipodi:namedview
     id="namedview55"
     pagecolor="#ffffff"
     bordercolor="#000000"
     borderopacity="0.25"
     inkscape:showpageshadow="2"
     inkscape:pageopacity="0.0"
     inkscape:pagecheckerboard="0"
     inkscape:deskcolor="#d1d1d1"
     inkscape:zoom="1.7630105"
     inkscape:cx="203.62896"
     inkscape:cy="245.31901"
     inkscape:window-width="1472"
     inkscape:window-height="806"
     inkscape:window-x="0"
     inkscape:window-y="37"
     inkscape:window-maximized="0"
     inkscape:current-layer="layer4"
     showguides="true"
     inkscape:export-bgcolor="#ffffff00" />
  <g
     inkscape:groupmode="layer"
     inkscape:label="Districtes - الدوائر">
    <path
       id="America"
       class="landxx us"
       d="m 276.74672,165.98225 c 0.12709,-0.3872 -0.41116,-0.71957 -0.31356,-1.15448 0.11065,-0.49291 0.5323,-0.93712 0.55506,-1.43913 0.008,-0.19479 -0.32128,-0.62475 -0.2516,-0.76431 0.19578,-0.39136 0.4167,-0.74173 0.83676,-0.91791 -0.19281,0.0958 -0.20825,0.0772 -0.0465,-0.0562 0.11046,-0.11106 0.2423,-0.23854 0.27456,-0.39987 0.0536,-0.26745 0.38087,-0.4458 0.49825,-0.69305 0.0909,-0.19182 0,-0.46955 0.12136,-0.61445 0.19953,-0.24111 0.0776,-0.3102 0.12431,-0.58258 0.0331,-0.19281 0.18152,-0.34404 0.29238,-0.49608 0.13678,-0.18746 0.10155,-0.35889 0.18647,-0.55249 0.096,-0.21854 0.27397,-0.40858 0.43907,-0.57684 0.0683,-0.0697 0.44856,-0.46856 0.34781,-0.23299 0.0479,-0.11165 0.12213,-0.10413 0.21973,-0.13085 0.0653,-0.0178 0.2126,-0.28724 -0.0629,-0.0544 0.14965,-0.19637 0.33117,-0.51646 0.61286,-0.52735 -0.31217,0.0772 -0.0158,-0.1835 0.0609,-0.289 0.11283,-0.1548 0.23556,-0.30169 0.35691,-0.44976 0.1831,-0.22369 0.29931,-0.50182 0.51805,-0.6964 0.31891,-0.28368 0.62276,-0.76451 0.85556,-1.13231 0.0855,-0.13481 0.25457,-0.47529 0.46045,-0.43986 -0.0746,-0.2221 0.18389,-0.51685 0.31692,-0.66453 0.17104,-0.18983 0.22685,-0.49113 0.5129,-0.50617 0.21459,-0.0118 0.6392,0.17598 0.80905,0.0305 -0.11323,0.0493 -0.26308,-0.0812 -0.35455,-0.12787 -0.17578,-0.0899 -0.2702,-0.0376 -0.44856,-0.01 -0.26902,0.0422 0.0465,-0.4543 0.0905,-0.5325 -0.0386,0.10156 -0.0814,0.20152 -0.12827,0.29951 0.24209,-0.0519 0.34087,-0.60219 0.62712,-0.47035 -0.0911,-0.0778 -0.19559,-0.1063 -0.31357,-0.0857 0.0463,-0.32742 0.32544,-0.32326 0.58437,-0.39908 -0.11838,0.008 -0.22627,-0.0531 -0.29931,-0.14252 -0.0423,0.0442 -0.0804,0.0915 -0.11402,0.14252 0.14529,-0.46479 0.49033,-0.9383 0.45747,-1.43676 -0.0158,-0.23754 0.2706,-0.98819 0.51013,-0.92564 0.38206,0.0998 0.65365,0.31614 1.05748,0.38543 0.24328,0.0418 0.86605,-0.0198 0.86823,0.22368 0.0281,-0.11125 0.1164,-0.19142 0.22805,-0.21379 -0.0648,0.11007 -0.0178,0.25141 -0.0535,0.36879 -0.0416,0.14134 -0.37196,0.30169 -0.48836,0.38661 0.3199,-0.32861 -0.12708,-0.0198 -0.18984,0.0236 -0.19914,0.135 -0.3779,0.29674 -0.56536,0.44679 0.14016,0.12312 0.29971,0.0118 0.42758,-0.0571 -0.0974,0.0263 -0.1924,0.0596 -0.28485,0.0998 0,-0.21557 0.25733,-0.34226 0.426,-0.40818 0.2896,-0.11264 0.48202,-0.30188 0.74252,-0.46123 0.0828,0.22329 -0.47706,0.37393 -0.55585,0.61287 0.27951,-0.15263 0,0.3868 -0.2423,0.41332 0.0427,-0.0475 0.0855,-0.0948 0.12808,-0.14252 -0.18549,0.0226 -0.28644,0.2031 -0.39908,0.32781 -0.01,-0.11996 0.0584,-0.22349 0.15678,-0.28506 -0.21379,0.0726 -0.35572,0.29179 -0.58436,0.32782 0.1928,-0.0454 0.1928,-0.0119 0,0.0998 0.14866,-0.12135 0.18667,-0.0976 0.11402,0.0713 0.0552,-0.15639 0.18984,-0.23458 0.34424,-0.15045 0.0976,0.0532 0.29793,-0.14233 0.36702,-0.18865 0.25515,-0.17143 0.61147,-0.27476 0.65008,-0.65859 0.0281,-0.28031 0.61465,-0.44699 0.5513,-0.65979 -0.0532,-0.17876 0.14511,-0.32485 0.0829,-0.5234 -0.0467,-0.14925 -0.23616,0.0402 -0.12827,-0.21359 0.33375,0.17163 0.38522,-0.2413 0.55585,-0.41353 -0.21735,0.0318 -0.0774,-0.28842 0.0158,-0.39096 l 36.6518,-0.0231 0.0695,-0.65761 c 0.0118,-0.11818 0.32801,-0.0753 0.37531,0.17935 0.0621,0.33454 -0.43866,0.88347 -0.0178,0.94365 0.13402,0.0198 0.75184,0.0516 0.73224,0.24092 -0.0208,0.20191 0.63148,-0.0726 0.74946,-0.11977 0.25913,-0.10314 0.56358,0.1265 0.80825,0.18133 -0.0726,0.1156 -0.0139,0.19439 0.11145,0.20231 -0.0552,0.0604 -0.0346,0.30703 0.0709,0.26426 0.0544,-0.0219 0.0786,-0.14905 0.1457,-0.15004 0.16311,-0.002 0.23358,0.0994 0.35474,0.18746 0.098,0.0713 0.15538,0.0738 0.19399,0.0867 -0.0118,0.0796 -0.004,0.17519 0.11343,0.17598 0.39492,0.002 0.73916,-0.2613 1.11686,-0.26527 -0.15144,0.27556 0.3385,0.21934 0.47271,0.20885 0.1267,-0.01 0.26923,-0.0158 0.39018,0.0485 0.29217,0.15342 0.38086,0.11838 0.60039,0.0928 -0.82467,0.25655 -1.68756,0.5424 -2.45266,0.95098 -0.31811,0.16984 -0.60535,0.39096 -0.92049,0.56595 -0.35176,0.19559 -0.75421,0.31139 -1.06896,0.57012 0.27813,0.42362 1.55038,-0.2716 1.90987,-0.29932 -0.0423,0.19677 -0.25734,0.42957 -0.42758,0.52736 0.0952,0.0279 0.26941,-0.097 0.33019,-0.0465 0.10729,0.0893 0.0794,0.11263 0.24962,0.11263 0.29574,0 0.59228,-0.18627 0.85477,-0.30069 0.31079,-0.1356 0.64177,-0.0516 0.93771,-0.19538 0.39037,-0.18964 0.77678,-0.33633 1.14815,-0.56774 -0.0609,0.14233 0.0451,0.23953 0.0713,0.37057 0.0275,0.13778 -0.12768,0.24685 -0.15679,0.37058 0.0711,-0.0598 0.67523,-0.45234 0.31357,-0.11403 0.37433,-0.28861 0.6675,-0.037 0.85793,0.31 0.17876,0.32603 0.37948,0.19875 0.68077,0.3104 0.41729,0.1546 0.81221,-0.23141 1.20021,-0.32861 0.23219,-0.058 0.46677,-0.008 0.70234,-0.0253 0.29594,-0.0224 0.58416,-0.0972 0.87754,-0.13817 -0.0924,0.154 -0.18964,0.30603 -0.22805,0.48459 0.27912,0.0649 0.53369,0.0371 0.79499,0 0.23557,-0.0325 0.16549,0.42758 -0.0254,0.46935 0.1841,0.0119 0.20528,0.22072 0.31356,0.32742 -0.2718,0.25675 -0.72254,-0.14748 -1.0357,0.0342 -0.0119,0.006 -0.20489,0.22091 -0.19796,0.22052 -0.18529,0.0119 -0.18904,-0.25378 -0.35552,-0.31871 -0.49113,-0.19182 -0.79024,0.16589 -1.27068,0.14094 -0.50894,-0.0265 -0.72353,0.44362 -1.17347,0.56457 0.0756,-0.17261 0.24823,-0.26545 0.37057,-0.39907 -0.30486,0.0497 -0.43471,0.23912 -0.71264,0.31356 0.0197,-0.11006 0.0616,-0.21003 0.12827,-0.29951 -0.49409,0.18311 -0.91277,0.80212 -1.31976,1.12715 -0.10373,0.0828 -0.14312,0.21716 -0.24804,0.29812 -0.1166,0.0901 -0.28051,0.0822 -0.40145,0.17341 -0.18431,0.13897 -0.44263,0.3686 -0.48223,0.6105 0.35197,-0.0701 0.69978,-0.66394 1.09074,-0.50795 0.14213,0.0568 -0.33335,0.48993 -0.38384,0.54873 -0.16667,0.1938 -0.25219,0.45569 -0.43689,0.63148 -0.37531,0.3575 -0.5319,0.79002 -0.88703,1.16832 -0.18034,0.19202 -0.33811,0.44124 -0.40897,0.6966 -0.066,0.23775 -0.0198,0.4842 -0.18431,0.68987 -0.26881,0.33594 -0.4157,1.09549 -0.28446,1.51357 0.10928,0.3478 0.61505,0.13619 0.83102,0.0406 0.49786,-0.21992 0.87892,-0.59624 1.22772,-1.00581 0.18845,-0.22111 0.35969,-0.45232 0.4836,-0.7166 0.10552,-0.22488 0.1065,-0.75776 0.33494,-0.87792 -0.36898,-0.22152 -0.0555,-0.63228 0.11482,-0.8712 0.10986,-0.15401 0.0839,-0.31514 0.16113,-0.47648 0.0806,-0.16826 0.34405,-0.29653 0.46995,-0.43906 0.14272,-0.16173 0.1934,-0.31989 0.27951,-0.5123 0.0774,-0.17243 0.23854,-0.18629 0.37097,-0.29279 0.16609,-0.13341 0.17836,-0.21695 0.39888,-0.26485 0.25992,-0.0564 0.38621,-0.32821 0.62752,-0.42185 -0.15262,0.19321 -0.20033,0.45708 -0.38483,0.62712 0.11007,-0.0527 0.20034,-0.12847 0.2708,-0.22804 -0.0198,0.11956 -0.0905,0.22626 -0.18528,0.2995 0.29931,-0.1255 0.42481,-0.42164 0.56021,-0.69264 0.16787,-0.33613 0.53428,-0.20449 0.80826,-0.36206 -0.45926,-0.0754 0.21339,-0.59882 0.4155,-0.63583 0.12254,-0.0224 0.3973,0.14569 0.51092,0.20825 0.26863,0.14807 0.49034,0.33335 0.77638,0.4545 0.23716,0.10056 0.34385,0.42699 0.12333,0.53389 -0.21201,0.10273 -0.13817,0.42263 -0.17776,0.60832 -0.0487,0.22685 -0.23121,0.61029 -0.46599,0.68571 -0.25754,0.0829 -0.32762,0.34919 -0.56734,0.45826 -0.22685,0.10314 -0.52161,0.22231 -0.56932,0.50717 -0.0617,0.36799 0.43134,0.0782 0.53289,0.0477 0.21004,-0.0629 0.98285,-0.8902 1.22416,-0.54219 0.18766,0.2706 -0.0847,0.94008 -0.11441,1.22237 -0.0386,0.3678 -0.25577,1.23168 -0.74748,1.26929 0.16806,-0.17242 -0.0679,-0.26784 -0.18629,-0.11977 -0.10055,0.12591 -0.14529,0.29754 -0.2698,0.40502 -0.13244,0.11422 -0.29555,0.17994 -0.42917,0.29119 -0.14313,0.11878 -0.22369,0.28248 -0.37176,0.39987 -0.10888,0.0865 -0.63088,0.40957 -0.33514,0.51567 0.1059,0.038 0.22052,0.0596 0.32385,0.10433 0.0459,0.0309 0.0831,0.0701 0.11145,0.11739 0.0702,0.0551 0.22449,0 0.31614,0.0536 -0.14788,0.0315 -0.30406,0.029 -0.44184,0.0998 0.14609,0.0845 0.291,-0.0366 0.44184,-0.0139 0.10016,0.0158 0.19756,0.0656 0.29911,0.0687 0.32999,0.01 0.63761,-0.13877 0.9773,-0.12868 0.32841,0.01 0.62692,-0.28149 0.90664,-0.4167 0.32484,-0.15717 0.69442,-0.24308 1.03827,-0.34978 0.71541,-0.2221 1.44131,-0.48262 2.0817,-0.87754 0.271,-0.16707 0.57051,-0.32247 0.82804,-0.50736 0.14966,-0.10748 0.3876,-0.23814 0.10037,-0.24665 -0.24269,-0.16648 0,-0.40304 0.0479,-0.60119 0.11263,-0.14509 0.55368,-0.15895 0.78648,-0.19023 0.2512,-0.0336 0.53111,-0.0331 0.78093,0.01 0.19914,0.0342 0.35216,0.25912 0.55448,0.20805 0.25655,-0.0648 0.48656,-0.0249 0.74589,-0.0552 0.28486,-0.033 0.52339,-0.21656 0.7835,-0.32049 0.19796,-0.079 0.43432,-0.0738 0.50558,-0.31851 0.073,-0.25081 0.23537,-0.42323 0.43827,-0.57842 -0.1156,0.0512 -0.30525,0.0968 -0.15638,-0.11402 -0.1645,0.11382 -0.1934,0.0262 -0.11481,-0.077 0.081,-0.1061 0.21992,-0.27694 0.33771,-0.3286 0.7837,-0.38483 1.55473,-0.94742 2.45801,-1.16932 l 4.43637,0.0119 c 0.0903,-0.12966 0.17361,-0.36384 0.31594,-0.44421 0.15896,-0.0895 0.35731,-0.0407 0.53428,-0.1451 0.0241,0.0473 0.0479,0.0948 0.0713,0.14253 0.17638,-0.0754 0.10947,-0.24982 0.31217,-0.22646 -0.0914,-0.0344 0.45412,-0.5232 0.59743,-0.5907 0.17242,-0.081 0.31574,-0.25319 0.40086,-0.50875 0.0524,-0.15757 0.28308,-0.387 0.4945,-0.52597 0.2126,-0.13955 0.22408,-0.38719 0.3767,-0.5713 0.21201,-0.25555 0.52261,-0.43747 0.77816,-0.64631 0.21716,-0.17738 0.99869,-1.05095 0.92644,-0.35632 -0.0386,0.37155 0.80824,-0.0178 0.91831,-0.0483 0.65622,-0.17737 0.5618,0.65345 0.42065,1.0072 -0.12688,0.31653 -0.27635,0.64197 -0.39096,0.96285 -0.0596,0.16708 -0.35909,0.61643 -0.24546,0.79241 0.12035,0.18648 0.36859,0.0325 0.24764,0.3108 -0.0857,0.19696 -0.22448,0.39927 -0.0754,0.60059 0.11877,-0.12016 0.24032,-0.0697 0.27812,0.0853 0.0447,0.18271 -0.14173,0.23498 -0.16529,0.39908 0.19538,-0.13204 0.18925,0.0198 0.10611,0.11739 -0.0893,0.1059 -0.25339,0.13936 -0.38146,0.1647 -0.15599,0.0306 -0.28724,0.0539 -0.42442,0.14371 -0.0986,0.0645 -0.45628,0.32821 -0.32564,0.002 -0.13084,0.0431 -0.22329,0.19955 -0.37017,0.19955 -0.11026,0 -0.0857,0.20844 -0.21379,0.24249 0,-0.0885 0.002,-0.32068 -0.15224,-0.28446 -0.17479,0.0412 -0.27811,0.30544 -0.30524,0.0279 -0.004,0.12807 -0.0463,0.11283 -0.13837,0.10728 -0.10888,-0.006 -0.10036,0.26546 -0.10313,0.3203 -0.22785,-0.14709 -0.20092,-0.33276 -0.15639,-0.57032 -0.0544,0.1651 -0.24685,0.18708 -0.35632,0.29931 -0.1251,0.12809 -0.1833,0.30723 -0.30089,0.44184 -0.27496,0.31515 -0.52616,0.1542 -0.78192,0.49904 -0.0321,-0.0924 -0.056,-0.11263 -0.0158,-0.21378 -0.0469,0.0434 -0.0946,0.0861 -0.14252,0.12807 0.0922,-0.36523 -0.17796,0.0341 -0.19795,0.12828 0.01,-0.15738 0.0305,-0.31575 0.15638,-0.42758 -0.0867,0.04 -0.15342,0.10174 -0.19994,0.18528 0.14768,-0.0358 -0.0515,0.36859 -0.12867,0.42759 -0.008,-0.062 -0.0158,-0.12373 -0.0278,-0.18529 -0.0707,0.0584 -0.30307,0.26268 -0.0435,-0.0287 -0.24031,0.32681 -0.10115,0.0348 -0.0574,-0.0571 -0.15559,0.10076 -0.47826,0.20014 -0.4933,0.41847 -0.004,0.0629 -0.32029,0.34049 -0.38918,0.38186 -0.271,0.16332 -1.24811,0.99512 -0.81221,1.32333 -0.13739,0.081 -0.68533,0.28704 -0.66177,0.49845 0.0119,0.1 0.24171,0.1358 0.29634,0.22508 0.13797,0.22527 -0.0709,0.50063 0.17757,0.72531 0.20963,0.18944 0.62375,0.004 0.67087,-0.26586 -0.17421,0 -0.0287,-0.17242 -0.19795,-0.28485 0.30227,-0.0139 0.25575,0.42976 0.15737,0.59881 -0.11561,0.19934 -0.86784,0.32603 -1.08579,0.29911 0.0439,-0.10195 0.0921,-0.20171 0.14451,-0.29951 -0.29832,0.15461 -0.61446,0.37631 -0.94227,0.39928 0.0624,-0.14946 0.0988,-0.31772 0.22963,-0.42759 -0.14114,0.0707 -0.29911,0.26012 -0.3286,0 -0.26091,0.32366 -0.27556,0.6202 -0.7463,0.69463 -0.0926,0.0138 -0.86328,0.13738 -0.84943,-0.039 -0.008,0.18707 -0.29019,0.18786 -0.41828,0.18628 -0.27931,-0.004 -0.425,0 -0.69224,0.10729 -0.53369,0.2132 -1.05392,0.39057 -1.51238,0.73264 0.22389,-0.27873 0.43293,-0.54716 0.38403,-0.92664 -0.18509,0.31357 -0.0598,0.90763 -0.53982,1.05175 -0.37513,0.11263 -0.40383,0.40283 -0.002,0.44499 -0.0717,0.37117 -0.31871,0.69701 -0.51271,1.01196 0.0475,-0.095 0.095,-0.19004 0.14253,-0.28506 -0.31514,-0.008 -0.3969,0.86387 -0.75421,0.83299 -0.11422,-0.01 -0.40184,0.45926 -0.47647,0.54022 -0.16787,0.18153 -0.39809,0.42224 -0.66375,0.43689 0.0349,-0.0903 0.26526,-0.31554 0.13164,-0.4068 -0.2227,-0.15203 -0.37335,-0.16113 -0.53052,-0.41848 -0.28248,-0.46202 0.45411,-0.61247 0.68414,-0.81379 -0.34959,0.14747 -0.9587,0.37117 -0.78351,0.86724 0.10135,0.28704 -0.006,0.57387 0.1166,0.87575 0.0978,0.24211 0.0447,0.42047 -0.11719,0.50894 0.21359,0.0438 0.11263,0.24507 0.0278,0.35632 0.14846,-0.32543 -0.0339,-0.0299 -0.0612,0.0408 -0.0435,0.11323 -0.2128,0.1932 -0.29871,0.271 -0.23201,0.21043 -0.38958,0.44045 -0.5806,0.68591 -0.17104,0.21993 -0.40977,0.38324 -0.57527,0.59981 -0.0978,0.12788 -0.20705,0.4747 -0.40857,0.46935 -0.0697,-0.3197 0.2229,-0.65464 0.41491,-0.87199 0.0964,-0.10908 0.34761,-0.47173 0.46994,-0.49628 -0.11679,-0.0463 -0.22646,-0.0321 -0.3286,0.0427 0.038,-0.13778 0.40521,-0.41372 0.0416,-0.41333 0.0695,-0.0911 0.12214,-0.19083 0.15836,-0.29951 -0.14431,0.23696 -0.23121,-0.11402 -0.2712,0.2138 -0.0261,-0.077 -0.23972,-0.21479 -0.21676,-0.29338 0.0408,-0.14015 0.25062,-0.2124 0.13184,-0.37631 0.10057,0 0.19558,0.0253 0.28486,0.0713 -0.0279,-0.11877 -0.16846,-0.36582 -0.3286,-0.2708 0.0689,-0.20073 0.17895,-0.0667 0.3092,-0.14669 0.21914,-0.13481 -0.1257,-0.22546 -0.2518,-0.12411 0.0707,-0.23419 0.39076,-0.14827 0.44144,-0.41333 -0.0457,0.0404 -0.0932,0.0784 -0.14252,0.11401 -0.12076,-0.38818 0.44955,-0.49488 0.71263,-0.52735 -0.0489,-0.0364 -0.0964,-0.0742 -0.14253,-0.11402 0.11007,-0.0527 0.20034,-0.12867 0.2712,-0.22804 -0.0976,0.0608 -0.19716,0.11778 -0.29891,0.17103 0.0455,-0.0501 0.0885,-0.10254 0.12867,-0.15678 -0.14846,-0.0178 -0.21973,0.0673 -0.29158,0.18014 -0.0497,0.0782 -0.3296,0.31455 -0.15184,0.0198 -0.08,0.0586 -0.13678,0.13461 -0.17024,0.22805 -0.0562,-0.2712 -0.31811,0.0434 -0.29891,0.17103 -0.0527,-0.0225 -0.10472,-0.0463 -0.15638,-0.0713 0.0202,0.10828 0.0671,0.2031 0.14054,0.28506 -0.17954,0.0178 -0.15777,0.0467 -0.0416,0.15678 -0.4066,-0.2516 -0.29554,1.0161 -0.39987,1.14022 -0.21181,-0.14214 -0.25002,-0.35256 -0.17024,-0.58436 -0.0669,0.18964 -0.11679,0.3577 0.0241,0.52953 0.10967,0.13362 0.25576,0.33374 0.0749,0.48261 -0.0558,-0.22151 -0.57269,-0.22488 -0.48499,-0.48459 -0.0741,-0.0139 -0.0926,0.0336 -0.0555,0.14252 -0.0998,-0.0554 -0.17895,-0.14747 -0.21439,-0.25655 -0.23259,0.20766 -0.34246,-0.0596 -0.14213,-0.24784 0.15302,-0.14371 0.50558,-0.28565 0.38404,-0.55011 0.01,0.27159 -0.78827,0.77162 -0.61704,0.92366 0.10374,0.0923 0.27418,-0.0275 0.35732,0.11521 0.14014,0.24012 0.1833,0.17301 0.43846,0.24012 0.10433,0.0275 0.1754,0.25357 0.26665,0.3292 0.15262,0.12589 0.12907,0.19518 -0.008,0.3474 -0.36345,0.40205 -0.58931,-0.21181 -0.72174,-0.50181 -0.0138,0.26625 0.19894,0.66711 0.42837,0.79756 0.28209,0.16034 0.22053,0.40046 -0.12966,0.34266 0.0208,0.0516 0.04,0.10392 0.0574,0.15678 -0.21894,0.12788 -0.32821,-0.17737 -0.44164,-0.29931 0.15084,0.27061 0.72155,0.67523 0.19954,0.85497 -0.17678,-0.51132 -0.50994,-0.47093 -0.96919,-0.64118 0.0483,0.0966 0.3579,0.11897 0.47608,0.20331 0.16292,0.11639 0.50162,0.40323 0.30782,0.62316 0.0897,-0.096 0.20449,-0.0867 0.28506,0.0138 -0.0229,-0.22982 0.21518,-0.15361 0.34721,-0.1158 0.16648,0.0479 0.12828,0.18034 0.12788,0.34048 0,0.21221 -0.0208,0.41847 -0.0394,0.6297 -0.0238,0.2712 0.13382,0.56318 0.0491,0.82745 -0.0138,-0.22963 -0.0233,-0.46777 -0.0883,-0.69007 -0.0629,-0.21557 0.10828,-0.43867 -0.0543,-0.63544 -0.01,0.0764 -0.0442,0.23022 -0.12867,0.0855 -0.004,0.27912 0.18252,0.56853 0.0438,0.84091 0.0138,-0.11165 -0.0138,-0.21142 -0.0853,-0.29931 -0.0572,0.15362 -0.17024,0.17163 -0.27179,0.0427 0.0279,0.0503 0.0516,0.10274 0.0713,0.15678 -0.11145,0.0707 -0.21122,0.0564 -0.29931,-0.0427 0.14213,0.28981 -0.1455,0.0668 -0.2425,0.0139 0.0411,0.0451 0.0792,0.0924 0.11403,0.14252 -0.14015,0.0359 -0.25913,0.19301 -0.41333,0.0998 -0.16371,-0.099 -0.0887,-0.32247 0,-0.44183 -0.076,0.0653 -0.27199,0.52695 -0.14787,0.60376 0.11045,0.0683 0.26248,-0.0879 0.37373,-0.0473 0.0907,0.033 0.53428,-0.11916 0.51469,0.0833 -0.0138,0.13857 -0.0911,0.33871 -0.18469,0.44342 0.12807,-0.0422 0.17776,-0.14846 0.21062,-0.26862 0.043,-0.15797 0.21735,-0.11284 0.31634,-0.21597 0.10708,0.22131 -0.0978,0.3773 -0.12848,0.58436 -0.19954,-0.1443 -0.33534,0.18706 -0.44006,0.29772 -0.19399,0.20528 -0.55545,0.0883 -0.75658,-0.0412 0.0297,-0.0501 0.0629,-0.0976 0.0998,-0.14272 -0.11204,0.0266 -0.18825,0.10709 -0.15678,0.22804 -0.18707,-0.0921 -0.41373,-0.0681 -0.58436,-0.19953 0.10353,0.10926 0.80568,0.38363 0.50974,0.49864 -0.11304,0.0439 -0.0414,0.18707 -0.14491,0.25952 -0.22924,0.16074 -0.35315,0.14412 -0.57863,-0.031 0.0178,0.19796 0.15263,0.26883 0.33673,0.24607 0.12471,-0.0158 0.522,-0.18648 0.46163,-0.004 0.0636,-0.0354 0.13006,-0.064 0.19954,-0.0857 -0.0772,0.12609 -0.20944,0.28604 -0.34207,0.35632 -0.0753,0.0398 -0.50617,0.006 -0.39908,0.11402 -0.22547,-0.0368 -0.53546,-0.0713 -0.70372,0.0784 -0.11482,0.10255 -0.35415,0.27793 -0.27971,-0.0213 -0.0729,0.0645 -0.0683,0.18192 -0.0931,0.26685 -0.0267,0.091 -0.22211,0.12787 -0.29634,0.16866 -0.32405,0.17736 -0.50736,0.48558 -0.69383,0.79043 0.025,-0.0936 0.0344,-0.18845 0.0286,-0.28506 -0.12709,0.55289 -0.64118,0.37513 -1.09172,0.50994 -0.51132,0.15341 -0.83696,0.61187 -1.14597,1.01511 -0.0768,-0.10294 -0.0435,-0.21537 0.0571,-0.28506 -0.16886,0.0948 -0.0368,0.40344 -0.22804,0.44184 -0.10314,0.0206 -0.0601,0.0911 -0.1261,0.15104 -0.11719,0.1065 -0.15144,-0.002 -0.25873,0.0628 -0.11402,0.0699 -0.63009,0.70293 -0.69819,0.31356 0.0632,0.32128 -0.20527,0.36543 -0.42441,0.48123 -0.13718,0.0726 -0.24784,0.14332 -0.41056,0.11303 -0.0693,-0.0139 -0.49924,0 -0.13422,0.0613 -0.43293,0.0865 0.3096,0.033 -0.14252,0.21379 0.34484,-0.0337 -0.22825,0.25141 -0.17103,-0.0855 -0.038,0.38503 -0.15699,-0.0574 -0.17104,-0.14252 0.004,0.12709 0.0497,0.24784 0.0524,0.37473 0.004,0.15777 -0.33633,0.39967 -0.13798,0.10987 -0.22468,0.33909 -0.25081,0.46321 -0.65562,0.58436 0.0198,0.0473 0.0382,0.0948 0.057,0.14272 -0.0905,0.056 -0.18548,0.0656 -0.28505,0.0285 -0.006,0.0532 0,0.10532 0.0138,0.15679 0.0531,-0.0178 0.10531,-0.0358 0.15677,-0.0571 -0.0353,0.17599 -0.20685,0.25022 -0.37057,0.24269 0.17698,0.0972 0.0903,0.36009 -0.0427,0.22766 0.0465,0.23398 -0.0786,0.14154 -0.25655,0.0998 0.10907,0.0362 0.19459,0.10273 0.25655,0.19953 -0.13342,0.12986 -0.29753,0.11402 -0.36958,0.31297 -0.0512,0.14174 -0.2811,0.49944 -0.1647,0.64098 0.0509,0.0497 0.0473,0.0944 -0.0119,0.13362 -0.13976,0.0944 -0.0411,0.12629 -0.0158,0.28228 0.0481,0.30387 -0.0271,0.65939 -0.0289,0.96761 -0.004,0.66394 0.1645,1.33402 0.39017,1.95481 0.11125,0.30544 0.0907,0.37215 0.004,0.66195 -0.0857,0.28586 0.01,0.54794 0.0396,0.83241 -0.11739,-0.29377 -0.16905,-0.60733 -0.0442,-0.90762 0.14331,-0.34405 -0.19835,-0.26388 -0.21241,-0.54616 0,0.5218 0.0683,1.01966 0.20745,1.52187 0.0756,0.27279 0.26705,0.83221 0.0632,1.08638 0.46678,-0.0653 -0.11877,1.91641 -0.21498,2.13237 -0.15738,0.35316 -0.38106,1.0941 -0.7257,1.28829 -0.11501,0.0649 -0.0689,-0.21121 -0.2132,-0.008 -0.10294,0.14471 -0.25972,0 -0.3977,0.0513 -0.23061,0.0837 -0.57822,-0.0263 -0.32998,-0.2997 0.0465,0.10175 0.1348,0.18133 0.24229,0.21379 0.06,-0.15559 -0.20587,-0.31376 -0.26863,-0.43055 -0.13797,-0.25675 -0.0368,-0.53686 -0.33573,-0.71621 -0.17677,-0.1059 -0.35869,-0.12094 -0.37908,-0.36423 -0.0202,-0.23972 0.13144,-0.57605 -0.15678,-0.71264 0.17005,-0.0576 0.25556,-0.23201 0.39927,-0.32781 -0.14767,0.0447 -0.23814,0.21993 -0.38502,0.27476 -0.12313,0.0459 0.006,-0.6291 0.0855,-0.7164 -0.0986,0.0669 -0.1936,0.0621 -0.28486,-0.0139 0.20528,0.23378 -0.12036,0.28387 -0.22804,0 -0.099,-0.2609 0.0178,-0.71125 -0.25655,-0.88367 0.2225,-0.0158 0.65682,-0.53151 0.52735,-0.7554 -0.0483,0.0322 -0.0956,0.0656 -0.14253,0.0998 0.0138,-0.12313 -0.0649,-0.22072 -0.17103,-0.2708 -0.0687,0.10155 -0.0718,0.18509 0.0342,0.25932 0.0938,0.0657 -0.10986,0.27931 -0.14847,0.32524 -0.0663,-0.10709 -0.12431,-0.24725 -0.0998,0 -0.18073,-0.58238 0.39353,-1.13487 0.52795,-1.67272 0.0479,-0.19162 0.0467,-0.36344 0.008,-0.55744 -0.0653,-0.32999 -0.19558,-0.22507 -0.40087,-0.41986 -0.29831,-0.28308 -0.39769,-0.69423 -0.56713,-1.04838 -0.0822,-0.17182 -0.26823,-0.36007 -0.45213,-0.42065 -0.26823,-0.0885 -0.44283,0.1841 -0.69839,0.15678 0.0439,0.21815 -0.1552,0.16648 -0.33494,0.27793 -0.0701,0.0434 -0.3866,0.25121 -0.34919,0.064 -0.20152,0.15183 -0.46599,0.19974 -0.71264,0.19974 0.14847,-0.19261 0.0266,-0.4452 -0.17103,-0.5416 0.0948,0.0119 0.0806,-0.0398 -0.0428,-0.15679 0.1936,0.14886 0.25536,-0.0371 0.0648,-0.0566 -0.28764,-0.0293 -0.0831,-0.23043 0.0778,-0.2712 -0.13778,0.006 -0.27556,0.0118 -0.41333,0.0138 0.0386,0.0471 0.0766,0.0946 0.11402,0.14253 -0.27892,0.0709 -0.74273,-0.25219 -0.98344,-0.37057 0.0322,0.006 0.52418,0.0733 0.48915,-0.0178 -0.0338,-0.0883 -0.19499,-0.1459 -0.27655,-0.16312 -0.14609,-0.0309 -0.28387,0.0982 -0.41155,0.14689 -0.21774,0.0829 -0.52596,0.0835 -0.75579,0.0774 0.13105,-0.0139 0.25457,-0.0516 0.37057,-0.11383 -0.12075,-0.0394 -0.16786,-0.13519 -0.0855,-0.24249 -0.0726,0.0808 -0.13917,0.16628 -0.19955,0.25655 0.0867,-0.39413 -0.15776,-0.0206 -0.23674,0.0628 -0.11818,0.12491 -0.25873,0.18906 -0.43313,0.17975 0.10749,-0.0275 0.37373,-0.15639 0.21379,-0.29931 -0.11977,0.32406 -0.55388,0.49746 -0.86942,0.37038 0.31653,0.11877 0.16846,-0.6588 0.11402,-0.81241 -0.0778,0.16628 -0.17281,0.35552 -0.27041,0.51052 -0.0745,0.11818 -0.2799,0.0493 -0.39591,0.11363 -0.0625,0.0346 -0.37789,0.0447 -0.34542,-0.004 -0.11977,0.18034 -0.26745,-0.11877 -0.39909,-0.0641 0.06,0.0204 -0.38581,0.11679 -0.47964,0.12749 -0.23715,0.0271 -0.26803,0.16251 -0.49608,0.24071 -0.41075,0.14055 -0.5412,-0.33138 -0.90762,-0.32385 -0.12947,0.002 -0.56576,0.37254 -0.34761,0.49271 0.14352,0.079 0.39255,0.0681 0.54062,0.01 0.12115,-0.0477 0.38343,-0.0209 0.4646,-0.0907 -0.0503,0.0657 -0.3591,0.19737 -0.32089,0.29951 0.097,0.25813 0.20627,0.11244 0.32623,-0.0178 0.15758,-0.17064 0.38542,0.0501 0.27159,0.23972 -0.0968,0.16134 -0.42144,0.0294 -0.36265,0.30525 -0.193,-0.0709 -0.21478,0.0667 -0.16746,0.21558 0.0766,0.24031 0.25278,0.26248 0.4733,0.32781 0.10749,0.0318 0.15124,0.18409 0.23042,0.26843 0.0794,0.0847 -0.20033,0.23121 -0.19419,0.34266 -0.14965,-0.22548 -0.3098,-0.006 -0.44184,0.0998 0.0804,-0.10789 0.16055,-0.21775 0.2138,-0.34227 -0.13462,-0.0158 -0.0972,-0.0889 -0.15184,-0.17163 -0.0334,-0.0511 -0.37077,-0.16945 -0.43253,-0.17024 0.11304,-0.1833 -0.43392,-0.45153 -0.50023,-0.39294 -0.0372,0.0331 0.10393,0.24546 0.0909,0.32128 -0.0376,0.22092 -0.10808,0.41591 -0.34622,0.47074 -0.006,-0.20627 0.0263,-0.26823 -0.19954,-0.31356 -0.36167,-0.0726 -0.2033,0.20073 -0.46044,0.25516 -0.40384,0.0853 -0.83815,-0.38225 -0.60852,-0.76807 -0.0922,0.17263 -0.31554,0.0934 -0.42382,-0.0139 -0.0705,-0.0693 -0.12174,-0.17123 -0.0893,-0.27199 -0.1449,-0.0228 -0.41511,0.10136 -0.22804,-0.14272 -0.17875,0.002 -0.60773,0.17024 -0.42759,0.41333 -0.2704,-0.0453 -0.50637,0.0911 -0.79597,0.0158 -0.34048,-0.0883 -0.63583,-0.29673 -0.97137,-0.40066 0.15599,-0.13719 0.22448,-0.26605 0.14253,-0.47035 -0.0578,0.14967 -0.0891,0.51548 -0.27813,0.55943 -0.17677,0.041 -0.50795,0.081 -0.6766,-0.004 0.0867,-0.12748 0.25813,-0.22171 0.24229,-0.39908 -0.19795,0.0992 -0.38661,0.30525 -0.22804,0.52735 -0.52518,0.0691 -1.0654,0.24092 -1.49654,0.55586 0.12669,-0.1649 0.33592,-0.27258 0.52735,-0.34206 -0.15064,-0.0293 -0.29931,0.0139 -0.44183,0.057 0.0974,-0.12312 0.20606,-0.27298 0.15677,-0.44184 -0.12788,0.0275 -0.14728,0.14946 -0.25655,0.19954 -0.10412,0.0477 -0.11264,-0.14668 -0.21379,-0.0285 -0.0873,0.10215 0.0178,0.48677 0.15678,0.52736 -0.24645,0.24328 -0.52121,0.40402 -0.75757,0.66196 -0.32326,0.35275 -0.93,0.28782 -1.20931,0.62078 0.095,-0.0285 0.18984,-0.057 0.28486,-0.0855 -0.23181,0.12868 -0.4749,0.24429 -0.72689,0.32782 0.11402,-0.10491 0.26605,-0.15381 0.37057,-0.2708 -0.0976,0.0261 -0.19261,0.0593 -0.28506,0.0998 0.21993,-0.13619 -0.26288,-0.0996 -0.31356,-0.25674 0.0233,0.0986 0,0.1841 -0.0713,0.25674 0.0483,-0.42381 -0.52299,0.24844 0,0.22785 -0.17716,0.16806 -0.44677,0.24131 -0.5701,-0.0285 0.0178,0.23517 -0.38938,0.75104 -0.32781,0.44164 -0.10453,0.22368 -0.37058,-0.008 -0.45609,0.25655 0.11718,0.0331 0.21695,0.004 0.2993,-0.0855 -0.0574,0.44124 -0.49132,0.36285 -0.8124,0.45629 0.0568,0.008 0.11382,0.0118 0.17103,0.0138 -0.0471,0.1067 0.0344,0.17658 0.0667,0.26744 0.039,0.11006 -0.17321,0.34998 -0.22607,0.43312 -0.14193,0.2229 -0.45015,0.23715 -0.56753,-0.0158 0.0668,0.10313 0.062,0.20271 -0.0138,0.29931 0.14212,0.0333 0.29237,0.0656 0.42758,-0.0138 -0.0398,0.15539 -0.11956,0.4161 -0.27655,0.49449 -0.13084,0.0656 -0.008,0.39789 -0.008,0.5032 0,0.31594 -0.19122,0.96978 0.057,1.22574 0.0493,-0.041 0.0968,-0.0835 0.14253,-0.12808 0.0374,0.15105 -0.33058,0.29297 -0.43352,0.30743 -0.2033,0.0285 -0.33395,-0.32168 -0.56695,-0.32168 -0.19062,0 -0.44381,0.0438 -0.6196,-0.0566 -0.21913,-0.12511 -0.46816,-0.41095 -0.69601,-0.44915 -0.45134,-0.0757 -0.3185,-0.4076 -0.49825,-0.7948 -0.13163,-0.28387 -0.15024,-0.52834 -0.0897,-0.82072 0.0255,-0.12352 0.0962,-0.24784 0.0624,-0.37058 -0.0325,-0.11659 -0.25121,-0.21121 -0.31455,-0.39789 -0.16985,-0.45074 -0.44461,-0.82032 -0.56596,-1.42013 -0.0467,-0.24565 -0.0205,-0.49646 -0.0794,-0.74133 -0.0294,-0.12175 -0.1061,-0.2134 -0.13975,-0.33039 -0.041,-0.14253 -0.18231,-0.24705 -0.2419,-0.36206 -0.12432,-0.23992 -0.29773,-0.35375 -0.42818,-0.58219 -0.0138,-0.0244 -0.41412,-0.0578 -0.45628,-0.0641 -0.46698,-0.0689 -0.95355,-0.11699 -1.36451,0.14114 -0.42837,0.26902 -0.46499,0.94346 -1.03273,1.20496 -0.22527,0.10373 -0.49331,-0.16034 -0.65919,-0.27239 -0.14965,-0.10115 -0.3102,-0.18529 -0.45827,-0.28902 -0.44698,-0.32306 -0.66235,-0.64038 -0.67542,-1.05965 0.11284,-0.29099 0.0455,-0.62118 0.0329,-0.91395 0.0313,-0.28863 -0.17163,-0.4262 -0.41808,-0.51687 -0.24249,-0.0893 -0.43847,-0.57723 -0.6192,-0.88664 -0.70492,-0.38324 -0.24646,-0.77776 -0.81281,-0.82349 l -2.59004,0.002 -0.0355,0.7556 -4.00206,-0.0212 -4.69807,-1.97658 c 0.0543,-0.1455 0.19083,-0.23616 0.2807,-0.35652 -1.19743,0.038 -2.39625,0.20588 -3.58734,0.32366 -0.0138,-0.33514 0.10709,-0.6584 0.11164,-0.98978 0.006,-0.40402 -0.27812,-0.55823 -0.50478,-0.84547 -0.2326,-0.29475 -0.23359,-0.12431 -0.51468,-0.22824 -0.19182,-0.0707 0.22269,-0.57466 -0.33198,-0.55506 -0.34009,0.0118 -0.47133,-0.0861 -0.64751,-0.36563 -0.18607,-0.29515 -0.5709,-0.24527 -0.86922,-0.3096 -0.19557,-0.0422 -0.81459,0.0778 -0.73778,-0.31673 0.0483,-0.24804 0.31515,-0.47825 0.32584,-0.73263 0.01,-0.24388 -0.30525,-0.20211 -0.14135,-0.47549 0.10255,-0.17083 -0.11758,-0.37809 -0.24091,-0.51131 -0.12134,-0.13144 -0.10848,-0.30148 -0.11738,-0.47687 -0.0138,-0.25576 -0.35632,-0.50934 -0.28743,-0.73936 0.10789,-0.36048 0.15321,-0.3583 0.40323,-0.60475 0.29239,-0.28823 0.0339,-0.35474 -0.19954,-0.51845 -0.34662,-0.24289 -0.0503,-0.47232 -0.11283,-0.77381 -0.037,-0.17816 0.1649,-0.57901 0.36839,-0.58911 0,0.0958 -0.10313,0.19103 -0.0855,0.28486 0.0222,0.11818 0.17004,0.2122 0.24229,0.2995 0.11976,-0.3868 -0.11065,-0.82191 0.35632,-1.0264 -0.42421,-0.45054 -0.36839,0.40918 -0.63226,0.35296 -0.16905,-0.036 -0.36682,-0.49944 -0.55071,-0.23893 0.0954,-0.11581 0.22784,-0.46896 0.32781,-0.15678 -0.008,-0.13224 -0.0178,-0.26843 -0.11323,-0.37117"
       style="fill:#e6e6e6;fill-opacity:1;fill-rule:evenodd;stroke:#ffffff;stroke-width:0.922901;stroke-dasharray:none"
       inkscape:label="Amerique - أمريكا" />
    <path
       id="Europe"
       class="landxx eu fr frx"
       d="m 379.33713,172.42346 c 0.96593,-0.458 2.12723,-0.74452 3.20169,-0.547 0.369,-1.64316 -1.81248,-0.51336 -2.26832,-1.64099 0.99849,-0.33319 2.17063,-0.21055 3.21254,-0.15737 -0.814,-0.14 -1.92102,0.14977 -1.33494,-0.85957 -0.62948,-0.0326 -2.76756,1.17106 -3.02803,0.11722 -0.34731,-1.43805 1.84503,-2.3063 2.88694,-2.51251 1.40005,-0.27784 2.72414,-0.39072 4.14591,-0.35164 2.00783,0.0543 3.29935,-1.8993 5.53511,-1.62906 -0.26048,0.72173 2.42025,3.24183 3.16912,2.93903 0.5101,-0.24527 0.98764,-0.52529 1.45433,-0.83785 1.02019,-0.56546 0.95507,0.16496 1.80161,0.32775 0.83571,0.16063 1.48689,-0.50141 1.54115,0.85415 0.54267,-0.37661 -0.26047,-0.82701 0.1845,-1.44021 0.46669,-0.62623 0.70547,0.3245 1.10704,0.43086 0.95507,0.2518 2.19233,0 3.15826,-0.16279 -2.05124,-0.60018 -1.30237,-3.49364 -1.12872,-5.00114 0.10852,-0.73367 -1.03106,-1.46952 -1.41091,-1.98179 -0.6512,-0.88236 0,-2.22381 -0.9768,-2.94229 0.70547,0.12373 1.35665,0.47103 2.06212,0.61754 0.77057,0.16064 1.71479,-0.59583 2.39854,-0.25504 1.05276,0.52963 -0.26049,2.12071 1.19385,2.9564 0.42327,0.24094 1.18298,-0.18776 1.61711,-0.1921 1.26982,-0.0108 2.48537,0.41785 3.72263,0.65227 1.20471,0.22901 2.25747,0.19427 3.33193,-0.42327 0.97678,-0.55894 2.29002,-0.53831 3.17997,-1.16671 -0.70545,0.27784 -1.8993,0.41893 -2.58304,0.0326 -1.37835,-0.79337 1.81246,-2.74476 2.33343,-2.98244 1.68224,-0.75321 3.59239,-0.66313 5.29633,-1.34688 0.98764,-0.39614 2.31173,-2.66228 3.53814,-2.02845 -1.07447,-0.69352 -0.41243,-5.49605 0.47753,-6.39577 0.87912,-0.88346 5.36147,-2.48104 6.52275,-1.50968 0.58608,0.4949 -0.56437,2.39854 1.15045,2.8229 1.76905,0.4374 1.35663,0.0434 2.61559,0.41568 1.17215,0.35273 0.80315,1.25463 1.70395,1.6931 1.183,0.57197 2.37685,-0.10853 2.22491,1.72131 0.70544,-0.45475 1.93185,-0.34948 2.66987,-0.0869 1.41091,0.48188 0.81398,2.21295 0.5318,3.21796 0.94424,0.15737 2.00783,0.44933 2.94121,0.0759 0.92251,-0.37009 1.13959,-1.4261 2.0621,-1.79511 0.10854,0.58173 -0.16279,3.18323 0.62949,3.21145 1.16128,0.0434 3.50557,1.57478 3.86372,2.68941 -0.10853,-0.32127 4.41723,0.41024 4.64515,0.42978 1.10702,0.0977 1.92101,-0.13242 2.80012,0.776 0.68374,0.7163 1.16128,1.84178 2.20319,2.1142 0.22792,-0.10854 0.40157,-0.26483 0.54266,-0.47538 0.33645,-0.34838 0.49924,0.11396 0.85739,0.1628 0.20622,0.0759 0.26048,0.21273 0.1628,0.40916 -0.10852,0.42545 0.93337,0.19319 1.09617,0.2073 1.11789,0.0977 1.74737,-0.5839 2.77841,0.19862 1.09616,0.83352 3.35363,0.98763 4.72113,1.21664 -1.67139,1.48144 -3.22339,3.10725 -3.76604,5.30827 -0.26048,1.07013 -0.90082,2.05341 -1.07447,3.13222 -0.10853,0.70545 0.13023,0.99198 -0.15194,1.89822 -0.33646,1.09508 0.49924,2.00783 -0.23878,2.68723 -0.62948,0.57306 -1.10702,1.12548 -2.04039,1.04191 -0.78142,-0.0651 -0.84655,-1.22749 -1.79078,-0.70328 -0.67289,0.37877 -0.738,1.58782 0.39073,1.40656 -0.84656,0.89647 -1.60628,1.96117 -2.58306,2.735 -0.59693,0.38854 -1.183,0.79662 -1.74736,1.22424 -0.46668,0.42327 -0.42327,1.25245 -0.82483,1.74518 -0.67291,0.84004 -1.98613,1.2351 -2.19235,2.42243 0.15194,0.40483 0.26048,0.82158 0.31474,1.24921 -0.1628,0.76948 -0.8791,1.04407 -1.17213,1.71914 1.29152,-0.16172 1.76905,-0.60235 2.1055,-1.83528 0.33646,-1.21338 2.5722,-1.12004 3.48387,-0.865 1.08532,0.30715 0.3473,2.09141 1.12873,2.96074 1.37835,1.51077 0.53181,2.0773 -0.70545,3.10076 0.66204,0.93011 3.12571,2.65359 2.45282,4.01675 -0.46671,0.91491 -3.8746,2.17063 -3.86373,2.32692 0,1.0788 2.13806,1.99807 2.85437,2.61343 1.04191,0.88997 -1.44346,2.47561 -1.08531,3.6521 0.43413,1.42827 3.16911,3.04756 4.61259,2.46909 1.81247,-0.72608 1.54115,0.32994 0.8574,1.53789 -1.64967,2.90973 -4.80795,4.37708 -7.62977,6.27964 0.1845,0.26481 0.369,0.52529 0.55352,0.78143 -1.05276,0.15086 -1.93187,0.69135 -2.9195,1.03648 -1.05276,0.37226 -1.73651,-0.21381 -2.73501,-0.13458 -1.51944,0.11939 -2.45281,-1.1461 -4.2653,-0.98004 0.72717,-1.87868 -2.38768,-0.43848 -2.42024,-1.5303 0.19535,-0.33862 0.51009,-0.42762 0.93337,-0.26699 0,-0.61537 -0.40157,-0.96267 -1.0202,-0.93772 0.52096,0.79663 0.10853,0.91385 -0.64034,0.94966 -1.18299,0.0543 -1.30237,-0.0108 -1.62796,-1.41851 0.42326,2.80338 -0.29304,1.01586 -2.10552,1.01586 -1.05276,0 -1.91015,-0.66205 -2.93036,-0.71197 -1.24811,-0.0651 -2.62646,1.35556 -3.74433,1.86566 -0.86826,0.39832 -3.92886,1.53138 -3.73349,2.71329 0,0.38745 -0.14109,0.74778 -0.34729,1.08098 -0.48841,0.43412 -0.44499,0.82049 0.11937,1.15911 0.43413,1.35882 0.15194,2.03931 0.94422,3.34928 -0.74885,0.21381 -1.40006,-0.16171 -2.13806,-0.11721 -0.75972,0.0434 -1.15044,0.65661 -1.83418,0.8433 -1.64969,0.4504 -2.65903,-1.25897 -4.2436,-0.10854 -0.10852,0.0759 -2.30087,-0.94639 -2.53963,-1.1233 -0.61863,-0.45909 0.79228,-0.40048 -0.19536,-1.06144 -0.57522,-0.38312 -1.60627,-0.55134 -2.09466,0.0761 -0.22791,-1.39897 -1.77991,-0.81398 -2.61562,-1.4782 -1.16128,-0.91709 -3.53813,-1.50533 -3.16911,0.69786 -1.30239,-0.18777 -2.76756,-0.51552 -4.0808,-0.27458 -0.72715,0.13348 -1.21556,0.33969 -1.83419,-0.22032 -1.10702,-0.99199 -1.02018,-0.58391 -2.13805,-0.59911 -1.11789,-0.0108 -6.47934,-3.53813 -7.03286,-2.10984 -1.02019,-0.41894 -0.29304,-1.15696 -0.22791,-1.86783 0.10852,-0.84547 -2.3877,-0.46018 -2.8978,-1.10159 3.104,-1.14937 3.36449,-5.45155 3.92884,-8.2495 0.22792,-1.09833 0.42328,-2.82942 1.33494,-3.61301 1.33495,-1.14176 -0.45583,-1.30239 -0.57522,-0.0108 -0.1845,-2.64383 0.34732,-5.8835 1.48689,-8.28314 1.09617,0.61755 2.19234,1.35014 2.65902,2.57872 0.10854,0.54699 0.20621,1.09399 0.31474,1.641 0.24963,0.69568 0.94423,0.79119 0.93337,1.64099 0.31475,-1.09291 -0.79227,-1.93403 -0.90081,-2.96942 -0.15194,-1.59108 -0.7163,-2.66879 -2.12721,-3.44262 -0.58607,-0.32343 -1.24811,-0.76515 -1.73652,-1.23944 -0.80313,-0.77274 1.29154,-0.38746 1.7148,0 -0.98763,-0.47862 -1.04189,-4.66034 -0.46668,-5.46999 -1.29152,0.90624 -4.34127,-0.87693 -4.93818,-2.07837 -0.53181,-1.06253 -1.73651,-1.61496 -1.97528,-2.85548 -0.21707,-1.13198 1.85589,-2.37141 -0.74887,-2.48863 0.30389,-0.36141 0.36901,-1.01802 0.75973,-1.29369 0.99848,-0.69243 1.91015,0.47211 2.84352,0.59041 -1.66054,-1.09509 -2.31173,-0.7315 -4.04823,-0.50575 -0.86826,0.11395 -2.56134,-1.17215 -0.95507,-1.36968 -0.44498,-0.44172 -0.26048,-0.72824 0.54265,-0.85957 -1.22641,-0.30606 -2.98462,0.69678 -3.9831,-0.39071 0.5535,0 1.07446,-0.13783 1.56285,-0.39071 -0.97679,-0.65553 -2.78926,-0.38963 -3.04974,0.9377 0,-0.86824 -0.99848,-1.68006 -0.10854,-2.42133 -0.37985,0.95074 -2.0838,0.88887 -1.02018,-0.31257 -2.15978,1.87759 -5.06843,-2.39747 -7.26077,-0.0761 -0.87911,-1.2123 -1.60628,-1.95683 -3.11485,-2.27048"
       style="fill:#e6e6e6;fill-opacity:1;fill-rule:evenodd;stroke:#ffffff;stroke-width:0.542658"
       inkscape:label="Europe - أوروبا" />
    <g
       inkscape:label="Asie - آسيا">
      <g
         class="landxx coastxx sa"
         style="fill:#e6e6e6;fill-opacity:1;fill-rule:evenodd;stroke:#ffffff;stroke-width:0.2"
         transform="matrix(0.58222235,0,0,0.58222235,-528.54977,20.044208)">
        <path
           id="Asia"
           class="landxx sa"
           d="m 1624.65,556.58 c 0.1,-0.908 -0.46,-3.06 -1.28,-3.58 -0.41,-0.265 -2.43,-4.499 -2.31,-2.456 -0.19,-3.659 -2.72,-4.6 -4.74,-7.077 -0.77,-0.938 -1.84,-2.292 -2.2,-3.439 -0.46,-1.48 -1.3,-1.902 -2.06,-3.105 -0.44,-0.706 -0.1,-1.322 -0.58,-2.047 -0.36,-0.515 -0.97,-2.154 -1.21,-2.815 -0.23,-0.619 -0.36,-1.273 -0.65,-1.868 -0.27,-0.547 -0.83,-0.624 -1.1,-1.105 -0.25,-0.462 0,-1.092 -0.36,-1.497 -0.35,-0.409 -0.94,-0.466 -1.33,-0.828 -0.98,-0.909 -2.11,-1.828 -2.97,-2.841 -1.05,-1.23 -2.27,-0.715 -3.46,-1.585 -1.95,-1.446 -3.26,-4.131 -4.49,-6.187 -0.72,-1.197 -0.51,-1.882 -0.57,-3.145 -0.1,-1.368 -1.06,-2.5 -1.16,-3.883 -0.13,-1.815 0.62,-3.62 0.26,-5.428 -0.17,-0.824 -0.62,-1.521 -1.06,-2.216 -0.23,-0.366 -1.64,-2.181 0,-0.94 -0.35,-0.912 -1.14,-0.922 -1.35,-1.921 -0.18,-0.893 -0.62,-1.87 -0.97,-2.713 -0.97,-2.335 -2.85,-3.926 -4.62,-5.606 -1.29,-1.224 -2.56,-1.417 -4.14,-1.847 -0.67,-0.183 -0.99,-1.458 -1.18,-2.002 -0.42,-1.166 -1.24,-1.966 -1.97,-2.938 2.53,-0.922 -1,-5.075 -1.82,-6.08 -0.56,-0.675 -2.12,-1.905 -2.05,-2.796 0.11,-1.535 -1.86,-2.422 -2.53,-3.803 -2.02,-4.19 -5.2,-7.671 -7.43,-11.782 -0.68,-1.252 -1.44,-3.183 -2.94,-3.606 -0.69,-0.192 -3.37,-0.638 -3.42,0.621 -0.9,-0.82 0.55,-2.975 0.8,-3.836 0.53,-1.805 0.11,-3.683 0.41,-5.505 0.37,-2.309 0,-0.872 0.33,-2.247 1.73,0.512 6.47,1.785 8.19,1.41 3.41,-0.745 3.36,-5.71 6.57,-6.216 1.2,-0.19 4.15,0.114 4.02,-1.508 -0.29,-3.699 1.32,-2.589 3.56,-3.344 -2.92,-2.8 -5.71,-5.719 -8.38,-8.754 5.19,-1.085 8.64,-2.255 14.76,-5.525 2.59,0.498 7.22,0.78 10.06,2.096 9.55,4.422 17.42,11.182 25.71,17.491 1.76,1.337 3.47,2.664 5.1,4.137 1.87,1.677 3.17,1.593 5.63,1.831 2.83,0.274 5.82,0.675 8.66,0.937 1.04,0.1 1.56,-0.434 2.69,-0.19 1.52,0.329 3.11,0.515 4.66,0.656 1.65,0.148 1.78,2.064 2.31,3.277 0.77,1.802 3.4,0.664 4.89,0.795 1.54,0.136 1.74,0.971 2.25,2.232 0.54,1.365 3.25,3.104 2.83,4.635 -0.14,-0.241 -0.31,-0.457 -0.51,-0.647 -0.46,1.097 0.64,0.972 0.51,1.94 0,0.01 4.63,0.442 2.87,1.797 0.68,0.214 2.11,3.675 2.8,1.725 -0.46,1.736 3.71,3.686 4.67,4.741 -0.51,-0.154 -0.9,-0.466 -1.15,-0.934 0,1.914 1.18,1.942 1.6,3.478 0.24,0.9 0.14,2.799 -1.17,1.624 0.12,1.021 -0.21,1.224 0.72,1.412 0.14,0.03 1.36,2.665 1.44,2.971 -0.27,-0.233 -0.53,-0.473 -0.79,-0.719 0.8,1.169 2.22,1.826 2.85,3.12 0.64,1.308 0.83,2.508 1.6,3.779 0.59,0.978 1.44,2.654 2.67,2.954 0.55,0.137 2.58,-0.393 2.29,0.71 0.21,-0.56 0.7,-0.765 1.22,-0.432 -0.68,0.834 -1.3,3.108 1.01,2.519 -0.15,0.04 1.18,2.637 1.31,2.82 2.66,3.018 6.24,8.327 7.65,8.9 8.77,0.979 12.82,1.455 17.59,2.516 0.62,-0.148 1.16,-0.522 1.36,-0.924 1.07,2.46 3.48,3.747 3.89,5.344 0.37,1.443 0.26,2.401 -0.11,3.885 -1.27,4.968 -1.97,13.916 -3.8,14.905 -12.5,6.732 -28.13,9.087 -42.98,11.547 -1.93,0.682 -3.78,1.553 -5.54,2.57 -2.64,1.53 -5.21,6.125 -6.07,8.868 -0.4,1.268 -1.89,2.656 -3.28,2.662 -1.46,0 -1.73,-2.364 -2.92,-2.764 -1.35,-0.455 -2.34,0.235 -3.51,0.09 -1.8,-0.221 -4.22,0.06 -5.84,-0.772 -1.95,-1.003 -3.38,-0.543 -5.54,-0.539 -1.89,0 -3.89,1.162 -5.77,1.138 -2.34,-0.03 -2.68,-1.809 -3.9,-1.489 -1.63,0.429 -2.06,2.569 -2.15,3.922 -0.1,1.335 1.58,2.112 0.16,3.076 -0.27,0.185 -0.55,2.077 -2.59,2.75 0,-0.18 0.11,-0.228 0.1,-0.403"
           style="fill:#e6e6e6;fill-opacity:1;fill-rule:evenodd;stroke:#ffffff;stroke-width:0.5"
           sodipodi:nodetypes="ccccccccccccccccccccccscccccccccccccccccccccscccccccccccccccccccccccccccccccccccccccsccccc" />
      </g>
    </g>
    <g
       inkscape:label="Afrique - إفريقيا">
      <path
         id="Africa"
         class="landxx ci"
         d="m 289.89538,328.70218 c 0.51741,-1.11304 1.85306,-1.35611 2.32234,-2.55218 0.31286,-0.79296 0.55351,-2.05882 0.60164,-2.90473 0.12033,-1.53419 -0.51741,-4.32221 -1.62444,-5.45932 0.70995,-0.75085 1.69665,-0.3646 2.41862,0.0842 0.15642,-0.90969 1.6124,-1.9012 1.03482,-2.90233 -0.45725,-0.80982 0.30083,-2.53413 1.39582,-1.94933 -0.83027,-1.22977 -2.27422,-1.99265 -2.64724,-3.50999 -0.6979,-2.85541 4.63266,-0.61007 5.49904,-0.2154 -0.62571,-1.89638 -0.38506,-4.01176 -2.8518,-4.41847 0.44521,-1.26586 0.45725,-2.61474 2.08169,-2.85902 -1.34769,-1.60157 -1.61241,-1.25502 -1.13109,-3.63873 -2.93603,1.89276 -2.8157,-4.62063 -2.43065,-6.06458 0.37302,-1.391 1.35972,-1.74476 2.58708,-2.10575 0.66181,-0.19614 0.70993,-1.43914 1.22735,-1.87954 0.75807,-0.64737 1.66053,-0.22862 2.51487,-0.60646 -0.18049,1.68942 3.23684,3.37643 4.59656,2.77238 -0.92653,-1.52457 0.63774,-1.61121 1.7568,-1.59316 1.49209,0.024 0.96264,-2.44628 1.01077,-3.43177 0.58961,0.32608 1.19125,1.43071 1.99746,1.21291 0.7701,-0.21058 0.92653,-1.65813 1.73273,-1.99264 0.66181,1.20087 -0.27676,5.24152 1.44395,5.6723 1.57631,0.38746 0.31286,-3.01785 5.05381,-2.87466 0.45725,0.012 -1.01076,1.36694 2.77959,1.60639 1.78088,0.1083 2.15389,3.63754 2.39455,3.92633 1.25142,1.49328 3.5858,3.06598 5.90815,3.53888 0,-2.10215 3.11651,-2.5558 4.59656,-3.11893 1.34768,-0.51501 4.84925,1.03122 5.71562,-0.25991 1.44394,1.7219 2.03355,3.59662 3.98288,5.45691 0.2166,-0.27796 0.42115,-0.56674 0.61368,-0.86637 0.56554,1.7195 -0.7701,3.36199 -0.51741,4.23076 0.40911,1.44515 1.26345,2.14306 1.45597,3.81443 0.16846,1.38378 1.0228,3.71937 0.51742,5.02253 -0.57758,1.4668 -1.31158,2.25255 -2.03356,3.58459 -0.9506,1.77365 -2.57504,2.80487 -2.52691,4.77104 0.12033,2.5594 -1.19125,4.42449 -1.70867,6.32208 -0.55351,2.00829 -0.30082,5.24514 0.93857,6.87439 1.21532,1.60398 1.78086,3.7687 1.31158,5.49301 3.08043,-0.85313 1.27549,3.82645 1.78087,5.28604 -0.62571,0 -1.22736,0.0722 -1.81696,0.25991 0.18049,-0.3309 0.37302,-0.64978 0.60164,-0.953 -1.44395,2.17554 -2.64724,-0.56194 -2.94805,-1.6461 -0.78215,0.86637 -1.08297,2.06725 -2.41862,2.16592 -0.86636,0.0602 -1.97339,-0.34655 -2.5991,-0.95301 -0.48131,0.88202 -1.57631,0.0481 -1.99745,-0.34654 0.75806,-0.16606 1.58833,0.57156 2.16591,-0.25991 -0.25269,-0.28157 -0.54148,-0.5126 -0.86637,-0.69309 0.36099,1.73032 -0.34895,0.12032 -1.55224,0.43318 0.2527,0.5138 -2.85179,0.2202 -3.60986,0.30323 -0.38506,0.0481 -4.22355,0.73039 -3.92273,0.89765 1.9373,1.04325 5.71562,-2.29347 7.26787,-0.33452 -2.39454,0.13117 -4.69283,0.52584 -7.05127,0.94338 -0.52945,0.0963 -1.62444,0.32008 -1.96136,-0.30443 -0.48132,-0.8796 -2.80366,-0.4789 -3.63394,0.31406 1.35972,-0.54629 2.1178,-0.4007 3.46548,0.0842 -2.94806,0.33812 -6.08864,0.17689 -8.88027,1.37776 -2.39454,1.03604 -4.54843,2.98416 -7.23177,3.2573 -1.37174,0.13959 -4.29574,1.68461 -5.29447,2.65206 -2.26218,2.17434 -2.65927,-1.84224 -2.31031,-3.49676 0.42115,-1.96858 1.10702,-4.14172 1.6485,-5.76977 0.72198,-2.15869 0.12033,-4.51473 -1.60037,-5.94906 -1.03483,-0.86997 -2.55097,-1.26105 -2.37048,-3.08402 0.19253,-2.09132 -6.1849,-0.27195 -4.89738,-2.67612 -0.77011,0.17447 -1.45598,-0.16605 -1.98542,-0.69309"
         style="fill:#e6e6e6;fill-opacity:1;fill-rule:evenodd;stroke:#ffffff;stroke-width:0.601644"
         sodipodi:nodetypes="cccccccccccccccccsccccccccccccccccccccccccccccccccccccccsccccccc"
         inkscape:label="Côte d'Ivoire - ساحل العاج">
      </path>

    </g>
    <path
       d="m 405.16548,781.92726 -1.96474,10.52788 -1.3969,0.61327 -5.63302,3.72506 -1.51046,0.87448 -1.32876,0.48834 -1.20383,0.6587 -1.12433,0.97669 -2.40766,3.14586 -0.6587,0.87448 -0.46563,0.60192 -0.159,0.21578 -0.19307,0.24985 0.0114,0.0227 h -0.0114 l -0.12492,0.0795 -0.0114,-0.0114 -0.0454,-0.0795 -0.0113,-0.13629 -0.0227,-0.10221 -0.0341,-0.11357 0.0114,-0.12492 v -0.11357 -0.11357 -0.159 l 0.0681,-0.14764 0.0227,-0.11357 0.0681,-0.13628 0.0341,-0.15899 0.0227,-0.159 0.0227,-0.14764 v -0.17035 -0.0909 l -0.0341,-0.12492 -0.0795,-0.0795 -0.10222,0.0113 -0.12492,-0.0341 h -0.0227 l -0.12492,0.0114 -0.0568,0.0341 -0.0795,0.0454 -0.0795,0.0454 -0.10221,-0.0341 -0.11357,-0.0454 -0.12493,-0.0454 -0.17035,-0.11357 -0.0681,-0.0568 -0.12493,-0.10221 -0.0454,-0.14764 -0.0227,-0.11357 -0.0114,-0.12493 -0.0908,-0.0681 -0.0909,-0.0681 -0.11357,-0.0568 -0.12492,-0.0568 -0.12493,-0.0454 -0.14764,-0.0113 -0.15899,-0.0227 h -0.10222 -0.0908 l -0.0909,0.0341 -0.11356,0.0454 -0.0795,0.0681 -0.12493,0.0795 -0.0795,0.11357 -0.0454,0.12492 -0.0682,0.10222 0.0114,0.14764 -0.0227,0.0795 v 0.0909 0.11357 l 0.0568,0.18171 0.0114,0.0681 0.0114,0.11357 0.0227,0.10221 0.0341,0.20442 v 0.14764 l 0.0341,0.21578 -0.0227,0.12493 -0.0114,0.11357 0.0341,0.0681 -0.0227,0.12493 v 0.15899 l -0.0227,0.11357 -0.0227,0.29528 -0.13628,0.18171 -0.0909,0.10221 -0.0795,0.13629 -0.17035,0.19306 -0.0341,0.0681 -0.159,0.12493 -0.12492,0.14764 -0.24985,0.12492 -0.159,0.0568 -0.159,0.0568 -0.28392,0.0681 -0.22714,0.0909 -0.10221,0.0454 -0.30663,0.14764 -0.17036,0.0795 -0.0795,0.0341 -0.19306,0.0795 -0.28393,0.0454 -0.29527,0.0341 -0.47699,-0.0795 -0.12493,-0.11357 -0.0114,-0.0227 -0.0908,-0.0227 -0.0454,0.0454 -0.0454,0.0227 -0.0341,0.10221 -0.17035,0.22714 -0.0341,0.0114 -0.14764,-0.0114 -0.159,-0.21578 -0.0795,-0.13629 -0.0113,-0.0341 -0.159,-0.2612 -0.17035,-0.19307 -0.18171,-0.159 -0.19307,-0.24985 -0.10221,-0.12492 -0.0454,-0.36343 -0.0341,-0.23849 -0.0908,-0.23849 -0.10222,-0.18171 -0.0795,-0.24986 -0.12493,-0.12492 -0.11357,-0.17036 -0.11357,-0.18171 -0.0908,-0.0454 -0.11357,-0.18171 -0.0795,-0.0341 -0.19307,-0.10222 -0.21578,-0.0795 -0.22714,-0.0681 h -0.18171 l -0.21578,-0.0113 -0.10221,0.0227 -0.11357,0.12493 -0.17035,0.15899 -0.0909,0.11357 -0.12492,0.13629 -0.159,0.15899 -0.10221,0.159 -0.19307,0.24985 -0.0454,0.0568 -0.17036,0.17036 -0.22714,0.24985 -0.15899,0.31799 -0.0681,0.14764 -0.11357,0.24985 v 0.24985 l 0.0454,0.18171 0.21578,0.0454 0.18171,0.13628 0.22713,0.0227 0.21579,0.0114 0.3407,0.0568 0.27257,0.0114 h 0.45427 l 0.27257,0.0227 0.22714,0.0454 0.23849,0.0681 0.19307,0.38613 0.19306,0.17036 0.10222,0.29528 -0.0909,0.31799 -0.12492,0.30663 -0.14764,0.21579 -0.0227,0.10221 -0.0341,0.14764 -0.0568,0.20442 -0.0795,0.10221 -0.18171,0.13629 -0.18171,0.24985 -0.20443,0.11357 -0.21578,0.17035 -0.23849,0.14764 -0.21578,0.22714 -0.17036,0.19306 -0.17035,0.10222 -0.22714,0.20442 -0.19306,0.12492 -0.22714,0.14764 -0.22714,0.11357 -0.11357,0.0227 -0.36342,-0.0227 -0.27256,-0.0113 -0.11357,0.0113 -0.20443,-0.0113 -0.19306,-0.0341 -0.18171,-0.0341 -0.2385,-0.0795 -0.21578,-0.0795 -0.159,-0.0681 -0.15899,-0.0909 -0.2385,-0.0454 -0.19306,-0.0454 -0.159,-0.0454 -0.11357,-0.0341 -0.20442,-0.0568 -0.21578,-0.0568 -0.24985,-0.0454 -0.18171,0.0114 -0.24986,0.0341 -0.18171,0.19307 -0.0908,0.22713 -0.10221,0.20443 -0.14764,0.159 h -0.0681 l -0.29528,0.10221 -0.22714,0.0681 -0.27257,0.0909 -0.3407,0.13629 -0.159,0.0568 -0.14764,0.0795 -0.10221,0.10221 -0.159,0.10221 -0.20442,0.12493 -0.13628,0.11357 -0.17036,0.0909 -0.19306,0.17036 -0.20443,0.14764 -0.24985,0.12492 -0.21578,0.10221 -0.22714,0.10222 -0.12492,0.0568 -0.13629,0.0568 h -0.22713 l -0.2385,-0.0227 -0.22714,-0.0795 -0.24985,-0.0681 -0.30663,-0.23849 -0.21578,-0.17036 -0.12493,-0.18171 -0.18171,-0.19306 -0.18171,-0.17036 -0.19307,-0.0909 -0.20442,-0.0454 -0.18171,0.0341 h -0.28392 l -0.21579,0.0114 -0.30663,0.0113 -0.19307,-0.0227 -0.14764,-0.0454 -0.19306,-0.0341 -0.19307,-0.0681 -0.0909,-0.0454 -0.14764,-0.0568 -0.20442,-0.0568 -0.24985,-0.0454 -0.21578,-0.0341 -0.13629,-0.0114 -0.10221,-0.0454 -0.18171,-0.0114 h -0.18171 l -0.32935,0.0227 -0.13628,0.0227 -0.32935,0.0568 -0.13628,0.0454 -0.20443,0.0795 -0.0568,0.0454 -0.12493,0.13628 -0.23849,0.21578 -0.13628,0.0568 -0.12493,0.0795 -0.18171,0.13628 -0.12493,0.0909 -0.13628,0.0682 -0.17035,0.0681 -0.22714,0.0908 -0.159,0.0114 -0.22713,-0.0227 -0.28393,-0.0681 h -0.22713 l -0.20443,-0.0341 h -0.14764 l -0.11357,0.0341 -0.12492,0.0568 -0.17035,0.10221 -0.14764,0.11357 -0.18171,0.17035 -0.12493,0.159 -0.11357,0.13628 -0.13628,0.10221 -0.20443,0.11357 -0.22713,0.20443 -0.318,0.17035 -0.36342,0.159 -0.21578,0.12492 -0.26121,0.11357 -0.11356,0.0681 h -0.18171 l -0.10222,0.0227 -0.15899,0.0113 -0.0341,0.0227 -0.22714,-0.0114 -0.37478,-0.0681 -0.28392,-0.0681 -0.32935,-0.0795 -0.159,-0.10221 -0.29528,-0.11357 -0.23849,-0.11357 -0.12493,-0.159 -0.12492,-0.12492 -0.12493,-0.20443 -0.15899,-0.29528 -0.19307,-0.44292 -0.0795,-0.37477 v -0.0341 -0.2385 l -0.0795,-0.23849 -0.13628,-0.26121 -0.17035,-0.35206 -0.13629,-0.2385 -0.20442,-0.10221 -0.20442,-0.10221 -0.28393,-0.0114 -0.14764,-0.78362 -0.80633,-5.2696 -1.61268,-10.39155 -0.54513,-3.06636 0.0681,-0.0908 6.07593,-8.13158 v 0 l 8.26782,1.20383 v 0.0454 l -0.0114,0.4202 0.0114,0.43156 0.0341,0.42021 0.0681,0.4202 0.0795,0.318 -6.20086,4.0544 5.24688,3.50933 4.31561,-1.43097 0.43157,-0.28392 1.2379,-0.80634 0.29528,0.0681 0.4202,0.0795 0.43156,0.0454 0.43156,0.0114 h 0.42021 l 0.43156,-0.0341 0.43156,-0.0568 0.42021,-0.0909 0.40884,-0.11357 0.40885,-0.13628 0.39749,-0.15904 0.38614,-0.18171 0.37477,-0.21578 0.36342,-0.22714 0.34071,-0.24985 0.32935,-0.27257 0.31799,-0.29528 8.4836,0.53378 6.57563,-2.62344 5.61031,-4.57683 z"
       id="Tékane"
       style="fill:#cccccc;stroke:#ffffff;stroke-width:1.13569;stroke-opacity:1"
       inkscape:label="Tékane - انتيكان" />
    <path
       d="m 349.95965,809.91067 -0.46563,0.0227 -0.3407,0.0454 -0.29528,0.0568 -0.318,0.0568 -0.27256,0.0909 -0.2385,0.0908 -0.14764,0.0114 -0.22713,0.0795 -0.19307,0.0454 -0.26121,0.0795 -0.22714,0.0568 -0.21578,0.0681 -0.0795,0.0341 -0.23849,0.0909 -0.22714,0.0795 -0.12492,0.10221 -0.30664,0.19307 -0.18171,0.18171 -0.0568,0.0795 -0.0795,0.11357 -0.13629,0.19306 -0.0568,0.12493 -0.0227,0.0568 -0.0795,0.26121 0.0227,0.36342 0.0114,0.159 0.11357,0.19307 0.0341,0.0227 0.14764,0.17035 0.11357,0.14764 0.10221,0.0909 0.159,0.14764 0.11356,0.20442 0.0454,0.12493 v 0.0341 l 0.0114,0.13628 -0.13628,0.19307 -0.20443,0.11357 -0.17035,0.11357 -0.10221,0.11356 -0.12493,0.0341 -0.21578,0.10221 -0.24985,0.0908 -0.24985,0.0454 -0.18171,0.0681 -0.17036,0.0454 -0.0908,0.0227 -0.14764,0.0681 -0.19307,0.0454 -0.0227,0.0114 -0.2385,0.0341 h -0.0227 l -0.20442,0.0568 -0.61328,0.11357 h -0.0113 l -0.20443,0.0227 -0.23849,0.0227 -0.18171,-0.0227 -0.24985,-0.0341 -0.159,-0.0568 -0.18171,-0.0341 -0.159,-0.0568 -0.18171,-0.0227 -0.17035,-0.0908 -0.19307,-0.0795 -0.11357,-0.10221 -0.14764,-0.0795 -0.11356,-0.0568 -0.0682,-0.10221 -0.0113,-0.0227 -0.159,-0.11357 -0.26121,-0.0909 -0.12492,-0.0681 -0.0795,-0.0681 -0.0454,-0.0568 -0.17035,-0.0795 h -0.0114 l -0.14764,-0.0227 -0.17035,0.0341 -0.17035,0.0341 -0.17036,0.0341 -0.0908,0.0113 -0.12493,0.0568 h -0.11357 -0.20442 -0.19307 -0.21578 l -0.17035,0.0114 -0.18171,0.0454 -0.0454,0.0227 -0.0909,0.0454 -0.0341,0.0227 -0.12492,0.12492 -0.14764,0.13629 v 0.18171 l 0.0227,0.14764 0.10221,0.19306 0.10222,0.11357 0.11356,0.13628 0.0454,0.12493 -0.0227,0.17035 -0.0454,0.18171 -0.0454,0.159 v 0 l -0.0227,0.13628 -0.0681,0.159 -0.0681,0.20442 -0.0568,0.0909 -0.29528,0.19307 -0.13628,0.0909 -0.19307,0.0909 -0.19306,0.0908 -0.11357,0.0795 -0.159,0.0795 -0.15899,0.0341 -0.29528,0.0681 -0.20443,0.0681 -0.23849,0.0681 -0.21578,0.0454 -0.159,0.0227 -0.0454,0.0114 h -0.15899 l -0.24985,0.0341 -0.26121,0.0227 -0.27257,-0.0227 -0.22714,0.0114 -0.14764,0.0227 -0.44291,0.0681 -0.10222,0.0341 h -0.22713 l -0.18171,0.0454 -0.13629,0.18171 -0.13628,0.18171 -0.0681,0.0568 -0.0454,0.0454 -0.19307,0.0341 -0.21578,-0.0114 -0.21578,-0.0681 -0.15899,-0.12493 -0.17036,-0.10221 -0.19306,-0.11357 -0.11357,-0.0568 -0.17036,-0.12492 -0.14764,-0.12493 -0.0909,-0.0795 -0.11357,-0.0795 -0.10221,-0.0681 -0.159,-0.10222 -0.10221,-0.0795 -0.11357,-0.0568 -0.12492,-0.0681 -0.14764,-0.0909 -0.159,-0.0454 -0.18171,-0.0227 h -0.18171 l -0.24985,-0.0113 -0.24985,0.0113 -0.0114,0.0114 -0.40885,-0.0114 -0.3407,-0.0113 -0.27257,0.0113 -0.24985,0.0341 -0.31799,-0.0681 -0.35207,-0.10221 -0.32935,-0.0568 -0.0113,-0.0114 -0.22714,-0.0681 -0.0568,-0.0114 -0.0908,-0.0227 -0.11357,-0.0568 -0.0795,0.0114 -0.11357,-0.0568 -0.24985,-0.0909 -0.35206,-0.159 -0.18171,-0.11357 -0.12493,-0.0681 -0.13628,-0.0341 -0.11357,-0.0681 -0.17035,-0.0908 0.0113,-0.0227 v 0 h 0.12493 l 0.159,0.0454 h 0.12492 v -0.0681 l -0.21578,-0.0568 h -0.13628 l -0.2385,-0.0227 -0.18171,-0.0454 h -0.17035 l -0.0909,-0.0227 -0.17035,-0.0341 -0.11357,0.0341 h -0.0114 l -0.10222,0.0227 v 0 l -0.0454,0.0114 -0.14764,0.0227 -0.21578,0.0795 -0.21578,0.0341 -0.11357,0.0114 -0.18171,0.0114 -0.17036,0.10221 -0.0681,0.0341 -0.0454,0.0341 -0.10221,0.0568 -0.19307,0.12493 -0.0908,0.0568 -0.11357,0.0682 -0.17035,0.11356 -0.11357,0.0795 -0.17035,0.0909 -0.0909,0.0568 -0.21578,0.11357 -0.20442,0.0568 -0.18171,0.0113 -0.0909,-0.0341 -0.0568,-0.0568 -0.0568,-0.12493 0.0114,-0.11357 -0.0114,-0.15899 -0.0341,-0.14764 0.0341,-0.19307 0.0114,-0.19307 v -0.11357 l -0.0681,-0.12492 -0.14764,-0.17036 -0.28392,-0.15899 -0.0568,-0.0341 -0.0908,-0.0227 -0.13629,-0.0681 -0.13628,-0.0341 h -0.0908 l -0.0795,-0.0113 -0.19307,-0.0341 -0.159,-0.0341 -0.15899,-0.0227 -0.14764,-0.0454 -0.27257,-0.0341 -0.22714,0.0341 -0.27256,0.0341 -0.21578,0.0568 -0.26121,0.0454 -0.14764,0.0113 -0.159,0.0795 -0.22713,0.0227 -0.28393,-0.0113 -0.17035,0.0227 -0.24985,0.11357 -0.19307,0.14764 -0.0795,0.11357 -0.10221,0.0341 -0.17035,0.11357 -0.28392,0.0909 -0.29528,0.0681 -0.14764,0.14764 -0.13628,0.12493 -0.14764,0.159 -0.21578,0.17035 -0.19307,0.159 -0.17035,0.12492 -0.21579,0.13628 -0.13628,0.0568 -0.17035,0.10221 -0.159,0.0909 -0.14764,0.0795 -0.19306,0.0454 -0.18171,0.0568 h -0.14764 -0.159 l -0.0909,-0.0341 -0.0454,-0.0341 -0.159,-0.0113 -0.0681,-0.12493 -0.0795,-0.27256 -0.22714,-0.0909 -0.10221,-0.11357 -0.22714,-0.11357 -0.0568,-0.0681 -0.14764,-0.0568 -0.17035,-0.0795 -0.0795,-0.0909 -0.2385,-0.11356 -0.23849,-0.10222 -0.20443,-0.0909 -0.37477,-0.11357 -0.10221,-0.0227 -0.0682,-0.0227 h -0.0681 l 0.0114,-0.38613 -0.0227,-0.29528 0.0341,-0.40885 0.0227,-0.34071 0.0454,-0.29527 0.0227,-0.29528 v -0.18171 l 0.0227,-0.38614 0.0681,-0.37478 0.22713,-0.5792 0.0909,-0.45427 0.159,-0.43156 0.12492,-0.39749 0.17036,-0.45428 0.18171,-0.4202 0.17035,-0.56785 0.29528,-0.51106 0.18171,-0.37478 0.26121,-0.40884 0.21578,-0.37478 0.22713,-0.35206 0.42021,-0.44292 0.34071,-0.42021 0.2612,-0.3407 0.17036,-0.17036 0.23849,-0.24985 0.318,-0.36342 0.35206,-0.34071 0.28392,-0.31799 0.40885,-0.28392 0.34071,-0.19307 0.28392,-0.21578 0.44292,-0.43156 0.40884,-0.19307 0.47699,-0.24985 0.54513,-0.28392 0.70413,-0.31799 0.60192,-0.18171 0.51106,-0.11357 0.47698,-0.11357 0.51106,-0.12493 0.53378,-0.0909 0.52241,-0.0795 0.69277,-0.11357 0.42021,-0.0681 0.5792,-0.0681 0.51106,-0.0114 0.53377,0.0227 22.92956,-11.25467 0.54513,3.06636 1.61268,10.39155 0.80633,5.2696 z"
       id="Rosso"
       style="fill:#cccccc;stroke:#ffffff;stroke-width:1.13569;stroke-opacity:1"
       inkscape:label="Rosso - روصو/الگوارب" />
    <path
       d="m 405.16548,781.92726 -11.41367,0.0568 -5.61031,4.57683 -6.57563,2.62344 -8.4836,-0.53378 -0.31799,0.29528 -0.32935,0.27257 -0.34071,0.24985 -0.36342,0.22714 -0.37477,0.21578 -0.38614,0.18171 -0.39749,0.15904 -0.40885,0.13628 -0.40884,0.11357 -0.42021,0.0909 -0.43156,0.0568 -0.43156,0.0341 h -0.42021 l -0.43156,-0.0114 -0.43156,-0.0454 -0.4202,-0.0795 -0.29528,-0.0681 -1.2379,0.80634 -0.43157,0.28392 -4.31561,1.43097 -5.24688,-3.50933 6.20086,-4.0544 -0.0795,-0.318 -0.0681,-0.4202 -0.0341,-0.42021 -0.0114,-0.43156 0.0114,-0.4202 v -0.0454 l -8.26782,-1.20383 2.49852,-3.36164 v 0 0 l 1.13569,-0.96533 3.00957,-5.05382 1.60132,-3.74777 -0.89719,-13.69641 v 0 0 0 l 9.99406,-3.30485 0.39749,-0.13628 0.19307,0.13628 12.64021,8.59716 v 0 0 l 24.26967,6.67785 z"
       id="R'Kiz"
       style="fill:#cccccc;stroke:#ffffff;stroke-width:1.13569;stroke-opacity:1"
       inkscape:label="R'Kiz - اركيز" />
    <path
       d="m 438.07773,630.98289 -55.53517,66.9602 -1.09026,4.61089 0.81769,2.36223 0.98805,3.12315 -10.25526,7.29112 -6.78007,7.96118 -2.3963,13.0377 0.4997,7.6659 -17.77352,8.86973 0.0454,-18.43223 -18.14831,7.55233 -6.56428,-2.23731 -4.56547,5.67845 0.94263,7.9271 3.44113,5.28095 -12.4585,-1.39689 -11.56131,-0.0795 0.24985,-0.86312 0.20442,-0.57921 0.35207,-0.90855 0.30663,-0.71548 0.34071,-0.78362 0.43156,-1.02212 0.35206,-0.88584 0.22714,-0.84041 0.24985,-0.78363 0.37478,-0.89719 0.51106,-1.20383 0.28392,-1.1584 0.30664,-0.91991 0.35206,-0.90855 -0.0113,-0.67006 0.35206,-0.96533 0.28392,-0.77227 0.30664,-1.24926 0.27256,-0.80634 0.31799,-0.97669 0.30664,-1.02212 0.17035,-0.88584 0.21578,-0.76091 0.20443,-0.78362 0.159,-0.94262 0.13628,-0.68142 0.30663,-0.96533 0.37478,-1.15841 v -0.84041 l 0.34071,-1.22654 0.21578,-1.12433 0.21578,-0.84041 0.159,-0.94262 0.19306,-1.16976 0.18171,-1.4764 -0.11357,-2.11238 0.0454,-0.73819 0.0454,-0.98805 0.0114,-0.94263 0.0454,-0.78362 0.0909,-0.56784 0.0454,-0.19307 3.32756,-0.0227 0.32935,-6.13271 1.90796,0.0341 v 0 l 0.79498,0.0113 7.21163,0.13629 h 0.40884 l 0.0795,-5.75794 v -0.0114 -0.48835 l 0.0341,-2.81651 0.0114,-0.35206 v -0.0454 l 0.0114,-1.0789 0.0113,-0.47699 v -0.47699 l 1.35147,-1.76032 -0.19307,-0.29528 -2.4758,-3.80455 -0.4997,-0.77227 -0.12493,-0.12493 -0.47698,-0.46563 -0.0227,-0.0341 -0.87448,-0.85177 -0.24985,-0.24985 v -0.0227 l 0.0114,-0.28392 0.0681,-3.94084 0.0227,-1.32876 0.21578,-12.26544 1.06755,-3.21399 19.23857,-17.46689 1.66946,-2.5553 0.0227,-0.0227 0.10221,-0.0795 0.11357,-0.10221 0.159,-0.12492 0.17035,-0.14764 0.22714,-0.18171 0.24985,-0.20443 0.159,-0.13628 0.10221,-0.11357 0.21578,-0.20442 0.19307,-0.19307 0.18171,-0.19307 0.19306,-0.19306 0.19307,-0.19307 0.18171,-0.19307 0.21578,-0.21578 0.0341,-0.0454 0.13629,-0.12492 0.21578,-0.22714 0.19306,-0.20442 0.19307,-0.19307 0.22714,-0.22714 0.10221,-0.11357 0.0568,-0.0568 0.0795,-0.0795 0.12493,-0.12493 0.17035,-0.18171 0.11357,-0.10221 0.11357,-0.12492 0.0909,-0.0795 0.0909,-0.10221 0.159,-0.159 0.20442,-0.19307 0.10221,-0.12492 0.20443,-0.22714 0.12492,-0.13628 0.0795,-0.0795 0.20442,-0.18171 0.21579,-0.20443 0.0341,-0.0341 0.0227,-0.0227 v 0 -0.0114 l 0.0341,-0.0341 0.0795,-0.0795 0.28392,-0.31799 0.2385,-0.27256 0.29527,-0.32935 0.19307,-0.22714 0.18171,-0.19307 0.19307,-0.21578 0.15899,-0.18171 0.11357,-0.13628 0.0568,-0.0909 0.14764,-0.21578 0.10221,-0.14764 0.0795,-0.12492 0.10221,-0.17036 0.18171,-0.27256 0.10221,-0.14764 0.0681,-0.0909 0.20443,-0.23849 0.15899,-0.19307 0.17036,-0.21578 0.20442,-0.23849 0.19307,-0.2385 0.0908,-0.0909 0.21578,-0.22714 0.0114,-0.0114 0.0909,-0.0909 0.0568,-0.0681 0.0909,-0.0795 0.12492,-0.11357 0.11357,-0.11357 0.0909,-0.0909 0.0568,-0.0341 0.0795,-0.0568 0.10221,-0.0568 0.0908,-0.0568 0.0568,-0.0341 0.0795,-0.0454 0.12492,-0.0795 0.14764,-0.0795 0.12493,-0.0682 0.13628,-0.0908 0.159,-0.0909 0.0681,-0.0454 0.14764,-0.11357 0.11357,-0.0909 0.0681,-0.0454 0.13628,-0.10222 0.12493,-0.0909 0.14764,-0.10221 0.18171,-0.13629 0.17035,-0.12492 0.17035,-0.11357 0.159,-0.11357 0.17035,-0.11357 0.14764,-0.11357 0.0909,-0.0681 0.11357,-0.0795 0.22713,-0.15899 0.0795,-0.0568 0.0909,-0.0568 0.0795,-0.0568 0.0113,-0.0113 0.0681,-0.0454 0.0341,-0.0227 0.0227,-0.0227 0.0113,-0.0114 h 0.0227 v -0.0113 l 0.0114,-0.0114 v 0 -0.0114 0 0 0 0 h 0.0113 0.0114 l 0.0114,-0.0113 0.0227,-0.0114 0.0227,-0.0114 0.0341,-0.0227 0.0454,-0.0227 0.0568,-0.0227 0.0681,-0.0341 0.0795,-0.0341 0.12492,-0.0454 0.13628,-0.0568 0.0795,-0.0341 0.11357,-0.0454 0.11357,-0.0568 0.11357,-0.0454 0.0568,-0.0227 0.0795,-0.0341 0.11357,-0.0568 0.0681,-0.0227 0.0114,-0.0114 0.10221,-0.0454 0.10221,-0.0454 0.10221,-0.0454 0.0682,-0.0227 0.12492,-0.0568 0.27257,-0.11357 v 0 h 0.0113 l 0.0454,-0.0114 0.0114,-0.0113 0.14764,-0.0568 0.12492,-0.0681 0.17036,-0.0795 0.12492,-0.0795 0.27257,-0.15899 0.18171,-0.0909 0.0908,-0.0568 0.22714,-0.13628 0.22714,-0.12493 0.12492,-0.0795 0.0682,-0.0341 0.17035,-0.10221 0.27256,-0.159 0.19307,-0.10221 0.0681,-0.0454 0.0681,-0.0341 0.0795,-0.0568 0.10221,-0.0454 0.0909,-0.0568 0.10221,-0.0681 0.13628,-0.0681 0.14764,-0.0909 0.22714,-0.12493 0.17035,-0.10221 0.17036,-0.10221 0.20442,-0.11357 0.19307,-0.11357 0.12492,-0.0681 0.17036,-0.10221 0.27256,-0.14764 0.17036,-0.11357 0.17035,-0.12493 0.11357,-0.0795 0.0454,-0.0341 0.11356,-0.0681 0.0795,-0.0454 0.10221,-0.0341 0.10222,-0.0341 0.0454,-0.0227 0.0454,-0.0114 0.13628,-0.0454 0.0682,-0.0227 0.10221,-0.0341 0.0908,-0.0227 0.12493,-0.0454 0.11357,-0.0341 0.10221,-0.0227 0.12493,-0.0454 0.13628,-0.0454 0.17035,-0.0454 0.17035,-0.0568 0.10222,-0.0341 0.0795,-0.0341 0.0909,-0.0568 0.13628,-0.0795 0.17036,-0.10221 0.18171,-0.11357 0.13628,-0.0795 0.0908,-0.0568 0.10222,-0.0681 0.11356,-0.0681 0.159,-0.0909 0.11357,-0.0681 0.18171,-0.11357 0.19307,-0.11357 0.19306,-0.12492 0.12493,-0.0795 0.0909,-0.0454 0.0909,-0.0341 0.10221,-0.0341 0.14764,-0.0568 0.0909,-0.0341 0.0681,-0.0227 0.11357,-0.0454 0.0908,-0.0227 0.0909,-0.0227 0.0908,-0.0114 0.13628,-0.0114 0.13629,-0.0113 0.20442,-0.0114 v 0 l 0.0681,-0.0114 0.53378,-0.0454 h 0.0568 l 0.0681,-0.0114 0.13628,-0.0114 0.13629,-0.0114 0.0795,-0.0113 0.0908,-0.0341 h 0.0114 z"
       id="Ouad-Naga"
       style="fill:#cccccc;stroke:#ffffff;stroke-width:1.13569;stroke-opacity:1"
       inkscape:label="Ouad Naga - واد الناقة" />
    <path
       d="m 364.32611,743.99526 -3.98626,11.35688 v 0 0 0 l 0.89719,13.69641 -1.60132,3.74777 -3.00957,5.05382 -1.13569,0.96533 v 0 0 l -2.49852,3.36164 v 0 l -6.07593,8.13158 -0.0681,0.0908 -22.92956,11.25467 -0.53377,-0.0227 -0.51106,0.0114 -0.5792,0.0681 -0.42021,0.0681 -0.69277,0.11357 -0.52241,0.0795 -0.53378,0.0909 -0.51106,0.12493 -0.47698,0.11357 -0.51106,0.11357 -0.60192,0.18171 -0.70413,0.31799 -0.54513,0.28392 -0.47699,0.24985 -0.40884,0.19307 -0.44292,0.43156 -0.28392,0.21578 -0.34071,0.19307 -0.40885,0.28392 -0.28392,0.31799 -0.35206,0.34071 -0.318,0.36342 -0.23849,0.24985 -1.69218,-0.19306 -1.27197,-0.47699 -1.52182,-1.37419 -0.53378,-0.15899 -0.6587,-0.67006 -0.47698,-0.85177 -0.90856,-0.6587 -0.73819,-0.37477 -0.79498,-0.96534 -0.12493,-0.4202 -0.0454,-0.14764 0.24985,-0.80634 0.0227,-0.0568 -0.52242,-0.55648 -0.61327,-0.34071 -0.96534,-3.06636 -0.0908,-1.3174 0.67005,-1.32875 -0.36342,-0.74956 -0.60191,-0.86312 -0.159,-0.61332 0.27257,-1.58996 -1.37419,-3.1345 -0.14763,-1.04484 0.0795,-0.76091 0.48835,-0.93126 0.67006,-0.9767 0.56784,-1.62403 1.4764,-2.20324 -14.20747,-1.35147 0.30664,-0.4997 0.19306,-0.30663 0.30664,-0.7382 0.22714,-0.63599 0.20442,-0.69277 0.21578,-0.82905 0.27257,-0.61327 0.32935,-0.79498 0.30663,-0.88584 0.24985,-0.85177 0.42021,-0.69277 0.39749,-0.81769 0.37478,-0.70413 0.31799,-0.88584 0.35206,-0.87448 0.39749,-0.56784 0.43157,-0.72684 0.31799,-0.64734 0.24985,-0.77227 0.34071,-0.94262 0.0908,-0.26121 0.28392,-0.7382 0.20443,-0.64734 0.21578,-0.85177 0.37478,-1.03348 0.39749,-1.26061 11.56131,0.0795 12.4585,1.39689 -3.44113,-5.28095 -0.94263,-7.9271 4.56547,-5.67845 6.56428,2.23731 18.14831,-7.55233 -0.0454,18.43223 z"
       id="Méderdra"
       style="fill:#cccccc;stroke:#ffffff;stroke-width:1.13569;stroke-opacity:1"
       inkscape:label="Méderdra - المذرذرة" />
    <path
       d="m 309.51778,815.70268 h -0.0113 l -0.19307,0.0568 -0.18171,0.12492 -0.26121,0.22714 -0.43156,0.37478 -0.0568,0.0454 v 0 0 l -0.24985,0.19307 -0.24985,0.20443 -0.4202,0.32935 -0.35207,0.15899 -0.39749,0.12493 -0.23849,0.0795 -0.38614,-0.0227 -0.20442,-0.0681 -0.0681,-0.0227 -0.24985,-0.18171 -0.22714,-0.36342 -0.13628,-0.22714 -0.11357,-0.14764 -0.14764,-0.159 -0.20443,-0.30663 -0.18171,-0.21578 -0.0113,-0.0454 -0.0341,-0.0114 -0.19307,-0.26121 h 0.0114 l -0.0795,-0.0568 -0.18171,-0.18171 -0.56785,-0.38614 -0.40884,-0.18171 -0.35207,-0.17035 -0.31799,-0.22714 -0.10221,-0.14764 -0.0568,-0.24985 0.0568,-0.31799 0.0341,-0.14764 0.0795,-0.17035 0.0454,0.15899 0.0341,-0.0568 0.0227,-0.20443 -0.11357,-0.13628 -0.0341,-0.20442 -0.0795,-0.39749 -0.19307,-0.30664 -0.26121,-0.23849 -0.11356,-0.0909 -0.38614,-0.0568 h -0.18171 -0.17035 -0.12493 l -0.13628,0.0227 -0.18171,0.0454 -0.0454,0.0114 -0.22714,0.11356 -0.0681,0.0227 h -0.0114 l -0.0909,0.0227 -0.43156,0.0227 -0.44292,0.0454 -0.53377,0.18171 -0.318,0.159 -0.22713,0.17035 -0.18171,0.24985 -0.19307,0.19307 -0.0681,0.0795 -0.31799,0.37478 -0.14764,0.18171 -0.24986,0.27256 -0.11356,0.0795 -0.14764,0.0568 -0.21578,0.0227 -0.159,0.0227 -0.22714,0.13629 -0.10221,0.15899 -0.13628,0.14764 -0.20443,0.0795 h -0.54513 l -0.30663,0.0454 -0.43157,0.0909 -0.39749,0.0114 -0.37477,-0.10221 -0.43157,-0.20443 -0.37477,-0.19306 -0.18171,-0.11357 -0.0341,-0.0114 -0.0114,-0.0227 h -0.0114 l -0.0795,-0.0341 0.0227,-0.0114 h -0.0568 l -0.22713,-0.0454 -0.28393,-0.0795 -0.24985,-0.0454 h -0.19306 l -0.24986,0.0341 -0.20442,0.0568 -0.19307,0.0341 -0.22713,0.0341 -0.29528,0.10221 -0.67006,0.29528 -0.37478,0.27257 -0.17035,0.13628 -0.17035,0.22714 -0.10222,0.17035 -0.13628,0.22714 -0.0568,0.18171 -0.0227,0.34071 v 0.31799 l 0.0909,0.31799 0.0114,0.21578 0.0227,0.36342 -0.0227,0.19307 -0.10222,0.21578 -0.0113,0.0454 -0.12493,0.17035 -0.11357,0.0681 -0.0795,0.0341 -0.2612,0.0568 -0.42021,0.17035 -0.23849,0.28392 -0.13629,0.28393 -0.11357,0.36342 -0.0454,0.2612 -0.0909,0.6587 -0.0681,0.61328 0.0114,0.69277 -0.0227,0.3407 0.0114,0.43156 v 0.21578 l -0.0795,0.318 -0.14764,0.18171 -0.24985,0.11357 -0.36342,-0.0341 -0.22714,0.0114 -0.13628,0.0454 -0.159,0.11357 -0.13628,0.17035 -0.13628,0.32935 -0.13628,0.45428 -0.0568,0.40885 -0.0341,0.67005 0.0114,0.45428 0.0795,0.53377 0.11357,0.38614 0.0227,0.32934 -0.0454,0.30664 -0.0568,0.13628 -0.159,0.159 -0.27256,0.27257 -0.13629,0.0909 -0.14764,0.24985 -0.13628,0.159 -0.18171,0.10221 -0.17035,0.0114 h -0.0227 l -0.0341,-0.0909 h -0.0568 l -0.18171,0.12493 -0.46563,0.47699 -0.24986,0.4202 -0.22713,0.44292 -0.12493,0.46563 -0.0795,0.44292 v 0.27257 l 0.0681,0.24985 0.17036,0.26121 0.21578,0.22713 0.22714,0.20443 0.24985,0.40885 0.10221,0.21578 0.0568,0.31799 v 0.24985 l -0.0908,0.21578 -0.14764,0.18171 -0.28392,0.19307 -0.2385,0.14764 -0.14764,0.21578 -0.13628,0.31799 -0.17035,0.26121 -0.0681,0.21578 -0.0909,0.48835 -0.0795,0.37477 -0.11357,0.35207 -0.19306,0.27256 -0.19307,0.20443 -0.20442,0.19306 -0.29528,0.38614 -0.17036,0.13628 -0.3407,0.159 -0.32935,0.0454 -0.27257,-0.0114 -0.28392,-0.0909 -0.30664,-0.22713 -0.24985,-0.0795 h -0.31799 l -0.21578,0.0341 -0.0454,-0.0114 -0.0341,0.0227 -0.0568,0.0114 -0.29528,0.0795 -0.14764,0.0454 -0.0341,-0.0114 -0.12493,0.0341 -0.0795,0.0227 -0.29528,0.21579 -0.46563,0.44291 -0.32935,0.49971 -0.22714,0.35206 -0.13628,0.29528 -0.18171,0.10221 0.0227,0.0568 0.0227,-0.0114 0.0227,0.0454 -0.0113,0.0113 -0.0682,0.0227 -0.0113,0.0454 0.0454,0.0454 -0.0795,0.19307 v 0.0114 l -0.0454,0.22713 -0.0227,0.26121 -0.0114,0.27257 0.0454,0.46563 0.0908,0.31799 0.0227,0.159 0.0114,0.20442 0.0114,0.0909 0.0227,0.10221 -0.0113,0.0909 -0.0568,0.0568 -0.0227,0.0341 -0.0227,0.17035 v 0.0341 l 0.0454,0.21579 -0.0568,0.21578 0.0113,0.14764 0.0795,0.27256 0.11357,0.14764 0.0227,0.0681 -0.0681,0.2385 -0.17035,0.32935 -0.10221,0.23849 -0.0114,0.17035 0.0454,0.0909 0.10221,0.11357 0.159,0.22714 0.0908,0.0568 0.2385,0.0795 0.22713,0.13628 0.0909,0.13628 0.0341,0.0795 0.0114,0.18171 -0.0114,0.0909 -0.10221,0.17035 -0.20443,0.17035 -0.27256,0.14764 -0.21578,0.20443 -0.26121,0.17035 -0.0909,0.13628 -0.11356,0.318 -0.0795,0.21578 -0.0681,0.13628 -0.10222,0.0681 h -0.14764 l -0.0681,0.0114 -0.12492,0.12492 -0.12493,0.11357 -0.19307,0.36342 -0.17035,0.26121 -0.14764,0.159 -0.15899,0.18171 -0.0795,0.10221 0.0113,0.13628 0.0454,0.0909 0.0568,0.15899 0.17035,0.13629 v 0.18171 l -0.0341,0.23849 -0.10221,0.0568 -0.0795,0.0227 -0.0795,0.22714 -0.0795,0.27256 -0.0227,0.10221 -0.0681,0.0568 -0.0795,-0.0454 -0.10221,-0.0227 -0.18171,-0.0341 -0.13629,0.0341 -0.0795,0.10221 -0.19307,0.159 -0.18171,0.11356 -0.17035,0.12493 -0.13629,0.0909 -0.22714,0.14763 -0.17035,-0.0113 -0.15899,0.0341 -0.17036,0.15899 -0.14764,0.10222 -0.19306,0.0454 -0.0568,0.0227 0.20442,-1.96474 0.0568,-3.8727 0.0341,-1.85117 -0.0681,-1.37419 -0.11357,-1.26061 -0.0341,-0.95398 -0.0795,-1.14705 -0.0568,-0.89719 0.0454,-1.2379 0.0114,-0.70413 -0.17035,-1.04483 -0.13629,-1.41961 -0.17035,-1.09026 0.27257,-1.14705 0.53377,-1.70353 0.34071,-1.61268 1.12433,-2.53258 0.43156,-1.26062 0.5792,-1.18111 0.46563,-1.40826 0.43157,-1.69217 0.4997,-1.73761 0.26121,-1.14704 0.15899,-1.49911 0.10222,-1.49911 0.0568,-1.46504 0.0568,-1.10162 0.12493,-1.28333 0.0909,-0.86312 0.17035,-1.1584 1.01076,-3.07772 0.72684,-1.87388 0.8177,-2.08967 0.95398,-2.22595 0.87448,-2.08967 0.5792,-1.87388 0.62463,-1.51047 1.04483,-2.66887 1.22654,-2.5667 0.86313,-2.41902 0.85176,-1.83981 0.84041,-2.19188 0.6587,-1.45368 1.24926,-2.36223 0.5792,-1.27198 14.20747,1.35147 -1.4764,2.20324 -0.56784,1.62403 -0.67006,0.9767 -0.48835,0.93126 -0.0795,0.76091 0.14763,1.04484 1.37419,3.1345 -0.27257,1.58996 0.159,0.61332 0.60191,0.86312 0.36342,0.74956 -0.67005,1.32875 0.0908,1.3174 0.96534,3.06636 0.61327,0.34071 0.52242,0.55648 -0.0227,0.0568 -0.24985,0.80634 0.0454,0.14764 0.12493,0.4202 0.79498,0.96534 0.73819,0.37477 0.90856,0.6587 0.47698,0.85177 0.6587,0.67006 0.53378,0.15899 1.52182,1.37419 1.27197,0.47699 1.69218,0.19306 -0.17036,0.17036 -0.2612,0.3407 -0.34071,0.42021 -0.42021,0.44292 -0.22713,0.35206 -0.21578,0.37478 -0.26121,0.40884 -0.18171,0.37478 -0.29528,0.51106 -0.17035,0.56785 -0.18171,0.4202 -0.17036,0.45428 -0.12492,0.39749 -0.159,0.43156 -0.0909,0.45427 -0.22713,0.5792 -0.0681,0.37478 -0.0227,0.38614 v 0.18171 l -0.0227,0.29528 -0.0454,0.29527 -0.0227,0.34071 -0.0341,0.40885 0.0227,0.29528 z"
       id="Keur-Macène"
       style="fill:#cccccc;stroke:#ffffff;stroke-width:1.13569;stroke-opacity:1"
       inkscape:label="Keur Macène - كرمسين" />
    <path
       d="m 555.76914,663.78157 -57.8974,41.15736 -20.76039,14.68445 -16.6492,14.57089 -23.65639,33.46874 -3.00957,4.65632 -30.59545,20.13581 1.96474,-10.52788 2.66887,-14.60496 -24.26967,-6.67785 v 0 0 l -12.64021,-8.59716 -0.19307,-0.13628 -0.39749,0.13628 -9.99406,3.30485 3.98626,-11.35688 -0.4997,-7.6659 2.3963,-13.0377 6.78007,-7.96118 10.25526,-7.29112 -0.98805,-3.12315 -0.81769,-2.36223 1.09026,-4.61089 55.53517,-66.9602 31.10651,0.0341 37.61401,0.0341 h 9.31265 l 0.20442,0.17035 z"
       id="Boutilimit"
       style="fill:#cccccc;stroke:#ffffff;stroke-width:1.13569;stroke-opacity:1"
       inkscape:label="Boutilimit - بوتلميت" />
    <path
       d="m 568.84092,361.91554 -1.40826,-12.19729 14.62767,-5.40588 9.23315,2.94143 4.33833,4.72447 -10.82311,7.57504 -10.26663,2.6348 z"
       id="Zouérate"
       style="fill:#cccccc;stroke:#ffffff;stroke-width:1.13569;stroke-opacity:1"
       inkscape:label="Zouérate - ازويرات" />
    <path
       d="m 576.93838,457.16575 -46.81309,-16.21764 -0.90855,-0.4202 -1.83981,-15.54758 -3.38436,-35.01328 -1.34011,-14.10525 -0.67005,-7.0867 -0.37478,-7.87032 -1.37418,-7.35926 3.31621,-10.11899 1.79438,-7.91575 2.74837,-5.96236 2.82787,-3.96356 6.83684,-9.60792 6.67785,-6.72328 5.82608,-3.00957 54.9219,-4.27019 V 187.74634 l 401.46975,1.03348 2.8052,25.28042 2.6234,23.09991 -0.045,0.0341 -315.37323,203.16333 -63.45092,4.91754 z m -8.09746,-95.25021 5.70115,0.27257 10.26663,-2.6348 10.82311,-7.57504 -4.33833,-4.72447 -9.23315,-2.94143 -14.62767,5.40588 z"
       fill-rule="evenodd"
       id="F'Déirick"
       style="fill:#cccccc;stroke:#ffffff;stroke-width:1.13569;stroke-opacity:1"
       inkscape:label="F'Déirick - افديرك" />
    <path
       d="m 1006.6527,188.77982 -401.46975,-1.03348 v -73.8879 H 851.42296 V 18.5514 l 96.11536,55.467028 27.33714,15.774758 69.42534,41.464004 92.3656,56.48915 h -73.3542 l -6.9504,0.12493 -33.3892,0.60191 z"
       id="Bir-Moghrein"
       style="fill:#cccccc;stroke:#ffffff;stroke-width:1.13569;stroke-opacity:1"
       inkscape:label="Bir Moghrein - بير أم اگرين" />
    <path
       d="m 678.86643,575.39093 1.32875,64.99546 0.14764,7.40469 0.0114,0.77227 0.90855,33.37788 -0.39749,0.0909 -0.34071,0.27256 -0.28392,0.28393 -0.59056,0.35206 -0.3407,0.18171 -0.55649,0.29528 -0.31799,0.27256 -0.36342,0.159 h -0.36342 l -0.39749,-0.20442 -0.159,-0.37478 -0.31799,-0.29528 -0.2385,-0.159 -0.55649,-0.0454 -0.38613,0.18171 -0.48835,0.23849 -0.4202,0.18171 -0.61327,0.31799 -0.37478,0.159 -0.48835,0.19307 -0.4997,0.22714 -0.40885,0.0795 -0.61327,0.40885 -0.21578,0.38614 -0.12492,0.27256 -0.14764,0.28392 -0.32935,0.48835 -0.37478,0.0227 -0.59056,0.0227 -0.54513,0.15899 -0.45428,0.27257 -0.55648,0.59056 -0.32935,0.32935 -0.32935,0.31799 -0.31799,0.85177 -0.28393,0.51105 -0.37477,0.318 -0.3975,0.48834 -0.21578,0.53378 -0.30663,0.45427 -0.48835,0.48835 -0.32935,0.37478 -0.62463,0.70412 -0.44292,0.46564 -0.17035,0.2612 0.0568,0.34071 0.12492,0.18171 h 0.27257 l 0.56784,-0.28392 0.62463,-0.2385 0.37478,-0.24985 0.40885,-0.21578 0.40884,0.28392 -0.21578,0.49971 -0.27256,0.23849 -0.38614,0.32935 -0.45427,0.45428 -0.28392,0.27256 -0.47699,0.22714 -0.30664,0.29528 -0.17035,0.14764 -0.20443,0.17035 0.0795,0.4997 0.19307,0.43157 0.13628,0.35206 0.159,0.38613 0.0227,0.26121 -0.0454,0.30664 -0.14764,0.17035 -0.21578,0.18171 -0.23849,-0.0341 -0.0568,-0.37478 -0.3407,-0.37477 -0.32935,-0.0909 -0.47699,-0.0227 -0.39749,0.0681 -0.51106,0.0454 -0.35207,0.0681 h -0.40884 l -0.28393,-0.22714 -0.36342,-0.159 -0.32935,-0.0227 -0.4997,0.14764 -0.59056,0.37478 -0.3407,0.27256 -0.45428,0.44292 -0.21578,0.27257 -0.36342,0.28392 -0.22714,0.12492 -0.39749,0.0795 -0.32935,0.0795 -0.51106,0.14764 -0.30663,0.21578 -0.37478,0.29528 -0.32935,0.22714 -0.2385,0.13628 -0.27256,0.14764 -0.40885,0.34071 -0.19307,0.11356 -0.4202,-0.23849 0.0454,-0.29528 0.10221,-0.44292 -0.0909,-0.3407 -0.10221,-0.24986 -0.36342,-0.0909 h -0.159 l -0.39749,-0.0568 -0.23849,0.0227 -0.40885,0.0114 -0.53377,0.14763 -0.48835,0.318 -0.14764,0.11357 -0.21578,-0.19307 -0.11357,-0.159 -0.17035,-0.0909 -0.28392,-0.22714 -0.2385,-0.20442 -0.4202,-0.36342 -0.318,-0.19307 -0.30663,-0.12493 -0.39749,0.10222 -0.70413,0.18171 -0.35206,0.0795 -0.40885,0.14764 -0.5792,0.22714 -0.40885,0.159 -0.34071,0.0568 h -0.18171 -0.23849 l -0.2385,-0.0227 -0.35206,-0.12493 -0.0568,-0.15899 -0.13629,-0.20443 -0.36342,0.0909 -0.28392,0.15899 -0.60191,0.19307 -0.0795,0.37478 v 0.28392 l -0.29528,0.31799 -0.24985,0.35207 -0.159,0.40884 -0.0227,0.2385 0.0908,0.37478 0.12493,0.43156 0.10221,0.22713 0.0114,0.29528 -0.0909,0.22714 -0.32935,-0.15899 -0.28392,-0.22714 -0.36342,-0.59056 -0.0114,-0.32935 -0.40884,0.20442 -0.32935,0.2385 -0.24986,0.23849 -0.53377,0.12493 -0.4997,-0.35206 -0.2385,0.0227 -0.32935,-0.0681 -0.27256,-0.0341 -0.20443,-0.0909 -0.15899,-0.18171 -0.14764,-0.11357 -0.18171,-0.0341 0.0227,0.35207 0.0454,0.31799 0.0568,0.55649 0.0795,0.24985 -0.0795,0.30663 -0.0795,0.30664 -0.0795,0.31799 0.0909,0.34071 0.17036,0.29528 0.35206,0.3407 h 0.24985 l 0.0568,0.13629 -0.67005,0.39749 -0.29528,0.0113 -0.43156,0.12493 -0.24985,0.0227 -0.38614,0.20443 -0.46563,0.40885 -0.24985,0.53377 -0.0568,0.27257 -0.18171,0.46563 -0.17035,0.28392 -0.159,0.21578 -0.29527,0.37478 -0.14764,0.29528 -0.0909,0.32935 0.18171,0.35206 0.36342,0.17035 0.44292,0.0114 0.47699,-0.0681 h 0.29528 l 0.36342,0.11357 0.0114,0.0341 0.10221,0.26121 0.11357,0.40884 0.0681,0.30664 0.0681,0.22714 0.0114,0.3407 0.0341,0.24986 0.30663,0.46563 0.29528,0.43156 0.159,0.31799 0.15899,0.18171 0.17036,0.20443 0.15899,0.15899 0.18171,0.17036 0.26121,0.24985 0.14764,0.20442 0.32935,0.2385 0.19307,0.19306 0.32935,0.26121 0.53377,0.0795 0.46563,0.21578 0.20443,0.2385 0.13628,0.12492 0.46563,0.11357 0.29528,0.17035 0.26121,0.17036 0.48835,0.24985 0.29528,0.31799 -0.14764,0.67006 -0.0454,0.15899 0.0114,0.0568 0.0454,0.18171 -0.19306,0.63598 -0.18171,0.28393 -0.13629,0.20442 -0.0908,0.13628 -0.10221,0.0795 -0.14764,0.10221 -0.10222,0.0341 v 0 l -0.17035,-0.0227 -0.10221,-0.0454 -0.11357,-0.0113 -0.10221,-0.0227 -0.11357,-0.0227 -0.18171,0.0114 -0.0909,-0.0454 -0.17035,-0.11357 -0.13628,-0.0909 -0.10221,-0.10221 -0.0795,-0.0908 -0.11357,-0.0681 -0.12493,-0.0454 -0.0681,-0.0114 -0.0909,-0.0227 -0.11357,-0.0114 -0.10221,0.0114 -0.14764,0.10221 -0.0795,0.0795 -0.0454,0.0909 -0.0227,0.12493 0.0113,0.11357 0.0454,0.0795 0.0454,0.0681 0.17035,0.22713 0.0114,0.0681 0.0114,0.0681 -0.0114,0.0795 0.0341,0.0909 0.0227,0.10221 0.0341,0.12493 0.0454,0.0795 0.0681,0.11356 0.0341,0.0909 0.0681,0.0909 0.0341,0.10222 0.0795,0.12492 0.0341,0.0909 0.21579,0.21578 0.0341,0.0681 0.0568,0.0795 0.0341,0.0795 0.0341,0.0681 0.0227,0.0568 0.0454,0.0454 0.11357,0.0909 0.0795,0.0568 0.0795,0.0454 0.19307,0.11357 0.11356,0.0568 0.0909,0.0681 0.0909,0.0681 0.0795,0.0795 0.0795,0.0568 0.0909,0.0681 0.0341,0.0113 v 0 l 0.12492,0.0795 0.0454,0.0568 0.0909,0.14764 0.0795,0.10221 0.0568,0.0795 0.0341,0.0681 0.0454,0.11357 0.10221,0.13628 0.0113,0.0114 v 0 l 0.0909,0.0795 0.0341,0.0568 -0.11357,0.0227 -0.0341,0.0568 0.0114,0.11357 0.0568,0.10221 0.0114,0.0908 -0.0114,0.0681 -0.0568,0.10222 -0.0227,0.0795 0.10222,0.0227 0.12492,-0.0114 0.0681,-0.0341 0.0795,-0.0568 0.10221,0.0454 0.18171,0.21578 0.0454,0.0454 0.0341,0.0341 0.0795,0.0795 0.0454,0.0795 -0.0227,0.0568 -0.0908,0.0909 -0.0568,0.10221 -0.12492,0.10221 -0.10221,0.0568 -0.11357,0.0681 -0.0681,0.0795 0.0454,0.0681 0.11357,0.0227 0.0909,0.0227 0.0908,-0.0113 0.159,-0.0227 0.159,-0.0227 h 0.12492 l 0.10221,0.0227 0.0795,0.0341 0.13628,0.11357 0.0454,0.0568 0.31799,0.36342 0.0909,0.10221 0.0795,0.0795 0.0341,0.0795 0.0114,0.0795 0.0341,0.12492 0.0341,0.0454 0.15899,0.0681 0.10222,0.0454 0.0795,0.0568 0.0681,0.0795 0.0795,0.0681 0.0454,0.0681 0.0681,0.0568 0.0795,0.10221 0.0909,0.13628 0.0795,0.10221 0.0454,0.0568 0.0454,0.0909 0.0227,0.11357 v 0.10221 l 0.0341,0.10222 0.0568,0.10221 0.0681,0.0795 0.0795,0.10221 0.0454,0.0681 0.0227,0.0454 0.0454,0.0454 0.0113,0.0227 0.0227,0.0681 v 0.10221 l -0.0681,0.0454 -0.0909,0.0454 -0.14764,0.11357 -0.0795,0.0113 -0.0795,0.0341 0.0114,0.0568 0.0681,0.0568 0.0681,0.0341 0.0454,0.0227 h 0.10221 l 0.12493,-0.0454 0.0909,-0.0114 0.0795,-0.0114 0.0454,-0.0454 0.0454,-0.0341 0.0454,-0.0454 0.0909,-0.0681 0.11357,-0.0227 h 0.0454 l 0.0454,0.0341 0.0341,0.0454 -0.0113,0.0568 -0.0227,0.0909 -0.0341,0.0795 -0.0568,0.0227 v 0.0681 l 0.0227,0.0568 0.0341,0.0568 0.0795,0.0681 0.0681,0.0795 0.0681,0.0568 0.13629,0.13628 0.0908,0.10221 0.52242,0.8177 0.0341,0.0454 0.0341,0.0568 0.0341,0.0681 0.0341,0.0454 0.0454,0.0454 0.0227,0.0341 0.0341,0.0341 0.0341,0.10221 0.10222,0.0681 0.0795,0.0909 0.0795,0.0568 0.0114,0.0795 v 0.0681 l -0.0454,0.0341 -0.0681,-0.0114 -0.0795,0.0227 -0.20442,0.13628 -0.0795,0.0568 -0.0681,0.0568 -0.0227,0.0795 v 0.0908 l 0.0114,0.0681 0.0341,0.0568 0.0454,0.11357 0.0114,0.15899 -0.0114,0.12493 v 0.11357 l 0.0341,0.0568 0.0568,0.0795 0.0795,0.0795 0.0795,0.0681 0.0568,0.0909 0.0454,0.10221 0.0341,0.10221 0.0341,0.0909 0.0795,0.24986 0.79498,1.1584 0.14764,0.21578 0.0114,0.0568 0.12493,0.318 -0.30664,0.2612 -0.23849,0.14764 -0.0681,0.0454 -0.318,0.0681 -0.4202,0.22714 -0.40885,0.26121 -0.35206,0.14764 -0.45428,0.17035 -0.34071,0.17036 -0.36342,0.46563 -0.3407,0.44292 -0.24985,0.22713 -0.3975,-0.11356 -0.22713,-0.11357 -0.29528,0.0113 -0.24985,0.13629 -0.36342,0.14764 -0.21578,0.10221 -0.21579,0.17035 -0.28392,0.36342 -0.21578,0.10221 -0.18171,-0.17035 -0.0568,-0.2385 -0.0681,-0.2612 -0.14764,-0.28393 -0.159,-0.14764 -0.24985,-0.14763 -0.17036,-0.0681 -0.12492,0.0454 -0.21578,0.0681 -0.159,-0.0227 -0.0681,0.28392 0.0681,0.28392 0.27257,0.53378 0.14764,0.35206 -0.0227,0.39749 -0.20442,0.31799 -0.24985,-0.0341 -0.20443,-0.2612 -0.20442,-0.13629 -0.21578,0.0341 -0.0227,0.38614 0.14764,0.35206 0.24986,0.20442 0.14764,0.14764 -0.0795,0.14764 -0.27257,0.14764 0.0341,0.19307 0.26121,0.0227 0.42021,-0.12492 0.29527,-0.13628 0.26121,-0.0909 0.28393,0.0227 0.24985,0.13629 0.17035,0.23849 0.0454,0.11357 0.3407,0.0114 -0.0568,-0.34071 -0.0568,-0.30663 -0.0341,-0.19307 0.10222,-0.13628 0.38613,-0.0909 0.19307,0.0114 0.69277,-0.0795 0.20442,-0.22714 0.39749,-0.0227 0.32935,0.14764 0.26121,0.12492 0.29528,0.24985 0.11357,0.53378 -0.19307,0.29528 -0.30663,0.11357 -0.3975,0.29527 -0.11356,0.24986 -0.12493,0.31799 0.0227,0.34071 0.11357,0.55648 0.12493,0.29528 -0.22714,0.11357 -0.28392,-0.0908 -0.31799,-0.14764 -0.47699,-0.13629 -0.42021,-0.24985 -0.17035,-0.31799 -0.18171,-0.32935 -0.19307,-0.22714 -0.26121,-0.11357 -0.40884,0.0227 -0.21579,0.43156 0.0341,0.4997 0.159,0.42021 0.22714,0.55648 0.24985,0.43157 0.12493,0.36342 -0.39749,0.13628 -0.318,-0.11357 -0.76091,-0.45428 -0.40885,-0.0795 0.0227,0.52241 0.28392,0.55649 0.44292,0.55649 0.27256,0.48834 -0.0908,0.44292 -0.42021,0.0795 -0.30663,0.0454 0.21578,0.40885 0.18171,0.35206 0.27256,0.53377 0.21578,0.2385 0.42021,0.0909 0.35206,0.0227 v 0.21578 l 0.22714,0.35206 0.30664,0.19307 0.22713,0.18171 0.0795,0.27256 -0.35206,0.27257 -0.39749,0.23849 -0.35207,0.318 -0.24985,0.45427 -0.31799,0.31799 -0.35206,0.37478 -0.32935,0.28392 -0.318,0.17036 -0.0227,0.70412 -0.0114,0.52242 -0.31799,0.26121 -0.18171,0.46563 0.0114,0.60192 -0.0114,0.56784 -0.45428,0.32935 -0.47698,0.0681 -0.70413,0.11357 -0.7382,0.22714 -0.55649,0.14764 -0.29528,0.21578 -0.48834,0.45427 -0.60192,0.38614 -0.6587,0.38613 -0.63598,0.44292 -3.98627,-7.99525 -6.01915,-12.11779 -3.50928,-6.95042 -2.28273,-7.07534 1.76032,-6.53021 1.8171,-6.53021 0.47699,-1.87388 0.17035,-0.44292 -0.61327,-0.24985 -1.26061,-0.47699 -1.28333,-0.47699 -0.44292,-0.19307 -10.16441,-4.19069 -18.19374,-37.88657 -11.65216,-24.1561 35.60384,-21.58944 14.3551,-10.38019 5.63302,2.37359 11.07296,4.69039 2.68023,-17.00126 z"
       id="Tidjikja"
       style="fill:#cccccc;stroke:#ffffff;stroke-width:1.13569;stroke-opacity:1"
       inkscape:label="Tidjikja - تجكجة" />
    <path
       d="m 818.15864,758.36172 -28.33543,-13.25349 -16.46749,-7.51826 -45.4389,2.8733 -48.89139,-13.36706 -6.12137,-1.71489 0.56785,-2.71429 5.06517,-27.2906 2.72565,-13.4352 -0.90855,-33.37788 -0.0114,-0.77227 -0.14764,-7.40469 -1.32875,-64.99546 230.72691,0.0227 -8.677,19.68149 -62.93994,123.25628 -19.73827,39.88538 z"
       id="Tichitt"
       style="fill:#cccccc;stroke:#ffffff;stroke-width:1.13569;stroke-opacity:1"
       inkscape:label="Tichitt - تيشيت" />
    <path
       d="m 634.81307,755.84049 5.17874,10.00542 -2.82787,3.69099 -13.62826,-1.26062 -9.77828,3.60013 -0.59056,0.0114 -0.12492,0.0114 -0.42021,0.0113 -0.37477,0.27257 -1.34012,0.56784 -2.14645,-0.90855 v 0 l -2.44173,-0.9994 -1.18111,-0.49971 -2.52123,-1.09026 -12.20866,-4.12255 -0.51106,-0.35206 -0.52241,-0.20442 -0.46563,-0.0909 -0.42021,-0.0795 -0.39749,-0.0568 -0.68141,-0.24985 -0.46564,-0.19307 -0.45427,-0.22714 -0.47699,-0.24985 -0.31799,-0.23849 -0.24985,-0.2385 -0.40885,-0.28392 -0.40885,-0.26121 -0.45428,-0.21578 -0.0341,-0.0227 -0.0227,-0.0341 -0.0114,-0.0114 -0.0227,-0.0114 -3.40707,-0.10221 -1.03347,0.0341 -4.73583,-9.52843 -9.9827,-10.03948 2.21459,-25.30315 1.32876,-15.02516 1.34011,-17.45553 -14.03711,-20.90803 23.86082,-25.08736 11.65216,24.1561 18.19374,37.88657 10.16441,4.19069 0.44292,0.19307 1.28333,0.47699 1.26061,0.47699 0.61327,0.24985 -0.17035,0.44292 -0.47699,1.87388 -1.8171,6.53021 -1.76032,6.53021 2.28273,7.07534 3.50928,6.95042 6.01915,12.11779 z"
       id="Moudjéria"
       style="fill:#cccccc;stroke:#ffffff;stroke-width:1.13569;stroke-opacity:1"
       inkscape:label="Moudjéria - المجرية" />
    <path
       d="m 101.15469,836.32027 -9.3e-4,0.042 -0.31726,24.4471 -1.752405,-0.032 -30.60665,-0.5431 -3.35739,-0.06 h -0.003 l -8.10237,-0.1438 -1.36423,26.0307 -14.12478,0.066 0.86501,-76.4541 3.46191,3.223 0.64853,-0.05 4.49582,-1.7029 5.84231,-3.6981 1.20748,-0.8062 0.25754,-0.808 0.68025,0.125 0.41244,0.035 -0.003,9e-4 1.18787,0.1783 -0.2902,1.6068 0.46656,-0.2771 0.10824,0.1596 0.12131,0.057 0.91633,0.3518 0.4535,0.181 0.0215,0.011 1.10482,-2.6127 0.0625,-0.1456 9.07376,2.5969 0.14183,0.035 -0.0438,0.1233 -0.8081,2.6407 -0.31912,-0.077 -0.13624,0.4862 -0.12597,0.3611 -0.4395,1.506 -0.0933,0.3453 -0.28181,0.7334 -1.4137,2.3291 -0.544,0.8352 -0.42831,0.7175 -0.13904,0.2296 -0.40591,0.6448 -0.56454,0.8995 -0.45256,0.7661 -9.5e-4,10e-4 -0.0709,0.1101 -0.0914,0.1419 0.029,0.016 1.88119,1.0422 1.47808,0.7708 0.65786,-1.0105 0.35739,0.1894 1.82427,-3.1027 5.99348,3.1866 1.94651,1.0078 3.22396,1.507 13.49119,9.1661 2.43266,1.648 z"
       id="Nouakchott-Sud"
       style="fill:#cccccc;stroke:#ffffff;stroke-width:1.13569;stroke-dasharray:none;stroke-opacity:1"
       inkscape:label="Nouakchott-Sud - انواكشوط الجنوبية" />
    <path
       d="m 63.545865,805.50087 -0.0625,0.1456 -1.10483,2.6128 -0.0215,-0.011 -0.4535,-0.1811 -0.91634,-0.3518 -0.1213,-0.057 -0.10823,-0.1596 -0.46656,0.2771 0.2902,-1.6067 -1.18788,-0.1783 0.002,-9e-4 -0.41244,-0.035 -0.68025,-0.1251 -0.25755,0.8081 -1.20746,0.8062 -5.84233,3.698 -4.49581,1.703 -0.64853,0.05 -3.4619,-3.2231 -0.32099,-9.9303 -4.33439,-32.156 -5.01557,-51.1048 1.99596,-26.80939 -0.36858,-1.38574 28.87101,-0.55233 29.01005,-0.55615 -4.56113,13.6187 -0.90887,52.06041 -0.098,5.6121 -9.85198,9.1434 -13.76832,6.9307 -0.015,0.9472 0.004,1.3185 -0.0186,1.2449 0.0206,1.1095 0.0186,1.1526 0.002,0.6943 0.008,0.3975 0.0215,0.5626 -0.002,1.0387 v 0.7139 l 0.47776,-0.086 0.003,0.035 0.40125,1.8682 0.20995,0.9939 0.21275,1.005 0.20623,1.034 0.19688,0.9677 0.16144,0.5198 0.79129,-0.308 0.27901,0.8314 0.27061,0.6542 0.0513,0.3564 -0.1633,0.016 0.0635,0.2221 -0.0374,0.182 -0.13811,0.7315 0.25009,0.058 0.0476,-0.052 0.17822,-0.068 0.30979,0.1456 0.44138,0.1669 0.30233,0.1298 0.46749,0.2864 0.37886,0.2828 0.19223,-0.2239 0.0933,0.068 0.0803,-0.08 h 0.042 l 1.98196,1.4305 0.12598,0.081 -0.93127,1.1495 -0.66532,0.8157 -0.014,0.018 -0.35365,0.4422 -1.72256,2.0436 -0.90327,1.3959 -0.0961,0.1372 -1.29052,1.6544 -0.58134,1.0293 z"
       id="Nouakchott-Ouest"
       style="fill:#cccccc;stroke:#ffffff;stroke-width:1.13569;stroke-dasharray:none;stroke-opacity:1"
       inkscape:label="Nouakchott-Ouest - انواكشوط الغربية" />
    <path
       d="m 101.15469,836.32027 v 0 l -1.437005,-0.9732 -2.43267,-1.648 -13.49119,-9.1661 -3.22395,-1.5069 -1.94652,-1.0079 -5.99348,-3.1866 -1.82427,3.1027 -0.35739,-0.1894 -0.65786,1.0105 -1.47807,-0.7708 -1.88119,-1.0422 -0.029,-0.016 0.0914,-0.1418 0.0709,-0.1102 h 9.4e-4 l 0.45256,-0.766 0.56454,-0.8996 0.40592,-0.6447 0.13903,-0.2297 0.42831,-0.7175 0.54401,-0.8352 1.41369,-2.3291 0.28181,-0.7334 0.0933,-0.3452 0.4395,-1.5061 0.12597,-0.3611 0.13624,-0.4862 0.31913,0.077 0.8081,-2.6407 0.0438,-0.1232 -0.14184,-0.035 -9.07375,-2.597 0.85195,-1.8466 0.58133,-1.0293 1.29052,-1.6544 0.0961,-0.1372 0.90327,-1.3959 1.72256,-2.0436 0.35366,-0.4422 0.014,-0.018 0.66532,-0.8157 0.93125,-1.1495 -0.12597,-0.081 -1.98196,-1.4305 h -0.042 l -0.0803,0.079 -0.0933,-0.068 -0.19222,0.2239 -0.37886,-0.2828 -0.46749,-0.2864 -0.30233,-0.1298 -0.44138,-0.167 -0.30979,-0.1455 -0.17823,0.068 -0.0476,0.052 -0.25008,-0.058 0.1381,-0.7315 0.0374,-0.182 -0.0635,-0.2221 0.16329,-0.016 -0.0513,-0.3564 -0.2706,-0.6542 -0.27901,-0.8314 -0.7913,0.308 -0.16143,-0.5198 -0.19689,-0.9676 -0.20622,-1.0341 -0.21275,-1.005 -0.20995,-0.9939 -0.40125,-1.8682 -0.003,-0.035 -0.47777,0.086 v -0.7139 l 0.002,-1.0387 -0.0215,-0.5626 -0.008,-0.3975 -0.002,-0.6943 -0.0186,-1.1526 -0.0206,-1.1095 0.0186,-1.2449 -0.005,-1.3185 0.0149,-0.9472 13.76832,-6.9307 9.85199,-9.1434 -0.28834,16.7404 v 0 l -0.0252,1.187 -0.002,0.1138 1.06936,1.0592 3.67653,3.6412 0.1325,0.1308 1.99784,1.9792 0.53654,0.5301 2.12008,3.2605 10.499525,16.1424 0.80621,1.2401 -5.7163,7.4892 -0.0261,2.0352 -0.0252,1.9885 -0.0597,4.6096 -0.002,0.1923 -0.0196,1.4939 -0.15303,11.9311 z"
       id="Nouakchott-Nord"
       style="fill:#cccccc;stroke:#ffffff;stroke-width:1.13569;stroke-dasharray:none;stroke-opacity:1"
       inkscape:label="Nouakchott-Nord - انواكشوط الشمالية" />
    <path
       d="m 375.62622,534.17679 25.92777,23.00905 18.92057,-0.0114 7.80218,13.94626 0.18171,0.59056 0.45428,0.84041 -0.21579,0.0341 -0.22713,0.0568 -0.21578,0.0568 -0.20443,0.0795 -0.21578,0.0909 -0.19307,0.0909 -0.19306,0.11356 -0.19307,0.12493 -0.17035,0.13628 -0.17036,0.13629 -0.15899,0.15899 -0.14764,0.159 -0.13629,0.17035 -0.12492,0.18171 -0.11357,0.19307 -0.10221,0.19307 -0.0909,0.19306 -0.0795,0.20443 -0.0568,0.20442 -0.0568,0.21578 -0.0341,0.21578 -0.0114,0.20443 -0.0114,0.21578 0.0114,0.21578 0.0114,0.21578 0.0341,0.21578 0.0568,0.21578 0.0568,0.20442 0.0795,0.20443 0.0909,0.19307 0.10221,0.19306 0.11357,0.19307 0.12492,0.17035 0.13629,0.17036 0.14764,0.17035 0.12492,0.12493 v 0.0113 l -0.0113,0.0114 v 0.0114 0.0113 h -0.0114 v 0.0114 l -0.0114,0.0114 v 0.0113 0.0114 l -0.0113,0.0114 v 0.0113 l -0.0114,0.0114 v 0.0114 0.0113 l -0.0114,0.0114 v 0.0114 0 l -0.0114,0.0114 v 0.0114 l -0.0113,0.0114 v 0.0114 0.0113 l -0.0114,0.0114 v 0.0114 l -0.0114,0.0113 v 0.0114 0.0114 l -0.0114,0.0113 v 0.0114 l -0.0114,0.0114 v 0.0113 0.0114 l -0.0114,0.0114 v 0.0114 l -0.0113,0.0113 v 0.0114 l -0.0114,0.0114 v 0.0114 0.0114 l -0.0114,0.0114 v 0.0113 l -0.0113,0.0114 v 0.0114 0.0113 h -0.0114 v 0.0114 l -0.0114,0.0114 v 0.0114 l -0.0113,0.0113 v 0.0114 0.0114 l -0.0114,0.0113 v 0.0114 l -0.0114,0.0114 v 0.0113 0.0114 h -0.0227 l 0.0113,0.0114 -0.0568,0.12492 v 0.0114 l -0.0114,0.0114 v 0.0113 0.0114 l -0.0114,0.0114 v 0.0113 l -0.0114,0.0114 v 0.0227 l -0.0114,0.0114 v 0.0114 0.0114 l -0.0113,0.0114 v 0.0114 l -0.0114,0.0114 v 0.0113 l -0.0114,0.0114 v 0.0114 0.0113 l -0.0114,0.0114 v 0.0114 l -0.0113,0.0113 v 0.0114 l -0.0114,0.0114 v 0.0113 l -0.0114,0.0114 v 0.0114 l -0.0113,0.0114 v 0.0113 l -0.0114,0.0114 v 0.0114 l -0.0114,0.0113 v 0.0114 h -0.0113 v 0.0114 l -0.0114,0.0113 -0.0114,0.0114 v 0.0114 l -0.0113,0.0113 v 0.0114 l -0.0114,0.0114 -0.0114,0.0114 v 0 l -0.0113,0.0113 -0.0114,0.0114 v 0.0114 l -0.0114,0.0113 -0.0114,0.0114 v 0.0114 l -0.0114,0.0113 -0.0114,0.0114 v 0.0114 h -0.0114 l -0.0113,0.0113 -0.0114,0.0114 v 0.0114 l -0.0114,0.0113 -0.0113,0.0114 v 0.0114 l -0.0114,0.0114 -0.0114,0.0113 -0.0113,0.0114 v 0.0114 l -0.0114,0.0113 h -0.0114 v 0.0114 l -0.0114,0.0114 -0.0114,0.0113 v 0.0114 l -0.0114,0.0114 -0.0114,0.0113 v 0.0114 l -0.0113,0.0114 h -0.0114 l -0.0114,0.0113 -0.0114,0.0114 v 0.0114 l -0.0114,0.0114 h -0.0114 l -0.0113,0.0113 -0.0114,0.0114 -0.0114,0.0114 v 0 l -0.0113,0.0113 -0.0114,0.0114 h -0.0114 l -0.0113,0.0114 -0.0114,0.0113 h -0.0114 l -0.0114,0.0114 -0.0113,0.0114 h -0.0114 l -0.0114,0.0113 h -0.0113 l -0.0114,0.0114 h -0.0114 l -0.0113,0.0114 h -0.0114 l -0.0114,0.0113 h -0.0113 l -0.0114,0.0114 h -0.0114 l -0.0114,0.0114 h -0.0113 l -0.0114,0.0114 h -0.0114 l -0.0113,0.0113 h -0.0114 l -0.0114,0.0114 h -0.0113 l -0.0114,0.0114 h -0.0114 l -0.0114,0.0113 h -0.0114 l -0.0114,0.0114 h -0.0113 l -0.0114,0.0114 h -0.0114 l -0.0114,0.0113 h -0.0114 l -0.0114,0.0114 h -0.0114 l -0.0113,0.0114 h -0.0114 l -0.0114,0.0113 h -0.0113 l -0.0114,0.0114 h -0.0114 l -0.0113,0.0114 h -0.0114 l -0.0114,0.0114 h -0.0114 l -0.0114,0.0113 h -0.0114 l -0.0114,0.0114 h -0.0113 l -0.0114,0.0114 h -0.0114 l -0.0113,0.0113 h -0.0114 l -0.0114,0.0114 h -0.0113 l -0.0114,0.0114 h -0.0114 l -0.0113,0.0113 h -0.0114 l -0.0114,0.0114 h -0.0113 l -0.0114,0.0114 h -0.0114 l -0.0114,0.0113 h -0.0113 l -0.0114,0.0114 h -0.0114 l -0.0114,0.0114 -0.0114,0.0113 h -0.0114 l -0.0113,0.0114 h -0.0114 l -0.0114,0.0114 h -0.0113 l -0.0114,0.0114 h -0.0114 l -0.0114,0.0113 h -0.0113 l -0.0114,0.0114 h -0.0114 l -0.0113,0.0114 h -0.0114 l -0.0114,0.0113 -0.0113,0.0114 h -0.0114 l -0.0114,0.0114 h -0.0114 l -0.0114,0.0113 h -0.0114 l -0.0113,0.0114 h -0.0114 l -0.0114,0.0114 h -0.0227 l -0.0114,0.0113 h -0.0114 l -0.0113,0.0114 h -0.0114 l -0.0114,0.0114 -0.0113,0.0113 h -0.0114 l -0.0114,0.0114 h -0.0113 l -0.0114,0.0114 h -0.0114 l -0.0113,0.0114 h -0.0114 l -0.0114,0.0113 h -0.0114 l -0.0113,0.0114 -0.0227,0.0114 h -0.0113 l -0.0114,0.0113 h -0.0114 l -0.0113,0.0114 h -0.0114 l -0.0114,0.0114 h -0.0113 l -0.0114,0.0113 -0.0114,0.0114 h -0.0114 l -0.0113,0.0114 h -0.0227 l -0.0113,0.0113 h -0.0114 l -0.0114,0.0114 h -0.0114 l -0.0114,0.0114 -0.0114,0.0114 h -0.0113 l -0.0114,0.0113 h -0.0114 l -0.0113,0.0114 h -0.0114 l -0.0114,0.0114 h -0.0227 l -0.0114,0.0113 -0.0114,0.0114 h -0.0113 l -0.0114,0.0114 h -0.0114 l -0.0113,0.0113 -0.0114,0.0114 h -0.0227 l -0.0114,0.0114 h -0.0114 l -0.0113,0.0113 h -0.0114 l -0.0114,0.0114 -0.0114,0.0114 h -0.0113 l -0.0227,0.0113 h -0.0113 l -0.0114,0.0114 h -0.0114 l -0.0113,0.0114 -0.0114,0.0114 h -0.0114 l -0.0113,0.0113 h -0.0227 l -0.0113,0.0114 h -0.0114 l -0.0114,0.0114 -0.0114,0.0113 h -0.0114 l -0.0114,0.0114 h -0.0114 l -0.0227,0.0114 -0.0114,0.0113 h -0.0113 l -0.0114,0.0114 h -0.0114 l -0.0113,0.0114 h -0.0114 l -0.0114,0.0113 -0.0227,0.0114 h -0.0114 l -0.0114,0.0114 h -0.0113 l -0.0114,0.0113 -0.0114,0.0114 h -0.0113 l -0.0114,0.0114 h -0.0227 l -0.0114,0.0114 h -0.0114 l -0.0113,0.0113 -0.0114,0.0114 h -0.0114 l -0.0114,0.0114 h -0.0227 l -0.0114,0.0113 h -0.0113 l -0.0114,0.0114 -0.0114,0.0114 h -0.0113 l -0.0114,0.0113 h -0.0114 l -0.0227,0.0114 -0.0114,0.0114 h -0.0113 l -0.0114,0.0113 h -0.0114 l -0.0114,0.0114 h -0.0113 l -0.0114,0.0114 -0.0114,0.0113 h -0.0227 l -0.0114,0.0114 h -0.0113 l -0.0114,0.0114 h -0.0114 l -0.0114,0.0114 -0.0114,0.0113 h -0.0114 l -0.0227,0.0114 h -0.0114 l -0.0114,0.0114 h -0.0113 l -0.0114,0.0113 -0.0114,0.0114 h -0.0113 l -0.0227,0.0114 h -0.0113 l -0.0114,0.0113 -0.0114,0.0114 h -0.0113 l -0.0114,0.0114 h -0.0114 l -0.0114,0.0114 -0.0227,0.0114 h -0.0114 l -0.0113,0.0114 h -0.0114 l -0.0114,0.0114 h -0.0113 l -0.0114,0.0113 -0.0227,0.0114 h -0.0114 l -0.0114,0.0114 h -0.0113 l -0.0114,0.0113 -0.0114,0.0114 h -0.0114 l -0.0113,0.0114 h -0.0114 l -0.0227,0.0113 h -0.0114 l -0.0114,0.0114 h -0.0114 l -0.0114,0.0114 -0.0114,0.0113 h -0.0113 l -0.0114,0.0114 h -0.0227 l -0.0114,0.0114 -0.0114,0.0113 h -0.0114 l -0.0113,0.0114 h -0.0114 l -0.0114,0.0114 h -0.0113 l -0.0114,0.0114 -0.0227,0.0113 h -0.0114 l -0.0114,0.0114 h -0.0113 l -0.0114,0.0114 h -0.0114 l -0.0113,0.0113 -0.0114,0.0114 h -0.0114 l -0.0227,0.0114 h -0.0114 l -0.0114,0.0113 h -0.0113 l -0.0114,0.0114 -0.0114,0.0114 h -0.0113 l -0.0114,0.0113 h -0.0114 l -0.0227,0.0114 h -0.0114 l -0.0114,0.0114 -0.0113,0.0113 h -0.0114 l -0.0114,0.0114 h -0.0114 l -0.0114,0.0114 h -0.0114 l -0.0113,0.0114 -0.0227,0.0113 h -0.0113 l -0.0114,0.0114 h -0.0114 l -0.0113,0.0114 h -0.0114 l -0.0114,0.0113 -0.0114,0.0114 h -0.0227 l -0.0114,0.0114 h -0.0113 l -0.0114,0.0114 h -0.0114 l -0.0113,0.0114 -0.0114,0.0114 h -0.0114 l -0.0227,0.0113 h -0.0114 l -0.0113,0.0114 h -0.0114 l -0.0114,0.0114 -0.0114,0.0113 h -0.0113 l -0.0114,0.0114 h -0.0227 l -0.0114,0.0114 -0.0114,0.0114 h -0.0113 l -0.0114,0.0113 h -0.0114 l -0.0113,0.0114 -0.0227,0.0114 h -0.0114 l -0.0114,0.0113 h -0.0114 l -0.0114,0.0114 -0.0113,0.0114 h -0.0227 l -0.0113,0.0113 h -0.0114 l -0.0114,0.0114 -0.0113,0.0114 h -0.0114 l -0.0227,0.0113 h -0.0114 l -0.0114,0.0114 -0.0114,0.0114 h -0.0113 l -0.0114,0.0114 h -0.0227 l -0.0114,0.0113 -0.0114,0.0114 h -0.0113 l -0.0114,0.0114 h -0.0114 l -0.0113,0.0113 -0.0227,0.0114 h -0.0113 l -0.0114,0.0114 h -0.0114 l -0.0114,0.0113 -0.0113,0.0114 h -0.0114 l -0.0227,0.0114 h -0.0114 l -0.0114,0.0113 h -0.0113 l -0.0114,0.0114 -0.0114,0.0114 h -0.0113 l -0.0114,0.0113 h -0.0227 l -0.0114,0.0114 h -0.0114 l -0.0114,0.0114 -0.0113,0.0114 h -0.0114 l -0.0114,0.0113 h -0.0113 l -0.0114,0.0114 h -0.0114 l -0.0114,0.0114 h -0.0114 l -0.0114,0.0114 h -0.0113 l -0.0114,0.0114 h -0.0114 l -0.0114,0.0114 h -0.0114 l -0.0114,0.0113 h -0.0114 l -0.0113,0.0114 h -0.0114 l -0.0114,0.0114 h -0.0113 l -0.0114,0.0113 h -0.0114 l -0.0113,0.0114 h -0.0114 l -0.0114,0.0114 h -0.0114 l -0.0114,0.0113 h -0.0114 l -0.0114,0.0114 h -0.0113 l -0.0114,0.0114 h -0.0114 l -0.0113,0.0114 h -0.0114 l -0.0114,0.0113 h -0.0113 l -0.0114,0.0114 -0.0114,0.0114 h -0.0113 l -0.0114,0.0113 h -0.0114 l -0.0113,0.0114 h -0.0114 l -0.0114,0.0114 h -0.0114 l -0.0113,0.0114 h -0.0114 l -0.0114,0.0114 h -0.0114 l -0.0114,0.0114 -0.0114,0.0113 h -0.0113 l -0.0114,0.0114 h -0.0227 l -0.0114,0.0114 h -0.0114 l -0.0113,0.0113 -0.0114,0.0114 h -0.0114 l -0.0114,0.0114 h -0.0113 l -0.0114,0.0114 h -0.0114 l -0.0113,0.0113 h -0.0114 l -0.0227,0.0114 -0.0114,0.0114 h -0.0114 l -0.0113,0.0113 h -0.0114 l -0.0114,0.0114 h -0.0114 l -0.0113,0.0114 -0.0114,0.0113 h -0.0114 l -0.0113,0.0114 h -0.0114 l -0.0114,0.0114 h -0.0227 l -0.0114,0.0113 -0.0113,0.0114 h -0.0114 l -0.0114,0.0114 h -0.0113 l -0.0114,0.0114 h -0.0114 l -0.0114,0.0114 -0.0114,0.0114 h -0.0114 l -0.0227,0.0114 h -0.0114 l -0.0114,0.0113 h -0.0113 l -0.0114,0.0114 -0.0114,0.0114 h -0.0113 l -0.0114,0.0113 h -0.0114 l -0.0114,0.0114 h -0.0114 l -0.0227,0.0114 -0.0113,0.0113 h -0.0114 l -0.0114,0.0114 h -0.0114 l -0.0114,0.0114 h -0.0114 l -0.0113,0.0113 h -0.0114 l -0.0114,0.0114 -0.0113,0.0114 h -0.0114 l -0.0114,0.0114 h -0.0227 l -0.0114,0.0113 h -0.0114 l -0.0113,0.0114 h -0.0114 l -0.0114,0.0114 -0.0113,0.0114 h -0.0114 l -0.0114,0.0114 h -0.0113 l -0.0114,0.0114 h -0.0114 l -0.0113,0.0113 h -0.0114 l -0.0227,0.0114 -0.0113,0.0114 h -0.0114 l -0.0114,0.0113 h -0.0113 l -0.0114,0.0114 h -0.0114 l -0.0113,0.0114 -0.0114,0.0113 h -0.0227 l -0.0114,0.0114 h -0.0114 l -0.0113,0.0114 -0.0114,0.0114 h -0.0114 l -0.0114,0.0113 h -0.0227 l -0.0114,0.0114 h -0.0113 l -0.0114,0.0114 -0.0114,0.0113 h -0.0113 l -0.0114,0.0114 h -0.0114 l -0.0227,0.0114 h -0.0114 l -0.0114,0.0113 -0.0114,0.0114 h -0.0114 l -0.0114,0.0114 h -0.0113 l -0.0227,0.0113 -0.0113,0.0114 h -0.0114 l -0.0114,0.0114 h -0.0113 l -0.0114,0.0114 -0.0114,0.0113 h -0.0227 l -0.0114,0.0114 h -0.0114 l -0.0113,0.0114 -0.0114,0.0113 h -0.0114 l -0.0227,0.0114 h -0.0114 l -0.0113,0.0114 -0.0114,0.0113 h -0.0114 l -0.0113,0.0114 h -0.0114 l -0.0227,0.0114 -0.0114,0.0113 h -0.0114 l -0.0114,0.0114 h -0.0113 l -0.0114,0.0114 -0.0114,0.0113 h -0.0227 l -0.0114,0.0114 h -0.0113 l -0.0114,0.0114 h -0.0114 l -0.0114,0.0114 -0.0114,0.0114 h -0.0227 l -0.0114,0.0114 h -0.0114 l -0.0114,0.0114 h -0.0113 l -0.0114,0.0113 -0.0114,0.0114 h -0.0113 l -0.0114,0.0114 h -0.0114 l -0.0113,0.0113 h -0.0114 l -0.0114,0.0114 h -0.0227 l -0.0114,0.0114 -0.0113,0.0113 h -0.0114 l -0.0114,0.0114 h -0.0114 l -0.0227,0.0114 -0.0114,0.0113 h -0.0113 l -0.0114,0.0114 h -0.0114 l -0.0227,0.0114 -0.0114,0.0114 h -0.0113 l -0.0114,0.0113 -0.0114,0.0114 h -0.0227 l -0.0114,0.0114 h -0.0114 l -0.0113,0.0113 -0.0114,0.0114 h -0.0114 l -0.0227,0.0114 h -0.0114 l -0.0113,0.0113 -0.0114,0.0114 h -0.0114 l -0.0113,0.0114 h -0.0114 l -0.0114,0.0113 h -0.0114 l -0.0113,0.0114 h -0.0114 l -0.0114,0.0114 v 0 h -0.0113 l -0.0114,0.0113 v 0 h -0.0114 l -0.0113,0.0114 h -0.0114 l -0.0114,0.0114 v 0 l -0.0113,0.0114 h -0.0114 l -0.36342,0.18171 -0.0114,0.0113 h -0.0114 v 0 l -0.0113,0.0114 h -0.0114 v 0.0114 h -0.0114 l -0.0113,0.0113 -0.0114,0.0114 h -0.0114 v 0 l -0.0113,0.0114 v 0 h -0.0114 l -0.0114,0.0113 v 0 l -0.0113,0.0114 v 0 h -0.0114 l -0.0114,0.0114 v 0 l -0.0113,0.0113 h -0.0114 v 0 l -0.0114,0.0114 h -0.0114 l -0.0113,0.0114 v 0 h -0.0114 l -0.0114,0.0114 h -0.0113 v 0.0113 h -0.0114 l -0.0114,0.0114 h -0.0113 v 0 l -0.0114,0.0114 h -0.0114 l -0.0113,0.0113 h -0.0114 l -0.0114,0.0114 v 0 l -0.0113,0.0114 h -0.0114 -0.0114 l -0.0114,0.0113 v 0 l -0.0113,0.0114 h -0.0114 l -0.0114,0.0114 h -0.0113 l -0.0114,0.0113 v 0 h -0.0114 l -0.0113,0.0114 h -0.0114 l -0.0114,0.0114 h -0.0114 v 0.0113 h -0.0114 l -0.0114,0.0114 h -0.0113 l -0.0114,0.0114 h -0.0114 l -0.0114,0.0114 h -0.0113 v 0 l -0.0114,0.0113 h -0.0114 l -0.0113,0.0114 h -0.0114 l -0.0114,0.0114 h -0.0113 v 0.0113 h -0.0114 l -0.0114,0.0114 h -0.0113 l -0.0114,0.0114 h -0.0114 -0.0114 v 0.0113 h -0.0113 l -0.0114,0.0114 h -0.0114 l -0.0113,0.0114 v 0 h -0.0114 l -0.0114,0.0113 h -0.0113 v 0.0114 h -0.0114 -0.0114 v 0.0114 h -0.0113 -0.0114 v 0.0114 h -0.0114 l -0.0113,0.0114 h -0.0114 v 0 l -0.0114,0.0114 h -0.0114 v 0 l -0.0113,0.0114 h -1e-4 v 0.0113 h -0.0114 -0.0113 v 0.0114 h -0.0114 l -0.0114,0.0114 v 0 h -0.0114 v 0.0113 h -0.0114 v 0.0114 h -0.0114 v 0 l -0.0113,0.0114 h -0.0114 v 0.0113 h -0.0114 v 0 l -0.0113,0.0114 v 0 l -0.0114,0.0114 v 0 l -0.0114,0.0113 v 0 l -0.0114,0.0114 -0.0113,0.0114 h -0.0114 -0.0114 v 0.0114 h -0.0113 l -0.0114,0.0113 v 0 l -0.0114,0.0114 -0.0113,0.0114 h -0.0114 l -0.0114,0.0113 -0.0113,0.0114 h -0.0114 l -0.0114,0.0114 v 0 l -0.0114,0.0113 -0.0681,0.0568 -1.35147,1.09026 v 0 l -0.20442,0.12492 -0.0227,0.0341 h -0.0114 l -0.0114,0.0113 -0.0113,0.0114 -0.0114,0.0114 h -0.0114 l -0.0113,0.0113 -0.0114,0.0114 -0.0114,0.0114 v 0 l -0.0114,0.0114 -0.0113,0.0114 -0.0114,0.0114 h -0.0114 l -0.0114,0.0113 -0.0114,0.0114 h -0.0114 l -0.0113,0.0114 -0.0114,0.0113 -0.0114,0.0114 v 0 l -0.0113,0.0114 -0.0114,0.0114 -0.0114,0.0113 h -0.0113 l -0.0114,0.0114 -0.0114,0.0114 v 0 l -0.0114,0.0113 -0.0113,0.0114 h -0.0114 l -0.0114,0.0114 -0.0113,0.0113 h -0.0114 v 0.0114 l -0.0114,0.0114 -0.0114,0.0113 h -0.0114 l -0.0114,0.0114 -0.0113,0.0114 h -0.0114 l -0.0114,0.0113 v 0.0114 l -0.0114,0.0114 h -0.0113 l -0.0114,0.0114 -0.0114,0.0113 h -0.0113 l -0.0114,0.0114 -0.0114,0.0114 -0.0113,0.0113 v 0 l -0.0114,0.0114 -0.0114,0.0114 -0.0113,0.0113 h -0.0114 l -0.0114,0.0114 -0.0113,0.0114 -0.0114,0.0113 h -0.0114 l -0.0114,0.0114 -0.0113,0.0114 -0.0114,0.0114 h -0.0114 v 0.0113 l -0.0113,0.0114 -0.0114,0.0114 -0.0114,0.0114 h -0.0113 l -0.0114,0.0114 -0.0114,0.0114 -0.0113,0.0113 -0.0114,0.0114 h -0.0114 l -0.0114,0.0114 -0.0114,0.0113 -0.0114,0.0114 h -0.0114 l -0.0113,0.0114 -0.0114,0.0113 v 0.0114 l -0.0114,0.0114 h -0.0114 l -0.0114,0.0114 -0.0114,0.0113 -0.0113,0.0114 h -0.0114 l -0.0114,0.0114 -0.0113,0.0113 v 0.0114 h -0.0114 l -0.0114,0.0114 -0.0114,0.0113 -0.0113,0.0114 h -0.0114 l -0.0114,0.0114 -0.0113,0.0113 v 0 l -0.0114,0.0114 -0.0114,0.0114 h -0.0113 l -0.0114,0.0113 -0.0114,0.0114 h -0.0113 v 0.0114 l -0.0114,0.0114 h -0.0114 l -0.0113,0.0113 -0.0114,0.0114 v 0 l -0.0114,0.0114 h -0.0114 l -0.0113,0.0113 v 0.0114 h -0.0114 l -0.0114,0.0114 h -0.0113 v 0.0113 h -0.0114 l -0.0114,0.0114 v 0 l -0.0113,0.0114 h -0.0114 v 0.0113 h -0.0114 v 0.0114 h -0.0113 l -0.0114,0.0114 -0.0114,0.0454 -0.0113,0.0113 h -0.0114 l -0.0114,0.0114 -0.0114,0.0114 -0.0114,0.0113 -0.0114,0.0114 h -0.0114 l -0.0113,0.0114 -0.0114,0.0113 v 0 l -0.0114,0.0114 -0.0113,0.0114 -0.0114,0.0113 h -0.0114 l -0.0113,0.0114 -0.0114,0.0114 h -0.0114 v 0.0114 l -0.0114,0.0113 -0.0114,0.0114 h -0.0114 l -0.0114,0.0114 v 0 l -0.0113,0.0114 -0.0114,0.0114 h -0.0114 v 0.0114 h -0.0113 -0.0114 v 0.0113 h -0.0114 l -0.0113,0.0114 h -0.0114 v 0.0114 h -0.0114 -0.0113 v 0.0113 h -0.0114 -0.0114 v 0.0114 h -0.0114 v 0.0114 h -0.0113 -0.0114 v 0.0113 h -0.0114 l -0.0113,0.0114 v 0 l -0.0114,0.0114 v 0 l -0.0114,0.0114 h -0.0113 v 0 l -0.0114,0.0113 -0.0114,0.0114 v 0 l -0.0113,0.0114 -0.0114,0.0113 v 0 h -0.0114 v 0.0114 h -0.0113 l -0.0114,0.0114 v 0 l -0.0114,0.0113 -0.0114,0.0114 v 0 l -0.0113,0.0114 h -0.0114 l -0.0114,0.0113 v 0.0114 h -0.0113 l -0.0114,0.0114 -0.0114,0.0113 h -0.0113 l -0.0114,0.0114 -0.0114,0.0114 -0.0114,0.0114 h -0.0114 l -0.0114,0.0113 -0.0113,0.0114 -0.0114,0.0114 v 0.0113 h -0.0114 l -0.0114,0.0114 -0.0113,0.0114 -0.0114,0.0113 -0.0227,0.0114 h -0.0114 l -0.0114,0.0114 -0.0113,0.0113 -0.0114,0.0114 -0.0114,0.0114 -0.0113,0.0114 -0.0114,0.0114 -0.0114,0.0114 -0.0113,0.0114 -0.0227,0.0113 -0.0114,0.0114 -0.0113,0.0114 -0.0114,0.0113 h -0.0114 l -0.0227,0.0114 -0.0114,0.0114 -0.0113,0.0113 -0.0114,0.0114 -0.0114,0.0114 -0.0227,0.0113 -0.0114,0.0114 -0.0114,0.0114 -0.0113,0.0114 -0.0227,0.0113 -0.0113,0.0114 -0.0114,0.0114 -0.0114,0.0113 -0.0227,0.0227 -0.0114,0.0113 -0.0113,0.0114 -0.0114,0.0114 -0.0227,0.0113 -0.0114,0.0114 -0.0114,0.0114 -0.0114,0.0113 -0.0227,0.0114 -0.0114,0.0114 -0.0113,0.0114 -0.0114,0.0113 -0.0227,0.0114 -0.0114,0.0114 -0.0114,0.0113 -0.0113,0.0114 -0.0227,0.0114 -0.0113,0.0113 -0.0114,0.0114 -0.0114,0.0114 -0.0227,0.0113 -0.0114,0.0114 -0.0114,0.0114 -0.0113,0.0113 -0.0227,0.0114 -0.0113,0.0114 -0.0114,0.0227 -0.0114,0.0114 -0.0227,0.0114 -0.0114,0.0113 -0.0113,0.0114 -0.0114,0.0114 -0.0227,0.0113 -0.0114,0.0114 -1.10162,0.91991 -0.0114,0.0114 -0.0113,0.0113 -0.0114,0.0114 -0.0227,0.0114 -0.0114,0.0113 -0.0114,0.0114 -0.0227,0.0114 -0.0114,0.0113 -0.0114,0.0114 -0.0113,0.0114 -0.0227,0.0113 -0.0113,0.0114 -0.0114,0.0114 -0.0114,0.0114 -0.0227,0.0114 -0.0114,0.0227 -0.0114,0.0113 -0.0113,0.0114 -0.0227,0.0114 -0.0113,0.0113 -0.0114,0.0114 -0.0227,0.0114 -0.0114,0.0113 -0.0114,0.0114 -0.0227,0.0114 -0.0114,0.0113 -0.0113,0.0114 -0.0227,0.0114 -0.0114,0.0113 -0.0113,0.0227 -0.0227,0.0114 -0.0114,0.0113 -0.0114,0.0114 -0.0227,0.0114 -0.0114,0.0113 -0.0114,0.0114 -0.0227,0.0114 -0.0114,0.0113 -0.0113,0.0114 -0.0114,0.0114 -0.0227,0.0113 -0.0113,0.0227 -0.0114,0.0114 -0.0227,0.0113 -0.0114,0.0114 -0.0114,0.0114 -0.0227,0.0113 -0.0114,0.0114 -0.0113,0.0114 -0.0227,0.0113 -0.0113,0.0114 -0.0227,0.0114 -0.0114,0.0114 -0.0113,0.0114 -0.0227,0.0227 -0.0113,0.0114 -0.0114,0.0114 -0.0227,0.0114 -0.0114,0.0113 -0.0114,0.0114 -0.0227,0.0114 -0.0114,0.0113 -0.0114,0.0114 -0.0227,0.0114 -0.0114,0.0113 -0.0113,0.0114 -0.0114,0.0114 -0.0227,0.0113 -0.0114,0.0114 h -0.0114 l -0.0113,0.0114 -0.0227,0.0113 -0.0114,0.0114 -0.0114,0.0114 -0.0114,0.0114 h -0.0114 l -0.0227,0.0113 -0.0114,0.0114 -0.0114,0.0114 h -0.0114 l -0.0227,0.0113 -0.0114,0.0114 -0.0114,0.0114 h -0.0227 l -0.0114,0.0113 -0.0113,0.0114 -0.0227,0.0114 -0.0114,0.0113 h -0.0113 l -0.0114,0.0114 -0.0227,0.0114 -0.0114,0.0114 h -0.0114 l -0.0227,0.0113 -0.0114,0.0114 -0.0113,0.0114 -0.0227,0.0113 h -0.0113 l -0.0114,0.0114 -0.0227,0.0114 -0.0113,0.0114 -0.0114,0.0114 -0.0227,0.0114 h -0.0114 l -0.0114,0.0113 -0.5792,0.36342 -0.0114,0.0114 -0.0227,0.0114 -0.0114,0.0113 -0.0113,0.0114 -0.0227,0.0114 -0.0113,0.0114 h -0.0114 l -0.0227,0.0114 -0.0114,0.0114 -0.0114,0.0114 -0.0227,0.0113 -0.0114,0.0114 -0.0114,0.0114 h -0.0227 l -0.0114,0.0113 -0.0113,0.0114 -0.0227,0.0114 -0.0113,0.0113 -0.0114,0.0114 h -0.0227 l -0.0114,0.0114 -0.0114,0.0114 -0.0227,0.0113 -0.0114,0.0114 -0.0114,0.0114 -0.0227,0.0113 -0.0114,0.0114 h -0.0113 l -0.0227,0.0114 -0.40884,0.2612 -0.0114,0.0114 -0.0227,0.0114 h -0.0113 l -0.0114,0.0114 -0.0227,0.0113 -0.0114,0.0114 -0.0114,0.0114 h -0.0227 l -0.0114,0.0113 -0.0113,0.0114 -0.0227,0.0114 -0.0113,0.0113 -0.0114,0.0114 -0.0227,0.0114 h -0.0114 l -0.0227,0.0113 -0.0113,0.0114 -0.0114,0.0114 -0.0227,0.0113 -0.0114,0.0114 h -0.0227 l -0.0114,0.0114 -0.0114,0.0114 -0.0227,0.0113 -0.0114,0.0114 -0.0114,0.0114 h -0.0227 l -0.0114,0.0113 -0.0227,0.0114 -0.0114,0.0114 -0.0113,0.0113 -0.0227,0.0114 h -0.0113 l -0.0114,0.0114 -0.0227,0.0113 -0.0113,0.0114 h -0.0114 l -0.0114,0.0114 -0.0227,0.0114 -0.0114,0.0113 h -0.0113 l -0.0227,0.0114 -0.0113,0.0114 -0.0114,0.0113 -0.0227,0.0114 h -0.0114 l -0.0114,0.0114 -0.0114,0.0113 h -0.0227 l -0.0114,0.0114 -0.0113,0.0114 -0.0227,0.0113 -0.0113,0.0114 h -0.0114 l -0.0227,0.0114 -0.0114,0.0113 -0.0114,0.0114 -0.0227,0.0114 h -0.0114 l -0.0114,0.0114 -0.0227,0.0113 -0.0114,0.0114 -0.0227,0.0114 -0.0114,0.0113 -0.0113,0.0114 -0.0227,0.0114 -0.0113,0.0113 -0.0114,0.0114 -0.0227,0.0114 -0.0113,0.0113 -0.0114,0.0114 -0.0114,0.0114 -0.0227,0.0113 -0.0114,0.0227 -0.0113,0.0114 -0.0114,0.0113 -0.0227,0.0114 -0.0114,0.0227 -0.0114,0.0114 -0.0113,0.0114 -0.0227,0.0227 -0.0114,0.0114 -0.0113,0.0113 -0.0454,0.0454 -0.0114,0.0114 -0.0227,0.0227 -0.0114,0.0114 -0.0113,0.0114 -0.0114,0.0113 -0.0227,0.0227 -0.0114,0.0113 -0.0114,0.0114 -0.0114,0.0227 -0.0227,0.0114 -0.0114,0.0114 -0.0113,0.0114 -0.0227,0.0227 -0.0113,0.0114 -0.0114,0.0113 -0.0114,0.0227 -0.0227,0.0113 -0.0114,0.0114 -0.0113,0.0114 -0.0114,0.0113 -0.0114,0.0227 -0.0227,0.0113 -0.0114,0.0114 -0.0114,0.0114 -0.0113,0.0114 -0.0114,0.0227 -0.0227,0.0114 -0.0114,0.0113 -0.0114,0.0114 -0.0113,0.0227 -0.0114,0.0114 -0.0227,0.0114 -0.0113,0.0113 -0.0114,0.0227 -0.0114,0.0113 -0.0227,0.0114 -0.0114,0.0114 -0.0113,0.0114 -0.0114,0.0227 -0.0114,0.0114 -0.0227,0.0113 -0.0114,0.0114 -0.0113,0.0227 -0.0114,0.0114 -0.0114,0.0114 -0.0114,0.0113 -0.0113,0.0114 -0.0114,0.0227 -0.0114,0.0113 -0.0113,0.0114 -0.0114,0.0114 v 0.0113 l -0.0114,0.0114 -0.0114,0.0114 -0.0114,0.0227 -0.0114,0.0114 -0.0113,0.0113 -0.0114,0.0114 -0.0114,0.0114 -0.0113,0.0114 -0.0114,0.0114 v 0.0114 l -0.0114,0.0114 -0.0114,0.0113 -0.0113,0.0114 -0.0114,0.0114 -0.0114,0.0113 v 0.0114 l -0.0113,0.0227 -0.0114,0.0114 -0.0114,0.0114 -0.0113,0.0113 -0.0114,0.0114 -0.0114,0.0114 -0.0113,0.0113 -0.0114,0.0227 -0.0114,0.0114 v 0.0113 l -0.0113,0.0114 -0.0114,0.0114 -0.0114,0.0113 -0.0114,0.0227 -0.0113,0.0113 -0.0114,0.0114 -0.0114,0.0114 -0.0113,0.0113 -0.0114,0.0227 -0.0114,0.0113 -0.0113,0.0114 -0.0114,0.0114 -0.0227,0.0227 -0.0114,0.0114 -0.0114,0.0114 -0.0114,0.0227 -0.0113,0.0114 -0.0114,0.0114 -0.0114,0.0114 -0.0114,0.0227 -0.0114,0.0114 -0.0114,0.0114 -0.0113,0.0227 -0.0114,0.0114 -0.0114,0.0114 -0.0113,0.0113 -0.0114,0.0227 -0.0227,0.0113 -0.0114,0.0114 -0.0114,0.0227 -0.0114,0.0114 -0.0113,0.0114 -0.0114,0.0114 -0.0114,0.0227 -0.0113,0.0114 -0.0114,0.0113 -0.0114,0.0227 -0.0113,0.0113 -0.0114,0.0114 -0.0114,0.0227 -0.0113,0.0114 -0.0114,0.0114 -0.0114,0.0227 -0.0113,0.0114 -0.0227,0.0113 -0.0114,0.0227 -0.0113,0.0114 -0.0114,0.0113 -0.0114,0.0227 -0.0113,0.0114 -0.0114,0.0114 -0.0114,0.0227 -0.0114,0.0114 -0.0114,0.0114 -0.0114,0.0227 -0.0113,0.0114 -0.0114,0.0113 -0.0114,0.0227 -0.0113,0.0114 -0.0227,0.0113 -0.0114,0.0227 -0.0113,0.0113 -0.0114,0.0114 -0.0114,0.0114 -0.0113,0.0227 -0.0114,0.0114 -0.0114,0.0113 -0.0113,0.0227 -0.0114,0.0114 -0.0114,0.0113 -0.0114,0.0227 -0.0114,0.0113 -0.0114,0.0114 -0.0114,0.0227 -0.0227,0.0114 -0.0114,0.0114 -0.0113,0.0227 -0.0114,0.0114 -0.0114,0.0113 -0.0113,0.0227 -0.0114,0.0114 -0.0114,0.0113 -0.0113,0.0227 -0.0114,0.0113 -0.0114,0.0114 -0.0113,0.0227 -0.0114,0.0114 -0.0227,0.0114 -0.0113,0.0227 -0.0114,0.0114 -0.0114,0.0113 -0.0114,0.0227 -0.0114,0.0114 -0.0114,0.0113 -0.0113,0.0227 -0.0114,0.0114 -0.0114,0.0114 -0.0113,0.0227 -0.0114,0.0114 -0.0114,0.0114 -0.0227,0.0227 -0.0114,0.0114 -0.0114,0.0113 -0.0113,0.0227 -0.0114,0.0114 -0.0114,0.0113 -0.0113,0.0227 -0.0114,0.0113 -0.0114,0.0114 -0.0114,0.0227 -0.0114,0.0114 -0.0114,0.0114 -0.0113,0.0227 -0.0114,0.0114 -0.0114,0.0114 -0.0227,0.0227 -0.0114,0.0114 -0.0114,0.0113 -0.0113,0.0227 -0.0114,0.0113 -0.0114,0.0114 -0.0113,0.0227 -0.0114,0.0114 -0.0114,0.0114 -0.0113,0.0227 -0.0114,0.0114 -0.0114,0.0114 -0.0113,0.0227 -0.0114,0.0114 -0.0227,0.0113 -0.0113,0.0114 -0.0114,0.0227 -0.0114,0.0114 -0.0113,0.0114 -0.0114,0.0113 v 0.0114 l -0.0114,0.0227 -0.0113,0.0114 -0.0114,0.0114 -0.0114,0.0114 -0.0113,0.0113 -0.0114,0.0227 -0.0114,0.0113 -0.0114,0.0114 -0.0114,0.0114 -0.0114,0.0113 -0.0114,0.0227 -0.0113,0.0113 -0.0114,0.0114 -0.0114,0.0114 -0.0114,0.0114 -0.0114,0.0227 -0.0114,0.0114 -0.0113,0.0113 -0.0114,0.0114 -0.0114,0.0114 -0.0113,0.0113 v 0.0114 l -0.0114,0.0114 -0.0114,0.0113 -0.0113,0.0114 v 0.0114 l -0.0114,0.0113 -0.0114,0.0114 -0.0114,0.0114 -0.0113,0.0114 v 0.0113 l -0.0114,0.0114 -0.0114,0.0114 -0.0113,0.0113 -0.0114,0.0114 -0.0114,0.0114 v 0.0113 l -0.0113,0.0114 -0.0114,0.0114 -0.0114,0.0227 -0.0113,0.0114 -0.0114,0.0113 -0.0114,0.0114 -0.0114,0.0114 v 0.0114 l -0.0113,0.0113 -0.0114,0.0114 -0.0114,0.0114 -0.0113,0.0113 -0.0114,0.0114 -0.0114,0.0227 -0.0113,0.0114 -0.0114,0.0114 v 0.0113 l -0.0114,0.0114 -0.0113,0.0114 -0.0114,0.0113 -0.0114,0.0114 -0.0113,0.0227 -0.0114,0.0113 -0.0114,0.0114 -0.0114,0.0114 -0.0114,0.0113 -0.0114,0.0114 -0.0114,0.0227 -0.0113,0.0114 -0.0114,0.0114 -0.0114,0.0113 -0.0113,0.0114 v 0.0114 l -0.0114,0.0227 -0.0114,0.0114 -0.0113,0.0114 -0.0114,0.0113 -0.0114,0.0114 -0.0114,0.0227 -0.0114,0.0114 -0.0114,0.0114 -0.0114,0.0113 -0.0113,0.0114 -0.0114,0.0227 -0.0114,0.0114 -0.0113,0.0114 -0.0114,0.0114 -0.0114,0.0227 -0.0113,0.0114 -0.0114,0.0113 -0.0114,0.0114 -0.0113,0.0227 -0.0114,0.0114 -0.0114,0.0114 -0.0113,0.0113 -0.0114,0.0114 -0.0114,0.0227 -0.0114,0.0114 -0.0113,0.0114 -0.0114,0.0114 -0.0114,0.0227 -0.0113,0.0114 -0.0114,0.0113 -0.0114,0.0114 -0.0113,0.0114 -0.0114,0.0227 -0.0114,0.0114 -0.0113,0.0113 -0.0114,0.0114 -0.0114,0.0227 -0.0114,0.0114 -0.0113,0.0114 -0.0114,0.0114 -0.0114,0.0113 -0.0113,0.0227 -0.0114,0.0113 -0.0114,0.0114 -0.0113,0.0114 v 0.0113 l -0.0114,0.0114 -0.0114,0.0227 -0.0114,0.0114 -0.0114,0.0114 -0.0114,0.0114 -0.0113,0.0113 -0.0114,0.0114 -0.0114,0.0227 -0.0114,0.0114 -0.0113,0.0114 -0.0114,0.0113 -0.0114,0.0114 -0.0113,0.0114 -0.0114,0.0227 -0.0114,0.0114 -0.0113,0.0113 -0.0114,0.0114 -0.0114,0.0114 v 0.0227 l -0.0113,0.0114 -0.0114,0.0114 -0.0114,0.0113 -0.0113,0.0114 -0.0114,0.0227 -0.0114,0.0114 -0.0114,0.0114 -0.0113,0.0113 -0.0114,0.0114 -0.0114,0.0227 -0.0113,0.0114 -0.0114,0.0114 -0.0114,0.0114 -0.0113,0.0227 -0.0114,0.0114 -0.0114,0.0113 -0.0113,0.0114 -0.0114,0.0227 -0.0114,0.0114 -0.0113,0.0114 -0.0114,0.0227 -0.0114,0.0114 -0.0114,0.0113 -0.0113,0.0114 -0.0114,0.0227 -0.0114,0.0113 -0.0227,0.0114 -0.0114,0.0114 -0.0113,0.0227 -0.0114,0.0114 -0.0114,0.0113 -0.0113,0.0114 -0.0114,0.0227 -0.0114,0.0114 -0.0114,0.0114 -0.0113,0.0227 -0.0114,0.0114 -0.0114,0.0114 -0.0113,0.0227 -0.0114,0.0114 -0.0114,0.0113 -0.0113,0.0114 -0.0114,0.0227 -0.0114,0.0114 -0.0113,0.0114 -0.0114,0.0227 -0.0114,0.0114 -0.0227,0.0114 -0.0114,0.0227 -0.0114,0.0114 -0.0113,0.0113 -0.0114,0.0227 -0.0114,0.0114 -0.0113,0.0114 -0.0114,0.0227 -0.0114,0.0114 -0.0113,0.0114 -0.0114,0.0227 -0.0114,0.0114 -0.0227,0.0114 -0.0114,0.0227 -0.0113,0.0114 -0.0114,0.0113 -0.0114,0.0227 -0.0114,0.0113 -0.0114,0.0114 -0.0114,0.0227 -0.0114,0.0114 -0.0113,0.0227 -0.0114,0.0113 -0.0114,0.0114 -0.0227,0.0227 -0.0114,0.0114 -0.0113,0.0114 -0.0114,0.0113 -0.0114,0.0227 -0.0114,0.0113 -0.0113,0.0114 -0.0114,0.0227 -0.0114,0.0114 -0.0113,0.0114 -0.0114,0.0114 -0.0114,0.0227 -0.0113,0.0114 -0.0114,0.0114 -0.0114,0.0114 -0.0113,0.0227 -0.0114,0.0114 -0.0114,0.0114 -0.0113,0.0113 -0.0114,0.0114 -0.0114,0.0227 -0.0114,0.0114 -0.0113,0.0114 -0.0114,0.0114 -0.0114,0.0227 -0.0113,0.0114 -0.0114,0.0113 -0.0114,0.0114 -0.0113,0.0227 -0.0114,0.0114 -0.0114,0.0114 -0.0113,0.0227 -0.0114,0.0114 -0.0114,0.0113 -0.0113,0.0114 -0.0114,0.0227 -0.0114,0.0113 -0.0114,0.0114 -0.0113,0.0227 -0.0114,0.0114 -0.0114,0.0114 -0.0227,0.0227 -0.0114,0.0114 -0.0113,0.0113 -0.0114,0.0227 -0.0114,0.0114 -0.0114,0.0114 -0.0114,0.0114 -0.0114,0.0227 -0.0113,0.0114 -0.0114,0.0114 -0.0114,0.0227 -0.0114,0.0114 -0.0114,0.0113 -0.0114,0.0227 -0.0114,0.0113 -0.0113,0.0114 -0.0114,0.0114 -0.0114,0.0227 -0.0227,0.0114 -0.0114,0.0114 -0.0113,0.0227 -0.0114,0.0114 -0.0114,0.0113 -0.0114,0.0227 -0.0113,0.0113 -0.0114,0.0114 -0.0114,0.0227 -0.0113,0.0114 -0.0114,0.0114 -0.0114,0.0227 -0.0113,0.0114 -0.0114,0.0114 -0.0114,0.0113 -0.0113,0.0227 -0.0114,0.0113 -0.0227,0.0114 -0.0114,0.0227 -0.0114,0.0114 -0.0114,0.0114 -0.0113,0.0113 -0.0114,0.0227 -0.0114,0.0114 -0.0113,0.0113 -0.0114,0.0227 -0.0114,0.0113 -0.0114,0.0114 -0.0114,0.0227 -0.0114,0.0114 -0.0113,0.0114 -0.0114,0.0113 -0.0114,0.0227 -0.0113,0.0114 -0.0114,0.0114 -0.0114,0.0227 -0.0114,0.0113 -0.0113,0.0114 -0.0114,0.0114 -0.0114,0.0227 -0.0227,0.0114 -0.0114,0.0113 -0.0113,0.0227 -0.0114,0.0113 -0.0114,0.0114 -0.0114,0.0114 -0.0114,0.0227 -0.0114,0.0114 -0.0113,0.0114 -0.0114,0.0113 -0.0114,0.0227 -0.0114,0.0113 -0.0113,0.0114 -0.0114,0.0114 -0.0114,0.0113 -0.0113,0.0227 -0.0114,0.0113 v 0.0114 l -0.0114,0.0114 -0.0113,0.0114 -0.0114,0.0113 -0.0114,0.0114 -0.0113,0.0227 -0.0114,0.0114 -0.0114,0.0114 -0.0114,0.0113 -0.0113,0.0114 v 0.0114 l -0.0114,0.0113 -0.0114,0.0114 -0.0114,0.0114 -0.0114,0.0227 -0.0114,0.0114 -0.0113,0.0114 -0.0114,0.0113 v 0.0114 l -0.0114,0.0114 h -0.0113 l -0.0114,0.0113 v 0.0114 l -0.0114,0.0114 v 0.0113 l -0.0113,0.0114 h -0.0114 v 0.0114 l -0.0114,0.0113 -0.0114,0.0114 -0.0113,0.0114 -0.0114,0.0114 v 0.0113 l -0.0114,0.0114 -0.0113,0.0114 -0.0114,0.0113 -0.0114,0.0114 -0.0114,0.0114 -0.0114,0.0113 v 0.0227 l -0.0114,0.0113 -0.0113,0.0114 -0.0114,0.0114 -0.0114,0.0113 -0.0113,0.0114 -0.0114,0.0227 -0.0114,0.0113 -0.0114,0.0114 -0.0113,0.0114 -0.0114,0.0113 -0.0114,0.0227 -0.0113,0.0113 -0.0114,0.0114 -0.0114,0.0114 -0.0113,0.0113 -0.0114,0.0114 -0.0114,0.0227 -0.0113,0.0114 -0.0114,0.0114 v 0.0114 l -0.0114,0.0113 -0.0113,0.0114 -0.0114,0.0114 -0.0114,0.0113 -0.0114,0.0114 -0.0113,0.0114 v 0.0113 l -0.0114,0.0114 -0.0114,0.0114 -0.0113,0.0113 -0.0114,0.0114 -0.0114,0.0114 v 0.0114 l -0.0113,0.0113 -0.0114,0.0227 -0.0114,0.0113 -0.0114,0.0114 -0.0114,0.0114 -0.0114,0.0113 -0.0114,0.0114 v 0.0114 l -0.0113,0.0113 -0.0114,0.0114 -0.0114,0.0114 -0.0114,0.0227 -0.0114,0.0114 -0.0114,0.0114 -0.0113,0.0113 -0.0114,0.0114 -0.0114,0.0114 -0.0113,0.0227 -0.0114,0.0114 -0.0114,0.0113 -0.0113,0.0114 -0.0114,0.0114 -0.0114,0.0227 -0.0114,0.0114 -0.0113,0.0113 -0.0114,0.0114 v 0.0114 l -0.0114,0.0114 -0.0113,0.0227 -0.0114,0.0114 -0.0114,0.0113 -0.0113,0.0114 -0.0114,0.0114 -0.0114,0.0227 -0.0113,0.0114 -0.0114,0.0113 -0.0114,0.0114 -0.0113,0.0114 -0.0114,0.0227 -0.0114,0.0114 -0.0114,0.0114 -0.0113,0.0113 -0.0114,0.0227 -0.0114,0.0113 -0.0113,0.0114 -0.0114,0.0114 -0.0114,0.0113 -0.0114,0.0227 -0.0114,0.0113 -0.0114,0.0114 -0.0113,0.0114 -0.0114,0.0227 -0.0114,0.0114 -0.0114,0.0114 -0.0114,0.0113 -0.0114,0.0227 -0.0114,0.0113 -0.0113,0.0114 -0.0114,0.0227 -0.0114,0.0114 -0.0113,0.0114 -0.0114,0.0113 -0.0114,0.0227 -0.0113,0.0114 -0.0114,0.0113 -0.0114,0.0114 -0.0114,0.0227 -0.0114,0.0114 -0.0227,0.0114 -0.0113,0.0227 -0.0114,0.0114 -0.0114,0.0114 -0.0113,0.0114 -0.0114,0.0227 -0.0114,0.0114 -0.0113,0.0114 -0.0114,0.0227 -0.0114,0.0114 -0.0113,0.0114 -0.0114,0.0113 -0.0114,0.0227 -0.0113,0.0113 -0.0114,0.0114 -0.0114,0.0227 -0.0114,0.0114 -0.0113,0.0114 -0.0114,0.0227 -0.0227,0.0114 -0.0114,0.0114 -0.0114,0.0227 -0.0113,0.0114 -0.0114,0.0113 -0.0114,0.0114 -0.0113,0.0227 -0.0114,0.0114 -0.0114,0.0114 -0.0113,0.0113 -0.0114,0.0114 -0.0114,0.0227 -0.0114,0.0113 -0.0113,0.0114 -0.0114,0.0114 -0.0114,0.0113 v 0.0114 l -0.0113,0.0227 -0.0114,0.0114 -0.0114,0.0114 -0.0114,0.0113 -0.0114,0.0114 -0.0114,0.0227 -0.0113,0.0114 -0.0114,0.0114 -0.0114,0.0114 -0.0114,0.0227 -0.0113,0.0114 -0.0114,0.0113 -0.0114,0.0114 -0.0113,0.0227 -0.0114,0.0114 -0.0114,0.0114 -0.0113,0.0113 -0.0114,0.0227 -0.0114,0.0113 -0.0113,0.0114 -0.0114,0.0114 -0.0114,0.0227 -0.0113,0.0114 -0.0114,0.0114 -0.0114,0.0113 -0.0114,0.0227 -0.0113,0.0113 -0.0227,0.0114 -0.0113,0.0227 -0.0114,0.0114 -0.0114,0.0114 -0.0113,0.0227 -0.0114,0.0114 -0.0114,0.0114 -0.0113,0.0227 -0.0114,0.0114 -0.0114,0.0113 -0.0113,0.0227 -0.0114,0.0113 -0.0227,0.0114 -0.0113,0.0227 -0.0114,0.0114 -0.0114,0.0114 -0.0114,0.0114 -0.0114,0.0227 -0.0114,0.0114 -0.0113,0.0113 -0.0114,0.0227 -0.0114,0.0114 -0.0113,0.0114 -0.0114,0.0227 -0.0114,0.0114 -0.0113,0.0114 -0.0114,0.0227 -0.0227,0.0114 -0.0113,0.0114 -0.0114,0.0227 -0.0114,0.0114 -0.0113,0.0113 -0.0114,0.0227 -0.0114,0.0113 -0.0113,0.0114 -0.0114,0.0227 -0.0114,0.0114 -0.0113,0.0114 -0.0114,0.0227 -0.0114,0.0114 -0.0114,0.0114 -0.0113,0.0113 -0.0114,0.0227 -0.0114,0.0113 -0.0113,0.0114 -0.0114,0.0227 -0.0114,0.0114 -0.0113,0.0114 -0.0114,0.0113 -0.0114,0.0227 -0.0227,0.0114 -0.0114,0.0113 -0.0113,0.0227 -0.0114,0.0114 -0.0114,0.0114 -0.0114,0.0114 -0.0114,0.0227 -0.0114,0.0114 -0.0114,0.0113 -0.0113,0.0114 -0.0114,0.0227 -0.0114,0.0114 -0.0113,0.0114 -0.0114,0.0114 -0.0114,0.0227 -0.0113,0.0114 v 0.0113 l -0.0114,0.0114 -0.0114,0.0227 -0.0114,0.0114 -0.0114,0.0114 -0.0114,0.0113 -0.0114,0.0227 -0.0113,0.0113 -0.0114,0.0114 -0.0114,0.0114 -0.0113,0.0114 -0.0114,0.0227 -0.0114,0.0114 -0.0113,0.0113 -0.0114,0.0114 -0.0114,0.0114 -0.0113,0.0227 -0.0114,0.0114 -0.0114,0.0113 -0.0113,0.0114 -0.0114,0.0227 -0.0114,0.0114 -0.0114,0.0114 -0.0113,0.0114 -0.0114,0.0227 -0.0114,0.0114 -0.0113,0.0113 -0.0114,0.0114 -0.0114,0.0227 -0.0113,0.0114 -0.0114,0.0114 -0.0114,0.0227 -0.0113,0.0114 -0.0114,0.0114 -0.0114,0.0113 -0.0114,0.0227 -0.0113,0.0113 -0.0114,0.0114 -0.0114,0.0227 -0.0113,0.0114 -0.0114,0.0114 -0.0114,0.0113 -0.0113,0.0227 -0.0114,0.0113 -0.0114,0.0114 -0.0114,0.0227 -0.0114,0.0113 -0.0114,0.0114 -0.0113,0.0114 -0.0114,0.0227 -0.0114,0.0114 -0.0114,0.0113 -0.0113,0.0114 -0.0114,0.0227 -0.0114,0.0114 -0.0113,0.0114 -0.0114,0.0113 -0.0114,0.0227 -0.0113,0.0114 -0.0114,0.0113 -0.0114,0.0114 -0.0113,0.0114 -0.0114,0.0227 v 0.0114 l -0.0114,0.0113 -0.0113,0.0114 -0.0114,0.0114 -0.0114,0.0227 -0.0114,0.0114 -0.0113,0.0113 -0.0114,0.0114 -0.0114,0.0227 -0.0113,0.0113 -0.0114,0.0114 -0.0114,0.0114 -0.0113,0.0227 -0.0114,0.0114 -0.0114,0.0113 -0.0113,0.0114 -0.0114,0.0227 -0.0114,0.0114 -0.0114,0.0114 -0.0113,0.0227 -0.0114,0.0114 -0.0114,0.0114 -0.0113,0.0113 -0.0114,0.0227 -0.0114,0.0113 -0.0114,0.0114 -0.0114,0.0227 -0.0114,0.0114 -0.0113,0.0114 -0.0114,0.0227 -0.0114,0.0114 -0.0227,0.0114 -0.0114,0.0227 -0.0114,0.0114 -0.0113,0.0113 -0.0114,0.0114 -0.0114,0.0227 -0.0113,0.0114 -0.0114,0.0114 -0.0114,0.0227 -0.0113,0.0114 -0.0114,0.0113 -0.0114,0.0114 -0.0113,0.0227 -0.0114,0.0113 -0.0114,0.0114 -0.0113,0.0227 -0.0114,0.0114 -0.0114,0.0114 -0.0114,0.0227 -0.0113,0.0114 -0.0114,0.0113 -0.0114,0.0114 -0.0113,0.0227 -0.0114,0.0113 -0.0114,0.0114 -0.0113,0.0227 -0.0114,0.0114 -0.0114,0.0114 -0.0113,0.0113 -0.0114,0.0227 -0.0114,0.0113 -0.0113,0.0114 -0.0114,0.0114 -0.0114,0.0227 -0.0114,0.0114 -0.0114,0.0114 -0.0114,0.0113 -0.0114,0.0227 -0.0113,0.0113 -0.0114,0.0114 -0.0114,0.0114 -0.0113,0.0227 -0.0114,0.0114 -0.0114,0.0113 -0.0113,0.0114 -0.0114,0.0114 -0.0114,0.0227 -0.0114,0.0114 -0.0113,0.0114 -0.0114,0.0113 v 0.0227 l -0.0114,0.0113 -0.0113,0.0114 -0.0114,0.0114 -0.0114,0.0113 -0.0114,0.0227 -0.0114,0.0113 -0.0114,0.0114 -0.0113,0.0114 -0.0227,0.0227 -0.0113,0.0114 -0.0114,0.0114 -0.0114,0.0113 -0.0114,0.0227 -0.0113,0.0113 -0.0114,0.0114 -0.0114,0.0114 -0.0113,0.0227 -0.0114,0.0114 -0.0114,0.0113 -0.0113,0.0114 -0.0114,0.0227 -0.0114,0.0113 -0.0113,0.0114 -0.0114,0.0114 -0.0114,0.0227 -0.0113,0.0114 -0.0114,0.0113 -0.0114,0.0114 v 0.0114 l -0.0114,0.0227 -0.0113,0.0114 -0.0114,0.0113 -0.0114,0.0114 -0.0113,0.0114 -0.0114,0.0114 -0.0114,0.0113 -0.0113,0.0114 -0.0114,0.0114 v 0.0113 l -0.0114,0.0114 -0.0114,0.0114 -0.0114,0.0227 -0.0114,0.0114 -0.0113,0.0113 -0.0114,0.0114 -0.0114,0.0114 -0.0114,0.0113 -0.0114,0.0114 -0.0114,0.0227 -0.0114,0.0113 v 0.0114 l -0.0113,0.0114 -0.0114,0.0113 -0.0114,0.0227 -0.0113,0.0113 -0.0114,0.0114 -0.0114,0.0114 -0.0227,0.0227 -0.0114,0.0114 -0.0114,0.0113 -0.0113,0.0114 -0.0114,0.0227 -0.0114,0.0113 -0.0113,0.0114 -0.0114,0.0114 -0.0114,0.0227 -0.0113,0.0114 -0.0114,0.0113 -0.0114,0.0227 -0.0113,0.0113 -0.0114,0.0114 -0.0114,0.0114 -0.0113,0.0227 -0.0114,0.0114 -0.0114,0.0114 -0.0114,0.0113 -0.0113,0.0227 -0.0114,0.0113 -0.0114,0.0114 -0.0113,0.0227 -0.0114,0.0114 -0.0227,0.0114 -0.0114,0.0113 -0.0114,0.0227 -0.0113,0.0114 -0.0114,0.0113 -0.0114,0.0227 -0.0113,0.0113 -0.0114,0.0114 -0.0114,0.0114 -0.0114,0.0227 -0.0113,0.0114 -0.0114,0.0113 -0.0114,0.0227 -0.0227,0.0113 -0.0114,0.0114 -0.0113,0.0227 -0.0114,0.0114 -0.0114,0.0114 -0.0114,0.0114 -0.0114,0.0227 -0.0114,0.0114 -0.0113,0.0113 -0.0227,0.0227 -0.0114,0.0113 -0.0113,0.0114 -0.0114,0.0227 -0.0114,0.0114 -0.0113,0.0114 -0.0114,0.0227 -0.0114,0.0114 -0.0113,0.0114 -0.0227,0.0227 -0.0113,0.0114 -0.0114,0.0113 -0.0114,0.0227 -0.0114,0.0113 -0.0113,0.0114 -0.0114,0.0227 -0.0114,0.0113 -0.0114,0.0114 -0.0227,0.0227 -0.0113,0.0114 -0.0114,0.0114 -0.0114,0.0227 -0.0113,0.0114 -0.0114,0.0113 -0.0114,0.0227 -0.0113,0.0113 -0.0114,0.0114 -0.0114,0.0114 -0.0227,0.0227 -0.0114,0.0114 -0.0114,0.0114 -0.0113,0.0227 -0.0114,0.0114 -0.0114,0.0113 -0.0114,0.0227 -0.0114,0.0113 -0.0227,0.0227 -0.0114,0.0113 -0.0114,0.0114 -0.0113,0.0227 -0.0114,0.0114 -0.0114,0.0114 -0.0114,0.0227 -0.0113,0.0114 -0.0227,0.0114 -0.0113,0.0227 -0.0114,0.0114 -0.0114,0.0113 -0.0113,0.0227 -0.0114,0.0114 -0.0114,0.0113 -0.0113,0.0227 -0.0227,0.0113 -0.0114,0.0114 -0.0113,0.0227 -0.0114,0.0114 -0.0114,0.0114 -0.0113,0.0227 -0.0114,0.0114 -0.0114,0.0113 -0.0227,0.0227 -0.0114,0.0114 -0.0113,0.0113 -0.0114,0.0227 -0.0114,0.0113 -0.0114,0.0227 -0.0114,0.0113 -0.0114,0.0114 -0.0114,0.0227 -0.0227,0.0114 -0.0114,0.0114 -0.0114,0.0227 -0.0114,0.0114 -0.0114,0.0114 -0.0113,0.0227 -0.0114,0.0114 -0.0114,0.0113 -0.0113,0.0227 -0.0114,0.0113 -0.0114,0.0114 -0.0113,0.0227 -0.0227,0.0114 -0.0114,0.0114 -0.0113,0.0227 -0.0114,0.0114 -0.0114,0.0114 -0.0113,0.0227 -0.0114,0.0114 -0.0114,0.0113 -0.0113,0.0227 -0.0114,0.0113 -0.0114,0.0114 -0.0113,0.0227 -0.0227,0.0114 -0.0113,0.0114 -0.0114,0.0227 -0.0114,0.0114 -0.0114,0.0114 -0.0113,0.0227 -0.0114,0.0114 -0.0114,0.0113 -0.0113,0.0227 -0.0114,0.0113 -0.0227,0.0114 -0.0114,0.0227 -0.0114,0.0114 -0.0113,0.0114 -0.0114,0.0227 -0.0114,0.0114 -0.0114,0.0114 -0.0114,0.0227 -0.0114,0.0114 -0.0114,0.0113 -0.0113,0.0227 -0.0227,0.0113 -0.0113,0.0114 -0.0114,0.0227 -0.0114,0.0114 -0.0113,0.0114 -0.0114,0.0227 -0.0114,0.0114 -0.0114,0.0114 -0.0114,0.0227 -0.0114,0.0114 -0.0114,0.0113 -0.0113,0.0227 -0.0114,0.0113 -0.0114,0.0114 -0.0113,0.0227 -0.0227,0.0114 -0.0113,0.0114 -0.0114,0.0114 -0.0114,0.0227 -0.0113,0.0114 -0.0341,0.0454 -0.0114,0.0227 -0.0114,0.0114 -0.0114,0.0114 -0.0227,0.0227 -0.0114,0.0113 -0.0113,0.0114 -0.0114,0.0227 -0.0114,0.0114 -0.0113,0.0114 -0.0114,0.0227 -0.0114,0.0114 -0.0113,0.0113 -0.0114,0.0114 -0.0114,0.0227 -0.0113,0.0114 -0.0114,0.0114 -0.0114,0.0227 -0.0114,0.0114 -0.0113,0.0114 -0.0114,0.0113 -0.0114,0.0227 -0.0113,0.0113 -0.0114,0.0114 -0.0114,0.0114 -0.0114,0.0227 -0.0114,0.0114 -0.0114,0.0113 -0.0227,0.0114 -0.0114,0.0227 -0.0114,0.0113 -0.0113,0.0114 -0.0114,0.0114 -0.0114,0.0227 -0.0113,0.0114 -0.0114,0.0114 -0.0114,0.0114 -0.0113,0.0227 -0.0114,0.0114 -0.0114,0.0114 -0.0113,0.0113 -0.0114,0.0114 -0.0114,0.0227 -0.0113,0.0113 -0.0114,0.0114 -0.0114,0.0114 -0.0114,0.0227 -0.0113,0.0114 -0.0114,0.0113 -0.0114,0.0114 -0.0113,0.0227 -0.0114,0.0114 -0.0114,0.0114 -0.0113,0.0227 -0.0114,0.0114 -0.0114,0.0114 -0.0113,0.0113 -0.0114,0.0227 -0.0114,0.0113 -0.0113,0.0114 -0.0114,0.0114 -0.0114,0.0227 -0.0114,0.0114 -0.0113,0.0113 -0.0227,0.0227 -0.0114,0.0114 -0.0114,0.0113 -0.0114,0.0114 -0.0113,0.0227 -0.0114,0.0114 -0.0114,0.0114 -0.0113,0.0227 -0.0114,0.0114 -0.0114,0.0113 -0.0113,0.0114 -0.0114,0.0227 -0.0114,0.0114 -0.0114,0.0114 -0.0113,0.0227 -0.0114,0.0114 -0.0114,0.0114 -0.0113,0.0113 -0.0114,0.0227 -0.0114,0.0114 -0.0227,0.0114 -0.0114,0.0227 -0.0113,0.0114 -0.0114,0.0114 -0.0114,0.0114 -0.0114,0.0227 -0.0113,0.0114 -0.0114,0.0113 -0.0114,0.0114 -0.0113,0.0227 -0.0114,0.0114 -0.0114,0.0114 -0.0113,0.0227 -0.0114,0.0114 -0.0114,0.0113 -0.0113,0.0114 -0.0114,0.0227 -0.0114,0.0113 -0.0113,0.0114 -0.0114,0.0227 -0.0114,0.0114 -0.0227,0.0114 -0.0114,0.0113 -0.0114,0.0227 -0.0113,0.0113 -0.0114,0.0114 -0.0114,0.0227 -0.0113,0.0114 -0.0114,0.0114 -0.0114,0.0227 -0.0113,0.0114 -0.0114,0.0114 -0.0114,0.0227 -0.0114,0.0114 -0.0227,0.0113 -0.0114,0.0227 -0.0113,0.0113 -0.0114,0.0114 -0.0114,0.0114 -0.0113,0.0227 -0.0114,0.0114 -0.0114,0.0114 -0.0113,0.0227 -0.0114,0.0114 -0.0114,0.0113 -0.0113,0.0227 -0.0114,0.0113 -0.0114,0.0114 -0.0227,0.0227 -0.0114,0.0114 -0.0114,0.0114 -0.0113,0.0114 -0.0114,0.0227 -0.0114,0.0114 -0.0113,0.0113 -0.0114,0.0227 -0.0114,0.0113 -0.0113,0.0114 -0.0114,0.0114 -0.0114,0.0227 -0.0113,0.0114 -0.0114,0.0113 -0.0114,0.0114 -0.0114,0.0227 -0.0113,0.0114 -0.0114,0.0114 -0.0114,0.0114 -0.0113,0.0227 -0.0114,0.0114 -0.0114,0.0113 -0.0113,0.0114 -0.0114,0.0227 -0.0114,0.0114 -0.0114,0.0114 -0.0114,0.0113 -0.0114,0.0227 -0.0227,0.0114 -0.0114,0.0113 -0.0114,0.0227 -0.0114,0.0113 -0.0114,0.0114 -0.0114,0.0114 -0.0113,0.0227 -0.0114,0.0114 -0.0114,0.0113 -0.0113,0.0227 -0.0114,0.0113 -0.0114,0.0114 -0.0113,0.0114 -0.0114,0.0227 -0.0114,0.0114 -0.0113,0.0114 -0.0114,0.0227 -0.0114,0.0114 -0.0114,0.0113 -0.0113,0.0114 -0.0114,0.0227 -0.0114,0.0114 -0.0113,0.0114 -0.0114,0.0227 -0.0114,0.0114 -0.0113,0.0114 -0.0227,0.0113 -0.0113,0.0227 -0.0114,0.0113 -0.0114,0.0114 -0.0114,0.0114 -0.0113,0.0227 -0.0114,0.0114 -0.0114,0.0113 -0.0113,0.0227 -0.0114,0.0114 -0.0114,0.0113 -0.0114,0.0114 -0.0114,0.0227 -0.0114,0.0114 -0.0113,0.0114 -0.0114,0.0227 -0.0114,0.0114 -0.0113,0.0113 -0.0114,0.0227 -0.0114,0.0113 -0.0114,0.0114 -0.0113,0.0114 -0.0114,0.0227 -0.0114,0.0114 -0.0113,0.0114 -0.0114,0.0227 -0.0114,0.0114 -0.0113,0.0113 -0.0114,0.0114 -0.0114,0.0227 -0.0114,0.0114 -0.0114,0.0114 -0.0114,0.0113 -0.0113,0.0227 -0.0114,0.0114 -0.0114,0.0113 -0.0114,0.0114 -0.0113,0.0114 -0.0114,0.0227 -0.0114,0.0114 -0.0113,0.0113 -0.0114,0.0114 -0.0114,0.0114 -0.0113,0.0227 -0.0114,0.0114 -0.0114,0.0114 -0.0113,0.0113 -0.0114,0.0227 -0.0114,0.0113 -0.0113,0.0114 -0.0114,0.0114 -0.0114,0.0113 -0.0114,0.0227 -0.0114,0.0113 -0.0114,0.0114 -0.0114,0.0114 -0.0113,0.0227 -0.0114,0.0114 -0.0114,0.0114 -0.0113,0.0113 -0.0114,0.0227 -0.0114,0.0113 -0.0113,0.0114 -0.0114,0.0227 -0.0114,0.0114 -0.0114,0.0114 -0.0113,0.0113 -0.0114,0.0227 -0.0114,0.0113 -0.0113,0.0114 -0.0114,0.0114 -0.0114,0.0227 -0.0114,0.0114 -0.0114,0.0114 -0.0114,0.0227 -0.0113,0.0114 -0.0114,0.0113 -0.0114,0.0227 -0.0113,0.0113 -0.0114,0.0114 -0.0114,0.0114 -0.0227,0.0227 -0.0114,0.0114 -0.0114,0.0114 -0.0113,0.0113 -0.0114,0.0227 -0.0114,0.0113 -0.0113,0.0114 -0.0114,0.0114 -0.0114,0.0227 v 0.0114 l -0.0227,0.0113 v 0.0114 l -0.0114,0.0227 -0.0227,0.0113 v 0.0114 l -0.0114,0.0114 -0.0114,0.0113 -0.0113,0.0227 -0.0114,0.0113 -0.0114,0.0114 -0.0113,0.0114 -0.0114,0.0113 -0.0114,0.0114 v 0.0114 h -0.0113 v 0.0113 h -0.0114 v 0.0114 l -0.0114,0.0114 -0.93126,1.1584 -0.0114,0.0114 -0.0114,0.0113 -0.0113,0.0114 -0.0114,0.0227 -0.0114,0.0113 -0.0113,0.0114 -0.0114,0.0227 -0.0114,0.0114 -0.0113,0.0114 -0.0114,0.0227 -0.0114,0.0114 -0.0113,0.0113 -0.0114,0.0114 -0.0114,0.0227 -0.0114,0.0114 -0.0113,0.0114 -0.0114,0.0227 -0.0114,0.0114 -0.0113,0.0114 -0.0114,0.0227 -0.0227,0.0114 -0.0114,0.0113 -0.0114,0.0114 -0.0113,0.0227 -0.0114,0.0114 -0.0114,0.0114 -0.0113,0.0227 -0.0114,0.0114 -0.0114,0.0114 -0.0114,0.0113 -0.0113,0.0227 -0.0114,0.0113 -0.0114,0.0114 -0.0113,0.0227 -0.0114,0.0114 -0.0114,0.0114 -0.0113,0.0113 -0.0114,0.0227 -0.0114,0.0114 -0.0113,0.0113 -0.0114,0.0114 -0.0114,0.0227 -0.0114,0.0114 -0.0113,0.0114 -0.0114,0.0227 -0.0114,0.0114 -0.0227,0.0113 -0.0114,0.0114 -0.0113,0.0227 -0.0114,0.0114 -0.0114,0.0114 -0.0113,0.0114 -0.0114,0.0227 -0.0114,0.0114 -0.0113,0.0113 -0.0114,0.0114 -0.0114,0.0227 -0.0114,0.0114 -0.0113,0.0114 -0.0114,0.0113 -0.0114,0.0227 -0.0114,0.0113 -0.0114,0.0114 -0.0114,0.0227 -0.0113,0.0113 -0.0114,0.0114 -0.0114,0.0114 -0.0113,0.0227 -0.0114,0.0114 -0.0114,0.0113 -0.0113,0.0114 -0.0114,0.0227 -0.0114,0.0114 -0.0114,0.0114 -0.0113,0.0114 -0.0114,0.0227 -0.0114,0.0114 -0.0113,0.0113 -0.0114,0.0114 -0.0114,0.0114 -0.0113,0.0227 -0.0114,0.0114 -0.0114,0.0113 v 0.0114 l -0.0113,0.0114 -0.0114,0.0227 -0.0114,0.0114 -0.0113,0.0114 -0.0114,0.0113 -0.0114,0.0114 -0.0114,0.0114 -0.0113,0.0227 -0.0114,0.0114 -0.0114,0.0113 -0.0113,0.0114 -0.0114,0.0114 -0.0114,0.0113 -0.0113,0.0227 -0.0114,0.0113 v 0.0114 l -0.0114,0.0114 -0.0113,0.0114 -0.0114,0.0113 -0.0114,0.0114 -0.0114,0.0114 v 0.0113 l -0.0114,0.0114 -0.0114,0.0114 -0.0114,0.0113 -0.0113,0.0114 -0.0114,0.0114 v 0.0113 l -0.0341,0.0341 -0.0114,0.0114 -0.0113,0.0114 -0.0114,0.0114 v 0.0113 l -0.0114,0.0114 -0.0114,0.0114 -0.0114,0.0227 -0.0114,0.0114 -0.0114,0.0113 -0.0113,0.0114 v 0.0114 l -0.0114,0.0113 -0.0114,0.0114 -0.0113,0.0114 -0.0114,0.0227 -0.0114,0.0114 -0.0113,0.0114 -0.0114,0.0113 -0.0114,0.0114 -0.0113,0.0227 -0.0114,0.0114 -0.0114,0.0114 -0.0113,0.0113 -0.0114,0.0227 -0.0114,0.0113 -0.0114,0.0114 -0.0113,0.0227 -0.0114,0.0113 -0.0227,0.0114 -0.0114,0.0114 -0.0114,0.0227 -0.0113,0.0114 -0.0114,0.0113 -0.0114,0.0227 -0.0113,0.0113 -0.0114,0.0227 -0.0114,0.0113 -0.0227,0.0114 -0.0114,0.0227 -0.0114,0.0113 -0.0113,0.0114 -0.0114,0.0227 -0.0114,0.0114 -0.0113,0.0114 -0.0227,0.0227 -0.0114,0.0114 -0.0114,0.0113 -0.0114,0.0227 -0.0113,0.0113 -0.0114,0.0114 -0.0227,0.0227 -0.0113,0.0113 -0.0114,0.0114 -0.0114,0.0227 -0.0113,0.0114 -0.0114,0.0114 -0.0114,0.0227 -0.0227,0.0114 -0.0114,0.0113 -0.0113,0.0227 -0.0114,0.0114 -0.0114,0.0113 -0.0113,0.0227 -0.0114,0.0113 -0.0114,0.0114 -0.0114,0.0227 -0.0227,0.0114 -0.0114,0.0114 -0.0113,0.0227 -0.0114,0.0114 -0.0114,0.0113 -0.0113,0.0227 -0.0114,0.0114 -0.0114,0.0113 -0.0227,0.0114 -0.0114,0.0227 -0.0113,0.0114 -0.0114,0.0114 -0.0114,0.0227 -0.0114,0.0114 -0.0113,0.0113 -0.0114,0.0227 -0.0114,0.0114 -0.0227,0.0114 -0.0114,0.0227 -0.0113,0.0113 -0.0114,0.0114 -0.0114,0.0114 -0.0113,0.0227 -0.0114,0.0114 -0.0114,0.0113 -0.0114,0.0227 -0.0227,0.0113 -0.0114,0.0114 -0.0113,0.0227 -0.0114,0.0114 -0.0114,0.0114 -0.0113,0.0227 -0.0114,0.0114 -0.0114,0.0114 -0.0113,0.0227 -0.0114,0.0114 -0.0114,0.0113 -0.0113,0.0227 -0.0114,0.0113 -0.0114,0.0114 -0.0227,0.0227 -0.0114,0.0113 -0.0114,0.0114 -0.0113,0.0227 -0.0114,0.0114 -0.0114,0.0114 -0.0113,0.0227 -0.0114,0.0114 -0.0114,0.0114 -0.0113,0.0227 -0.0114,0.0113 -0.0114,0.0114 -0.0113,0.0227 -0.0114,0.0113 -0.0114,0.0114 -0.0227,0.0114 -0.0114,0.0227 -0.0114,0.0114 -0.0113,0.0113 -0.0114,0.0227 -0.0114,0.0113 -0.0113,0.0114 -0.0114,0.0114 -0.0114,0.0227 -0.0113,0.0114 -0.0114,0.0114 -0.0114,0.0227 -0.0114,0.0114 -0.0114,0.0113 -0.0114,0.0227 -0.0114,0.0113 -0.0113,0.0114 -0.0114,0.0227 -0.0227,0.0114 -0.0114,0.0114 -0.0114,0.0114 -0.0113,0.0227 -0.0114,0.0114 -0.0114,0.0113 -0.0113,0.0227 -0.0114,0.0114 -0.0114,0.0114 -0.0114,0.0227 -0.0113,0.0114 -0.0114,0.0114 -0.0114,0.0113 -0.0113,0.0227 -0.0114,0.0114 -0.0114,0.0113 -0.0113,0.0114 -0.0114,0.0227 -0.0114,0.0114 -0.0113,0.0114 -0.0114,0.0227 -0.0114,0.0114 -0.0227,0.0114 -0.0114,0.0114 -0.0114,0.0227 -0.0113,0.0114 -0.0114,0.0114 -0.0114,0.0114 -0.0113,0.0227 -0.0114,0.0114 -0.0114,0.0113 -0.0113,0.0227 -0.0114,0.0113 -0.0114,0.0114 -0.0114,0.0114 -0.0114,0.0227 -0.0114,0.0114 -0.0113,0.0113 -0.0114,0.0227 -0.0114,0.0114 -0.0114,0.0114 -0.0114,0.0114 -0.0114,0.0227 -0.0114,0.0114 -0.0113,0.0114 -0.0114,0.0227 -0.0114,0.0114 -0.0113,0.0113 -0.0114,0.0114 -0.0114,0.0227 -0.0113,0.0113 -0.0114,0.0114 -0.0114,0.0114 -0.0227,0.0227 -0.0114,0.0114 -0.0114,0.0114 -0.0113,0.0227 -0.0114,0.0113 -0.0114,0.0114 -0.0113,0.0114 -0.0114,0.0227 -0.0114,0.0114 -0.0113,0.0114 -0.0114,0.0227 -0.0114,0.0114 -0.0113,0.0113 -0.0114,0.0114 -0.0114,0.0227 -0.0114,0.0114 -0.0113,0.0114 -0.0114,0.0113 -0.0114,0.0227 -0.0113,0.0113 -0.0114,0.0114 -0.0114,0.0114 -0.0114,0.0227 -0.0114,0.0114 -0.0114,0.0114 -0.0113,0.0113 -0.0114,0.0227 -0.0114,0.0113 -0.0113,0.0114 -0.0114,0.0114 -0.0114,0.0227 -0.0114,0.0114 -0.0113,0.0113 -0.0227,0.0227 -0.0113,0.0114 -0.0114,0.0114 -0.0114,0.0114 -0.0113,0.0227 -0.0114,0.0114 -0.0114,0.0114 -0.0114,0.0113 -0.0114,0.0227 -0.0114,0.0113 -0.0113,0.0114 -0.0114,0.0114 -0.0114,0.0227 -0.0114,0.0114 -0.0113,0.0114 -0.0114,0.0227 -0.0114,0.0114 -0.0113,0.0113 -0.0114,0.0114 -0.0114,0.0227 -0.0113,0.0114 -0.0114,0.0114 -0.0114,0.0227 -0.0113,0.0114 -0.0114,0.0114 -0.0114,0.0113 -0.0227,0.0227 -0.0114,0.0113 -0.0114,0.0114 -0.0114,0.0227 -0.0114,0.0114 -0.0114,0.0114 -0.0113,0.0113 -0.0114,0.0227 -0.0114,0.0113 -0.0113,0.0114 -0.0114,0.0114 -0.0114,0.0227 -0.0113,0.0114 -0.0114,0.0114 -0.0114,0.0113 -0.0114,0.0227 -0.0113,0.0113 -0.0114,0.0114 -0.0114,0.0114 -0.0113,0.0113 -0.0114,0.0227 -0.0114,0.0114 v 0.0113 l -0.0114,0.0114 -0.0114,0.0114 -0.0114,0.0113 -0.0113,0.0114 -0.0114,0.0227 -0.0114,0.0114 -0.0113,0.0114 -0.0114,0.0113 -0.0114,0.0114 -0.0114,0.0114 -0.0113,0.0113 v 0.0114 l -0.0114,0.0114 -0.0114,0.0114 -0.0113,0.0227 -0.0114,0.0114 -0.0114,0.0113 -0.0113,0.0114 v 0.0114 l -0.0114,0.0113 -0.0114,0.0114 -0.0113,0.0114 -0.0114,0.0113 -0.0114,0.0114 -0.0113,0.0114 -0.0114,0.0227 -0.0114,0.0114 -0.0114,0.0114 -0.0113,0.0113 -0.0114,0.0114 v 0.0114 l -0.0114,0.0227 -0.0113,0.0114 -0.0114,0.0113 -0.0114,0.0114 -0.0113,0.0114 -0.0114,0.0113 -0.0114,0.0227 -0.0114,0.0113 -0.0114,0.0114 -0.0114,0.0114 -0.0114,0.0114 -0.0113,0.0113 -0.0114,0.0114 -0.0114,0.0227 -0.0114,0.0114 -0.0114,0.0114 -0.0114,0.0113 -0.0113,0.0227 -0.0114,0.0113 -0.0114,0.0114 -0.0113,0.0114 -0.0114,0.0114 -0.0114,0.0227 -0.0113,0.0114 -0.0114,0.0113 -0.0114,0.0114 -0.0114,0.0227 -0.0113,0.0114 -0.0114,0.0114 -0.0114,0.0227 -0.0113,0.0114 -0.0114,0.0113 -0.0114,0.0114 -0.0113,0.0227 -0.0114,0.0113 -0.0114,0.0114 -0.0113,0.0114 -0.0114,0.0227 -0.0114,0.0114 -0.0113,0.0113 -0.0114,0.0114 -0.0114,0.0227 -0.0114,0.0114 -0.0113,0.0114 -0.0114,0.0227 -0.0114,0.0114 -0.0113,0.0114 -0.0114,0.0113 -0.0114,0.0227 -0.0113,0.0113 -0.0227,0.0114 -0.0113,0.0227 -0.0114,0.0114 -0.0114,0.0114 -0.0113,0.0113 -0.0114,0.0227 -0.0114,0.0113 -0.0114,0.0114 -0.0113,0.0227 -0.0114,0.0113 -0.0114,0.0114 -0.0113,0.0114 -0.0114,0.0227 -0.0114,0.0114 -0.0113,0.0113 -0.0114,0.0227 -0.0114,0.0113 -0.0114,0.0114 -0.0114,0.0114 -0.0114,0.0227 -0.0114,0.0114 -0.0113,0.0114 -0.0114,0.0113 -0.0114,0.0227 -0.0113,0.0113 -0.0114,0.0114 -0.0114,0.0114 -0.0113,0.0227 -0.0114,0.0114 -0.0114,0.0114 -0.0113,0.0114 -0.0114,0.0114 -0.0114,0.0227 -0.0113,0.0114 -0.0114,0.0114 -0.0114,0.0113 -0.0114,0.0227 -0.0113,0.0113 -0.0114,0.0114 -0.0114,0.0114 -0.0113,0.0113 -0.0114,0.0114 -0.0114,0.0114 -0.0113,0.0227 -0.0114,0.0114 -0.0114,0.0114 v 0.0113 l -0.0113,0.0114 -0.0114,0.0114 -0.0114,0.0113 -0.0113,0.0227 -0.0114,0.0113 -0.0114,0.0114 -0.0114,0.0114 -0.0113,0.0113 -0.0114,0.0114 -0.0114,0.0114 -0.0113,0.0227 -0.0114,0.0114 -0.0114,0.0114 -0.0114,0.0113 v 0.0114 l -0.0114,0.0227 -0.0114,0.0114 -0.0113,0.0114 -0.0114,0.0114 -0.0114,0.0114 -0.0113,0.0114 -0.0114,0.0227 -0.0114,0.0114 -0.0114,0.0114 -0.0113,0.0113 -0.0114,0.0114 -0.0114,0.0114 -0.0113,0.0113 -0.0114,0.0227 v 0.0113 l -0.0114,0.0114 -0.0113,0.0114 -0.0114,0.0113 -0.0114,0.0114 -0.0113,0.0114 -0.0114,0.0113 -0.0114,0.0227 -0.0114,0.0114 v 0.0113 l -0.0113,0.0114 -0.0114,0.0114 -0.0114,0.0113 -0.0113,0.0114 -0.0114,0.0114 -0.0114,0.0227 -0.0113,0.0114 -0.0114,0.0113 -0.0114,0.0114 -0.0113,0.0114 -0.0114,0.0113 -0.0114,0.0114 v 0.0227 l -0.0113,0.0113 -0.0114,0.0114 -0.0114,0.0114 -0.0114,0.0114 -0.0113,0.0114 -0.0114,0.0114 -0.0114,0.0227 -0.0114,0.0114 -0.0114,0.0113 -0.0114,0.0114 -0.0113,0.0114 -0.0114,0.0114 -0.0114,0.0113 v 0.0114 l -0.0113,0.0227 -0.0114,0.0114 -0.0114,0.0114 -0.0113,0.0113 -0.0114,0.0114 -0.0114,0.0114 -0.0114,0.0113 -0.0113,0.0114 -0.0114,0.0227 -0.0114,0.0114 v 0.0114 l -0.0113,0.0114 -0.0114,0.0113 -0.0114,0.0114 -0.0113,0.0114 -0.0114,0.0227 -0.0114,0.0114 -0.0113,0.0113 -0.0114,0.0114 -0.0114,0.0114 -0.0114,0.0227 -0.0113,0.0114 -0.0114,0.0113 -0.0114,0.0114 -0.0113,0.0114 -0.0114,0.0227 -0.0114,0.0114 -0.0113,0.0114 -0.0114,0.0113 -0.0114,0.0114 -0.0113,0.0114 -0.0114,0.0227 -0.0114,0.0114 -0.0113,0.0113 -0.0114,0.0114 v 0.0114 l -0.0114,0.0113 -0.0114,0.0227 -0.0114,0.0114 -0.0114,0.0113 -0.0114,0.0114 -0.0113,0.0114 -0.0114,0.0114 -0.0114,0.0227 -0.0113,0.0113 -0.0114,0.0114 -0.0114,0.0114 -0.0113,0.0113 v 0.0114 l -0.0114,0.0114 -0.0114,0.0114 -0.0114,0.0227 -0.0114,0.0114 -0.0114,0.0113 -0.0114,0.0114 -0.0113,0.0114 -0.0114,0.0113 -0.0114,0.0114 -0.0113,0.0114 -0.0114,0.0113 v 0.0227 l -0.0114,0.0113 -0.0113,0.0114 -0.0114,0.0114 -0.0114,0.0114 -0.0113,0.0113 -0.0114,0.0114 -0.0114,0.0114 -0.0113,0.0113 v 0.0114 l -0.0114,0.0114 -0.0114,0.0227 -0.0114,0.0114 -0.0113,0.0113 -0.0114,0.0114 -0.0114,0.0114 -0.0113,0.0113 -0.0114,0.0114 -0.0114,0.0227 -0.0227,0.0341 -0.0114,0.0113 -0.0113,0.0114 -0.0114,0.0114 -0.0114,0.0113 -0.0114,0.0114 -0.0113,0.0227 -0.0114,0.0114 -0.0114,0.0114 v 0.0113 l -0.0113,0.0114 -0.0114,0.0114 -0.0114,0.0114 -0.0113,0.0113 -0.0114,0.0114 -0.0114,0.0114 -0.0114,0.0113 v 0.0227 l -0.0114,0.0113 -0.0114,0.0114 -0.0113,0.0114 -0.0114,0.0113 -0.0114,0.0114 -0.0114,0.0114 -0.0114,0.0114 -0.0114,0.0113 -0.0114,0.0227 -0.0113,0.0113 v 0.0114 l -0.0114,0.0114 -0.0114,0.0113 -0.0113,0.0114 -0.0114,0.0114 -0.0114,0.0113 -0.0113,0.0227 -0.0114,0.0113 -0.0114,0.0114 -0.0113,0.0114 -0.0114,0.0114 -0.0114,0.0113 -0.0114,0.0114 -0.0113,0.0114 -0.0114,0.0113 -0.0114,0.0114 -0.0113,0.0114 -0.0114,0.0113 -0.0114,0.0114 -0.0227,0.0114 -0.0114,0.0113 h -0.0113 l -0.0114,0.0114 -0.0227,0.0114 -0.0114,0.0113 -0.0227,0.0114 h -0.0113 l -0.0114,0.0114 -0.0227,0.0114 h -0.0114 l -0.0227,0.0113 -0.0114,0.0114 -0.0114,0.0114 h -0.0227 l -0.0114,0.0113 -0.0114,0.0114 -0.0227,0.0114 h -0.0114 l -0.0227,0.0113 -0.0114,0.0114 h -0.0113 l -0.0227,0.0114 -0.0114,0.0113 h -0.0114 l -0.0227,0.0114 -0.0114,0.0114 h -0.0114 l -0.0114,0.0113 -0.0113,0.0114 h -0.0227 l -0.0113,0.0114 -0.0114,0.0114 h -0.0114 l -0.0227,0.0113 -0.0114,0.0114 h -0.0113 l -0.0114,0.0114 -0.0227,0.0113 h -0.0114 l -0.0114,0.0114 -0.0227,0.0114 h -0.0114 l -0.0114,0.0113 -0.0113,0.0114 -0.0227,0.0114 h -0.0113 l -0.0114,0.0113 -0.0227,0.0114 h -0.0114 l -0.0114,0.0114 -0.0227,0.0114 h -0.0114 l -0.0114,0.0113 -0.0227,0.0114 h -0.0114 l -0.0114,0.0114 -0.0227,0.0113 -0.0113,0.0114 h -0.0114 l -0.0227,0.0114 -0.0114,0.0113 -0.0114,0.0114 h -0.0227 l -0.0114,0.0114 -0.0227,0.0113 -0.0114,0.0114 h -0.0114 l -0.0227,0.0114 -0.0114,0.0113 h -0.0227 l -0.0114,0.0114 -0.0113,0.0114 -0.0227,0.0114 h -0.0114 l -0.0113,0.0113 -0.0227,0.0114 h -0.0113 l -0.0114,0.0114 -0.0227,0.0113 -0.0114,0.0114 h -0.0114 l -0.0227,0.0114 -0.0114,0.0113 h -0.0227 l -0.0114,0.0114 -0.0114,0.0114 -0.0227,0.0113 h -0.0114 l -0.0113,0.0114 -0.0227,0.0114 -0.0113,0.0113 h -0.0227 l -0.0113,0.0114 -0.0114,0.0114 -0.0227,0.0114 h -0.0113 l -0.0227,0.0113 -0.0113,0.0114 -0.0114,0.0114 h -0.0227 l -0.0114,0.0113 -0.0227,0.0114 h -0.0114 l -0.0114,0.0114 -0.0227,0.0113 -0.0114,0.0114 h -0.0227 l -0.0114,0.0114 -0.0114,0.0114 -0.0227,0.0114 h -0.0114 l -0.0227,0.0114 -0.0114,0.0114 -0.0113,0.0113 h -0.0227 l -0.0113,0.0114 -0.0227,0.0114 -0.0114,0.0113 h -0.0113 l -0.0227,0.0114 -0.0113,0.0114 -0.0227,0.0113 h -0.0113 l -0.0114,0.0114 -0.0227,0.0114 -0.0114,0.0113 h -0.0227 l -0.0114,0.0114 -0.0114,0.0114 -0.0227,0.0113 h -0.0114 l -0.0227,0.0114 -0.0114,0.0114 -0.0227,0.0114 h -0.0114 l -0.0114,0.0113 -0.0227,0.0114 -0.0114,0.0114 h -0.0114 l -0.0227,0.0113 -0.0114,0.0114 h -0.0227 l -0.0114,0.0114 -0.0113,0.0113 -0.0227,0.0114 h -0.0113 l -0.0114,0.0114 -0.0114,0.0113 h -0.0227 l -0.0114,0.0114 -0.0114,0.0114 h -0.0227 l -0.0114,0.0113 -0.0113,0.0114 -0.0227,0.0114 h -0.0114 l -0.0227,0.0114 -0.0113,0.0113 -0.0114,0.0114 h -0.0227 l -0.0114,0.0114 -0.0114,0.0113 -0.0227,0.0114 h -0.0114 l -0.0227,0.0114 -0.0114,0.0113 h -0.0114 l -0.0227,0.0114 -0.0114,0.0114 -0.0227,0.0113 h -0.0114 l -0.0113,0.0114 -0.0227,0.0114 -0.0114,0.0113 h -0.0227 l -0.0114,0.0114 -0.0113,0.0114 -0.0227,0.0114 h -0.0113 l -0.0227,0.0113 -0.0113,0.0114 -0.0114,0.0114 h -0.0227 l -0.0113,0.0113 -0.0114,0.0114 h -0.0227 l -0.0114,0.0114 -0.0227,0.0113 -0.0114,0.0114 h -0.0227 l -0.0114,0.0114 -0.0114,0.0114 -0.0227,0.0114 h -0.0114 l -0.0227,0.0114 -0.0114,0.0114 -0.0227,0.0113 -0.0114,0.0114 h -0.0114 l -0.0227,0.0114 -0.0114,0.0113 -0.0227,0.0114 h -0.0114 l -0.0227,0.0114 -0.0114,0.0113 -0.0227,0.0114 h -0.0114 l -0.0227,0.0114 -0.0114,0.0113 -0.0114,0.0114 -0.0227,0.0114 h -0.0114 l -0.0227,0.0113 -0.0114,0.0114 -0.0113,0.0114 h -0.0227 l -0.0114,0.0114 -0.0227,0.0113 h -0.0114 l -0.0113,0.0114 -0.0227,0.0114 -0.0113,0.0113 h -0.0227 l -0.0114,0.0114 -0.0114,0.0114 -0.0227,0.0113 h -0.0113 l -0.0114,0.0114 -0.0227,0.0114 h -0.0114 l -0.0227,0.0113 -0.0114,0.0114 -0.0114,0.0114 h -0.0227 l -0.0114,0.0113 -0.0113,0.0114 h -0.0227 l -0.0114,0.0114 -0.0113,0.0114 -0.0114,0.0113 h -0.0227 l -0.0114,0.0114 -0.0114,0.0114 h -0.0227 l -0.0114,0.0113 -0.0113,0.0114 h -0.0114 l -0.0227,0.0114 -0.0114,0.0114 h -0.0114 l -0.0227,0.0114 -0.0114,0.0114 h -0.0114 l -0.0113,0.0113 -0.0227,0.0114 h -0.0114 l -0.0114,0.0114 -0.0114,0.0113 h -0.0227 l -0.0114,0.0114 -0.0114,0.0114 h -0.0113 l -0.0227,0.0114 -0.0113,0.0113 h -0.0114 l -0.0114,0.0114 -0.0227,0.0114 h -0.0114 l -0.0113,0.0113 -0.0227,0.0114 h -0.0113 l -0.0114,0.0114 -0.0114,0.0113 h -0.0227 l -0.0114,0.0114 -0.0114,0.0114 h -0.0113 l -0.0227,0.0113 -0.0113,0.0114 h -0.0114 l -0.0114,0.0114 -0.0227,0.0114 h -0.0114 l -0.0113,0.0113 -0.0114,0.0114 h -0.0114 l -0.0227,0.0114 -0.0114,0.0113 h -0.0114 l -0.0114,0.0114 -0.0227,0.0114 h -0.0113 l -0.0114,0.0113 -0.0227,0.0114 h -0.0114 l -0.0114,0.0114 h -0.0227 l -0.0114,0.0113 h -0.0114 l -0.0227,0.0114 h -0.0114 l -0.0227,0.0114 -0.0114,0.0113 h -0.0113 l -0.0227,0.0114 h -0.0113 l -0.0227,0.0114 h -0.0114 l -0.0113,0.0114 h -0.0227 l -0.0113,0.0113 h -0.0227 l -0.0113,0.0114 h -0.0114 l -0.0227,0.0114 h -0.0114 l -0.0227,0.0114 h -0.0114 l -0.0114,0.0114 h -0.0114 l -0.0227,0.0114 h -0.0114 l -0.0113,0.0113 h -0.0114 -0.0227 l -0.0114,0.0114 h -0.0114 l -0.0113,0.0114 h -0.0114 -0.0114 l -0.0114,0.0113 v 0 h -0.0114 -0.0114 v 0.0114 h -0.0114 -0.0113 l -0.0114,0.0114 h -0.0227 v 0 l -0.0114,0.0113 v 0 h -0.0114 -0.0113 l -0.0114,0.0114 v 0 h -0.0114 -0.0113 l -0.0114,0.0114 h -0.0114 -0.0113 l -0.0114,0.0114 v 0 h -0.0114 l -0.0114,0.0113 h -0.0113 l -0.0114,0.0114 h -0.0114 -0.0227 l -0.0114,0.0114 h -0.0113 l -0.0114,0.0113 h -0.0114 -0.0113 l -0.0114,0.0114 h -0.0114 l -0.0114,0.0114 h -0.0113 l -0.0114,0.0113 h -0.0227 -0.0114 l -0.0114,0.0114 h -0.0113 l -0.0114,0.0114 h -0.0227 l -0.0114,0.0113 h -0.0114 l -0.0113,0.0114 h -0.0227 l -0.0114,0.0114 h -0.0114 l -0.0114,0.0113 h -0.0227 -0.0114 l -0.0114,0.0114 h -0.0113 l -0.0227,0.0114 h -0.0113 l -0.0114,0.0114 h -0.0227 l -0.0114,0.0113 h -0.0227 l -0.0113,0.0114 h -0.0114 l -0.0227,0.0114 h -0.0114 l -0.0114,0.0113 h -0.0227 l -0.0114,0.0114 h -0.0113 l -0.0227,0.0114 -0.0113,0.0113 h -0.0114 l -0.0227,0.0114 h -0.0113 l -0.0227,0.0114 h -0.0114 l -0.0114,0.0113 h -0.0227 l -0.0114,0.0114 h -0.0227 l -0.0114,0.0114 h -0.0114 l -0.0227,0.0114 h -0.0114 l -0.0227,0.0114 h -0.0114 l -0.0227,0.0114 -0.0114,0.0114 h -0.0114 l -0.0227,0.0113 h -0.0114 l -0.0227,0.0114 h -0.0114 l -0.0227,0.0114 h -0.0114 l -0.0227,0.0113 h -0.0114 l -0.0227,0.0114 -0.0114,0.0114 h -0.0227 l -0.0114,0.0113 h -0.0227 l -0.0114,0.0114 h -0.0227 l -0.0114,0.0114 -0.0227,0.0113 h -0.0113 l -0.0227,0.0114 h -0.0113 l -0.0227,0.0114 h -0.0113 l -0.0227,0.0114 -0.0114,0.0113 h -0.0227 l -0.0114,0.0114 h -0.0227 l -0.0114,0.0114 h -0.0227 l -0.0114,0.0113 -0.0227,0.0114 h -0.0114 l -0.0227,0.0114 h -0.0114 l -0.0227,0.0113 h -0.0114 l -0.0227,0.0114 -0.0114,0.0114 h -0.0227 l -0.0114,0.0113 h -0.0227 l -0.0114,0.0114 h -0.0227 l -0.0114,0.0114 h -0.0227 l -0.0113,0.0113 -0.0227,0.0114 h -0.0113 l -0.0227,0.0114 h -0.0113 l -0.0114,0.0114 h -0.0227 l -0.0114,0.0113 h -0.0227 l -0.0114,0.0114 h -0.0114 l -0.0227,0.0114 h -0.0114 l -0.0227,0.0113 h -0.0114 l -0.0227,0.0114 -0.0114,0.0114 h -0.0114 l -0.0227,0.0113 h -0.0114 l -0.0227,0.0114 h -0.0114 l -0.0114,0.0114 h -0.0227 l -0.0114,0.0113 h -0.0227 l -0.0114,0.0114 h -0.0113 l -0.0227,0.0114 h -0.0113 l -0.0227,0.0114 h -0.0114 l -0.0113,0.0113 h -0.0227 l -0.0113,0.0114 h -0.0114 l -0.0227,0.0114 h -0.0114 l -0.0114,0.0113 h -0.0227 l -0.0114,0.0114 h -0.0113 l -0.0227,0.0114 h -0.0114 l -0.0113,0.0113 h -0.0227 l -0.0113,0.0114 h -0.0114 l -0.0227,0.0114 h -0.0114 l -0.0114,0.0113 h -0.0227 l -0.0114,0.0114 h -0.0113 l -0.0227,0.0114 h -0.0114 l -0.0227,0.0113 h -0.0114 l -0.0113,0.0114 h -0.0227 l -0.0113,0.0114 h -0.0114 l -0.0227,0.0114 h -0.0114 l -0.0114,0.0114 h -0.0227 l -0.0114,0.0114 h 0.0282 l -0.0113,0.0114 -0.0227,0.0113 h -0.0113 l -0.0114,0.0114 -0.0114,0.0114 h -0.0227 l -0.0114,0.0113 -0.0113,0.0114 -0.0114,0.0114 -0.0227,0.0113 h -0.0113 l -0.0114,0.0114 -0.0114,0.0114 -0.0227,0.0113 -0.0114,0.0114 h -0.0114 l -0.0114,0.0114 -0.0114,0.0114 -0.0227,0.0113 -0.0114,0.0114 h -0.0113 l -0.0114,0.0114 -0.0114,0.0113 -0.0227,0.0114 h -0.0114 l -0.0114,0.0114 -0.0113,0.0113 -0.0114,0.0114 h -0.0114 l -0.0113,0.0114 -0.0227,0.0113 -0.0113,0.0114 h -0.0114 l -0.0114,0.0114 -0.0114,0.0113 -0.0113,0.0114 h -0.0114 l -0.0114,0.0114 -0.0227,0.0114 -0.0114,0.0113 h -0.0113 l -0.0114,0.0114 -0.0114,0.0114 -0.0113,0.0113 h -0.0227 l -0.0113,0.0114 -0.0114,0.0114 h -0.0114 l -0.0114,0.0113 -0.0113,0.0114 -0.0114,0.0114 h -0.0227 l -0.0114,0.0113 -0.0114,0.0114 -0.10221,0.0568 v 0.0113 l -0.0227,0.0114 -0.0454,0.0341 -0.0341,0.0227 -0.0227,0.0114 -0.0227,0.0114 -0.0227,0.0113 -0.0341,0.0227 -0.0568,0.0454 v 0 h -0.0113 v 0.0113 h -0.0114 l -0.0114,0.0114 v 0 h -0.0113 l -0.0114,0.0114 h -0.0114 l -0.0341,0.0227 -0.11357,0.0795 -0.0681,0.0454 -0.0454,0.0227 -0.0454,0.0341 -0.0909,0.0568 -0.0908,0.0568 -0.0682,0.0454 -0.17035,0.11357 -0.24985,0.15899 -0.14764,0.10221 -0.18171,0.11357 -0.14764,0.0909 -0.10221,0.0681 -0.0227,0.0114 -0.0681,0.0454 -0.0568,0.0341 -0.0681,0.0454 -0.0681,0.0454 -0.0454,0.0227 -0.0795,0.0568 -0.0795,0.0454 -0.0908,0.0681 -0.13629,0.0908 -0.11356,0.0681 -0.11357,0.0795 -0.0909,0.0454 -0.0681,0.0454 -0.11357,0.0795 -0.14764,0.0909 -0.0908,0.0681 -0.10221,0.0568 -0.0682,0.0454 -0.0795,0.0341 -0.0795,0.0227 h -0.0114 l -0.0908,0.0341 -0.0795,0.0113 -0.13629,0.0114 -0.13628,0.0114 -0.0681,0.0114 h -0.0568 l -0.53378,0.0454 -0.0681,0.0114 v 0 l -0.20442,0.0114 -0.13629,0.0113 -0.13628,0.0114 -0.0908,0.0114 -0.0909,0.0227 -0.0908,0.0227 -0.11357,0.0454 -0.0681,0.0227 -0.0909,0.0341 -0.14764,0.0568 -0.10221,0.0341 -0.0909,0.0341 -0.0909,0.0454 -0.12493,0.0795 -0.19306,0.12492 -0.19307,0.11357 -0.18171,0.11357 -0.11357,0.0681 -0.159,0.0909 -0.11356,0.0681 -0.10222,0.0681 -0.0908,0.0568 -0.13628,0.0795 -0.18171,0.11357 -0.17036,0.10221 -0.13628,0.0795 -0.0909,0.0568 -0.0795,0.0341 -0.10222,0.0341 -0.17035,0.0568 -0.17035,0.0454 -0.13628,0.0454 -0.12493,0.0454 -0.10221,0.0227 -0.11357,0.0341 -0.12493,0.0454 -0.0908,0.0227 -0.10221,0.0341 -0.0682,0.0227 -0.13628,0.0454 -0.0454,0.0114 -0.0454,0.0227 -0.10222,0.0341 -0.10221,0.0341 -0.0795,0.0454 -0.11356,0.0681 -0.0454,0.0341 -0.11357,0.0795 -0.17035,0.12493 -0.17036,0.11357 -0.27256,0.14764 -0.17036,0.10221 -0.12492,0.0681 -0.19307,0.11357 -0.20442,0.11357 -0.17036,0.10221 -0.17035,0.10221 -0.22714,0.12493 -0.14764,0.0909 -0.13628,0.0681 -0.10221,0.0681 -0.0909,0.0568 -0.10221,0.0454 -0.0795,0.0568 -0.0681,0.0341 -0.0681,0.0454 -0.19307,0.10221 -0.27256,0.159 -0.17035,0.10221 -0.0682,0.0341 -0.12492,0.0795 -0.22714,0.12493 -0.22714,0.13628 -0.0908,0.0568 -0.18171,0.0909 -0.27257,0.15899 -0.12492,0.0795 -0.17036,0.0795 -0.12492,0.0681 -0.14764,0.0568 -0.0114,0.0113 -0.0454,0.0114 h -0.0113 v 0 l -0.27257,0.11357 -0.12492,0.0568 -0.0682,0.0227 -0.10221,0.0454 -0.10221,0.0454 -0.10221,0.0454 -0.0114,0.0114 -0.0681,0.0227 -0.11357,0.0568 -0.0795,0.0341 -0.0568,0.0227 -0.11357,0.0454 -0.11357,0.0568 -0.11357,0.0454 -0.0795,0.0341 -0.13628,0.0568 -0.12492,0.0454 -0.0795,0.0341 -0.0681,0.0341 -0.0568,0.0227 -0.0454,0.0227 -0.0341,0.0227 -0.0227,0.0114 -0.0227,0.0114 -0.0114,0.0113 h -0.0114 -0.0113 v 0 0 0 0 0.0114 0 l -0.0114,0.0114 v 0.0113 h -0.0227 l -0.0113,0.0114 -0.0227,0.0227 -0.0341,0.0227 -0.0681,0.0454 -0.0113,0.0113 -0.0795,0.0568 -0.0909,0.0568 -0.0795,0.0568 -0.22713,0.15899 -0.11357,0.0795 -0.0909,0.0681 -0.14764,0.11357 -0.17035,0.11357 -0.159,0.11357 -0.17035,0.11357 -0.17035,0.12492 -0.18171,0.13629 -0.14764,0.10221 -0.12493,0.0909 -0.13628,0.10222 -0.0681,0.0454 -0.11357,0.0909 -0.14764,0.11357 -0.0681,0.0454 -0.159,0.0909 -0.13628,0.0908 -0.12493,0.0682 -0.14764,0.0795 -0.12492,0.0795 -0.0795,0.0454 -0.0568,0.0341 -0.0908,0.0568 -0.10221,0.0568 -0.0795,0.0568 -0.0568,0.0341 -0.0909,0.0909 -0.11357,0.11357 -0.12492,0.11357 -0.0909,0.0795 -0.0568,0.0681 -0.0909,0.0909 -0.0114,0.0114 -0.21578,0.22714 -0.0908,0.0909 -0.19307,0.2385 -0.20442,0.23849 -0.17036,0.21578 -0.15899,0.19307 -0.20443,0.23849 -0.0681,0.0909 -0.10221,0.14764 -0.18171,0.27256 -0.10221,0.17036 -0.0795,0.12492 -0.10221,0.14764 -0.14764,0.21578 -0.0568,0.0909 -0.11357,0.13628 -0.15899,0.18171 -0.19307,0.21578 -0.18171,0.19307 -0.19307,0.22714 -0.29527,0.32935 -0.2385,0.27256 -0.28392,0.31799 -0.0795,0.0795 -0.0341,0.0341 v 0.0114 0 l -0.0227,0.0227 -0.0341,0.0341 -0.21579,0.20443 -0.20442,0.18171 -0.0795,0.0795 -0.12492,0.13628 -0.20443,0.22714 -0.10221,0.12492 -0.20442,0.19307 -0.159,0.159 -0.0909,0.10221 -0.0909,0.0795 -0.11357,0.12492 -0.11357,0.10221 -0.17035,0.18171 -0.12493,0.12493 -0.0795,0.0795 -0.0568,0.0568 -0.10221,0.11357 -0.22714,0.22714 -0.19307,0.19307 -0.19306,0.20442 -0.21578,0.22714 -0.13629,0.12492 -0.0341,0.0454 -0.21578,0.21578 -0.18171,0.19307 -0.19307,0.19307 -0.19306,0.19306 -0.18171,0.19307 -0.19307,0.19307 -0.21578,0.20442 -0.10221,0.11357 -0.159,0.13628 -0.24985,0.20443 -0.22714,0.18171 -0.17035,0.14764 -0.159,0.12492 -0.11357,0.10221 -0.10221,0.0795 -0.0227,0.0227 -1.66946,2.5553 -19.23857,17.46689 -6.83685,0.13628 -6.80277,0.12492 -0.10221,-0.40884 -0.20443,-0.55649 -0.35206,-1.10162 -0.159,-0.63598 -0.43156,-1.37419 -0.82905,-1.90795 -0.47699,-1.95339 -0.38613,-0.7382 -1.53318,-2.93007 -0.19307,-0.28393 -0.29528,-0.3407 -0.24985,-0.43156 -0.30664,-0.53378 -0.14764,-0.70412 -0.0568,-0.60192 0.0114,-0.27256 -0.17036,-0.51106 -0.14764,-0.48835 0.0227,-0.36342 -0.0227,-0.35206 -0.18171,-0.44292 v -0.34071 l -0.0454,-0.77227 -0.159,-0.86312 -0.0909,-0.21578 -0.14763,-0.43156 -0.14764,-0.39749 -0.14764,-0.26121 -0.11357,-0.44292 -0.0568,-0.43156 -0.0568,-0.72684 -0.0568,-0.24985 -0.22713,-0.30664 -0.47699,-0.4997 0.0681,-0.5792 -0.12493,-0.46564 -0.19306,-0.48834 0.0113,-0.8972 0.0227,-0.43156 -0.0909,-0.7382 v -0.76091 l -0.0341,-0.15899 -0.19307,-1.13569 -0.20442,-1.15841 -0.24985,-0.95397 -0.21578,-0.9767 0.0454,-0.55648 -0.0341,-0.38614 -0.22713,-0.64734 -0.24986,-0.91991 -0.86312,-2.08966 -0.47699,-1.07891 -0.36342,-0.6587 -0.39749,-0.67005 -0.30664,-0.44292 -0.23849,-0.36342 -0.46563,-0.60192 -0.28392,-0.54513 -0.0795,-0.51106 -0.17036,-0.51106 -0.20442,-0.54513 -0.34071,-0.74955 -0.24985,-0.37478 -0.12492,-0.54513 -0.2385,-0.48835 31.60622,3.89541 3.6342,-12.25408 11.90202,-40.22609 1.60132,-11.61809 1.35147,-9.78964 0.0568,-0.45427 6.53021,-47.3355 z"
       id="Bénichab"
       style="fill:#cccccc;stroke:#ffffff;stroke-width:1.13569;stroke-opacity:1"
       inkscape:label="Bénichab - بنشاب" />
    <path
       d="m 458.87219,581.52365 0.54513,1.53318 -18.00066,16.13813 -3.33893,31.78793 -69.82213,0.0681 0.0795,-0.0227 0.0795,-0.0341 0.0682,-0.0454 0.10221,-0.0568 0.0908,-0.0681 0.14764,-0.0909 0.11357,-0.0795 0.0681,-0.0454 0.0909,-0.0454 0.11357,-0.0795 0.11356,-0.0681 0.13629,-0.0908 0.0908,-0.0681 0.0795,-0.0454 0.0795,-0.0568 0.0454,-0.0227 0.0681,-0.0454 0.0681,-0.0454 0.0568,-0.0341 0.0681,-0.0454 0.0227,-0.0114 0.10221,-0.0681 0.14764,-0.0909 0.18171,-0.11357 0.14764,-0.10221 0.24985,-0.15899 0.17035,-0.11357 0.0682,-0.0454 0.0908,-0.0568 0.0909,-0.0568 0.0454,-0.0341 0.0454,-0.0227 0.0681,-0.0454 0.11357,-0.0795 0.0341,-0.0227 h 0.0114 l 0.0114,-0.0114 h 0.0113 v 0 l 0.0114,-0.0114 h 0.0114 v -0.0113 h 0.0113 v 0 l 0.0568,-0.0454 0.0341,-0.0227 0.0227,-0.0113 0.0227,-0.0114 0.0227,-0.0114 0.0341,-0.0227 0.0454,-0.0341 0.0227,-0.0114 v -0.0113 l 0.10221,-0.0568 0.0114,-0.0114 0.0114,-0.0113 h 0.0227 l 0.0114,-0.0114 0.0113,-0.0114 0.0114,-0.0113 h 0.0114 l 0.0114,-0.0114 0.0113,-0.0114 h 0.0227 l 0.0113,-0.0113 0.0114,-0.0114 0.0114,-0.0114 h 0.0113 l 0.0114,-0.0113 0.0227,-0.0114 0.0114,-0.0114 h 0.0114 l 0.0113,-0.0114 0.0114,-0.0113 0.0114,-0.0114 h 0.0114 l 0.0113,-0.0114 0.0227,-0.0113 0.0113,-0.0114 h 0.0114 l 0.0114,-0.0114 0.0113,-0.0113 0.0114,-0.0114 h 0.0114 l 0.0227,-0.0114 0.0114,-0.0113 0.0114,-0.0114 h 0.0113 l 0.0114,-0.0114 0.0227,-0.0113 0.0114,-0.0114 0.0114,-0.0114 h 0.0114 l 0.0114,-0.0114 0.0227,-0.0113 0.0114,-0.0114 0.0114,-0.0114 h 0.0113 l 0.0227,-0.0113 0.0114,-0.0114 0.0113,-0.0114 0.0114,-0.0113 h 0.0227 l 0.0114,-0.0114 0.0114,-0.0114 h 0.0113 l 0.0227,-0.0113 0.0113,-0.0114 h 0.0114 l 0.0114,-0.0114 h 0.0227 l 0.0114,-0.0114 h 0.0114 l 0.0227,-0.0114 h 0.0114 l 0.0113,-0.0114 h 0.0227 l 0.0113,-0.0114 h 0.0114 l 0.0227,-0.0113 h 0.0114 l 0.0227,-0.0114 h 0.0113 l 0.0114,-0.0114 h 0.0227 l 0.0114,-0.0113 h 0.0114 l 0.0227,-0.0114 h 0.0114 l 0.0113,-0.0114 h 0.0227 l 0.0113,-0.0113 h 0.0114 l 0.0227,-0.0114 h 0.0113 l 0.0114,-0.0114 h 0.0227 l 0.0114,-0.0113 h 0.0114 l 0.0227,-0.0114 h 0.0114 l 0.0113,-0.0114 h 0.0227 l 0.0113,-0.0113 h 0.0114 l 0.0227,-0.0114 h 0.0113 l 0.0227,-0.0114 h 0.0113 l 0.0114,-0.0114 h 0.0227 l 0.0114,-0.0113 h 0.0227 l 0.0114,-0.0114 h 0.0114 l 0.0227,-0.0114 h 0.0114 l 0.0227,-0.0113 h 0.0114 l 0.0114,-0.0114 0.0227,-0.0114 h 0.0114 l 0.0227,-0.0113 h 0.0114 l 0.0227,-0.0114 h 0.0114 l 0.0114,-0.0114 h 0.0227 l 0.0114,-0.0113 h 0.0227 l 0.0114,-0.0114 h 0.0113 l 0.0227,-0.0114 h 0.0113 l 0.0227,-0.0114 0.0113,-0.0113 h 0.0227 l 0.0114,-0.0114 h 0.0227 l 0.0114,-0.0114 h 0.0227 l 0.0114,-0.0113 h 0.0227 l 0.0114,-0.0114 0.0227,-0.0114 h 0.0114 l 0.0227,-0.0113 h 0.0114 l 0.0227,-0.0114 h 0.0114 l 0.0227,-0.0114 0.0114,-0.0113 h 0.0227 l 0.0114,-0.0114 h 0.0227 l 0.0114,-0.0114 h 0.0227 l 0.0114,-0.0113 0.0227,-0.0114 h 0.0113 l 0.0227,-0.0114 h 0.0113 l 0.0227,-0.0114 h 0.0113 l 0.0227,-0.0113 0.0114,-0.0114 h 0.0227 l 0.0114,-0.0114 h 0.0227 l 0.0114,-0.0113 h 0.0227 l 0.0114,-0.0114 0.0227,-0.0114 h 0.0114 l 0.0227,-0.0113 h 0.0114 l 0.0227,-0.0114 h 0.0114 l 0.0227,-0.0114 h 0.0114 l 0.0227,-0.0113 h 0.0114 l 0.0114,-0.0114 0.0227,-0.0114 h 0.0114 l 0.0227,-0.0114 h 0.0114 l 0.0227,-0.0114 h 0.0114 l 0.0114,-0.0114 h 0.0227 l 0.0114,-0.0114 h 0.0227 l 0.0114,-0.0113 h 0.0114 l 0.0227,-0.0114 h 0.0113 l 0.0227,-0.0114 h 0.0114 l 0.0113,-0.0113 0.0227,-0.0114 h 0.0113 l 0.0114,-0.0114 h 0.0227 l 0.0114,-0.0113 h 0.0114 l 0.0227,-0.0114 h 0.0114 l 0.0113,-0.0114 h 0.0227 l 0.0114,-0.0113 h 0.0227 l 0.0114,-0.0114 h 0.0113 l 0.0227,-0.0114 h 0.0113 l 0.0114,-0.0114 h 0.0114 0.0227 l 0.0114,-0.0113 h 0.0114 l 0.0114,-0.0114 h 0.0227 l 0.0113,-0.0114 h 0.0114 l 0.0114,-0.0113 h 0.0227 l 0.0114,-0.0114 h 0.0113 l 0.0114,-0.0114 h 0.0114 0.0227 l 0.0114,-0.0113 h 0.0113 l 0.0114,-0.0114 h 0.0114 l 0.0114,-0.0114 h 0.0113 0.0114 l 0.0114,-0.0113 h 0.0113 l 0.0114,-0.0114 h 0.0227 0.0114 l 0.0114,-0.0114 h 0.0113 l 0.0114,-0.0113 h 0.0114 v 0 l 0.0114,-0.0114 h 0.0113 0.0114 l 0.0114,-0.0114 h 0.0113 0.0114 v 0 l 0.0114,-0.0114 h 0.0113 0.0114 v 0 l 0.0114,-0.0113 v 0 h 0.0227 l 0.0114,-0.0114 h 0.0113 0.0114 v -0.0114 h 0.0114 0.0114 v 0 l 0.0114,-0.0113 h 0.0114 0.0114 l 0.0113,-0.0114 h 0.0114 l 0.0114,-0.0114 h 0.0227 0.0114 l 0.0113,-0.0113 h 0.0114 l 0.0227,-0.0114 h 0.0114 l 0.0114,-0.0114 h 0.0114 l 0.0227,-0.0114 h 0.0114 l 0.0227,-0.0114 h 0.0114 l 0.0113,-0.0114 h 0.0227 l 0.0113,-0.0113 h 0.0227 l 0.0113,-0.0114 h 0.0114 l 0.0227,-0.0114 h 0.0113 l 0.0227,-0.0114 h 0.0113 l 0.0114,-0.0113 0.0227,-0.0114 h 0.0114 l 0.0227,-0.0114 h 0.0114 l 0.0114,-0.0113 h 0.0227 l 0.0114,-0.0114 h 0.0114 l 0.0227,-0.0114 0.0114,-0.0113 h 0.0113 l 0.0227,-0.0114 0.0114,-0.0114 h 0.0114 l 0.0114,-0.0113 0.0227,-0.0114 h 0.0114 l 0.0114,-0.0114 0.0113,-0.0113 h 0.0114 l 0.0227,-0.0114 0.0114,-0.0114 h 0.0114 l 0.0113,-0.0114 0.0227,-0.0113 h 0.0113 l 0.0114,-0.0114 0.0114,-0.0114 h 0.0227 l 0.0114,-0.0113 0.0114,-0.0114 h 0.0113 l 0.0227,-0.0114 0.0113,-0.0113 h 0.0114 l 0.0227,-0.0114 0.0114,-0.0114 h 0.0114 l 0.0113,-0.0113 0.0227,-0.0114 h 0.0113 l 0.0114,-0.0114 0.0114,-0.0114 h 0.0227 l 0.0114,-0.0113 0.0114,-0.0114 h 0.0114 l 0.0227,-0.0114 0.0113,-0.0113 h 0.0114 l 0.0114,-0.0114 0.0227,-0.0114 h 0.0114 l 0.0114,-0.0114 0.0227,-0.0114 h 0.0114 l 0.0113,-0.0114 0.0114,-0.0113 h 0.0227 l 0.0114,-0.0114 0.0114,-0.0114 h 0.0227 l 0.0114,-0.0113 0.0113,-0.0114 0.0114,-0.0114 h 0.0227 l 0.0113,-0.0114 0.0114,-0.0113 h 0.0227 l 0.0114,-0.0114 0.0114,-0.0114 0.0227,-0.0113 h 0.0114 l 0.0227,-0.0114 0.0114,-0.0114 h 0.0113 l 0.0227,-0.0113 0.0114,-0.0114 0.0114,-0.0114 h 0.0227 l 0.0113,-0.0113 0.0227,-0.0114 0.0113,-0.0114 h 0.0114 l 0.0227,-0.0113 0.0114,-0.0114 h 0.0227 l 0.0113,-0.0114 0.0114,-0.0114 0.0227,-0.0113 h 0.0114 l 0.0227,-0.0114 0.0114,-0.0114 0.0114,-0.0113 0.0227,-0.0114 h 0.0114 l 0.0227,-0.0114 0.0114,-0.0113 0.0227,-0.0114 h 0.0114 l 0.0227,-0.0114 0.0114,-0.0113 0.0227,-0.0114 h 0.0114 l 0.0114,-0.0114 0.0227,-0.0113 0.0114,-0.0114 0.0227,-0.0114 h 0.0114 l 0.0227,-0.0114 0.0114,-0.0114 0.0114,-0.0114 h 0.0227 l 0.0114,-0.0114 0.0227,-0.0113 0.0114,-0.0114 h 0.0227 l 0.0114,-0.0114 0.0113,-0.0113 h 0.0227 l 0.0114,-0.0114 0.0113,-0.0114 0.0227,-0.0113 h 0.0113 l 0.0227,-0.0114 0.0113,-0.0114 0.0114,-0.0114 h 0.0227 l 0.0114,-0.0113 0.0227,-0.0114 0.0113,-0.0114 h 0.0114 l 0.0227,-0.0113 0.0114,-0.0114 0.0227,-0.0114 h 0.0114 l 0.0114,-0.0113 0.0227,-0.0114 h 0.0114 l 0.0227,-0.0114 0.0114,-0.0113 0.0114,-0.0114 h 0.0227 l 0.0114,-0.0114 0.0113,-0.0113 0.0227,-0.0114 h 0.0114 l 0.0227,-0.0114 0.0113,-0.0114 0.0114,-0.0113 h 0.0227 l 0.0114,-0.0114 0.0114,-0.0114 h 0.0227 l 0.0114,-0.0113 0.0114,-0.0114 h 0.0113 l 0.0227,-0.0114 0.0113,-0.0113 0.0114,-0.0114 h 0.0227 l 0.0114,-0.0114 0.0227,-0.0113 h 0.0114 l 0.0114,-0.0114 0.0227,-0.0114 0.0114,-0.0113 h 0.0114 l 0.0227,-0.0114 0.0114,-0.0114 0.0227,-0.0114 h 0.0114 l 0.0227,-0.0113 0.0114,-0.0114 0.0114,-0.0114 h 0.0227 l 0.0114,-0.0113 0.0227,-0.0114 0.0114,-0.0114 h 0.0113 l 0.0227,-0.0113 0.0113,-0.0114 0.0227,-0.0114 h 0.0113 l 0.0114,-0.0113 0.0227,-0.0114 0.0113,-0.0114 h 0.0227 l 0.0113,-0.0113 0.0114,-0.0114 0.0227,-0.0114 h 0.0114 l 0.0227,-0.0114 0.0114,-0.0114 0.0114,-0.0114 h 0.0227 l 0.0114,-0.0114 0.0227,-0.0113 0.0114,-0.0114 h 0.0114 l 0.0227,-0.0114 0.0114,-0.0113 h 0.0227 l 0.0114,-0.0114 0.0113,-0.0114 0.0227,-0.0113 h 0.0113 l 0.0227,-0.0114 0.0114,-0.0114 0.0113,-0.0114 h 0.0227 l 0.0113,-0.0113 0.0227,-0.0114 0.0113,-0.0114 h 0.0114 l 0.0227,-0.0113 0.0114,-0.0114 0.0114,-0.0114 h 0.0227 l 0.0114,-0.0113 0.0227,-0.0114 h 0.0114 l 0.0114,-0.0114 0.0227,-0.0113 0.0114,-0.0114 h 0.0113 l 0.0227,-0.0114 0.0113,-0.0113 h 0.0114 l 0.0227,-0.0114 0.0113,-0.0114 0.0114,-0.0114 h 0.0227 l 0.0114,-0.0113 0.0227,-0.0114 h 0.0114 l 0.0114,-0.0114 0.0227,-0.0113 0.0114,-0.0114 h 0.0227 l 0.0114,-0.0114 0.0114,-0.0113 0.0227,-0.0114 h 0.0114 l 0.0113,-0.0114 0.0227,-0.0113 0.0114,-0.0114 h 0.0114 l 0.0227,-0.0114 0.0114,-0.0113 h 0.0114 l 0.0227,-0.0114 0.0114,-0.0114 h 0.0114 l 0.0227,-0.0114 0.0114,-0.0113 h 0.0113 l 0.0227,-0.0114 0.0113,-0.0114 0.0114,-0.0113 h 0.0114 l 0.0227,-0.0114 0.0114,-0.0114 h 0.0114 l 0.0227,-0.0113 0.0114,-0.0114 h 0.0113 l 0.0114,-0.0114 0.0227,-0.0113 h 0.0114 l 0.0114,-0.0114 0.0113,-0.0114 h 0.0227 l 0.0113,-0.0114 0.0114,-0.0113 h 0.0114 l 0.0114,-0.0114 0.0227,-0.0114 h 0.0114 l 0.0114,-0.0113 0.0227,-0.0114 h 0.0113 l 0.0114,-0.0114 0.0227,-0.0113 h 0.0114 l 0.0227,-0.0114 0.0114,-0.0114 0.0114,-0.0113 h 0.0227 l 0.0114,-0.0114 0.0114,-0.0114 0.0227,-0.0113 h 0.0114 l 0.0227,-0.0114 0.0114,-0.0114 h 0.0113 l 0.0227,-0.0114 0.0114,-0.0113 0.0227,-0.0114 0.0114,-0.0114 h 0.0113 l 0.0114,-0.0113 0.0227,-0.0114 0.0114,-0.0114 0.0114,-0.0113 0.0113,-0.0114 0.0114,-0.0114 0.0114,-0.0113 0.0113,-0.0114 0.0114,-0.0114 0.0114,-0.0113 0.0114,-0.0114 0.0113,-0.0114 0.0114,-0.0114 0.0114,-0.0113 0.0113,-0.0227 0.0114,-0.0113 0.0114,-0.0114 0.0113,-0.0114 0.0114,-0.0113 0.0114,-0.0114 v -0.0114 l 0.0113,-0.0113 0.0114,-0.0227 0.0114,-0.0113 0.0114,-0.0114 0.0114,-0.0114 0.0114,-0.0114 0.0114,-0.0113 0.0113,-0.0114 0.0114,-0.0114 0.0114,-0.0113 v -0.0227 l 0.0114,-0.0113 0.0114,-0.0114 0.0114,-0.0114 0.0113,-0.0113 0.0114,-0.0114 0.0114,-0.0114 0.0113,-0.0114 v -0.0113 l 0.0114,-0.0114 0.0114,-0.0114 0.0113,-0.0227 0.0114,-0.0114 0.0114,-0.0113 0.0114,-0.0114 0.0113,-0.0114 0.0114,-0.0113 0.0227,-0.0341 0.0114,-0.0227 0.0114,-0.0114 0.0113,-0.0113 0.0114,-0.0114 0.0114,-0.0114 0.0113,-0.0113 0.0114,-0.0114 0.0114,-0.0227 0.0114,-0.0114 v -0.0114 l 0.0113,-0.0113 0.0114,-0.0114 0.0114,-0.0114 0.0113,-0.0113 0.0114,-0.0114 0.0114,-0.0114 0.0113,-0.0114 0.0114,-0.0113 v -0.0227 l 0.0114,-0.0113 0.0113,-0.0114 0.0114,-0.0114 0.0114,-0.0113 0.0113,-0.0114 0.0114,-0.0114 0.0114,-0.0113 0.0114,-0.0114 0.0114,-0.0227 0.0114,-0.0114 0.0114,-0.0114 v -0.0114 l 0.0113,-0.0113 0.0114,-0.0114 0.0114,-0.0114 0.0113,-0.0113 0.0114,-0.0227 0.0114,-0.0114 0.0113,-0.0114 0.0114,-0.0114 0.0114,-0.0113 0.0114,-0.0114 0.0114,-0.0227 0.0114,-0.0113 v -0.0114 l 0.0114,-0.0114 0.0113,-0.0113 0.0114,-0.0114 0.0114,-0.0227 0.0113,-0.0114 0.0114,-0.0114 0.0114,-0.0113 0.0113,-0.0114 0.0114,-0.0114 0.0114,-0.0227 0.0113,-0.0114 0.0114,-0.0114 0.0114,-0.0113 0.0113,-0.0114 0.0114,-0.0227 0.0114,-0.0114 0.0114,-0.0114 0.0113,-0.0113 0.0114,-0.0114 0.0114,-0.0227 0.0113,-0.0114 0.0114,-0.0114 0.0114,-0.0113 0.0113,-0.0114 v -0.0114 l 0.0114,-0.0114 0.0114,-0.0227 0.0113,-0.0114 0.0114,-0.0113 0.0114,-0.0114 0.0114,-0.0114 0.0113,-0.0113 0.0114,-0.0114 0.0114,-0.0114 0.0113,-0.0227 v -0.0114 l 0.0114,-0.0113 0.0114,-0.0114 0.0113,-0.0114 0.0114,-0.0114 0.0114,-0.0113 0.0114,-0.0114 0.0114,-0.0227 0.0114,-0.0114 0.0113,-0.0114 0.0114,-0.0114 0.0114,-0.0114 0.0114,-0.0114 0.0113,-0.0113 v -0.0227 l 0.0114,-0.0114 0.0114,-0.0113 0.0113,-0.0114 0.0114,-0.0114 0.0114,-0.0113 0.0113,-0.0114 0.0114,-0.0227 0.0114,-0.0114 0.0113,-0.0114 0.0114,-0.0113 0.0114,-0.0114 0.0113,-0.0114 v -0.0113 l 0.0114,-0.0114 0.0114,-0.0227 0.0114,-0.0113 0.0113,-0.0114 0.0114,-0.0114 0.0114,-0.0113 0.0113,-0.0114 0.0114,-0.0114 v -0.0113 l 0.0114,-0.0227 0.0113,-0.0113 0.0114,-0.0114 0.0114,-0.0114 0.0113,-0.0113 0.0114,-0.0114 0.0114,-0.0114 0.0114,-0.0227 0.0113,-0.0114 0.0114,-0.0114 0.0114,-0.0114 0.0113,-0.0114 0.0114,-0.0114 0.0114,-0.0227 v -0.0114 l 0.0114,-0.0113 0.0114,-0.0114 0.0114,-0.0114 0.0113,-0.0227 0.0114,-0.0114 0.0114,-0.0114 0.0113,-0.0113 0.0114,-0.0114 0.0114,-0.0114 0.0114,-0.0113 0.0113,-0.0227 0.0114,-0.0113 0.0114,-0.0114 0.0113,-0.0114 v -0.0113 l 0.0114,-0.0114 0.0114,-0.0114 0.0113,-0.0227 0.0114,-0.0114 0.0114,-0.0114 0.0113,-0.0113 0.0114,-0.0114 0.0114,-0.0114 0.0113,-0.0113 0.0114,-0.0227 0.0114,-0.0113 0.0114,-0.0114 0.0113,-0.0114 0.0114,-0.0227 0.0114,-0.0114 0.0113,-0.0114 0.0114,-0.0114 0.0114,-0.0114 0.0113,-0.0227 0.0114,-0.0114 0.0114,-0.0114 0.0113,-0.0113 0.0114,-0.0227 0.0114,-0.0113 0.0113,-0.0114 0.0114,-0.0114 0.0114,-0.0227 0.0114,-0.0114 0.0114,-0.0114 0.0114,-0.0113 0.0114,-0.0227 0.0113,-0.0113 0.0114,-0.0114 0.0114,-0.0227 0.0113,-0.0114 0.0114,-0.0114 0.0114,-0.0113 0.0113,-0.0227 0.0114,-0.0114 0.0114,-0.0113 0.0114,-0.0227 0.0113,-0.0113 0.0114,-0.0114 0.0114,-0.0114 0.0113,-0.0227 0.0227,-0.0114 0.0113,-0.0113 0.0114,-0.0227 0.0114,-0.0113 0.0113,-0.0114 0.0114,-0.0114 0.0114,-0.0227 0.0113,-0.0114 0.0114,-0.0114 0.0114,-0.0227 0.0114,-0.0114 0.0113,-0.0113 0.0114,-0.0114 0.0114,-0.0227 0.0113,-0.0114 0.0114,-0.0114 0.0114,-0.0113 0.0113,-0.0227 0.0114,-0.0114 0.0114,-0.0113 0.0113,-0.0114 0.0114,-0.0227 0.0114,-0.0114 0.0113,-0.0114 0.0114,-0.0227 0.0114,-0.0114 0.0114,-0.0113 0.0113,-0.0114 0.0114,-0.0227 0.0114,-0.0114 0.0113,-0.0114 0.0114,-0.0114 0.0114,-0.0113 0.0113,-0.0227 0.0114,-0.0113 0.0114,-0.0114 0.0114,-0.0114 0.0114,-0.0227 0.0114,-0.0114 0.0113,-0.0113 0.0114,-0.0114 0.0114,-0.0114 0.0114,-0.0114 0.0114,-0.0113 0.0114,-0.0227 0.0114,-0.0113 0.0113,-0.0114 0.0114,-0.0114 0.0114,-0.0113 0.0113,-0.0114 0.0114,-0.0227 v -0.0114 l 0.0114,-0.0114 0.0113,-0.0113 0.0114,-0.0114 0.0114,-0.0114 0.0114,-0.0227 0.0113,-0.0114 0.0114,-0.0114 0.0114,-0.0113 0.0113,-0.0114 0.0114,-0.0114 0.0114,-0.0113 v -0.0114 l 0.0113,-0.0114 0.0114,-0.0113 0.0114,-0.0114 0.0113,-0.0227 0.0114,-0.0114 0.0114,-0.0114 v -0.0114 l 0.0113,-0.0113 0.0114,-0.0114 0.0114,-0.0114 0.0114,-0.0113 0.0113,-0.0114 0.0114,-0.0114 0.0114,-0.0227 0.0113,-0.0114 0.0114,-0.0113 0.0114,-0.0114 0.0114,-0.0114 v -0.0113 l 0.0114,-0.0114 0.0114,-0.0227 0.0113,-0.0113 0.0114,-0.0114 0.0114,-0.0114 0.0113,-0.0113 0.0114,-0.0227 0.0114,-0.0113 0.0114,-0.0114 0.0113,-0.0114 0.0114,-0.0227 0.0114,-0.0114 0.0113,-0.0114 0.0114,-0.0113 0.0114,-0.0227 0.0113,-0.0113 0.0114,-0.0114 0.0114,-0.0114 0.0114,-0.0227 0.0114,-0.0114 0.0114,-0.0113 0.0227,-0.0227 0.0114,-0.0113 0.0114,-0.0114 0.0113,-0.0114 0.0114,-0.0227 0.0114,-0.0114 0.0113,-0.0114 0.0114,-0.0227 0.0114,-0.0114 0.0113,-0.0113 0.0114,-0.0114 0.0114,-0.0227 0.0113,-0.0114 0.0114,-0.0114 0.0114,-0.0227 0.0114,-0.0114 0.0113,-0.0114 0.0114,-0.0113 0.0114,-0.0227 0.0114,-0.0113 0.0114,-0.0114 0.0114,-0.0114 0.0113,-0.0227 0.0114,-0.0114 0.0114,-0.0114 0.0113,-0.0114 0.0227,-0.0227 0.0113,-0.0113 0.0114,-0.0114 0.0114,-0.0227 0.0114,-0.0114 0.0113,-0.0114 0.0114,-0.0113 0.0114,-0.0227 0.0113,-0.0113 0.0114,-0.0114 0.0114,-0.0114 0.0114,-0.0227 0.0114,-0.0114 0.0114,-0.0114 0.0113,-0.0113 0.0114,-0.0227 0.0114,-0.0113 0.0113,-0.0114 0.0114,-0.0114 0.0114,-0.0227 0.0114,-0.0114 0.0113,-0.0113 0.0114,-0.0114 0.0114,-0.0227 0.0113,-0.0114 0.0114,-0.0114 0.0114,-0.0227 0.0113,-0.0114 0.0114,-0.0114 0.0114,-0.0113 0.0113,-0.0227 0.0114,-0.0114 0.0114,-0.0114 0.0227,-0.0227 0.0114,-0.0114 0.0114,-0.0114 0.0113,-0.0113 0.0114,-0.0227 0.0114,-0.0114 0.0113,-0.0113 0.0114,-0.0114 0.0114,-0.0227 0.0113,-0.0114 0.0114,-0.0114 0.0114,-0.0227 0.0114,-0.0114 0.0114,-0.0114 0.0114,-0.0114 0.0114,-0.0227 0.0113,-0.0113 0.0114,-0.0114 0.0114,-0.0227 0.0114,-0.0114 0.0114,-0.0114 0.0114,-0.0113 0.0113,-0.0227 0.0114,-0.0113 0.0114,-0.0114 0.0113,-0.0227 0.0114,-0.0114 0.0114,-0.0114 0.0113,-0.0114 0.0114,-0.0227 0.0114,-0.0114 0.0227,-0.0114 0.0114,-0.0114 0.0114,-0.0227 0.0113,-0.0114 0.0114,-0.0114 0.0114,-0.0227 0.0113,-0.0114 0.0114,-0.0113 0.0114,-0.0114 0.0113,-0.0227 0.0114,-0.0113 0.0114,-0.0114 0.0113,-0.0114 0.0114,-0.0227 0.0114,-0.0114 0.0114,-0.0114 0.0113,-0.0227 0.0114,-0.0113 0.0114,-0.0114 0.0113,-0.0227 0.0114,-0.0114 0.0114,-0.0114 0.0227,-0.0114 0.0114,-0.0227 0.0113,-0.0114 0.0114,-0.0113 0.0114,-0.0227 0.0114,-0.0113 0.0114,-0.0114 0.0114,-0.0227 0.0114,-0.0114 0.0113,-0.0114 0.0114,-0.0227 0.0114,-0.0114 0.0113,-0.0114 0.0114,-0.0113 0.0114,-0.0227 0.0113,-0.0113 0.0114,-0.0114 0.0114,-0.0227 0.0227,-0.0114 0.0114,-0.0114 0.0114,-0.0113 0.0113,-0.0227 0.0114,-0.0114 0.0114,-0.0113 0.0113,-0.0227 0.0114,-0.0114 0.0114,-0.0114 0.0113,-0.0227 0.0114,-0.0114 0.0114,-0.0114 0.0113,-0.0227 0.0114,-0.0114 0.0114,-0.0113 0.0227,-0.0227 0.0114,-0.0114 0.0114,-0.0113 0.0113,-0.0227 0.0114,-0.0113 0.0114,-0.0114 0.0113,-0.0227 0.0114,-0.0114 0.0114,-0.0114 0.0113,-0.0227 0.0114,-0.0114 0.0114,-0.0114 0.0113,-0.0227 0.0114,-0.0114 0.0227,-0.0113 0.0114,-0.0227 0.0114,-0.0113 0.0114,-0.0114 0.0113,-0.0227 0.0114,-0.0114 0.0114,-0.0114 0.0113,-0.0113 0.0114,-0.0227 0.0227,-0.0114 0.0114,-0.0114 0.0114,-0.0227 0.0113,-0.0113 0.0114,-0.0114 0.0114,-0.0227 0.0114,-0.0114 0.0113,-0.0114 0.0114,-0.0227 0.0227,-0.0114 0.0114,-0.0113 0.0114,-0.0114 0.0113,-0.0227 0.0114,-0.0113 0.0114,-0.0114 0.0113,-0.0227 0.0114,-0.0114 0.0227,-0.0114 0.0114,-0.0227 0.0114,-0.0114 0.0114,-0.0113 0.0113,-0.0227 0.0114,-0.0113 0.0114,-0.0114 0.0113,-0.0227 0.0114,-0.0113 0.0227,-0.0114 0.0114,-0.0227 0.0114,-0.0114 0.0113,-0.0114 0.0114,-0.0227 0.0114,-0.0114 0.0113,-0.0113 0.0227,-0.0227 0.0114,-0.0114 0.0113,-0.0113 0.0114,-0.0227 0.0114,-0.0113 0.0114,-0.0114 0.0227,-0.0227 0.0113,-0.0114 0.0114,-0.0114 0.0114,-0.0227 0.0113,-0.0114 0.0114,-0.0113 0.0114,-0.0227 0.0227,-0.0114 0.0114,-0.0113 0.0114,-0.0227 0.0113,-0.0113 0.0114,-0.0227 0.0114,-0.0113 0.0113,-0.0114 0.0114,-0.0227 0.0114,-0.0114 0.0227,-0.0114 0.0114,-0.0113 0.0113,-0.0227 0.0114,-0.0114 0.0114,-0.0113 0.0114,-0.0227 0.0113,-0.0113 0.0114,-0.0114 0.0114,-0.0114 0.0113,-0.0227 0.0114,-0.0114 0.0114,-0.0113 0.0113,-0.0114 0.0114,-0.0114 0.0114,-0.0227 0.0113,-0.0114 0.0114,-0.0114 0.0114,-0.0113 v -0.0114 l 0.0113,-0.0114 0.0114,-0.0113 0.0114,-0.0114 0.0114,-0.0227 0.0114,-0.0114 0.0114,-0.0114 v -0.0113 l 0.0114,-0.0114 0.0113,-0.0114 0.0114,-0.0114 0.0341,-0.0341 v -0.0113 l 0.0114,-0.0114 0.0113,-0.0114 0.0114,-0.0113 0.0114,-0.0114 0.0114,-0.0114 v -0.0113 l 0.0114,-0.0114 0.0114,-0.0114 0.0114,-0.0113 0.0113,-0.0114 0.0114,-0.0114 v -0.0114 l 0.0114,-0.0113 0.0113,-0.0227 0.0114,-0.0113 0.0114,-0.0114 0.0113,-0.0114 0.0114,-0.0113 0.0114,-0.0114 0.0113,-0.0227 0.0114,-0.0114 0.0114,-0.0114 0.0114,-0.0113 0.0113,-0.0114 0.0114,-0.0114 0.0114,-0.0227 0.0113,-0.0114 v -0.0114 l 0.0114,-0.0113 0.0114,-0.0114 0.0113,-0.0227 0.0114,-0.0114 0.0114,-0.0114 0.0113,-0.0113 0.0114,-0.0114 0.0114,-0.0227 0.0113,-0.0114 0.0114,-0.0114 0.0114,-0.0114 0.0114,-0.0227 0.0113,-0.0114 0.0114,-0.0113 0.0114,-0.0114 0.0113,-0.0227 0.0114,-0.0114 0.0114,-0.0114 0.0113,-0.0113 0.0114,-0.0227 0.0114,-0.0114 0.0114,-0.0113 0.0114,-0.0227 0.0114,-0.0113 0.0113,-0.0114 0.0114,-0.0114 0.0114,-0.0227 0.0114,-0.0114 0.0113,-0.0113 0.0114,-0.0114 0.0114,-0.0227 0.0113,-0.0114 0.0114,-0.0114 0.0114,-0.0114 0.0113,-0.0227 0.0114,-0.0114 0.0227,-0.0113 0.0114,-0.0114 0.0114,-0.0227 0.0113,-0.0114 0.0114,-0.0114 0.0114,-0.0227 0.0114,-0.0114 0.0113,-0.0113 0.0114,-0.0114 0.0114,-0.0227 0.0113,-0.0113 0.0114,-0.0114 0.0114,-0.0114 0.0113,-0.0227 0.0114,-0.0114 0.0114,-0.0113 0.0113,-0.0227 0.0114,-0.0113 0.0114,-0.0114 0.0114,-0.0114 0.0113,-0.0227 0.0114,-0.0114 0.0114,-0.0114 0.0113,-0.0227 0.0114,-0.0114 0.0114,-0.0113 0.0227,-0.0114 0.0114,-0.0227 0.0113,-0.0114 0.0114,-0.0114 0.0114,-0.0227 0.0113,-0.0114 0.0114,-0.0114 0.0114,-0.0227 0.0114,-0.0114 0.0113,-0.0113 0.0114,-0.0114 0.0114,-0.0227 0.0113,-0.0114 0.0114,-0.0114 0.0114,-0.0227 0.0113,-0.0114 0.0114,-0.0113 0.0114,-0.0227 0.0113,-0.0114 0.0114,-0.0113 0.0114,-0.0114 0.93126,-1.1584 0.0114,-0.0114 v -0.0114 h 0.0114 v -0.0113 h 0.0113 v -0.0114 l 0.0114,-0.0114 0.0114,-0.0113 0.0113,-0.0114 0.0114,-0.0114 0.0114,-0.0113 0.0113,-0.0227 0.0114,-0.0113 0.0114,-0.0114 v -0.0114 l 0.0227,-0.0113 0.0114,-0.0227 v -0.0114 l 0.0227,-0.0113 v -0.0114 l 0.0114,-0.0227 0.0114,-0.0114 0.0113,-0.0114 0.0114,-0.0113 0.0114,-0.0227 0.0113,-0.0113 0.0114,-0.0114 0.0114,-0.0114 0.0227,-0.0227 0.0114,-0.0114 0.0114,-0.0114 0.0113,-0.0113 0.0114,-0.0227 0.0114,-0.0113 0.0113,-0.0114 0.0114,-0.0227 0.0114,-0.0114 0.0114,-0.0114 0.0114,-0.0227 0.0114,-0.0114 0.0113,-0.0114 0.0114,-0.0113 0.0114,-0.0227 0.0113,-0.0113 0.0114,-0.0114 0.0114,-0.0114 0.0114,-0.0227 0.0113,-0.0114 0.0114,-0.0113 0.0114,-0.0227 0.0113,-0.0113 0.0114,-0.0114 0.0114,-0.0114 0.0113,-0.0227 0.0114,-0.0114 0.0114,-0.0114 0.0114,-0.0113 0.0114,-0.0227 0.0114,-0.0113 0.0114,-0.0114 0.0113,-0.0114 0.0114,-0.0113 0.0114,-0.0227 0.0113,-0.0113 0.0114,-0.0114 0.0114,-0.0114 0.0113,-0.0227 0.0114,-0.0114 0.0114,-0.0114 0.0113,-0.0113 0.0114,-0.0114 0.0114,-0.0227 0.0113,-0.0114 0.0114,-0.0114 0.0114,-0.0113 0.0114,-0.0114 0.0113,-0.0227 0.0114,-0.0113 0.0114,-0.0114 0.0114,-0.0114 0.0114,-0.0227 0.0114,-0.0114 0.0113,-0.0113 0.0114,-0.0114 0.0114,-0.0227 0.0113,-0.0114 0.0114,-0.0114 0.0114,-0.0227 0.0113,-0.0114 0.0114,-0.0114 0.0114,-0.0113 0.0114,-0.0227 0.0113,-0.0113 0.0114,-0.0114 0.0114,-0.0227 0.0113,-0.0114 0.0114,-0.0114 0.0114,-0.0227 0.0114,-0.0114 0.0114,-0.0113 0.0114,-0.0114 0.0113,-0.0227 0.0114,-0.0113 0.0114,-0.0114 0.0113,-0.0227 0.0114,-0.0114 0.0114,-0.0114 0.0114,-0.0113 0.0113,-0.0227 0.0227,-0.0113 0.0113,-0.0114 0.0114,-0.0114 0.0114,-0.0227 0.0113,-0.0114 0.0114,-0.0114 0.0114,-0.0227 0.0113,-0.0114 0.0114,-0.0113 0.0114,-0.0114 0.0114,-0.0227 0.0113,-0.0114 0.0114,-0.0114 0.0114,-0.0227 0.0113,-0.0114 0.0114,-0.0114 0.0114,-0.0113 0.0113,-0.0227 0.0114,-0.0113 0.0114,-0.0114 0.0113,-0.0227 0.0114,-0.0114 0.0114,-0.0114 0.0114,-0.0113 0.0114,-0.0227 0.0114,-0.0113 0.0227,-0.0114 0.0114,-0.0227 0.0114,-0.0113 0.0114,-0.0114 0.0114,-0.0114 0.0114,-0.0227 0.0113,-0.0114 0.0114,-0.0113 0.0114,-0.0114 0.0113,-0.0227 0.0114,-0.0114 0.0114,-0.0114 0.0113,-0.0114 0.0114,-0.0227 0.0114,-0.0114 0.0114,-0.0113 0.0113,-0.0114 0.0114,-0.0227 0.0114,-0.0114 0.0113,-0.0114 0.0114,-0.0113 0.0114,-0.0227 0.0113,-0.0113 0.0114,-0.0114 0.0114,-0.0227 0.0113,-0.0114 0.0114,-0.0114 0.0114,-0.0114 0.0227,-0.0227 0.0114,-0.0114 0.0114,-0.0113 0.0113,-0.0227 0.0114,-0.0113 0.0114,-0.0114 0.0113,-0.0227 0.0114,-0.0114 0.0114,-0.0114 0.0113,-0.0227 0.0114,-0.0114 0.0114,-0.0114 0.0113,-0.0113 0.0114,-0.0227 0.0227,-0.0113 0.0114,-0.0114 0.0114,-0.0227 0.0114,-0.0114 0.0113,-0.0114 0.0114,-0.0227 0.0114,-0.0114 0.0113,-0.0114 0.0114,-0.0227 0.0114,-0.0114 0.0113,-0.0113 0.0114,-0.0227 0.0114,-0.0113 0.0227,-0.0114 0.0114,-0.0114 0.0114,-0.0227 0.0113,-0.0114 0.0114,-0.0113 0.0114,-0.0227 0.0113,-0.0114 0.0114,-0.0113 0.0114,-0.0114 0.0113,-0.0227 0.0114,-0.0114 0.0114,-0.0114 0.0113,-0.0227 0.0114,-0.0114 0.0114,-0.0113 0.0113,-0.0114 0.0114,-0.0227 0.0114,-0.0114 0.0114,-0.0114 0.0113,-0.0114 0.0114,-0.0227 0.0227,-0.0114 0.0114,-0.0114 0.0114,-0.0227 0.0113,-0.0113 0.0114,-0.0114 0.0114,-0.0114 0.0113,-0.0227 0.0114,-0.0114 0.0114,-0.0114 0.0114,-0.0227 0.0113,-0.0114 0.0114,-0.0113 0.0114,-0.0114 0.0113,-0.0227 0.0114,-0.0114 0.0114,-0.0114 0.0113,-0.0227 0.0114,-0.0114 0.0114,-0.0113 0.0114,-0.0114 0.0227,-0.0227 0.0113,-0.0113 0.0114,-0.0114 0.0114,-0.0227 0.0114,-0.0114 0.0113,-0.0114 0.0114,-0.0113 0.0114,-0.0227 0.0113,-0.0113 0.0114,-0.0114 0.0114,-0.0114 0.0113,-0.0227 0.0114,-0.0114 0.0114,-0.0114 0.0113,-0.0227 0.0114,-0.0114 0.0114,-0.0113 0.0113,-0.0114 0.0114,-0.0227 0.0114,-0.0114 0.0114,-0.0114 0.0113,-0.0113 0.0114,-0.0227 0.0114,-0.0114 0.0113,-0.0113 0.0114,-0.0114 0.0114,-0.0114 0.0113,-0.0227 0.0114,-0.0114 0.0114,-0.0114 0.0113,-0.0114 0.0114,-0.0227 0.0114,-0.0114 0.0113,-0.0114 0.0114,-0.0113 0.0114,-0.0227 0.0227,-0.0114 0.0114,-0.0113 0.0114,-0.0114 0.0114,-0.0227 0.0114,-0.0114 0.0114,-0.0114 0.0113,-0.0113 0.0114,-0.0227 0.0114,-0.0113 0.0113,-0.0114 0.0114,-0.0114 0.0114,-0.0227 0.0114,-0.0114 0.0113,-0.0114 0.0114,-0.0227 0.0114,-0.0114 0.0113,-0.0113 0.0114,-0.0114 0.0114,-0.0227 0.0113,-0.0114 0.0114,-0.0114 0.0114,-0.0227 0.0113,-0.0114 0.0114,-0.0113 0.0227,-0.0227 0.0114,-0.0114 0.0114,-0.0114 0.0114,-0.0227 0.0341,-0.0454 0.0113,-0.0114 0.0114,-0.0227 0.0114,-0.0114 0.0113,-0.0114 0.0227,-0.0114 0.0113,-0.0227 0.0114,-0.0114 0.0114,-0.0113 0.0113,-0.0227 0.0114,-0.0113 0.0114,-0.0114 0.0114,-0.0227 0.0114,-0.0114 0.0114,-0.0114 0.0114,-0.0227 0.0113,-0.0114 0.0114,-0.0114 0.0114,-0.0227 0.0113,-0.0114 0.0227,-0.0113 0.0113,-0.0227 0.0114,-0.0113 0.0114,-0.0114 0.0114,-0.0227 0.0114,-0.0114 0.0114,-0.0114 0.0114,-0.0227 0.0113,-0.0114 0.0114,-0.0114 0.0114,-0.0227 0.0227,-0.0114 0.0114,-0.0113 0.0113,-0.0227 0.0114,-0.0113 0.0114,-0.0114 0.0113,-0.0227 0.0114,-0.0114 0.0114,-0.0114 0.0114,-0.0227 0.0113,-0.0114 0.0227,-0.0114 0.0113,-0.0227 0.0114,-0.0114 0.0114,-0.0113 0.0113,-0.0227 0.0114,-0.0113 0.0114,-0.0114 0.0113,-0.0227 0.0114,-0.0114 0.0114,-0.0114 0.0113,-0.0227 0.0114,-0.0114 0.0227,-0.0114 0.0113,-0.0227 0.0114,-0.0114 0.0114,-0.0113 0.0113,-0.0227 0.0114,-0.0113 0.0114,-0.0114 0.0113,-0.0227 0.0114,-0.0114 0.0114,-0.0114 0.0114,-0.0227 0.0114,-0.0114 0.0227,-0.0114 0.0114,-0.0227 0.0114,-0.0114 0.0114,-0.0113 0.0114,-0.0227 0.0114,-0.0113 0.0114,-0.0227 0.0113,-0.0113 0.0114,-0.0114 0.0227,-0.0227 0.0114,-0.0113 0.0114,-0.0114 0.0113,-0.0227 0.0114,-0.0114 0.0114,-0.0114 0.0113,-0.0227 0.0114,-0.0114 0.0227,-0.0113 0.0113,-0.0227 0.0114,-0.0113 0.0114,-0.0114 0.0113,-0.0227 0.0114,-0.0113 0.0114,-0.0114 0.0113,-0.0227 0.0227,-0.0114 0.0113,-0.0114 0.0114,-0.0227 0.0114,-0.0114 0.0114,-0.0114 0.0113,-0.0227 0.0114,-0.0114 0.0114,-0.0113 0.0227,-0.0227 0.0114,-0.0113 0.0114,-0.0227 0.0114,-0.0113 0.0114,-0.0114 0.0113,-0.0227 0.0114,-0.0114 0.0114,-0.0114 0.0227,-0.0227 0.0114,-0.0114 0.0114,-0.0114 0.0113,-0.0113 0.0114,-0.0227 0.0114,-0.0113 0.0113,-0.0114 0.0114,-0.0227 0.0114,-0.0114 0.0113,-0.0114 0.0227,-0.0227 0.0114,-0.0114 0.0114,-0.0113 0.0114,-0.0227 0.0113,-0.0114 0.0114,-0.0113 0.0114,-0.0227 0.0114,-0.0113 0.0113,-0.0114 0.0227,-0.0227 0.0113,-0.0114 0.0114,-0.0114 0.0114,-0.0227 0.0113,-0.0114 0.0114,-0.0114 0.0114,-0.0227 0.0113,-0.0114 0.0114,-0.0113 0.0227,-0.0227 0.0113,-0.0113 0.0114,-0.0114 0.0114,-0.0227 0.0114,-0.0114 0.0114,-0.0114 0.0114,-0.0114 0.0113,-0.0227 0.0114,-0.0114 0.0227,-0.0113 0.0114,-0.0227 0.0114,-0.0113 0.0113,-0.0114 0.0114,-0.0227 0.0114,-0.0114 0.0114,-0.0114 0.0113,-0.0113 0.0114,-0.0227 0.0114,-0.0113 0.0113,-0.0114 0.0114,-0.0227 0.0114,-0.0113 0.0227,-0.0114 0.0114,-0.0114 0.0113,-0.0227 0.0114,-0.0114 0.0114,-0.0113 0.0113,-0.0227 0.0114,-0.0113 0.0114,-0.0114 0.0114,-0.0114 0.0113,-0.0227 0.0114,-0.0114 0.0114,-0.0114 0.0113,-0.0113 0.0114,-0.0227 0.0114,-0.0113 0.0113,-0.0114 0.0114,-0.0227 0.0114,-0.0114 0.0113,-0.0114 0.0114,-0.0113 0.0114,-0.0227 0.0113,-0.0114 0.0114,-0.0113 0.0114,-0.0114 0.0227,-0.0227 0.0114,-0.0114 0.0114,-0.0114 0.0113,-0.0113 0.0114,-0.0227 0.0114,-0.0113 0.0113,-0.0114 v -0.0114 l 0.0114,-0.0113 0.0114,-0.0227 0.0114,-0.0114 0.0114,-0.0113 0.0114,-0.0114 0.0114,-0.0114 0.0113,-0.0113 0.0114,-0.0114 0.0114,-0.0227 0.0114,-0.0114 0.0114,-0.0114 v -0.0113 l 0.0114,-0.0114 0.0113,-0.0114 0.0114,-0.0113 0.0114,-0.0114 0.0113,-0.0114 0.0114,-0.0114 0.0114,-0.0113 0.0113,-0.0114 0.0114,-0.0227 v -0.0114 l 0.0114,-0.0114 0.0114,-0.0113 0.0113,-0.0114 0.0114,-0.0227 0.0114,-0.0114 0.0113,-0.0114 0.0114,-0.0113 0.0114,-0.0227 0.0113,-0.0114 0.0114,-0.0113 0.0114,-0.0114 0.0113,-0.0227 0.0114,-0.0114 0.0114,-0.0114 0.0113,-0.0113 0.0114,-0.0227 0.0114,-0.0113 0.0114,-0.0114 0.0113,-0.0114 0.0227,-0.0227 0.0113,-0.0114 0.0114,-0.0114 0.0114,-0.0113 0.0114,-0.0227 0.0114,-0.0113 0.0114,-0.0114 0.0113,-0.0114 0.0114,-0.0113 v -0.0227 l 0.0114,-0.0113 0.0113,-0.0114 0.0114,-0.0114 0.0114,-0.0227 0.0114,-0.0114 0.0113,-0.0114 0.0114,-0.0113 0.0114,-0.0114 0.0113,-0.0227 0.0114,-0.0114 0.0114,-0.0114 0.0113,-0.0113 0.0114,-0.0227 0.0114,-0.0113 0.0114,-0.0114 0.0114,-0.0114 0.0114,-0.0227 0.0114,-0.0114 0.0113,-0.0114 0.0114,-0.0113 0.0114,-0.0227 0.0113,-0.0113 0.0114,-0.0114 0.0114,-0.0114 0.0113,-0.0227 0.0114,-0.0114 0.0114,-0.0113 0.0113,-0.0227 0.0114,-0.0114 0.0114,-0.0113 0.0113,-0.0114 0.0114,-0.0227 0.0114,-0.0114 0.0114,-0.0114 0.0113,-0.0227 0.0114,-0.0114 0.0114,-0.0113 0.0113,-0.0227 0.0114,-0.0114 0.0114,-0.0113 0.0113,-0.0114 0.0114,-0.0227 0.0114,-0.0114 0.0113,-0.0114 0.0114,-0.0227 0.0114,-0.0114 0.0113,-0.0113 0.0114,-0.0114 0.0114,-0.0227 0.0227,-0.0114 0.0114,-0.0114 0.0114,-0.0227 0.0113,-0.0114 0.0114,-0.0114 0.0114,-0.0227 0.0114,-0.0114 0.0114,-0.0113 0.0114,-0.0227 0.0113,-0.0113 0.0114,-0.0114 0.0114,-0.0114 0.0113,-0.0227 0.0114,-0.0114 0.0114,-0.0114 0.0114,-0.0227 0.0113,-0.0114 0.0114,-0.0113 0.0114,-0.0114 0.0113,-0.0227 0.0114,-0.0114 0.0114,-0.0114 0.0113,-0.0113 0.0114,-0.0227 0.0114,-0.0114 0.0113,-0.0113 0.0114,-0.0114 0.0114,-0.0227 0.0114,-0.0114 0.0113,-0.0114 0.0114,-0.0113 v -0.0114 l 0.0114,-0.0227 0.0113,-0.0114 0.0114,-0.0114 0.0114,-0.0113 0.0113,-0.0114 0.0114,-0.0227 0.0114,-0.0113 0.0113,-0.0114 0.0114,-0.0114 0.0114,-0.0227 0.0113,-0.0114 0.0114,-0.0113 0.0114,-0.0114 0.0114,-0.0227 0.0113,-0.0114 0.0114,-0.0114 0.0114,-0.0113 0.0114,-0.0227 0.0114,-0.0114 0.0114,-0.0113 0.0113,-0.0227 0.0114,-0.0113 0.0114,-0.0114 0.0113,-0.0114 0.0114,-0.0227 0.0114,-0.0114 0.0113,-0.0113 0.0114,-0.0227 0.0114,-0.0113 0.0114,-0.0114 0.0113,-0.0114 0.0114,-0.0227 0.0114,-0.0114 0.0113,-0.0114 0.0114,-0.0227 0.0114,-0.0114 0.0113,-0.0113 0.0114,-0.0114 0.0114,-0.0227 0.0113,-0.0114 0.0114,-0.0114 0.0114,-0.0114 0.0114,-0.0227 0.0113,-0.0114 0.0114,-0.0113 0.0114,-0.0114 0.0113,-0.0227 0.0114,-0.0114 0.0114,-0.0114 0.0113,-0.0113 0.0114,-0.0114 0.0114,-0.0227 0.0113,-0.0114 0.0114,-0.0114 0.0114,-0.0114 0.0113,-0.0113 0.0114,-0.0227 0.0114,-0.0113 0.0114,-0.0114 0.0114,-0.0114 0.0114,-0.0227 0.0114,-0.0114 v -0.0113 l 0.0113,-0.0114 0.0114,-0.0227 0.0114,-0.0114 0.0113,-0.0114 0.0114,-0.0114 0.0114,-0.0227 0.0113,-0.0114 0.0114,-0.0113 0.0114,-0.0114 0.0114,-0.0227 0.0114,-0.0114 0.0114,-0.0114 0.0114,-0.0114 0.0113,-0.0227 0.0114,-0.0113 0.0227,-0.0114 0.0114,-0.0227 0.0114,-0.0113 0.0113,-0.0114 0.0114,-0.0114 0.0114,-0.0227 0.0113,-0.0114 0.0114,-0.0113 0.0114,-0.0227 0.0113,-0.0113 0.0114,-0.0114 0.0114,-0.0114 0.0114,-0.0227 0.0113,-0.0114 0.0114,-0.0114 0.0114,-0.0227 0.0113,-0.0114 0.0114,-0.0113 0.0114,-0.0227 0.0113,-0.0113 0.0114,-0.0114 0.0114,-0.0227 0.0113,-0.0114 0.0227,-0.0114 0.0114,-0.0227 0.0113,-0.0114 0.0114,-0.0114 0.0114,-0.0227 0.0113,-0.0114 0.0114,-0.0114 0.0114,-0.0227 0.0113,-0.0113 0.0114,-0.0114 0.0114,-0.0227 0.0114,-0.0114 0.0114,-0.0114 0.0114,-0.0114 0.0113,-0.0227 0.0227,-0.0114 0.0114,-0.0113 0.0113,-0.0227 0.0114,-0.0113 0.0114,-0.0114 0.0113,-0.0227 0.0114,-0.0114 0.0114,-0.0114 0.0113,-0.0227 0.0114,-0.0114 0.0114,-0.0114 0.0113,-0.0227 0.0227,-0.0114 0.0113,-0.0113 0.0114,-0.0227 0.0114,-0.0113 0.0114,-0.0114 0.0113,-0.0114 0.0114,-0.0227 0.0114,-0.0114 0.0113,-0.0114 0.0114,-0.0113 0.0114,-0.0227 0.0113,-0.0113 0.0114,-0.0114 0.0114,-0.0114 0.0113,-0.0227 0.0114,-0.0114 0.0114,-0.0113 0.0113,-0.0114 0.0114,-0.0227 0.0114,-0.0114 0.0114,-0.0114 0.0113,-0.0114 0.0114,-0.0227 0.0114,-0.0114 0.0114,-0.0113 0.0114,-0.0114 0.0114,-0.0114 0.0113,-0.0227 v -0.0114 l 0.0114,-0.0113 0.0114,-0.0114 0.0113,-0.0114 0.0114,-0.0113 0.0114,-0.0227 0.0114,-0.0114 0.0113,-0.0113 0.0114,-0.0114 0.0114,-0.0114 0.0113,-0.0227 0.0114,-0.0114 0.0114,-0.0113 0.0113,-0.0114 0.0114,-0.0227 0.0114,-0.0114 0.0227,-0.0114 0.0114,-0.0227 0.0113,-0.0114 0.0114,-0.0114 0.0114,-0.0227 0.0114,-0.0114 0.0113,-0.0113 0.0114,-0.0227 0.0114,-0.0113 0.0113,-0.0114 0.0114,-0.0114 0.0114,-0.0227 0.0113,-0.0114 0.0114,-0.0114 0.0114,-0.0227 0.0113,-0.0114 0.0114,-0.0114 0.0114,-0.0114 0.0113,-0.0227 0.0227,-0.0114 0.0114,-0.0114 0.0114,-0.0227 0.0114,-0.0114 0.0114,-0.0113 0.0113,-0.0114 0.0114,-0.0227 0.0114,-0.0113 0.0113,-0.0114 0.0114,-0.0114 0.0114,-0.0227 0.0113,-0.0114 0.0114,-0.0113 0.0114,-0.0227 0.0114,-0.0113 0.0114,-0.0114 0.0114,-0.0114 0.0114,-0.0227 0.0113,-0.0114 0.0114,-0.0114 0.0114,-0.0113 0.0114,-0.0227 0.0114,-0.0113 0.0114,-0.0114 0.0113,-0.0114 0.0114,-0.0113 0.0114,-0.0227 0.0113,-0.0113 0.0114,-0.0114 0.0114,-0.0114 0.0114,-0.0227 0.0113,-0.0114 0.0114,-0.0114 0.0114,-0.0113 0.0113,-0.0114 0.0114,-0.0227 0.0114,-0.0114 0.0113,-0.0114 0.0114,-0.0113 0.0114,-0.0114 0.0113,-0.0227 0.0114,-0.0114 v -0.0114 l 0.0114,-0.0114 0.0113,-0.0113 0.0114,-0.0114 0.0114,-0.0227 0.0114,-0.0114 0.0113,-0.0114 0.0114,-0.0113 0.0114,-0.0114 0.0113,-0.0227 0.0114,-0.0114 0.0114,-0.0114 0.0113,-0.0113 0.0114,-0.0114 0.0114,-0.0114 0.0114,-0.0227 0.0114,-0.0114 0.0114,-0.0114 0.0113,-0.0113 v -0.0114 l 0.0114,-0.0114 0.0114,-0.0113 0.0114,-0.0114 0.0114,-0.0114 0.0114,-0.0113 0.0114,-0.0227 0.0113,-0.0113 v -0.0114 l 0.0114,-0.0114 0.0114,-0.0114 0.0113,-0.0113 0.0114,-0.0114 0.0114,-0.0114 v -0.0113 l 0.0113,-0.0114 0.0114,-0.0114 0.0114,-0.0113 0.0114,-0.0114 0.0113,-0.0114 0.0114,-0.0113 v -0.0114 l 0.0114,-0.0114 0.0113,-0.0114 0.0114,-0.0227 0.0114,-0.0114 0.0113,-0.0113 0.0114,-0.0114 0.0114,-0.0114 0.0113,-0.0113 0.0114,-0.0227 0.0114,-0.0113 0.0113,-0.0114 0.0114,-0.0114 0.0114,-0.0113 0.0114,-0.0227 0.0113,-0.0114 0.0114,-0.0113 0.0114,-0.0114 0.0113,-0.0114 0.0114,-0.0113 v -0.0227 l 0.0114,-0.0113 0.0114,-0.0114 0.0114,-0.0114 0.0114,-0.0113 0.0113,-0.0114 0.0114,-0.0114 v -0.0113 l 0.0114,-0.0114 0.0113,-0.0114 0.0114,-0.0114 0.0114,-0.0113 v -0.0114 h 0.0114 l 0.0113,-0.0114 v -0.0113 l 0.0114,-0.0114 v -0.0114 l 0.0114,-0.0113 h 0.0113 l 0.0114,-0.0114 v -0.0114 l 0.0114,-0.0113 0.0113,-0.0114 0.0114,-0.0114 0.0114,-0.0227 0.0114,-0.0114 0.0114,-0.0114 0.0114,-0.0113 v -0.0114 l 0.0113,-0.0114 0.0114,-0.0113 0.0114,-0.0114 0.0114,-0.0114 0.0113,-0.0227 0.0114,-0.0114 0.0114,-0.0113 0.0113,-0.0114 0.0114,-0.0114 v -0.0114 l 0.0114,-0.0113 0.0113,-0.0227 0.0114,-0.0113 0.0114,-0.0114 0.0113,-0.0114 0.0114,-0.0113 0.0114,-0.0227 0.0114,-0.0113 0.0113,-0.0114 0.0114,-0.0114 0.0114,-0.0227 0.0114,-0.0114 0.0114,-0.0114 0.0114,-0.0113 0.0113,-0.0227 0.0114,-0.0113 0.0227,-0.0114 0.0114,-0.0227 0.0114,-0.0114 0.0113,-0.0114 0.0114,-0.0113 0.0114,-0.0227 0.0114,-0.0114 0.0113,-0.0114 0.0114,-0.0227 0.0114,-0.0113 0.0113,-0.0114 0.0114,-0.0114 0.0114,-0.0227 0.0114,-0.0114 0.0114,-0.0113 0.0114,-0.0227 0.0113,-0.0113 0.0114,-0.0114 0.0114,-0.0227 0.0113,-0.0113 0.0114,-0.0114 0.0114,-0.0114 0.0114,-0.0227 0.0227,-0.0114 0.0114,-0.0113 0.0113,-0.0227 0.0114,-0.0113 0.0114,-0.0114 0.0113,-0.0114 0.0114,-0.0227 0.0114,-0.0114 0.0113,-0.0114 0.0114,-0.0227 0.0114,-0.0114 0.0113,-0.0113 0.0114,-0.0227 0.0114,-0.0113 0.0114,-0.0114 0.0113,-0.0227 0.0114,-0.0114 0.0227,-0.0114 0.0114,-0.0227 0.0114,-0.0114 0.0113,-0.0114 0.0114,-0.0113 0.0114,-0.0227 0.0114,-0.0113 0.0114,-0.0114 0.0114,-0.0227 0.0114,-0.0114 0.0113,-0.0114 0.0114,-0.0227 0.0114,-0.0114 0.0114,-0.0114 0.0114,-0.0114 0.0114,-0.0227 0.0113,-0.0113 0.0114,-0.0114 0.0227,-0.0227 0.0114,-0.0114 0.0114,-0.0114 0.0113,-0.0227 0.0114,-0.0114 0.0114,-0.0113 0.0114,-0.0227 0.0113,-0.0114 0.0114,-0.0113 0.0114,-0.0114 0.0113,-0.0227 0.0114,-0.0114 0.0114,-0.0114 0.0113,-0.0227 0.0114,-0.0114 0.0114,-0.0113 0.0113,-0.0114 0.0114,-0.0227 0.0114,-0.0114 0.0113,-0.0114 0.0114,-0.0114 0.0114,-0.0227 0.0114,-0.0114 0.0113,-0.0113 0.0114,-0.0114 0.0114,-0.0114 0.0113,-0.0227 0.0114,-0.0114 0.0114,-0.0114 0.0113,-0.0114 0.0114,-0.0227 0.0114,-0.0114 0.0113,-0.0114 0.0114,-0.0114 0.0114,-0.0227 0.0113,-0.0114 0.0114,-0.0113 0.0114,-0.0227 0.0114,-0.0113 0.0113,-0.0114 0.0114,-0.0114 0.0227,-0.0227 0.0114,-0.0114 0.0114,-0.0113 0.0113,-0.0227 0.0114,-0.0114 0.0114,-0.0227 0.0114,-0.0114 0.0114,-0.0113 0.0114,-0.0227 0.0114,-0.0113 0.0113,-0.0114 0.0114,-0.0227 0.0227,-0.0114 0.0114,-0.0114 0.0114,-0.0227 0.0113,-0.0114 0.0114,-0.0114 0.0114,-0.0227 0.0113,-0.0114 0.0114,-0.0114 0.0114,-0.0227 0.0113,-0.0113 0.0114,-0.0114 0.0114,-0.0227 0.0227,-0.0114 0.0114,-0.0114 0.0114,-0.0227 0.0113,-0.0114 0.0114,-0.0114 0.0114,-0.0227 0.0113,-0.0114 0.0114,-0.0113 0.0114,-0.0114 0.0113,-0.0227 0.0114,-0.0114 0.0114,-0.0114 0.0113,-0.0227 0.0114,-0.0114 0.0114,-0.0114 0.0114,-0.0227 0.0113,-0.0114 0.0114,-0.0113 0.0114,-0.0114 0.0113,-0.0227 0.0114,-0.0114 0.0227,-0.0114 0.0114,-0.0113 0.0114,-0.0227 0.0113,-0.0114 0.0114,-0.0113 0.0114,-0.0114 0.0114,-0.0227 0.0113,-0.0114 0.0114,-0.0114 0.0114,-0.0227 0.0113,-0.0114 0.0114,-0.0113 0.0114,-0.0114 0.0113,-0.0227 0.0114,-0.0114 0.0114,-0.0114 0.0113,-0.0114 0.0114,-0.0227 0.0114,-0.0114 0.0113,-0.0113 0.0114,-0.0114 0.0114,-0.0114 0.0114,-0.0227 0.0113,-0.0114 0.0114,-0.0113 0.0114,-0.0114 0.0113,-0.0114 v -0.0227 l 0.0114,-0.0114 0.0114,-0.0114 0.0113,-0.0113 0.0114,-0.0114 0.0114,-0.0227 0.0113,-0.0114 0.0114,-0.0114 0.0114,-0.0113 0.0113,-0.0114 0.0114,-0.0114 0.0114,-0.0227 0.0114,-0.0114 0.0113,-0.0113 0.0114,-0.0114 0.0114,-0.0114 0.0114,-0.0114 0.0114,-0.0227 0.0114,-0.0114 v -0.0113 l 0.0113,-0.0114 0.0114,-0.0114 0.0114,-0.0113 0.0113,-0.0227 0.0114,-0.0113 0.0114,-0.0114 0.0113,-0.0114 0.0114,-0.0114 0.0114,-0.0227 0.0114,-0.0114 0.0113,-0.0113 0.0114,-0.0114 0.0114,-0.0227 0.0113,-0.0114 0.0114,-0.0114 0.0114,-0.0113 0.0113,-0.0114 0.0114,-0.0227 0.0114,-0.0114 0.0113,-0.0114 0.0114,-0.0114 0.0114,-0.0227 0.0114,-0.0114 0.0113,-0.0113 0.0114,-0.0114 0.0114,-0.0114 0.0113,-0.0227 0.0114,-0.0114 0.0114,-0.0113 0.0113,-0.0114 0.0114,-0.0227 0.0114,-0.0114 0.0113,-0.0114 0.0114,-0.0114 0.0114,-0.0227 0.0113,-0.0114 0.0114,-0.0113 0.0114,-0.0114 0.0114,-0.0114 0.0114,-0.0227 0.0114,-0.0114 0.0114,-0.0113 0.0113,-0.0114 0.0114,-0.0114 0.0114,-0.0227 v -0.0114 l 0.0113,-0.0114 0.0114,-0.0113 0.0114,-0.0114 0.0113,-0.0114 0.0114,-0.0227 0.0114,-0.0114 0.0114,-0.0113 0.0114,-0.0114 0.0114,-0.0114 0.0114,-0.0113 0.0113,-0.0227 0.0114,-0.0114 0.0114,-0.0113 0.0113,-0.0114 0.0114,-0.0114 v -0.0113 l 0.0114,-0.0114 0.0113,-0.0114 0.0114,-0.0227 0.0114,-0.0114 0.0113,-0.0113 0.0114,-0.0114 0.0114,-0.0114 0.0113,-0.0113 v -0.0114 l 0.0114,-0.0114 0.0114,-0.0114 0.0114,-0.0113 0.0113,-0.0114 0.0114,-0.0227 0.0114,-0.0114 0.0113,-0.0114 v -0.0113 l 0.0114,-0.0114 0.0114,-0.0114 0.0113,-0.0113 0.0114,-0.0114 0.0114,-0.0114 v -0.0113 l 0.0113,-0.0114 0.0114,-0.0114 0.0114,-0.0114 0.0114,-0.0113 v -0.0114 l 0.0113,-0.0114 0.0114,-0.0113 0.0114,-0.0114 v -0.0114 l 0.0113,-0.0113 0.0114,-0.0114 0.0114,-0.0114 0.0113,-0.0113 0.0114,-0.0114 0.0114,-0.0227 0.0114,-0.0114 0.0114,-0.0114 0.0114,-0.0114 0.0113,-0.0113 0.0114,-0.0227 0.0114,-0.0113 0.0114,-0.0114 0.0114,-0.0114 0.0114,-0.0113 0.0114,-0.0227 0.0113,-0.0113 0.0114,-0.0114 0.0114,-0.0114 0.0113,-0.0114 0.0114,-0.0227 v -0.0114 l 0.0114,-0.0113 0.0113,-0.0114 0.0114,-0.0114 0.0114,-0.0227 0.0113,-0.0114 0.0227,-0.0113 0.0114,-0.0114 0.0113,-0.0227 0.0114,-0.0114 0.0114,-0.0114 0.0113,-0.0227 0.0114,-0.0114 0.0114,-0.0114 0.0113,-0.0227 0.0114,-0.0114 0.0114,-0.0113 0.0113,-0.0227 0.0114,-0.0113 0.0114,-0.0114 0.0227,-0.0227 0.0114,-0.0114 0.0114,-0.0114 0.0113,-0.0227 0.0114,-0.0114 0.0114,-0.0114 0.0114,-0.0227 0.0114,-0.0114 0.0114,-0.0113 0.0113,-0.0227 0.0114,-0.0113 0.0114,-0.0114 0.0113,-0.0227 0.0114,-0.0113 0.0114,-0.0114 0.0227,-0.0227 0.0114,-0.0114 0.0114,-0.0114 0.0113,-0.0227 0.0114,-0.0114 0.0114,-0.0114 0.0113,-0.0227 0.0114,-0.0113 0.0114,-0.0114 0.0114,-0.0227 0.0114,-0.0113 0.0114,-0.0114 0.0113,-0.0227 0.0227,-0.0114 0.0114,-0.0114 0.0113,-0.0227 0.0114,-0.0114 0.0114,-0.0113 0.0113,-0.0227 0.0114,-0.0113 0.0114,-0.0114 0.0113,-0.0227 0.0114,-0.0113 0.0114,-0.0114 0.0113,-0.0227 0.0114,-0.0114 0.0227,-0.0114 0.0114,-0.0227 0.0114,-0.0114 0.0114,-0.0113 0.0114,-0.0227 0.0114,-0.0113 0.0114,-0.0114 0.0113,-0.0227 0.0114,-0.0113 0.0114,-0.0114 0.0113,-0.0227 0.0114,-0.0114 0.0114,-0.0114 0.0113,-0.0113 0.0114,-0.0227 0.0227,-0.0113 0.0113,-0.0114 0.0114,-0.0227 0.0114,-0.0113 0.0113,-0.0114 0.0114,-0.0227 0.0114,-0.0114 0.0114,-0.0114 0.0114,-0.0227 0.0114,-0.0114 0.0113,-0.0114 0.0114,-0.0227 0.0114,-0.0113 0.0113,-0.0114 0.0114,-0.0227 0.0227,-0.0113 0.0113,-0.0114 0.0114,-0.0227 0.0114,-0.0114 0.0113,-0.0114 0.0114,-0.0227 0.0114,-0.0114 0.0113,-0.0113 0.0114,-0.0227 0.0114,-0.0113 0.0113,-0.0114 0.0114,-0.0227 0.0114,-0.0114 0.0113,-0.0114 0.0114,-0.0114 0.0114,-0.0227 0.0114,-0.0114 0.0227,-0.0113 0.0114,-0.0227 0.0113,-0.0113 0.0114,-0.0114 0.0114,-0.0114 0.0113,-0.0227 0.0114,-0.0114 0.0114,-0.0114 0.0114,-0.0227 0.0114,-0.0114 0.0114,-0.0114 0.0113,-0.0114 0.0114,-0.0227 0.0114,-0.0114 0.0114,-0.0114 0.0227,-0.0227 0.0114,-0.0114 0.0113,-0.0114 0.0114,-0.0113 0.0114,-0.0227 0.0113,-0.0113 0.0114,-0.0114 0.0114,-0.0114 0.0113,-0.0113 0.0114,-0.0227 0.0114,-0.0113 0.0114,-0.0114 0.0113,-0.0114 v -0.0113 l 0.0114,-0.0114 0.0114,-0.0227 0.0113,-0.0113 0.0114,-0.0114 0.0114,-0.0114 0.0113,-0.0113 0.0114,-0.0114 0.0114,-0.0114 0.0113,-0.0227 v -0.0114 l 0.0114,-0.0113 0.0114,-0.0114 0.0113,-0.0114 0.0114,-0.0113 0.0114,-0.0114 v -0.0114 l 0.0114,-0.0114 0.0113,-0.0114 0.0114,-0.0114 0.0114,-0.0114 0.0113,-0.0113 0.0114,-0.0114 0.0114,-0.0227 0.0114,-0.0114 0.0114,-0.0114 v -0.0113 l 0.0114,-0.0114 0.0113,-0.0114 0.0114,-0.0113 0.0114,-0.0227 0.0113,-0.0114 0.0114,-0.0113 0.0114,-0.0114 0.0114,-0.0114 0.0113,-0.0227 0.0114,-0.0114 0.0227,-0.0113 0.0114,-0.0114 0.0114,-0.0227 0.0113,-0.0114 0.0114,-0.0114 0.0227,-0.0114 0.0114,-0.0113 0.0114,-0.0227 0.0113,-0.0113 0.0227,-0.0114 0.0114,-0.0114 0.0113,-0.0227 0.0114,-0.0114 0.0114,-0.0113 0.0227,-0.0114 0.0114,-0.0227 0.0113,-0.0114 0.0114,-0.0114 0.0114,-0.0114 0.0227,-0.0113 0.0114,-0.0227 0.0114,-0.0113 0.0113,-0.0114 0.0114,-0.0114 0.0227,-0.0113 0.0114,-0.0227 0.0114,-0.0113 0.0113,-0.0114 0.0227,-0.0227 0.0113,-0.0114 0.0114,-0.0114 0.0227,-0.0114 0.0114,-0.0227 0.0114,-0.0114 0.0114,-0.0113 0.0227,-0.0227 0.0114,-0.0113 0.0113,-0.0114 0.0114,-0.0114 0.0227,-0.0227 0.0114,-0.0114 0.0454,-0.0454 0.0113,-0.0113 0.0114,-0.0114 0.0227,-0.0227 0.0113,-0.0114 0.0114,-0.0114 0.0114,-0.0227 0.0227,-0.0114 0.0114,-0.0113 0.0113,-0.0114 0.0114,-0.0227 0.0227,-0.0113 0.0114,-0.0114 0.0114,-0.0114 0.0113,-0.0113 0.0227,-0.0114 0.0114,-0.0114 0.0113,-0.0113 0.0227,-0.0114 0.0113,-0.0114 0.0114,-0.0113 0.0227,-0.0114 0.0114,-0.0114 0.0227,-0.0113 0.0114,-0.0114 h 0.0114 l 0.0227,-0.0114 0.0114,-0.0114 0.0114,-0.0113 0.0227,-0.0114 h 0.0114 l 0.0113,-0.0114 0.0227,-0.0113 0.0113,-0.0114 0.0114,-0.0114 h 0.0227 l 0.0114,-0.0113 0.0114,-0.0114 h 0.0114 l 0.0227,-0.0114 0.0114,-0.0113 0.0113,-0.0114 0.0227,-0.0114 h 0.0113 l 0.0114,-0.0113 0.0227,-0.0114 0.0114,-0.0114 h 0.0114 l 0.0113,-0.0114 0.0227,-0.0113 0.0114,-0.0114 h 0.0113 l 0.0227,-0.0114 0.0113,-0.0113 0.0114,-0.0114 0.0227,-0.0114 0.0114,-0.0113 h 0.0227 l 0.0114,-0.0114 0.0114,-0.0114 0.0227,-0.0113 0.0114,-0.0114 0.0114,-0.0114 h 0.0227 l 0.0114,-0.0114 0.0227,-0.0113 0.0114,-0.0114 0.0113,-0.0114 0.0227,-0.0113 h 0.0114 l 0.0227,-0.0114 0.0114,-0.0114 0.0113,-0.0113 0.0227,-0.0114 0.0113,-0.0114 0.0114,-0.0113 h 0.0227 l 0.0114,-0.0114 0.0114,-0.0114 0.0227,-0.0113 0.0114,-0.0114 h 0.0113 l 0.0227,-0.0114 0.0114,-0.0114 0.40884,-0.2612 0.0227,-0.0114 h 0.0113 l 0.0114,-0.0114 0.0227,-0.0113 0.0114,-0.0114 0.0114,-0.0114 0.0227,-0.0113 0.0114,-0.0114 0.0114,-0.0114 h 0.0227 l 0.0114,-0.0114 0.0113,-0.0113 0.0227,-0.0114 0.0113,-0.0114 0.0114,-0.0113 h 0.0227 l 0.0114,-0.0114 0.0114,-0.0114 0.0227,-0.0113 0.0114,-0.0114 0.0114,-0.0114 0.0227,-0.0114 h 0.0114 l 0.0113,-0.0114 0.0227,-0.0114 0.0113,-0.0114 0.0114,-0.0113 0.0227,-0.0114 0.0114,-0.0114 0.5792,-0.36342 0.0114,-0.0113 h 0.0114 l 0.0227,-0.0114 0.0114,-0.0114 0.0113,-0.0114 0.0227,-0.0114 0.0114,-0.0114 h 0.0113 l 0.0227,-0.0113 0.0113,-0.0114 0.0114,-0.0114 0.0227,-0.0113 h 0.0114 l 0.0114,-0.0114 0.0227,-0.0114 0.0114,-0.0114 h 0.0113 l 0.0114,-0.0113 0.0227,-0.0114 0.0113,-0.0114 0.0114,-0.0113 h 0.0227 l 0.0114,-0.0114 0.0114,-0.0114 0.0227,-0.0113 h 0.0114 l 0.0114,-0.0114 0.0114,-0.0114 0.0227,-0.0113 h 0.0114 l 0.0114,-0.0114 0.0114,-0.0114 0.0114,-0.0114 0.0227,-0.0113 0.0113,-0.0114 h 0.0114 l 0.0114,-0.0114 0.0227,-0.0113 0.0114,-0.0114 0.0113,-0.0114 0.0114,-0.0113 0.0227,-0.0114 0.0114,-0.0114 0.0114,-0.0113 0.0227,-0.0114 0.0114,-0.0114 0.0114,-0.0113 0.0227,-0.0114 0.0114,-0.0114 0.0113,-0.0114 0.0227,-0.0227 0.0113,-0.0114 0.0114,-0.0114 0.0227,-0.0114 0.0113,-0.0114 0.0227,-0.0113 0.0113,-0.0114 0.0114,-0.0114 0.0227,-0.0113 0.0114,-0.0114 0.0114,-0.0114 0.0227,-0.0113 0.0114,-0.0114 0.0113,-0.0227 0.0227,-0.0113 0.0114,-0.0114 0.0113,-0.0114 0.0114,-0.0113 0.0227,-0.0114 0.0114,-0.0114 0.0114,-0.0113 0.0227,-0.0114 0.0114,-0.0114 0.0114,-0.0113 0.0227,-0.0114 0.0113,-0.0227 0.0114,-0.0113 0.0227,-0.0114 0.0113,-0.0114 0.0114,-0.0113 0.0227,-0.0114 0.0114,-0.0114 0.0114,-0.0113 0.0227,-0.0114 0.0114,-0.0114 0.0113,-0.0113 0.0227,-0.0114 0.0113,-0.0114 0.0114,-0.0113 0.0114,-0.0227 0.0227,-0.0114 0.0114,-0.0114 0.0114,-0.0114 0.0113,-0.0114 0.0227,-0.0113 0.0113,-0.0114 0.0114,-0.0114 0.0114,-0.0113 0.0227,-0.0114 0.0114,-0.0114 0.0114,-0.0113 0.0227,-0.0114 0.0114,-0.0114 0.0113,-0.0113 0.0114,-0.0114 1.10162,-0.91991 0.0114,-0.0114 0.0227,-0.0113 0.0114,-0.0114 0.0113,-0.0114 0.0114,-0.0113 0.0227,-0.0114 0.0114,-0.0114 0.0114,-0.0227 0.0113,-0.0114 0.0227,-0.0114 0.0113,-0.0113 0.0114,-0.0114 0.0114,-0.0114 0.0227,-0.0113 0.0114,-0.0114 0.0114,-0.0114 0.0113,-0.0113 0.0227,-0.0114 0.0113,-0.0114 0.0114,-0.0113 0.0114,-0.0114 0.0227,-0.0114 0.0114,-0.0113 0.0113,-0.0114 0.0114,-0.0114 0.0227,-0.0114 0.0114,-0.0113 0.0114,-0.0114 0.0114,-0.0114 0.0227,-0.0113 0.0114,-0.0114 0.0113,-0.0114 0.0114,-0.0113 0.0227,-0.0227 0.0114,-0.0113 0.0114,-0.0114 0.0113,-0.0114 0.0227,-0.0113 0.0113,-0.0114 0.0114,-0.0114 0.0114,-0.0114 0.0227,-0.0113 0.0114,-0.0114 0.0114,-0.0114 0.0113,-0.0113 0.0114,-0.0114 0.0227,-0.0114 h 0.0114 l 0.0114,-0.0113 0.0113,-0.0114 0.0114,-0.0114 0.0227,-0.0113 0.0113,-0.0114 0.0114,-0.0114 0.0114,-0.0114 0.0113,-0.0114 0.0114,-0.0114 0.0114,-0.0114 0.0113,-0.0113 0.0114,-0.0114 h 0.0114 l 0.0227,-0.0114 0.0114,-0.0113 0.0113,-0.0114 0.0114,-0.0114 h 0.0114 v -0.0113 l 0.0114,-0.0114 0.0113,-0.0114 0.0114,-0.0113 h 0.0114 l 0.0114,-0.0114 0.0114,-0.0114 0.0114,-0.0114 h 0.0113 l 0.0114,-0.0113 0.0114,-0.0114 h 0.0113 v -0.0114 l 0.0114,-0.0113 h 0.0114 l 0.0113,-0.0114 v 0 l 0.0114,-0.0114 0.0114,-0.0113 v 0 l 0.0114,-0.0114 h 0.0113 v -0.0114 h 0.0114 v 0 l 0.0114,-0.0113 0.0113,-0.0114 v 0 l 0.0114,-0.0114 0.0114,-0.0113 v 0 h 0.0113 l 0.0114,-0.0114 v 0 l 0.0114,-0.0114 v 0 l 0.0113,-0.0114 h 0.0114 v -0.0113 h 0.0114 0.0113 v -0.0114 h 0.0114 v -0.0114 h 0.0114 0.0114 v -0.0113 h 0.0113 0.0114 v -0.0114 h 0.0114 l 0.0113,-0.0114 h 0.0114 v -0.0113 h 0.0114 0.0113 v -0.0114 h 0.0114 l 0.0114,-0.0114 0.0113,-0.0114 v 0 l 0.0114,-0.0114 h 0.0114 l 0.0114,-0.0114 0.0114,-0.0113 v -0.0114 h 0.0114 l 0.0114,-0.0114 0.0113,-0.0114 h 0.0114 l 0.0114,-0.0113 0.0113,-0.0114 0.0114,-0.0114 v 0 l 0.0114,-0.0113 0.0113,-0.0114 h 0.0114 l 0.0114,-0.0114 0.0114,-0.0113 0.0114,-0.0114 0.0114,-0.0114 h 0.0114 l 0.0113,-0.0113 0.0114,-0.0454 0.0114,-0.0114 h 0.0113 v -0.0114 h 0.0114 v -0.0113 h 0.0114 l 0.0113,-0.0114 v 0 l 0.0114,-0.0114 h 0.0114 v -0.0113 h 0.0113 l 0.0114,-0.0114 h 0.0114 v -0.0114 l 0.0113,-0.0113 h 0.0114 l 0.0114,-0.0114 v 0 l 0.0114,-0.0114 0.0113,-0.0113 h 0.0114 l 0.0114,-0.0114 v -0.0114 h 0.0113 l 0.0114,-0.0114 0.0114,-0.0113 h 0.0113 l 0.0114,-0.0114 0.0114,-0.0114 v 0 l 0.0113,-0.0113 0.0114,-0.0114 h 0.0114 l 0.0113,-0.0114 0.0114,-0.0113 0.0114,-0.0114 h 0.0114 v -0.0114 l 0.0113,-0.0113 0.0114,-0.0114 h 0.0114 l 0.0113,-0.0114 0.0114,-0.0113 0.0114,-0.0114 h 0.0114 l 0.0114,-0.0114 v -0.0114 l 0.0114,-0.0113 0.0113,-0.0114 h 0.0114 l 0.0114,-0.0114 0.0114,-0.0113 0.0114,-0.0114 h 0.0114 l 0.0114,-0.0114 0.0113,-0.0113 0.0114,-0.0114 0.0114,-0.0114 h 0.0113 l 0.0114,-0.0114 0.0114,-0.0114 0.0113,-0.0114 v -0.0113 h 0.0114 l 0.0114,-0.0114 0.0113,-0.0114 0.0114,-0.0114 h 0.0114 l 0.0114,-0.0113 0.0113,-0.0114 0.0114,-0.0114 h 0.0114 l 0.0113,-0.0113 0.0114,-0.0114 0.0114,-0.0114 v 0 l 0.0113,-0.0113 0.0114,-0.0114 0.0114,-0.0114 h 0.0113 l 0.0114,-0.0113 0.0114,-0.0114 h 0.0113 l 0.0114,-0.0114 v -0.0114 l 0.0114,-0.0113 h 0.0114 l 0.0113,-0.0114 0.0114,-0.0114 h 0.0114 l 0.0114,-0.0113 0.0114,-0.0114 v -0.0114 h 0.0114 l 0.0113,-0.0113 0.0114,-0.0114 h 0.0114 l 0.0113,-0.0114 0.0114,-0.0113 v 0 l 0.0114,-0.0114 0.0114,-0.0114 h 0.0113 l 0.0114,-0.0113 0.0114,-0.0114 0.0113,-0.0114 v 0 l 0.0114,-0.0114 0.0114,-0.0113 0.0113,-0.0114 h 0.0114 l 0.0114,-0.0114 0.0114,-0.0113 h 0.0114 l 0.0114,-0.0114 0.0113,-0.0114 0.0114,-0.0114 v 0 l 0.0114,-0.0114 0.0114,-0.0114 0.0113,-0.0113 h 0.0114 l 0.0114,-0.0114 0.0113,-0.0114 0.0114,-0.0113 h 0.0114 l 0.0227,-0.0341 0.20442,-0.12492 v 0 l 1.35147,-1.09026 0.0681,-0.0568 0.0114,-0.0113 v 0 l 0.0114,-0.0114 h 0.0114 l 0.0113,-0.0114 0.0114,-0.0113 h 0.0114 l 0.0113,-0.0114 0.0114,-0.0114 v 0 l 0.0114,-0.0113 h 0.0113 v -0.0114 h 0.0114 0.0114 l 0.0113,-0.0114 0.0114,-0.0114 v 0 l 0.0114,-0.0113 v 0 l 0.0114,-0.0114 v 0 l 0.0113,-0.0114 v 0 h 0.0114 v -0.0113 h 0.0114 l 0.0113,-0.0114 v 0 h 0.0114 v -0.0114 h 0.0114 v -0.0113 h 0.0114 v 0 l 0.0114,-0.0114 h 0.0114 v -0.0114 h 0.0113 0.0114 v -0.0113 h 0.0114 l 0.0113,-0.0114 v 0 h 0.0114 l 0.0114,-0.0114 v 0 h 0.0114 l 0.0113,-0.0114 h 0.0114 v -0.0114 h 0.0114 0.0113 v -0.0114 h 0.0114 0.0114 v -0.0114 h 0.0113 l 0.0114,-0.0113 h 0.0114 v 0 l 0.0113,-0.0114 h 0.0114 l 0.0114,-0.0114 h 0.0113 v -0.0113 h 0.0114 0.0114 l 0.0114,-0.0114 h 0.0113 l 0.0114,-0.0114 h 0.0114 v -0.0113 h 0.0113 l 0.0114,-0.0114 h 0.0114 l 0.0113,-0.0114 h 0.0114 l 0.0114,-0.0113 v 0 h 0.0113 l 0.0114,-0.0114 h 0.0114 l 0.0114,-0.0114 h 0.0113 l 0.0114,-0.0114 h 0.0114 v -0.0113 h 0.0114 l 0.0114,-0.0114 h 0.0114 l 0.0113,-0.0114 h 0.0114 v 0 l 0.0114,-0.0113 h 0.0113 l 0.0114,-0.0114 h 0.0114 l 0.0113,-0.0114 v 0 l 0.0114,-0.0113 h 0.0114 0.0114 l 0.0113,-0.0114 v 0 l 0.0114,-0.0114 h 0.0114 l 0.0113,-0.0113 h 0.0114 l 0.0114,-0.0114 v 0 h 0.0113 l 0.0114,-0.0114 h 0.0114 v -0.0113 h 0.0113 l 0.0114,-0.0114 h 0.0114 v 0 l 0.0113,-0.0114 h 0.0114 l 0.0114,-0.0114 v 0 h 0.0114 l 0.0113,-0.0113 v 0 l 0.0114,-0.0114 h 0.0114 v 0 l 0.0113,-0.0114 v 0 l 0.0114,-0.0113 h 0.0114 v 0 l 0.0113,-0.0114 v 0 h 0.0114 l 0.0114,-0.0114 0.0113,-0.0113 h 0.0114 v -0.0114 h 0.0114 l 0.0113,-0.0114 v 0 h 0.0114 l 0.0114,-0.0113 0.36342,-0.18171 h 0.0114 l 0.0113,-0.0114 v 0 l 0.0114,-0.0114 h 0.0114 l 0.0113,-0.0114 h 0.0114 v 0 l 0.0114,-0.0113 h 0.0113 v 0 l 0.0114,-0.0114 h 0.0114 l 0.0113,-0.0114 h 0.0114 l 0.0114,-0.0113 h 0.0114 l 0.0113,-0.0114 h 0.0114 l 0.0114,-0.0114 0.0113,-0.0113 h 0.0114 l 0.0227,-0.0114 h 0.0114 l 0.0114,-0.0114 0.0113,-0.0113 h 0.0114 l 0.0114,-0.0114 h 0.0227 l 0.0114,-0.0114 0.0114,-0.0113 h 0.0113 l 0.0114,-0.0114 0.0227,-0.0114 h 0.0114 l 0.0114,-0.0114 h 0.0113 l 0.0114,-0.0113 0.0227,-0.0114 h 0.0114 l 0.0114,-0.0114 h 0.0114 l 0.0113,-0.0113 0.0114,-0.0114 h 0.0227 l 0.0114,-0.0114 h 0.0114 l 0.0113,-0.0113 h 0.0114 l 0.0114,-0.0114 h 0.0113 l 0.0114,-0.0114 0.0114,-0.0113 h 0.0113 l 0.0114,-0.0114 h 0.0114 l 0.0114,-0.0114 h 0.0227 l 0.0114,-0.0114 0.0114,-0.0114 h 0.0114 l 0.0114,-0.0114 h 0.0113 l 0.0114,-0.0114 h 0.0227 l 0.0114,-0.0113 0.0114,-0.0114 h 0.0113 l 0.0114,-0.0114 h 0.0114 l 0.0114,-0.0113 0.0227,-0.0114 h 0.0114 l 0.0113,-0.0114 h 0.0114 l 0.0114,-0.0113 0.0113,-0.0114 h 0.0114 l 0.0227,-0.0114 h 0.0114 l 0.0114,-0.0113 0.0113,-0.0114 h 0.0114 l 0.0114,-0.0114 h 0.0227 l 0.0114,-0.0113 0.0114,-0.0114 h 0.0113 l 0.0114,-0.0114 h 0.0114 l 0.0113,-0.0114 0.0227,-0.0113 h 0.0113 l 0.0114,-0.0114 h 0.0114 l 0.0114,-0.0114 0.0114,-0.0113 h 0.0114 l 0.0227,-0.0114 h 0.0114 l 0.0114,-0.0114 h 0.0113 l 0.0114,-0.0113 0.0114,-0.0114 h 0.0113 l 0.0114,-0.0114 h 0.0227 l 0.0114,-0.0113 h 0.0114 l 0.0114,-0.0114 0.0113,-0.0114 h 0.0114 l 0.0114,-0.0114 h 0.0227 l 0.0114,-0.0113 0.0113,-0.0114 h 0.0114 l 0.0114,-0.0114 h 0.0113 l 0.0114,-0.0113 h 0.0114 l 0.0113,-0.0114 0.0227,-0.0114 h 0.0114 l 0.0113,-0.0113 h 0.0114 l 0.0114,-0.0114 h 0.0113 l 0.0114,-0.0114 h 0.0114 l 0.0113,-0.0114 0.0114,-0.0114 h 0.0114 l 0.0113,-0.0114 h 0.0114 l 0.0114,-0.0113 h 0.0227 l 0.0114,-0.0114 h 0.0114 l 0.0113,-0.0114 0.0114,-0.0114 h 0.0114 l 0.0113,-0.0113 h 0.0114 l 0.0114,-0.0114 h 0.0114 l 0.0114,-0.0114 h 0.0114 l 0.0113,-0.0113 0.0227,-0.0114 h 0.0114 l 0.0114,-0.0114 h 0.0114 l 0.0114,-0.0113 h 0.0113 l 0.0114,-0.0114 0.0114,-0.0114 h 0.0113 l 0.0114,-0.0113 h 0.0114 l 0.0227,-0.0114 h 0.0114 l 0.0114,-0.0114 0.0114,-0.0114 h 0.0114 l 0.0114,-0.0114 h 0.0113 l 0.0114,-0.0114 h 0.0114 l 0.0113,-0.0114 0.0114,-0.0113 h 0.0227 l 0.0114,-0.0114 h 0.0114 l 0.0113,-0.0114 h 0.0114 l 0.0114,-0.0113 0.0113,-0.0114 h 0.0114 l 0.0114,-0.0114 h 0.0114 l 0.0113,-0.0113 h 0.0114 l 0.0114,-0.0114 0.0227,-0.0114 h 0.0114 l 0.0113,-0.0113 h 0.0114 l 0.0114,-0.0114 h 0.0113 l 0.0114,-0.0114 h 0.0114 l 0.0114,-0.0114 0.0113,-0.0113 h 0.0114 l 0.0114,-0.0114 h 0.0227 l 0.0114,-0.0114 h 0.0113 l 0.0114,-0.0113 0.0114,-0.0114 h 0.0114 l 0.0114,-0.0114 h 0.0114 l 0.0113,-0.0114 h 0.0114 l 0.0114,-0.0114 h 0.0114 l 0.0113,-0.0114 h 0.0114 l 0.0114,-0.0113 h 0.0113 l 0.0114,-0.0114 0.0114,-0.0114 h 0.0113 l 0.0114,-0.0113 h 0.0114 l 0.0113,-0.0114 h 0.0114 l 0.0114,-0.0114 h 0.0113 l 0.0114,-0.0114 h 0.0114 l 0.0114,-0.0113 h 0.0114 l 0.0114,-0.0114 h 0.0114 l 0.0113,-0.0114 h 0.0114 l 0.0114,-0.0113 h 0.0113 l 0.0114,-0.0114 h 0.0114 l 0.0113,-0.0114 h 0.0114 l 0.0114,-0.0113 h 0.0114 l 0.0114,-0.0114 h 0.0114 l 0.0114,-0.0114 h 0.0113 l 0.0114,-0.0114 h 0.0114 l 0.0114,-0.0114 h 0.0114 l 0.0114,-0.0114 h 0.0113 l 0.0114,-0.0113 h 0.0114 l 0.0113,-0.0114 0.0114,-0.0114 h 0.0114 l 0.0114,-0.0114 h 0.0227 l 0.0114,-0.0113 h 0.0113 l 0.0114,-0.0114 0.0114,-0.0114 h 0.0113 l 0.0114,-0.0113 h 0.0114 l 0.0227,-0.0114 h 0.0114 l 0.0113,-0.0114 0.0114,-0.0113 h 0.0114 l 0.0114,-0.0114 h 0.0113 l 0.0227,-0.0114 0.0113,-0.0113 h 0.0114 l 0.0114,-0.0114 h 0.0113 l 0.0114,-0.0114 0.0114,-0.0113 h 0.0227 l 0.0114,-0.0114 h 0.0113 l 0.0114,-0.0114 0.0114,-0.0114 h 0.0114 l 0.0227,-0.0113 h 0.0114 l 0.0113,-0.0114 0.0114,-0.0114 h 0.0114 l 0.0113,-0.0113 h 0.0227 l 0.0113,-0.0114 0.0114,-0.0114 h 0.0114 l 0.0114,-0.0113 h 0.0114 l 0.0227,-0.0114 0.0113,-0.0114 h 0.0114 l 0.0114,-0.0113 h 0.0113 l 0.0114,-0.0114 0.0114,-0.0114 h 0.0227 l 0.0114,-0.0114 h 0.0113 l 0.0114,-0.0113 0.0114,-0.0114 h 0.0114 l 0.0113,-0.0114 h 0.0114 l 0.0227,-0.0113 h 0.0114 l 0.0114,-0.0114 0.0113,-0.0114 h 0.0114 l 0.0114,-0.0114 h 0.0113 l 0.0114,-0.0114 h 0.0227 l 0.0114,-0.0114 0.0114,-0.0113 h 0.0114 l 0.0113,-0.0114 h 0.0114 l 0.0114,-0.0114 h 0.0113 l 0.0227,-0.0113 0.0113,-0.0114 h 0.0114 l 0.0114,-0.0114 h 0.0114 l 0.0114,-0.0114 h 0.0114 l 0.0113,-0.0113 0.0114,-0.0114 h 0.0114 l 0.0227,-0.0114 h 0.0114 l 0.0114,-0.0113 h 0.0113 l 0.0114,-0.0114 0.0114,-0.0114 h 0.0113 l 0.0114,-0.0113 h 0.0114 l 0.0227,-0.0114 h 0.0114 l 0.0114,-0.0114 0.0113,-0.0113 h 0.0114 l 0.0114,-0.0114 h 0.0113 l 0.0114,-0.0114 h 0.0114 l 0.0227,-0.0113 0.0114,-0.0114 h 0.0113 l 0.0114,-0.0114 h 0.0114 l 0.0113,-0.0114 h 0.0114 l 0.0114,-0.0113 0.0114,-0.0114 h 0.0227 l 0.0114,-0.0114 h 0.0113 l 0.0114,-0.0113 0.0114,-0.0114 h 0.0114 l 0.0114,-0.0114 h 0.0114 l 0.0227,-0.0113 h 0.0114 l 0.0113,-0.0114 h 0.0114 l 0.0114,-0.0114 0.0114,-0.0113 h 0.0113 l 0.0114,-0.0114 h 0.0114 l 0.0227,-0.0114 0.0114,-0.0113 h 0.0113 l 0.0114,-0.0114 h 0.0114 l 0.0113,-0.0114 h 0.0114 l 0.0227,-0.0114 0.0114,-0.0114 h 0.0114 l 0.0114,-0.0114 h 0.0113 l 0.0114,-0.0114 0.0114,-0.0113 h 0.0113 l 0.0227,-0.0114 h 0.0113 l 0.0114,-0.0114 0.0114,-0.0113 h 0.0113 l 0.0114,-0.0114 h 0.0114 l 0.0227,-0.0114 h 0.0114 l 0.0114,-0.0113 0.0114,-0.0114 h 0.0114 l 0.0114,-0.0114 h 0.0113 l 0.0114,-0.0114 h 0.0227 l 0.0114,-0.0113 0.0114,-0.0114 h 0.0113 l 0.0114,-0.0114 h 0.0114 l 0.0114,-0.0113 h 0.0113 l 0.0114,-0.0114 0.0227,-0.0114 h 0.0114 l 0.0114,-0.0113 h 0.0113 l 0.0114,-0.0114 0.0114,-0.0114 h 0.0113 l 0.0114,-0.0113 h 0.0227 l 0.0114,-0.0114 h 0.0114 l 0.0114,-0.0114 0.0113,-0.0113 h 0.0114 l 0.0114,-0.0114 h 0.0227 l 0.0114,-0.0114 h 0.0113 l 0.0114,-0.0114 0.0114,-0.0113 h 0.0113 l 0.0114,-0.0114 h 0.0114 l 0.0227,-0.0114 0.0114,-0.0113 h 0.0114 l 0.0113,-0.0114 h 0.0114 l 0.0114,-0.0114 h 0.0113 l 0.0114,-0.0113 0.0227,-0.0114 h 0.0114 l 0.0114,-0.0114 h 0.0114 l 0.0114,-0.0113 0.0114,-0.0114 h 0.0114 l 0.0113,-0.0114 h 0.0227 l 0.0113,-0.0113 h 0.0114 l 0.0114,-0.0114 0.0113,-0.0114 h 0.0114 l 0.0114,-0.0114 h 0.0113 l 0.0227,-0.0113 h 0.0113 l 0.0114,-0.0114 0.0114,-0.0114 h 0.0114 l 0.0113,-0.0113 h 0.0114 l 0.0114,-0.0114 h 0.0227 l 0.0114,-0.0114 0.0113,-0.0113 h 0.0114 l 0.0114,-0.0114 h 0.0113 l 0.0114,-0.0114 0.0114,-0.0113 h 0.0227 l 0.0114,-0.0114 h 0.0114 l 0.0113,-0.0114 h 0.0114 l 0.0114,-0.0113 h 0.0113 l 0.0114,-0.0114 0.0114,-0.0114 h 0.0114 l 0.0114,-0.0114 h 0.0114 l 0.0113,-0.0113 h 0.0227 l 0.0113,-0.0114 h 0.0114 l 0.0114,-0.0114 0.0114,-0.0113 h 0.0113 l 0.0114,-0.0114 h 0.0114 l 0.0113,-0.0114 h 0.0114 l 0.0114,-0.0113 h 0.0113 l 0.0227,-0.0114 0.0113,-0.0114 h 0.0114 l 0.0114,-0.0113 h 0.0114 l 0.0113,-0.0114 h 0.0114 l 0.0114,-0.0114 h 0.0113 l 0.0114,-0.0114 h 0.0114 l 0.0113,-0.0113 0.0114,-0.0114 h 0.0114 l 0.0113,-0.0114 h 0.0114 l 0.0114,-0.0113 h 0.0227 l 0.0114,-0.0114 h 0.0114 l 0.0113,-0.0114 h 0.0114 l 0.0114,-0.0113 h 0.0114 l 0.0114,-0.0114 h 0.0114 l 0.0113,-0.0114 0.0114,-0.0113 h 0.0114 l 0.0113,-0.0114 h 0.0114 l 0.0114,-0.0114 h 0.0113 l 0.0114,-0.0113 h 0.0114 l 0.0114,-0.0114 h 0.0113 l 0.0114,-0.0114 h 0.0114 l 0.0113,-0.0114 h 0.0114 l 0.0114,-0.0113 0.0114,-0.0114 h 0.0114 l 0.0114,-0.0114 h 0.0113 l 0.0114,-0.0113 h 0.0114 l 0.0114,-0.0114 h 0.0113 l 0.0114,-0.0114 h 0.0114 l 0.0113,-0.0113 h 0.0114 l 0.0114,-0.0114 h 0.0113 l 0.0114,-0.0114 h 0.0114 l 0.0113,-0.0113 h 0.0114 l 0.0114,-0.0114 h 0.0113 l 0.0114,-0.0114 h 0.0114 l 0.0114,-0.0113 h 0.0114 l 0.0114,-0.0114 h 0.0114 l 0.0113,-0.0114 h 0.0114 l 0.0114,-0.0114 h 0.0113 l 0.0114,-0.0113 h 0.0114 l 0.0113,-0.0114 h 0.0114 l 0.0114,-0.0114 h 0.0114 l 0.0114,-0.0113 h 0.0114 l 0.0114,-0.0114 h 0.0113 l 0.0114,-0.0114 h 0.0114 l 0.0114,-0.0113 h 0.0114 l 0.0114,-0.0114 h 0.0113 l 0.0114,-0.0114 h 0.0114 l 0.0113,-0.0113 h 0.0114 l 0.0114,-0.0114 h 0.0113 l 0.0114,-0.0114 h 0.0114 l 0.0114,-0.0114 h 0.0113 l 0.0114,-0.0113 h 0.0114 l 0.0113,-0.0114 h 0.0114 l 0.0114,-0.0114 h 0.0113 l 0.0114,-0.0113 h 0.0114 l 0.0113,-0.0114 0.0114,-0.0114 h 0.0114 l 0.0114,-0.0113 0.0113,-0.0114 h 0.0114 l 0.0114,-0.0114 0.0113,-0.0113 v 0 l 0.0114,-0.0114 0.0114,-0.0114 0.0113,-0.0113 h 0.0114 l 0.0114,-0.0114 v -0.0114 l 0.0114,-0.0114 0.0114,-0.0113 h 0.0114 l 0.0113,-0.0114 v -0.0114 l 0.0114,-0.0113 0.0114,-0.0114 v -0.0114 l 0.0114,-0.0113 0.0114,-0.0114 v -0.0114 h 0.0114 l 0.0114,-0.0113 v -0.0114 l 0.0113,-0.0114 0.0114,-0.0113 0.0114,-0.0114 v -0.0114 l 0.0113,-0.0114 0.0114,-0.0113 v -0.0114 l 0.0114,-0.0114 0.0113,-0.0113 h 0.0114 v -0.0114 l 0.0114,-0.0114 0.0114,-0.0113 v -0.0114 l 0.0114,-0.0114 0.0114,-0.0113 v -0.0114 l 0.0114,-0.0114 0.0113,-0.0113 v 0 l 0.0114,-0.0114 0.0114,-0.0114 v -0.0114 l 0.0113,-0.0113 v -0.0114 l 0.0114,-0.0114 0.0114,-0.0113 v -0.0114 h 0.0113 v -0.0114 l 0.0114,-0.0113 v -0.0114 l 0.0114,-0.0114 v -0.0113 l 0.0113,-0.0114 v -0.0114 l 0.0114,-0.0114 v -0.0113 l 0.0114,-0.0114 v -0.0114 l 0.0113,-0.0113 v -0.0114 l 0.0114,-0.0114 v -0.0113 -0.0114 l 0.0114,-0.0114 v -0.0113 l 0.0114,-0.0114 v -0.0114 l 0.0113,-0.0114 v -0.0114 -0.0114 l 0.0114,-0.0114 v -0.0227 l 0.0114,-0.0114 v -0.0113 l 0.0114,-0.0114 v -0.0114 -0.0113 l 0.0114,-0.0114 v -0.0114 l 0.0568,-0.12492 -0.0113,-0.0114 h 0.0227 v -0.0114 -0.0113 l 0.0114,-0.0114 v -0.0114 l 0.0114,-0.0113 v -0.0114 -0.0114 l 0.0113,-0.0113 v -0.0114 l 0.0114,-0.0114 v -0.0114 h 0.0114 v -0.0113 -0.0114 l 0.0113,-0.0114 v -0.0113 l 0.0114,-0.0114 v -0.0114 -0.0114 l 0.0114,-0.0114 v -0.0114 l 0.0113,-0.0113 v -0.0114 l 0.0114,-0.0114 v -0.0114 -0.0113 l 0.0114,-0.0114 v -0.0114 l 0.0114,-0.0113 v -0.0114 -0.0114 l 0.0114,-0.0113 v -0.0114 l 0.0114,-0.0114 v -0.0113 -0.0114 l 0.0113,-0.0114 v -0.0114 l 0.0114,-0.0114 v 0 -0.0114 l 0.0114,-0.0114 v -0.0113 -0.0114 l 0.0114,-0.0114 v -0.0113 l 0.0113,-0.0114 v -0.0114 -0.0113 l 0.0114,-0.0114 v -0.0114 h 0.0114 v -0.0113 -0.0114 l 0.0113,-0.0114 v -0.0113 l -0.12492,-0.12493 -0.14764,-0.17035 -0.13629,-0.17036 -0.12492,-0.17035 -0.11357,-0.19307 -0.10221,-0.19306 -0.0909,-0.19307 -0.0795,-0.20443 -0.0568,-0.20442 -0.0568,-0.21578 -0.0341,-0.21578 -0.0114,-0.21578 -0.0114,-0.21578 0.0114,-0.21578 0.0114,-0.20443 0.0341,-0.21578 0.0568,-0.21578 0.0568,-0.20442 0.0795,-0.20443 0.0909,-0.19306 0.10221,-0.19307 0.11357,-0.19307 0.12492,-0.18171 0.13629,-0.17035 0.14764,-0.159 0.15899,-0.15899 0.17036,-0.13629 0.17035,-0.13628 0.19307,-0.12493 0.19306,-0.11356 0.19307,-0.0909 0.21578,-0.0909 0.20443,-0.0795 0.21578,-0.0568 0.22713,-0.0568 0.21579,-0.0341 -0.45428,-0.84041 -0.18171,-0.59056 -7.80218,-13.94626 -18.92057,0.0114 -25.92777,-23.00905 73.3087,-45.48433 0.11356,15.89964 6.79142,68.41388 z"
       id="Akjoujt"
       style="fill:#cccccc;stroke:#ffffff;stroke-width:1.13569;stroke-opacity:1"
       inkscape:label="Akjoujt - اكجوجت" />
    <path
       d="m 765.70118,896.12079 -16.20628,-0.30663 v 0 l -0.0113,0.0568 -13.07178,-0.21578 -21.53266,-0.46563 -5.14466,-0.22714 -0.0227,0.0114 -3.17993,-18.80701 20.21526,0.45428 11.42503,-1.77168 21.87336,-0.4202 0.0568,0.38613 0.0341,0.71549 -0.0341,0.64734 -0.10221,0.6587 -0.26121,0.46563 0.11357,0.68141 0.0681,0.61328 0.0682,0.67005 -0.0454,0.87448 -0.21578,0.44292 -0.0341,0.55649 0.0227,0.63598 -0.11357,0.76092 -0.0454,0.70412 0.11357,0.38614 0.21578,0.45427 0.17036,0.52242 0.21578,0.62463 0.0795,0.60191 0.22713,0.42021 0.28393,0.38613 0.54513,0.52242 0.46563,0.56784 0.39749,0.24985 0.44292,0.40885 0.55649,0.78363 -0.0114,0.71548 0.26121,0.53378 0.20442,0.52241 0.2385,0.76091 v 0.55649 l 0.19306,0.80634 0.11357,0.61327 0.34071,0.52242 0.0454,0.32935 0.40884,0.37478 0.49971,0.47698 0.27256,0.46564 z"
       id="Touil"
       style="fill:#cccccc;stroke:#ffffff;stroke-width:1.13569;stroke-opacity:1"
       inkscape:label="Touil - اطويل" />
    <path
       d="m 745.73577,812.18205 -0.19306,7.74539 -0.0568,1.3969 9.85778,-4.8721 -0.0681,1.37418 1.6581,5.72387 0.18171,2.74837 0.11357,13.40112 0.0341,5.62166 1.82846,3.72506 0.0454,0.30664 -0.0114,0.55648 0.0341,0.27257 0.0568,0.38613 0.0681,0.49971 0.11357,0.64734 0.0341,0.5792 0.0568,0.59056 0.0227,0.62463 0.0681,0.68141 0.0341,0.60191 -0.11357,0.59056 -0.0341,0.51106 -0.13628,0.35207 -0.12493,0.3407 0.0909,0.55649 -0.0227,0.29528 0.0795,0.44292 0.0795,0.23849 0.0341,0.46563 -0.17035,0.45428 -0.17036,0.6587 0.11357,0.51106 0.28392,0.48834 v 0.8177 l 0.0114,0.77227 -0.17035,0.46563 -0.39749,0.19307 -0.30664,0.26121 -0.10221,0.43156 0.10221,0.40885 0.39749,0.55648 0.44292,0.64735 0.24985,0.62462 0.27257,0.69277 -0.0795,0.37478 -0.13628,0.54513 -0.17036,0.55649 -0.10221,0.47699 -0.0227,0.70413 0.0113,0.29527 0.0341,0.159 -0.0227,0.30664 -0.12493,0.29528 -0.13628,0.56784 0.0454,0.61327 0.0909,0.60192 0.20443,0.84041 0.13628,0.72684 0.26121,0.62463 0.0341,0.17035 -21.87336,0.4202 -11.42503,1.77168 -20.21526,-0.45428 -1.8171,-11.07296 -1.37418,-8.41545 -0.13628,-0.46564 -0.40885,-0.2612 -0.35207,-0.26121 -0.0341,-0.29528 -0.0568,-0.31799 -0.26121,-0.0795 -0.35206,0.14764 -0.21578,-0.20443 -0.13629,-0.40884 0.0454,-0.40885 0.45428,-0.37478 0.47699,-0.40885 -0.45428,-0.12492 -0.7382,-0.0341 -0.56784,-0.13629 -0.44292,-0.0681 -0.61327,-0.0454 -0.40885,-0.14764 -0.53377,-0.27256 -0.43156,-0.21578 -0.47699,-0.14764 -0.43157,-0.2385 -0.37477,-0.32934 -0.24985,-0.27257 -0.35207,-0.26121 -0.32935,-0.17035 -0.13628,-0.40885 -0.13628,-0.43156 0.18171,-0.53378 0.18171,-0.4202 -0.0114,-0.48835 -0.26121,-0.24985 -0.18171,-0.37477 0.0681,-0.38614 0.17036,-0.28392 0.18171,-0.44292 0.17035,-0.4997 0.32935,-0.2385 0.74955,-0.74955 0.40885,-0.4997 0.10221,-0.46564 0.13629,-0.53377 0.14764,-0.43156 0.18171,-0.54513 -0.10222,-0.62463 -0.0113,-0.76091 -0.11357,-0.48835 -0.14764,-0.43156 -0.13628,-0.56784 0.0568,-0.43157 -0.11357,-0.37477 -0.31799,-0.35207 -0.19307,-0.24985 -0.3407,-0.30663 -0.35207,-0.38614 -0.47699,-0.5792 -0.21578,-0.4997 -0.15899,-0.40885 -0.45428,-0.46563 -0.60191,-0.36342 -0.55649,-0.18171 -0.54513,-0.26121 -0.71549,-0.17036 -0.73819,-0.21578 -0.48835,-0.19306 -0.38613,-0.21578 -0.39749,-0.318 -0.37478,-0.39749 -0.12493,-0.46563 0.40885,-0.52242 0.68141,-0.53377 0.56785,-0.30664 -0.38614,-0.37477 -0.3407,-0.53378 -0.0114,-0.31799 -0.10221,-0.38613 -0.24985,-0.20443 h -0.24986 l -0.29527,0.10221 -0.37478,0.159 -0.34071,0.10221 0.10221,-0.38613 0.318,-0.46563 0.23849,-0.21579 0.0454,-0.28392 -0.34071,-0.0795 -0.3407,-0.0908 -0.28393,-0.0795 -0.22713,-0.46563 0.14764,-0.30664 0.32935,-0.13628 0.36342,-0.0909 0.35206,0.0454 0.45427,0.0341 0.318,0.0681 0.32935,-0.0227 0.29528,-0.12492 -0.0227,-0.29528 -0.27256,-0.0341 -0.24985,0.0795 -0.17036,0.0341 -0.11357,-0.18171 -0.0113,-0.2612 -0.0795,-0.26121 0.18171,-0.47699 0.19307,-0.26121 0.20442,-0.36342 0.0227,-0.28392 0.10222,-0.29528 0.23849,-0.12493 0.30664,-0.17035 0.32935,-0.21578 0.22713,0.23849 0.18171,-0.19306 0.159,-0.35207 -0.0795,-0.21578 -0.0114,-0.38613 0.0568,-0.34071 -0.0454,-0.39749 -0.13628,-0.19307 -0.2385,0.14764 -0.2612,0.0454 -0.34071,0.11357 -0.26121,0.0568 -0.17035,0.0568 -0.38614,-0.0227 -0.30663,-0.0909 0.0908,-0.27257 0.48835,-0.19306 0.37478,-0.13629 0.43156,-0.19306 0.31799,-0.21578 0.26121,-0.28393 0.0795,-0.20442 -0.12493,-0.23849 -0.27256,-0.21579 -0.54513,-0.20442 -0.38614,0.0227 -0.43156,0.159 -0.40885,0.14764 -0.26121,0.19307 -0.18171,0.38613 -0.0795,0.40885 -0.22714,0.27256 -0.22714,0.0454 -0.19307,-0.0227 h -0.30663 l -0.29528,-0.0568 -0.37478,-0.13628 -0.159,-0.11357 -0.18171,-0.22714 -0.13628,-0.14763 -0.26121,-0.12493 -0.26121,-0.10221 -0.21578,-0.0909 -0.17035,-0.19306 0.0454,-0.24986 0.29528,-0.14764 0.40884,-0.0341 0.44292,0.17036 0.36342,0.11357 0.34071,0.0908 0.29528,0.0454 0.32935,-0.159 0.37478,-0.19307 0.18171,-0.31799 0.0227,-0.36342 -0.17035,-0.28392 -0.32935,-0.27257 -0.18171,-0.10221 -0.32935,0.11357 -0.36342,0.0568 -0.19307,-0.19307 -0.0454,-0.27257 -0.17035,-0.28392 -0.0909,-0.24985 0.11357,-0.38613 0.318,-0.42021 -0.12493,-0.28392 -0.45428,-0.21578 -0.20442,-0.0909 -0.46563,-0.0113 -0.39749,0.0341 -0.45428,0.0681 -0.32935,0.23849 -0.22714,0.21578 -0.27256,0.0341 -0.11357,-0.28392 0.0909,-0.43156 -0.40885,-0.14764 -0.39749,0.0454 -0.24986,0.0227 -0.20442,-0.0454 -0.24985,0.0568 -0.36342,0.23849 -0.32935,0.42021 -0.21578,0.24985 -0.34071,0.37478 -0.52241,0.31799 -0.47699,0.22714 -0.74956,0.21578 -0.62463,0.14764 -0.23849,-0.0568 -0.0568,-0.13628 0.20443,-0.34071 0.40885,-0.39749 0.51106,-0.3407 0.46563,0.0454 0.37478,-0.20442 0.27256,-0.43156 0.27257,-0.44292 0.3407,-0.4202 0.19307,-0.51106 0.28392,-0.13629 0.30664,-0.23849 0.45427,-0.0681 0.35207,-0.0227 0.48834,-0.0454 0.26121,-0.0227 0.74956,-0.10221 0.47698,0.0227 0.318,0.26121 0.31799,0.30664 0.22714,-0.42021 0.18171,-0.32935 0.45427,0.13629 0.20443,0.0113 0.27256,-0.0909 0.37478,-0.10221 0.54513,0.24985 0.38613,0.21578 0.37478,0.18171 0.21578,0.12492 0.62463,0.2385 0.60192,-0.11357 0.59055,-0.30664 0.35207,-0.24985 0.4997,-0.29528 0.40885,-0.21578 0.23849,0.17036 -0.0113,0.31799 -0.10222,0.24985 0.35207,0.0227 0.4997,-0.27256 0.40885,-0.38614 0.38613,-0.11356 0.60192,-0.2385 0.38613,-0.67006 0.31799,-0.28392 0.0227,-0.15899 14.40053,0.4997 10.09627,0.36342 2.23731,0.17035 z"
       id="Tintane"
       style="fill:#cccccc;fill-opacity:1;stroke:#ffffff;stroke-width:1.13569;stroke-opacity:1"
       inkscape:label="Tintane - الطينطان" />
    <path
       d="m 773.35572,737.58997 -14.41189,34.86564 -2.79379,6.35986 -3.20264,8.41545 3.46385,23.57694 -10.67548,1.37419 -22.22542,2.68022 -2.23731,-0.17035 -10.09627,-0.36342 -14.40053,-0.4997 0.0568,-0.24986 -0.0795,-0.53377 0.12493,-0.17035 0.17035,-0.27257 0.159,-0.12492 0.35206,-0.24985 0.35207,-0.18172 -1.3969,-3.12314 -0.54513,0.11357 -0.53377,0.11357 -0.48835,-0.0795 -0.32935,-0.18171 -0.54513,-0.21578 -0.54513,-0.0454 -0.36342,-0.0341 -9.47164,-4.57682 -1.93067,-1.19248 1.36282,-0.31799 5.13331,-0.0454 0.0227,-0.17035 0.17035,-0.35206 0.0795,-0.44292 0.22714,-0.55649 0.0454,-0.62463 -0.47698,-0.48834 -0.37478,-0.0227 -0.37478,-0.31799 -0.0681,-0.52242 -0.17035,-0.54513 -0.36342,-0.39749 -0.34071,-0.43156 -0.56784,-0.42021 -0.51106,-0.2612 -0.60192,-0.0909 -0.40885,0.0568 -0.67005,-0.0341 -0.39749,-0.39749 -0.11357,-0.5792 -0.159,-0.5792 -0.0568,-0.51106 -0.30664,-0.43156 -0.63599,-0.43156 -0.6587,-0.28392 -0.47698,-0.49971 0.0454,-0.31799 -0.0681,-0.44292 -0.60191,-0.40885 0.0113,-0.29528 -0.31799,-0.44291 -0.10221,-0.56785 -0.0681,-0.49975 0.0795,-0.85176 0.23849,-0.46564 0.0227,-0.62462 -0.24985,-0.6587 -0.20442,-0.45428 -0.0681,-0.39749 0.13628,-0.5792 0.21578,-0.38614 0.0681,-0.4997 -0.28392,-0.4997 -0.159,-0.53378 -0.12492,-0.51105 -0.0454,-0.62463 -0.10221,-0.80634 -0.0341,-0.6587 0.11357,-0.48835 v -0.40885 l -0.13629,-0.64734 -0.0227,-0.61327 0.0114,-0.85177 0.13628,-0.59055 0.159,-0.54514 0.10221,-0.55648 0.0681,-0.39749 0.0795,-0.62463 0.18171,-0.69277 0.0909,-0.55649 0.18171,-0.77227 0.0341,-0.53377 0.0909,-0.96534 -0.0341,-0.54513 0.0341,-0.6587 0.0114,-0.6587 v -0.56784 l -0.36343,-0.55649 -0.40884,-0.37478 -0.64735,-0.30663 -0.35206,-0.18171 -0.35206,-0.40885 -0.19307,-0.36342 -0.0114,-0.35206 -0.13628,-0.76091 0.30664,-0.95398 0.36342,-1.36283 0.14764,-0.98805 0.19306,-0.80634 0.28393,-0.56784 0.0681,-0.43156 0.13628,-0.59056 0.11357,-0.51106 0.14764,-0.26121 0.21578,-0.55649 0.13628,-0.29528 0.14764,-0.44291 0.18171,-0.47699 0.10221,-0.318 0.17036,-0.62463 -0.12493,-0.37477 -0.24985,-0.60192 -0.40885,-0.68141 -0.17035,-0.42021 -0.0114,-0.32935 0.0227,-0.24985 0.0681,-0.4202 0.0909,-0.43156 0.13628,-0.34071 0.20443,-0.35206 0.0454,-0.22714 0.0227,-0.36342 v -0.30664 l 0.0681,-0.46563 0.0114,-0.39749 v -0.27257 l -0.0227,-0.45427 -0.0113,-0.35206 -0.12493,-0.30664 -0.17035,-0.28392 -0.21578,-0.35207 -0.12493,-0.20442 -0.21578,-0.31799 -0.13628,-0.17036 -0.27257,-0.30663 -0.23849,-0.24985 -0.38614,-0.36342 -0.11356,-0.21578 -0.0909,-0.318 -0.0568,-0.43156 -0.10222,-0.34071 -0.19306,-0.45427 -0.17036,-0.34071 -0.26121,-0.47699 -0.2612,-0.51106 -0.19307,-0.32935 -0.26121,-0.40884 -0.159,-0.36342 -0.15899,-0.46564 -0.0795,-0.61327 -0.37478,-0.6587 -0.28392,-0.4202 -0.14764,-0.38614 -0.13628,-0.37477 -0.20443,-0.53378 -0.24985,-0.35206 -0.19306,-0.31799 -0.0795,-0.21579 -0.12493,-0.45427 -0.27256,-0.64734 -0.28393,-0.63599 -0.0795,-0.34071 -0.0681,-0.46563 -0.0227,-0.53377 0.13628,-0.47699 -0.0454,-0.63599 0.0113,-0.3407 0.0341,-0.30664 0.0682,-0.43156 -0.0454,-0.46563 -0.11357,-0.35207 -0.0568,-0.36342 -0.0681,-0.27256 -0.15899,-0.40885 -0.159,-0.40885 -0.32935,-0.54513 -0.20442,-0.48834 -0.24985,-0.44292 -0.24986,-0.28392 -0.15899,-0.27257 -0.21578,-0.68141 0.0681,-0.39749 0.15899,-0.29528 0.0341,-0.40885 0.20443,-0.71549 0.19307,-0.96533 0.0795,-0.88584 6.12137,1.71489 48.89139,13.36706 z"
       id="Tamchekett"
       style="fill:#cccccc;fill-opacity:1;stroke:#ffffff;stroke-width:1.13569;stroke-opacity:1"
       inkscape:label="Tamchekett - تامشكط" />
    <path
       d="m 827.08515,889.64737 -24.5763,0.0341 1.36282,-13.83269 -1.56725,-0.88584 -8.13153,6.9277 3.11179,12.22001 -4.24748,0.21578 -3.16857,1.66947 -5.14467,-1.26062 -4.98567,0.20443 -3.70234,0.13628 -0.2385,0.0795 -0.40885,0.19306 -0.31799,0.30664 -0.38613,0.17035 -0.44292,0.28392 -0.49971,0.13629 -0.48834,0.0795 h -0.60192 l -0.46563,-0.159 -0.30663,-0.159 -0.28393,-0.14764 -0.21578,-0.40884 -5.71251,0.74955 0.0341,-0.0795 0.13628,-0.27256 -0.27256,-0.46564 -0.49971,-0.47698 -0.40884,-0.37478 -0.0454,-0.32935 -0.34071,-0.52242 -0.11357,-0.61327 -0.19306,-0.80634 v -0.55649 l -0.2385,-0.76091 -0.20442,-0.52241 -0.26121,-0.53378 0.0114,-0.71548 -0.55649,-0.78363 -0.44292,-0.40885 -0.39749,-0.24985 -0.46563,-0.56784 -0.54513,-0.52242 -0.28393,-0.38613 -0.22713,-0.42021 -0.0795,-0.60191 -0.21578,-0.62463 -0.17036,-0.52242 -0.21578,-0.45427 -0.11357,-0.38614 0.0454,-0.70412 0.11357,-0.76092 -0.0227,-0.63598 0.0341,-0.55649 0.21578,-0.44292 0.0454,-0.87448 -0.0682,-0.67005 -0.0681,-0.61328 -0.11357,-0.68141 0.26121,-0.46563 0.10221,-0.6587 0.0341,-0.64734 -0.0341,-0.71549 -0.0568,-0.38613 -0.0341,-0.17035 -0.26121,-0.62463 -0.13628,-0.72684 -0.20443,-0.84041 -0.0909,-0.60192 -0.0454,-0.61327 0.13628,-0.56784 0.12493,-0.29528 0.0227,-0.30664 -0.0341,-0.159 -0.0113,-0.29527 0.0227,-0.70413 0.10221,-0.47699 0.17036,-0.55649 0.13628,-0.54513 0.0795,-0.37478 -0.27257,-0.69277 -0.24985,-0.62462 -0.44292,-0.64735 -0.39749,-0.55648 -0.10221,-0.40885 0.10221,-0.43156 0.30664,-0.26121 0.39749,-0.19307 0.17035,-0.46563 -0.0114,-0.77227 v -0.8177 l -0.28392,-0.48834 -0.11357,-0.51106 0.17036,-0.6587 0.17035,-0.45428 -0.0341,-0.46563 -0.0795,-0.23849 -0.0795,-0.44292 0.0227,-0.29528 -0.0909,-0.55649 0.12493,-0.3407 0.13628,-0.35207 0.0341,-0.51106 0.11357,-0.59056 -0.0341,-0.60191 -0.0681,-0.68141 -0.0227,-0.62463 -0.0568,-0.59056 -0.0341,-0.5792 -0.11357,-0.64734 -0.0681,-0.49971 -0.0568,-0.38613 -0.0341,-0.27257 0.0114,-0.55648 -0.0454,-0.30664 -1.82846,-3.72506 -0.0341,-5.62166 8.42681,-4.8721 5.67845,-0.28392 8.21102,-0.159 10.32341,-1.24926 5.23553,-0.39749 7.56368,-0.72684 12.41308,-1.83982 5.13331,-1.6581 14.4346,-4.76989 -9.49435,17.67131 -3.2935,6.71192 2.7143,5.54216 4.69039,9.47164 8.21103,3.17993 -4.02034,11.0389 -2.20323,5.86015 -1.06755,3.17993 z"
       id="Koubenni"
       style="fill:#cccccc;fill-opacity:1;stroke:#ffffff;stroke-width:1.13569;stroke-opacity:1"
       inkscape:label="Koubenni - كوبني" />
    <path
       d="m 818.15864,758.36172 h 0.0113 l 38.35221,-5.47402 0.63598,0.68141 3.88406,4.1112 18.3073,19.44299 -33.95709,36.25122 -10.74362,10.36884 -14.4346,4.76989 -5.13331,1.6581 -12.41308,1.83982 -7.56368,0.72684 -5.23553,0.39749 -10.32341,1.24926 -8.21102,0.159 -5.67845,0.28392 -8.42681,4.8721 -0.11357,-13.40112 -0.18171,-2.74837 -1.6581,-5.72387 0.0681,-1.37418 -9.85778,4.8721 0.0568,-1.3969 0.19306,-7.74539 10.67548,-1.37419 -3.46385,-23.57694 3.20264,-8.41545 2.79379,-6.35986 14.41189,-34.86564 16.46749,7.51826 z"
       id="Aïoun-El-Atrouss"
       style="fill:#cccccc;fill-opacity:1;stroke:#ffffff;stroke-width:1.13569;stroke-opacity:1"
       inkscape:label="Aïoun El Atrouss - عيون العتروس" />
    <path
       d="m 925.789,889.64737 h -51.42514 l -0.31799,-0.64735 -0.24985,-0.46563 -0.30664,-0.52241 -0.32935,-0.62463 -0.31799,-0.6587 -0.55649,-0.95398 -0.4202,-0.91991 -0.48835,-0.80634 -0.40884,-0.93126 -0.34071,-1.16976 -0.159,-0.77227 -0.31799,-0.63599 -0.39749,-4.69039 -1.18112,-11.54995 -0.32935,-2.57802 -7.54097,-12.65157 -1.88524,-7.47283 -2.24867,-8.86973 0.14764,-0.15899 0.52242,-0.5792 0.21578,-0.52242 0.31799,-0.48835 0.0568,-0.43156 -0.29528,-0.59056 -0.31799,-0.74955 -0.29528,-0.48835 -0.47699,-0.55648 -0.4997,-0.8177 -0.38614,-0.56784 -0.44292,-0.69277 -0.53377,-0.70413 -0.63599,-1.14705 -0.4202,-0.96533 -0.30664,-0.74956 -0.17035,-0.52241 0.0454,-0.40885 0.11357,-1.38554 -0.29528,-0.56785 -0.36342,-0.80633 -0.11357,-0.67006 -0.26121,-0.63599 -0.19307,-0.74955 -0.24985,-0.52242 -0.31799,-0.53377 -0.36342,-0.51106 -0.67006,-0.34071 -0.59056,-0.0909 -0.81769,-0.0454 -0.70413,-0.0568 -0.56784,-0.0909 -0.69277,-0.12493 -0.47699,-0.17035 -0.62463,-0.36342 -0.51106,-0.54513 33.95709,-36.25122 26.7457,28.52854 -0.1135,0.53377 -0.4429,2.19188 8.0864,3.1345 -2.93018,11.67488 0.5905,5.86015 1.13574,11.42503 2.35104,23.48604 -1.46514,4.16798 4.97452,4.39511 6.66676,5.87151 0.96544,0.85177 -0.011,1.95338 -0.034,8.44953 z"
       id="Timbédra"
       style="fill:#cccccc;fill-opacity:1;stroke:#ffffff;stroke-width:1.13569;stroke-opacity:1"
       inkscape:label="Timbédra - تمبدغة" />
    <path
       d="m 982.90506,803.25554 -0.2499,0.86312 -5.12202,-3.55471 -0.1023,-0.11357 -0.057,-0.0568 -17.41084,-18.76162 -1.61274,-1.74896 -5.39472,11.35693 -0.4202,0.12493 -26.31504,8.38138 -0.7723,0.24985 h -0.011 l -19.45518,6.1895 0.1136,-0.53377 -26.74574,-28.52854 -18.3073,-19.44299 -3.88406,-4.1112 -0.63598,-0.68141 -38.35221,5.47402 h -0.0113 l 0.0795,-0.12493 19.73827,-39.88538 62.9399,-123.25628 8.677,-19.68149 30.58546,-69.36786 1.1925,-0.4997 80.63594,-180.29056 27.1657,230.06779 -0.08,0.27257 -58.32924,217.66607 0.8291,0.29528 z"
       id="Oualata"
       style="fill:#cccccc;fill-opacity:1;stroke:#ffffff;stroke-width:1.13569;stroke-opacity:1"
       inkscape:label="Oualata - ولاتة" />
    <path
       d="m 982.90506,803.25554 7.6434,1.0789 -1.45374,10.07356 -0.045,35.0587 -4.78142,-0.35206 -17.64924,-3.35028 -1.2834,-0.2385 -1.44234,-0.19306 -0.3634,-0.0454 -2.37378,-3.66827 -7.45036,3.70234 1.2493,0.55649 -7.90476,4.2134 -0.52244,0.27257 -0.7155,0.38613 -17.94464,9.58521 -2.37364,1.35147 -0.44294,0.159 -11.74358,6.28036 1.46514,-4.16798 -2.35094,-23.48604 -1.13584,-11.42503 -0.5905,-5.86015 2.93018,-11.67488 -8.0864,-3.1345 0.4429,-2.19188 19.45518,-6.1895 h 0.011 l 0.7723,-0.24985 26.31494,-8.38138 0.4203,-0.12493 5.39472,-11.35693 1.61274,1.74896 17.41084,18.76162 0.057,0.0568 0.1023,0.11357 5.12202,3.55471 z"
       id="Néma"
       style="fill:#cccccc;fill-opacity:1;stroke:#ffffff;stroke-width:1.13569;stroke-opacity:1"
       inkscape:label="Néma - النعمة" />
    <path
       d="m 1077.7468,815.79354 0.08,0.86312 -0.511,-0.0681 -25.5984,14.15068 -61.16844,-26.40476 -7.6434,-1.0789 8.6882,-29.69831 -0.8291,-0.29528 58.32924,-217.66607 0.08,-0.27257 z"
       id="N'beiket-Lehwach"
       style="fill:#cccccc;fill-opacity:1;stroke:#ffffff;stroke-width:1.13569;stroke-opacity:1"
       inkscape:label="N'beiket Lehwach - انبيكت لحواش" />
    <path
       d="m 874.36386,889.64737 h -27.34738 -19.93133 l 3.10043,-3.24807 1.06755,-3.17993 2.20323,-5.86015 4.02034,-11.0389 -8.21103,-3.17993 -4.69039,-9.47164 -2.7143,-5.54216 3.2935,-6.71192 9.49435,-17.67131 10.74362,-10.36884 0.51106,0.54513 0.62463,0.36342 0.47699,0.17035 0.69277,0.12493 0.56784,0.0909 0.70413,0.0568 0.81769,0.0454 0.59056,0.0909 0.67006,0.34071 0.36342,0.51106 0.31799,0.53377 0.24985,0.52242 0.19307,0.74955 0.26121,0.63599 0.11357,0.67006 0.36342,0.80633 0.29528,0.56785 -0.11357,1.38554 -0.0454,0.40885 0.17035,0.52241 0.30664,0.74956 0.4202,0.96533 0.63599,1.14705 0.53377,0.70413 0.44292,0.69277 0.38614,0.56784 0.4997,0.8177 0.47699,0.55648 0.29528,0.48835 0.31799,0.74955 0.29528,0.59056 -0.0568,0.43156 -0.31799,0.48835 -0.21578,0.52242 -0.52242,0.5792 -0.14764,0.15899 2.24867,8.86973 1.88524,7.47283 7.54097,12.65157 0.32935,2.57802 1.18112,11.54995 0.39749,4.69039 0.31799,0.63599 0.159,0.77227 0.34071,1.16976 0.40884,0.93126 0.48835,0.80634 0.4202,0.91991 0.55649,0.95398 0.31799,0.6587 0.32935,0.62463 0.30664,0.52241 0.24985,0.46563 z"
       id="Djiguenni"
       style="fill:#cccccc;fill-opacity:1;stroke:#ffffff;stroke-width:1.13569;stroke-opacity:1"
       inkscape:label="Djiguenni - جيگني" />
    <path
       d="m 990.54846,804.33444 61.16844,26.40476 25.5984,-14.15068 0.511,0.0681 -0.08,-0.86312 19.761,12.33358 -7.1662,36.86445 -4.9402,24.6558 h -55.3876 -0.5678 l 0.08,-11.83388 0.057,-25.09872 v -0.0227 l -0.08,-0.0114 -22.9182,-1.8171 h -0.034 l -17.50118,-1.3969 0.045,-35.0587 z"
       id="Bassiknou"
       style="fill:#cccccc;fill-opacity:1;stroke:#ffffff;stroke-width:1.13569;stroke-opacity:1"
       inkscape:label="Bassiknou - باسكنو" />
    <path
       d="m 963.60902,889.4543 -16.94524,0.22714 H 925.7776 l 0.011,-0.0341 h 0.08 l 0.034,-8.44953 0.011,-1.95338 -0.96534,-0.85177 -6.66686,-5.87151 -4.97452,-4.39511 11.74358,-6.28036 0.44294,-0.159 2.37364,-1.35147 17.94464,-9.58521 0.7155,-0.38613 0.52254,-0.27257 7.90466,-4.2134 -1.2493,-0.55649 7.45046,-3.70234 2.37368,3.66827 0.3634,0.0454 0.045,0.0795 -4.34992,2.16916 3.42998,2.11238 8.87014,13.28756 -0.91994,3.22535 -0.1477,1.34012 1.01084,2.56665 0.7155,10.50512 -8.9383,-0.21578 v 8.93787 z"
       id="Amourj"
       style="fill:#cccccc;fill-opacity:1;stroke:#ffffff;stroke-width:1.13569;stroke-opacity:1"
       inkscape:label="Amourj - آمرج" />
    <path
       d="m 1029.446,889.64737 -21.5894,0.0341 h -22.13496 -22.04452 l -0.068,-0.22714 v -0.11357 -8.93787 l 8.9382,0.21578 -0.7155,-10.50512 -1.01084,-2.56665 0.1477,-1.34012 0.91994,-3.22535 -8.87014,-13.28756 -3.42988,-2.11238 4.34982,-2.16916 -0.045,-0.0795 1.44244,0.19306 1.2834,0.2385 17.64924,3.35028 4.78142,0.35206 17.50118,1.3969 h 0.034 l 22.9182,1.8171 0.08,0.0114 v 0.0227 l -0.057,25.09872 z"
       id="Adel-Begrou"
       style="fill:#cccccc;fill-opacity:1;stroke:#ffffff;stroke-width:1.13569;stroke-opacity:1"
       inkscape:label="Adel Begrou - عدل بگرو" />
    <path
       d="m 584.7292,910.8166 -4.06576,0.0568 -3.57742,-0.77227 -5.78066,8.86973 -0.20442,0.37477 -10.41427,1.43097 -0.22713,-0.11357 -0.12493,-0.0454 -0.24985,-0.11356 -0.22714,-0.17036 -0.18171,-0.10221 -0.31799,-0.11357 -0.159,-0.0795 -0.22714,-0.0795 -0.24985,-0.11357 -0.15899,-0.0568 -0.22714,-0.0908 -0.19307,-0.10221 -0.21578,-0.0909 -0.21578,-0.0681 -0.24985,-0.10221 -0.21578,-0.0795 -0.22714,-0.14764 -0.22714,-0.12493 -0.22714,-0.13628 -0.18171,-0.0454 h -0.14764 l -0.17035,-0.0227 -0.159,0.0454 -0.20442,0.0454 -0.18171,0.0909 -0.27256,0.14764 -0.14764,0.23849 -0.0681,0.13629 0.0114,0.20442 -0.0227,0.13628 -0.0114,0.14764 0.0681,0.12493 -0.0227,0.15899 -0.0114,0.17036 -0.0454,0.12492 -0.10221,0.0681 -0.10221,0.0114 h -0.0681 l -0.0909,-0.0454 -0.0908,-0.0681 -0.10221,-0.14764 -0.11357,-0.18171 -0.0568,-0.13628 -0.14764,-0.0681 -0.13628,-0.10221 -0.12492,-0.0341 -0.11357,-0.0568 -0.14764,-0.12492 -0.13629,-0.0454 -0.13628,-0.0454 -0.0795,-0.0795 -0.0795,-0.0341 -0.30664,-0.0568 -0.26121,-0.13628 -0.20442,-0.10222 -0.18171,-0.11357 -0.19307,-0.17035 -0.18171,-0.12492 -0.13628,-0.13629 -0.12493,-0.12492 -0.14764,-0.13629 -0.14764,-0.13628 -0.10221,-0.0909 -0.13628,-0.17036 -0.0909,-0.12492 -0.10221,-0.0568 -0.0681,-0.0908 -0.159,-0.12493 -0.0681,-0.12492 -0.11357,-0.0795 -0.0908,-0.0795 -0.13629,-0.0909 -0.0681,-0.0568 -0.0681,-0.0341 -0.10221,-0.0909 -0.0795,-0.0795 -0.10221,-0.0681 -0.12493,-0.0909 -0.14764,-0.0908 -0.13628,-0.0568 0.0114,-0.0454 0.0908,-0.23849 0.24986,-0.64734 2.65751,-7.06399 1.10161,-3.08907 0.46564,-1.32876 2.75972,-8.47223 0.36342,-1.12433 3.19129,-9.01737 -0.0795,-0.43156 0.21578,0.0568 5.24688,1.54454 0.29528,-0.21578 0.44292,-0.29528 2.01017,-1.41961 0.0908,-0.0681 0.0454,-0.0341 0.46563,-1.68082 0.42021,-2.12374 0.35206,-0.70413 0.0341,-0.11357 0.28392,-1.47639 0.21578,-0.51106 0.22714,-0.22714 0.21578,-0.21578 2.29409,-1.70353 1.58997,-0.94263 0.85176,-0.68141 0.0227,0.0454 3.95219,6.13272 1.19248,1.69217 0.84041,2.7938 2.40766,7.10941 0.64734,2.54394 0.27256,8.83566 v 0.0227 z"
       id="Wompou"
       style="fill:#cccccc;fill-opacity:1;stroke:#ffffff;stroke-width:1.13569;stroke-opacity:1"
       inkscape:label="Wompou - ومبو" />
    <path
       d="m 584.7292,910.8166 0.10221,-7.29112 v -0.0227 l -0.27256,-8.83566 -0.64734,-2.54394 -2.40766,-7.10941 -0.84041,-2.7938 -1.19248,-1.69217 -3.95219,-6.13272 0.0454,-0.0454 6.33715,-6.08729 1.97609,-1.36283 0.86313,-1.32875 0.68141,-2.10103 4.0317,4.00899 0.44291,0.88583 0.17036,0.70413 2.41901,2.91872 0.44292,0.37478 0.21578,1.77167 0.46564,1.69218 0.90855,2.04424 0.27256,1.28332 0.55649,1.10162 0.159,1.83982 0.44291,2.15781 2.14646,2.95279 1.52182,2.58937 1.51046,2.58937 -0.73819,3.16857 4.1339,2.21459 0.7382,0.8177 3.48657,2.71429 0.0341,0.0568 -1.11298,0.81769 -3.30485,2.37359 -5.29231,2.94143 -4.88346,3.97491 0.0568,0.0454 0.20443,0.17036 0.19306,0.18171 0.18171,0.19306 0.17036,0.20443 0.15899,0.21578 0.14764,0.21578 0.12493,0.23849 0.11357,0.2385 0.0909,0.24985 0.0909,0.24985 0.0568,0.24985 0.0568,0.26121 0.0341,0.26121 0.0113,0.27256 v 0.26121 0.0681 l -0.0113,0.19307 -0.0341,0.26121 -0.0568,0.26121 -0.0568,0.24985 -0.0909,0.26121 -0.0909,0.23849 -0.0795,0.159 -0.0341,0.0795 -0.12493,0.23849 -0.14764,0.21578 -0.15899,0.21578 -0.10222,0.13629 -0.24985,0.2612 -0.19306,0.19307 -0.20443,0.17035 -0.21578,0.14764 -0.22714,0.14764 -0.22713,0.12493 -0.2385,0.12493 -0.24985,0.0909 -0.26121,0.0909 -0.24985,0.0681 -0.26121,0.0568 -0.27256,0.0341 -0.26121,0.0227 h -0.27257 l -0.27256,-0.0114 -0.26121,-0.0341 -0.26121,-0.0454 -0.26121,-0.0568 -0.26121,-0.0795 -0.24985,-0.0909 -0.23849,-0.10221 -0.2385,-0.12493 -0.22713,-0.13628 -0.22714,-0.14764 -0.20443,-0.17035 -0.20442,-0.17035 -0.0795,-0.0909 0.159,-0.18171 -0.51106,-0.69277 -0.28392,-0.5792 -0.17036,-0.39749 -0.15899,-1.13569 0.10221,-0.99941 0.12492,-0.19306 0.32935,-0.87448 0.51106,-0.59056 0.45428,-0.44292 0.61327,-0.44292 0.4997,-0.24985 -0.21578,-0.14764 -0.52241,-0.35206 z"
       id="Sélibaby"
       style="fill:#cccccc;fill-opacity:1;stroke:#ffffff;stroke-width:1.13569;stroke-opacity:1"
       inkscape:label="Sélibaby - سيلبابي" />
    <path
       d="m 629.79332,852.57849 6.0873,2.66887 -3.69099,4.70175 4.69039,3.24807 -0.6587,0.51106 -0.61327,1.11297 -0.56784,1.03348 -0.29528,0.7382 v 1.47639 l -0.67006,0.88584 -0.29528,0.96534 -0.51106,0.95397 -0.56784,0.37478 -0.54513,0.36342 -0.52242,0.44292 -0.51106,0.67006 -0.29528,0.37477 -0.22714,0.44292 -0.36342,0.88584 -0.0795,0.59056 v 0.95398 l 0.0795,0.44291 -0.37477,1.03348 -0.0681,0.7382 0.0227,0.62463 -0.0227,0.63598 v 0.52242 l -0.29527,0.80634 -0.22714,0.59056 -0.36342,0.96533 -0.47699,0.5792 0.90855,0.87448 0.22714,0.32935 0.32935,0.46564 0.23849,0.40884 0.159,0.52242 0.13628,0.56784 0.0568,0.48835 -0.0909,0.5792 -0.18171,0.59056 -0.77227,-0.26121 -0.26121,-0.0114 -0.46563,-0.0113 -0.36342,0.0113 -0.26121,0.0114 -0.54513,0.0795 -0.21578,-0.0795 -0.0341,0.31799 0.0227,0.30664 v 0.37478 l 0.13629,0.43156 -0.0454,0.39749 -0.0795,0.38613 -0.11357,0.35207 -0.4997,0.29528 -0.60192,0.15899 -0.38613,0.87448 -0.43156,0.26121 -0.31799,0.32935 -0.35207,0.46563 -0.27256,0.57921 -0.0681,0.55648 -0.0681,0.5792 0.12493,0.39749 0.11357,0.36343 0.10221,0.36342 0.0568,0.39749 -0.0341,0.52241 -0.0908,0.27257 -0.159,0.34071 -0.0681,0.4202 -0.10221,0.32935 -0.21578,0.68141 -0.20443,0.49971 -0.11356,0.29527 -0.14764,0.21579 -0.0682,0.36342 v 0.36342 l -0.0681,0.0909 -0.0341,0.51106 -0.15899,0.38614 -0.18171,0.38613 -0.159,0.40885 -0.36342,0.4997 -0.40885,0.55649 -0.24985,0.39749 -0.31799,0.43156 -0.0909,0.52242 v 0.53377 l -0.3407,0.30664 -0.22714,0.13628 -0.2385,0.11357 -0.32935,0.19307 -0.0568,0.36342 -0.0341,0.38613 -0.12493,0.34071 -0.0454,0.3407 0.0113,0.21578 0.14764,0.52242 0.0681,0.45428 0.0454,0.32935 0.0114,0.3407 -0.0341,0.22714 -0.0795,0.30664 -0.0454,0.30663 -0.0341,0.35207 -0.0909,0.24985 -0.13629,0.47699 -0.0113,0.22713 -0.0454,0.30664 -0.22714,0.26121 -0.12493,0.15899 -0.32934,0.21579 -0.17036,0.17035 -0.27256,0.19307 -0.27257,0.21578 -0.12492,0.0227 -0.0909,-0.12493 -6.05322,-8.34731 -3.30485,-2.58937 -0.0227,-0.0113 h -0.0113 l -0.0341,-0.0568 -3.48657,-2.71429 -0.7382,-0.8177 -4.1339,-2.21459 0.73819,-3.16857 -1.51046,-2.58937 -1.52182,-2.58937 -2.14646,-2.95279 -0.44291,-2.15781 -0.159,-1.83982 -0.55649,-1.10162 -0.27256,-1.28332 -0.90855,-2.04424 -0.46564,-1.69218 -0.21578,-1.77167 -0.44292,-0.37478 -2.41901,-2.91872 -0.17036,-0.70413 -0.44291,-0.88583 -4.0317,-4.00899 0.19307,-0.56784 0.48834,-0.14764 0.21579,-0.12492 0.22713,-0.2385 0.22714,-0.19307 0.13628,-0.0908 0.159,-0.12493 0.11357,-0.0681 0.159,-0.0454 0.0908,-0.0795 0.14764,-0.17036 0.18171,-0.17035 0.19307,-0.10221 0.23849,-0.0795 0.31799,-0.0114 0.27257,-0.0114 0.22714,0.0227 0.20442,0.0681 h 0.19307 l 0.20442,-0.0341 0.24985,-0.0227 0.19307,-0.17036 0.34071,-0.28392 0.44292,-0.31799 0.47699,-0.26121 0.94262,0.51106 0.73819,0.14764 0.67006,0.14764 0.6587,0.22714 1.40825,-0.59056 0.88584,-0.26121 0.47699,-0.21578 0.54513,-0.26121 0.82905,-0.44292 0.84041,-0.36342 0.78363,-0.23849 1.10162,-0.36342 1.26061,-0.52242 0.95398,-0.51106 0.74955,-0.29528 h 0.6587 l 0.37478,0.0227 1.10162,0.12493 h 0.67005 l 0.44292,0.21578 0.36342,0.44292 0.52242,0.52242 0.21578,0.44291 0.0795,0.29528 0.14764,0.37478 0.29528,0.36342 0.29528,0.0795 0.36342,-0.14764 0.81769,-0.29528 0.67006,-0.14764 0.6587,-0.0795 0.52241,-0.14764 0.80634,-0.22713 0.52242,-0.0681 0.44292,-0.0795 0.44292,0.14764 0.36342,0.0795 0.59056,0.22714 0.67005,0.14764 h 0.59056 l 0.59056,0.0681 h 0.36342 v -0.73819 l -0.29528,-0.29528 -0.21578,-0.29528 -0.0795,-0.37478 v -0.51106 l 0.22714,-0.37478 0.51106,-0.21578 0.74955,-0.14764 0.0341,0.0795 0.32935,-0.0114 0.44292,-0.21578 v -0.37477 l 0.37478,-0.44292 h 0.36342 l 0.22714,-0.51106 -0.14764,-0.44292 -0.0795,-0.52242 -0.0681,-0.29528 -0.0909,-0.13628 -0.13628,-0.159 -0.51106,-0.36342 -0.52242,-0.74955 -0.21578,-0.36342 0.14764,-0.44292 0.0681,-0.44292 0.12493,-0.26121 0.0227,-0.40884 -0.36342,-0.51106 v -0.52242 l 1.01077,0.19307 0.0681,0.35206 0.20442,0.27256 0.27257,0.0909 0.87448,0.20442 0.24985,-0.98805 0.0795,-0.30663 0.17035,-0.28392 0.19307,-0.24986 0.4202,-0.15899 0.6587,0.5792 0.22714,-0.21578 h 0.21578 l 0.44292,0.21578 0.88583,0.22714 0.37478,0.51106 0.44292,0.37477 1.03348,0.14764 0.96533,-0.22713 0.32935,0.79498 1.06755,0.23849 0.44292,0.52242 z"
       id="Ould-Yengé"
       style="fill:#cccccc;fill-opacity:1;stroke:#ffffff;stroke-width:1.13569;stroke-opacity:1"
       inkscape:label="Ould Yengé - ولد ينج" />
    <path
       d="m 560.68667,920.77659 10.41427,-1.43097 0.20442,-0.37477 5.78066,-8.86973 3.57742,0.77227 4.06576,-0.0568 4.72447,-0.27256 0.52241,0.35206 0.21578,0.14764 -0.4997,0.24985 -0.61327,0.44292 -0.45428,0.44292 -0.51106,0.59056 -0.32935,0.87448 -0.12492,0.19306 -0.10221,0.99941 0.15899,1.13569 0.17036,0.39749 0.28392,0.5792 0.51106,0.69277 -0.159,0.18171 0.0795,0.0909 0.20442,0.17035 0.20443,0.17035 0.22714,0.14764 0.22713,0.13628 0.2385,0.12493 0.23849,0.10221 0.24985,0.0909 0.26121,0.0795 0.26121,0.0568 0.26121,0.0454 0.26121,0.0341 0.27256,0.0114 h 0.27257 l 0.26121,-0.0227 0.27256,-0.0341 0.26121,-0.0568 0.24985,-0.0681 0.26121,-0.0909 0.24985,-0.0909 0.2385,-0.12493 0.22713,-0.12493 0.22714,-0.14764 0.21578,-0.14764 0.20443,-0.17035 0.19306,-0.19307 0.24985,-0.2612 0.10222,-0.13629 0.15899,-0.21578 0.14764,-0.21578 0.12493,-0.23849 0.0341,-0.0795 0.0795,-0.159 0.0909,-0.23849 0.0909,-0.26121 0.0568,-0.24985 0.0568,-0.26121 0.0341,-0.26121 0.0113,-0.19307 v -0.0681 -0.26121 l -0.0113,-0.27256 -0.0341,-0.26121 -0.0568,-0.26121 -0.0568,-0.24985 -0.0909,-0.24985 -0.0909,-0.24985 -0.11357,-0.2385 -0.12493,-0.23849 -0.14764,-0.21578 -0.15899,-0.21578 -0.17036,-0.20443 -0.18171,-0.19306 -0.19306,-0.18171 -0.20443,-0.17036 -0.0568,-0.0454 4.88346,-3.97491 5.29231,-2.94143 3.30485,-2.37359 1.11298,-0.81769 h 0.0113 l 0.0227,0.0113 3.30485,2.58937 6.05322,8.34731 0.0909,0.12493 -0.80634,0.43156 -0.0909,1.58997 1.73761,1.14704 0.44291,0.90855 -0.56784,0.70413 -1.9761,1.8966 0.0909,0.70413 v 0.0341 l 0.53377,0.81769 -0.54513,2.91872 2.5553,-0.22714 1.03348,2.07831 -1.82846,5.89423 0.0227,0.0568 1.20383,2.99822 -1.79439,0.86312 -1.88524,2.10103 -1.01076,0.59056 -1.78303,1.27197 -3.27079,0.71548 -0.13628,2.43037 -1.37418,1.27198 -2.45309,0.67005 -0.159,-0.0113 -3.48656,-0.2385 -0.0341,0.94262 -0.0227,1.3174 -0.94262,1.01076 h -0.0113 l -0.0227,-0.0113 -0.0341,0.0341 -0.19307,0.20442 -0.19306,-0.0795 -0.32935,-0.22713 -0.318,-0.14764 -0.17035,-0.0454 -0.23849,-0.0568 -0.18171,-0.0795 -0.12493,-0.0454 -0.159,-0.0681 -0.0909,-0.0341 -0.12493,-0.0454 -0.17035,-0.0795 -0.11357,-0.0341 -0.11357,-0.0681 -0.20442,-0.0909 -0.13628,-0.0795 -0.11357,-0.0568 -0.12493,-0.0681 -0.0909,-0.0795 -0.0681,-0.0681 -0.0568,-0.0454 -0.0909,-0.0908 -0.0681,-0.0795 -0.0568,-0.0568 -0.0341,-0.0568 -0.10221,-0.0568 -0.0795,-0.0568 -0.0909,-0.0341 -0.13628,-0.0681 -0.12492,-0.0681 -0.14764,-0.0454 -0.13629,-0.0568 -0.0908,-0.0568 -0.0795,-0.0454 -0.10221,-0.0568 -0.10221,-0.10221 -0.0682,-0.0909 -0.0795,-0.11357 -0.11357,-0.15899 -0.0681,-0.18171 v -0.14764 -0.0795 l -0.0681,-0.17035 -0.22714,-0.32935 -0.2385,-0.24985 -0.17035,-0.2385 -0.24985,-0.0795 -0.10221,-0.0341 -0.20443,0.0114 -0.3407,-0.0568 -0.84041,0.27257 -0.159,0.12493 -0.26121,0.3407 -0.32935,0.17036 -0.22714,0.0568 -0.19306,0.0454 -0.11357,0.0454 -0.14764,0.0454 -0.24985,0.0568 -0.22714,0.0113 -0.21578,0.0114 -0.19307,0.0227 -0.24985,0.0341 -0.36342,0.0227 h -0.42021 l -0.28392,-0.0681 -0.11357,0.0113 -0.0454,0.0114 -0.56785,0.10221 -0.47699,-0.0227 -0.24985,0.0227 -0.19307,-0.0341 -0.14764,0.0227 -0.11356,-0.0114 -0.12493,0.0341 -0.159,-0.0341 -0.0795,0.0227 -0.14764,0.0114 h -0.14764 l -0.20443,-0.0454 -0.20442,-0.0113 -0.159,-0.0227 -0.18171,-0.0454 -0.17035,-0.0454 -0.18171,-0.0341 -0.159,-0.0341 -0.15899,-0.0568 -0.14764,-0.0568 -0.17036,-0.0568 -0.12492,-0.0454 -0.17036,-0.0795 -0.11357,-0.0568 -0.15899,-0.0795 -0.11357,-0.0454 -0.17035,-0.0795 -0.12493,-0.0454 -0.17035,-0.0681 -0.14764,-0.12493 -0.0909,-0.0568 -0.11357,-0.10221 -0.13628,-0.0909 -0.21578,-0.20442 -0.11357,-0.13628 -0.12492,-0.159 -0.10222,-0.13628 -0.0568,-0.10222 -0.11357,-0.13628 -0.0681,-0.12492 -0.17035,-0.11357 -0.13629,-0.12493 -0.19306,-0.27256 -0.36342,-0.34071 -0.22714,-0.29528 -0.22714,-0.22714 -0.20442,-0.27256 -0.26121,-0.28392 -0.14764,-0.19307 -0.27257,-0.2385 -0.21578,-0.11357 -0.18171,-0.0909 -0.20442,-0.14764 -0.28392,-0.159 -0.13629,0.0341 -0.15899,-0.0227 -0.28393,-0.0341 -0.23849,0.0454 -0.36342,0.0909 -0.22714,0.0341 -0.31799,-0.0795 -0.46563,-0.0795 -0.18171,-0.0795 -0.0681,-0.0454 -0.12493,-0.0681 -0.159,-0.0681 -0.10221,-0.0795 -0.11357,-0.0795 -0.13628,-0.0681 -0.12493,-0.0681 -0.11356,-0.0909 -0.14764,-0.0681 -0.14764,-0.0795 -0.10222,-0.0454 -0.0568,-0.0227 -0.0795,-0.0113 -0.10221,-0.0227 -0.12493,-0.0341 -0.10221,-0.0341 -0.12492,-0.0341 -0.0909,-0.0341 -0.11357,-0.0227 -0.10221,-0.0341 -0.0795,-0.0227 -0.11357,-0.0454 -0.0795,-0.0568 -0.10222,-0.0909 -0.0908,-0.0909 -0.0795,-0.0795 -0.11357,-0.10221 -0.10221,-0.11357 -0.0909,-0.10221 -0.0908,-0.11357 -0.12493,-0.10221 -0.18171,-0.13628 -0.18171,-0.159 -0.15899,-0.14764 -0.14764,-0.18171 -0.14764,-0.21578 -0.17036,-0.18171 -0.28392,-0.20443 -0.32935,-0.22713 -0.24985,-0.18171 -0.19307,-0.159 -0.22713,-0.17035 -0.44292,-0.38614 -0.48835,-0.32935 -0.11357,-0.0908 -0.10221,-0.14764 -0.0909,-0.14764 -0.0341,-0.11357 0.0227,-0.13628 0.0227,-0.13629 0.10221,-0.15899 0.0341,-0.12493 0.0568,-0.12492 0.0227,-0.14764 -0.0227,-0.0909 v -0.0681 l -0.0114,-0.0681 -0.0341,-0.12493 -0.0227,-0.11357 -0.0341,-0.13628 -0.0568,-0.30663 -0.0681,-0.30664 -0.0568,-0.27256 v -0.22714 l 0.0454,-0.18171 0.0568,-0.18171 0.0681,-0.20443 0.0454,-0.17035 0.0341,-0.18171 -0.0341,-0.23849 -0.0114,-0.30664 -0.0341,-0.27257 -0.20442,-0.69277 -0.19307,-0.44291 -0.17035,-0.30664 -0.0454,-0.13628 -0.0454,-0.14764 -0.0568,-0.13629 -0.0568,-0.14763 -0.0795,-0.159 -0.0681,-0.159 -0.0568,-0.18171 -0.0681,-0.18171 -0.11357,-0.19307 -0.0454,-0.11356 -0.0454,-0.10222 -0.0908,-0.11356 -0.0909,-0.0795 -0.18171,-0.12493 -0.10221,-0.0909 -0.10221,-0.0795 -0.11357,-0.0681 -0.18171,-0.19307 -0.12493,-0.0909 -0.11356,-0.11356 -0.0114,-0.0114 -2.07831,-0.70413 -0.0681,-0.0114 -0.30664,-0.0681 -0.30664,-0.0909 -0.28392,-0.0568 -0.19306,-0.0341 -0.26121,-0.0681 -0.14764,-0.0341 h -0.17036 l -0.28392,-0.0909 -0.14764,-0.0227 -0.24985,-0.11357 -0.18171,-0.13628 -0.11357,-0.20442 -0.13628,-0.19307 -0.0681,-0.0795 -0.18171,-0.0795 -0.20443,-0.11357 -0.12492,-0.0568 -0.17035,-0.0795 -0.17036,-0.0909 -0.0681,-0.12493 -0.0795,-0.14764 -0.0227,-0.13628 -0.12493,-0.13628 -0.13628,-0.12493 -0.14764,-0.0795 -0.159,-0.0795 -0.17035,-0.0454 -0.12492,-0.0795 -0.14764,-0.159 -0.13629,-0.12492 -0.15899,-0.159 -0.18171,-0.20442 -0.12493,-0.14764 -0.0681,-0.13629 -0.0909,-0.15899 -0.0681,-0.0568 -0.10221,-0.17035 -0.0795,-0.12493 -0.11357,-0.12492 -0.21578,-0.12493 z"
       id="Ghabou"
       style="fill:#cccccc;fill-opacity:1;stroke:#ffffff;stroke-width:1.13569;stroke-opacity:1"
       inkscape:label="Ghabou - غابو" />
    <path
       d="m 604.37661,847.9676 0.56785,0.56784 0.13628,0.37478 0.0114,0.74955 -0.0795,0.52242 -0.11357,0.5792 -0.21578,0.61327 -0.28392,0.60192 -0.34071,0.73819 0.0795,0.34071 0.38613,0.45428 -0.0454,0.44291 0.32935,0.69277 0.11356,0.6587 -0.0113,0.32935 -0.0227,0.51106 -0.0795,0.30664 -0.0795,0.26121 0.0909,0.4997 h -0.6587 l -0.74955,0.29528 -0.95398,0.51106 -1.26061,0.52242 -1.10162,0.36342 -0.78363,0.23849 -0.84041,0.36342 -0.82905,0.44292 -0.54513,0.26121 -0.47699,0.21578 -0.88584,0.26121 -1.40825,0.59056 -0.6587,-0.22714 -0.67006,-0.14764 -0.73819,-0.14764 -0.94262,-0.51106 -0.47699,0.26121 -0.44292,0.31799 -0.34071,0.28392 -0.19307,0.17036 -0.24985,0.0227 -0.20442,0.0341 h -0.19307 l -0.20442,-0.0681 -0.22714,-0.0227 -0.27257,0.0114 -0.31799,0.0114 -0.23849,0.0795 -0.19307,0.10221 -0.18171,0.17035 -0.14764,0.17036 -0.0908,0.0795 -0.159,0.0454 -0.11357,0.0681 -0.159,0.12493 -0.13628,0.0908 -0.22714,0.19307 -0.22713,0.2385 -0.21579,0.12492 -0.48834,0.14764 -0.19307,0.56784 -0.68141,2.10103 -0.86313,1.32875 -1.97609,1.36283 -6.33715,6.08729 -0.0454,0.0454 -0.0227,-0.0454 -0.85176,0.68141 -1.58997,0.94263 -2.29409,1.70353 -0.21578,0.21578 -0.22714,0.22714 -0.21578,0.51106 -0.28392,1.47639 -0.0341,0.11357 -0.35206,0.70413 -0.42021,2.12374 -0.46563,1.68082 -0.0454,0.0341 -0.0908,0.0681 -2.01017,1.41961 -0.44292,0.29528 -0.29528,0.21578 -5.24688,-1.54454 -0.21578,-0.0568 -4.36105,-1.28333 -1.10161,-7.52962 v -0.22713 l -2.57802,-0.159 -1.04483,-0.13628 0.0681,-0.59056 -0.21578,-0.36342 -0.22714,-0.37478 -0.51106,-0.36342 -0.22714,-0.44292 -0.21578,-0.37478 -0.44292,-0.44291 -0.29527,-0.36342 -0.29528,-0.30664 -0.7382,-0.51106 -0.59056,-0.8177 -0.22714,-0.21578 -0.14764,-0.14764 -0.14764,-0.44291 v -0.67006 l 0.0795,-0.51106 0.14764,-0.29528 0.14764,-0.44292 0.0454,-0.51106 0.14764,-0.44292 0.21578,-0.6587 0.4202,-0.61327 0.10222,-0.69277 0.0909,-0.38613 -0.0114,-1.45368 0.159,-0.96534 0.31799,-1.46504 0.40885,-1.49911 0.21578,-0.97669 0.29528,-0.96533 0.64734,-1.03348 0.40885,-0.89719 0.35206,-0.6587 0.318,-0.8177 -0.0227,0.0114 0.17036,-0.97669 -0.29528,-0.54514 -0.0568,-0.0454 -14.49138,-12.20866 -4.62226,-3.7137 -0.30663,-0.24985 -0.10221,-0.0795 h 0.0113 l 4.34969,-0.96533 0.36342,-0.36342 0.30664,-0.49971 0.15899,-0.30663 0.49971,-0.67006 0.0681,-0.29528 0.14764,-0.14764 0.37477,-0.29528 0.159,-0.17035 0.2385,-0.24985 0.19306,-0.18171 0.0795,-0.6587 0.12493,-0.34071 0.20442,-0.28392 0.11357,-0.11357 0.0568,-0.0681 0.60192,-0.67005 0.0795,-0.22714 v -0.29528 l 0.0909,-0.34071 0.56785,-0.69277 0.10221,-0.0795 0.19307,-0.13628 0.37477,-0.52242 0.0681,-0.14764 0.22714,-0.21578 0.36342,-0.29527 0.0795,-0.37478 0.0681,-0.21578 0.29528,-0.44292 0.22714,-0.45428 0.14764,-0.29528 h 0.21578 l 0.22714,-0.0681 0.59055,-0.22714 0.14764,-0.14763 0.0682,-0.14764 0.22713,-0.0682 h 0.6587 l 0.52242,-0.14763 -0.0795,-0.37478 -0.0681,-0.29528 -0.22714,-0.51106 0.0795,-0.14764 0.37478,-0.40885 0.11357,-0.0681 0.53377,-0.0454 h 0.0454 l 0.70412,-0.21578 0.24986,-0.19307 0.10221,-0.10221 0.22714,-0.40885 0.0113,-0.0341 0.14764,-0.37477 0.14764,-0.21578 0.14764,-0.52242 v -0.21578 l -0.21578,-0.22714 -0.0795,-0.14764 0.159,-0.37478 0.0908,-0.0341 0.42021,-0.0341 0.21578,-0.37477 0.0795,-0.21579 0.18171,-0.18171 0.32935,-0.0454 0.44292,-0.0681 0.44291,-0.14764 h 0.29528 l 0.22714,-0.0795 0.44292,0.14764 0.14764,0.14764 0.29528,0.14764 0.38613,0.17035 1.11298,-0.20442 0.4202,-0.36342 0.4997,-0.32935 1.09027,-0.85177 0.5792,-0.34071 0.64734,-0.47699 0.48835,0.0681 0.69277,0.10222 1.21518,0.29528 14.94566,3.07771 -0.0568,0.52242 -0.19307,0.4202 -0.0795,0.59056 0.37478,0.39749 0.35207,0.72684 0.4202,0.38614 0.18171,0.72684 -0.19307,0.64734 0.0454,0.55649 -0.0681,0.51106 0.0568,0.53377 0.28393,0.71549 0.28392,0.95397 0.11357,0.64735 0.0909,0.47699 0.10221,0.56784 -0.0341,0.69277 -0.0568,0.36342 -0.159,0.32935 -0.26121,0.46563 -0.19306,0.67006 0.0795,0.40885 -0.0227,0.40884 0.0114,0.42021 -0.0341,0.24985 -0.26121,0.12493 -0.12493,0.10221 -0.2612,0.0454 -0.26121,0.10221 -0.20443,0.27256 0.0227,0.44292 0.28392,0.32935 0.11357,0.43156 -0.19307,0.2385 -0.14764,0.96533 0.159,0.27257 0.0568,0.4997 0.11357,0.45428 0.32935,0.35206 0.42021,0.10221 0.53377,-0.13628 0.34071,-0.14764 0.40884,-0.31799 0.45428,-0.318 0.62463,-0.32935 0.46563,-0.15899 0.31799,-0.2385 0.40885,-0.40884 0.55649,-0.44292 0.46563,-0.52242 0.55649,-0.34071 0.4202,-0.30663 0.5792,-0.26121 0.57921,-0.17035 0.63598,-0.159 0.43156,-0.0795 0.62463,-0.14764 0.52242,-0.0454 0.28392,0.11357 0.36342,0.29528 0.19307,0.26121 0.29528,0.32935 0.3407,0.14764 0.68142,0.20442 0.44291,-0.0227 0.68142,0.10221 0.38613,0.38614 0.24985,0.38613 0.159,0.4997 0.0795,0.53378 0.0681,0.51106 -0.0114,0.80634 0.0795,0.32935 0.0454,0.5792 0.0909,0.64734 0.0114,0.72684 -0.0568,0.44292 -0.14764,0.46563 0.18171,0.45428 0.31799,0.72684 0.72684,1.19247 0.64734,-0.10221 0.77227,-0.18171 0.54513,0.22714 0.90855,0.18171 0.5792,0.10221 0.74956,0.18171 0.30663,0.30663 0.52242,0.22714 0.40885,-0.4202 0.46563,-0.34071 0.59056,-0.0681 0.60191,0.20442 0.77227,0.19307 0.47699,0.18171 0.4997,0.26121 0.6587,0.3407 0.61328,0.27257 0.61327,0.56784 0.27256,0.40885 0.56785,0.53378 0.26121,0.38613 0.17035,0.37478 0.10221,0.37477 0.0454,0.40885 0.7382,0.26121 0.87448,0.0909 0.85176,-0.0681 0.54513,-0.2612 z"
       id="M'Bout"
       style="fill:#cccccc;fill-opacity:1;stroke:#ffffff;stroke-width:1.13569;stroke-opacity:1"
       inkscape:label="M'Bout - امبود" />
    <path
       d="m 548.63702,818.75768 -0.18171,0.18171 -0.0795,0.21579 -0.21578,0.37477 -0.42021,0.0341 -0.0908,0.0341 -0.159,0.37478 0.0795,0.14764 0.21578,0.22714 v 0.21578 l -0.14764,0.52242 -0.14764,0.21578 -0.14764,0.37477 -0.0113,0.0341 -0.22714,0.40885 -0.10221,0.10221 -0.24986,0.19307 -0.70412,0.21578 h -0.0454 l -0.53377,0.0454 -0.11357,0.0681 -0.37478,0.40885 -0.0795,0.14764 0.22714,0.51106 0.0681,0.29528 0.0795,0.37478 -0.52242,0.14763 h -0.6587 l -0.22713,0.0682 -0.0682,0.14764 -0.14764,0.14763 -0.59055,0.22714 -0.22714,0.0681 h -0.21578 l -0.14764,0.29528 -0.22714,0.45428 -0.29528,0.44292 -0.0681,0.21578 -0.0795,0.37478 -0.36342,0.29527 -0.22714,0.21578 -0.0681,0.14764 -0.37477,0.52242 -0.19307,0.13628 -0.10221,0.0795 -0.56785,0.69277 -0.0909,0.34071 v 0.29528 l -0.0795,0.22714 -0.60192,0.67005 -0.0568,0.0681 -0.11357,0.11357 -0.20442,0.28392 -0.12493,0.34071 -0.0795,0.6587 -0.19306,0.18171 -0.2385,0.24985 -0.159,0.17035 -0.37477,0.29528 -0.14764,0.14764 -0.0681,0.29528 -0.49971,0.67006 -0.15899,0.30663 -0.30664,0.49971 -0.36342,0.36342 -4.34969,0.96533 -0.22713,-0.19306 -1.38554,0.71548 -1.14705,-0.0568 -0.36342,-0.159 -0.0568,-0.0114 0.0113,-0.0568 -0.0227,-0.0227 -2.43037,-0.9199 -0.56785,-0.2385 -0.18171,-0.0681 -5.13331,0.17035 -0.159,0.0114 -0.0568,-0.17035 -2.68023,-6.82549 -2.28273,-5.31502 -0.0795,-0.18171 0.0909,-0.0341 2.60072,-0.79499 0.17036,-0.0568 -0.17036,-2.65751 v 0 h 1.54454 v 0 0 l -0.29528,-5.78066 3.82727,-3.74777 -0.0795,0.13628 11.36824,-2.53258 1.3174,-0.29528 1.02212,-0.22714 3.98627,-4.83803 1.28333,-2.48716 v 0 l 0.62463,-1.14705 0.5792,-0.55648 0.9994,-1.01077 v 0.0227 l -0.0113,0.56784 -0.0454,0.31799 -0.0114,0.34071 -0.0568,0.48835 -0.14764,0.40884 -0.18171,0.32935 -0.17035,0.36342 -0.0682,0.48835 -0.0454,0.26121 -0.0341,0.30664 -0.0227,0.48834 0.0114,0.43156 0.0568,0.35207 0.17036,0.31799 0.26121,0.32935 0.23849,0.23849 0.37478,0.30664 0.32935,0.30664 0.28392,0.2612 0.31799,0.13629 0.40885,0.0341 0.35206,0.0454 0.36342,0.0795 0.34071,0.10221 0.35206,0.19307 0.318,0.19307 0.29528,0.31799 0.21578,0.42021 0.21578,0.43156 0.14764,0.36342 0.27256,0.47699 0.20443,0.4202 0.0681,0.27257 0.0227,0.37478 0.20442,0.53377 0.20443,0.4997 0.13628,0.30664 0.2385,0.28392 0.18171,0.28392 0.0113,0.43156 -0.11357,0.24986 0.0454,0.35206 0.17035,0.36342 0.28393,0.29528 0.29528,0.21578 0.17035,0.0681 0.13628,0.0795 0.11357,0.17035 0.10221,0.18171 0.0795,0.21578 v 0.21578 l -0.0795,0.35207 -0.19306,0.28392 -0.18171,0.29528 -0.12493,0.27256 -0.0909,0.22714 -0.13628,0.43156 -0.11357,0.38614 -0.11357,0.35206 -0.17035,0.19307 -0.34071,0.40885 -0.3407,0.17035 -0.35207,0.0795 -0.36342,0.27256 -0.0227,0.0795 0.159,0.23849 0.20442,0.37478 -0.0795,0.36342 -0.14764,0.2385 0.0114,0.39749 0.0795,0.3407 z"
       id="Monguel"
       style="fill:#cccccc;fill-opacity:1;stroke:#ffffff;stroke-width:1.13569;stroke-opacity:1"
       inkscape:label="Monguel - مونگل" />
    <path
       d="m 560.19833,885.1614 0.0795,0.43156 -3.19129,9.01737 -0.36342,1.12433 -2.75972,8.47223 -0.46564,1.32876 -1.10161,3.08907 -2.65751,7.06399 -0.24986,0.64734 -0.24985,-0.12493 -0.0568,-0.0227 -0.0568,-0.0114 -0.2612,-0.10221 -0.0454,-0.0227 -0.22714,-0.0909 -0.17035,-0.0454 -0.10222,-0.0227 -0.15899,-0.0568 -0.19307,-0.0568 -0.0568,-0.0114 -0.159,-0.0454 -0.20442,-0.13629 -0.2385,-0.17035 v 0 l -0.0227,-0.0114 -0.14764,-0.20442 -0.0454,-0.11357 -0.0114,-0.0227 v -0.0227 0 l -0.0454,-0.2612 v -0.0568 l -0.0227,-0.14764 0.0114,-0.22714 0.0568,-0.2612 0.0454,-0.11357 0.0454,-0.14764 0.0908,-0.24985 v -0.0114 -0.0227 l 0.0114,-0.0114 0.0909,-0.26121 0.13628,-0.32935 0.0227,-0.37478 -0.0908,-0.37477 -0.0114,-0.0568 -0.0681,-0.18171 -0.0909,-0.27256 -0.0227,-0.0454 v -0.0114 l -0.12493,-0.21578 -0.0909,-0.13628 -0.0568,-0.0681 0.0113,-0.0568 -0.10221,-0.0341 -0.0341,-0.0341 -0.26121,-0.17035 -0.11357,-0.0454 -0.17035,-0.0909 v 0.0114 l -0.12493,-0.0795 -0.13628,-0.0454 -0.22714,-0.0341 H 545.616 l -0.20443,0.0227 h -0.0341 l -0.19307,0.0114 -0.4202,0.0681 -0.0795,0.0454 -0.17035,0.10222 -0.0909,0.0681 -0.17035,0.13628 -0.26121,0.20442 -0.0341,0.0341 v 0 l -0.12493,0.11356 -0.0909,0.0795 -0.0454,0.0454 -0.28392,0.20442 -0.0454,0.0114 -0.0681,0.0341 -0.0795,0.0114 -0.0908,0.0227 -0.0568,-0.0114 -0.0114,0.0114 -0.0114,-0.0114 -0.13628,-0.0227 -0.12493,-0.10221 -0.0568,-0.0227 -0.0568,-0.0568 -0.0681,-0.0568 -0.0227,-0.0114 v -0.0114 l -0.0454,-0.0454 -0.0114,-0.0681 -0.0113,-0.10221 -0.0114,-0.20442 v 0 l -0.0114,-0.0227 -0.0681,-0.13628 -0.0227,-0.0341 -0.0568,-0.14764 -0.0681,-0.13628 -0.0909,-0.18171 -0.11357,-0.18171 -0.14764,-0.19307 -0.0227,-0.0227 h -0.0114 l -0.0114,-0.0114 -0.13628,-0.17035 -0.0795,-0.10221 -0.18171,-0.12493 -0.0681,-0.0795 v -0.0114 l -0.11357,-0.0909 -0.0909,-0.0795 -0.10221,-0.0795 -0.0341,-0.0113 -0.0909,-0.0681 -0.11357,-0.0454 -0.22714,-0.0795 -0.29528,-0.0909 -0.20442,-0.12492 -0.0909,-0.0454 -0.0114,-0.0114 -0.18171,-0.12492 v 0 0 l -0.0227,-0.0114 -0.0909,-0.0795 h -0.0114 v -0.0113 l -0.0909,-0.0681 -0.0341,-0.0568 -0.0568,-0.0568 -0.0227,-0.0227 -0.0114,-0.0227 -0.0568,-0.0795 -0.14764,-0.17035 -0.0909,-0.20443 -0.0114,-0.0568 -0.0227,-0.0341 -0.0454,-0.18171 0.0114,-0.13628 v -0.0114 0 l 0.0113,-0.10221 0.0227,-0.0341 0.0114,-0.0568 0.0227,-0.0341 v 0 l 0.0114,-0.0114 0.11356,-0.15899 v 0 l 0.11357,-0.0795 0.0681,-0.0341 v 0 h 0.0113 l 0.10221,-0.0568 0.20443,-0.0795 0.17035,-0.0227 h 0.0114 0.0341 l 0.27256,-0.0227 0.26121,0.0454 0.159,0.0795 0.0454,0.0568 0.0227,0.0114 0.159,0.18171 0.14764,0.13628 0.0113,0.0114 h 0.0114 l 0.0341,0.0341 0.20442,0.19306 0.10222,0.12493 0.17035,0.0795 0.34071,0.0909 0.0908,0.0114 v 0 l 0.0681,0.0114 0.0341,0.0113 h 0.0454 l 0.0909,0.0227 0.17035,0.0454 h 0.0227 l 0.27257,-0.0454 0.0681,-0.0795 0.0568,-0.13628 0.0227,-0.0909 0.0341,-0.0114 0.0341,-0.0681 0.10221,-0.0681 0.0341,-0.0341 0.0909,-0.10221 0.0909,-0.10221 0.0341,-0.0341 0.13629,-0.12493 0.0454,-0.0681 0.0341,-0.0568 0.10222,-0.15899 0.13628,-0.21578 0.0113,-0.0341 0.0568,-0.11357 0.0454,-0.14764 0.0681,-0.17036 -0.0114,-0.35206 -0.0341,-0.19307 v -0.0568 l -0.0114,-0.0341 -0.13628,-0.28392 -0.0454,-0.0681 -0.10221,-0.18171 -0.0227,-0.0568 -0.12493,-0.22714 v 0 l -0.0341,-0.0341 -0.0341,-0.13628 -0.0681,-0.21578 -0.0795,-0.21578 -0.0454,-0.14764 -0.0113,-0.0454 -0.17036,-0.24985 -0.11357,-0.12493 -0.0227,-0.0227 -0.0795,-0.0795 -0.0795,-0.0795 -0.15899,-0.10221 -0.0227,-0.0227 -0.0909,-0.0568 -0.17035,-0.0908 -0.10222,-0.0568 v 0 l -0.11356,-0.0681 -0.12493,-0.0568 -0.0341,-0.0227 -0.13628,-0.0795 v 0 l -0.17036,-0.0795 -0.0681,-0.0568 -0.30663,-0.17035 -0.318,-0.23849 -0.24985,-0.17036 v 0 l -0.13628,-0.10221 -0.24985,-0.12493 -0.0681,-0.0341 -0.159,-0.0568 -0.0341,-0.0114 -0.159,-0.0681 h -0.15899 v 0 0 h -0.19307 l -0.0909,-0.0114 h -0.0113 l -0.20443,-0.0227 v 0 0 l -0.0795,-0.0114 -0.30663,-0.0227 h -0.0909 -0.19306 l -0.13629,-0.0114 h -0.0113 v 0 h -0.0795 l -0.22714,-0.10221 -0.19307,-0.0909 -0.21578,-0.10222 -0.13628,-0.0795 -0.23849,-0.10222 -0.18171,-0.0568 h -0.0114 l -0.0795,-0.0227 -0.18171,-0.0909 -0.0908,-0.0341 -0.14764,-0.11357 -0.17036,-0.12492 -0.17035,-0.13629 -0.159,-0.13628 -0.0795,-0.0681 -0.0795,-0.0795 -0.0681,-0.0681 -0.0114,-0.0227 -0.0454,-0.0795 -0.0681,-0.12493 -0.0681,-0.13628 -0.0681,-0.10221 -0.0568,-0.10221 -0.0113,-0.0341 v -0.0227 l -0.0114,-0.0227 v -0.13629 -0.22713 l 0.0227,-0.18171 0.0114,-0.11357 0.0114,-0.0341 0.0113,-0.13629 0.0341,-0.19306 0.0114,-0.24985 0.0341,-0.21579 v -0.0113 -0.17036 -0.14763 -0.0681 -0.18171 -0.0341 l -0.0227,-0.24985 v 0 -0.0114 l -0.0454,-0.21578 v -0.0681 l -0.0114,-0.0454 v -0.0341 l -0.0113,-0.0454 -0.0114,-0.14764 -0.0227,-0.21578 0.0341,-0.14764 0.0341,-0.19307 v -0.0681 -0.11357 l 0.0454,-0.0795 0.0114,-0.0568 0.0454,-0.0341 0.0341,-0.0909 0.0795,-0.0341 0.0454,-0.0568 0.0568,-0.0454 0.0114,-0.0227 0.0341,-0.0227 0.24985,-0.20442 0.12492,-0.0795 0.0454,-0.0341 0.0795,-0.0341 v 0 l 0.20442,-0.159 0.14764,-0.12492 0.0568,-0.0568 0.0681,-0.0909 0.0681,-0.14764 0.0681,-0.19307 v -0.0454 -0.0113 l -0.0113,-0.13629 v -0.0454 0 l -0.0682,-0.13628 -0.0568,-0.0681 -0.0909,-0.0795 -0.0341,-0.0341 -0.0568,-0.0568 -0.20442,-0.0454 -0.0909,0.0114 -0.0795,-0.0114 -0.18171,0.0114 -0.10221,0.0227 -0.10221,0.0341 -0.13628,0.0227 -0.26121,0.0568 -0.2385,0.0568 -0.0114,0.0114 -0.0568,0.0114 -0.0795,0.0113 -0.14764,0.0227 h -0.15899 l -0.0909,-0.0568 -0.0341,-0.0113 -0.11357,-0.0568 -0.0341,-0.0681 -0.10221,-0.10221 -0.0681,-0.17035 v -0.0227 l -0.0114,-0.0341 v -0.0454 l -0.0114,-0.0454 -0.0113,-0.22714 v 0 -0.11357 l 0.0227,-0.0795 0.0114,-0.12492 0.0114,-0.0341 0.0227,-0.0681 0.0341,-0.19306 0.0227,-0.11357 v -0.0341 -0.0114 l 0.0114,-0.0908 0.0227,-0.159 -0.0113,-0.17035 0.0227,-0.22714 -0.0114,-0.159 -0.0227,-0.20442 -0.0454,-0.159 v 0 -0.0114 l -0.0113,-0.0341 -0.0114,-0.0454 -0.0114,-0.0681 -0.0454,-0.0909 -0.0681,-0.18171 -0.0227,-0.0341 -0.0114,-0.0341 -0.0113,-0.0341 -0.0227,-0.0681 v -0.0454 -0.0114 -0.12492 -0.0341 -0.0909 l 0.0114,-0.0454 v -0.0341 l 0.0114,-0.0227 0.0113,-0.0454 0.0114,-0.0227 0.0114,-0.0341 0.0795,-0.12493 0.0682,-0.11357 v -0.0113 l 0.0113,-0.12493 -0.10221,-0.12493 -0.12492,-0.0341 -0.17036,-0.0113 -0.0568,0.0113 -0.20443,0.0795 -0.15899,0.0681 -0.17036,0.0454 -0.17035,0.0795 -0.21578,0.0227 -0.19307,-0.0113 -0.19306,0.0113 -0.20443,-0.0113 -0.23849,0.0227 -0.11357,-0.0114 -0.10221,0.0114 -0.19307,0.0114 h -0.0227 v 0 l -0.19307,0.10221 -0.159,0.0341 -0.14764,0.0227 -0.0113,-0.0113 0.0113,0.0681 -0.10221,0.0681 -0.21578,0.14764 -0.2385,0.18171 -0.18171,0.19306 -0.11356,0.18171 -0.14764,0.20443 -0.17036,0.0681 -0.17035,0.0341 -0.23849,0.0227 -0.30664,0.0114 h -0.26121 l -0.31799,0.0568 -0.0341,0.0113 -0.51106,0.0454 -0.54513,-0.0454 -0.2385,0.0114 -0.35206,-0.0909 -0.35206,-0.12492 -0.49971,-0.22714 -0.22714,-0.14764 -0.32935,-0.24985 -0.53377,-0.17035 -0.14764,-0.0341 -0.0114,-0.0114 -0.45427,-0.0454 -0.29528,-0.10221 -0.19307,-0.12493 -0.21578,-0.17035 -0.0227,-0.0341 -0.11357,-0.28392 0.0454,-0.14764 v 0 l 0.0568,-0.27257 0.10221,-0.32935 0.0227,-0.37477 0.0454,-0.24986 0.0227,-0.0795 0.18171,-0.43157 0.37478,-0.60191 0.40884,-0.54513 0.12493,-0.27257 v -0.38613 l -0.0909,-0.37478 -0.0681,-0.23849 -0.13628,-0.159 -0.12492,-0.19307 -0.12493,-0.20442 -0.0568,-0.14764 0.10221,-0.12492 0.30663,-0.12493 0.12493,-0.0909 -0.0227,-0.2612 -0.0454,-0.20443 -0.44292,-0.17035 -0.26121,-0.0909 -0.18171,-0.0113 -0.12493,-0.10222 -0.23849,-0.15899 -0.12493,-0.13628 -0.32935,-0.11357 -0.35206,-0.18171 -0.34071,-0.12493 -0.20442,-0.0795 -0.37478,-0.10221 -0.29528,-0.0454 -0.12492,-0.0341 -0.19307,-0.10221 -0.19307,-0.0681 -0.51106,-0.0568 -0.17035,-0.0681 -0.14764,-0.0681 -0.22714,-0.15899 -0.21578,-0.13629 -0.20442,-0.13628 -0.0114,-0.0227 -0.0681,-0.0454 -0.20442,-0.13628 -0.14764,-0.18171 -0.21578,-0.159 -0.27257,-0.13628 -0.27256,-0.159 -0.19307,-0.10221 -0.18171,-0.11357 -0.38614,-0.0795 h -0.38613 l -0.12493,0.0114 6.22358,-3.42978 11.42503,-6.40528 1.83981,-2.39631 3.39571,-4.31561 7.05263,-4.63361 2.3168,-1.56725 -0.29528,0.96533 -0.21578,0.97669 -0.40885,1.49911 -0.31799,1.46504 -0.159,0.96534 0.0114,1.45368 -0.0909,0.38613 -0.10222,0.69277 -0.4202,0.61327 -0.21578,0.6587 -0.14764,0.44292 -0.0454,0.51106 -0.14764,0.44292 -0.14764,0.29528 -0.0795,0.51106 v 0.67006 l 0.14764,0.44291 0.14764,0.14764 0.22714,0.21578 0.59056,0.8177 0.7382,0.51106 0.29528,0.30664 0.29527,0.36342 0.44292,0.44291 0.21578,0.37478 0.22714,0.44292 0.51106,0.36342 0.22714,0.37478 0.21578,0.36342 -0.0681,0.59056 1.04483,0.13628 2.57802,0.159 v 0.22713 l 1.10161,7.52962 z"
       id="Maghama"
       style="fill:#cccccc;fill-opacity:1;stroke:#ffffff;stroke-width:1.13569;stroke-opacity:1"
       inkscape:label="Maghama - مقامة" />
    <path
       d="m 531.69254,836.30407 h -0.0113 l 0.10221,0.0795 0.30663,0.24985 4.62226,3.7137 14.49138,12.20866 -0.0227,0.0454 -0.0681,0.0681 -7.7454,0.17035 -5.31502,0.11357 -8.23374,2.18052 -10.42562,2.61208 -1.38554,-0.32935 -10.99347,-2.63479 -0.0114,-0.0114 h -0.0341 l 3.10043,-4.38376 2.02153,-3.02093 2.64615,-4.06576 3.05501,-3.94084 0.61327,-0.76092 1.24925,-1.55589 0.14764,-0.17035 -0.19306,-0.0568 h -0.0341 l -0.91991,-0.12492 -0.80634,-0.11357 -0.80634,-0.22714 -0.68141,-0.0114 -0.74956,0.44292 -0.69277,0.32935 h -0.97669 l -0.34071,-0.11357 -0.52241,-0.3407 -0.7382,-0.17036 -0.86312,-0.0113 -0.74956,0.0568 -0.80634,0.0454 h -1.43096 l -0.86313,0.21578 -0.22714,0.0568 -0.46563,0.0454 -0.22714,0.0568 -1.09026,0.0454 -1.78303,-0.0113 -0.20442,0.14764 -0.24985,0.19306 -7.98389,-3.83862 -0.17036,-0.0795 0.11357,-0.14764 -7.09805,-3.15722 -0.0795,0.0227 -0.0681,-0.0227 7.65454,-2.07831 19.13635,-5.14467 0.0454,0.10222 0.0795,0.18171 2.28273,5.31502 2.68023,6.82549 0.0568,0.17035 0.159,-0.0114 5.13331,-0.17035 0.18171,0.0681 0.56785,0.2385 2.43037,0.9199 0.0227,0.0227 -0.0113,0.0568 0.0568,0.0114 0.36342,0.159 1.14705,0.0568 1.38554,-0.71548 z"
       id="Lexeiba"
       style="fill:#cccccc;fill-opacity:1;stroke:#ffffff;stroke-width:1.13569;stroke-opacity:1"
       inkscape:label="Lexeiba - لكصيبه" />
    <path
       d="m 551.20367,852.55578 0.0568,0.0454 0.29528,0.54514 -0.17036,0.97669 0.0227,-0.0114 -0.318,0.8177 -0.35206,0.6587 -0.40885,0.89719 -0.64734,1.03348 -2.3168,1.56725 -7.05263,4.63361 -3.39571,4.31561 -1.83981,2.39631 -11.42503,6.40528 -6.22358,3.42978 h -0.2612 l -0.11357,0.0227 -0.22714,0.0454 -0.19307,0.18171 -0.17035,0.10221 -0.21578,0.21578 -0.2385,0.2385 -0.0795,0.11357 0.0113,0.19306 -0.10221,0.0909 -0.28392,0.0681 -0.29528,-0.0454 -0.0568,-0.0227 -0.42021,-0.22714 -0.14764,-0.18171 -0.12492,-0.22714 -0.10222,-0.39749 -0.0908,-0.27256 -0.22714,-0.36342 -0.19307,-0.28393 -0.27256,-0.38613 -0.31799,-0.34071 -0.0795,-0.17035 -0.12493,-0.20442 -0.0795,-0.0341 -0.10221,-0.37478 -0.0227,-0.34071 0.0341,-0.22714 0.0795,-0.2612 0.15899,-0.39749 0.159,-0.13629 h 0.14764 l 0.13628,0.0341 0.29528,0.12493 0.21578,0.10221 0.52242,0.159 0.3407,-0.0681 0.43157,-0.2385 0.24985,-0.17035 0.20442,-0.36342 0.22714,-0.46563 0.12492,-0.29528 0.0227,-0.24986 -0.11357,-0.14763 -0.18171,-0.14764 -0.26121,-0.19307 -0.14764,-0.14764 -0.10221,-0.0909 -0.159,-0.11356 -0.15899,-0.14764 -0.159,-0.12493 -0.0227,-0.0341 -0.0454,-0.0341 -0.12493,-0.18171 -0.10221,-0.0909 -0.15899,-0.15899 -0.159,-0.12493 -0.21578,-0.20442 -0.26121,-0.2385 -0.18171,-0.21578 -0.10221,-0.0795 -0.26121,-0.20442 -0.19307,-0.159 -0.30663,-0.22713 -0.21578,-0.13629 -0.18171,-0.13628 -0.29528,-0.19307 -0.159,-0.11357 -0.27257,-0.19306 -0.20442,-0.159 -0.23849,-0.19307 -0.28393,-0.28392 -0.22713,-0.24985 -0.0681,-0.0795 -0.17035,-0.0681 -0.18171,-0.0114 -0.13628,-0.17035 -0.10221,-0.23849 -0.0454,-0.0795 -0.0227,-0.0909 v -0.14764 l 0.0568,-0.30663 0.10221,-0.43156 0.0681,-0.30664 0.14764,-0.0795 0.159,-0.0227 0.35206,0.20442 0.27257,0.0795 0.32935,0.10221 0.24985,-0.0341 0.24985,-0.20442 0.0454,-0.29528 -0.20443,-0.32935 -0.31799,-0.29528 -0.32935,-0.22714 -0.31799,-0.22714 -0.14764,-0.0681 h -0.0681 -0.0114 v 0 l -0.0681,-0.0568 -0.0568,-0.0227 -0.0341,-0.0227 -0.17035,-0.18171 -0.0454,-0.0341 v 0 l -0.0795,-0.0795 -0.14764,-0.19307 -0.21578,-0.22713 -0.14764,-0.21578 -0.20443,-0.27257 -0.0795,-0.32935 -0.0341,-0.0454 -0.0454,-0.13628 v -0.0909 l -0.0227,-0.27257 -0.0114,-0.10221 v -0.0341 l -0.0113,-0.0341 0.0681,-0.34071 h 0.0114 v -0.0341 l 0.0681,-0.32935 0.0795,-0.27256 0.0909,-0.3975 0.0568,-0.24985 -0.0681,-0.26121 -0.15899,-0.38613 -0.20443,-0.38613 -0.22713,-0.21578 -0.19307,-0.18172 -0.36342,-0.20442 -0.28392,-0.159 -0.22714,-0.0454 -0.14764,-0.0114 -0.28392,-0.14764 -0.19307,-0.17035 -0.19307,-0.159 -0.17035,-0.21578 -0.12493,-0.159 v -0.17035 l 0.29528,-0.21578 0.26121,-0.29528 0.35206,-0.30664 0.30664,-0.21578 0.21578,-0.22713 0.19307,-0.38614 -0.0909,-0.3407 -0.0908,-0.21579 -0.29528,-0.24985 -0.159,-0.0681 h -0.23849 l -0.21578,0.0114 -0.29528,-0.0909 -0.18171,-0.10221 -0.5792,-0.34071 -0.29528,-0.36342 -0.26121,-0.2612 -0.0227,-0.0227 -0.35207,-0.36342 -0.13628,-0.19307 -0.13628,-0.38613 -0.0909,-0.30664 -0.20442,-0.28392 -0.26121,-0.37477 -0.0568,-0.30664 0.0341,-0.48835 0.0341,-0.36342 0.0795,-0.29528 -0.0227,-0.18171 0.0341,-0.30663 v 0 l -0.0227,-0.0341 -0.159,-0.159 -0.23849,-0.20442 -0.0227,-0.0227 -0.12492,-0.12492 -0.10222,-0.13629 -0.0681,-0.0454 -0.0795,-0.0227 -0.0795,-0.0454 -0.0454,-0.0568 -0.0454,-0.0681 -0.0113,-0.0681 -0.0114,-0.30664 0.0114,-0.10221 0.0227,-0.17035 -0.0114,-0.18171 v -0.12493 l 0.0227,-0.0909 -0.0114,-0.0795 -0.0341,-0.14764 -0.0454,-0.14764 0.0454,-0.30664 0.0454,-0.14764 0.14764,-0.68141 -0.0114,-0.23849 -0.0681,-0.2385 -0.11357,-0.23849 -0.24985,-0.19307 -0.159,-0.13628 -0.14764,-0.0681 -0.14764,-0.0568 -0.0795,-0.0114 -0.17035,-0.0227 -0.0795,0.0114 -0.45427,-0.159 -0.17036,-0.0681 -0.11357,-0.0454 -0.23849,-0.12492 -0.14764,-0.0568 -0.0227,-0.0568 h -0.11357 l -0.7382,-0.24985 -0.95398,-0.40885 -0.86312,-0.38614 -0.0454,-0.0454 -0.0341,-0.0681 -0.0227,-0.0341 -0.13629,0.0113 -0.0909,-0.0227 -0.0341,-0.0114 -0.13628,-0.14764 -0.12493,-0.13628 -0.0227,-0.0795 -0.159,-0.36342 -0.0681,-0.18171 -0.0227,-0.11357 -0.0795,-0.0908 -0.0454,-0.0795 -0.0227,-0.13628 -0.0227,-0.0909 -0.0114,-0.10221 v -0.14764 l -0.0227,-0.0454 -0.10221,-0.0114 -0.0681,-0.0227 -0.10222,-0.0454 h -0.36342 l -0.0341,0.0114 -0.27256,0.0909 -0.19307,0.11356 -0.15899,0.11357 -0.0795,0.10221 -0.0795,0.12493 -0.0341,0.0227 -0.12493,0.20443 -0.14764,0.29528 -0.14764,0.39749 -0.0681,0.18171 -0.0341,0.0568 -0.0454,0.0795 -0.0568,0.0795 -0.11357,0.159 -0.10221,0.0568 -0.12493,0.0681 h -0.0908 l -0.11357,-0.0227 -0.18171,-0.0341 -0.19307,-0.0341 -0.19307,-0.0341 -0.23849,-0.18171 -0.30664,-0.27257 -0.17035,-0.17035 -0.11357,-0.13629 -0.0795,-0.15899 -0.0909,-0.28392 -0.0681,-0.20443 0.0454,-0.14764 0.0114,-0.17035 0.0568,-0.19307 0.0568,-0.19306 0.2385,-0.38614 0.18171,-0.17035 0.17035,-0.0795 -0.0114,-0.0454 0.159,-0.0795 0.19307,-0.11357 0.14763,-0.0568 0.11357,-0.0681 0.19307,-0.0454 0.13628,-0.0227 h 0.159 l 0.0909,-0.0341 h 0.14764 l 0.27257,-0.0227 h 0.0795 0.0795 l 0.0795,-0.0454 0.20443,-0.14764 0.11357,-0.0682 0.0227,-0.0341 0.0114,-0.0227 0.0568,-0.12493 0.0114,-0.13628 -0.0681,-0.19306 -0.0568,-0.0227 -0.10221,-0.23849 -0.11357,-0.19307 -0.14764,-0.19307 -0.28392,-0.21578 -0.0795,-0.0114 -0.12492,-0.0454 -0.0227,-0.0454 -0.0909,0.0114 -0.0909,0.0227 -0.0113,0.0568 -0.0341,0.18172 -0.12493,0.20442 -0.32935,0.18171 -0.28392,0.0795 -0.20443,0.0681 -0.17035,0.0681 -0.12493,0.11357 -0.14763,0.159 -0.13629,0.18171 -0.0909,0.10221 -0.12493,0.10221 -0.14764,0.0795 -0.12492,0.0568 -0.14764,0.0227 -0.44292,0.0341 -0.35207,-0.0454 -0.31799,-0.11357 -0.29528,-0.17035 -0.15899,-0.0681 -0.11357,-0.0341 -0.20443,-0.0681 -0.18171,-0.0341 -0.12492,-0.0113 -0.0909,-0.0568 -0.11357,-0.0227 -0.0341,-0.0454 -0.0681,-0.0227 -0.30663,-0.0795 -0.19307,-0.0114 -0.21578,-0.0341 -0.159,-0.0114 -0.22714,0.0682 -0.19306,0.0568 -0.19307,0.0114 -0.18171,0.0113 -0.18171,0.0227 -0.62463,0.28392 -0.56784,0.26121 h -0.0227 v 0 l -0.0341,0.0113 v 0.0114 l -0.11357,0.0454 -0.4997,0.20442 -0.96534,0.49971 -0.2612,0.14764 -0.11357,0.0795 -0.32935,0.22714 -0.159,0.0568 -0.14764,0.0341 -0.19306,0.0568 -0.12493,0.0568 -0.11357,0.0568 -0.17035,0.0341 -0.28393,-0.0227 -0.21578,-0.0568 -0.51106,-0.0795 -0.17035,-0.0795 -0.21578,-0.0341 -0.20442,-0.0341 h -0.14764 l -0.17036,0.0795 -0.13628,0.11357 -0.0681,0.0909 -0.0454,0.0227 -0.0681,0.0454 -0.24985,0.36342 -0.38614,0.45427 -0.15899,0.13629 -0.14764,0.0113 -0.159,-0.0454 -0.26121,-0.17036 -0.40884,-0.43156 -0.26121,-0.27256 -0.48835,-0.42021 -0.23849,-0.24985 -0.20443,-0.2385 -0.40884,-0.61327 -0.21579,-0.36342 -0.0795,-0.17035 -0.12493,-0.27257 -0.0681,-0.19306 -0.0454,-0.13629 v -0.10221 l 0.99941,-0.7382 1.43097,-1.05619 2.62344,-1.94202 1.96474,-7.2457 3.055,-0.9994 0.0795,-0.0227 7.09805,3.15722 -0.11357,0.14764 0.17036,0.0795 7.98389,3.83862 0.24985,-0.19306 0.20442,-0.14764 1.78303,0.0113 1.09026,-0.0454 0.22714,-0.0568 0.46563,-0.0454 0.22714,-0.0568 0.86313,-0.21578 h 1.43096 l 0.80634,-0.0454 0.74956,-0.0568 0.86312,0.0113 0.7382,0.17036 0.52241,0.3407 0.34071,0.11357 h 0.97669 l 0.69277,-0.32935 0.74956,-0.44292 0.68141,0.0114 0.80634,0.22714 0.80634,0.11357 0.91991,0.12492 h 0.0341 l 0.19306,0.0568 -0.14764,0.17035 -1.24925,1.55589 -0.61327,0.76092 -3.05501,3.94084 -2.64615,4.06576 -2.02153,3.02093 -3.10043,4.38376 h 0.0341 l 0.0114,0.0114 10.99347,2.63479 1.38554,0.32935 10.42562,-2.61208 8.23374,-2.18052 5.31502,-0.11357 7.7454,-0.17035 0.0681,-0.0681 z"
       id="Kaédi"
       style="fill:#cccccc;fill-opacity:1;stroke:#ffffff;stroke-width:1.13569;stroke-opacity:1"
       inkscape:label="Kaédi - كيهيدي" />
    <path
       d="m 277.62765,511.62201 -0.0454,-0.10221 0.0341,-0.67005 0.11357,-0.40885 0.17035,-0.48835 0.12493,-0.36342 -0.0568,-0.22714 -0.17035,-0.14764 -0.18171,0.48835 -0.22714,0.30664 -0.28392,-0.10222 -0.0341,0.55649 -0.28392,-0.12492 -0.24985,-0.159 -0.24986,-0.45428 -0.43156,-0.22713 -0.45427,-0.10222 v -0.53377 l 0.0113,-0.28392 -0.0454,-0.31799 -0.19307,-0.0341 -0.0795,0.46563 -0.17035,0.13628 -0.28392,-0.32935 -0.27257,-0.44292 -0.30664,-0.31799 -0.35206,-0.40885 -0.26121,-0.30663 -0.32935,-0.22714 0.0681,-0.42021 0.0227,-0.67005 v -0.9767 l 0.28392,-0.44291 0.19307,-0.54513 -0.28392,-0.18171 -0.46564,0.0227 -0.39749,0.0908 -0.45427,-0.0908 -0.40885,-0.11357 -0.69277,-0.159 -0.11357,-0.32935 -0.31799,-0.4202 -0.29528,0.53377 -0.10221,0.79498 0.0341,0.67006 0.0681,0.59056 -0.21578,0.64734 -0.24985,0.56785 0.11356,0.82905 0.48835,0.70413 0.0681,0.79498 -0.0681,0.54513 -0.10221,0.81769 -0.2385,0.76092 -0.0568,0.67005 -0.0795,0.86312 0.35206,0.70413 0.14764,1.11298 0.0568,0.18171 0.0227,0.20442 0.0114,0.12493 -0.0909,0.21578 -0.10221,0.0568 -0.0908,0.11357 -0.0909,0.0681 -0.12492,0.0681 v 0.18171 l 0.0568,0.22714 0.0681,0.26121 0.0795,0.21578 -0.0454,0.13628 -0.13628,0.159 -0.0909,-0.17035 -0.18171,-0.10222 -0.13629,-0.23849 -0.14764,-0.27257 -0.0795,-0.23849 -0.0454,-0.14764 -0.14764,-0.10221 -0.318,-0.0568 -0.12492,0.0568 -0.31799,-0.11357 -0.27257,-0.22714 -0.24985,-0.22714 h -0.159 l -0.17035,-0.17035 -0.13628,-0.0681 -0.19307,-0.0795 -0.54513,-0.22714 -0.45428,-0.21578 -0.4202,-0.35206 -0.28392,-0.31799 -0.49971,-0.85177 -0.61327,-0.37478 -0.54513,-0.32935 -0.30663,-0.38613 -0.26121,-0.32935 -0.27257,-0.32935 -0.32935,-0.51106 -0.28392,-0.61327 -0.35206,-0.48835 -0.63599,-0.4202 -0.52242,-0.13629 -0.59055,-0.23849 -0.26121,-0.2385 -0.20443,-0.38613 -0.29527,-0.19307 -0.56785,-0.11357 -0.14764,-0.30663 -0.0681,-0.32935 0.0795,-0.28392 0.23849,-0.10221 0.18171,-0.32935 0.13629,-0.20443 0.13628,-0.39749 -0.14764,-0.10221 -0.0227,-0.12493 0.0681,-0.20442 0.0795,-0.24985 0.0795,-0.56785 0.159,-0.35206 0.0114,-0.32935 0.0341,-0.56784 0.0227,-0.3975 -0.28392,-0.3407 -0.28392,-0.0909 -0.2385,0.17036 0.0909,0.19306 0.21578,0.11357 -0.28392,0.0341 -0.35207,-0.15899 -0.39749,-0.0454 -0.21578,-0.21578 -0.43156,-0.2385 -0.19307,-0.30663 -0.13628,-0.32935 -0.30664,-0.47699 -0.44292,-0.27257 -0.31799,-0.36342 0.13628,-0.45427 -0.59055,-0.67006 0.15899,-0.45427 -0.0681,-0.19307 -0.26121,-0.40885 0.0454,-0.31799 -0.13628,-0.35207 -0.39749,-0.39749 -0.19307,-0.40884 -0.22714,-0.26121 -0.56784,-0.2385 -0.63599,-0.26121 -0.27256,-0.53377 -0.0341,-0.59056 -0.0227,-0.31799 0.0909,-0.37478 -0.0341,-0.59056 -0.0341,-0.51106 -0.21578,-0.3407 -0.40885,-0.48835 -0.36342,-0.46563 -0.0909,-0.17035 -0.0681,-0.36342 v -0.57921 l -0.0795,-0.54513 -0.0454,-0.53377 -0.0795,-0.64734 -0.21578,-0.48835 -0.36342,-0.0908 -0.35207,0.21578 -0.13628,0.22714 0.0568,0.29527 -0.14764,0.0341 -0.30663,-0.24986 -0.32935,-0.23849 -0.32935,-0.17035 -0.32935,-0.18171 -0.11357,-0.36342 -0.27256,-0.53378 -0.0795,-0.3407 -0.0227,-0.36343 0.0454,-0.21578 0.0341,-0.40884 0.11357,-0.318 -0.0795,-0.3407 -0.29528,-0.47699 -0.21578,-0.60192 -0.43156,-0.36342 -0.38613,-0.31799 -0.2385,-0.24985 -0.11357,-0.28392 -0.10221,-0.57921 -0.10221,-0.38613 -0.32935,-0.27256 -0.38613,-0.27257 -0.2385,-0.19307 -0.51106,-0.21578 -0.10221,-0.27256 -0.13628,-0.21578 0.0681,-0.24986 0.0454,-0.22713 0.0682,-0.44292 0.0113,-0.54513 -0.29528,-0.24985 -0.21578,-0.34071 -0.39749,-0.19307 -0.15899,-0.29528 -0.0568,-0.3407 v -0.44292 l -0.0227,-0.52242 -0.0227,-0.43156 -0.0341,-0.53377 -0.0795,-0.42021 -0.14763,-0.63598 -0.11357,-0.21579 -0.0795,-0.24985 -0.22714,-0.15899 -0.23849,-0.27257 -0.20443,-0.40885 -0.22714,-0.45427 -0.45427,-0.24985 -0.29528,-0.18171 -0.28392,-0.2385 -0.13628,-0.39749 -0.18172,-0.17035 -0.31799,-0.12493 -0.47699,0.21578 -0.23849,0.20443 -0.0568,0.45427 -0.21578,0.318 -0.10221,0.38613 -0.0454,0.31799 -0.21578,0.24985 -0.22714,0.20443 0.0795,0.28392 0.0909,0.28392 -0.20443,0.17036 -0.0568,0.12492 0.10221,0.37478 0.2385,0.26121 0.32935,0.28392 0.0113,0.18171 -0.0568,-0.0227 -0.20443,-0.0454 -0.22713,-0.17036 h -0.21578 l -0.28393,0.0341 -0.36342,0.0227 -0.4202,0.0114 -0.31799,0.18171 -0.30664,0.2612 -0.10221,0.34071 -0.0795,0.43156 -0.0681,0.40885 -0.0681,0.39749 -0.0227,0.37478 -0.0908,0.44292 -0.12493,0.36342 -0.29528,0.23849 -0.35206,0.31799 -0.14764,0.38614 -0.22714,0.53377 -0.52241,0.24985 -0.35207,0.318 -0.15899,0.18171 -0.11357,0.23849 -0.0568,0.13628 -0.11357,-0.0454 -0.0341,-0.13629 0.0568,-0.18171 v -0.15899 l -0.0227,-0.27257 -0.14764,-0.18171 -0.20442,-0.21578 -0.23849,-0.19307 -0.2385,-0.14764 h -0.30663 l -0.28393,0.0568 -0.19306,0.29528 -0.0795,0.26121 -0.0114,0.2612 0.0909,0.27257 0.15899,0.32935 0.13629,0.26121 0.23849,0.19307 -0.14764,0.12492 -0.13628,0.24985 0.10221,0.20443 0.19307,0.13628 0.0908,0.14764 0.0114,0.21578 0.0114,0.22714 -0.0227,0.26121 0.0909,0.20442 0.0454,0.13628 0.0682,0.21578 -0.0454,0.2385 0.0114,0.19306 0.0908,-0.0568 0.0568,-0.19307 v -0.22713 l -0.0568,-0.21579 v -0.19306 -0.10221 l 0.10221,-0.32935 0.0795,-0.32935 -0.0227,-0.24986 -0.13629,-0.12492 -0.19306,-0.11357 -0.20443,0.0341 -0.0908,-0.0795 0.0908,-0.13628 0.22714,-0.12493 0.21578,-0.0454 0.14764,-0.0341 0.17035,0.0454 0.13629,0.2385 -0.0341,0.27256 -0.0795,0.318 -0.0681,0.36342 v 0.28392 0.34071 l -0.0114,0.17035 -0.11357,0.22714 -0.0341,0.15899 -0.0681,0.21578 -0.0227,0.21578 0.0795,0.30664 0.0795,0.23849 v 0.32935 l -0.0681,0.26121 -0.0681,0.24985 -0.0795,0.24986 -0.14764,0.21578 -0.15899,0.20442 -0.0114,0.18171 0.0908,0.159 0.0568,0.18171 -0.0568,0.31799 -0.0341,0.34071 0.0568,0.21578 -0.0568,0.35206 -0.17035,0.22714 0.0341,0.24985 0.0795,0.18171 -0.0114,0.26121 -0.17035,0.13628 -0.21578,-0.0454 -0.18171,0.0341 -0.18171,0.0114 -0.2385,0.0114 -0.20442,0.12492 -0.19307,0.17036 -0.24985,0.11357 -0.28392,-0.0227 0.0568,-0.11357 0.20443,-0.14764 0.0908,-0.12492 -0.0454,-0.10221 -0.22713,0.0568 -0.17036,0.12493 -0.14764,0.10221 -0.18171,0.18171 -0.14764,0.20442 -0.18171,0.22714 -0.11357,0.22714 -0.11356,0.28392 -0.12493,0.24985 -0.0795,0.27257 0.0114,0.22713 0.0341,0.14764 0.0795,0.11357 -0.0227,0.28393 0.0795,0.27256 0.20443,0.20442 0.19306,0.18171 0.36342,0.159 0.29528,0.12493 0.29528,0.17035 0.40885,0.159 0.159,0.13628 0.15899,0.20442 0.0114,0.10222 -0.0909,0.20442 -0.13628,0.10221 -0.11357,0.17035 0.0341,0.14764 -0.0568,0.34071 -0.0568,0.27257 -0.0227,0.23849 -0.0227,0.22714 -0.0909,0.26121 -0.0681,0.20442 -0.0454,0.31799 -0.0113,0.22714 -0.0795,0.32935 -0.0909,0.26121 -0.17035,0.40885 -0.0795,0.38613 -0.0681,0.14764 0.0341,0.24985 0.0227,0.28392 -0.0227,0.318 v 0.22713 l 0.0114,0.34071 0.0341,0.28392 0.0113,0.45428 -1.78303,-4.63361 0.0909,-1.03348 0.0227,-1.46504 -0.14764,-0.9199 -0.0681,-1.49911 0.42021,-1.48775 0.55648,-1.56725 0.46564,-1.46504 0.38613,-1.28333 0.27257,-1.54454 v -0.0227 l 0.23849,-3.12315 1.06755,-2.05559 0.95398,-2.21459 0.56784,-1.45369 0.69277,-1.90795 0.18171,-1.56725 3.50928,-12.26544 102.65489,-0.11357 h 64.17776 l 3.8727,12.18594 -61.74739,31.85607 -5.86015,3.02093 -3.00958,1.54453 -0.0454,0.0227 -30.35696,12.27679 -30.33424,-7.33655 z"
       id="Nouadhibou"
       style="fill:#cccccc;fill-opacity:1;stroke:#ffffff;stroke-width:1.13569;stroke-opacity:1"
       inkscape:label="Nouadhibou - انواذيبو" />
    <path
       d="m 277.82071,590.50694 -0.2612,0.19307 0.0341,-0.28392 0.10221,-0.24985 0.10221,-0.18171 0.20442,0.0113 -0.0454,0.2385 z m 0.37478,-1.06754 -0.15899,0.0341 -0.14764,-0.0454 v 0 l 0.0454,-0.13628 0.159,-0.17036 0.12493,0.0568 0.0227,0.14764 z m -4.69039,-3.7137 0.0454,0.24985 0.12492,0.27256 0.13628,0.2385 0.0795,0.22713 0.0114,0.29528 -0.22714,0.0568 -0.20442,-0.29528 -0.20443,-0.0568 -0.27256,-0.0681 -0.28392,-0.20442 -0.0682,-0.35206 0.0454,-0.29528 0.34071,0.0681 0.19307,-0.0227 0.20442,-0.0795 z m 0.7382,-1.6354 -0.0568,0.21578 -0.0341,0.19307 -0.17035,0.0114 -0.0909,-0.21578 -0.18171,0.18171 0.0568,0.26121 0.0454,0.21578 -0.27256,-0.0568 -0.28392,-0.47699 0.0341,-0.35206 0.13628,-0.43156 0.0681,-0.37478 0.0227,-0.22714 0.0114,-0.28392 -0.0681,-0.28392 0.0795,-0.18171 0.18171,-0.10221 0.23849,0.0227 0.0114,0.37478 0.12493,0.27256 0.29527,0.29528 0.14764,0.11357 0.0114,0.38614 -0.22714,0.23849 z m -4.38376,-2.896 -0.19307,0.32935 -0.20442,-0.17036 -0.13629,-0.15899 -0.0568,-0.30664 -0.22714,-0.12492 -0.22714,-0.32935 0.0681,-0.37478 -0.0113,-0.28392 -0.0227,-0.36342 -0.0113,-0.40885 0.0341,-0.40885 -0.0454,-0.39749 0.0795,-0.43156 0.12492,-0.0227 0.0568,0.0114 0.12492,0.56785 0.10222,0.40884 v 0.44292 l 0.0454,0.44292 0.0341,0.32935 0.13629,0.45428 0.18171,0.44291 z m 4.7926,-1.20383 -0.12492,0.36342 v 0.45427 l -0.159,0.36342 -0.4202,0.159 -0.49971,0.0681 -0.51106,-0.0454 -0.30663,0.0114 -0.48835,-0.0568 -0.32935,-0.14764 -0.28392,-0.159 -0.0909,-0.28392 -0.0227,-0.40885 0.0341,-0.4202 -0.0795,-0.13629 v -0.18171 l 0.0909,-0.22713 0.0908,-0.17036 0.36342,-0.23849 -0.0113,0.15899 -0.0681,0.37478 0.0341,0.4997 0.20442,0.0454 0.0227,-0.38613 -0.0113,-0.35207 0.0454,-0.30663 0.0909,-0.31799 0.17035,-0.32935 0.49971,-0.74956 0.10221,-0.13628 0.13628,-0.20443 0.19307,-0.43156 0.19306,-0.29528 0.44292,-0.10221 0.51106,0.14764 0.22714,0.11357 0.45428,0.22714 0.28392,0.22714 0.10221,0.23849 -0.40885,0.30664 -0.23849,0.45427 -0.0114,0.44292 -0.0341,0.43156 -0.0454,0.53378 z m -4.48597,-4.6904 -0.3407,0.30664 -0.12493,-0.0227 -0.0681,0.0113 -0.0227,-0.0909 0.15899,-0.22714 0.0454,-0.13628 0.0454,-0.10221 0.23849,-0.27257 0.17035,-0.12493 0.26121,-0.12492 0.12493,0.0114 -0.0568,0.31799 -0.21578,0.28392 z m 0.78363,1.29469 -0.21578,0.10221 0.0341,-0.22714 0.26121,-0.35206 0.0227,-0.20442 0.29528,-0.30664 0.26121,-0.23849 0.28392,-0.30664 0.17035,-0.24985 0.22714,-0.54513 0.32935,-0.52242 0.13628,-0.10221 0.17036,0.0681 0.11357,0.18171 -0.0341,0.18171 -0.15899,0.35206 -0.0795,0.24986 -0.0227,0.37477 -0.17036,0.27257 -0.3407,0.3407 -0.22714,0.21579 -0.20443,0.19306 -0.37477,0.26121 -0.24985,0.0909 z m 13.9349,-7.67726 -0.0568,0.12493 0.27257,-0.13628 0.17035,-0.0909 0.30664,0.0227 0.24985,0.28392 0.0681,0.43156 0.0114,0.45428 0.0113,0.31799 -0.29528,0.37478 -0.17035,0.18171 -0.29528,0.11356 -0.17035,0.14764 -0.44292,0.10222 -0.34071,0.11356 -0.29527,0.27257 -0.14764,0.34071 -0.0682,0.38613 -0.0341,0.27257 v 0.38613 l -0.12492,0.21578 v 0.20442 l 0.18171,-0.13628 0.0113,0.11357 -0.14763,0.40885 0.0454,0.26121 -0.0568,0.21578 0.17035,0.24985 0.21578,0.0341 0.0454,0.13628 -0.21578,0.37478 -0.22714,0.45428 -0.13628,0.19306 -0.0454,0.54513 -0.0681,0.35207 -0.17035,0.67005 -0.0909,0.318 -0.14764,0.46563 -0.17035,0.51106 -0.2385,0.67005 -0.18171,0.30664 -0.40884,0.59056 -0.35207,0.52241 -0.32935,0.46564 -0.26121,0.52241 -0.19306,0.34071 -0.44292,0.71548 -0.38614,0.30664 -0.40884,0.64734 -0.38614,0.67006 -0.36342,0.40885 -0.0568,0.46563 -0.26121,0.4997 -0.34071,0.35207 -0.17035,0.38613 -0.10221,0.37478 -0.21578,-0.0909 -0.159,-0.39749 -0.0114,-0.20442 v -0.29528 l -0.14764,-0.19307 -0.18171,-0.26121 -0.31799,-0.0795 -0.32935,0.0114 -0.12492,-0.20442 0.19306,-0.0454 0.0114,-0.10221 0.0681,-0.21578 v -0.22714 l -0.0681,-0.32935 -0.0795,-0.26121 -0.15899,-0.32935 -0.159,-0.18171 -0.13628,-0.5792 -0.0795,-0.53377 -0.19307,-0.38614 -0.0908,-0.28392 -0.21578,-0.34071 -0.0795,-0.35206 -0.0114,-0.53377 0.0227,-0.39749 0.0227,-0.159 -0.0114,-0.53377 0.18171,-0.42021 0.0909,-0.31799 -0.0568,-0.26121 0.18171,-0.17035 0.2385,-0.34071 0.17035,-0.27257 0.17035,-0.12492 0.19307,-0.22714 0.30664,-0.22714 -0.14764,0.35207 0.38613,-0.0568 0.43156,-0.35206 0.19307,-0.32935 0.10221,-0.31799 0.51106,-0.36342 -0.0795,-0.32935 -0.0113,-0.37478 0.15899,-0.56785 0.12493,-0.63598 0.12492,-0.45428 v -0.35206 l -0.0908,-0.52242 -0.12493,-0.30663 -0.12492,-0.48835 0.0795,-0.60191 0.0908,-0.36342 0.31799,-0.37478 0.47699,-0.31799 0.49971,-0.21578 0.43156,-0.13629 0.36342,0.19307 0.0454,0.55649 0.0795,0.30663 0.18171,0.0341 0.32935,-0.37477 0.32935,-0.48835 -0.0113,-0.38613 -0.17036,-0.44292 -0.15899,-0.38614 0.0795,-0.43156 0.27257,-0.40885 0.10221,-0.38613 0.19307,-0.53377 0.10221,-0.47699 0.11357,-0.29528 0.44292,-0.24985 0.23849,0.10221 0.40885,0.3407 0.35206,0.37478 0.63599,0.69277 0.67006,0.62463 0.31799,0.30664 -0.0454,0.13628 z m -14.24154,-4.44054 h -0.27256 l -0.0568,-0.32935 0.0909,-0.21578 0.19306,-0.35206 0.0795,-0.2385 -0.0113,-0.19306 0.36342,-0.45428 0.0681,0.0909 0.12492,0.21578 0.0681,0.32935 0.0341,0.38613 -0.19307,0.20442 -0.28392,0.44292 z m -1.93067,-1.63539 h -0.12492 l 0.0114,-0.0681 0.39749,-0.28392 0.37478,-0.22714 0.34071,-0.2385 0.24985,-0.15899 0.19307,-0.20443 0.20442,-0.18171 0.23849,-0.15899 0.30664,-0.13629 0.38613,-0.19306 0.2385,-0.11357 0.39749,-0.0795 0.31799,-0.21578 0.32935,-0.0795 v 0.18171 l -0.35206,0.32935 -0.60192,0.30664 -0.40884,0.19306 -0.12493,0.13629 -0.19307,0.20442 -0.27256,0.13628 -0.37478,0.24986 -0.38613,0.21578 -0.35207,0.21578 -0.47699,0.11357 z m 7.5069,-51.03785 0.0681,0.43157 v 0.35206 l -0.0568,0.31799 0.0909,0.20443 0.0681,0.20442 v 0.26121 l 0.12492,0.28392 0.0795,0.28392 v 0.17036 l -0.0227,0.17035 0.0113,0.11357 0.0341,0.14764 0.0568,0.20442 -0.0227,0.20443 -0.0454,0.20442 -0.0795,0.11357 -0.18171,0.0114 -0.19307,-0.0341 -0.27256,-0.0795 -0.17036,-0.10222 -0.28392,-0.15899 -0.28392,-0.14764 -0.24985,-0.0909 -0.17036,-0.14764 -0.15899,-0.0795 -0.17036,-0.0909 -0.10221,-0.0681 -0.0908,-0.0681 -0.0454,-0.0795 v -0.0681 l 0.0114,-0.0454 0.0568,-0.0795 -0.0454,-0.0454 v -0.0114 0 l 0.0227,-0.24985 0.0227,-0.159 v -0.159 l -0.0681,-0.27256 0.0681,-0.12493 0.14764,-0.14764 0.0114,-0.18171 -0.0114,-0.12492 0.0795,-0.13628 0.0681,-0.18172 0.0227,-0.11356 0.0114,-0.19307 0.0681,-0.159 0.22714,-0.0454 0.30664,0.0227 0.12492,0.0227 0.21578,-0.0227 0.12493,-0.0341 0.19307,0.0227 0.21578,-0.0908 z m -2.49851,1.68082 -0.0454,0.159 -0.20442,-0.12493 -0.0341,-0.10221 0.0113,-0.17035 -0.0113,-0.36342 -0.0454,-0.18171 v -0.20443 l 0.0681,-0.21578 0.0341,-0.15899 0.0568,-0.22714 0.0795,-0.159 0.12493,-0.18171 0.11357,-0.14764 0.0908,0.11357 0.0568,0.14764 v 0.20443 l -0.0341,0.23849 -0.0341,0.24985 -0.0795,0.24985 -0.0341,0.159 v 0.19307 l -0.0681,0.19306 -0.0227,0.14764 z m -0.64734,-1.35147 -0.17036,0.22714 -0.20442,-0.0341 -0.13628,-0.21578 -0.0682,-0.23849 -0.0568,-0.24986 0.0227,-0.2612 v -0.29528 l -0.0454,-0.21578 -0.0114,-0.2385 -0.0681,-0.31799 0.18171,-0.159 0.15899,-0.0681 0.2385,0.0114 0.11357,0.21578 0.10221,0.26121 0.11357,0.22713 0.0341,0.29528 0.0227,0.21578 -0.0114,0.34071 -0.0454,0.20443 -0.0909,0.13628 z m 208.95534,-53.76349 -0.0114,0.29527 -0.59055,9.85778 -5.67845,3.52064 -26.8136,16.64919 -73.3087,45.48433 -27.9493,-24.79208 -6.53021,47.3355 -0.0568,0.45427 -1.35147,9.78964 -1.60132,11.61809 -11.90202,40.22609 -3.6342,12.25408 -31.60622,-3.89541 -0.44292,-1.03347 -0.17035,-0.46564 -0.31799,-0.78362 -0.34071,-0.44292 -0.38613,-0.32935 -0.11357,-0.4202 -0.21578,-0.20443 -0.30664,-0.38613 -0.54513,-0.74956 -0.46563,-0.5792 -0.69277,-0.77227 -0.12493,-0.4202 -0.4202,-0.69277 -0.52242,-0.51106 -0.54513,-0.72684 -0.70413,-0.63599 -0.44292,-0.55649 -0.44291,-0.59055 -0.8972,-0.6587 -0.59056,-0.11357 -0.28392,-0.26121 -1.26061,-0.67006 -1.32876,-0.80634 -1.35147,-0.54513 -0.7382,-0.23849 -0.85176,-0.39749 -0.82905,-0.45428 -0.59056,-0.52241 -0.48835,-0.39749 -0.26121,-0.82906 -0.48834,-0.93126 -0.5792,-0.70413 -0.62463,-1.37418 -0.29528,-0.96534 -0.13628,-0.48834 -0.45428,-0.7382 -0.39749,-0.54513 -0.35206,-0.37478 -0.38614,-0.29528 -0.27256,-0.32935 -0.11357,-0.36342 -0.28392,-0.23849 -0.47699,-0.22714 -0.46564,-0.43156 0.0795,-0.45428 0.39749,-0.23849 0.159,-0.0341 0.64734,-0.10221 0.87448,-0.0114 0.6587,0.0795 0.59056,-0.0795 0.31799,0.159 0.62463,0.36342 0.43156,0.35206 0.71549,0.23849 0.55648,0.10222 0.51106,-0.0909 0.6587,-0.11357 0.63599,-0.38613 0.68141,-0.21578 0.8177,-0.34071 0.62463,-0.159 0.85176,-0.40884 0.90855,-0.80634 0.46564,-0.318 0.59055,-0.32935 0.36342,-0.27256 0.52242,-0.45428 0.39749,-0.39749 0.39749,-0.4202 0.30664,-0.46563 0.23849,-0.34071 0.20443,-0.22714 0.26121,-0.26121 0.31799,-0.21578 0.24985,-0.28392 0.30664,-0.37478 0.23849,-0.29528 0.2385,-0.23849 0.18171,-0.2385 0.17035,-0.32935 -0.0114,-0.20442 0.11357,-0.30664 0.0568,-0.30663 0.13628,-0.14764 0.22714,-0.19307 0.27256,-0.46563 0.32935,-0.48835 0.28392,-0.31799 -0.0113,-0.17035 0.45427,-0.20443 h 0.0568 l 0.10221,-0.3407 0.0568,-0.28392 0.0227,-0.42021 -0.0568,-0.30664 -0.0908,-0.37477 -0.13629,-0.0795 -0.48834,0.14764 -0.32935,0.19307 -0.10221,0.30663 -0.30664,0.0227 -0.37478,0.0227 -0.4997,0.11357 -0.46563,0.10221 -0.26121,0.28392 -0.0681,0.2385 -0.20443,0.22713 -0.0795,0.0341 -0.28393,0.0795 -0.0341,0.13629 -0.26121,0.0454 -0.24985,0.11357 -0.26121,0.18171 -0.36342,0.24985 -0.31799,0.26121 -0.28392,0.38614 -0.21578,0.48834 -0.2385,0.42021 -0.20442,0.26121 -0.20442,0.19306 -0.13629,0.0114 -0.0227,-0.13628 -0.12493,0.0341 -0.22713,0.22714 -0.2385,0.27256 -0.22714,0.28392 -0.23849,0.22714 -0.159,0.18171 -0.21578,0.44292 -0.17035,0.11357 -0.2385,0.0568 0.0114,-0.23849 0.12493,-0.27257 0.28392,-0.4202 0.27256,-0.14764 0.26121,-0.35207 0.0795,-0.22713 0.0341,-0.2385 0.17035,-0.32935 0.318,-0.32935 0.21578,-0.37477 0.15899,-0.3975 0.21579,-0.29527 0.22713,-0.43157 0.24985,-0.38613 0.32935,-0.37478 0.24986,-0.24985 0.17035,-0.21578 -0.19307,-0.32935 -0.21578,0.159 -0.6587,0.26121 -0.38613,0.31799 -0.32935,0.40885 -0.31799,0.40884 -0.27257,0.35207 -0.30664,0.46563 -0.23849,0.43156 -0.22714,0.30664 -0.11357,0.14764 -0.0795,-0.17036 -0.24985,0.13629 -0.14764,0.23849 -0.0341,0.35206 v 0.46564 l -0.26121,0.28392 -0.21578,0.44292 -0.19306,0.31799 -0.10221,0.31799 0.0681,0.40885 0.12492,0.2385 v 0.14764 l 0.12493,0.11356 0.15899,-0.13628 0.318,-0.23849 0.22713,0.0795 -0.0454,0.19307 -0.10221,0.26121 -0.26121,0.2385 -0.30664,0.29527 -0.27256,0.24986 -0.32935,0.18171 -0.35207,0.0909 -0.18171,0.22714 -0.23849,0.15899 -0.34071,-0.0454 -0.21578,0.13628 -0.14764,0.24985 -0.23849,0.39749 -0.29528,0.21578 -0.44292,0.0227 -0.43156,-0.13629 -0.42021,-0.0681 -0.28392,-0.0681 -0.29528,-0.19307 0.0114,-0.55648 0.12492,-0.39749 0.2385,-0.47699 0.36342,-0.64735 0.26121,-0.48834 0.27256,-0.34071 0.2385,-0.55649 0.35206,-0.51106 0.36342,-0.47698 0.30664,-0.46564 0.37477,-0.6587 0.36342,-0.45427 0.30664,-0.60192 0.13628,-0.54513 -0.0908,-0.43156 0.23849,-0.47699 0.35207,-0.4202 0.24985,-0.0681 0.37477,-0.51106 0.0795,-0.47699 0.159,-0.17036 0.14764,-0.27256 0.19307,-0.20443 0.13628,-0.13628 0.14764,-0.13628 0.10221,-0.29528 0.10221,-0.19307 0.13628,-0.32935 -0.17035,0.0454 -0.159,0.22714 -0.11356,0.22714 -0.10222,0.14764 -0.0681,0.2612 -0.19306,0.0909 0.0908,-0.32935 0.20442,-0.22714 0.0682,-0.3407 0.0341,-0.19307 -0.0454,-0.14764 0.0114,-0.19307 0.0227,-0.18171 0.10221,-0.28392 0.12493,-0.24985 0.12492,-0.24985 0.13629,-0.24986 0.17035,-0.17035 0.11357,-0.21578 0.12492,-0.0909 0.12493,-0.10222 -0.0909,0.21578 -0.0568,0.13629 -0.12493,0.22713 -0.12492,0.21579 -0.14764,0.22713 -0.12493,0.28393 -0.12492,0.22713 -0.0909,0.24985 0.0795,0.0909 0.14764,-0.13628 0.12493,-0.43156 0.10221,-0.26121 0.18171,-0.22714 0.13628,-0.22714 0.159,-0.14764 0.12492,-0.3407 0.14764,-0.159 0.18171,-0.31799 0.18171,-0.17036 0.159,-0.0681 0.10221,-0.21578 0.0568,-0.17035 0.15899,-0.10221 0.21578,-0.13629 0.27257,-0.14764 0.23849,-0.10221 0.21578,-0.20442 0.14764,-0.11357 0.17036,-0.27257 0.0568,-0.24985 -0.0114,-0.20442 0.13629,-0.37478 0.12492,-0.17035 0.0568,-0.21578 -0.0454,-0.14764 -0.14764,-0.0568 -0.22714,0.0227 -0.12492,0.20442 -0.0568,0.28392 -0.0795,0.22714 -0.11357,0.37478 -0.10221,0.18171 -0.23849,0.30663 -0.21578,0.159 -0.17036,0.10221 -0.19306,0.27257 -0.29528,0.26121 -0.18171,0.20442 -0.10221,0.10221 -0.21579,0.21578 -0.24985,0.20443 -0.24985,0.29528 -0.28392,0.22713 -0.12493,0.22714 0.0341,-0.24985 -0.0227,-0.14764 h -0.12493 l -0.12492,0.45428 -0.0341,0.31799 -0.0795,0.30663 -0.14764,0.29528 -0.19307,0.21578 -0.20442,0.2385 -0.31799,0.28392 -0.17036,0.0909 -0.14764,0.0454 -0.0568,-0.35206 0.0227,-0.26121 0.18171,-0.29528 0.13629,-0.29528 0.0795,-0.31799 0.22714,-0.30664 0.17036,-0.37477 0.2612,-0.28392 0.11357,-0.18171 0.21578,-0.24986 0.0114,-0.31799 0.20442,-0.30664 0.13629,-0.29527 0.0341,-0.26121 0.0681,-0.318 0.43156,-0.27256 0.20442,-0.37478 0.318,-0.48834 0.63598,-0.99941 0.34071,-0.34071 0.18171,-0.4997 0.23849,-0.39749 0.14764,-0.28392 0.0454,-0.29528 0.31799,-0.48835 0.36342,-0.32935 0.0795,-0.27256 0.24985,-0.38614 0.24986,-0.44292 0.19306,-0.24985 0.14764,-0.27256 0.42021,-0.39749 0.15899,-0.0795 0.37478,-0.19307 0.34071,-0.23849 0.22714,-0.14764 0.31799,-0.0795 0.30663,-0.0795 0.42021,-0.10221 0.36342,-0.0114 0.27256,0.0454 0.36342,0.17035 0.20443,0.20443 0.0568,0.29528 -0.21578,0.17035 -0.30663,0.18171 -0.37478,0.22714 -0.26121,0.30663 -0.22714,0.22714 -0.3407,0.2385 -0.2385,0.18171 -0.0681,0.31799 -0.14764,0.37478 0.0227,0.11356 -0.18171,0.12493 -0.21578,0.11357 -0.0795,0.23849 0.17035,-0.0454 0.18171,-0.0114 0.23849,-0.0909 0.28393,-0.12492 0.18171,-0.12493 -0.14764,-0.13628 h -0.159 l 0.0114,-0.19307 0.15899,-0.20442 0.32935,-0.26121 0.22714,-0.0908 0.40885,-0.20443 0.20442,-0.19307 0.32935,-0.24985 0.32935,-0.24985 0.20443,-0.31799 0.22713,-0.42021 0.11357,-0.27256 -0.14764,-0.12493 -0.17035,-0.26121 -0.20442,-0.23849 -0.0568,-0.4202 0.24985,-0.20443 0.22714,-0.38613 0.11357,-0.34071 0.30664,-0.38613 0.32934,-0.52242 0.36343,-0.45428 0.12492,-0.29527 -0.0114,-0.18171 -0.27256,-0.159 -0.19307,-0.0114 -0.30663,-0.10221 -0.30664,-0.0454 -0.19307,-0.17035 -0.0454,-0.19307 -0.0341,-0.30663 0.19307,-0.22714 0.11357,0.0341 0.0681,0.11357 0.11357,0.17035 h 0.18171 l -0.0114,-0.22714 -0.0454,-0.39749 0.17035,0.0909 0.19307,-0.0681 0.12492,-0.29528 0.0909,-0.27257 0.0227,-0.22714 0.20443,-0.37477 -0.0114,-0.28393 0.12492,-0.43156 0.10222,-0.52241 0.17035,-0.47699 -0.0909,-0.14764 -0.14764,-0.14764 -0.13628,-0.20443 -0.17035,0.19307 -0.21578,0.20443 -0.18171,0.0908 -0.20443,-0.20442 -0.0908,-0.38614 0.0568,-0.3407 0.14764,-0.318 0.2385,-0.31799 0.0908,-0.27257 0.20443,-0.37477 0.23849,-0.20443 -0.0114,-0.31799 -0.0795,-0.32935 -0.26121,-0.21578 -0.20443,-0.20442 -0.11357,-0.26121 -0.21578,-0.159 -0.36342,0.159 -0.18171,0.0341 -0.20442,-0.18171 -0.2385,-0.36342 -0.3407,0.12492 -0.19307,0.22714 -0.0568,0.24985 -0.159,0.38614 -0.14764,0.24985 -0.14764,0.30663 -0.19307,0.21579 -0.17035,0.3407 h -0.31799 l -0.32935,-0.0114 -0.34071,-0.14763 -0.23849,-0.45428 -0.11357,-0.31799 -0.11357,-0.47699 0.159,-0.49971 0.44291,-0.44291 0.32935,-0.35207 0.24986,-0.28392 0.35206,-0.30664 0.51106,-0.32934 0.43156,-0.30664 0.28392,-0.20442 0.35207,-0.42021 0.55648,-0.39749 0.51106,-0.44292 0.68142,-0.53377 0.63598,-0.53378 0.26121,-0.31799 0.30664,-0.38613 0.20442,-0.34071 0.0341,-0.23849 0.0795,-0.22714 0.10221,-0.42021 0.159,-0.15899 v -0.28393 l -0.0568,-0.21578 -0.15899,-0.15899 -0.17036,-0.24985 -0.13628,-0.24986 -0.0227,-0.12492 -0.0341,-0.22714 0.0113,-0.21578 0.11357,-0.62463 -0.0227,-0.19307 0.0341,-0.24985 -0.0341,-0.21578 -0.0568,-0.19307 -0.0227,-0.20442 0.0341,-0.37478 0.0795,-0.27256 0.159,-0.17035 0.12492,-0.32935 0.12493,-0.27257 -0.0227,-0.23849 -0.0681,-0.17036 -0.21578,-0.0568 -0.24985,0.11357 -0.18171,-0.12493 -0.17035,-0.19307 -0.159,-0.44291 0.0454,-0.44292 0.0113,-0.29528 0.0114,-0.26121 0.0114,-0.20442 -0.14764,-0.40885 -0.34071,0.11357 h -0.22714 l -0.20442,-0.43157 -0.159,-0.27256 -0.0227,-0.35206 -0.0341,-0.38614 -0.12493,-0.30663 -0.0681,-0.30664 -0.23849,-0.36342 -0.31799,-0.17035 -0.19307,-0.0568 0.0454,-0.31799 0.15899,-0.2385 0.22714,-0.0341 0.159,0.0227 0.2612,0.11357 0.30664,-0.0568 0.22714,-0.14764 0.31799,-0.26121 0.29528,-0.29527 0.45428,-0.27257 0.2612,-0.36342 0.21578,-0.21578 0.17036,-0.27257 0.0909,-0.18171 -0.0795,-0.18171 -0.23849,-0.0113 0.11357,-0.30664 0.0795,-0.24985 0.0908,-0.21578 h 0.11357 l 0.22714,0.0341 0.23849,-0.27257 0.27257,-0.0227 0.27256,-0.17035 0.21578,-0.0568 0.24986,-0.51106 0.17035,-0.30663 0.21578,-0.67006 0.17035,-0.76091 0.159,-0.31799 -0.0341,-0.56785 -0.0114,-0.159 -0.0227,-0.29527 -0.13628,-0.18171 -0.12493,-0.14764 -0.0795,-0.22714 -0.13628,-0.24985 -0.159,-0.0568 -0.20442,-0.10221 -0.13628,-0.27256 -0.0454,-0.27257 -0.0909,-0.21578 -0.15899,-0.19307 -0.17036,-0.24985 -0.0454,-0.0795 v -0.11357 l -0.0568,-0.3407 -0.0681,-0.22714 -0.0681,-0.20442 -0.0681,-0.20443 -0.159,-0.14764 -0.15899,-0.30663 -0.20443,-0.27257 -0.19307,-0.26121 -0.20442,-0.28392 -0.26121,-0.11357 -0.30663,-0.0568 -0.34071,-0.0114 -0.28392,-0.0114 -0.21578,0.0341 -0.30664,0.0341 -0.17035,0.0454 -0.20443,0.0227 -0.12492,0.0681 -0.12493,0.12492 -0.10221,-0.19306 -0.13628,-0.21579 -0.17036,-0.22713 -0.0681,-0.20443 -0.0227,-0.18171 -0.0227,-0.18171 -0.0909,-0.15899 -0.0795,-0.18171 -0.0908,-0.21578 -0.12493,-0.27257 -0.0681,-0.28392 -0.13628,-0.19307 -0.18171,-0.32935 -0.18171,-0.22714 -0.21578,-0.21578 -0.22714,0.0114 h -0.0568 l -0.12492,-0.10221 -0.159,-0.10221 -0.0341,0.0909 -0.10221,0.0227 -0.29528,-0.18171 -0.21578,-0.12492 -0.20442,-0.22714 -0.0114,-0.14764 -0.0681,-0.24985 -0.0341,-0.17035 -0.10222,-0.20443 -0.0113,-0.10221 -0.0454,-0.51106 -0.0114,-0.19307 -0.0681,-0.15899 -0.0795,0.0795 -0.13628,0.0341 -0.159,-0.0795 -0.23849,-0.35207 -0.12493,-0.53377 -0.14764,-0.39749 -0.0454,-0.28392 -0.159,-0.30664 -0.0341,-0.21578 -0.22714,-0.37478 -0.54513,-0.46563 -0.22714,-0.0454 -0.30663,-0.17035 -0.2385,-0.39749 -0.11357,-0.32935 -0.12492,-0.13628 -0.18171,-0.0909 -0.19307,-0.10221 -0.18171,-0.13628 -0.0908,-0.12493 0.0681,-0.0454 0.13628,0.0227 0.17035,0.0681 0.12493,-0.19307 0.11357,-0.0454 0.11357,-0.22713 0.0114,-0.26121 -0.0795,-0.32935 -0.29528,-0.47699 -0.17036,-0.37478 -0.15899,-0.26121 -0.12493,-0.24985 -0.22714,-0.44292 -0.29528,-0.56784 -0.14763,-0.35206 -0.0795,-0.32935 -0.12493,-0.34071 -0.0909,-0.70413 -0.11357,-0.4997 -0.10221,-0.32935 0.0227,-0.14764 0.0681,-0.37478 0.0114,-0.27256 v -0.28392 l -0.0681,-0.28393 -0.11357,-0.24985 -0.17036,-0.21578 -0.0909,-0.32935 -0.12493,-0.3407 -0.0681,-0.18171 -0.19307,-0.24986 -0.2612,-0.44291 -0.10222,-0.38614 -0.18171,-0.34071 -0.13628,-0.27256 -0.26121,-0.24985 -0.35206,-0.18171 -0.23849,-0.2385 -0.32935,-0.19306 -0.12493,-0.159 -0.0909,-0.11357 -0.21578,-0.20442 -0.29528,-0.32935 -0.22713,-0.32935 -0.0568,-0.43156 -0.15899,-0.35207 -0.0795,-0.3407 -0.11357,-0.52242 -0.10221,-0.2385 1.41961,0.44292 30.33424,7.33655 30.35696,-12.27679 0.0454,-0.0227 3.00958,-1.54453 5.86015,-3.02093 61.74739,-31.85607 -3.8727,-12.18594 h 5.20146 25.99591 z"
       fill-rule="evenodd"
       id="Chami"
       style="fill:#cccccc;fill-opacity:1;stroke:#ffffff;stroke-width:1.13569;stroke-opacity:1"
       inkscape:label="Chami - الشامي" />
    <path
       d="m 485.1066,831.12533 -1.96474,7.2457 -2.62344,1.94202 -1.43097,1.05619 -0.99941,0.7382 v -0.0341 l 0.0568,-0.18171 0.0795,-0.12492 0.14764,-0.13629 0.12493,-0.0795 0.11357,-0.0909 0.13628,-0.11357 0.12493,-0.159 0.0568,-0.0341 0.10221,-0.13628 0.0454,-0.0454 0.0341,-0.0568 0.0227,-0.0341 0.0341,-0.0795 0.0227,-0.0454 0.0341,-0.0454 0.0681,-0.10222 0.0568,-0.0795 0.10221,-0.10221 0.12492,-0.28392 0.0227,-0.11357 0.0227,-0.0681 -0.0227,-0.18171 v -0.0114 l -0.0454,-0.12492 -0.12493,-0.13628 -0.0681,-0.0795 -0.0908,-0.0681 -0.14764,-0.0568 -0.17035,-0.0568 -0.12493,-0.0227 -0.14764,-0.0113 -0.17035,0.0227 -0.19307,0.11357 -0.34071,0.20442 -0.37477,0.35207 -0.29528,0.27256 -0.30664,0.24985 -0.24985,0.318 0.0114,-0.0114 -0.18171,0.21578 -0.0909,0.10221 -0.12492,0.0568 -0.0568,0.0113 -0.11357,0.0341 -0.23849,0.26121 -0.21578,0.17036 -0.35207,0.18171 -0.32935,0.11356 -0.30663,0.10222 -0.24985,0.0568 -0.159,0.0454 -0.31799,0.0341 -0.24985,-0.0341 -0.21579,-0.0114 -0.23849,-0.0681 h -0.0114 -0.15899 l -0.14764,-0.0681 -0.14764,-0.0568 h -0.159 l -0.31799,0.0568 -0.0909,0.0341 -0.12492,0.0341 -0.14764,0.0909 -0.10221,0.0568 -0.29528,0.11357 -0.30664,0.12492 -0.40885,0.19307 -0.36342,0.22714 -0.39749,0.26121 -0.3407,0.36342 -0.2385,0.3407 -0.19307,0.26121 -0.18171,0.22714 -0.21578,0.27257 -0.0113,0.0113 v 0 l -0.0341,0.0454 -0.0113,0.0227 -0.0568,0.0454 v -0.0114 l -0.0113,0.0227 -0.0454,0.0454 -0.0454,0.0227 v 0 l -0.0908,0.0681 -0.0681,0.0114 -0.0909,-0.0227 -0.0681,-0.0568 v 0 l -0.0568,-0.0909 -0.0795,-0.17035 -0.0227,-0.17035 -0.0795,-0.22714 -0.0113,-0.18171 -0.0114,-0.14764 -0.0114,-0.0908 0.0114,-0.0341 -0.0454,-0.15899 -0.0681,-0.0909 -0.20442,-0.0681 h -0.24985 -0.0227 l -0.10221,-0.0227 -0.11357,-0.0454 -0.0681,-0.0681 -0.0454,-0.10221 -0.0114,-0.0795 -0.0341,-0.11357 -0.0114,-0.10221 -0.0114,-0.11357 -0.0454,-0.21578 -0.0454,-0.18171 -0.0454,-0.13628 -0.0909,-0.12493 -0.31799,-0.26121 -0.0909,-0.12492 -0.0454,-0.11357 -0.0568,-0.13629 -0.0113,-0.11356 -0.0114,-0.13629 v -0.15899 -0.10222 l 0.0227,-0.11356 v -0.13629 l 0.0568,-0.10221 0.0454,-0.13628 0.0681,-0.11357 0.0795,-0.13628 0.0681,-0.0681 0.0114,0.0113 0.10222,-0.11357 0.14763,-0.19306 0.10222,-0.18171 0.0341,-0.13629 v -0.15899 l -0.0114,-0.2385 -0.0681,-0.17035 -0.12493,-0.14764 -0.17035,-0.12493 -0.20442,-0.19306 -0.12493,-0.0909 -0.12493,-0.0681 -0.22713,-0.10221 -0.10221,-0.0227 -0.10222,0.0113 -0.36342,0.159 -0.14764,0.0908 -0.0568,0.0454 -0.13628,0.10221 -0.159,0.0909 -0.0909,0.0454 h -0.21578 l -0.21578,-0.0227 -0.18171,-0.0795 -0.13628,-0.0454 -0.22714,-0.159 -0.15899,-0.19307 -0.0795,-0.13628 -0.0681,-0.19307 -0.0681,-0.19306 -0.12493,-0.36342 -0.0568,-0.21579 0.0227,-0.0454 -0.0227,-0.28392 -0.0454,-0.0227 0.0341,-0.22714 0.0227,-0.15899 0.0114,-0.0909 0.0227,-0.0568 v -0.12493 -0.0114 l -0.0568,-0.0681 -0.11357,-0.12492 -0.0795,-0.0114 h -0.11357 l -0.0454,0.0114 -0.22713,0.10221 -0.0227,0.0114 -0.0568,0.0227 -0.18171,0.0341 h -0.10221 l -0.10222,-0.0227 -0.0795,-0.0568 -0.0454,-0.0454 -0.0454,-0.0682 -0.0795,-0.0681 -0.14764,-0.19306 -0.10221,-0.0795 -0.0227,-0.0114 -0.0227,-0.0114 -0.0341,-0.0227 -0.0795,-0.0114 -0.0909,0.0114 -0.10221,0.0114 -0.26121,0.0795 -0.20442,0.0795 -0.24986,0.12493 -0.18171,0.0909 -0.18171,0.12493 -0.14764,0.10221 -0.21578,0.12493 -0.10221,0.0341 -0.15899,0.0568 -0.0568,0.0227 -0.159,0.0568 -0.0795,0.0114 -0.0909,-0.0227 v -0.13628 l 0.0909,-0.21578 0.0795,-0.21578 0.0114,-0.11357 0.0114,-0.23849 0.0227,-0.29528 -0.0227,-0.0795 -0.0114,-0.19307 0.0114,-0.19307 0.0227,-0.24985 0.91991,-0.36342 0.20442,-0.0681 0.46564,-0.18171 4.98567,-2.37359 3.58878,-4.83803 6.09864,-8.22239 2.85058,7.33655 z"
       id="M'Bagne"
       style="fill:#cccccc;fill-opacity:1;stroke:#ffffff;stroke-width:1.13569;stroke-opacity:1"
       inkscape:label="M'Bagne - امباني" />
    <path
       d="m 544.9801,783.93743 v 0 l 0.26121,6.71196 -0.80634,5.30367 -0.0909,0.45427 -0.54513,0.54513 -0.9994,1.01077 -0.5792,0.55648 -0.62463,1.14705 v 0 l -1.28333,2.48716 -3.98627,4.83803 -1.02212,0.22714 -1.3174,0.29528 -11.36824,2.53258 0.0795,-0.13628 -3.82727,3.74777 0.29528,5.78066 v 0 0 h -1.54454 v 0 l 0.17036,2.65751 -0.17036,0.0568 -2.60072,0.79499 -0.0909,0.0341 -0.0454,-0.10222 -19.13635,5.14467 -7.65454,2.07831 0.0681,0.0227 -3.055,0.9994 -6.35986,-5.42859 -2.85058,-7.33655 -0.0454,-14.78666 0.87448,-0.0454 -0.91991,-24.72399 4.09983,3.91813 0.20443,0.20442 2.66887,-3.055 0.36342,-0.79498 0.38613,-0.79498 0.52242,-2.93008 0.0568,-0.98805 -0.0568,-0.71548 0.0454,-2.49852 -0.0454,-0.85176 3.38435,-1.54454 0.52242,-0.0227 0.77226,-0.0795 3.52064,-0.85177 0.39749,-0.0568 0.79498,-0.22714 2.86194,-1.10162 1.34011,-0.52242 3.17993,-1.32875 0.63598,-0.19307 0.61328,-0.26121 2.37358,-2.77108 0.13629,-0.69277 0.43156,-0.77226 1.68082,-3.08908 0.60191,-0.51106 0.77227,-0.69277 3.07772,-1.16976 8.12017,7.25705 v 0 0 l 8.21103,7.33655 5.46266,4.88346 1.55589,1.40826 1.72625,1.55589 z"
       id="Male"
       style="fill:#cccccc;fill-opacity:1;stroke:#ffffff;stroke-width:1.13569;stroke-opacity:1"
       inkscape:label="Male - مال" />
    <path
       d="m 579.64132,762.04135 -0.69277,-0.0568 -0.45428,-0.0795 -0.44292,-0.0341 -0.64734,0.0909 -0.19307,0.11357 -0.4202,0.29528 -0.55649,0.18171 -0.46563,0.17035 -0.63599,0.21578 -0.44292,0.32935 -0.4997,0.29528 -0.54513,0.37478 -0.35206,0.48835 -0.34071,0.22713 -0.40885,0.0341 -0.40885,-0.0227 -0.56784,0.0681 -0.36342,0.12493 -0.29528,0.11357 -0.4997,0.31799 -0.45428,0.36342 -0.54513,0.38613 -0.4997,0.6587 -0.46563,0.6587 -0.29528,0.52242 -0.21578,0.56784 -0.159,0.60192 -0.10221,0.34071 -0.40885,0.43156 -0.71548,0.35206 -0.60192,0.27257 -0.67005,0.19306 h -0.6587 -0.64735 l -0.74955,0.14764 -0.51106,0.38614 -0.59056,0.55648 -0.53377,0.64735 -0.56785,0.45427 -0.52241,0.26121 -1.09026,0.39749 -0.8972,0.38614 -0.76091,0.62462 -0.56784,0.38614 -0.40885,0.24985 -0.55649,0.17035 -0.85177,0.159 -0.71548,0.0568 -0.93126,-0.0227 -0.70413,-0.10221 -0.71549,0.0454 -0.65869,0.0454 -0.72685,0.63599 -0.45427,0.60191 -0.39749,0.42021 -0.48835,0.63598 -0.45427,0.29528 -0.46564,0.36342 -0.60191,0.60192 -0.42021,0.35206 -0.70412,0.79498 -0.44292,0.46564 -0.2385,0.51106 -0.32935,0.73819 -0.36342,0.51106 -0.2612,0.51106 -0.14764,0.52242 -0.159,0.48835 v 0 l -8.75616,-7.0867 -1.72625,-1.55589 -1.55589,-1.40826 -5.46266,-4.88346 -8.21103,-7.33655 v 0 0 l -8.12017,-7.25705 -12.91278,-12.40172 -21.12381,-22.38442 20.76039,-14.68445 57.8974,-41.15736 14.03711,20.90803 -1.34011,17.45553 -1.32876,15.02516 -2.21459,25.30315 9.9827,10.03948 z"
       id="Magta-Lahjar"
       style="fill:#cccccc;fill-opacity:1;stroke:#ffffff;stroke-width:1.13569;stroke-opacity:1"
       inkscape:label="Magta Lahjar - مگطع لحجار" />
    <path
       d="m 459.81481,805.19756 4.31562,1.54454 -2.69158,1.26061 -8.81295,4.05441 -6.82549,3.30486 -1.29468,0.62462 -0.0909,0.0454 -0.0908,-0.0341 -0.14764,-0.0681 -0.13628,-0.0909 -0.0909,-0.0909 -0.10221,-0.0795 -0.0114,-0.0114 -0.11357,-0.0681 -0.13628,-0.0568 -0.13628,-0.0341 -0.13628,-0.0341 -0.13629,-0.0454 -0.15899,-0.0568 -0.13628,-0.0454 -0.0909,-0.0568 -0.0114,-0.0113 -0.10221,-0.10222 -0.0909,-0.12492 -0.0682,-0.13628 -0.0908,-0.14764 v -0.0114 l 0.0227,-0.11357 v -0.159 l 0.0341,-0.11356 0.0454,-0.11357 0.0681,-0.13629 0.0568,-0.10221 0.0568,-0.10221 0.0568,-0.0908 v -0.0454 0 0 l -0.0114,-0.11357 -0.0568,-0.0795 -0.10222,-0.0681 -0.11357,-0.0454 -0.10221,-0.0341 -0.11357,-0.0454 -0.10221,-0.0454 -0.0341,-0.0114 -0.14764,-0.0795 -0.11357,-0.0909 -0.13628,-0.13629 -0.10221,-0.10221 -0.10221,-0.0795 -0.0795,-0.0795 -0.0341,-0.0114 -0.13629,-0.0795 -0.13628,-0.0681 -0.12492,-0.0341 -0.13629,-0.0227 -0.15899,-0.0227 -0.17036,-0.0227 -0.15899,-0.0227 v 0 l -0.17036,-0.0341 -0.18171,-0.0227 h -0.0113 -0.0454 l -0.11357,-0.0114 h -0.0341 l -0.13628,-0.0114 h -0.22714 l -0.12493,0.0341 -0.14764,0.0227 -0.0681,0.0454 -0.0454,0.0227 -0.13629,0.0909 -0.10221,0.0909 -0.10221,0.13628 -0.11357,0.11357 -0.0681,0.12493 -0.0341,0.12492 -0.0681,0.159 -0.0454,0.10221 -0.0227,0.13628 -0.0227,0.12493 v 0.12493 0.13628 l 0.0341,0.13628 0.0454,0.12493 0.0227,0.0568 0.0454,0.0909 0.0568,0.11357 0.0795,0.0908 0.0114,0.11357 -0.0454,0.0795 -0.11357,-0.0341 -0.0795,-0.0795 -0.0568,-0.11357 -0.0681,-0.159 -0.0795,-0.12492 -0.0341,-0.0795 -0.0114,-0.0341 -0.0681,-0.159 -0.0454,-0.13628 -0.0909,-0.0795 -0.0568,-0.17035 -0.0795,-0.159 -0.12493,-0.15899 -0.0908,-0.159 -0.0568,-0.13628 -0.12492,-0.159 -0.0795,-0.13628 -0.0795,-0.10221 -0.10221,-0.159 -0.0341,-0.13628 -0.0227,-0.14764 v -0.13629 l -0.0113,-0.13628 0.0227,-0.13628 0.0341,-0.159 0.0227,-0.15899 0.0227,-0.11357 0.0341,-0.12493 0.0681,-0.11357 0.0909,-0.0908 0.0795,-0.0568 0.0909,-0.0568 0.0568,-0.10221 0.0568,-0.0909 0.0454,-0.0681 v -0.159 -0.0681 -0.0681 l -0.0909,-0.0909 h -0.0114 l -0.14764,-0.11357 -0.10221,-0.0909 -0.0795,-0.11357 -0.0568,-0.0908 -0.12493,-0.0681 -0.14764,-0.11357 -0.17035,-0.0681 -0.14764,-0.0454 -0.14764,-0.0341 -0.11357,0.0227 -0.12492,0.0568 -0.11357,0.0454 -0.10221,0.10222 -0.0681,0.0681 -0.0114,0.0113 -0.0681,0.0795 -0.0681,0.0909 -0.0909,0.11357 -0.0227,0.0681 -0.0114,0.0908 -0.0454,0.10222 -0.0908,0.0795 -0.12493,0.0795 -0.14764,0.0341 -0.14764,0.0114 -0.17035,0.0341 -0.14764,-0.0114 -0.159,0.0114 -0.14764,-0.0114 h -0.11356 l -0.12493,0.0227 -0.12493,0.0341 -0.11357,0.0681 -0.0795,0.0681 -0.0795,0.0795 -0.10221,0.0454 -0.11357,0.0454 -0.159,0.0341 h -0.159 -0.14763 l -0.12493,-0.0568 -0.0909,-0.10221 -0.0681,-0.0909 -0.0795,-0.12492 v -0.14764 l -0.0113,-0.0909 v -0.0908 l 0.0341,-0.13629 0.0227,-0.17035 0.0114,-0.14764 0.0454,-0.14764 0.0227,-0.13628 0.0227,-0.17035 0.0682,-0.13629 0.0341,-0.15899 0.0681,-0.20443 0.0568,-0.12492 0.0454,-0.17036 0.0114,-0.15899 v -0.14764 l -0.0114,-0.18171 v -0.14764 -0.14764 -0.17035 -0.159 l 0.0227,-0.14764 v -0.18171 l 0.0341,-0.159 -0.0113,-0.15899 0.0227,-0.17036 v -0.13628 -0.13628 l -0.0114,-0.13628 -0.0795,-0.159 -0.0341,-0.10221 -0.0114,-0.0454 -0.0909,-0.14764 -0.0909,-0.13628 -0.12493,-0.11357 -0.11357,-0.0341 -0.15899,-0.0454 -0.11357,-0.0227 h -0.11357 l -0.12493,0.0227 -0.14764,0.0341 -0.11356,0.0341 -0.0341,0.0114 -0.12492,0.0454 -0.13628,0.0227 -0.10222,0.0341 -0.15899,0.0341 -0.17036,0.0454 -0.19306,0.0681 -0.0909,0.0681 -0.20442,0.0681 v 0 l -0.13628,0.0568 -0.11357,0.0568 -0.11357,0.0114 -0.13628,-0.0114 -0.159,-0.0341 -0.11357,-0.0227 -0.12493,-0.0114 -0.11356,-0.0341 -0.12493,-0.0681 -0.11357,-0.0341 -0.11357,-0.0227 -0.12492,-0.0341 -0.159,-0.0227 h -0.13628 l -0.159,0.0681 -0.12492,0.0341 -0.159,0.0795 -0.18171,0.0568 -0.12493,0.0227 -0.14764,0.0681 -0.12492,0.0454 -0.11357,0.0113 -0.11357,-0.0341 -0.14764,-0.0113 -0.11357,-0.0341 -0.12492,-0.0454 -0.11357,-0.12493 -0.11357,-0.11357 -0.0681,-0.10221 -0.0454,-0.11357 -0.0341,-0.11357 -0.0341,-0.10221 -0.0227,-0.13628 -0.0113,-0.13628 -0.0341,-0.12493 -0.0681,-0.13628 -0.0795,-0.12493 -0.13629,-0.0454 -0.0227,-0.0114 h -0.13628 -0.12493 l -0.10221,0.0681 -0.0568,0.0795 -0.11357,0.0681 -0.0681,0.0681 -0.12493,0.0454 h -0.0114 l -0.10221,0.0568 -0.0909,0.0681 -0.12493,0.0795 -0.14764,0.0909 -0.10221,0.0568 -0.0909,0.0909 -0.0681,0.10221 -0.0908,0.0908 -0.0341,0.10221 -0.0795,0.0795 -0.0454,0.11357 -0.0568,0.11357 -0.0454,0.12493 -0.0454,0.13628 -0.0795,0.11357 -0.0681,0.0909 -0.0568,0.0795 -0.0341,0.0681 -0.12493,0.0909 -0.0909,0.0454 -0.0909,0.0227 -0.12492,0.0114 h -0.13629 l -0.14764,-0.0341 -0.15899,-0.0114 -0.12493,-0.0114 -0.12492,-0.0341 -0.159,-0.0454 -0.14764,-0.0227 -0.17035,-0.0227 -0.17036,-0.0114 -0.12492,-0.0114 -0.159,-0.0341 -0.18171,0.0227 -0.13628,0.0227 -0.10221,0.0568 -0.12493,0.0568 -0.11357,0.0908 -0.0795,0.11357 -0.0795,0.12493 -0.0568,0.0795 -0.12493,0.12492 -0.12492,0.0909 -0.12493,0.0454 -0.19306,0.0795 -0.19307,0.0114 -0.13628,0.0114 -0.13629,-0.0227 -0.12492,-0.0227 -0.0909,-0.0909 -0.13628,-0.10221 -0.11357,-0.10221 -0.11357,-0.10221 -0.13628,-0.11357 -0.13628,-0.0795 -0.17036,-0.0795 -0.15899,-0.0795 -0.14764,-0.0681 -0.19307,-0.0454 -0.19307,-0.0568 -0.18171,-0.0795 -0.15899,-0.0908 -0.13629,-0.14764 -0.13628,-0.13628 -0.11357,-0.14764 -0.0908,-0.13629 -0.14764,-0.14764 -0.14764,-0.14764 -0.12493,-0.10221 -0.14764,-0.10221 -0.12492,-0.0681 -0.12493,0.0114 -0.12492,0.0341 -0.0909,0.0909 -0.0681,0.10221 -0.0227,0.14764 -0.0454,0.159 -0.0227,0.12493 -0.0227,0.12492 0.0114,0.11357 -0.0454,0.13628 -0.0341,0.11357 -0.0568,0.14764 -0.0454,0.17035 -0.0341,0.13629 -0.0795,0.12492 -0.0568,0.11357 -0.10221,0.0909 -0.14764,0.0227 -0.12492,-0.0341 -0.11357,-0.0795 -0.10221,-0.0795 -0.11357,-0.0795 -0.11357,-0.0795 -0.11357,-0.0909 -0.13628,-0.0454 h -0.12493 l -0.14764,0.0114 -0.13628,0.0454 -0.10221,0.0454 -0.159,0.0681 -0.18171,0.0681 -0.159,0.0227 h -0.12492 l -0.13628,-0.0113 -0.13629,-0.0454 -0.11357,-0.0681 -0.12492,-0.0909 h -0.14764 l -0.11357,0.0114 -0.13628,0.0795 -0.10221,0.0795 -0.0909,0.10222 -0.0681,0.0909 -0.0795,0.0568 -0.11357,0.0227 -0.10221,-0.0568 -0.0568,-0.10222 -0.0227,-0.10221 -0.0454,-0.12492 -0.0681,-0.10222 -0.0795,-0.0909 -0.0682,-0.0795 -0.11356,-0.0795 -0.12493,-0.0341 -0.17035,-0.0454 -0.13629,-0.0341 -0.15899,-0.0113 -0.18171,0.0113 h -0.159 -0.12493 l -0.14763,0.0341 -0.11357,0.0568 -0.12493,0.10221 -0.10221,0.11357 -0.0341,0.12493 -0.0568,0.11356 -0.0908,0.11357 -0.11357,0.11357 -0.0795,0.10221 -0.12492,0.0227 -0.0909,-0.0568 -0.0341,-0.0227 -0.11357,-0.0909 -0.0795,-0.10221 -0.0795,-0.0795 -0.0227,-0.0341 -0.12492,-0.10221 -0.12493,-0.13628 -0.11357,-0.12493 -0.0681,-0.13628 -0.0454,-0.12493 0.0454,-0.10221 0.0908,-0.0454 0.0909,-0.0114 0.0908,-0.0114 0.11357,-0.0114 0.11357,-0.0454 0.0909,-0.0341 0.10221,-0.0341 0.11357,-0.13629 0.0114,-0.14764 -0.0227,-0.0908 v -0.12493 l 0.0114,-0.11357 0.0114,-0.10221 -0.0341,-0.13628 -0.0795,-0.10221 -0.14764,-0.11357 -0.20443,-0.0795 -0.15899,-0.0114 h -0.159 l -0.159,0.0454 -0.14764,0.0341 -0.14764,0.0681 -0.17035,0.0454 h -0.159 l -0.15899,0.0454 -0.10221,0.0227 -0.18171,0.0341 h -0.17036 l -0.15899,-0.0113 h -0.13629 l -0.14764,-0.0227 h -0.15899 -0.159 l -0.14764,-0.0114 -0.18171,-0.0113 -0.15899,0.0227 -0.13629,0.0341 -0.15899,0.0454 -0.12493,0.0341 -0.13628,0.0454 -0.17036,0.0568 -0.18171,0.0681 -0.11356,0.0454 -0.13629,0.0568 -0.14764,0.0568 -0.14764,0.0795 -0.11356,0.0568 -0.18172,0.0341 -0.14763,0.0114 -0.18171,-0.0341 -0.14764,-0.0681 -0.0795,-0.10221 -0.0681,-0.0681 -0.0795,-0.0795 -0.0909,-0.0795 -0.11357,-0.0909 -0.10221,-0.0908 -0.10221,-0.0114 -0.10221,0.0568 -0.0681,0.0681 -0.0227,0.0909 v 0.11357 l 0.0114,0.13628 v 0.11357 l 0.0114,0.10221 0.0113,0.159 -0.0454,0.13628 -0.0795,0.0568 -0.10221,0.0341 -0.13629,-0.0114 -0.10221,-0.0227 h -0.11357 l -0.12492,0.0341 -0.0795,0.10221 -0.0227,0.12493 0.0227,0.10221 0.10221,0.13628 0.0909,0.12493 0.0795,0.15899 v 0.11357 l -0.0681,0.0795 -0.0908,0.0114 -0.11357,-0.0114 -0.13628,-0.0454 -0.159,-0.0454 -0.159,-0.0909 -0.13628,-0.10221 -0.159,-0.0909 -0.12492,-0.13628 -0.12493,-0.13628 -0.0341,-0.12493 0.0114,-0.12492 0.0227,-0.17036 0.0227,-0.15899 0.0454,-0.10222 v -0.11356 -0.12493 l -0.0227,-0.14764 -0.0227,-0.10221 -0.0114,-0.13628 -0.0909,-0.11357 -0.10221,-0.11357 -0.10221,-0.0795 -0.12493,-0.12493 -0.10221,-0.0795 -0.13628,-0.10222 -0.0795,-0.0454 -0.17035,-0.0681 -0.17035,-0.0341 h -0.17036 l -0.13628,0.0227 -0.10221,0.10221 -0.10221,0.0909 -0.0682,0.10221 -0.0795,0.10221 -0.12493,0.159 -0.10221,0.12492 -0.12493,0.17036 -0.10221,0.14763 -0.0568,0.13629 -0.0682,0.11357 -0.0454,0.14764 -0.0568,0.12492 -0.0568,0.11357 -0.0909,0.13628 -0.0795,0.11357 -0.14763,0.0227 -0.12493,-0.0341 -0.11357,-0.0454 -0.12492,-0.12493 -0.0909,-0.10221 -0.10221,-0.10221 -0.11357,-0.11357 -0.0909,-0.11357 -0.10221,-0.10221 -0.0681,-0.0681 -0.0908,-0.14764 -0.0795,-0.11357 -0.0568,-0.0795 -0.0795,-0.10221 -0.0568,-0.10221 -0.0454,-0.10222 -0.12492,-0.12492 -0.11357,-0.10221 -0.0681,-0.0568 -0.10221,-0.0681 -0.11357,-0.0454 h -0.159 l -0.12493,0.0454 -0.10221,0.0909 -0.0795,0.10221 -0.0568,0.13628 -0.0568,0.11357 -0.0341,0.159 -0.0113,0.18171 v 0.12492 l -0.0114,0.12493 -0.0341,0.0909 -0.0568,0.14764 -0.0682,0.0454 -0.0568,0.0454 -0.10221,0.0341 -0.159,-0.0341 -0.12492,-0.0341 -0.13629,-0.0909 -0.15899,-0.11357 -0.10222,-0.0341 -0.13628,-0.0114 -0.12492,-0.0227 -0.159,0.0114 -0.14764,0.0113 h -0.11357 l -0.26121,0.0454 -0.19306,0.0341 -0.159,0.0227 -0.13628,0.0568 -0.2385,0.0114 -0.0454,-0.0454 -0.0568,-0.0568 -0.0681,-0.0454 -0.0681,-0.10221 -0.0568,-0.10222 -0.0454,-0.10221 -0.0909,-0.14764 -0.0681,-0.13628 -0.0795,-0.11357 -0.0681,-0.0908 -0.13628,-0.17036 -0.0909,-0.12492 -0.11357,-0.18171 -0.12492,-0.17036 -0.159,-0.19306 -0.11357,-0.0681 h -0.14764 l -0.12492,0.0341 -0.12493,0.0341 -0.0909,0.0795 -0.0909,0.0909 -0.0681,0.11357 -0.0795,0.12492 -0.0114,0.14764 -0.0114,0.11357 -0.0341,0.159 -0.0454,0.18171 -0.0341,0.17035 -0.0341,0.159 -0.0568,0.14764 -0.0568,0.14764 -0.0909,0.14764 -0.0681,0.0795 -0.0795,0.10221 -0.11356,0.10221 -0.10222,0.0568 -0.11356,-0.0113 -0.11357,-0.0114 -0.13629,-0.0227 -0.12492,-0.0568 -0.11357,-0.0227 -0.0909,-0.0227 -0.12492,-0.0681 -0.0909,-0.11357 -0.0454,-0.14763 -0.0227,-0.159 0.0227,-0.10221 0.0113,-0.0227 -0.0227,-0.23849 v -0.12493 l -0.0227,-0.12492 -0.0454,-0.0341 -0.13629,-0.0227 -0.12492,0.0568 -0.0681,0.0795 -0.0795,0.11356 -0.0795,0.0681 -0.0908,0.0681 -0.0795,0.0909 -0.11357,0.10221 -0.11357,0.11357 -0.12493,0.0681 -0.0908,0.10222 -0.10221,0.0909 -0.0909,0.0909 -0.0908,0.0681 -0.0909,0.0454 -0.11357,0.0681 -0.22713,0.0795 -0.19307,-0.0227 -0.159,-0.0341 -0.10221,-0.0227 -0.0908,-0.0909 -0.18172,-0.19307 -0.15899,-0.19306 -0.159,-0.2385 -0.0908,-0.19306 -0.10222,-0.10222 h 0.0114 l -0.0114,-0.0227 0.19307,-0.24985 0.159,-0.21578 0.46563,-0.60192 0.6587,-0.87448 2.40766,-3.14586 1.12433,-0.97669 1.20383,-0.6587 1.32876,-0.48834 1.51046,-0.87448 5.63302,-3.72506 15.93371,0.19307 9.23315,2.06695 7.05262,1.79439 7.45012,1.86253 2.98686,0.96533 z"
       id="Boghé"
       style="fill:#cccccc;fill-opacity:1;stroke:#ffffff;stroke-width:1.13569;stroke-opacity:1"
       inkscape:label="Boghé - بوگي" />
    <path
       d="m 475.85074,803.57353 0.0454,14.78666 -6.09864,8.22239 -3.58878,4.83803 -4.98567,2.37359 -0.46564,0.18171 -0.20442,0.0681 -0.91991,0.36342 0.0114,-0.0795 0.0908,-0.20443 0.0114,-0.0568 0.10221,-0.12493 0.11357,-0.14764 0.14764,-0.11357 0.11357,-0.11357 0.0681,-0.0568 0.20443,-0.18171 0.0341,-0.0227 0.18171,-0.159 0.17035,-0.11357 0.0908,-0.0795 0.0227,-0.0113 0.0227,-0.0454 v -0.0114 l 0.0114,-0.0341 v -0.0681 l -0.0227,-0.0568 -0.0341,-0.0568 -0.0341,-0.0227 -0.0454,-0.0454 -0.11357,-0.0795 -0.0454,-0.0341 -0.27257,-0.11357 -0.0454,-0.0341 -0.24985,-0.0681 -0.17036,-0.0454 h -0.0227 -0.37478 -0.0454 -0.0795 -0.0114 l -0.0227,0.0114 h -0.0454 l -0.17036,0.0227 h -0.0795 l -0.28393,0.0568 -0.17035,0.0341 -0.13628,0.0113 -0.0795,-0.0227 -0.11357,-0.0909 -0.0454,-0.0682 v -0.13628 l -0.0113,-0.11357 -0.0114,-0.17035 -0.0114,-0.45428 v -0.0113 -0.0454 l -0.0227,-0.45428 -0.0227,-0.17035 -0.0454,-0.19307 -0.0454,-0.15899 0.0114,-0.10222 0.0568,-0.10221 0.0681,-0.0568 0.0909,-0.0568 0.11357,-0.0227 0.15899,-0.0568 0.14764,-0.0341 0.17036,-0.0341 0.15899,-0.0113 0.2385,0.0113 0.19306,0.0681 v 0 l 0.13629,0.10221 0.18171,0.0795 0.22713,0.0795 h 0.0682 l 0.0795,0.0114 0.17036,-0.0568 0.12492,-0.12493 0.0568,-0.14764 0.0113,-0.18171 -0.0341,-0.159 -0.0341,-0.0909 -0.0454,-0.11357 -0.0568,-0.10221 -0.0454,-0.0681 -0.0568,-0.0681 v 0 l -0.0909,-0.11357 -0.0568,-0.0681 -0.0454,-0.29528 -0.0795,-0.14764 -0.0568,-0.11357 -0.0341,-0.0454 -0.14764,-0.17035 -0.0795,-0.0681 -0.0908,-0.0681 -0.0682,-0.0341 -0.0568,-0.0341 -0.0909,0.0114 -0.14763,0.0227 -0.13629,-0.0454 -0.15899,-0.0568 -0.11357,-0.0568 -0.14764,-0.0568 -0.11357,-0.0113 -0.13628,-0.0681 -0.159,-0.10222 -0.13628,-0.10221 -0.159,-0.11357 -0.0795,-0.0681 -0.0568,-0.0341 -0.0454,-0.0341 -0.0795,-0.0681 -0.11357,-0.10221 -0.12492,-0.0568 -0.17036,0.0114 h -0.0227 -0.0908 -0.0341 l -0.0341,0.0114 h -0.0227 l -0.0795,0.0227 -0.0681,0.0114 -0.0454,0.0227 -0.13628,0.0114 -0.14764,0.0227 -0.14764,0.0341 -0.19306,0.0114 -0.18172,0.0454 -0.0908,0.0227 -0.159,0.0227 -0.12492,0.0341 h -0.0114 l -0.11357,0.0227 -0.15899,-0.0114 -0.13629,-0.10221 -0.0568,-0.14764 -0.0681,-0.13628 v -0.0114 l -0.0227,-0.0568 -0.0227,-0.0682 -0.0114,-0.0341 -0.0454,-0.18171 -0.0682,-0.14764 -0.0681,-0.14764 -0.0568,-0.13628 -0.0227,-0.0454 -0.0908,-0.21578 -0.10221,-0.13628 -0.10221,-0.13628 -0.0341,-0.0568 -0.0454,-0.0568 -0.0341,-0.0341 -0.0341,-0.0341 -0.10222,-0.11357 -0.13628,-0.159 -0.14764,-0.14764 -0.12492,-0.14764 -0.14764,-0.10221 v 0 l -0.0227,-0.0341 -0.0568,-0.0454 -0.0341,-0.0227 -0.11357,-0.11357 -0.10221,-0.11357 -0.0909,-0.12492 -0.17035,-0.159 -0.13628,-0.10221 -0.14764,-0.11357 -0.13629,-0.0909 -0.12492,-0.10221 -0.11357,-0.0568 -0.0227,-0.0795 -0.0114,-0.0909 -0.0341,-0.13628 -0.0341,-0.14764 -0.0909,-0.12492 -0.0795,-0.10222 -0.10221,-0.0909 -0.0908,-0.0909 -0.0227,-0.0227 -0.0454,-0.0341 -0.0795,-0.0454 -0.11357,-0.10221 -0.12493,-0.11357 -0.15899,-0.12492 -0.13629,-0.11357 -0.13628,-0.0909 -0.13628,-0.0568 -0.12493,-0.10221 -0.15899,-0.11357 -0.159,-0.0795 -0.17035,-0.0795 -0.14764,-0.0341 -0.17036,-0.0568 -0.15899,-0.0227 -0.17036,-0.0795 -0.12492,-0.11357 -0.0795,-0.0909 -0.0795,-0.14764 -0.0681,-0.11357 -0.0227,-0.12492 v -0.12493 -0.12493 -0.12492 l -0.0568,-0.12493 -0.0113,-0.0908 -0.0682,-0.0114 -0.0227,-0.0341 -0.0908,-0.13628 -0.11357,-0.10221 -0.11357,-0.10222 -0.14764,-0.10221 -0.12493,-0.0795 -0.11357,-0.0454 h -0.0113 l -0.10222,-0.0681 -0.0227,-0.0113 -0.0681,-0.0114 -0.0795,-0.0341 -0.14764,-0.0681 -0.15899,-0.0681 -0.13629,-0.0341 -0.13628,-0.0341 -0.13628,-0.0227 -0.13629,-0.0227 -0.12492,-0.0114 -0.10221,-0.0795 -0.0568,-0.11357 -0.0795,-0.15899 -0.0454,-0.11357 v -0.12493 -0.13628 l 0.0568,-0.0909 0.0454,-0.10222 0.0681,-0.0908 0.0681,-0.14764 0.0568,-0.0909 0.11356,-0.0795 0.10222,-0.0682 0.0908,-0.0795 0.0681,-0.10222 0.0114,-0.10221 -0.0227,-0.11357 -0.11357,-0.0568 -0.13629,-0.0454 -0.13628,0.0341 -0.10221,0.0341 -0.0681,0.0795 -0.0568,0.0795 -0.0681,0.10221 -0.0908,0.0909 -0.10221,0.0341 -0.11357,0.0454 h -0.10221 l -0.13629,0.0114 h -0.13628 l -0.11357,-0.0227 -0.11357,-0.0909 -0.10221,-0.0908 -0.0795,-0.0795 -0.0795,-0.0795 -0.0568,-0.0909 -0.0568,-0.11357 -0.0568,-0.13629 -0.0681,-0.12492 -0.0227,-0.10221 -0.0795,-0.14764 -0.0795,-0.11357 -0.0909,-0.10221 -0.10221,-0.10222 -0.0681,-0.0568 -0.0114,-0.0114 h -0.0113 l -0.0341,-0.0341 -0.11357,-0.0908 -0.0909,-0.0568 -0.0568,-0.0341 -0.17036,-0.0568 -0.12492,-0.0681 h -0.0454 l -0.0568,-0.0114 -0.0114,-0.0114 h -0.0227 l -0.0568,-0.0227 -0.0114,-0.0114 0.0909,-0.0454 1.29468,-0.62462 6.82549,-3.30486 8.81295,-4.05441 2.69158,-1.26061 -4.31562,-1.54454 -0.89719,-1.56725 z"
       id="Bababé"
       style="fill:#cccccc;fill-opacity:1;stroke:#ffffff;stroke-width:1.13569;stroke-opacity:1"
       inkscape:label="Bababé - بابابي" />
    <path
       d="m 475.85074,803.57353 -16.93312,0.0568 0.89719,1.56725 -15.35451,-5.24688 -2.98686,-0.96533 -7.45012,-1.86253 -7.05262,-1.79439 -9.23315,-2.06695 -15.93371,-0.19307 1.3969,-0.61327 30.59545,-20.13581 3.00957,-4.65632 23.65639,-33.46874 16.6492,-14.57089 21.12381,22.38442 12.91278,12.40172 -3.07772,1.16976 -0.77227,0.69277 -0.60191,0.51106 -1.68082,3.08908 -0.43156,0.77226 -0.13629,0.69277 -2.37358,2.77108 -0.61328,0.26121 -0.63598,0.19307 -3.17993,1.32875 -1.34011,0.52242 -2.86194,1.10162 -0.79498,0.22714 -0.39749,0.0568 -3.52064,0.85177 -0.77226,0.0795 -0.52242,0.0227 -3.38435,1.54454 0.0454,0.85176 -0.0454,2.49852 0.0568,0.71548 -0.0568,0.98805 -0.52242,2.93008 -0.38613,0.79498 -0.36342,0.79498 -2.66887,3.055 -0.20443,-0.20442 -4.09983,-3.91813 0.91991,24.72399 z"
       id="Aleg"
       style="fill:#cccccc;fill-opacity:1;stroke:#ffffff;stroke-width:1.13569;stroke-opacity:1"
       inkscape:label="Aleg - ألاگ" />
    <path
       d="m 696.77624,813.8288 -0.0227,0.15899 -0.31799,0.28392 -0.38613,0.67006 -0.60192,0.2385 -0.38613,0.11356 -0.40885,0.38614 -0.4997,0.27256 -0.35207,-0.0227 0.10222,-0.24985 0.0113,-0.31799 -0.23849,-0.17036 -0.40885,0.21578 -0.4997,0.29528 -0.35207,0.24985 -0.59055,0.30664 -0.60192,0.11357 -0.62463,-0.2385 -0.21578,-0.12492 -0.37478,-0.18171 -0.38613,-0.21578 -0.54513,-0.24985 -0.37478,0.10221 -0.27256,0.0909 -0.20443,-0.0113 -0.45427,-0.13629 -0.18171,0.32935 -0.22714,0.42021 -0.31799,-0.30664 -0.318,-0.26121 -0.47698,-0.0227 -0.74956,0.10221 -0.26121,0.0227 -0.48834,0.0454 -0.35207,0.0227 -0.45427,0.0681 -0.30664,0.23849 -0.28392,0.13629 -0.19307,0.51106 -0.3407,0.4202 -0.27257,0.44292 -0.27256,0.43156 -0.37478,0.20442 -0.46563,-0.0454 -0.51106,0.3407 -0.40885,0.39749 -0.20443,0.34071 0.0568,0.13628 0.23849,0.0568 0.62463,-0.14764 0.74956,-0.21578 0.47699,-0.22714 0.52241,-0.31799 0.34071,-0.37478 0.21578,-0.24985 0.32935,-0.42021 0.36342,-0.23849 0.24985,-0.0568 0.20442,0.0454 0.24986,-0.0227 0.39749,-0.0454 0.40885,0.14764 -0.0909,0.43156 0.11357,0.28392 0.27256,-0.0341 0.22714,-0.21578 0.32935,-0.23849 0.45428,-0.0681 0.39749,-0.0341 0.46563,0.0113 0.20442,0.0909 0.45428,0.21578 0.12493,0.28392 -0.318,0.42021 -0.11357,0.38613 0.0909,0.24985 0.17035,0.28392 0.0454,0.27257 0.19307,0.19307 0.36342,-0.0568 0.32935,-0.11357 0.18171,0.10221 0.32935,0.27257 0.17035,0.28392 -0.0227,0.36342 -0.18171,0.31799 -0.37478,0.19307 -0.32935,0.159 -0.29528,-0.0454 -0.34071,-0.0908 -0.36342,-0.11357 -0.44292,-0.17036 -0.40884,0.0341 -0.29528,0.14764 -0.0454,0.24986 0.17035,0.19306 0.21578,0.0909 0.26121,0.10221 0.26121,0.12493 0.13628,0.14763 0.18171,0.22714 0.159,0.11357 0.37478,0.13628 0.29528,0.0568 h 0.30663 l 0.19307,0.0227 0.22714,-0.0454 0.22714,-0.27256 0.0795,-0.40885 0.18171,-0.38613 0.26121,-0.19307 0.40885,-0.14764 0.43156,-0.159 0.38614,-0.0227 0.54513,0.20442 0.27256,0.21579 0.12493,0.23849 -0.0795,0.20442 -0.26121,0.28393 -0.31799,0.21578 -0.43156,0.19306 -0.37478,0.13629 -0.48835,0.19306 -0.0908,0.27257 0.30663,0.0909 0.38614,0.0227 0.17035,-0.0568 0.26121,-0.0568 0.34071,-0.11357 0.2612,-0.0454 0.2385,-0.14764 0.13628,0.19307 0.0454,0.39749 -0.0568,0.34071 0.0114,0.38613 0.0795,0.21578 -0.159,0.35207 -0.18171,0.19306 -0.22713,-0.23849 -0.32935,0.21578 -0.30664,0.17035 -0.23849,0.12493 -0.10222,0.29528 -0.0227,0.28392 -0.20442,0.36342 -0.19307,0.26121 -0.18171,0.47699 0.0795,0.26121 0.0113,0.2612 0.11357,0.18171 0.17036,-0.0341 0.24985,-0.0795 0.27256,0.0341 0.0227,0.29528 -0.29528,0.12492 -0.32935,0.0227 -0.318,-0.0681 -0.45427,-0.0341 -0.35206,-0.0454 -0.36342,0.0909 -0.32935,0.13628 -0.14764,0.30664 0.22713,0.46563 0.28393,0.0795 0.3407,0.0908 0.34071,0.0795 -0.0454,0.28392 -0.23849,0.21579 -0.318,0.46563 -0.10221,0.38613 0.34071,-0.10221 0.37478,-0.159 0.29527,-0.10221 h 0.24986 l 0.24985,0.20443 0.10221,0.38613 0.0114,0.31799 0.3407,0.53378 0.38614,0.37477 -12.94685,-1.86253 -13.52605,0.0454 -8.9833,0.0909 h -1.41961 l -1.11298,0.0113 -0.35206,0.0114 -2.46444,0.0341 -3.05501,0.0114 -2.75972,0.0454 -0.40885,0.0113 -0.55648,0.0114 -0.17036,-0.0114 -0.18171,0.0114 h -0.28392 l -0.39749,0.0114 -0.67006,-0.0114 -1.48775,0.0227 -0.43156,0.0114 -1.93067,0.0227 -1.77168,0.0341 -0.43156,0.0114 h -0.14764 l -0.47699,0.0114 h -0.15899 -0.39749 l -0.19307,0.0114 h -0.18171 l -0.55649,0.0113 h -0.12492 l -1.51047,0.0227 -0.32935,0.0113 v 0.0227 l -2.68023,22.15728 -0.52241,-0.76091 -0.44292,-0.52242 -1.06755,-0.23849 -0.32935,-0.79498 -0.96533,0.22713 -1.03348,-0.14764 -0.44292,-0.37477 -0.37478,-0.51106 -0.88583,-0.22714 -0.44292,-0.21578 h -0.21578 l -0.22714,0.21578 -0.6587,-0.5792 -0.4202,0.15899 -0.19307,0.24986 -0.17035,0.28392 -0.0795,0.30663 -0.24985,0.98805 -0.87448,-0.20442 -0.27257,-0.0909 -0.20442,-0.27256 -0.0681,-0.35206 -1.01077,-0.19307 v 0.52242 l 0.36342,0.51106 -0.0227,0.40884 -0.12493,0.26121 -0.0681,0.44292 -0.14764,0.44292 0.21578,0.36342 0.52242,0.74955 0.51106,0.36342 0.13628,0.159 0.0909,0.13628 0.0681,0.29528 0.0795,0.52242 0.14764,0.44292 -0.22714,0.51106 h -0.36342 l -0.37478,0.44292 v 0.37477 l -0.44292,0.21578 -0.32935,0.0114 -0.0341,-0.0795 -0.74955,0.14764 -0.51106,0.21578 -0.22714,0.37478 v 0.51106 l 0.0795,0.37478 0.21578,0.29528 0.29528,0.29528 v 0.73819 h -0.36342 l -0.59056,-0.0681 h -0.59056 l -0.67005,-0.14764 -0.59056,-0.22714 -0.36342,-0.0795 -0.44292,-0.14764 -0.44292,0.0795 -0.52242,0.0681 -0.80634,0.22713 -0.52241,0.14764 -0.6587,0.0795 -0.67006,0.14764 -0.81769,0.29528 -0.36342,0.14764 -0.29528,-0.0795 -0.29528,-0.36342 -0.14764,-0.37478 -0.0795,-0.29528 -0.21578,-0.44291 -0.52242,-0.52242 -0.36342,-0.44292 -0.44292,-0.21578 h -0.67005 l -1.10162,-0.12493 -0.37478,-0.0227 -0.0909,-0.4997 0.0795,-0.26121 0.0795,-0.30664 0.0227,-0.51106 0.0113,-0.32935 -0.11356,-0.6587 -0.32935,-0.69277 0.0454,-0.44291 -0.38613,-0.45428 -0.0795,-0.34071 0.34071,-0.73819 0.28392,-0.60192 0.21578,-0.61327 0.11357,-0.5792 0.0795,-0.52242 -0.0114,-0.74955 -0.13628,-0.37478 -0.56785,-0.56784 0.19307,-0.46564 0.0114,-0.37477 -0.0454,-0.45428 -0.159,-0.36342 -0.0681,-0.35206 -0.0341,-0.55649 0.0114,-0.47699 -0.12493,-0.69277 -0.22713,-1.04483 -0.26121,-0.76092 -0.0909,-0.5792 -0.13628,-0.55648 -0.0454,-0.45428 0.0795,-0.34071 0.14764,-0.36342 -0.0454,-0.27256 -0.13628,-0.37478 -0.159,-0.63598 0.21578,-0.19307 0.24986,-0.44292 0.0681,-0.40885 -0.0795,-0.32935 -0.30664,-0.3407 -0.29528,-0.21578 -0.18171,-0.318 -0.0568,-0.37477 -0.0114,-0.53378 0.2385,-0.38613 0.15899,-0.0795 0.11357,-0.12493 0.27257,-0.19306 0.19306,-0.13629 0.14764,-0.28392 0.22714,-0.35206 0.17035,-0.44292 0.0795,-0.34071 -0.32935,-0.24985 -0.17035,-0.23849 -0.13628,-0.38614 -0.12493,-0.55648 0.10221,-0.45428 0.44292,-0.53377 0.29528,-0.20443 0.4997,-0.37477 0.62463,-0.34071 0.47699,-0.38614 0.13628,-0.53377 0.22714,-0.59056 0.0454,-0.30663 0.13628,-0.6587 0.22714,-0.37478 0.5792,-0.59056 0.27257,-0.30663 -0.17036,-0.17036 -0.29528,0.12493 -0.4202,0.0341 0.0568,-0.5792 0.14764,-0.44292 -0.18171,-0.34071 0.0909,-0.43156 0.32935,-0.28392 0.40885,-0.24985 0.0454,-0.26121 -0.15899,-0.48835 0.61327,-0.15899 0.44292,-0.13629 0.5792,-0.20442 0.27256,-0.18171 0.0795,-0.45428 -0.0113,-0.0227 -0.0114,-0.0114 -0.0341,-0.0454 -0.0795,-0.67006 -0.26121,-0.4202 -0.45427,-0.18171 -0.24986,-0.36343 -0.21578,-0.52241 -0.21578,-0.54513 -0.35206,0.37477 -0.42021,0.29528 -0.46563,0.318 -0.59056,0.10221 -0.55648,-0.18171 -0.56785,-0.10221 -0.46563,0.10221 -0.61327,0.15899 -0.54513,-0.0454 -0.44292,-0.28392 -0.34071,-0.32935 -0.27256,-0.42021 -0.18171,-0.43156 0.17035,-0.45428 0.27257,-0.13628 0.38613,-0.21578 0.37478,-0.31799 0.28392,-0.0568 0.38613,-0.13628 -0.15899,-0.37478 -0.17036,-0.28392 -0.31799,-0.46563 -0.31799,-0.36342 -0.36342,-0.42021 -0.47699,-0.44292 -0.43156,-0.37477 -0.2385,-0.34071 -0.0795,-0.38613 0.0795,-0.21578 0.0454,-0.24986 0.23849,-0.30663 0.22714,-0.42021 0.54513,-0.55648 0.7382,-0.29528 0.53377,-0.21578 0.37478,-0.13629 0.67006,-0.38613 0.63598,-0.29528 0.8972,-0.43156 0.43156,-0.159 0.59056,-0.22714 1.34011,-0.54513 0.54513,-0.13628 0.68141,-0.13628 0.51106,-0.28392 0.48835,-0.17036 0.5792,0.12493 h 0.35206 l 0.51106,-0.0227 0.318,-0.37478 0.0795,-0.0114 0.11357,-0.0568 0.13629,-0.22714 0.30663,-0.18171 0.43156,-0.18171 0.27257,-0.0681 0.60191,-0.0909 0.39749,-0.38613 0.11357,-0.0454 0.44292,-0.18171 0.13628,-0.0454 0.10222,-0.0227 0.44292,-0.24985 0.21578,-0.14764 0.24985,-0.0795 0.26121,-0.0795 0.43156,0.0227 0.40885,-0.21579 h 0.44291 l 0.318,-0.10221 0.47699,-0.13628 0.5792,0.0454 0.4997,-0.18171 0.43156,-0.45428 0.26121,-0.52241 0.21578,-0.54513 0.14764,-0.30664 0.0909,-0.44292 0.51106,-2.14645 0.17035,-0.68141 0.17035,-0.44292 0.0909,-0.36342 0.20442,-0.7382 0.26121,-1.01076 0.32935,-0.80634 0.26121,-0.85177 0.24985,-0.44292 0.29528,-0.48834 v -0.36342 l 0.0341,-0.71549 0.0227,-0.27256 0.0909,-0.35207 -0.0114,-0.24985 0.0568,-0.20442 0.0795,-0.21578 0.12493,-0.21578 0.13628,-0.10222 0.10221,-0.18171 0.0227,-0.22713 -0.0227,-0.24985 v -0.0909 -0.0909 l 0.56785,-0.0795 0.0795,-0.318 0.39749,-0.0795 0.38613,-0.0795 h 0.32935 l 0.52242,-0.32935 0.19306,-0.31799 0.29528,-0.17036 0.34071,-0.0681 0.68141,-0.26121 0.82906,-0.48839 0.60191,-0.29528 0.38614,-0.13628 0.0681,-0.4997 0.0454,-0.38614 -0.10221,-1.38554 -0.11357,-0.6587 -0.17035,-0.51106 -0.21578,-0.44292 -0.28392,-0.45427 -0.51106,-0.42021 -0.8177,-0.73819 -0.48834,-0.52242 -0.60192,-0.53377 -0.40885,-0.43157 -0.59056,-0.52241 -0.15899,-0.14764 -0.11357,-0.22714 v -0.6587 l -0.21578,-0.67006 -0.30664,-0.36342 -0.7382,-0.45427 -0.59055,-0.14764 h -0.36342 -0.37478 l -0.36342,0.22714 -0.59056,0.37477 -0.52242,0.29528 -0.59055,0.14764 -0.44292,-0.0795 -0.80634,-0.52241 -0.29528,-0.29528 -0.22714,-0.59056 0.0795,-0.44292 0.21578,-0.7382 -0.6587,-0.80633 -0.89719,0.21578 -0.59056,-0.44292 -0.6587,-0.80634 -0.32935,-0.40885 -0.55649,-0.61327 0.0681,-0.60192 0.2385,-0.30663 -0.17035,-0.32935 -0.94263,-1.18112 -0.0909,-0.0795 -0.13628,-0.11356 -0.24986,-0.11357 -0.31799,-0.11357 h -0.26121 -0.40884 l -0.24986,-0.0681 -0.35206,-0.11357 -0.0114,-0.0114 0.59056,-0.0114 9.77828,-3.60013 13.62826,1.26062 2.82787,-3.69099 17.46689,-16.27442 12.91278,-0.24985 6.20086,-6.14408 0.15899,0.46564 0.159,0.36342 0.26121,0.40884 0.19307,0.32935 0.2612,0.51106 0.26121,0.47699 0.17036,0.34071 0.19306,0.45427 0.10222,0.34071 0.0568,0.43156 0.0909,0.318 0.11356,0.21578 0.38614,0.36342 0.23849,0.24985 0.27257,0.30663 0.13628,0.17036 0.21578,0.31799 0.12493,0.20442 0.21578,0.35207 0.17035,0.28392 0.12493,0.30664 0.0113,0.35206 0.0227,0.45427 v 0.27257 l -0.0114,0.39749 -0.0681,0.46563 v 0.30664 l -0.0227,0.36342 -0.0454,0.22714 -0.20443,0.35206 -0.13628,0.34071 -0.0909,0.43156 -0.0681,0.4202 -0.0227,0.24985 0.0114,0.32935 0.17035,0.42021 0.40885,0.68141 0.24985,0.60192 0.12493,0.37477 -0.17036,0.62463 -0.10221,0.318 -0.18171,0.47699 -0.14764,0.44291 -0.13628,0.29528 -0.21578,0.55649 -0.14764,0.26121 -0.11357,0.51106 -0.13628,0.59056 -0.0681,0.43156 -0.28393,0.56784 -0.19306,0.80634 -0.14764,0.98805 -0.36342,1.36283 -0.30664,0.95398 0.13628,0.76091 0.0114,0.35206 0.19307,0.36342 0.35206,0.40885 0.35206,0.18171 0.64735,0.30663 0.40884,0.37478 0.36343,0.55649 v 0.56784 l -0.0114,0.6587 -0.0341,0.6587 0.0341,0.54513 -0.0909,0.96534 -0.0341,0.53377 -0.18171,0.77227 -0.0909,0.55649 -0.18171,0.69277 -0.0795,0.62463 -0.0681,0.39749 -0.10221,0.55648 -0.159,0.54514 -0.13628,0.59055 -0.0114,0.85177 0.0227,0.61327 0.13629,0.64734 v 0.40885 l -0.11357,0.48835 0.0341,0.6587 0.10221,0.80634 0.0454,0.62463 0.12492,0.51105 0.159,0.53378 0.28392,0.4997 -0.0681,0.4997 -0.21578,0.38614 -0.13628,0.5792 0.0681,0.39749 0.20442,0.45428 0.24985,0.6587 -0.0227,0.62462 -0.23849,0.46564 -0.0795,0.85176 0.0681,0.49975 0.10221,0.56785 0.31799,0.44291 -0.0113,0.29528 0.60191,0.40885 0.0681,0.44292 -0.0454,0.31799 0.47698,0.49971 0.6587,0.28392 0.63599,0.43156 0.30664,0.43156 0.0568,0.51106 0.159,0.5792 0.11357,0.5792 0.39749,0.39749 0.67005,0.0341 0.40885,-0.0568 0.60192,0.0909 0.51106,0.2612 0.56784,0.42021 0.34071,0.43156 0.36342,0.39749 0.17035,0.54513 0.0681,0.52242 0.37478,0.31799 0.37478,0.0227 0.47698,0.48834 -0.0454,0.62463 -0.22714,0.55649 -0.0795,0.44292 -0.17035,0.35206 -0.0227,0.17035 -5.13331,0.0454 -1.36282,0.31799 1.93067,1.19248 9.47164,4.57682 0.36342,0.0341 0.54513,0.0454 0.54513,0.21578 0.32935,0.18171 0.48835,0.0795 0.53377,-0.11357 0.54513,-0.11357 1.3969,3.12314 -0.35207,0.18172 -0.35206,0.24985 -0.159,0.12492 -0.17035,0.27257 -0.12493,0.17035 0.0795,0.53377 z"
       id="Kiffa"
       style="fill:#cccccc;fill-opacity:1;stroke:#ffffff;stroke-width:1.13569;stroke-opacity:1"
       inkscape:label="Kiffa - كيفة" />
    <path
       d="m 691.89278,831.8181 -0.56785,0.30664 -0.68141,0.53377 -0.40885,0.52242 0.12493,0.46563 0.37478,0.39749 0.39749,0.318 0.38613,0.21578 0.48835,0.19306 0.73819,0.21578 0.71549,0.17036 0.54513,0.26121 0.55649,0.18171 0.60191,0.36342 0.45428,0.46563 0.15899,0.40885 0.21578,0.4997 0.47699,0.5792 0.35207,0.38614 0.3407,0.30663 0.19307,0.24985 0.31799,0.35207 0.11357,0.37477 -0.0568,0.43157 0.13628,0.56784 0.14764,0.43156 0.11357,0.48835 0.0113,0.76091 0.10222,0.62463 -0.18171,0.54513 -0.14764,0.43156 -0.13629,0.53377 -0.10221,0.46564 -0.40885,0.4997 -0.74955,0.74955 -0.32935,0.2385 -0.17035,0.4997 -0.18171,0.44292 -0.17036,0.28392 -0.0681,0.38614 0.18171,0.37477 0.26121,0.24985 0.0114,0.48835 -0.18171,0.4202 -0.18171,0.53378 0.13628,0.43156 0.13628,0.40885 0.32935,0.17035 0.35207,0.26121 0.24985,0.27257 0.37477,0.32934 0.43157,0.2385 0.47699,0.14764 0.43156,0.21578 0.53377,0.27256 0.40885,0.14764 0.61327,0.0454 0.44292,0.0681 0.56784,0.13629 0.7382,0.0341 0.45428,0.12492 -0.47699,0.40885 -0.45428,0.37478 -0.0454,0.40885 0.13629,0.40884 0.21578,0.20443 0.35206,-0.14764 0.26121,0.0795 0.0568,0.31799 0.0341,0.29528 0.35207,0.26121 0.40885,0.2612 0.13628,0.46564 1.37418,8.41545 1.8171,11.07296 3.17993,18.80701 0.0114,0.0681 -1.30604,0.44292 -0.39749,0.2612 -0.40885,-0.12492 -0.48835,0.0227 -0.52242,0.159 -0.70412,0.10221 -0.49971,0.0227 -0.54513,-0.11356 -0.47698,-0.24986 -0.93127,-0.81769 -1.8966,-0.2385 -0.56784,-0.0681 -1.07891,-0.28392 -0.79498,0.79498 0.79498,3.55471 -0.23849,1.13569 -0.0909,0.32935 -0.62463,1.12433 -0.95397,0.72684 -1.04484,0.45427 -0.59056,1.40826 -2.21459,0.21578 -1.11297,1.93067 -1.18112,0.36342 0.14764,1.77167 -0.26121,1.61268 -0.54513,1.12433 -1.1584,0.44292 -0.32935,0.13628 -0.95398,0.67006 -0.69277,4.15662 -0.19307,0.60192 -0.19306,0.4202 -0.37478,0.54513 -0.69277,0.93127 -0.96534,-0.71549 -0.0795,-0.38613 -0.159,-0.44292 -11.32282,-5.42859 -0.4202,-6.45071 -17.78488,-15.38858 -7.01856,-9.52843 -15.76336,7.30248 -1.45368,0.30663 -0.7382,-0.18171 -0.68141,0.0454 0.18171,-0.59056 0.0909,-0.5792 -0.0568,-0.48835 -0.13628,-0.56784 -0.159,-0.52242 -0.23849,-0.40884 -0.32935,-0.46564 -0.22714,-0.32935 -0.90855,-0.87448 0.47699,-0.5792 0.36342,-0.96533 0.22714,-0.59056 0.29527,-0.80634 v -0.52242 l 0.0227,-0.63598 -0.0227,-0.62463 0.0681,-0.7382 0.37477,-1.03348 -0.0795,-0.44291 v -0.95398 l 0.0795,-0.59056 0.36342,-0.88584 0.22714,-0.44292 0.29528,-0.37477 0.51106,-0.67006 0.52242,-0.44292 0.54513,-0.36342 0.56784,-0.37478 0.51106,-0.95397 0.29528,-0.96534 0.67006,-0.88584 v -1.47639 l 0.29528,-0.7382 0.56784,-1.03348 0.61327,-1.11297 0.6587,-0.51106 -4.69039,-3.24807 3.69099,-4.70175 -6.0873,-2.66887 2.68023,-22.15728 v -0.0227 l 0.32935,-0.0113 1.51047,-0.0227 h 0.12492 l 0.55649,-0.0113 h 0.18171 l 0.19307,-0.0114 h 0.39749 0.15899 l 0.47699,-0.0114 h 0.14764 l 0.43156,-0.0114 1.77168,-0.0341 1.93067,-0.0227 0.43156,-0.0114 1.48775,-0.0227 0.67006,0.0114 0.39749,-0.0114 h 0.28392 l 0.18171,-0.0114 0.17036,0.0114 0.55648,-0.0114 0.40885,-0.0113 2.75972,-0.0454 3.05501,-0.0114 2.46444,-0.0341 0.35206,-0.0114 1.11298,-0.0113 h 1.41961 l 8.9833,-0.0909 13.52605,-0.0454 z"
       id="Kankoussa"
       style="fill:#cccccc;fill-opacity:1;stroke:#ffffff;stroke-width:1.13569;stroke-opacity:1"
       inkscape:label="Kankoussa - كنكوصة" />
    <path
       d="m 613.16684,771.88777 0.0114,0.0114 0.35206,0.11357 0.24986,0.0681 h 0.40884 0.26121 l 0.31799,0.11357 0.24986,0.11357 0.13628,0.11356 0.0909,0.0795 0.94263,1.18112 0.17035,0.32935 -0.2385,0.30663 -0.0681,0.60192 0.55649,0.61327 0.32935,0.40885 0.6587,0.80634 0.59056,0.44292 0.89719,-0.21578 0.6587,0.80633 -0.21578,0.7382 -0.0795,0.44292 0.22714,0.59056 0.29528,0.29528 0.80634,0.52241 0.44292,0.0795 0.59055,-0.14764 0.52242,-0.29528 0.59056,-0.37477 0.36342,-0.22714 h 0.37478 0.36342 l 0.59055,0.14764 0.7382,0.45427 0.30664,0.36342 0.21578,0.67006 v 0.6587 l 0.11357,0.22714 0.15899,0.14764 0.59056,0.52241 0.40885,0.43157 0.60192,0.53377 0.48834,0.52242 0.8177,0.73819 0.51106,0.42021 0.28392,0.45427 0.21578,0.44292 0.17035,0.51106 0.11357,0.6587 0.10221,1.38554 -0.0454,0.38614 -0.0681,0.4997 -0.38614,0.13628 -0.60191,0.29528 -0.82906,0.48839 -0.68141,0.26121 -0.34071,0.0681 -0.29528,0.17036 -0.19306,0.31799 -0.52242,0.32935 h -0.32935 l -0.38613,0.0795 -0.39749,0.0795 -0.0795,0.318 -0.56785,0.0795 v 0.0909 0.0909 l 0.0227,0.24985 -0.0227,0.22713 -0.10221,0.18171 -0.13628,0.10222 -0.12493,0.21578 -0.0795,0.21578 -0.0568,0.20442 0.0114,0.24985 -0.0909,0.35207 -0.0227,0.27256 -0.0341,0.71549 v 0.36342 l -0.29528,0.48834 -0.24985,0.44292 -0.26121,0.85177 -0.32935,0.80634 -0.26121,1.01076 -0.20442,0.7382 -0.0909,0.36342 -0.17035,0.44292 -0.17035,0.68141 -0.51106,2.14645 -0.0909,0.44292 -0.14764,0.30664 -0.21578,0.54513 -0.26121,0.52241 -0.43156,0.45428 -0.4997,0.18171 -0.5792,-0.0454 -0.47699,0.13628 -0.318,0.10221 h -0.44291 l -0.40885,0.21579 -0.43156,-0.0227 -0.26121,0.0795 -0.24985,0.0795 -0.21578,0.14764 -0.44292,0.24985 -0.10222,0.0227 -0.13628,0.0454 -0.44292,0.18171 -0.11357,0.0454 -0.39749,0.38613 -0.60191,0.0909 -0.27257,0.0681 -0.43156,0.18171 -0.30663,0.18171 -0.13629,0.22714 -0.11357,0.0568 -0.0795,0.0114 -0.318,0.37478 -0.51106,0.0227 h -0.35206 l -0.5792,-0.12493 -0.48835,0.17036 -0.51106,0.28392 -0.68141,0.13628 -0.54513,0.13628 -1.34011,0.54513 -0.59056,0.22714 -0.43156,0.159 -0.8972,0.43156 -0.63598,0.29528 -0.67006,0.38613 -0.37478,0.13629 -0.53377,0.21578 -0.7382,0.29528 -0.54513,0.55648 -0.13628,-0.40884 -0.0341,-0.36342 v -0.40885 l -0.0568,-0.44292 -0.0795,-0.31799 -0.11357,-0.27257 -0.29528,-0.40885 -0.159,-0.23849 -0.19307,-0.159 -0.21578,0.13628 -0.28392,0.22714 -0.30663,0.17036 -0.3975,-0.12493 -0.29527,-0.0909 -0.318,0.27257 -0.14764,0.53377 -0.19306,0.40885 -0.17036,0.34071 0.10222,0.26121 0.27256,0.4997 0.31799,0.54513 0.0114,0.39749 -0.18171,0.34071 -0.31799,0.27256 -0.20443,-0.20442 -0.26121,-0.0568 -0.36342,0.14764 -0.29527,0.0568 -0.12493,-0.10221 -0.21578,-0.0341 -0.10221,-0.36342 -0.20443,-0.22714 -0.0909,-0.37478 0.29528,-0.54513 0.19306,-0.5792 0.0795,-0.51106 -0.28392,-0.5792 -0.19307,-0.34071 -0.21578,-0.52242 0.0454,-0.43156 -0.0114,-0.36342 -0.39749,0.14764 -0.11357,-0.28392 0.0681,-0.52242 0.19307,-0.69277 0.19307,-0.5792 0.12492,-0.59056 0.0568,-0.19306 0.14764,-0.40885 0.10221,-0.67006 0.20442,-0.63598 -0.19306,-0.61327 -0.318,-0.43157 -0.28392,-0.53377 0.32935,-0.54513 0.2385,-0.51106 0.37477,-0.29528 0.56785,-0.40885 0.0795,-0.39749 0.0454,-0.52242 0.11357,-0.29527 -0.24985,-0.53378 0.0454,-0.39749 0.20442,-0.56784 -0.26121,-0.0341 -0.72684,0.37477 -0.4202,0.21578 -0.60192,0.159 -0.18171,-0.18171 -0.17035,-0.21578 -0.0795,-0.72684 0.0227,-0.14764 0.10221,-0.52242 0.27256,-0.10221 0.28392,-0.38613 -0.12492,-0.318 h -0.46563 l -0.46564,0.17036 -0.29527,0.54513 -0.0454,0.59056 0.0113,0.40884 -0.15899,0.37478 -0.45428,-0.0909 -0.27256,-0.40885 -0.42021,-0.53378 -0.46563,-0.44291 -0.159,-0.32935 -0.13628,-0.80634 -0.44292,-0.48835 -0.26121,-0.48835 -0.0568,-0.52241 0.22714,-0.54513 0.0341,-1.26062 0.0908,-0.3407 -0.19306,-0.45428 -0.0795,-0.45427 -0.0909,-0.46564 -0.13628,-0.60191 -0.30664,-0.53382 -0.35206,-0.6587 -0.32935,-0.20442 -0.38613,-0.32935 -0.44292,-0.49971 -0.31799,-0.43156 -0.14764,-0.38613 0.35206,-0.0795 0.13628,-0.26121 -0.0568,-0.60191 -0.12493,-0.72684 -0.48834,-0.28393 -0.44292,-0.20442 -0.62463,-0.32935 -0.5792,-0.36342 -0.38614,-0.30664 -0.56784,-0.60191 -0.44292,-0.0795 -0.32935,-0.27257 -0.32935,-0.31799 -0.28392,-0.0681 -0.39749,-0.23849 -0.31799,-0.34071 -0.24986,-0.29528 -0.62462,-0.60191 -0.34071,-0.38614 0.26121,-0.20442 0.4997,0.0568 0.62463,-0.26121 0.19307,-0.59055 v -0.71549 l 0.17035,-0.62463 v -0.72684 l -0.17035,-0.52241 0.12492,-0.14764 0.10221,-0.72684 0.18171,-0.70413 -0.11357,-0.64734 -0.0681,-0.69277 0.24986,-0.37478 0.15899,-0.67006 -0.0341,-0.68141 -0.13628,-0.59056 0.24985,-0.64734 0.0795,-0.28392 -0.17036,-0.37478 -0.56784,-0.2385 -0.47699,-0.18171 -0.13628,-0.3407 -0.0114,-1.11298 0.14764,-0.29528 -0.0681,-0.52241 -0.0795,-0.44292 -0.0681,-0.36342 0.18171,-0.43156 -0.0114,-0.39749 -0.0227,-0.21579 -0.26121,-0.2612 -0.0114,-0.64735 -0.60191,-0.0454 -0.21578,-3.33893 0.0227,0.0114 0.0114,0.0114 0.0227,0.0341 0.0341,0.0227 0.45428,0.21578 0.40885,0.26121 0.40885,0.28392 0.24985,0.2385 0.31799,0.23849 0.47699,0.24985 0.45427,0.22714 0.46564,0.19307 0.68141,0.24985 0.39749,0.0568 0.42021,0.0795 0.46563,0.0909 0.52241,0.20442 0.51106,0.35206 12.20866,4.12255 2.52123,1.09026 1.18111,0.49971 2.44173,0.9994 v 0 l 2.14645,0.90855 1.34012,-0.56784 0.37477,-0.27257 0.42021,-0.0113 z"
       id="Guerou"
       style="fill:#cccccc;fill-opacity:1;stroke:#ffffff;stroke-width:1.13569;stroke-opacity:1"
       inkscape:label="Guerou - گرو" />
    <path
       d="m 681.26273,681.94123 -2.72565,13.4352 -5.06517,27.2906 -0.56785,2.71429 -0.0795,0.88584 -0.19307,0.96533 -0.20443,0.71549 -0.0341,0.40885 -0.15899,0.29528 -0.0681,0.39749 0.21578,0.68141 0.15899,0.27257 0.24986,0.28392 0.24985,0.44292 0.20442,0.48834 0.32935,0.54513 0.159,0.40885 0.15899,0.40885 0.0681,0.27256 0.0568,0.36342 0.11357,0.35207 0.0454,0.46563 -0.0682,0.43156 -0.0341,0.30664 -0.0113,0.3407 0.0454,0.63599 -0.13628,0.47699 0.0227,0.53377 0.0681,0.46563 0.0795,0.34071 0.28393,0.63599 0.27256,0.64734 0.12493,0.45427 0.0795,0.21579 0.19306,0.31799 0.24985,0.35206 0.20443,0.53378 0.13628,0.37477 0.14764,0.38614 0.28392,0.4202 0.37478,0.6587 0.0795,0.61327 -6.20086,6.14408 -12.91278,0.24985 -17.46689,16.27442 -5.17874,-10.00542 0.63598,-0.44292 0.6587,-0.38613 0.60192,-0.38614 0.48834,-0.45427 0.29528,-0.21578 0.55649,-0.14764 0.7382,-0.22714 0.70413,-0.11357 0.47698,-0.0681 0.45428,-0.32935 0.0114,-0.56784 -0.0114,-0.60192 0.18171,-0.46563 0.31799,-0.26121 0.0114,-0.52242 0.0227,-0.70412 0.318,-0.17036 0.32935,-0.28392 0.35206,-0.37478 0.31799,-0.31799 0.24985,-0.45427 0.35207,-0.318 0.39749,-0.23849 0.35206,-0.27257 -0.0795,-0.27256 -0.22713,-0.18171 -0.30664,-0.19307 -0.22714,-0.35206 v -0.21578 l -0.35206,-0.0227 -0.42021,-0.0909 -0.21578,-0.2385 -0.27256,-0.53377 -0.18171,-0.35206 -0.21578,-0.40885 0.30663,-0.0454 0.42021,-0.0795 0.0908,-0.44292 -0.27256,-0.48834 -0.44292,-0.55649 -0.28392,-0.55649 -0.0227,-0.52241 0.40885,0.0795 0.76091,0.45428 0.318,0.11357 0.39749,-0.13628 -0.12493,-0.36342 -0.24985,-0.43157 -0.22714,-0.55648 -0.159,-0.42021 -0.0341,-0.4997 0.21579,-0.43156 0.40884,-0.0227 0.26121,0.11357 0.19307,0.22714 0.18171,0.32935 0.17035,0.31799 0.42021,0.24985 0.47699,0.13629 0.31799,0.14764 0.28392,0.0908 0.22714,-0.11357 -0.12493,-0.29528 -0.11357,-0.55648 -0.0227,-0.34071 0.12493,-0.31799 0.11356,-0.24986 0.3975,-0.29527 0.30663,-0.11357 0.19307,-0.29528 -0.11357,-0.53378 -0.29528,-0.24985 -0.26121,-0.12492 -0.32935,-0.14764 -0.39749,0.0227 -0.20442,0.22714 -0.69277,0.0795 -0.19307,-0.0114 -0.38613,0.0909 -0.10222,0.13628 0.0341,0.19307 0.0568,0.30663 0.0568,0.34071 -0.3407,-0.0114 -0.0454,-0.11357 -0.17035,-0.23849 -0.24985,-0.13629 -0.28393,-0.0227 -0.26121,0.0909 -0.29527,0.13628 -0.42021,0.12492 -0.26121,-0.0227 -0.0341,-0.19307 0.27257,-0.14764 0.0795,-0.14764 -0.14764,-0.14764 -0.24986,-0.20442 -0.14764,-0.35206 0.0227,-0.38614 0.21578,-0.0341 0.20442,0.13629 0.20443,0.2612 0.24985,0.0341 0.20442,-0.31799 0.0227,-0.39749 -0.14764,-0.35206 -0.27257,-0.53378 -0.0681,-0.28392 0.0681,-0.28392 0.159,0.0227 0.21578,-0.0681 0.12492,-0.0454 0.17036,0.0681 0.24985,0.14763 0.159,0.14764 0.14764,0.28393 0.0681,0.2612 0.0568,0.2385 0.18171,0.17035 0.21578,-0.10221 0.28392,-0.36342 0.21579,-0.17035 0.21578,-0.10221 0.36342,-0.14764 0.24985,-0.13629 0.29528,-0.0113 0.22713,0.11357 0.3975,0.11356 0.24985,-0.22713 0.3407,-0.44292 0.36342,-0.46563 0.34071,-0.17036 0.45428,-0.17035 0.35206,-0.14764 0.40885,-0.26121 0.4202,-0.22714 0.318,-0.0681 0.0681,-0.0454 0.23849,-0.14764 0.30664,-0.2612 -0.12493,-0.318 -0.0114,-0.0568 -0.14764,-0.21578 -0.79498,-1.1584 -0.0795,-0.24986 -0.0341,-0.0909 -0.0341,-0.10221 -0.0454,-0.10221 -0.0568,-0.0909 -0.0795,-0.0681 -0.0795,-0.0795 -0.0568,-0.0795 -0.0341,-0.0568 v -0.11357 l 0.0114,-0.12493 -0.0114,-0.15899 -0.0454,-0.11357 -0.0341,-0.0568 -0.0114,-0.0681 v -0.0908 l 0.0227,-0.0795 0.0681,-0.0568 0.0795,-0.0568 0.20442,-0.13628 0.0795,-0.0227 0.0681,0.0114 0.0454,-0.0341 v -0.0681 l -0.0114,-0.0795 -0.0795,-0.0568 -0.0795,-0.0909 -0.10222,-0.0681 -0.0341,-0.10221 -0.0341,-0.0341 -0.0227,-0.0341 -0.0454,-0.0454 -0.0341,-0.0454 -0.0341,-0.0681 -0.0341,-0.0568 -0.0341,-0.0454 -0.52242,-0.8177 -0.0908,-0.10221 -0.13629,-0.13628 -0.0681,-0.0568 -0.0681,-0.0795 -0.0795,-0.0681 -0.0341,-0.0568 -0.0227,-0.0568 v -0.0681 l 0.0568,-0.0227 0.0341,-0.0795 0.0227,-0.0909 0.0113,-0.0568 -0.0341,-0.0454 -0.0454,-0.0341 h -0.0454 l -0.11357,0.0227 -0.0909,0.0681 -0.0454,0.0454 -0.0454,0.0341 -0.0454,0.0454 -0.0795,0.0114 -0.0909,0.0114 -0.12493,0.0454 h -0.10221 l -0.0454,-0.0227 -0.0681,-0.0341 -0.0681,-0.0568 -0.0114,-0.0568 0.0795,-0.0341 0.0795,-0.0113 0.14764,-0.11357 0.0909,-0.0454 0.0681,-0.0454 v -0.10221 l -0.0227,-0.0681 -0.0113,-0.0227 -0.0454,-0.0454 -0.0227,-0.0454 -0.0454,-0.0681 -0.0795,-0.10221 -0.0681,-0.0795 -0.0568,-0.10221 -0.0341,-0.10222 v -0.10221 l -0.0227,-0.11357 -0.0454,-0.0909 -0.0454,-0.0568 -0.0795,-0.10221 -0.0909,-0.13628 -0.0795,-0.10221 -0.0681,-0.0568 -0.0454,-0.0681 -0.0795,-0.0681 -0.0681,-0.0795 -0.0795,-0.0568 -0.10222,-0.0454 -0.15899,-0.0681 -0.0341,-0.0454 -0.0341,-0.12492 -0.0114,-0.0795 -0.0341,-0.0795 -0.0795,-0.0795 -0.0909,-0.10221 -0.31799,-0.36342 -0.0454,-0.0568 -0.13628,-0.11357 -0.0795,-0.0341 -0.10221,-0.0227 h -0.12492 l -0.159,0.0227 -0.159,0.0227 -0.0908,0.0113 -0.0909,-0.0227 -0.11357,-0.0227 -0.0454,-0.0681 0.0681,-0.0795 0.11357,-0.0681 0.10221,-0.0568 0.12492,-0.10221 0.0568,-0.10221 0.0908,-0.0909 0.0227,-0.0568 -0.0454,-0.0795 -0.0795,-0.0795 -0.0341,-0.0341 -0.0454,-0.0454 -0.18171,-0.21578 -0.10221,-0.0454 -0.0795,0.0568 -0.0681,0.0341 -0.12492,0.0114 -0.10222,-0.0227 0.0227,-0.0795 0.0568,-0.10222 0.0114,-0.0681 -0.0114,-0.0908 -0.0568,-0.10221 -0.0114,-0.11357 0.0341,-0.0568 0.11357,-0.0227 -0.0341,-0.0568 -0.0909,-0.0795 v 0 l -0.0113,-0.0114 -0.10221,-0.13628 -0.0454,-0.11357 -0.0341,-0.0681 -0.0568,-0.0795 -0.0795,-0.10221 -0.0909,-0.14764 -0.0454,-0.0568 -0.12492,-0.0795 v 0 l -0.0341,-0.0113 -0.0909,-0.0681 -0.0795,-0.0568 -0.0795,-0.0795 -0.0909,-0.0681 -0.0909,-0.0681 -0.11356,-0.0568 -0.19307,-0.11357 -0.0795,-0.0454 -0.0795,-0.0568 -0.11357,-0.0909 -0.0454,-0.0454 -0.0227,-0.0568 -0.0341,-0.0681 -0.0341,-0.0795 -0.0568,-0.0795 -0.0341,-0.0681 -0.21579,-0.21578 -0.0341,-0.0909 -0.0795,-0.12492 -0.0341,-0.10222 -0.0681,-0.0909 -0.0341,-0.0909 -0.0681,-0.11356 -0.0454,-0.0795 -0.0341,-0.12493 -0.0227,-0.10221 -0.0341,-0.0909 0.0114,-0.0795 -0.0114,-0.0681 -0.0114,-0.0681 -0.17035,-0.22713 -0.0454,-0.0681 -0.0454,-0.0795 -0.0113,-0.11357 0.0227,-0.12493 0.0454,-0.0909 0.0795,-0.0795 0.14764,-0.10221 0.10221,-0.0114 0.11357,0.0114 0.0909,0.0227 0.0681,0.0114 0.12493,0.0454 0.11357,0.0681 0.0795,0.0908 0.10221,0.10221 0.13628,0.0909 0.17035,0.11357 0.0909,0.0454 0.18171,-0.0114 0.11357,0.0227 0.10221,0.0227 0.11357,0.0113 0.10221,0.0454 0.17035,0.0227 v 0 l 0.10222,-0.0341 0.14764,-0.10221 0.10221,-0.0795 0.0908,-0.13628 0.13629,-0.20442 0.18171,-0.28393 0.19306,-0.63598 -0.0454,-0.18171 -0.0114,-0.0568 0.0454,-0.15899 0.14764,-0.67006 -0.29528,-0.31799 -0.48835,-0.24985 -0.26121,-0.17036 -0.29528,-0.17035 -0.46563,-0.11357 -0.13628,-0.12492 -0.20443,-0.2385 -0.46563,-0.21578 -0.53377,-0.0795 -0.32935,-0.26121 -0.19307,-0.19306 -0.32935,-0.2385 -0.14764,-0.20442 -0.26121,-0.24985 -0.18171,-0.17036 -0.15899,-0.15899 -0.17036,-0.20443 -0.15899,-0.18171 -0.159,-0.31799 -0.29528,-0.43156 -0.30663,-0.46563 -0.0341,-0.24986 -0.0114,-0.3407 -0.0681,-0.22714 -0.0681,-0.30664 -0.11357,-0.40884 -0.10221,-0.26121 -0.0114,-0.0341 -0.36342,-0.11357 h -0.29528 l -0.47699,0.0681 -0.44292,-0.0114 -0.36342,-0.17035 -0.18171,-0.35206 0.0909,-0.32935 0.14764,-0.29528 0.29527,-0.37478 0.159,-0.21578 0.17035,-0.28392 0.18171,-0.46563 0.0568,-0.27257 0.24985,-0.53377 0.46563,-0.40885 0.38614,-0.20443 0.24985,-0.0227 0.43156,-0.12493 0.29528,-0.0113 0.67005,-0.39749 -0.0568,-0.13629 h -0.24985 l -0.35206,-0.3407 -0.17036,-0.29528 -0.0909,-0.34071 0.0795,-0.31799 0.0795,-0.30664 0.0795,-0.30663 -0.0795,-0.24985 -0.0568,-0.55649 -0.0454,-0.31799 -0.0227,-0.35207 0.18171,0.0341 0.14764,0.11357 0.15899,0.18171 0.20443,0.0909 0.27256,0.0341 0.32935,0.0681 0.2385,-0.0227 0.4997,0.35206 0.53377,-0.12493 0.24986,-0.23849 0.32935,-0.2385 0.40884,-0.20442 0.0114,0.32935 0.36342,0.59056 0.28392,0.22714 0.32935,0.15899 0.0909,-0.22714 -0.0114,-0.29528 -0.10221,-0.22713 -0.12493,-0.43156 -0.0908,-0.37478 0.0227,-0.2385 0.159,-0.40884 0.24985,-0.35207 0.29528,-0.31799 v -0.28392 l 0.0795,-0.37478 0.60191,-0.19307 0.28392,-0.15899 0.36342,-0.0909 0.13629,0.20443 0.0568,0.15899 0.35206,0.12493 0.2385,0.0227 h 0.23849 0.18171 l 0.34071,-0.0568 0.40885,-0.159 0.5792,-0.22714 0.40885,-0.14764 0.35206,-0.0795 0.70413,-0.18171 0.39749,-0.10222 0.30663,0.12493 0.318,0.19307 0.4202,0.36342 0.2385,0.20442 0.28392,0.22714 0.17035,0.0909 0.11357,0.159 0.21578,0.19307 0.14764,-0.11357 0.48835,-0.318 0.53377,-0.14763 0.40885,-0.0114 0.23849,-0.0227 0.39749,0.0568 h 0.159 l 0.36342,0.0909 0.10221,0.24986 0.0909,0.3407 -0.10221,0.44292 -0.0454,0.29528 0.4202,0.23849 0.19307,-0.11356 0.40885,-0.34071 0.27256,-0.14764 0.2385,-0.13628 0.32935,-0.22714 0.37478,-0.29528 0.30663,-0.21578 0.51106,-0.14764 0.32935,-0.0795 0.39749,-0.0795 0.22714,-0.12492 0.36342,-0.28392 0.21578,-0.27257 0.45428,-0.44292 0.3407,-0.27256 0.59056,-0.37478 0.4997,-0.14764 0.32935,0.0227 0.36342,0.159 0.28393,0.22714 h 0.40884 l 0.35207,-0.0681 0.51106,-0.0454 0.39749,-0.0681 0.47699,0.0227 0.32935,0.0909 0.3407,0.37477 0.0568,0.37478 0.23849,0.0341 0.21578,-0.18171 0.14764,-0.17035 0.0454,-0.30664 -0.0227,-0.26121 -0.159,-0.38613 -0.13628,-0.35206 -0.19307,-0.43157 -0.0795,-0.4997 0.20443,-0.17035 0.17035,-0.14764 0.30664,-0.29528 0.47699,-0.22714 0.28392,-0.27256 0.45427,-0.45428 0.38614,-0.32935 0.27256,-0.23849 0.21578,-0.49971 -0.40884,-0.28392 -0.40885,0.21578 -0.37478,0.24985 -0.62463,0.2385 -0.56784,0.28392 h -0.27257 l -0.12492,-0.18171 -0.0568,-0.34071 0.17035,-0.2612 0.44292,-0.46564 0.62463,-0.70412 0.32935,-0.37478 0.48835,-0.48835 0.30663,-0.45427 0.21578,-0.53378 0.3975,-0.48834 0.37477,-0.318 0.28393,-0.51105 0.31799,-0.85177 0.32935,-0.31799 0.32935,-0.32935 0.55648,-0.59056 0.45428,-0.27257 0.54513,-0.15899 0.59056,-0.0227 0.37478,-0.0227 0.32935,-0.48835 0.14764,-0.28392 0.12492,-0.27256 0.21578,-0.38614 0.61327,-0.40885 0.40885,-0.0795 0.4997,-0.22714 0.48835,-0.19307 0.37478,-0.159 0.61327,-0.31799 0.4202,-0.18171 0.48835,-0.23849 0.38613,-0.18171 0.55649,0.0454 0.2385,0.159 0.31799,0.29528 0.159,0.37478 0.39749,0.20442 h 0.36342 l 0.36342,-0.159 0.31799,-0.27256 0.55649,-0.29528 0.3407,-0.18171 0.59056,-0.35206 0.28392,-0.28393 0.34071,-0.27256 z"
       id="Boumdeid"
       style="fill:#cccccc;fill-opacity:1;stroke:#ffffff;stroke-width:1.13569;stroke-opacity:1"
       inkscape:label="Boumdeid - بومديد" />
    <path
       d="m 579.64132,762.04135 1.03347,-0.0341 3.40707,0.10221 0.21578,3.33893 0.60191,0.0454 0.0114,0.64735 0.26121,0.2612 0.0227,0.21579 0.0114,0.39749 -0.18171,0.43156 0.0681,0.36342 0.0795,0.44292 0.0681,0.52241 -0.14764,0.29528 0.0114,1.11298 0.13628,0.3407 0.47699,0.18171 0.56784,0.2385 0.17036,0.37478 -0.0795,0.28392 -0.24985,0.64734 0.13628,0.59056 0.0341,0.68141 -0.15899,0.67006 -0.24986,0.37478 0.0681,0.69277 0.11357,0.64734 -0.18171,0.70413 -0.10221,0.72684 -0.12492,0.14764 0.17035,0.52241 v 0.72684 l -0.17035,0.62463 v 0.71549 l -0.19307,0.59055 -0.62463,0.26121 -0.4997,-0.0568 -0.26121,0.20442 0.34071,0.38614 0.62462,0.60191 0.24986,0.29528 0.31799,0.34071 0.39749,0.23849 0.28392,0.0681 0.32935,0.31799 0.32935,0.27257 0.44292,0.0795 0.56784,0.60191 0.38614,0.30664 0.5792,0.36342 0.62463,0.32935 0.44292,0.20442 0.48834,0.28393 0.12493,0.72684 0.0568,0.60191 -0.13628,0.26121 -0.35206,0.0795 0.14764,0.38613 0.31799,0.43156 0.44292,0.49971 0.38613,0.32935 0.32935,0.20442 0.35206,0.6587 0.30664,0.53382 0.13628,0.60191 0.0909,0.46564 0.0795,0.45427 0.19306,0.45428 -0.0908,0.3407 -0.0341,1.26062 -0.22714,0.54513 0.0568,0.52241 0.26121,0.48835 0.44292,0.48835 0.13628,0.80634 0.159,0.32935 0.46563,0.44291 0.42021,0.53378 0.27256,0.40885 0.45428,0.0909 0.15899,-0.37478 -0.0113,-0.40884 0.0454,-0.59056 0.29527,-0.54513 0.46564,-0.17036 h 0.46563 l 0.12492,0.318 -0.28392,0.38613 -0.27256,0.10221 -0.10221,0.52242 -0.0227,0.14764 0.0795,0.72684 0.17035,0.21578 0.18171,0.18171 0.60192,-0.159 0.4202,-0.21578 0.72684,-0.37477 0.26121,0.0341 -0.20442,0.56784 -0.0454,0.39749 0.24985,0.53378 -0.11357,0.29527 -0.0454,0.52242 -0.0795,0.39749 -0.56785,0.40885 -0.37477,0.29528 -0.2385,0.51106 -0.32935,0.54513 0.28392,0.53377 0.318,0.43157 0.19306,0.61327 -0.20442,0.63598 -0.10221,0.67006 -0.14764,0.40885 -0.0568,0.19306 -0.12492,0.59056 -0.19307,0.5792 -0.19307,0.69277 -0.0681,0.52242 0.11357,0.28392 0.39749,-0.14764 0.0114,0.36342 -0.0454,0.43156 0.21578,0.52242 0.19307,0.34071 0.28392,0.5792 -0.0795,0.51106 -0.19306,0.5792 -0.29528,0.54513 0.0909,0.37478 0.20443,0.22714 0.10221,0.36342 0.21578,0.0341 0.12493,0.10221 0.29527,-0.0568 0.36342,-0.14764 0.26121,0.0568 0.20443,0.20442 0.31799,-0.27256 0.18171,-0.34071 -0.0114,-0.39749 -0.31799,-0.54513 -0.27256,-0.4997 -0.10222,-0.26121 0.17036,-0.34071 0.19306,-0.40885 0.14764,-0.53377 0.318,-0.27257 0.29527,0.0909 0.3975,0.12493 0.30663,-0.17036 0.28392,-0.22714 0.21578,-0.13628 0.19307,0.159 0.159,0.23849 0.29528,0.40885 0.11357,0.27257 0.0795,0.31799 0.0568,0.44292 v 0.40885 l 0.0341,0.36342 0.13628,0.40884 -0.22714,0.42021 -0.23849,0.30663 -0.0454,0.24986 -0.0795,0.21578 0.0795,0.38613 0.2385,0.34071 0.43156,0.37477 0.47699,0.44292 0.36342,0.42021 0.31799,0.36342 0.31799,0.46563 0.17036,0.28392 0.15899,0.37478 -0.38613,0.13628 -0.28392,0.0568 -0.37478,0.31799 -0.38613,0.21578 -0.27257,0.13628 -0.17035,0.45428 0.18171,0.43156 0.27256,0.42021 0.34071,0.32935 0.44292,0.28392 0.54513,0.0454 0.61327,-0.15899 0.46563,-0.10221 0.56785,0.10221 0.55648,0.18171 0.59056,-0.10221 0.46563,-0.318 0.42021,-0.29528 0.35206,-0.37477 0.21578,0.54513 0.21578,0.52241 0.24986,0.36343 0.45427,0.18171 0.26121,0.4202 0.0795,0.67006 0.0341,0.0454 0.0114,0.0114 0.0113,0.0227 -0.0795,0.45428 -0.27256,0.18171 -0.5792,0.20442 -0.44292,0.13629 -0.61327,0.15899 0.15899,0.48835 -0.0454,0.26121 -0.40885,0.24985 -0.32935,0.28392 -0.0909,0.43156 0.18171,0.34071 -0.14764,0.44292 -0.0568,0.5792 0.4202,-0.0341 0.29528,-0.12493 0.17036,0.17036 -0.27257,0.30663 -0.5792,0.59056 -0.22714,0.37478 -0.13628,0.6587 -0.0454,0.30663 -0.22714,0.59056 -0.13628,0.53377 -0.47699,0.38614 -0.62463,0.34071 -0.4997,0.37477 -0.29528,0.20443 -0.44292,0.53377 -0.10221,0.45428 0.12493,0.55648 0.13628,0.38614 0.17035,0.23849 0.32935,0.24985 -0.0795,0.34071 -0.17035,0.44292 -0.22714,0.35206 -0.14764,0.28392 -0.19306,0.13629 -0.27257,0.19306 -0.11357,0.12493 -0.15899,0.0795 -0.2385,0.38613 0.0114,0.53378 0.0568,0.37477 0.18171,0.318 0.29528,0.21578 0.30664,0.3407 0.0795,0.32935 -0.0681,0.40885 -0.24986,0.44292 -0.21578,0.19307 0.159,0.63598 0.13628,0.37478 0.0454,0.27256 -0.14764,0.36342 -0.0795,0.34071 0.0454,0.45428 0.13628,0.55648 0.0909,0.5792 0.26121,0.76092 0.22713,1.04483 0.12493,0.69277 -0.0114,0.47699 0.0341,0.55649 0.0681,0.35206 0.159,0.36342 0.0454,0.45428 -0.0114,0.37477 -0.19307,0.46564 -0.39749,0.39749 -0.54513,0.2612 -0.85176,0.0681 -0.87448,-0.0909 -0.7382,-0.26121 -0.0454,-0.40885 -0.10221,-0.37477 -0.17035,-0.37478 -0.26121,-0.38613 -0.56785,-0.53378 -0.27256,-0.40885 -0.61327,-0.56784 -0.61328,-0.27257 -0.6587,-0.3407 -0.4997,-0.26121 -0.47699,-0.18171 -0.77227,-0.19307 -0.60191,-0.20442 -0.59056,0.0681 -0.46563,0.34071 -0.40885,0.4202 -0.52242,-0.22714 -0.30663,-0.30663 -0.74956,-0.18171 -0.5792,-0.10221 -0.90855,-0.18171 -0.54513,-0.22714 -0.77227,0.18171 -0.64734,0.10221 -0.72684,-1.19247 -0.31799,-0.72684 -0.18171,-0.45428 0.14764,-0.46563 0.0568,-0.44292 -0.0114,-0.72684 -0.0909,-0.64734 -0.0454,-0.5792 -0.0795,-0.32935 0.0114,-0.80634 -0.0681,-0.51106 -0.0795,-0.53378 -0.159,-0.4997 -0.24985,-0.38613 -0.38613,-0.38614 -0.68142,-0.10221 -0.44291,0.0227 -0.68142,-0.20442 -0.3407,-0.14764 -0.29528,-0.32935 -0.19307,-0.26121 -0.36342,-0.29528 -0.28392,-0.11357 -0.52242,0.0454 -0.62463,0.14764 -0.43156,0.0795 -0.63598,0.159 -0.57921,0.17035 -0.5792,0.26121 -0.4202,0.30663 -0.55649,0.34071 -0.46563,0.52242 -0.55649,0.44292 -0.40885,0.40884 -0.31799,0.2385 -0.46563,0.15899 -0.62463,0.32935 -0.45428,0.318 -0.40884,0.31799 -0.34071,0.14764 -0.53377,0.13628 -0.42021,-0.10221 -0.32935,-0.35206 -0.11357,-0.45428 -0.0568,-0.4997 -0.159,-0.27257 0.14764,-0.96533 0.19307,-0.2385 -0.11357,-0.43156 -0.28392,-0.32935 -0.0227,-0.44292 0.20443,-0.27256 0.26121,-0.10221 0.2612,-0.0454 0.12493,-0.10221 0.26121,-0.12493 0.0341,-0.24985 -0.0114,-0.42021 0.0227,-0.40884 -0.0795,-0.40885 0.19306,-0.67006 0.26121,-0.46563 0.159,-0.32935 0.0568,-0.36342 0.0341,-0.69277 -0.10221,-0.56784 -0.0909,-0.47699 -0.11357,-0.64735 -0.28392,-0.95397 -0.28393,-0.71549 -0.0568,-0.53377 0.0681,-0.51106 -0.0454,-0.55649 0.19307,-0.64734 -0.18171,-0.72684 -0.4202,-0.38614 -0.35207,-0.72684 -0.37478,-0.39749 0.0795,-0.59056 0.19307,-0.4202 0.0568,-0.52242 -14.94566,-3.07771 -1.21518,-0.29528 -0.69277,-0.10222 -0.48835,-0.0681 -0.64734,0.47699 -0.5792,0.34071 -1.09027,0.85177 -0.4997,0.32935 -0.4202,0.36342 -1.11298,0.20442 -0.38613,-0.17035 -0.29528,-0.14764 -0.14764,-0.14764 -0.44292,-0.14764 -0.22714,0.0795 h -0.29528 l -0.44291,0.14764 -0.44292,0.0681 -0.32935,0.0454 -0.14764,-0.51106 -0.0795,-0.3407 -0.0114,-0.39749 0.14764,-0.2385 0.0795,-0.36342 -0.20442,-0.37478 -0.159,-0.23849 0.0227,-0.0795 0.36342,-0.27256 0.35207,-0.0795 0.3407,-0.17035 0.34071,-0.40885 0.17035,-0.19307 0.11357,-0.35206 0.11357,-0.38614 0.13628,-0.43156 0.0909,-0.22714 0.12493,-0.27256 0.18171,-0.29528 0.19306,-0.28392 0.0795,-0.35207 v -0.21578 l -0.0795,-0.21578 -0.10221,-0.18171 -0.11357,-0.17035 -0.13628,-0.0795 -0.17035,-0.0681 -0.29528,-0.21578 -0.28393,-0.29528 -0.17035,-0.36342 -0.0454,-0.35206 0.11357,-0.24986 -0.0113,-0.43156 -0.18171,-0.28392 -0.2385,-0.28392 -0.13628,-0.30664 -0.20443,-0.4997 -0.20442,-0.53377 -0.0227,-0.37478 -0.0681,-0.27257 -0.20443,-0.4202 -0.27256,-0.47699 -0.14764,-0.36342 -0.21578,-0.43156 -0.21578,-0.42021 -0.29528,-0.31799 -0.318,-0.19307 -0.35206,-0.19307 -0.34071,-0.10221 -0.36342,-0.0795 -0.35206,-0.0454 -0.40885,-0.0341 -0.31799,-0.13629 -0.28392,-0.2612 -0.32935,-0.30664 -0.37478,-0.30664 -0.23849,-0.23849 -0.26121,-0.32935 -0.17036,-0.31799 -0.0568,-0.35207 -0.0114,-0.43156 0.0227,-0.48834 0.0341,-0.30664 0.0454,-0.26121 0.0682,-0.48835 0.17035,-0.36342 0.18171,-0.32935 0.14764,-0.40884 0.0568,-0.48835 0.0114,-0.34071 0.0454,-0.31799 0.0113,-0.56784 v -0.0227 l 0.54513,-0.54513 0.0909,-0.45427 0.80634,-5.30367 -0.26121,-6.71196 v 0 0 l 0.159,-0.48835 0.14764,-0.52242 0.2612,-0.51106 0.36342,-0.51106 0.32935,-0.73819 0.2385,-0.51106 0.44292,-0.46564 0.70412,-0.79498 0.42021,-0.35206 0.60191,-0.60192 0.46564,-0.36342 0.45427,-0.29528 0.48835,-0.63598 0.39749,-0.42021 0.45427,-0.60191 0.72685,-0.63599 0.65869,-0.0454 0.71549,-0.0454 0.70413,0.10221 0.93126,0.0227 0.71548,-0.0568 0.85177,-0.159 0.55649,-0.17035 0.40885,-0.24985 0.56784,-0.38614 0.76091,-0.62462 0.8972,-0.38614 1.09026,-0.39749 0.52241,-0.26121 0.56785,-0.45427 0.53377,-0.64735 0.59056,-0.55648 0.51106,-0.38614 0.74955,-0.14764 h 0.64735 0.6587 l 0.67005,-0.19306 0.60192,-0.27257 0.71548,-0.35206 0.40885,-0.43156 0.10221,-0.34071 0.159,-0.60192 0.21578,-0.56784 0.29528,-0.52242 0.46563,-0.6587 0.4997,-0.6587 0.54513,-0.38613 0.45428,-0.36342 0.4997,-0.31799 0.29528,-0.11357 0.36342,-0.12493 0.56784,-0.0681 0.40885,0.0227 0.40885,-0.0341 0.34071,-0.22713 0.35206,-0.48835 0.54513,-0.37478 0.4997,-0.29528 0.44292,-0.32935 0.63599,-0.21578 0.46563,-0.17035 0.55649,-0.18171 0.4202,-0.29528 0.19307,-0.11357 0.64734,-0.0909 0.44292,0.0341 0.45428,0.0795 z"
       id="Barkéol"
       style="fill:#cccccc;fill-opacity:1;stroke:#ffffff;stroke-width:1.13569;stroke-opacity:1"
       inkscape:label="Barkéol - باركيول" />
    <path
       d="m 1022.0072,325.25552 -80.63594,180.29056 -1.1925,0.4997 -316.72258,14.55953 -17.20568,-17.46689 14.41189,-12.90142 -49.58417,-15.85421 0.18171,-2.74837 0.0681,-1.05619 0.0227,-0.86313 -0.0227,-1.1584 0.17035,-0.68141 0.0681,-0.93127 0.0909,-0.4202 0.35206,-0.76091 0.34071,-1.13569 0.40884,-0.88584 0.88584,-0.60191 0.63599,-0.68142 0.80634,-0.65869 0.19306,-0.95398 0.10221,-0.74956 0.0909,-1.0789 0.47699,-0.70413 0.53377,-0.47699 0.45428,-0.67005 56.27337,-11.89066 63.45092,-4.91754 315.37324,-203.16333 0.045,-0.0341 1.272,11.93609 5.633,50.73121 2.6007,21.91879 z"
       id="Ouadane"
       style="fill:#cccccc;fill-opacity:1;stroke:#ffffff;stroke-width:1.13569;stroke-opacity:1"
       inkscape:label="Ouadane - وادان" />
    <path
       d="m 940.17876,506.04578 -30.58546,69.36786 -230.72687,-0.0227 -29.89132,21.39637 -2.68023,17.00126 -11.07296,-4.69039 -5.63302,-2.37359 -14.3551,10.38019 -14.33239,-17.68267 -14.02576,-2.36223 -24.97379,-22.69106 -1.26061,-1.1584 -13.53741,-12.42444 -0.8177,-0.95397 -2.50987,-1.69218 2.18052,-2.62344 0.26121,-0.80634 0.55649,-1.36283 0.27256,-0.96533 0.30664,-1.07891 0.19307,-0.97669 0.0227,-1.03347 0.17035,-1.16976 0.11357,-1.15841 -0.61327,-0.95397 -0.4202,-0.78363 -0.2385,-0.6587 -0.59056,-0.91991 -1.03347,-1.09026 -0.43157,-1.22654 -0.14763,-1.27197 -0.0114,-1.15841 0.0341,-1.46503 0.51106,-0.95398 0.29528,-1.04484 v -1.26061 l -0.22714,-1.29469 -0.59056,-1.2379 -0.37478,-1.26061 -0.37477,-1.40825 -0.42021,-1.07891 -0.4997,-1.49911 -0.31799,-1.20383 0.0795,-1.16976 -0.12493,-0.97669 0.32935,-0.6587 0.82905,-1.16976 0.88584,-0.9994 0.59056,-0.45428 0.97669,-0.39749 1.32876,-0.52242 0.65869,-0.20442 0.52242,-0.59056 0.55649,-0.98805 0.4202,-0.88583 0.55649,-1.48776 0.13628,-1.16976 0.10222,-0.30663 0.39749,-0.27257 0.70412,-0.0113 1.3174,0.15899 0.28392,0.51106 0.53378,0.7382 0.64734,0.29528 0.96534,0.32935 1.1584,0.12492 1.18111,-0.0681 1.20383,-0.23849 1.26062,0.12492 1.13569,-0.2612 1.41961,-0.27257 1.0789,-0.27256 1.16976,-0.18171 1.46504,-0.318 4.27019,-17.89845 0.63598,-21.31687 49.58417,15.85421 -14.41189,12.90142 17.20568,17.46689 z"
       id="Chinguetti"
       style="fill:#cccccc;fill-opacity:1;stroke:#ffffff;stroke-width:1.13569;stroke-opacity:1"
       inkscape:label="Chinguetti - شنقيط" />
    <path
       d="m 550.2497,513.21198 0.23849,-0.6587 v -0.79498 l -0.4202,-0.5792 -0.36343,-0.27257 -0.40884,-0.0454 -0.38614,0.27257 -0.56784,0.38613 -0.59056,0.70413 -0.5792,0.70413 -0.68141,0.96533 -0.90855,0.68141 -0.59056,0.62463 -0.38614,0.51106 -0.46563,0.60192 -0.0681,0.69277 0.36342,0.29528 -0.10221,0.56784 0.3407,0.44292 -0.44291,0.59056 -0.45428,0.0227 -0.43156,-0.0341 -0.40885,0.17035 -0.26121,-0.53377 -0.13628,-0.27256 -0.22714,-0.37478 -0.43156,-0.22714 -0.43156,0.47699 -0.38614,0.51106 -0.28392,0.46563 0.0341,0.64734 0.69277,0.0341 0.77227,0.12492 0.19307,0.18171 -0.27257,0.43156 -0.52241,0.52242 -0.2385,0.7382 -0.23849,-0.10221 -0.68142,0.78362 h -0.64734 l -0.43156,-0.38613 -0.43156,0.76091 -0.18171,0.56784 -0.46563,0.0568 -0.29528,-0.35207 -0.19307,-0.47699 -0.8177,-0.18171 -0.84041,-0.11357 -0.44291,0.34071 0.13628,0.68141 -0.45428,0.0454 -0.35206,-0.36342 -0.69277,-0.11357 -0.159,0.48835 0.36342,0.87448 -0.64734,-0.0795 -1.1584,-0.47699 -0.48835,0.37478 -0.80634,0.43156 -0.74955,0.0114 -0.82905,0.37477 -0.79499,0.2385 -0.0227,0.60191 0.36342,0.74956 -0.23849,0.35206 -0.76092,-0.29528 -0.30663,-0.54513 -0.35206,-0.15899 -0.43157,0.69277 -0.2612,0.76091 -0.35207,0.11357 -0.61327,0.0681 -0.24985,0.55649 0.10221,0.65869 -0.13628,0.56785 -0.6587,0.48834 -0.8177,0.34071 -0.43156,0.78363 -0.32935,0.86312 -0.0795,0.43156 -0.46563,0.31799 -0.90855,0.59056 -0.64734,0.77227 -1.02212,0.91991 -1.12433,0.70413 -0.68142,0.69277 -0.97669,1.40825 -0.81769,1.29468 -0.86313,1.26062 -0.94262,1.02212 -1.20383,1.2379 -0.77227,0.55649 -1.22654,0.68141 -0.31799,0.95398 -0.93127,0.91991 -1.09026,0.88583 -0.59056,1.15841 -0.68141,0.89719 -5.5308,6.04186 2.12373,4.52004 -1.28333,1.43097 -0.61327,0.26121 -0.35206,-0.44292 -0.45428,0.24985 -1.49911,1.02212 -0.93126,0.72684 -0.84041,0.71549 -0.86312,0.61327 v 1.0789 l -0.5792,0.5792 -0.95398,0.80634 -0.82905,0.38614 -0.90856,0.64734 -0.72684,0.67006 -0.79498,0.5792 -0.60191,0.23849 -0.64735,0.68141 -1.0789,0.53378 -1.55589,0.45427 -0.85177,0.34071 -0.91991,0.20442 -1.01076,-0.14764 -0.70413,-0.0341 -0.80634,0.0682 -1.29468,0.3407 -0.93127,0.12493 -0.98805,0.23849 -7.12076,2.73701 -1.01077,0.51106 -0.30663,0.63599 -1.24926,0.0454 -1.09026,0.32935 -11.75438,5.61031 -0.46563,0.24985 -3.03229,-8.51767 -6.79142,-68.41388 -0.11356,-15.89964 26.8136,-16.64919 5.67845,-3.52064 0.59055,-9.85778 0.0114,-0.29527 10.74362,-0.0114 13.25348,-0.0227 25.28043,-0.0227 -2.08967,-17.78488 0.90855,0.4202 46.81309,16.21764 -0.45428,0.67005 -0.53377,0.47699 -0.47699,0.70413 -0.0909,1.0789 -0.10221,0.74956 -0.19306,0.95398 -0.80634,0.65869 -0.63599,0.68142 -0.88584,0.60191 -0.40884,0.88584 -0.34071,1.13569 -0.35206,0.76091 -0.0909,0.4202 -0.0681,0.93127 -0.17035,0.68141 0.0227,1.1584 -0.0227,0.86313 -0.0681,1.05619 -0.18171,2.74837 -0.63598,21.31687 -4.27019,17.89845 -1.46504,0.318 -1.16976,0.18171 -1.0789,0.27256 -1.41961,0.27257 -1.13569,0.2612 -1.26062,-0.12492 -1.20383,0.23849 -1.18111,0.0681 -1.1584,-0.12492 -0.96534,-0.32935 -0.64734,-0.29528 -0.53378,-0.7382 -0.28392,-0.51106 -1.3174,-0.15899 -0.70412,0.0113 z"
       id="Atar"
       style="fill:#cccccc;fill-opacity:1;stroke:#ffffff;stroke-width:1.13569;stroke-opacity:1"
       inkscape:label="Atar - أطار" />
    <path
       d="m 615.2338,617.10477 -35.60384,21.58944 -23.86082,25.08736 -39.45382,-32.56019 -0.20442,-0.17035 h -9.31265 l -37.61401,-0.0341 -31.10651,-0.0341 3.33893,-31.78793 18.00066,-16.13813 -0.54513,-1.53318 0.46563,-0.24985 11.75438,-5.61031 1.09026,-0.32935 1.24926,-0.0454 0.30663,-0.63599 1.01077,-0.51106 7.12076,-2.73701 0.98805,-0.23849 0.93127,-0.12493 1.29468,-0.3407 0.80634,-0.0682 0.70413,0.0341 1.01076,0.14764 0.91991,-0.20442 0.85177,-0.34071 1.55589,-0.45427 1.0789,-0.53378 0.64735,-0.68141 0.60191,-0.23849 0.79498,-0.5792 0.72684,-0.67006 0.90856,-0.64734 0.82905,-0.38614 0.95398,-0.80634 0.5792,-0.5792 v -1.0789 l 0.86312,-0.61327 0.84041,-0.71549 0.93126,-0.72684 1.49911,-1.02212 0.45428,-0.24985 0.35206,0.44292 0.61327,-0.26121 1.28333,-1.43097 -2.12373,-4.52004 5.5308,-6.04186 0.68141,-0.89719 0.59056,-1.15841 1.09026,-0.88583 0.93127,-0.91991 0.31799,-0.95398 1.22654,-0.68141 0.77227,-0.55649 1.20383,-1.2379 0.94262,-1.02212 0.86313,-1.26062 0.81769,-1.29468 0.97669,-1.40825 0.68142,-0.69277 1.12433,-0.70413 1.02212,-0.91991 0.64734,-0.77227 0.90855,-0.59056 0.46563,-0.31799 0.0795,-0.43156 0.32935,-0.86312 0.43156,-0.78363 0.8177,-0.34071 0.6587,-0.48834 0.13628,-0.56785 -0.10221,-0.65869 0.24985,-0.55649 0.61327,-0.0681 0.35207,-0.11357 0.2612,-0.76091 0.43157,-0.69277 0.35206,0.15899 0.30663,0.54513 0.76092,0.29528 0.23849,-0.35206 -0.36342,-0.74956 0.0227,-0.60191 0.79499,-0.2385 0.82905,-0.37477 0.74955,-0.0114 0.80634,-0.43156 0.48835,-0.37478 1.1584,0.47699 0.64734,0.0795 -0.36342,-0.87448 0.159,-0.48835 0.69277,0.11357 0.35206,0.36342 0.45428,-0.0454 -0.13628,-0.68141 0.44291,-0.34071 0.84041,0.11357 0.8177,0.18171 0.19307,0.47699 0.29528,0.35207 0.46563,-0.0568 0.18171,-0.56784 0.43156,-0.76091 0.43156,0.38613 h 0.64734 l 0.68142,-0.78362 0.23849,0.10221 0.2385,-0.7382 0.52241,-0.52242 0.27257,-0.43156 -0.19307,-0.18171 -0.77227,-0.12492 -0.69277,-0.0341 -0.0341,-0.64734 0.28392,-0.46563 0.38614,-0.51106 0.43156,-0.47699 0.43156,0.22714 0.22714,0.37478 0.13628,0.27256 0.26121,0.53377 0.40885,-0.17035 0.43156,0.0341 0.45428,-0.0227 0.44291,-0.59056 -0.3407,-0.44292 0.10221,-0.56784 -0.36342,-0.29528 0.0681,-0.69277 0.46563,-0.60192 0.38614,-0.51106 0.59056,-0.62463 0.90855,-0.68141 0.68141,-0.96533 0.5792,-0.70413 0.59056,-0.70413 0.56784,-0.38613 0.38614,-0.27257 0.40884,0.0454 0.36343,0.27257 0.4202,0.5792 v 0.79498 l -0.23849,0.6587 -0.10222,0.30663 -0.13628,1.16976 -0.55649,1.48776 -0.4202,0.88583 -0.55649,0.98805 -0.52242,0.59056 -0.65869,0.20442 -1.32876,0.52242 -0.97669,0.39749 -0.59056,0.45428 -0.88584,0.9994 -0.82905,1.16976 -0.32935,0.6587 0.12493,0.97669 -0.0795,1.16976 0.31799,1.20383 0.4997,1.49911 0.42021,1.07891 0.37477,1.40825 0.37478,1.26061 0.59056,1.2379 0.22714,1.29469 v 1.26061 l -0.29528,1.04484 -0.51106,0.95398 -0.0341,1.46503 0.0114,1.15841 0.14763,1.27197 0.43157,1.22654 1.03347,1.09026 0.59056,0.91991 0.2385,0.6587 0.4202,0.78363 0.61327,0.95397 -0.11357,1.15841 -0.17035,1.16976 -0.0227,1.03347 -0.19307,0.97669 -0.30664,1.07891 -0.27256,0.96533 -0.55649,1.36283 -0.26121,0.80634 -2.18052,2.62344 2.50987,1.69218 0.8177,0.95397 13.53741,12.42444 1.26061,1.1584 24.97379,22.69106 14.02576,2.36223 z"
       id="Aoujeft"
       style="fill:#cccccc;fill-opacity:1;stroke:#ffffff;stroke-width:1.13569;stroke-opacity:1"
       inkscape:label="Aoujeft - أوجفت" />
  </g>
</svg>