<svg
   width="825"
   height="750"
   viewBox="0 0 825 750"
   stroke-linecap="round"
   stroke-linejoin="round"
   inkscape:export-filename="nam_admbnda_adm2_nsa_ocha_20200109.png"
   inkscape:export-xdpi="349.09091"
   inkscape:export-ydpi="349.09091"
   xmlns:inkscape="http://www.inkscape.org/namespaces/inkscape"
   xmlns:sodipodi="http://sodipodi.sourceforge.net/DTD/sodipodi-0.dtd"
   xmlns:xlink="http://www.w3.org/1999/xlink"
   xmlns="http://www.w3.org/2000/svg"
   xmlns:svg="http://www.w3.org/2000/svg">
  <defs
     id="defs107">
  </defs>
  <sodipodi:namedview
     id="namedview107"
     pagecolor="#ffffff"
     bordercolor="#000000"
     borderopacity="0.25"
     inkscape:showpageshadow="2"
     inkscape:pageopacity="0.0"
     inkscape:pagecheckerboard="0"
     inkscape:deskcolor="#d1d1d1"
     inkscape:zoom="0.69671761"
     inkscape:cx="349.49598"
     inkscape:cy="450.68475"
     inkscape:window-width="1472"
     inkscape:window-height="891"
     inkscape:window-x="0"
     inkscape:window-y="37"
     inkscape:window-maximized="1"
     inkscape:current-layer="g107"
     inkscape:export-bgcolor="#ffffffff"
     showguides="false" />
  <g
     style="fill:#b3b3b3;stroke:#ffffff;stroke-width:0.5;stroke-dasharray:none;stroke-opacity:1"
     transform="translate(-2.3652318,19.825)"
     inkscape:label="Constituencies">
    <polygon
       fill="#ebcef2"
       points="615.516,553.052 613.036,543.302 608.876,546.672 603.676,541.743 609.396,538.623 606.666,537.062 603.195,531.583 619.275,530.882 634.586,535.072 637.416,543.552 643.556,543.942 645.506,540.822 644.636,540.433 646.286,533.802 649.405,534.493 673.405,537.612 673.105,534.683 680.036,533.612 684.976,530.882 685.065,536.672 691.695,539.402 687.926,558.632 682.466,573.453 678.956,579.312 673.886,583.993 672.456,588.542 670.246,590.752 666.865,598.422 667.775,601.152 668.036,606.092 658.936,605.312 658.286,607.652 656.985,609.083 648.536,612.723 640.865,611.292 635.266,610.902 632.936,603.882 627.605,603.362 626.556,600.632 622.396,601.542 621.365,595.433 629.416,594.002 629.416,589.322 620.315,590.752 620.056,576.973 617.195,568.652 "
       id="Gobabis"
       style="fill:#f83a61;stroke:#f5f5f5;stroke-width:0.82447;stroke-dasharray:none;stroke-opacity:1;fill-opacity:1"
       transform="matrix(0.60645048,0,0,0.60645048,0.0520035,-11.573805)" />
    <path
       fill="#ffdea9"
       d="m 604.436,467.663 -0.59,-1.17 0.03,-0.01 7.93,-2.57 0.03,-0.01 -1.29,-1.63 4.42,-4.2 0.02,-0.01 -0.47,-5.03 0.47,-3.52 -3.859,-14.15 -0.351,-12.51 5.36,-0.93 12.75,3.39 -0.021,-0.02 0.051,0.01 -2.931,-3.27 -0.689,-2.81 -1.771,-2.69 6.29,-2.33 0.03,-0.01 v -4.45 l -0.03,0.01 -5.81,2.1 0.67,-5.98 0.62,-5.49 12.13,-3.5 4.8,9.36 2.21,5.28 18.33,3.32 12.87,7.6 13.07,9.95 7.02,-2.34 1.17,5.66 14.82,-5.66 6.05,4.29 -1.95,23.99 1.561,7.99 59.29,-15.79 0.39,12.09 -0.64,28.8 h -57.54 l -1.051,2.34 -4.939,-0.66 h -26.65 v 22.63 l -1.3,2.21 -0.13,3.51 0.13,7.28 0.04,2.15 -4.939,2.73 -6.931,1.07 0.3,2.93 -24,-3.12 -3.119,-0.69 -1.65,6.63 0.87,0.39 -1.95,3.12 -6.14,-0.39 -2.83,-8.48 -15.311,-4.19 -16.08,0.7 -1.22,-1.91 -5.62,1.52 -2.569,1.4 -4.671,0.71 1.631,-8.9 -3.15,-6.9 h 1.99 l 0.81,-7.37 9.59,-1.41 -1.17,-5.85 -1.05,-0.35 0.93,-4.91 1.641,0.24 v -2.93 l 2.34,-0.58 1.17,-7.14 -1.99,-1.64 -1.05,0.24 -0.58,-0.82 v -0.94 l -0.82,-0.94 0.82,-1.17 6.78,-5.85 z m 0.03,-0.02 v -0.01 h -0.01 z"
       id="Okorukambe"
       style="fill:#f70839;stroke:#f5f5f5;stroke-width:0.82447;stroke-dasharray:none;stroke-opacity:1;fill-opacity:1"
       transform="matrix(0.60645048,0,0,0.60645048,0.0520035,-11.573805)" />
    <polygon
       fill="#ffcccc"
       points="661.416,361.672 661.416,361.663 661.436,361.663 662.376,359.802 664.126,358.632 664.246,356.873 665.296,355.353 666.006,353.833 669.485,351.493 669.506,351.482 672.195,349.163 675.796,347.873 675.825,347.862 676.865,346.933 678.485,347.052 678.506,347.042 679.546,346.703 679.565,346.703 680.966,345.532 683.286,345.762 683.306,345.762 684.226,344.942 684.806,344.833 687.266,344.362 687.286,344.362 688.445,341.083 689.626,340.262 690.796,339.212 693.695,338.743 693.716,338.743 695.226,337.453 695.235,337.453 697.346,336.402 699.806,335.243 701.075,335.583 701.086,335.583 701.905,334.422 704.586,333.942 704.596,333.942 705.886,333.362 707.036,333.473 707.056,333.473 711.025,331.143 711.046,331.152 711.735,331.562 711.716,331.603 711.716,430.052 696.896,435.712 695.726,430.052 688.706,432.393 675.636,422.442 662.766,414.842 644.436,411.522 642.226,406.243 642.235,406.212 642.246,406.232 643.065,402.953 642.836,400.743 643.766,399.333 643.525,394.772 644.695,392.192 644.695,390.792 645.636,389.512 644.006,387.993 644.006,387.172 644.676,387.062 644.676,387.052 644.695,387.052 645.056,384.362 645.876,382.842 645.636,380.982 646.786,380.393 646.806,380.382 647.976,377.812 647.865,376.532 652.195,369.502 653.246,368.453 654.056,366.002 657.105,364.123 658.626,362.132 659.546,361.982 "
       id="Otjinene"
       style="fill:#66b2ff;stroke:#f5f5f5;stroke-width:0.82447;stroke-dasharray:none;stroke-opacity:1;fill-opacity:1"
       transform="matrix(0.60645048,0,0,0.60645048,0.0520035,-11.573805)" />
    <polygon
       fill="#e8f2ad"
       points="754.186,327.163 756.525,327.632 758.985,327.163 761.206,327.623 761.786,327.743 761.796,327.743 763.195,327.632 764.036,328.052 765.296,328.683 765.306,328.672 766.466,328.212 767.405,328.512 769.405,329.152 771.146,328.562 771.735,328.663 774.436,329.152 776.666,329.302 776.666,329.322 776.666,450.532 717.376,466.322 715.815,458.333 717.766,434.342 711.716,430.052 711.716,331.603 711.735,331.562 711.746,331.562 711.825,331.603 711.846,331.612 714.876,330.083 714.886,330.083 715.945,329.262 717.445,329.382 717.456,329.382 718.166,328.212 717.456,327.042 718.166,325.172 721.556,324.243 725.756,324.002 731.016,324.583 731.786,324.772 732.905,325.062 734.766,325.982 734.775,325.993 736.065,324.822 737.105,325.632 737.126,325.643 742.376,327.163 744.615,327.262 744.825,327.272 744.846,327.272 749.166,326.812 751.506,326.232 753.596,327.042 "
       id="Epukiro"
       style="fill:#f83a61;stroke:#f5f5f5;stroke-width:0.82447;stroke-dasharray:none;stroke-opacity:1;fill-opacity:1"
       transform="matrix(0.60645048,0,0,0.60645048,0.0520035,-11.573805)" />
    <path
       fill="#ebcef2"
       d="m 807.646,334.292 0.12,1.06 4.8,-0.24 5.38,0.82 0.82,-0.93 3.16,-0.12 h 3.85 l 3.63,1.28 0.011,0.01 1.75,-0.24 0.81,-0.47 0.62,0.56 0.67,0.62 1.99,-0.24 1.29,2.22 v 0.01 l 1.05,0.11 1.05,0.12 1.88,-0.59 1.99,0.59 0.99,-0.13 0.87,-0.1 2.46,0.46 1.41,-0.7 0.819,-0.12 0.7,-0.7 h 1.76 l 0.69,-0.47 h 0.01 l 0.23,-1.17 1.17,-0.23 0.939,0.58 1.4,-0.7 0.58,0.58 0.01,0.01 0.85,-0.52 0.32,-0.19 0.69,0.24 1.17,1.4 h 0.01 2.22 l 0.24,-1.64 0.93,-0.82 1.99,0.71 0.811,-0.71 1.56,-0.02 v 161.35 h -91.03 l 0.101,-4.55 0.64,-28.8 -0.39,-12.09 v -121.21 -0.02 l 2.83,0.19 0.189,0.01 6.08,0.81 h 0.01 l 1.98,-0.69 0.229,1.05 c 0,0 0.38,0 0.79,0.04 0.061,0.01 0.11,0.02 0.16,0.02 0.311,0.05 0.61,0.12 0.75,0.23 0.03,0.02 0.05,0.04 0.061,0.06 0.13,0.2 0.449,0.58 0.699,0.87 0.17,0.2 0.311,0.36 0.341,0.4 0.01,0.01 0.01,0.01 0.01,0.01 h 0.13 l 4.09,0.13 6.31,-0.13 1.181,0.82 4.21,-0.11 1.28,0.46 z"
       id="Otjombinde"
       style="fill:#f83a61;stroke:#f5f5f5;stroke-width:0.82447;stroke-dasharray:none;stroke-opacity:1;fill-opacity:1"
       transform="matrix(0.60645048,0,0,0.60645048,0.0520035,-11.573805)" />
    <polygon
       fill="#fffdc0"
       points="776.296,594.953 709.516,594.953 709.516,598.683 676.096,598.683 676.096,605.312 668.036,606.092 667.775,601.152 666.865,598.422 670.246,590.752 672.456,588.542 673.886,583.993 678.956,579.312 682.466,573.453 687.926,558.632 691.695,539.402 685.065,536.672 684.976,530.882 684.936,528.732 684.806,521.453 684.936,517.942 686.235,515.732 686.235,493.103 712.886,493.103 717.825,493.762 718.876,491.422 776.416,491.422 776.315,495.973 "
       id="Kalahari"
       style="fill:#f70839;stroke:#f5f5f5;stroke-width:0.82447;stroke-dasharray:none;stroke-opacity:1;fill-opacity:1"
       transform="matrix(0.60645048,0,0,0.60645048,0.0520035,-11.573805)" />
    <polygon
       fill="#e8f2ad"
       points="668.036,606.092 676.096,605.312 676.096,598.683 709.516,598.683 709.516,594.953 776.296,594.953 776.286,680.833 709.346,680.833 709.336,680.833 708.976,662.353 704.115,662.212 697.905,669.772 694.806,667.882 685.355,667.882 688.056,664.103 680.775,664.232 664.176,671.252 654.726,669.772 647.176,661.542 642.456,665.312 633.006,644.942 633.016,644.922 639.695,629.232 624.876,616.752 626.306,611.292 635.266,610.902 640.865,611.292 648.536,612.723 656.985,609.083 658.286,607.652 658.936,605.312 "
       id="Aminuis"
       style="fill:#fa6b88;stroke:#f5f5f5;stroke-width:0.82447;stroke-dasharray:none;stroke-opacity:1;fill-opacity:1"
       transform="matrix(0.60645048,0,0,0.60645048,0.0520035,-11.573805)" />
    <path
       fill="#fffdc0"
       d="m 509.586,564.902 1.05,1 4.12,-3.76 4.52,-2.01 4.62,-0.95 -0.79,-1.41 0.271,-0.4 -1.61,-6.57 -0.3,-0.07 -0.84,0.74 -0.73,0.11 -0.78,-0.75 -1.3,-0.13 -1.069,-0.87 -1.98,-0.97 -0.17,-1.91 -2.04,-0.87 -2.54,1.07 0.07,-0.49 0.229,-1.65 -0.029,-1.41 -0.12,-0.62 -0.051,-0.31 -0.47,-0.78 0.04,-1.3 -0.41,-0.47 0.07,-1.1 -0.81,0.6 -1.37,-0.27 h -0.771 l -1.41,-0.54 0.04,4.69 -2,0.41 -1.79,0.36 0.641,0.84 -0.271,1.74 -0.26,0.44 v 1.3 l -0.021,0.12 -0.22,2.12 -0.31,0.56 -0.76,0.4 -0.5,2.21 -3.771,-0.8 -1.35,0.15 -3.62,1.46 2.21,3.41 6.13,4.02 4.07,-1.16 5.56,3.33 z m -60.95,-30.799 0.21,-0.14 9.03,-2.95 1.87,2.68 4.46,-3.75 4.649,2.05 2.23,-2.49 c 0,0 7.05,1.15 7.05,0.8 0,-0.36 -0.71,-4.64 -0.71,-4.64 l -5.271,1.6 -1.159,-2.05 2.229,-1.16 0.72,-1.97 2.761,-0.35 -0.351,-3.48 1.87,0.17 5.9,5.36 1.25,3.75 9.01,-3.93 4.38,-5 2.771,5.09 2.85,-2.76 0.01,-0.01 5.08,-3.93 2.68,5.81 6.431,-4.2 7.319,-2.95 -0.26,-5.44 2.141,-4.02 1.689,3.49 5.36,-1.88 2.41,0.18 0.619,-3.31 -0.97,-1.87 6.51,3.3 1.07,-6.79 -1.87,-6.6 3.3,-0.36 3.12,-2.23 -0.35,-2.14 5.18,-3.93 1.07,-3.13 8.03,-1.69 3.67,3.93 4.46,-2.06 4.29,-0.8 4.64,-2.95 3.57,-4.46 2.59,-1.25 6.07,-1.7 0.71,1.7 11.479,-3.98 2.57,8.42 -6.78,5.85 -0.82,1.17 0.82,0.94 v 0.94 l 0.58,0.82 1.05,-0.24 1.99,1.64 -1.17,7.14 -2.34,0.58 v 2.93 l -1.641,-0.24 -0.93,4.91 1.05,0.35 1.17,5.85 -9.59,1.41 -0.81,7.37 h -1.99 l 3.15,6.9 -1.631,8.9 4.671,-0.71 2.569,-1.4 5.62,-1.52 1.22,1.91 3.471,5.48 2.729,1.56 -5.72,3.12 5.2,4.93 4.16,-3.37 2.479,9.75 1.68,15.6 2.86,8.32 0.26,13.78 9.101,-1.43 v 4.68 l -8.051,1.43 1.03,6.11 4.16,-0.91 1.05,2.73 5.33,0.52 2.33,7.02 -8.96,0.39 -1.43,5.46 14.819,12.48 -6.68,15.69 -3.22,-2.94 -8.221,4.73 -1.35,1.33 -5.79,1.9 1.62,5.94 -9.46,1.21 -5.26,3.23 -4.311,0.13 -1.22,-1.34 -4.32,2.29 -6.479,-6.34 -6.33,-1.21 -4.18,0.41 h -13.23 l 0.41,3.24 -18.62,-0.54 0.15,-9.86 -3.79,-1.22 -2.57,-8.63 5.4,-1.34 -0.271,-5.26 -0.8,-2.16 4.72,-2.29 1.48,-2.98 -6.87,2.16 -6.22,-1.62 -14.03,4.06 -0.67,-1.09 -0.41,-3.1 0.82,-1.62 -0.28,-1.89 0.54,-1.08 -0.13,-1.89 -0.95,-1.34 0.95,-1.35 -2.03,-0.13 -6.33,-2.98 -0.83,0.03 h -0.01 l -8.61,0.38 -5.67,9.44 -5.25,1.35 -7.97,1.49 -2.43,-4.06 -2.971,0.14 -0.939,2.02 -2.29,-0.13 -0.811,-0.81 h -1.479 l -0.82,-2.43 -2.42,-2.03 h -0.95 l -3.5,6.08 -2.029,6.62 -7.01,12.66 -0.14,3.38 8.63,2.43 v 5.67 l -1.35,0.27 -4.851,6.35 -4.19,2.82 -5.8,-0.67 -0.26,-5.26 c 0,0 -1.22,-0.95 -1.62,-1.08 -0.41,-0.13 -1.35,0 -1.35,0 l -2.3,2.28 v 1.49 l -1.21,0.96 v 1.74 l -1.62,3.78 -0.41,9.18 7.84,2.56 1.74,-1.75 8.37,1.75 1.22,5.8 -3.38,-0.27 v 1.35 l -4.18,-0.68 v -1.62 l -2.98,1.22 -1.61,-2.7 -1.34,3.1 -6.08,5.67 2.56,9.18 -7.82,4.45 2.17,-5.53 -1.77,-3.38 -9.44,-0.27 -1.21,-1.74 7.02,-5.14 4.04,0.54 -0.67,-4.45 1.07,-3.78 -7.01,4.32 -3.51,-0.81 -5.39,1.08 -7.56,3.64 -6.21,0.53 -1.08,3.52 -11.33,0.8 -6.88,-2.01 1.75,-16.73 2.24,1.6 6.91,-1.06 0.58,-6.67 -1.39,-8.94 0.73,-6.67 -9.35,-6.42 5.86,-12.04 2.27,-0.24 0.09,-3.09 -1.54,-5.92 -0.9,-3.48 -0.01,-0.03 1.55,-2.28 1.23,0.56 1.43,-0.54 0.8,-1.16 1.52,0.98 0.98,-1.52 1.43,0.63 1.61,-1.34 1.87,0.36 0.63,-1.52 -5.18,-3.48 -1.97,-3.4 3.04,-26.07 1.25,-1.07 3.57,0.18 0.45,-2.32 10.09,-0.27 0.44,-10.45 -0.53,-3.57 -10.27,0.27 10.63,-11.7 8.03,3.04 5.71,-3.84 -0.17,-2.59 4.91,-3.3 -0.18,-0.89 5.98,0.53 0.18,-7.95 z"
       id="Windhoek Rural"
       style="fill:#f83a61;stroke:#f5f5f5;stroke-width:0.82447;stroke-dasharray:none;stroke-opacity:1;fill-opacity:1"
       transform="matrix(0.60645048,0,0,0.60645048,0.0520035,-11.573805)" />
    <polygon
       fill="#ebcef2"
       points="508.726,627.012 509.706,625.042 509.706,622.692 510.926,611.402 510.926,611.382 510.936,611.382 511.766,611.353 518.096,614.333 520.126,614.462 519.176,615.812 520.126,617.152 520.256,619.042 519.716,620.123 519.996,622.012 519.176,623.632 519.586,626.732 520.256,627.822 522.036,633.802 513.275,639.012 511.436,630.103 509.586,629.353 "
       id="Rehoboth-Urban-East"
       style="fill:#f83a61;stroke:#f5f5f5;stroke-width:0.82447;stroke-dasharray:none;stroke-opacity:1;fill-opacity:1"
       transform="matrix(0.60645048,0,0,0.60645048,0.0520035,-11.573805)" />
    <polygon
       fill="#ffcccc"
       points="509.706,622.692 509.706,625.042 508.726,627.012 509.586,629.353 511.436,630.103 513.275,639.012 512.916,639.232 502.315,634.422 502.065,628.623 500.456,625.042 496.646,621.212 496.646,621.203 502.315,611.762 510.926,611.382 510.926,611.402 "
       id="Rehoboth-Urban-West"
       style="fill:#e6bf7f;stroke:#f5f5f5;stroke-width:0.82447;stroke-dasharray:none;stroke-opacity:1;fill-opacity:1"
       transform="matrix(0.60645048,0,0,0.60645048,0.0520035,-11.573805)" />
    <path
       fill="#e8f2ad"
       d="m 512.176,717.933 -5.68,0.5 -0.86,-1.48 -3.7,1.72 -1.85,-2.72 -6.9,-1.48 -2.97,8.52 2.97,2.09 -0.13,3.21 h -1.48 l -1.109,1.61 -2.23,0.48 -1.22,-0.98 -0.13,-6.66 -6.29,-1.24 -5.79,-4.55 -1.36,2.95 -6.909,-4.44 -7.4,0.86 -4.44,9.88 -10.99,-1.36 -1.47,-6.79 6.17,-2.1 -2.59,-9.74 -2.84,-2.1 6.66,-4.93 -1.61,-4.08 -6.56,3.95 -2.56,-9.18 6.08,-5.67 1.34,-3.1 1.61,2.7 2.98,-1.22 v 1.62 l 4.18,0.68 v -1.35 l 3.38,0.27 -1.22,-5.8 -8.37,-1.75 -1.74,1.75 -7.84,-2.56 0.41,-9.18 1.62,-3.78 v -1.74 l 1.21,-0.96 v -1.49 l 2.3,-2.28 c 0,0 0.94,-0.13 1.35,0 0.4,0.13 1.62,1.08 1.62,1.08 l 0.26,5.26 5.8,0.67 4.19,-2.82 4.851,-6.35 1.35,-0.27 v -5.67 l -8.63,-2.43 0.14,-3.38 7.01,-12.66 2.029,-6.62 3.5,-6.08 h 0.95 l 2.42,2.03 0.82,2.43 h 1.479 l 0.811,0.81 2.29,0.13 0.939,-2.02 2.971,-0.14 2.43,4.06 7.97,-1.49 5.25,-1.35 v 0.01 l 3.811,3.83 1.609,3.58 0.25,5.8 10.601,4.81 0.359,-0.22 8.761,-5.21 -1.78,-5.98 14.03,-4.06 6.22,1.62 6.87,-2.16 -1.48,2.98 -4.72,2.29 0.8,2.16 0.271,5.26 -5.4,1.34 2.57,8.63 3.79,1.22 -0.15,9.86 2.92,14.71 4.811,7.77 11.97,0.74 0.74,9.38 6.29,-1.24 0.729,4.44 -6.77,3.45 0.359,9.26 2.46,3.21 12.84,0.98 -5.18,6.79 1.86,1.84 -1.12,2.6 1.6,2.96 -1.479,1.23 0.25,1.85 -1.11,2.1 -2.96,-2.1 -2.22,3.45 -0.75,-0.23 -0.36,-1.61 -0.87,-0.13 -1.6,1.24 -0.74,-1.86 -1.229,-0.61 -1.61,-0.12 -1.23,-0.86 0.12,-1.25 -1.729,-0.73 -0.73,-1.48 h -0.99 l -0.119,3.95 -2.351,1.6 -2.46,0.74 -2.84,-1.24 -2.96,-0.55 0.25,-3.63 -3.21,-0.38 0.24,-6.28 -0.12,-2.48 -1.61,-0.24 -5.05,0.49 -1.61,-0.49 -0.859,-1.98 -1.73,-0.61 -3.57,0.25 -1.239,1.11 -1.48,0.36 -1.6,-0.61 h -0.86 l -0.99,1.36 -1.479,-1.11 h -0.62 l -0.86,1.47 -1.729,-0.61 -1.23,0.5 -1.489,3.45 -1.471,-0.38 -0.84,0.74 -1.14,0.99 z"
       id="Rehoboth-Rural"
       style="fill:#f70839;stroke:#f5f5f5;stroke-width:0.82447;stroke-dasharray:none;stroke-opacity:1;fill-opacity:1"
       transform="matrix(0.60645048,0,0,0.60645048,0.0520035,-11.573805)" />
    <polygon
       fill="#fffdc0"
       points="709.346,680.833 776.286,680.833 776.256,856.382 769.836,857.902 768.735,855.373 755.746,860.752 752.676,862.732 748.056,859.333 742.336,858.442 736.726,858.442 735.405,855.042 726.936,853.353 720.996,853.282 715.605,859.433 712.516,853.612 705.485,842.723 701.855,846.683 692.386,851.632 680.956,849.532 666.876,849.322 657.525,848.212 645.525,848.873 645.646,839.962 638.056,838.873 638.046,838.873 634.426,831.413 633.315,826.732 627.636,825.752 627.516,817.853 625.176,817.732 625.905,804.282 619.865,804.152 619.865,794.652 621.735,789.522 621.596,789.473 621.756,789.462 632.825,788.982 635.655,788.243 643.426,781.342 648.855,786.022 651.206,783.433 664.775,776.772 656.006,761.482 651.936,758.762 658.846,754.442 653.546,752.842 645.275,737.542 653.916,732.732 659.466,726.683 649.105,712.382 654.166,705.462 662.676,703.502 655.766,696.712 671.315,694.982 674.766,693.873 676.746,697.333 683.155,696.103 694.256,689.802 705.596,684.743 "
       id="Aranos"
       style="fill:#fa6b88;stroke:#f5f5f5;stroke-width:0.82447;stroke-dasharray:none;stroke-opacity:1;fill-opacity:1"
       transform="matrix(0.60645048,0,0,0.60645048,0.0520035,-11.573805)" />
    <polygon
       fill="#ffcccc"
       points="607.655,790.583 599.025,790.473 587.676,791.083 586.496,790.762 585.825,785.532 589.896,758.762 592.235,759.132 594.575,754.812 590.016,749.512 585.445,741.123 586.436,738.652 584.966,734.583 576.565,723.853 574.966,720.893 576.086,718.292 574.226,716.453 579.405,709.663 566.565,708.683 564.105,705.473 563.746,696.212 570.516,692.762 569.786,688.322 563.496,689.562 562.756,680.183 550.786,679.442 545.976,671.672 543.056,656.962 561.676,657.502 561.266,654.262 574.496,654.262 578.676,653.853 585.006,655.062 591.485,661.402 595.806,659.112 597.025,660.453 601.336,660.322 606.596,657.092 616.056,655.882 614.436,649.942 620.226,648.042 621.575,646.712 629.796,641.982 633.016,644.922 633.006,644.942 642.456,665.312 647.176,661.542 654.726,669.772 664.176,671.252 680.775,664.232 688.056,664.103 685.355,667.882 694.806,667.882 697.905,669.772 704.115,662.212 708.976,662.353 709.336,680.833 709.346,680.833 705.596,684.743 694.256,689.802 683.155,696.103 676.746,697.333 674.766,693.873 671.315,694.982 655.766,696.712 662.676,703.502 654.166,705.462 649.105,712.382 659.466,726.683 653.916,732.732 645.275,737.542 653.546,752.842 658.846,754.442 651.936,758.762 656.006,761.482 664.775,776.772 651.206,783.433 648.855,786.022 643.426,781.342 635.655,788.243 632.825,788.982 621.756,789.462 621.596,789.473 "
       id="Mariental-Rural"
       style="fill:#f83a61;stroke:#f5f5f5;stroke-width:0.82447;stroke-dasharray:none;stroke-opacity:1;fill-opacity:1"
       transform="matrix(0.60645048,0,0,0.60645048,0.0520035,-11.573805)" />
    <polygon
       fill="#fffdc0"
       points="557.325,722.743 558.315,722.743 559.046,724.223 560.775,724.953 560.655,726.203 561.886,727.062 563.496,727.183 564.726,727.792 565.466,729.652 567.065,728.413 567.936,728.542 568.296,730.152 569.046,730.382 571.266,726.933 574.226,729.032 575.336,726.933 575.086,725.083 576.565,723.853 584.966,734.583 586.436,738.652 585.445,741.123 590.016,749.512 594.575,754.812 592.235,759.132 589.896,758.762 585.825,785.532 586.496,790.762 578.666,788.612 571.876,784.913 565.966,780.342 559.796,778.993 557.325,779.973 557.206,783.062 546.346,786.522 541.896,782.692 530.426,783.683 529.325,773.812 526.355,766.532 528.695,758.512 524.386,751.232 526.485,750.623 525.746,747.282 526.976,743.962 522.036,744.692 515.996,741.123 513.286,738.782 518.466,729.032 513.436,718.172 514.275,717.433 515.746,717.812 517.235,714.362 518.466,713.862 520.195,714.473 521.056,713.002 521.676,713.002 523.155,714.112 524.146,712.752 525.006,712.752 526.605,713.362 528.086,713.002 529.325,711.893 532.896,711.643 534.626,712.252 535.485,714.232 537.096,714.723 542.146,714.232 543.756,714.473 543.876,716.953 543.636,723.232 546.846,723.612 546.596,727.243 549.556,727.792 552.396,729.032 554.855,728.292 557.206,726.692 "
       id="Mariental-Urban"
       style="fill:#f83a61;stroke:#f5f5f5;stroke-width:0.82447;stroke-dasharray:none;stroke-opacity:1;fill-opacity:1"
       transform="matrix(0.60645048,0,0,0.60645048,0.0520035,-11.573805)" />
    <polygon
       fill="#ebcef2"
       points="544.006,850.752 543.016,851.632 542.136,851.632 541.146,849.652 532.786,858.562 532.666,869.993 516.286,863.292 511.876,866.482 508.695,865.603 501.436,868.462 499.456,868.792 499.786,863.723 492.735,859.882 486.256,860.422 484.485,856.692 474.706,854.152 476.775,844.862 476.646,839.183 480.346,839.562 480.346,830.552 477.636,829.322 477.516,823.393 491.825,819.822 491.706,821.433 494.166,822.163 497.746,821.052 502.806,817.232 510.586,817.482 512.546,813.282 518.346,811.433 520.936,811.802 523.525,805.512 521.056,801.562 526.605,799.473 546.346,786.522 557.206,783.062 557.325,779.973 559.796,778.993 565.966,780.342 571.876,784.913 578.666,788.612 586.496,790.762 587.676,791.083 599.025,790.473 607.655,790.583 621.596,789.473 621.735,789.522 619.865,794.652 619.865,804.152 625.905,804.282 625.176,817.732 627.516,817.853 627.636,825.752 633.315,826.732 634.426,831.413 638.046,838.873 629.476,839.532 613.306,839.632 604.396,843.262 601.966,845.902 589.096,848.873 580.086,851.083 575.466,851.083 569.746,852.292 565.336,852.502 559.726,854.052 552.695,853.163 548.735,850.853 "
       id="Gibeon"
       style="fill:#fc8136;stroke:#f5f5f5;stroke-width:0.82447;stroke-dasharray:none;stroke-opacity:1;fill-opacity:1"
       transform="matrix(0.60645048,0,0,0.60645048,0.0520035,-11.573805)" />
    <polygon
       fill="#ebcef2"
       points="617.596,955.692 613.636,965.032 607.146,963.052 604.065,966.143 594.046,947.212 603.186,941.172 603.186,934.243 605.166,929.292 614.506,935.453 615.726,940.612 611.766,941.833 610.216,944.362 609.886,952.282 "
       id="Keetmanshoop-Urban"
       style="fill:#f83a61;stroke:#f5f5f5;stroke-width:0.82447;stroke-dasharray:none;stroke-opacity:1;fill-opacity:1"
       transform="matrix(0.60645048,0,0,0.60645048,0.0520035,-11.573805)" />
    <path
       fill="#e8f2ad"
       d="m 655.876,897.833 -16.17,-6.82 3.18,-3.96 2.1,-16.83 0.54,-21.35 0.12,-8.91 -7.59,-1.09 h -0.01 l -8.57,0.66 -16.17,0.1 -8.91,3.63 -2.43,2.64 -12.87,2.97 -9.01,2.21 h -4.62 l -5.72,1.21 -4.41,0.21 -5.61,1.55 -7.03,-0.89 -3.96,-2.31 -4.729,-0.1 -0.99,0.88 h -0.88 l -0.99,-1.98 -8.359,8.91 -0.12,11.43 -16.38,-6.7 -4.41,3.19 -3.181,-0.88 -7.26,2.86 -1.979,0.33 0.33,-5.07 -7.051,-3.84 -6.479,0.54 -1.771,-3.73 -9.779,-2.54 -6.391,-0.87 -5.38,0.66 -3.86,-8.7 -6.04,14.97 -4.52,2.42 4.19,17.16 0.99,8.25 1.49,2.97 0.16,4.95 2.97,-0.99 9.24,13.36 -9.41,0.17 3.47,12.37 9.24,-3.46 1.811,7.59 -1.48,2.64 1.32,3.3 -3.15,11.39 -2.29,1.64 v 3.14 l 4.94,4.29 1.66,6.43 -1.49,0.34 -0.17,1.64 -3.311,0.83 -3.449,3.47 v 2.96 l 9.239,6.44 -0.66,8.58 5.381,2.31 1.22,4.39 -0.771,2.31 -3.75,0.99 -2.739,2.43 7.26,3.41 0.76,-1.22 2.101,-0.21 3.96,5.72 -13.091,-3.86 -7.92,-0.33 -7.16,6.39 0.89,4.62 10.78,-2.43 6.38,4.95 10.37,-9.05 2.72,-2.38 2.42,13.97 8.35,1.87 0.891,6.48 -12.11,5.61 -0.21,2.64 6.27,14.97 6.381,8.03 1.75,4.18 -10.33,0.54 3.63,13.2 4.06,3.3 9.03,-7.92 c 0,0 8.13,-4.39 8.13,-4.72 0,-0.33 1.88,-8.58 1.88,-8.58 l 7.92,3.19 7.36,5.61 -6.93,8.46 1.439,28.05 7.8,-1.979 10.561,-8.351 -0.101,-1.979 2.41,1.09 0.23,-1.32 1.75,-0.54 -1.09,-1.979 1.75,-0.55 1.109,0.989 0.44,-2.42 1.21,-0.88 -0.55,-1.1 -2.54,-0.45 1.439,-1.53 -1.109,-1.54 -2.641,-23.66 6.271,1.98 -1.65,-3.51 0.89,-1.54 1.54,1.54 3.08,-0.12 0.551,-1.42 -1.21,-0.44 -0.891,-0.88 0.78,-0.99 -0.55,-2.54 0.88,-0.87 1.319,0.87 v 1.55 l 0.54,0.88 1.98,-0.22 v -1.22 l -0.87,-1.65 0.11,-1.53 -0.561,-1.32 3.42,-1.21 -0.989,-1.98 1.529,0.66 1.65,-1.22 0.229,-1.2 -2.42,-0.66 0.87,-1.87 -0.76,-1.32 -2.31,1.21 -2.641,-2.31 0.55,-0.88 2.091,0.88 1.42,-0.99 -2.311,-1.11 v -1.09 l 2.97,0.99 0.33,-1.55 -1.75,-0.76 1.65,-3.2 -0.44,-1.65 -1.979,0.66 0.66,-2.64 -0.99,-2.08 1.98,-0.11 -0.45,-1.65 -0.99,-0.55 v -2.64 l -1.32,1.21 -0.87,-0.45 -1.109,0.66 -1.42,-0.1 -0.11,-0.89 2.75,-1.53 1.65,-1.11 -0.771,-1.75 1.32,-0.66 -0.45,-1.1 -0.99,-0.22 -0.54,-1.22 1.98,-0.21 0.33,-1.77 0.66,-0.76 -0.221,-1.43 0.551,-1.32 -1.211,-1.87 0.101,-1.43 2.21,-0.78 -0.44,-1.75 0.11,-2.97 -0.77,-1.55 0.989,-1.42 1.65,0.22 v -1.44 l -0.99,-1.2 0.11,-1.44 0.99,-0.87 -1.98,-2.43 -3.96,-1.98 3.19,-4.39 h 0.989 l 7.59,-7.49 -0.88,-1.32 -2.31,1.22 h -13.53 l -0.99,-4.19 3.521,-0.76 1.43,-1.76 6.49,-0.88 0.99,1.21 6.149,-0.55 6.601,-9.9 1.77,-5.72 h 7.37 l -1.22,-4.29 -2.19,-2.97 7.8,-1.32 7.82,4.73 v -6.93 l -2.09,-0.33 -7.15,-7.82 -4.52,-3.96 5.18,-7.59 9.24,12.87 0.63,-0.21 2.01,-0.66 1.75,0.87 c 0,0 4.08,-1.2 4.08,-1.75 0,-0.56 0.87,-7.92 0.87,-7.92 h 4.08 l 2.31,-1.32 10.341,2.2 -4.07,6.05 16.28,4.95 7.029,-12.11 c 0,0 6.601,-4.62 6.721,-5.05 0.11,-0.442 10e-4,-14.631 10e-4,-14.631 z"
       id="Berseba"
       style="fill:#fc8136;stroke:#f5f5f5;stroke-width:0.82447;stroke-dasharray:none;stroke-opacity:1;fill-opacity:1"
       transform="matrix(0.60645048,0,0,0.60645048,0.0520035,-11.573805)" />
    <path
       fill="#ffdea9"
       d="m 769.836,857.902 -1.101,-2.53 -12.989,5.38 -3.07,1.98 -4.62,-3.4 -5.72,-0.89 h -5.61 l -1.32,-3.4 -8.47,-1.69 -5.939,-0.07 -5.391,6.15 -3.09,-5.82 -7.03,-10.89 -3.63,3.96 -9.47,4.95 -11.43,-2.1 -14.08,-0.21 -9.351,-1.11 -12,0.66 -0.54,21.35 -2.1,16.83 -3.18,3.96 16.17,6.82 c 0,0 0.109,14.19 0,14.63 -0.12,0.43 -6.721,5.05 -6.721,5.05 l -7.029,12.11 -16.28,-4.95 4.07,-6.05 -10.341,-2.2 -2.31,1.32 h -4.08 c 0,0 -0.87,7.36 -0.87,7.92 0,0.55 -4.08,1.75 -4.08,1.75 l -1.75,-0.87 -2.01,0.66 -0.63,0.21 -9.24,-12.87 -5.18,7.59 4.52,3.96 7.15,7.82 2.09,0.33 1.98,-4.95 9.34,6.16 1.22,5.16 -3.96,1.22 -1.55,2.53 -0.33,7.92 7.71,3.41 -3.96,9.34 -6.49,-1.98 -3.08,3.09 -10.02,-18.93 9.14,-6.04 -7.82,-4.73 -7.8,1.32 2.19,2.97 1.22,4.29 h -7.37 l -1.77,5.72 -6.601,9.9 -6.149,0.55 -0.99,-1.21 -6.49,0.88 -1.43,1.76 -3.521,0.76 0.99,4.19 h 13.53 l 2.31,-1.22 0.88,1.32 -7.59,7.49 h -0.989 l -3.19,4.39 3.96,1.98 1.98,2.43 -0.99,0.87 -0.11,1.44 0.99,1.2 v 1.44 l -1.65,-0.22 -0.989,1.42 0.77,1.55 -0.11,2.97 0.44,1.75 -2.21,0.78 -0.101,1.43 1.211,1.87 -0.551,1.32 0.221,1.43 -0.66,0.76 -0.33,1.77 -1.98,0.21 0.54,1.22 0.99,0.22 0.45,1.1 -1.32,0.66 0.771,1.75 -1.65,1.11 -2.75,1.53 0.11,0.89 1.42,0.1 1.109,-0.66 0.87,0.45 1.32,-1.21 v 2.64 l 0.99,0.55 0.45,1.65 -1.98,0.11 0.99,2.08 -0.66,2.64 1.979,-0.66 0.44,1.65 -1.65,3.2 1.75,0.76 -0.33,1.55 -2.97,-0.99 v 1.09 l 2.311,1.11 -1.42,0.99 -2.091,-0.88 -0.55,0.88 2.641,2.31 2.31,-1.21 0.76,1.32 -0.87,1.87 2.42,0.66 -0.229,1.2 1.86,4.51 4.97,9.82 6.189,4.34 7.12,3.72 4.66,-3 10.24,9.72 1.33,-3.42 v -8.88 l 0.72,-4.86 21.51,0.94 -0.12,5.99 h 0.12 l 14.771,-2.07 0.93,-5.8 2.271,-2.27 3.619,-8.78 6.511,-8.79 5.37,-2.27 h 2.27 l 1.65,1.45 5.069,-16.02 6.61,5.99 1.97,-5.37 3,-0.92 1.24,0.21 -3.42,8.16 17.89,7.85 8.561,1.35 6.83,0.3 5.47,1.56 10.02,3.71 v -4.14 l -4.84,0.94 -2.18,-5.69 -3.21,0.62 -0.71,-2.27 1.33,-10.02 5.91,3.41 -1.87,7.23 2.27,3.3 4.24,-2.37 c 0,0 5.99,1.34 6.4,1.55 0.42,0.22 7.34,2.79 7.34,2.79 l 6.21,4.86 7.75,-0.41 5.05,7.54 2.48,-0.2 1.859,-6.42 10.33,0.32 0.03,-179.46 z"
       id="Keetmanshoop-Rural"
       style="fill:#fa6b88;stroke:#f5f5f5;stroke-width:0.82447;stroke-dasharray:none;stroke-opacity:1;fill-opacity:1"
       transform="matrix(0.60645048,0,0,0.60645048,0.0520035,-11.573805)" />
    <path
       fill="#fffdc0"
       d="m 659.615,1187.123 -0.989,1.11 -0.511,-10.62 2.801,-2.58 2.58,-5.17 -5.99,-5.061 -2.79,-0.83 -7.96,-7.64 c 0,0 1.97,-6 1.649,-6.21 -0.3,-0.21 -1.859,-1.03 -1.859,-1.03 l -8.46,-1.75 0.51,-7.34 6.72,-3.42 -6.93,-8.67 -10.23,3.92 -8.58,2.18 -19.01,-0.22 4.971,-21.38 17.76,-8.28 0.319,-3.7 2.681,-9.42 -0.3,-17.04 -1.87,-2.689 2.68,-0.41 0.31,-14.36 h 0.12 l 14.771,-2.07 0.93,-5.8 2.271,-2.27 3.619,-8.78 6.511,-8.79 5.37,-2.27 h 2.27 l 1.65,1.45 5.069,-16.02 6.61,5.99 1.97,-5.37 3,-0.92 1.24,0.21 -3.42,8.16 17.89,7.85 8.561,1.35 6.83,0.3 5.47,1.56 10.02,3.71 v -4.14 l -4.84,0.94 -2.18,-5.69 -3.21,0.62 -0.71,-2.27 1.33,-10.02 5.91,3.41 -1.87,7.23 2.27,3.3 4.24,-2.37 c 0,0 5.99,1.34 6.4,1.55 0.42,0.22 7.34,2.79 7.34,2.79 l 6.21,4.86 7.75,-0.41 5.05,7.54 2.48,-0.2 1.859,-6.42 10.33,0.32 -0.02,109.16 -2.41,-0.22 -1.98,1.21 -3.74,1.1 -1.21,-0.439 h -2.09 l -0.88,1.76 h -1.979 l -0.23,1.979 -1.42,2.86 -1.43,0.21 -1.771,-0.87 -1.319,-0.22 -1.421,-0.99 -2.75,-0.11 -2.76,2.75 -2.189,0.551 -0.551,1.529 -3.079,-2.52 -1.771,0.11 -1.09,1.09 -0.99,0.229 -0.77,0.76 -1.44,-0.329 -1.86,1.979 -0.989,4.08 -1.21,0.66 -1.98,1.32 0.22,2.75 -0.779,0.989 0.12,3.851 -1.32,1.1 -0.78,1.75 -6.27,3.3 -1.2,-0.33 -3.63,0.99 -1.65,-1.09 -2.2,0.43 -1.22,-0.54 -2.31,0.99 -1.86,4.17 -0.88,0.99 -0.33,1.979 2.74,6.5 h 1.319 l 1.221,0.99 0.22,1.54 -1.77,1.2 -2.74,-0.66 -1.76,0.78 v 1.649 l -3.521,2.75 -3.3,1.21 -1.76,-0.119 -1.87,0.989 -3.74,-1.529 -2.31,-2.53 -1.32,-0.23 h -2.53 l -0.99,-4.29 -1.55,-1.979 -1.859,0.33 -2.101,-1.65 -3.63,-0.1 -2.97,-0.66 -8.021,-0.56 z"
       id="Karasburg-East"
       style="fill:#fa6b88;stroke:#f5f5f5;stroke-width:0.82447;stroke-dasharray:none;stroke-opacity:1;fill-opacity:1"
       transform="matrix(0.60645048,0,0,0.60645048,0.0520035,-11.573805)" />
    <path
       fill="#ffcccc"
       d="m 527.506,1108.693 2.38,-1.03 0.51,1.24 -1.03,1.33 1.03,1.56 1.86,-2.8 0.319,-2.271 1.03,0.94 0.94,-1.24 1.029,0.72 -0.22,2.061 h 1.141 l 1.56,-1.34 -1.56,-2.471 1.76,0.62 c 0,0 0.31,-1.56 0.62,-1.45 0.31,0.101 1.449,0.921 1.449,0.921 l 1.75,-2.99 2.271,0.1 0.11,-1.35 -0.21,-1.44 -2.79,-1.04 -3.511,-1.729 10.561,-8.351 -0.101,-1.979 2.41,1.09 0.23,-1.32 1.75,-0.54 -1.09,-1.979 1.75,-0.55 1.109,0.989 0.44,-2.42 1.21,-0.88 -0.55,-1.1 -2.54,-0.45 1.439,-1.53 -1.109,-1.54 -2.641,-23.66 6.271,1.98 -1.65,-3.51 0.89,-1.54 1.54,1.54 3.08,-0.12 0.551,-1.42 -1.21,-0.44 -0.891,-0.88 0.78,-0.99 -0.55,-2.54 0.88,-0.87 1.319,0.87 v 1.55 l 0.54,0.88 1.98,-0.22 v -1.22 l -0.87,-1.65 0.11,-1.53 -0.561,-1.32 3.42,-1.21 -0.989,-1.98 1.529,0.66 1.65,-1.22 1.86,4.51 4.97,9.82 6.189,4.34 7.12,3.72 4.66,-3 10.24,9.72 1.33,-3.42 v -8.88 l 0.72,-4.86 21.51,0.94 -0.12,5.99 -0.31,14.36 -2.68,0.41 1.87,2.689 0.3,17.04 -2.681,9.42 -0.319,3.7 -17.76,8.28 -4.971,21.38 19.01,0.22 8.58,-2.18 10.23,-3.92 6.93,8.67 -6.72,3.42 -0.51,7.34 8.46,1.75 c 0,0 1.56,0.82 1.859,1.03 0.32,0.21 -1.649,6.21 -1.649,6.21 l 7.96,7.64 2.79,0.83 5.99,5.061 -2.58,5.17 -2.801,2.58 0.511,10.62 -4.521,0.329 -0.99,-0.659 h -1.42 l -1.22,1.76 -4.06,0.1 -3.41,1.221 -1.54,1.869 -1.65,0.54 -2.09,-1.199 -1.11,0.21 -1.319,1.55 -2.521,0.22 -2.97,-0.12 -2.2,-0.21 -1.22,-1.54 -5.49,0.431 -2.76,-0.54 -1.09,1.76 -2.75,-0.11 -2.311,2.42 -1.21,-0.109 -0.89,-1.771 -2.85,-0.87 -1.54,0.66 -2.311,-2.53 -1.979,-0.109 -2.42,0.54 -2.101,-3.181 -1.75,-1.319 -0.229,-1.44 -2.521,-1.75 -0.45,-1.649 -1.42,-0.33 -2.21,0.659 -0.66,-2.54 -1.319,-0.659 -0.431,1.22 -3.08,-0.99 -4.51,-0.33 -0.56,-0.77 -3.51,0.66 -2.431,-2.311 -1.319,0.21 -0.33,1.98 -1.32,0.229 -0.99,-1.649 -1.649,0.22 c 0,0 -0.54,1.43 -0.87,1.979 -0.33,0.54 -3.19,0.99 -3.19,0.99 l -2.97,-1.319 -0.771,-1.771 0.44,-1.979 -0.89,-1.091 -0.21,-2.54 -3.75,-0.76 -0.87,1.65 -1.21,0.1 -4.07,-0.87 -1.32,1.101 -1.54,-0.23 -2.97,2.641 -1.32,-0.33 -0.439,-1.32 0.439,-1.32 -0.109,-3.399 1.1,-1.65 -0.11,-1.55 0.66,-1.86 -0.66,-2.2 0.66,-2.31 -0.66,-1.1 h -1.869 l -1.101,1.199 -1.54,-0.659 v -3.07 l -1.22,-3.08 -1.86,-1.11 -0.989,-2.189 0.989,-3.75 0.99,-0.761 3.51,0.101 1.98,-4.061 -0.54,-3.3 -0.99,-2.54 -2.1,-1.529 0.12,-1.44 0.439,-1.2 -0.89,-2.1 -1.53,-0.99 -0.12,-1.86 -1.859,-2.64 -2.101,-0.45 -2.74,2.431 -1.649,-0.881 -1.55,1.21 -1.98,0.211 -1.53,-1.091 -2.1,-3.409 -0.1,-2.761 0.989,-2.85 v -3.96 l -0.66,-1.54 -1.069,-0.2 -0.681,-0.13 0.7,-0.03 -0.42,-1.45 0.11,-1.649 1.75,1.33 0.84,-0.3 -0.32,-2.07 0.931,-0.521 1.14,2.271 0.92,-0.2 0.22,-2.27 1.13,-0.511 1.24,1.95 2.07,-1.13 0.52,0.83 z"
       id="Karasburg-West"
       style="fill:#c5072e;stroke:#f5f5f5;stroke-width:0.82447;stroke-dasharray:none;stroke-opacity:1;fill-opacity:1"
       transform="matrix(0.60645048,0,0,0.60645048,0.0520035,-11.573805)" />
    <path
       fill="#ebcef2"
       d="m 517.896,1109.312 0.42,1.45 -0.7,0.03 h -0.01 l -2.76,-0.56 -1.32,-2.74 -3.84,-3.41 -1.21,1.32 -1.88,0.659 h -2.08 l -1.22,2.75 -0.99,0.101 -1.65,-1.86 -1.09,-0.12 -1.43,1.771 -1.11,0.109 -1.09,-0.659 h -1.88 l -1.65,1.979 0.45,2.97 -0.66,3.4 0.44,1.65 -1.55,1.55 -1.42,-1.431 -2.311,-0.449 -0.77,0.779 0.989,1.101 1.65,1.21 0.21,1.76 -1.2,0.66 h -1.979 l -1.54,-0.33 -0.33,1.09 1.09,0.66 1.32,0.56 v 1.54 l -0.33,2.311 -1.75,0.33 -1.65,-0.99 -0.77,-0.78 h -1.771 l -0.76,2.21 0.66,2.74 2.2,1.44 0.33,2.52 2.42,1.771 -1.551,1.76 -2.189,1.649 -0.22,1.65 0.55,1.54 v 2.42 l -2.86,1.87 -0.56,2.97 -1.98,0.54 -1.859,-0.21 -0.12,-1.649 -0.761,-1.44 -1.649,0.33 -1.98,1.65 -2.97,1.439 -0.56,2.42 -2.41,1.54 -2.42,0.44 -0.78,1.42 -3.18,0.99 -2.2,-0.431 -2.54,3.3 -0.54,3.73 -10.12,-7.8 -4.73,-4.84 -5.17,-6.381 1.87,-1.319 7.92,3.51 -3.19,-9.67 0.33,-2.21 1.54,0.45 5.28,1.979 7.92,-4.29 4.83,0.66 3.96,-4.29 h 2.64 l 3.63,-4.62 0.56,-1.319 -2.09,-4.95 0.771,-2.971 1.979,-0.329 v -0.99 l -1.1,-0.88 -0.55,-1.431 -1.32,-0.55 -0.77,-2.42 -1.32,-0.66 -2.101,-2.97 -0.659,-3.19 -2.521,-4.52 -0.99,-6.37 -1.77,-3.63 0.56,-1.65 -1.1,-1.88 0.99,-1.75 -0.33,-1.979 1.1,-4.62 1.98,-0.11 0.66,0.87 3.07,0.12 1.22,-1.21 0.33,1.75 5.71,0.56 8.811,4.62 10.45,-3.96 10.439,-6.17 9.03,-7.92 c 0,0 8.13,-4.39 8.13,-4.72 0,-0.33 1.88,-8.58 1.88,-8.58 l 7.92,3.19 7.36,5.61 -6.93,8.46 1.439,28.05 7.8,-1.979 3.511,1.729 2.79,1.04 0.21,1.44 -0.11,1.35 -2.271,-0.1 -1.75,2.99 c 0,0 -1.14,-0.82 -1.449,-0.921 -0.311,-0.109 -0.62,1.45 -0.62,1.45 l -1.76,-0.62 1.56,2.471 -1.56,1.34 h -1.141 l 0.22,-2.061 -1.029,-0.72 -0.94,1.24 -1.03,-0.94 -0.319,2.271 -1.86,2.8 -1.03,-1.56 1.03,-1.33 -0.51,-1.24 -2.38,1.03 0.939,-1.65 -0.52,-0.83 -2.07,1.13 -1.24,-1.95 -1.13,0.511 -0.22,2.27 -0.92,0.2 -1.14,-2.271 -0.931,0.521 0.32,2.07 -0.84,0.3 -1.75,-1.33 z"
       id="Oranjemund"
       style="fill:#f83a61;stroke:#f5f5f5;stroke-width:0.82447;stroke-dasharray:none;stroke-opacity:1;fill-opacity:1"
       transform="matrix(0.60645048,0,0,0.60645048,0.0520035,-11.573805)" />
    <path
       fill="#fffdc0"
       d="m 315.646,910.812 1.43,-0.66 1.09,-2.87 v -2.74 l -0.87,-2.75 v -1.65 l -0.91,-1.65 -0.41,-2.86 -3.3,-4.95 -1.32,-3.08 -0.22,-2.76 0.66,-3.73 -2.54,-3.86 -1.98,-1.98 -0.66,-1.75 -0.76,-0.66 -0.33,-1.43 -0.89,-0.88 v -1.65 l 0.89,0.33 0.99,-1.22 -0.33,-2.52 -1.43,-2.31 1.43,-5.83 1.09,-2.54 2.1,-2.74 -0.12,-3.08 -2.08,-4.62 -1.55,-2.64 0.45,-3.42 -2.97,-4.17 -0.45,-2.1 0.45,-3.07 -0.12,-2.42 -0.87,-1.87 1.1,-1.88 1.42,-5.82 0.99,-1.32 0.33,-2.2 -0.43,-2.64 1.87,-4.73 1.2,-2.2 -1.65,-5.51 -1.42,-3.18 85.03,-0.12 10.23,60.95 7.47,-2.09 13.98,21 7.26,7.92 5.82,-4.5 6.5,4.5 -3.86,-16.83 -1.42,-11.88 8.8,-3.4 0.99,1.98 2.75,0.33 c 0,0 0.55,1.98 -0.66,2.97 -1.22,0.99 -1.32,1.65 -1.32,1.65 l 1.42,4.95 4.19,17.16 0.99,8.25 1.49,2.97 0.16,4.95 2.97,-0.99 9.24,13.36 -9.41,0.17 3.47,12.37 9.24,-3.46 1.811,7.59 -1.48,2.64 1.32,3.3 -3.15,11.39 -2.29,1.64 v 3.14 l 4.94,4.29 1.66,6.43 -1.49,0.34 -0.17,1.64 -3.311,0.83 -3.449,3.47 v 2.96 l 9.239,6.44 -0.66,8.58 5.381,2.31 1.22,4.39 -0.771,2.31 -3.75,0.99 -2.739,2.43 7.26,3.41 0.76,-1.22 2.101,-0.21 3.96,5.72 -13.091,-3.86 -7.92,-0.33 -7.16,6.39 0.89,4.62 10.78,-2.43 6.38,4.95 10.37,-9.05 2.72,-2.38 2.42,13.97 8.35,1.87 0.891,6.48 -12.11,5.61 -0.21,2.64 6.27,14.97 6.381,8.03 1.75,4.18 -10.33,0.54 3.63,13.2 4.06,3.3 -10.439,6.17 -10.45,3.96 -8.811,-4.62 -5.71,-0.56 -0.33,-1.75 -1.22,1.21 -3.07,-0.12 -0.66,-0.87 -1.98,0.11 -1.1,4.62 0.33,1.979 -0.99,1.75 1.1,1.88 -0.56,1.65 1.77,3.63 0.99,6.37 2.521,4.52 0.659,3.19 2.101,2.97 1.32,0.66 0.77,2.42 1.32,0.55 0.55,1.431 1.1,0.88 v 0.99 l -1.979,0.329 -0.771,2.971 2.09,4.95 -0.56,1.319 -3.63,4.62 h -2.64 l -3.96,4.29 -4.83,-0.66 -7.92,4.29 -5.28,-1.979 -1.54,-0.45 -0.33,2.21 3.19,9.67 -7.92,-3.51 -1.87,1.319 -8.58,-8.909 -2.87,-1.771 -5.82,-7.47 -17.16,-14.97 -5.4,-6.04 -8.79,-9.57 -1.87,-3.08 -0.56,-1.87 1.11,0.101 -0.12,-2.74 -2.74,-3.08 -0.99,-3.19 -2.09,-2.42 -3.42,-2.859 -1.65,-2.54 -1.65,-1.2 v -1.87 l -2.08,-1.43 0.22,-1.65 0.87,-0.33 -1.09,-2.2 v -1.88 l 0.22,-1.75 -0.88,-1.1 0.22,-1.21 -1.65,-1.65 -0.78,-1.22 -2.97,-2.97 0.89,-1.09 -2.97,-3.86 0.22,-1.65 -1.65,-2.85 -5.17,-3.75 0.33,-2.52 -1.32,-1.65 -1.32,-1.32 v -1.54 l -1.32,-0.33 -1.98,-4.07 -1.55,-2.64 -0.43,-5.83 -1.98,-1.98 0.1,-4.29 0.89,-1.55 -0.89,-1.42 0.12,-1.98 -0.99,-0.89 -0.12,-2.08 0.78,-0.33 -0.33,-3.2 -1.77,-1.98 -0.21,-4.17 0.77,-4.62 -0.99,-2.64 -0.23,-2.2 -3.3,-1.43 -0.33,1.86 -1.75,-1.75 -1.76,-0.56 0.54,-3.3 -2.64,-6.37 -2.19,-4.07 0.44,-3.52 -1.98,0.1 -0.66,-4.5 0.43,-3.75 0.45,-2.41 1.1,1.42 1.87,-0.43 0.54,-1.55 0.99,1.44 -0.76,1.53 0.88,3.2 0.87,-0.33 0.45,-1.98 -0.12,-3.08 1.32,0.11 v -2.31 l 0.78,-0.33 -0.12,-3.3 -1.65,0.43 -0.99,-0.76 -0.33,-7.16 -1.75,-2.52 -1.1,-1.98 1.53,-0.78 -0.33,-1.32 -2.52,-2.52 -0.33,-1.77 -6.6,-4.72 -3.75,-0.77 -2.74,-3.3 0.66,-1.21 -0.77,-2.21 1.2,-2.64 -1.09,-2.08 1.32,-1.88 0.1,-2.52 -2.97,-3.09 -0.33,-2.31 1.55,0.23 z"
       id="ǃNamiǂNûs"
       style="fill:#f83a61;stroke:#f5f5f5;stroke-width:0.82447;stroke-dasharray:none;stroke-opacity:1;fill-opacity:1"
       transform="matrix(0.60645048,0,0,0.60645048,0.0520035,-11.573805)" />
    <path
       fill="#ffdea9"
       d="m 513.436,718.172 5.03,10.86 -5.18,9.75 2.71,2.34 6.04,3.57 4.939,-0.73 -1.229,3.32 0.739,3.34 -2.1,0.61 4.31,7.28 -2.34,8.02 2.97,7.28 1.101,9.87 11.47,-0.99 4.45,3.83 -19.74,12.95 -5.55,2.09 2.47,3.95 -2.59,6.29 -2.59,-0.37 -5.8,1.85 -1.96,4.2 -7.78,-0.25 -5.06,3.82 -3.58,1.11 -2.46,-0.73 0.119,-1.61 -14.31,3.57 0.12,5.93 2.71,1.23 v 9.01 l -3.7,-0.38 0.13,5.68 -2.069,9.29 -6.391,-0.87 -5.38,0.66 -3.86,-8.7 -6.04,14.97 -4.52,2.42 -1.42,-4.95 c 0,0 0.1,-0.66 1.32,-1.65 1.21,-0.99 0.66,-2.97 0.66,-2.97 l -2.75,-0.33 -0.99,-1.98 -8.8,3.4 1.42,11.88 3.86,16.83 -6.5,-4.5 -5.82,4.5 -7.26,-7.92 -13.98,-21 -7.47,2.09 -10.23,-60.95 -85.03,0.12 -2.33,-4.69 -2.16,-4.58 0.67,-1.9 -0.54,-2.82 0.68,-2.7 -4.59,-10.53 -5.27,-7.28 -8.76,-10.66 v -2.16 l 1.35,-1.75 0.54,-3.24 -1.08,-4.05 -9.17,-20.77 -3.24,-11.33 -1.48,-8.91 0.26,-6.61 1.49,-2.29 1.89,-0.95 1.21,-2.16 0.13,-4.86 0.27,-2.41 -0.93,-2.7 0.4,-2.03 -0.54,-3.51 v -3.38 l 0.54,-2.69 -0.15,-2.96 1.08,-4.32 -3.36,-8.23 55.43,7 0.56,-0.39 0.8,1.62 1.9,0.26 0.79,1.22 2.84,-0.27 0.68,0.95 h 2.16 l 1.21,1.08 1.49,-0.95 1.75,1.75 1.35,-0.8 1.22,1.21 7.01,0.13 4.18,2.03 1.22,-0.95 3.24,0.14 1.2,1.22 v 1.21 l 26.17,8.9 -1.75,16.73 6.88,2.01 11.33,-0.8 1.08,-3.52 6.21,-0.53 7.56,-3.64 5.39,-1.08 3.51,0.81 7.01,-4.32 -1.07,3.78 0.67,4.45 -4.04,-0.54 -7.02,5.14 1.21,1.74 9.44,0.27 1.77,3.38 -2.17,5.53 7.82,-4.45 6.56,-3.95 1.61,4.08 -6.66,4.93 2.84,2.1 2.59,9.74 -6.17,2.1 1.47,6.79 10.99,1.36 4.44,-9.88 7.4,-0.86 6.909,4.44 1.36,-2.95 5.79,4.55 6.29,1.24 0.13,6.66 1.22,0.98 2.23,-0.48 1.109,-1.61 h 1.48 l 0.13,-3.21 -2.97,-2.09 2.97,-8.52 6.9,1.48 1.85,2.72 3.7,-1.72 0.86,1.48 5.68,-0.5 0.12,1.23 z"
       id="Daweb"
       style="fill:#fc8136;stroke:#f5f5f5;stroke-width:0.82447;stroke-dasharray:none;stroke-opacity:1;fill-opacity:1"
       transform="matrix(0.60645048,0,0,0.60645048,0.0520035,-11.573805)" />
    <polygon
       fill="#e8f2ad"
       points="274.616,592.292 275.096,593.382 276.375,592.612 275.605,591.712 276.085,591.282 277.176,591.473 278.085,590.462 277.286,588.993 277.176,588.012 276.646,587.163 277.926,584.822 277.716,580.572 278.146,575.792 277.605,573.462 276.226,570.493 277.076,568.893 276.966,567.833 276.226,565.502 278.926,564.192 282.656,564.052 284.996,562.402 285.826,560.752 289.416,560.333 289.416,569.562 295.625,572.322 306.536,575.353 311.636,576.462 319.506,579.902 319.506,600.712 334.406,606.353 336.476,608.433 338.266,608.562 339.096,610.632 341.036,612.703 343.786,613.252 346.006,615.453 350.826,618.902 362.696,625.382 366.426,626.342 375.536,626.482 377.466,627.583 380.085,628.413 381.605,627.583 385.476,627.712 388.506,625.243 392.096,625.512 393.916,624.672 394.036,624.643 395.576,630.562 395.486,633.652 393.216,633.893 387.355,645.933 396.706,652.353 395.976,659.022 397.366,667.962 396.786,674.632 389.875,675.692 387.636,674.092 361.466,665.192 361.466,663.982 360.266,662.762 357.026,662.623 355.806,663.572 351.625,661.542 344.616,661.413 343.396,660.203 342.046,661.002 340.296,659.252 338.806,660.203 337.596,659.123 335.436,659.123 334.756,658.172 331.916,658.442 331.125,657.223 329.226,656.962 328.426,655.342 327.866,655.732 272.436,648.732 268.516,637.902 268.576,634.192 269.526,633.232 270.266,633.232 271.976,632.062 271.226,633.663 271.125,635.462 272.506,635.462 273.996,634.292 274.636,628.032 273.565,622.833 272.296,618.373 267.396,604.353 265.706,597.032 265.916,590.982 267.396,589.072 267.716,586.092 267.826,583.973 268.896,582.913 269.746,583.333 268.786,584.292 268.466,585.562 268.896,587.163 268.676,588.853 267.936,591.192 268.036,593.103 269.636,590.982 271.776,591.752 271.236,592.663 271.016,595.442 272.506,593.422 274.116,593.862 "
       id="Walvis-Bay-Rural"
       style="fill:#e3981c;stroke:#f5f5f5;stroke-width:0.82447;stroke-dasharray:none;stroke-opacity:1;fill-opacity:1"
       transform="matrix(0.60645048,0,0,0.60645048,0.0520035,-11.573805)" />
    <polygon
       fill="#ebcef2"
       points="275.096,593.382 274.616,592.292 274.116,593.862 272.506,593.422 273.346,592.103 272.625,591.362 273.676,590.232 276.646,587.163 277.176,588.012 277.286,588.993 278.085,590.462 277.176,591.473 276.085,591.282 275.605,591.712 276.375,592.612 "
       id="Walvis-Bay-Urban"
       style="fill:#e3981c;stroke:#f5f5f5;stroke-width:0.82447;stroke-dasharray:none;stroke-opacity:1;fill-opacity:1"
       transform="matrix(0.60645048,0,0,0.60645048,0.0520035,-11.573805)" />
    <polygon
       fill="#ffcccc"
       points="276.646,558.812 274.846,555.092 274.846,553.822 275.486,552.652 290.246,553.442 294.246,559.922 291.486,561.292 289.416,560.333 285.826,560.752 284.996,562.402 282.656,564.052 278.926,564.192 276.226,565.502 276.436,563.163 276.866,560.933 "
       id="Swakopmund"
       style="fill:#e9ac49;stroke:#f5f5f5;stroke-width:0.82447;stroke-dasharray:none;stroke-opacity:1;fill-opacity:1"
       transform="matrix(0.60645048,0,0,0.60645048,0.0520035,-11.573805)" />
    <polygon
       fill="#ffdea9"
       points="289.416,560.333 291.486,561.292 294.246,559.922 290.246,553.442 275.486,552.652 272.716,546.393 271.656,544.692 269.956,540.663 269.956,538.532 268.036,533.542 267.936,531.522 265.596,528.022 265.386,525.792 264.105,523.672 258.046,517.512 257.516,515.922 254.746,512.732 254.855,511.672 255.276,510.612 254.426,509.132 246.666,499.893 244.966,497.022 241.776,494.262 239.546,489.802 235.076,485.342 234.656,483.752 230.716,480.032 224.125,474.413 225.196,473.562 226.886,471.542 226.886,469.953 226.146,467.933 224.656,465.812 221.466,461.993 219.766,458.802 217.746,456.152 217.636,454.243 216.046,450.103 216.156,448.822 215.625,447.762 212.326,443.623 211.796,441.822 210.726,439.272 207.006,434.603 205.516,433.752 205.516,432.473 204.346,430.562 202.866,429.502 201.476,427.592 200.416,425.252 200.315,423.663 194.676,417.183 197.436,415.802 199.456,414.103 202.226,412.192 205.096,411.353 206.696,410.083 208.286,408.382 209.766,408.382 212.746,405.512 215.616,402.223 218.906,401.373 220.936,400.103 222.096,400.853 223.166,400.212 223.166,400.203 228.696,405.312 281.826,496.953 311.496,509.623 327.366,531.672 334.956,526.433 338.826,530.152 341.166,533.192 337.996,537.462 339.096,546.002 342.406,550.552 340.616,554.413 341.866,559.502 346.276,563.092 354.006,562.812 356.076,568.333 354.976,569.562 360.486,577.143 375.256,580.453 376.906,592.853 374.286,611.042 384.085,613.252 393.016,621.192 393.136,621.163 394.036,624.643 393.916,624.672 392.096,625.512 388.506,625.243 385.476,627.712 381.605,627.583 380.085,628.413 377.466,627.583 375.536,626.482 366.426,626.342 362.696,625.382 350.826,618.902 346.006,615.453 343.786,613.252 341.036,612.703 339.096,610.632 338.266,608.562 336.476,608.433 334.406,606.353 319.506,600.712 319.506,579.902 311.636,576.462 306.536,575.353 295.625,572.322 289.416,569.562 "
       id="Arandis"
       style="fill:#e9ac49;stroke:#f5f5f5;stroke-width:0.82447;stroke-dasharray:none;stroke-opacity:1;fill-opacity:1"
       transform="matrix(0.60645048,0,0,0.60645048,0.0520035,-11.573805)" />
    <polygon
       fill="#fffdc0"
       points="350.056,356.482 348.776,357.333 347.936,357.232 346.656,358.183 346.976,360.092 345.696,361.893 343.996,361.683 343.996,363.172 342.516,363.592 341.976,364.762 340.386,365.292 336.875,367.302 335.506,370.493 333.266,372.933 332.196,372.933 331.036,374.522 331.036,376.232 328.056,377.933 326.676,377.612 326.146,378.982 324.976,379.522 324.125,378.982 322.846,380.262 321.146,380.683 320.726,382.703 318.815,383.433 318.176,384.933 316.046,384.933 315.936,386.732 314.875,387.373 313.815,387.152 312.866,387.473 313.065,390.762 311.696,390.762 311.156,389.913 309.136,390.552 309.036,391.502 307.436,392.143 306.806,393.413 305.846,393.942 304.886,394.052 303.716,394.792 302.875,397.032 300.956,397.123 300.426,397.982 297.246,398.833 292.026,399.993 290.966,399.672 289.375,400.532 287.565,400.312 284.166,399.462 283.625,398.502 282.565,398.292 281.506,397.453 280.335,397.453 278.326,397.032 277.576,396.172 275.976,396.172 275.446,397.772 273.536,397.032 270.556,397.873 267.266,396.603 266.206,395.333 264.926,395.862 263.656,395.433 261.846,396.382 260.896,397.243 257.916,397.342 256.426,396.812 255.796,397.032 255.046,397.552 253.875,396.493 252.815,396.712 251.746,395.652 250.686,395.433 249.516,395.433 248.776,394.482 247.706,395.002 246.646,393.743 245.796,394.482 244.306,394.482 242.506,394.052 241.016,395.002 238.676,395.123 237.296,396.172 232.196,395.862 228.896,396.913 228.576,398.402 226.666,397.663 225.706,398.833 223.166,398.623 223.166,400.203 223.166,400.212 222.096,400.853 220.936,400.103 218.906,401.373 215.616,402.223 212.746,405.512 209.766,408.382 208.286,408.382 206.696,410.083 205.096,411.353 202.226,412.192 199.456,414.103 197.436,415.802 194.676,417.183 192.065,414.482 189.506,411.282 187.585,407.762 187.266,402.973 184.386,398.812 181.496,394.493 178.456,391.453 178.136,389.382 174.446,385.703 170.926,377.393 171.565,375.473 170.446,370.353 170.286,367.312 168.366,363.152 166.756,358.833 163.565,354.042 161.956,350.042 159.716,345.083 160.036,339.333 158.756,331.493 155.556,326.382 155.396,322.542 154.266,319.822 151.716,317.583 150.276,315.183 147.386,312.152 143.706,310.382 141.625,307.833 140.186,303.353 140.016,300.643 139.966,300.422 140.016,300.413 297.835,300.413 297.846,300.413 298.166,301.192 297.076,306.953 304.406,308.152 314.246,307.433 315.576,312.942 318.216,312.232 331.315,314.502 331.315,320.743 329.266,320.743 326.386,325.663 326.506,329.623 333.466,332.853 337.196,339.092 338.636,341.612 348.246,342.322 350.276,344.243 350.046,347.373 353.526,346.413 355.156,349.163 352.926,351.393 352.926,352.663 351.756,353.942 349.846,353.942 "
       id="Khorixas"
       style="fill:#fa6b88;stroke:#f5f5f5;stroke-width:0.82447;stroke-dasharray:none;stroke-opacity:1;fill-opacity:1"
       transform="matrix(0.60645048,0,0,0.60645048,0.0520035,-11.573805)" />
    <polygon
       fill="#e8f2ad"
       points="264.926,395.862 266.206,395.333 267.266,396.603 270.556,397.873 273.536,397.032 275.446,397.772 275.976,396.172 277.576,396.172 278.326,397.032 280.335,397.453 281.506,397.453 282.565,398.292 283.625,398.502 284.166,399.462 287.565,400.312 289.375,400.532 290.966,399.672 292.026,399.993 297.246,398.833 300.426,397.982 300.956,397.123 302.875,397.032 303.716,394.792 304.886,394.052 305.846,393.942 306.806,393.413 307.436,392.143 309.036,391.502 309.136,390.552 311.156,389.913 311.696,390.762 313.065,390.762 312.866,387.473 313.815,387.152 314.875,387.373 315.936,386.732 316.046,384.933 318.176,384.933 318.815,383.433 320.726,382.703 321.146,380.683 322.846,380.262 324.125,378.982 324.976,379.522 326.146,378.982 326.676,377.612 328.056,377.933 331.036,376.232 331.036,374.522 332.196,372.933 333.266,372.933 335.506,370.493 336.875,367.302 340.386,365.292 341.976,364.762 342.516,363.592 343.996,363.172 343.996,361.683 345.696,361.893 346.976,360.092 346.656,358.183 347.936,357.232 348.776,357.333 350.056,356.482 349.846,353.942 351.756,353.942 352.926,352.663 352.926,351.393 355.156,349.163 360.896,349.163 364.196,354.052 366.736,354.262 372.156,356.373 372.246,356.362 372.875,361.132 372.666,366.862 370.016,371.552 368.766,378.862 375.946,382.163 376.506,384.782 372.766,389.603 373.056,390.982 382.986,395.672 384.646,400.632 372.906,412.893 363.666,414.822 360.766,414.132 357.315,428.322 359.656,433.292 363.256,434.252 363.386,436.232 364.766,435.913 365.736,434.663 367.946,434.663 369.046,436.183 366.286,444.032 370.286,446.382 367.396,454.232 366.565,457.262 366.146,460.842 364.625,465.802 364.625,468.703 355.656,480.143 353.726,494.473 351.105,504.252 344.896,503.703 332.616,512.792 327.926,519.683 321.296,509.493 311.496,509.623 281.826,496.953 228.696,405.312 223.166,400.203 223.166,398.623 225.706,398.833 226.666,397.663 228.576,398.402 228.896,396.913 232.196,395.862 237.296,396.172 238.676,395.123 241.016,395.002 242.506,394.052 244.306,394.482 245.796,394.482 246.646,393.743 247.706,395.002 248.776,394.482 249.516,395.433 250.686,395.433 251.746,395.652 252.815,396.712 253.875,396.493 255.046,397.552 255.796,397.032 256.426,396.812 257.916,397.342 260.896,397.243 261.846,396.382 263.656,395.433 "
       id="Dâures"
       style="fill:#fa6b88;stroke:#f5f5f5;stroke-width:0.82447;stroke-dasharray:none;stroke-opacity:1;fill-opacity:1"
       transform="matrix(0.60645048,0,0,0.60645048,0.0520035,-11.573805)" />
    <polygon
       fill="#ebcef2"
       points="355.656,480.143 364.625,468.703 364.625,465.802 366.146,460.842 366.565,457.262 367.396,454.232 368.766,457.123 372.855,455.612 367.946,470.083 368.625,472.562 375.116,467.322 380.366,467.052 382.156,466.913 380.085,473.252 383.536,473.933 388.226,472.002 390.846,471.592 394.166,466.083 398.716,468.973 409.346,470.072 409.486,467.183 418.036,467.183 426.046,466.353 423.976,467.873 424.116,469.942 430.875,469.522 431.146,466.083 435.016,466.493 434.736,469.112 433.636,472.833 435.846,472.973 438.886,472.143 441.506,470.212 443.986,469.802 445.366,471.042 446.446,471.103 450.646,482.493 450.286,486.493 452.286,486.312 453.656,489.413 451.835,494.882 452.286,496.243 453.386,496.882 452.105,499.072 452.556,503.623 448.636,504.353 451.375,510.362 451.006,511.362 448.906,511.002 448.276,513.272 441.065,517.282 444.166,521.933 445.716,526.212 444.716,526.942 445.636,528.942 447.176,529.853 448.636,534.103 442.156,538.422 441.976,546.373 435.996,545.842 436.176,546.732 431.266,550.032 431.436,552.623 425.726,556.462 417.696,553.422 407.065,565.123 417.335,564.853 417.866,568.422 417.426,578.873 407.335,579.143 406.886,581.462 403.315,581.282 402.065,582.353 399.026,608.422 400.996,611.822 406.176,615.302 405.546,616.822 403.676,616.462 402.065,617.802 400.636,617.172 399.656,618.692 398.136,617.712 397.335,618.873 395.906,619.413 394.676,618.853 393.125,621.132 393.136,621.163 393.016,621.192 384.085,613.252 374.286,611.042 376.906,592.853 375.256,580.453 360.486,577.143 354.976,569.562 356.076,568.333 354.006,562.812 346.276,563.092 341.866,559.502 340.616,554.413 342.406,550.552 339.096,546.002 337.996,537.462 341.166,533.192 338.826,530.152 334.956,526.433 327.366,531.672 311.496,509.623 321.296,509.493 327.926,519.683 332.616,512.792 344.896,503.703 351.105,504.252 353.726,494.473 "
       id="Karibib"
       style="fill:#f83a61;stroke:#f5f5f5;stroke-width:0.82447;stroke-dasharray:none;stroke-opacity:1;fill-opacity:1"
       transform="matrix(0.60645048,0,0,0.60645048,0.0520035,-11.573805)" />
    <path
       fill="#ffcccc"
       d="m 472.155,527.262 5.271,-1.6 c 0,0 0.71,4.28 0.71,4.64 0,0.35 -7.05,-0.8 -7.05,-0.8 l -2.23,2.49 -4.649,-2.05 -4.46,3.75 -1.87,-2.68 -9.03,2.95 -0.21,0.14 -1.46,-4.25 -1.54,-0.91 -0.92,-2 1,-0.73 -1.55,-4.28 -3.1,-4.65 7.21,-4.01 0.63,-2.27 2.1,0.36 0.37,-1 -2.74,-6.01 3.92,-0.73 -0.45,-4.55 1.28,-2.19 -1.1,-0.64 -0.45,-1.36 1.82,-5.47 -1.37,-3.1 -2,0.18 0.36,-4 -4.2,-11.39 3.09,-11.02 0.32,-9.56 8.29,-9.98 3.83,-2.44 -3.08,-6.9 -1.7,-6.26 2.02,-3.51 -0.85,-5.62 0.02,-0.04 6.89,4.14 5.7,1.42 0.59,-3.08 7.141,0.35 4.75,1.07 -0.351,1.9 3.2,1.42 0.59,1.9 3.69,30.3 -0.24,5.7 1.9,5.46 -1.421,4.87 1.54,10.94 h 4.04 l 2.021,-1.43 1.66,4.16 4.75,6.78 -1.54,0.34 -0.36,0.96 -1.06,0.12 -0.96,1.19 -2.49,-0.48 -2.5,4.87 0.95,1.9 -0.83,1.66 3.09,6.06 2.97,3.33 0.11,3.56 1.79,2.74 0.38,2.98 0.01,0.02 -0.01,0.01 -2.85,2.76 -2.771,-5.09 -4.38,5 -9.01,3.93 -1.25,-3.75 -5.9,-5.36 -1.87,-0.17 0.351,3.48 -2.761,0.35 -0.72,1.97 -2.229,1.16 z"
       id="Okahandja"
       style="fill:#f83a61;stroke:#f5f5f5;stroke-width:0.82447;stroke-dasharray:none;stroke-opacity:1;fill-opacity:1"
       transform="matrix(0.60645048,0,0,0.60645048,0.0520035,-11.573805)" />
    <polygon
       fill="#fffdc0"
       points="430.396,400.522 433.266,399.143 435.386,402.833 435.396,402.853 439.646,407.853 443.056,408.373 446.026,412.203 446.456,414.953 449.756,415.172 450.596,416.442 458.366,415.812 459.216,421.433 457.196,424.942 458.896,431.203 461.976,438.103 458.146,440.542 449.855,450.522 449.536,460.083 446.446,471.103 445.366,471.042 443.986,469.802 441.506,470.212 438.886,472.143 435.846,472.973 433.636,472.833 434.736,469.112 435.016,466.493 431.146,466.083 430.875,469.522 424.116,469.942 423.976,467.873 426.046,466.353 418.036,467.183 409.486,467.183 409.346,470.072 398.716,468.973 394.166,466.083 390.846,471.592 388.226,472.002 383.536,473.933 380.085,473.252 382.156,466.913 380.366,467.052 375.116,467.322 368.625,472.562 367.946,470.083 372.855,455.612 368.766,457.123 367.396,454.232 370.286,446.382 366.286,444.032 369.046,436.183 367.946,434.663 365.736,434.663 364.766,435.913 363.386,436.232 363.256,434.252 359.656,433.292 357.315,428.322 360.766,414.132 363.666,414.822 372.906,412.893 384.646,400.632 382.986,395.672 373.056,390.982 372.766,389.603 376.506,384.782 375.946,382.163 368.766,378.862 370.016,371.552 372.666,366.862 375.426,368.453 380.636,369.842 385.526,368.993 386.486,376.002 387.556,376.422 395.625,383.962 413.496,393.723 418.916,399.672 420.936,400.732 421.466,399.252 427.956,402.752 "
       id="Omaruru"
       style="fill:#f83a61;stroke:#f5f5f5;stroke-width:0.82447;stroke-dasharray:none;stroke-opacity:1;fill-opacity:1"
       transform="matrix(0.60645048,0,0,0.60645048,0.0520035,-11.573805)" />
    <polygon
       fill="#ffdea9"
       points="443.146,397.393 435.436,402.802 435.386,402.833 433.266,399.143 430.396,400.522 427.956,402.752 421.466,399.252 420.936,400.732 418.916,399.672 413.496,393.723 395.625,383.962 387.556,376.422 386.486,376.002 385.526,368.993 380.636,369.842 375.426,368.453 372.666,366.862 372.875,361.132 372.246,356.362 372.436,356.342 380.456,355.822 381.366,351.603 384.375,347.833 392.656,347.833 398.375,354.022 404.096,346.482 408.046,342.833 408.166,342.723 415.536,340.612 422.315,341.373 426.085,338.802 431.046,338.052 432.406,341.373 439.786,338.052 440.686,333.382 438.726,330.223 439.176,322.542 441.585,320.143 445.506,319.223 454.386,313.812 461.166,313.812 459.206,308.393 458.756,302.362 467.336,301.913 474.266,299.812 476.065,297.703 479.266,304.873 492.476,311.792 489.006,317.172 490.676,317.692 483.756,330.243 480.166,335.632 472.735,342.292 474.016,344.462 477.096,348.322 472.605,350.612 469.405,345.882 466.456,347.413 461.976,351.002 449.416,362.152 448.786,363.692 447.246,364.453 446.216,366.382 444.166,366.893 443.656,368.683 441.216,371.632 445.315,375.092 446.855,375.603 447.246,376.632 443.016,383.802 446.855,385.982 444.686,390.592 440.585,394.962 "
       id="Otjiwarongo"
       style="fill:#f83a61;stroke:#f5f5f5;stroke-width:0.82447;stroke-dasharray:none;stroke-opacity:1;fill-opacity:1"
       transform="matrix(0.60645048,0,0,0.60645048,0.0520035,-11.573805)" />
    <polygon
       fill="#e8f2ad"
       points="454.565,245.882 466.405,245.982 475.016,250.833 475.115,250.782 475.166,250.873 477.126,260.052 475.166,295.292 476.065,297.703 474.266,299.812 467.336,301.913 458.756,302.362 459.206,308.393 461.166,313.812 454.386,313.812 445.506,319.223 441.585,320.143 439.176,322.542 438.726,330.223 440.686,333.382 439.786,338.052 432.406,341.373 431.046,338.052 426.085,338.802 422.315,341.373 415.536,340.612 408.166,342.723 408.046,342.833 407.966,342.743 411.065,337.042 410.936,330.933 407.926,322.062 408.776,314.752 407.335,312.232 407.096,308.152 405.896,300.112 408.776,292.683 408.656,283.092 405.896,276.493 403.726,268.092 402.896,261.862 402.766,254.663 404.565,247.112 403.006,242.672 401.326,242.192 405.686,235.962 413.226,236.542 423.826,239.592 428.506,239.493 432.036,241.402 443.686,244.453 448.746,244.262 "
       id="Outjo"
       style="fill:#f83a61;stroke:#f5f5f5;stroke-width:0.82447;stroke-dasharray:none;stroke-opacity:1;fill-opacity:1"
       transform="matrix(0.60645048,0,0,0.60645048,0.0520035,-11.573805)" />
    <path
       fill="#fffdc0"
       d="m 536.865,230.062 -0.29,7.5 4.271,4.41 1.32,-3.09 6.63,3.97 -0.58,1.32 6.609,4.86 2.07,-2.5 7.66,6.62 6.62,0.14 5.61,-2.78 2.06,-0.16 1.76,5 v 0.04 l -2.8,-0.24 2.7,6.16 0.12,3.46 2.689,-1.29 1.54,2.95 -1.92,1.54 2.43,3.46 3.86,7.05 1.14,-0.38 3.851,5.5 1.79,-0.89 6.149,8.71 -2.819,1.54 9.229,11.4 -14.609,3.71 -0.511,16.91 -24.09,13.98 -1.66,-7.44 c 0,0 -9.109,-0.25 -9.489,-0.25 -0.381,0 -3.2,1.16 -3.2,1.16 l -1.54,-2.7 -0.771,-3.21 -12.05,2.83 -6.91,-2.18 -10,7.82 -1.79,6.15 -1.54,3.83 -1.92,1.42 -1.529,3.59 -1.54,0.39 -0.391,1.4 -4.22,2.18 -7.06,-3.58 0.39,-2.57 -21.01,-9.87 -2.96,-2.3 3.59,-5.39 6.92,-12.55 -1.67,-0.52 3.47,-5.38 -13.21,-6.92 -3.2,-7.17 -0.899,-2.41 1.96,-35.24 -1.96,-9.18 -0.051,-0.09 26.431,-13.34 11.47,-13.71 -0.16,-2.11 1.351,-0.75 -0.29,-1.8 6.33,-2.26 1.89,5 6.04,-2.79 2.8,5.3 -0.29,5.44 4.271,-0.3 -0.15,-3.38 6.04,-0.74 -0.45,4.12 z"
       id="Otavi"
       style="fill:#f70839;stroke:#f5f5f5;stroke-width:0.82447;stroke-dasharray:none;stroke-opacity:1;fill-opacity:1"
       transform="matrix(0.60645048,0,0,0.60645048,0.0520035,-11.573805)" />
    <path
       fill="#e8f2ad"
       d="m 435.436,402.802 7.71,-5.41 -2.56,-2.43 4.1,-4.37 2.17,-4.61 -3.84,-2.18 4.23,-7.17 -0.39,-1.03 -1.54,-0.51 -4.1,-3.46 2.44,-2.95 0.51,-1.79 2.05,-0.51 1.03,-1.93 1.54,-0.76 0.63,-1.54 12.56,-11.15 4.48,-3.59 2.949,-1.53 3.2,4.73 4.49,-2.29 -3.08,-3.86 -1.28,-2.17 7.431,-6.66 2.96,2.3 21.01,9.87 -0.39,2.57 7.06,3.58 4.22,-2.18 0.391,-1.4 1.54,-0.39 1.529,-3.59 1.92,-1.42 1.54,-3.83 1.79,-6.15 10,-7.82 6.91,2.18 12.05,-2.83 0.771,3.21 1.54,2.7 c 0,0 2.819,-1.16 3.2,-1.16 0.38,0 9.489,0.25 9.489,0.25 l 1.66,7.44 -3.47,0.64 -4.73,-0.78 -5.76,-3.96 -1.67,13.32 -3.34,0.26 -6.4,3.07 -4.479,-5.12 -2.44,1.28 -3.08,4.1 3.2,3.46 1.93,0.9 4.221,11.4 11.67,10.51 1.02,2.05 14.23,5 26.52,3.96 6.8,4.24 -1.029,1.53 13.279,9.49 8.82,1.56 -0.67,5.99 0.03,-0.01 5.81,-2.1 v 4.45 l -6.29,2.33 -0.02,0.01 1.76,2.69 0.7,2.81 2.899,3.25 -12.71,-3.38 -5.38,0.93 v 0.01 h -0.02 l 0.35,12.52 3.86,14.16 -0.47,3.51 0.47,5.03 -4.45,4.21 1.29,1.63 -7.93,2.57 -0.03,0.01 0.59,1.17 -11.479,3.98 -0.71,-1.7 -6.07,1.7 -2.59,1.25 -3.57,4.46 -4.64,2.95 -4.29,0.8 -4.46,2.06 -3.67,-3.93 -8.03,1.69 -1.07,3.13 -5.18,3.93 0.35,2.14 -3.12,2.23 -3.3,0.36 1.87,6.6 -1.07,6.79 -6.51,-3.3 0.97,1.87 -0.619,3.31 -2.41,-0.18 -5.36,1.88 -1.689,-3.49 -2.141,4.02 0.26,5.44 -7.319,2.95 -6.431,4.2 -2.68,-5.81 -5.08,3.93 -0.01,-0.02 -0.38,-2.98 -1.79,-2.74 -0.11,-3.56 -2.97,-3.33 -3.09,-6.06 0.83,-1.66 -0.95,-1.9 2.5,-4.87 2.49,0.48 0.96,-1.19 1.06,-0.12 0.36,-0.96 1.54,-0.34 -4.75,-6.78 -1.66,-4.16 -2.021,1.43 h -4.04 l -1.54,-10.94 1.421,-4.87 -1.9,-5.46 0.24,-5.7 -3.69,-30.3 -0.59,-1.9 -3.2,-1.42 0.351,-1.9 -4.75,-1.07 -7.141,-0.35 -0.59,3.08 -5.7,-1.42 -6.89,-4.14 -0.02,0.04 -7.77,0.63 -0.84,-1.27 -3.3,-0.22 -0.43,-2.75 -2.97,-3.83 -3.41,-0.52 -4.25,-5 -0.01,-0.02 z"
       id="Omatako"
       style="fill:#f83a61;stroke:#f5f5f5;stroke-width:0.82447;stroke-dasharray:none;stroke-opacity:1;fill-opacity:1"
       transform="matrix(0.60645048,0,0,0.60645048,0.0520035,-11.573805)" />
    <path
       fill="#ebcef2"
       d="m 644.676,390.802 v 1.4 l -1.17,2.57 0.24,4.57 -0.94,1.4 0.24,2.22 -0.811,3.25 -4.79,-9.34 -0.02,0.01 -12.13,3.5 -0.03,0.01 -0.62,5.48 -8.82,-1.56 -13.279,-9.49 1.029,-1.53 -6.8,-4.24 -26.52,-3.96 -14.23,-5 -1.02,-2.05 -11.67,-10.51 -4.221,-11.4 -1.93,-0.9 -3.2,-3.46 3.08,-4.1 2.44,-1.28 4.479,5.12 6.4,-3.07 3.34,-0.26 1.67,-13.32 5.76,3.96 4.73,0.78 3.47,-0.64 24.09,-13.98 0.511,-16.91 14.609,-3.71 1.79,-0.26 5.38,-4.1 2.95,5.13 13.32,-12.56 6.8,-10.89 c 0,0 -4.1,-2.95 -4.1,-3.34 0,-0.38 -0.891,-3.71 -0.891,-3.71 l 2.17,-2.17 2.051,1.4 0.119,-1.67 3.341,-2.68 2.06,-3.71 -2.06,-1.54 3.71,-5.52 3.85,1.42 2.05,1.91 3.97,-7.63 29.73,31.08 v 59.25 0.06 l -0.58,0.11 -0.939,0.82 -2.32,-0.23 h -0.021 l -1.399,1.17 -1.04,0.34 -1.641,-0.11 h -0.02 l -1.05,0.94 -3.63,1.28 -2.66,2.33 -0.021,0.01 -3.51,2.34 -0.7,1.52 -1.06,1.52 -0.11,1.75 -1.76,1.17 -0.93,1.87 -1.87,0.32 -0.92,0.15 h -0.021 l -1.52,1.99 -3.05,1.88 -0.811,2.45 -1.06,1.06 -4.33,7.02 0.12,1.28 -1.17,2.58 -1.171,0.58 0.23,1.88 -0.82,1.52 -0.35,2.68 -0.67,0.12 -0.03,0.01 v 0.81 l 1.64,1.53 z"
       id="Okakarara"
       style="fill:#66b2ff;stroke:#f5f5f5;stroke-width:0.82447;stroke-dasharray:none;stroke-opacity:1;fill-opacity:1"
       transform="matrix(0.60645048,0,0,0.60645048,0.0520035,-11.573805)" />
    <path
       fill="#e8f2ad"
       d="m 686.865,184.203 -0.26,5.86 1.15,7.18 -2.181,6.27 -0.13,18.33 1.4,6.41 0.27,6.66 -1.409,15.51 c 0,0 -5.9,-0.39 -6.41,-0.51 -0.51,-0.14 -11.92,0.12 -11.92,0.12 l -4.86,-1.15 -4.75,0.38 -2.69,5.18 -3.97,7.63 -2.05,-1.91 -3.85,-1.42 -3.71,5.52 2.06,1.54 -2.06,3.71 -3.341,2.68 -0.119,1.67 -2.051,-1.4 -2.17,2.17 c 0,0 0.891,3.33 0.891,3.71 0,0.39 4.1,3.34 4.1,3.34 l -6.8,10.89 -13.32,12.56 -2.95,-5.13 -5.38,4.1 -1.79,0.26 -9.229,-11.4 2.819,-1.54 -6.149,-8.71 -1.79,0.89 -3.851,-5.5 -1.14,0.38 -3.86,-7.05 -2.43,-3.46 1.92,-1.54 -1.54,-2.95 -2.689,1.29 -0.12,-3.46 -2.7,-6.16 2.8,0.24 v -0.04 l 8.84,-5 -5.449,-6.62 v -5.29 h 1.319 v -2.65 l 3.99,-0.45 v -4.1 l 5.29,-0.6 0.89,-11.91 h 1.771 l -1.48,-6.77 v -5.01 l 6.19,0.3 1.18,-6.48 6.641,-0.07 0.3,-12.19 1.06,-1.97 1.05,-7.35 v -0.01 l 23.931,1.6 40.26,2.7 9.97,0.67 0.51,0.04 v 0.01 z"
       id="Grootfontein"
       style="fill:#f70839;stroke:#f5f5f5;stroke-width:0.82447;stroke-dasharray:none;stroke-opacity:1;fill-opacity:1"
       transform="matrix(0.60645048,0,0,0.60645048,0.0520035,-11.573805)" />
    <path
       fill="#ffdea9"
       d="m 687.266,344.362 -2.46,0.47 v -0.06 -59.25 l -29.73,-31.08 2.69,-5.18 4.75,-0.38 4.86,1.15 c 0,0 11.41,-0.26 11.92,-0.12 0.51,0.12 6.41,0.51 6.41,0.51 l 1.409,-15.51 -0.27,-6.66 -1.4,-6.41 0.13,-18.33 2.181,-6.27 -1.15,-7.18 0.26,-5.86 v -0.01 h 0.011 l 16.64,0.86 h 0.03 v 34.86 h 25.31 85.87 10.62 42 v 114.71 l -1.56,0.02 -0.811,0.71 -1.99,-0.71 -0.93,0.82 h -0.01 l -0.23,1.64 h -2.22 l -1.17,-1.4 h -0.01 l -0.69,-0.24 -0.32,0.19 -0.85,0.51 h -0.01 l -0.58,-0.58 -1.4,0.7 -0.939,-0.58 -1.17,0.23 -0.24,1.17 -0.69,0.47 h -1.76 l -0.7,0.7 -0.819,0.12 -1.41,0.7 -2.45,-0.47 -0.88,0.11 -0.99,0.12 -1.99,-0.58 -1.88,0.58 -1.05,-0.11 -1.05,-0.12 -1.29,-2.22 -1.99,0.23 -0.67,-0.61 -0.62,-0.56 -0.81,0.47 -1.761,0.23 -3.63,-1.28 h -3.85 l -3.16,0.11 v 0.01 l -0.82,0.93 -5.38,-0.82 -4.8,0.24 -0.12,-1.06 0.36,-0.82 h -0.01 l -1.28,-0.46 -4.21,0.11 -1.181,-0.82 -6.319,0.12 -4.08,-0.12 h -0.13 c 0,0 0,-0.02 -0.01,-0.01 -0.04,-0.06 -0.181,-0.21 -0.341,-0.4 -0.25,-0.29 -0.569,-0.67 -0.699,-0.87 -0.011,-0.02 -0.03,-0.04 -0.061,-0.06 -0.14,-0.12 -0.439,-0.19 -0.75,-0.23 -0.05,0 -0.1,-0.01 -0.16,-0.02 -0.41,-0.05 -0.779,-0.05 -0.779,-0.05 l -0.23,-1.04 h -0.01 v -0.01 l -1.98,0.7 h -0.01 l -6.08,-0.81 -0.189,-0.01 -2.83,-0.2 -2.24,-0.15 -2.69,-0.48 -0.59,-0.1 -1.75,0.58 -1.99,-0.63 -0.939,-0.3 -1.16,0.46 -1.27,-0.62 -0.841,-0.43 -1.399,0.12 h -0.01 l -0.58,-0.12 -2.23,-0.47 -2.46,0.47 -2.33,-0.46 -0.59,-0.12 -2.09,-0.81 -0.021,-0.01 -2.34,0.58 -4.3,0.47 h -0.021 l -0.21,-0.01 -2.25,-0.11 -5.239,-1.51 -0.021,-0.01 -1.04,-0.81 -0.01,-0.01 -1.29,1.17 -1.86,-0.92 -0.01,-0.01 -1.109,-0.28 -0.771,-0.19 -5.26,-0.58 -4.21,0.23 -3.38,0.94 h -0.021 l -0.7,1.87 0.7,1.17 -0.7,1.17 -1.5,-0.12 h -0.02 l -1.04,0.82 h -0.01 l -3.051,1.52 -0.079,-0.04 -0.7,-0.41 -0.021,-0.01 -0.02,-0.01 -3.97,2.34 -1.15,-0.11 h -0.021 l -1.27,0.58 h -0.01 l -2.69,0.47 -0.82,1.17 -1.27,-0.34 -0.02,-0.01 -2.461,1.17 -2.09,1.05 h -0.01 l -1.53,1.29 -2.899,0.47 h -0.021 l -1.17,1.05 -1.16,0.82 h -0.01 z"
       id="Tsumkwe"
       style="fill:#f70839;stroke:#f5f5f5;stroke-width:0.82447;stroke-dasharray:none;stroke-opacity:1;fill-opacity:1"
       transform="matrix(0.60645048,0,0,0.60645048,0.0520035,-11.573805)" />
    <polygon
       fill="#e8f2ad"
       points="1211.886,95.442 1210.686,97.042 1208.956,96.243 1207.626,98.112 1207.006,99.552 1204.506,97.623 1202.286,95.583 1201.396,93.982 1199.976,89.973 1197.926,87.933 1201.655,86.592 1202.376,84.723 1203.976,84.192 1205.046,82.683 1206.016,82.683 1208.426,80.012 1209.936,79.393 1210.386,78.322 1211.536,78.322 1211.886,76.723 1215.096,73.252 1216.336,72.002 1218.206,71.112 1219.275,68.442 1220.525,68.002 1220.786,66.842 1222.126,65.862 1223.365,65.592 1224.166,64.353 1225.365,64.353 1227.235,63.552 1227.506,65.953 1228.575,66.083 1230.575,64.482 1231.646,65.152 1232.445,68.092 1233.905,68.893 1235.246,67.692 1236.716,67.822 1236.976,68.752 1236.575,71.822 1238.445,70.893 1239.516,72.762 1240.586,74.893 1243.256,76.232 1240.985,79.032 1242.056,79.703 1244.315,77.962 1245.115,79.433 1246.586,79.562 1247.256,80.902 1246.985,82.772 1248.855,83.433 1250.596,85.572 1252.325,85.032 1255.126,85.973 1256.596,86.902 1255.525,87.973 1252.195,87.973 1246.855,86.243 1245.926,89.312 1244.716,88.373 1243.516,90.913 1238.445,92.512 1237.516,91.172 1238.716,89.842 1237.516,88.373 1233.506,92.243 1232.976,89.842 1230.846,90.772 1229.775,88.902 1230.846,87.172 1228.306,86.772 1227.905,89.172 1225.766,90.772 1224.166,89.842 1219.766,92.913 1216.695,93.042 1214.426,95.042 "
       id="Kabbe-South"
       style="fill:#630317;stroke:#f5f5f5;stroke-width:0.82447;stroke-dasharray:none;stroke-opacity:1;fill-opacity:1"
       transform="matrix(0.60645048,0,0,0.60645048,0.0520035,-11.573805)" />
    <polygon
       fill="#fffdc0"
       points="1223.506,64.353 1224.166,64.353 1223.365,65.592 1222.126,65.862 1220.786,66.842 1220.525,68.002 1219.275,68.442 1218.206,71.112 1216.336,72.002 1215.096,73.252 1211.886,76.723 1211.536,78.322 1210.386,78.322 1209.936,79.393 1208.426,80.012 1206.016,82.683 1205.046,82.683 1203.976,84.192 1202.376,84.723 1201.655,86.592 1197.926,87.933 1190.896,82.232 1191.436,78.502 1189.115,78.322 1188.496,80.362 1183.956,76.542 1180.936,73.962 1176.126,68.982 1172.296,62.572 1170.126,59.532 1171.056,58.322 1171.456,58.482 1173.726,57.683 1176.926,56.743 1180.266,57.542 1182.796,57.683 1186.405,59.012 1188.536,62.083 1190.006,60.482 1192.136,60.752 1192.136,63.152 1196.815,62.752 1197.876,61.152 1199.476,61.152 1200.286,59.152 1202.016,59.152 1203.485,59.812 1205.615,59.152 1207.756,59.152 1210.556,61.413 1212.025,60.353 1213.226,61.152 1213.226,62.482 1214.155,63.552 1216.426,61.812 1219.096,62.612 1221.766,62.212 "
       id="Kabbe-North"
       style="fill:#c5072e;stroke:#f5f5f5;stroke-width:0.82447;stroke-dasharray:none;stroke-opacity:1;fill-opacity:1"
       transform="matrix(0.60645048,0,0,0.60645048,0.0520035,-11.573805)" />
    <polygon
       fill="#e8f2ad"
       points="1162.936,57.042 1164.246,57.012 1165.315,58.612 1166.655,57.683 1170.126,57.942 1171.056,58.322 1170.126,59.532 1167.716,62.683 1165.985,63.282 1159.966,57.672 "
       id="Katima-Mulilo-Urban"
       style="fill:#c5072e;stroke:#f5f5f5;stroke-width:0.82447;stroke-dasharray:none;stroke-opacity:1;fill-opacity:1"
       transform="matrix(0.60645048,0,0,0.60645048,0.0520035,-11.573805)" />
    <polygon
       fill="#ebcef2"
       points="1198.676,108.252 1193.746,114.262 1191.075,114.132 1189.735,112.522 1187.876,113.333 1185.735,110.792 1185.865,107.993 1183.466,105.853 1183.065,103.853 1180.396,102.782 1179.195,103.583 1176.926,102.382 1175.195,102.522 1172.796,104.652 1161.266,69.532 1161.266,69.512 1160.376,66.842 1159.046,65.512 1159.315,64.712 1158.426,62.663 1158.426,60.703 1157.836,58.123 1157.836,58.112 1159.966,57.672 1165.985,63.282 1167.716,62.683 1170.126,59.532 1172.296,62.572 1176.126,68.982 1180.936,73.962 1183.956,76.542 1188.496,80.362 1189.115,78.322 1191.436,78.502 1190.896,82.232 1197.926,87.933 1199.976,89.973 1201.396,93.982 1202.286,95.583 1204.506,97.623 1207.006,99.552 1206.416,100.922 1204.686,101.853 1202.416,102.652 1200.546,105.322 1198.676,105.453 "
       id="Katima-Mulilo-Rural"
       style="fill:#940522;stroke:#f5f5f5;stroke-width:0.82447;stroke-dasharray:none;stroke-opacity:1;fill-opacity:1"
       transform="matrix(0.60645048,0,0,0.60645048,0.0520035,-11.573805)" />
    <polygon
       fill="#ffdea9"
       points="1172.796,104.652 1168.115,110.792 1166.516,108.522 1163.315,109.723 1160.516,108.792 1158.646,110.663 1150.636,118.532 1150.296,118.482 1147.836,115.683 1146.766,114.262 1146.766,113.192 1145.796,112.833 1144.636,111.772 1142.586,114.623 1139.206,107.762 1125.416,95.583 1124.346,90.953 1124.346,88.282 1125.235,84.853 1125.596,84.632 1128.445,82.942 1132.716,81.703 1155.575,74.583 1159.136,72.362 1161.266,69.532 "
       id="Sibbinda"
       style="fill:#f70839;stroke:#f5f5f5;stroke-width:0.82447;stroke-dasharray:none;stroke-opacity:1;fill-opacity:1"
       transform="matrix(0.60645048,0,0,0.60645048,0.0520035,-11.573805)" />
    <polygon
       fill="#ffcccc"
       points="1140.626,123.603 1139.426,125.603 1137.825,125.473 1133.956,128.542 1135.426,129.743 1135.025,131.342 1133.426,132.683 1131.286,133.212 1129.686,134.282 1129.016,136.413 1127.815,136.552 1127.416,138.552 1123.945,140.022 1123.945,141.353 1121.945,144.292 1117.546,147.893 1115.536,149.223 1114.966,148.962 1112.605,131.782 1111.266,130.812 1111.976,130.183 1108.065,102.612 1107.976,97.802 1107.445,96.822 1107.266,94.243 1114.646,91.223 1125.235,84.853 1124.346,88.282 1124.346,90.953 1125.416,95.583 1139.206,107.762 1142.586,114.623 1144.636,111.772 1145.796,112.833 1146.766,113.192 1146.766,114.262 1147.836,115.683 1150.296,118.482 1146.766,118.002 1146.506,120.402 1144.365,121.072 "
       id="Linyanti"
       style="fill:#f70839;stroke:#f5f5f5;stroke-width:0.82447;stroke-dasharray:none;stroke-opacity:1;fill-opacity:1"
       transform="matrix(0.60645048,0,0,0.60645048,0.0520035,-11.573805)" />
    <polygon
       fill="#e8f2ad"
       points="1084.846,121.333 1081.646,116.262 1079.775,114.933 1079.905,112.522 1078.306,110.922 1078.976,109.322 1077.775,107.723 1077.195,105.812 1078.445,105.812 1078.706,104.743 1077.905,103.493 1079.155,103.232 1079.065,102.072 1078.266,101.012 1078.266,99.583 1077.546,98.782 1077.546,97.453 1079.686,97.272 1082.626,98.422 1082.626,96.822 1094.896,95.312 1100.155,95.842 1107.266,94.243 1107.445,96.822 1107.976,97.802 1108.065,102.612 1111.976,130.183 1111.266,130.812 1112.605,131.782 1114.966,148.962 1114.075,148.562 1112.735,148.962 1110.336,153.092 1108.735,153.762 1106.065,155.632 1102.195,153.232 1102.596,148.822 1101.796,148.292 1101.666,145.493 1100.466,144.022 1101.796,142.683 1100.865,141.083 1101.126,139.623 1098.855,137.752 1098.855,135.752 1097.525,132.942 1096.186,132.542 1095.525,130.542 1093.256,130.942 1091.256,129.342 1091.386,127.072 1089.256,127.603 1086.586,127.212 1086.586,124.272 "
       id="Judea-Lyaboloma"
       style="fill:#c5072e;stroke:#f5f5f5;stroke-width:0.82447;stroke-dasharray:none;stroke-opacity:1;fill-opacity:1"
       transform="matrix(0.60645048,0,0,0.60645048,0.0520035,-11.573805)" />
    <polygon
       fill="#fffdc0"
       points="1114.646,91.223 1107.266,94.243 1100.155,95.842 1094.896,95.312 1082.626,96.822 1082.626,98.422 1079.686,97.272 1077.546,97.453 1077.546,98.782 1078.266,99.583 1078.266,101.012 1079.065,102.072 1079.155,103.232 1077.905,103.493 1078.706,104.743 1078.445,105.812 1077.195,105.812 1077.775,107.723 1059.096,107.723 1004.445,118.732 1004.445,90.552 1157.836,58.112 1157.836,58.123 1158.426,60.703 1158.426,62.663 1159.315,64.712 1159.046,65.512 1160.376,66.842 1161.266,69.512 1161.266,69.532 1159.136,72.362 1155.575,74.583 1132.716,81.703 1128.445,82.942 1125.596,84.632 1125.235,84.853 "
       id="Kongola"
       style="fill:#f70839;stroke:#f5f5f5;stroke-width:0.82447;stroke-dasharray:none;stroke-opacity:1;fill-opacity:1"
       transform="matrix(0.60645048,0,0,0.60645048,0.0520035,-11.573805)" />
    <polygon
       fill="#ffdea9"
       points="868.945,102.913 871.735,102.913 873.936,102.183 875.846,102.762 878.195,100.853 880.256,101.442 882.466,100.853 884.075,101.292 887.016,100.413 889.216,102.623 895.536,104.382 896.865,106.143 900.536,105.562 902.006,106.583 901.565,108.493 905.386,108.493 906.825,109.723 1004.445,90.542 1004.445,90.552 1004.445,118.732 908.565,137.913 867.346,137.913 867.346,104.022 867.376,103.933 867.916,104.092 "
       id="Mukwe"
       style="fill:#f70839;stroke:#f5f5f5;stroke-width:0.82447;stroke-dasharray:none;stroke-opacity:1;fill-opacity:1"
       transform="matrix(0.60645048,0,0,0.60645048,0.0520035,-11.573805)" />
    <polygon
       fill="#e8f2ad"
       points="839.556,126.572 840.536,125.002 839.746,120.982 839.746,115.692 840.336,112.172 840.876,108.643 842.346,108.942 844.846,107.612 847.926,109.672 849.846,110.993 853.075,110.853 855.575,109.822 855.716,107.612 859.836,106.882 861.306,105.262 865.266,103.353 867.376,103.933 867.346,104.022 867.346,137.913 867.346,219.913 825.346,219.913 823.096,193.183 831.226,172.512 829.565,169.282 829.565,167.712 833.575,157.822 841.615,149.792 841.806,144.502 840.046,135.382 840.046,133.623 840.336,132.552 839.556,130.583 "
       id="Ndiyona"
       style="fill:#c5072e;stroke:#f5f5f5;stroke-width:0.82447;stroke-dasharray:none;stroke-opacity:1;fill-opacity:1"
       transform="matrix(0.60645048,0,0,0.60645048,0.0520035,-11.573805)" />
    <polygon
       fill="#ebcef2"
       points="840.536,125.002 839.556,126.572 839.556,130.583 840.336,132.552 840.046,133.623 840.046,135.382 841.806,144.502 841.615,149.792 833.575,157.822 829.565,167.712 829.565,169.282 831.226,172.512 823.096,193.183 825.346,219.913 814.726,219.913 814.726,98.502 816.636,98.652 818.546,99.382 818.686,101.002 819.565,102.913 822.506,102.473 824.126,105.112 826.916,105.853 829.855,105.112 834.855,105.112 837.646,106.002 838.525,107.612 840.876,108.643 840.336,112.172 839.746,115.692 839.746,120.982 "
       id="Ndonga-Linena"
       style="fill:#c5072e;stroke:#f5f5f5;stroke-width:0.82447;stroke-dasharray:none;stroke-opacity:1;fill-opacity:1"
       transform="matrix(0.60645048,0,0,0.60645048,0.0520035,-11.573805)" />
    <polygon
       fill="#fffdc0"
       points="751.115,197.862 748.466,197.562 747.775,195.212 746.315,194.232 746.216,192.893 747.766,192.893 747.766,192.862 747.775,192.862 747.886,191.792 747.485,190.143 751.096,188.092 751.086,188.083 751.115,188.062 749.346,186.493 749.936,183.663 747.096,182.083 746.896,181.022 746.896,181.012 747.766,179.462 747.775,179.442 747.886,177.973 747.586,176.312 748.546,175.062 748.565,175.032 748.666,174.083 752.376,174.672 753.155,173.982 753.176,173.962 750.926,171.112 748.466,171.512 747.195,170.522 748.846,167.712 748.865,167.683 748.666,165.342 750.315,163.792 750.315,163.782 750.336,163.762 750.336,161.993 750.336,161.322 751.006,158.902 753.056,159.252 753.056,159.223 753.075,159.223 753.075,158.083 751.905,156.052 753.636,155.663 753.646,155.632 753.655,155.632 754.426,154.092 754.445,154.062 753.865,150.933 755.605,148.792 755.626,148.772 756.155,147.002 756.195,146.853 757.756,146.652 758.926,147.833 758.956,147.802 760.896,146.362 760.896,146.342 760.916,146.333 761.006,143.192 761.676,142.243 763.146,142.143 764.516,143.032 766.376,143.322 767.655,142.342 769.315,143.132 771.666,143.322 773.626,141.462 774.706,140.973 776.466,141.462 776.466,96.453 776.516,96.453 779.016,98.362 781.365,96.453 784.746,97.032 786.216,98.942 791.506,96.893 791.796,95.123 797.235,96.002 799.296,97.473 800.025,95.123 801.786,94.092 803.556,95.712 804.146,94.243 805.905,94.243 810.315,97.473 812.806,97.473 814.726,98.502 814.726,219.913 728.855,219.913 729.546,217.772 729.556,217.772 731.695,217.672 731.695,217.652 731.716,217.652 732.006,214.933 735.815,213.462 735.836,213.433 739.146,209.933 742.966,208.962 745.115,208.663 745.126,208.643 745.136,208.643 746.396,206.583 747.766,204.353 750.806,203.862 750.806,203.842 750.815,203.842 751.115,201.882 749.346,201.002 749.346,200.042 751.286,199.163 751.286,199.143 751.306,199.132 "
       id="Mashare"
       style="fill:#c5072e;stroke:#f5f5f5;stroke-width:0.82447;stroke-dasharray:none;stroke-opacity:1;fill-opacity:1"
       transform="matrix(0.60645048,0,0,0.60645048,0.0520035,-11.573805)" />
    <polygon
       fill="#ffcccc"
       points="767.655,142.342 766.376,143.322 764.516,143.032 763.146,142.143 761.676,142.243 761.695,142.212 755.436,105.413 762.476,105.413 762.476,96.132 762.706,96.302 767.256,95.862 767.556,94.393 771.075,94.833 772.985,96.743 776.466,96.453 776.466,141.462 774.706,140.973 773.626,141.462 771.666,143.322 769.315,143.132 "
       id="Rundu-Rural"
       style="fill:#c5072e;stroke:#f5f5f5;stroke-width:0.82447;stroke-dasharray:none;stroke-opacity:1;fill-opacity:1"
       transform="matrix(0.60645048,0,0,0.60645048,0.0520035,-11.573805)" />
    <polygon
       fill="#ebcef2"
       points="762.476,96.132 762.476,105.413 755.436,105.413 755.426,105.373 750.086,105.373 749.936,96.703 750.806,95.123 752.126,95.272 753.445,98.502 755.065,98.502 756.235,96.302 758.146,94.982 760.646,94.833 "
       id="Rundu-Urban"
       style="fill:#c5072e;stroke:#f5f5f5;stroke-width:0.82447;stroke-dasharray:none;stroke-opacity:1;fill-opacity:1"
       transform="matrix(0.60645048,0,0,0.60645048,0.0520035,-11.573805)" />
    <polygon
       fill="#ffdea9"
       points="753.056,159.223 751.016,158.873 751.006,158.902 750.996,158.902 750.315,161.353 750.315,161.953 730.916,124.743 730.916,117.083 743.396,107.552 749.985,107.552 750.086,105.413 755.405,105.413 761.676,142.243 761.006,143.192 760.985,143.223 760.896,146.342 758.956,147.802 757.775,146.623 756.206,146.822 756.195,146.853 756.155,147.002 755.605,148.792 753.865,150.933 753.836,150.962 754.426,154.092 753.655,155.632 753.646,155.632 751.896,156.032 751.905,156.052 751.876,156.062 753.056,158.112 "
       id="Ncuncuni"
       style="fill:#c5072e;stroke:#f5f5f5;stroke-width:0.82447;stroke-dasharray:none;stroke-opacity:1;fill-opacity:1"
       transform="matrix(0.60645048,0,0,0.60645048,0.0520035,-11.573805)" />
    <polygon
       fill="#e8f2ad"
       points="746.896,181.022 746.886,181.042 747.075,182.112 749.916,183.683 749.346,186.493 749.336,186.522 751.086,188.083 747.485,190.123 747.485,190.143 747.466,190.152 747.865,191.812 747.766,192.862 746.216,192.862 746.216,192.893 746.195,192.893 746.296,194.262 747.766,195.243 748.445,197.592 751.096,197.882 751.286,199.143 749.346,200.012 749.346,200.042 749.336,200.042 749.336,201.022 751.096,201.902 750.806,203.842 747.775,204.322 746.396,206.583 745.136,208.643 745.126,208.643 742.985,208.933 739.166,209.913 739.146,209.933 735.836,213.433 732.006,214.902 732.006,214.933 731.996,214.933 731.695,217.652 729.565,217.752 729.556,217.772 729.546,217.772 728.855,219.913 703.546,219.913 703.546,185.052 703.516,185.052 703.516,185.032 707.666,123.762 711.676,123.762 730.916,117.083 730.916,124.743 750.315,161.953 750.315,163.782 748.666,165.333 748.666,165.342 748.646,165.362 748.846,167.712 747.195,170.522 747.176,170.552 748.445,171.532 750.905,171.143 753.155,173.982 752.386,174.643 748.666,174.052 748.666,174.083 748.646,174.083 748.546,175.062 747.586,176.312 747.565,176.333 747.865,178.002 747.766,179.462 746.896,181.012 "
       id="Ncamangoro"
       style="fill:#940522;stroke:#f5f5f5;stroke-width:0.82447;stroke-dasharray:none;stroke-opacity:1;fill-opacity:1"
       transform="matrix(0.60645048,0,0,0.60645048,0.0520035,-11.573805)" />
    <polygon
       fill="#ebcef2"
       points="707.666,123.762 703.516,185.032 703.516,185.052 686.876,184.192 686.865,184.192 686.355,184.152 676.386,183.482 676.386,183.473 677.016,158.252 676.746,126.353 681.825,123.672 689.936,123.232 700.086,123.322 "
       id="Mankumpi"
       style="fill:#630317;stroke:#f5f5f5;stroke-width:0.82447;stroke-dasharray:none;stroke-opacity:1;fill-opacity:1"
       transform="matrix(0.60645048,0,0,0.60645048,0.0520035,-11.573805)" />
    <polygon
       fill="#fffdc0"
       points="749.936,96.703 749.916,96.743 750.065,105.413 750.086,105.413 749.985,107.552 743.396,107.552 730.916,117.083 711.676,123.762 707.666,123.762 710.246,90.022 710.846,90.502 712.146,91.453 712.976,91.092 714.046,91.692 715.235,91.092 715.836,91.922 715.476,93.232 716.896,93.112 717.615,94.062 718.445,92.522 719.516,92.522 720.586,94.062 722.485,94.663 724.855,94.663 726.996,93.942 727.596,94.542 731.516,95.012 731.636,93.942 733.325,95.252 737.336,95.342 738.936,93.913 740.626,94.723 741.615,94.542 742.416,93.022 746.956,93.022 748.476,95.342 "
       id="Kapako"
       style="fill:#940522;stroke:#f5f5f5;stroke-width:0.82447;stroke-dasharray:none;stroke-opacity:1;fill-opacity:1"
       transform="matrix(0.60645048,0,0,0.60645048,0.0520035,-11.573805)" />
    <polygon
       fill="#ffcccc"
       points="680.546,89.552 681.376,90.973 683.036,91.092 684.466,90.623 686.726,91.453 696.586,91.572 696.706,89.902 697.775,88.603 700.746,90.143 701.216,88.603 702.646,89.672 704.786,90.262 706.796,90.973 706.926,89.552 707.985,89.312 708.936,90.382 710.246,90.022 707.666,123.762 700.086,123.322 689.936,123.232 681.825,123.672 676.746,126.353 676.746,125.993 676.756,90.243 678.646,90.382 "
       id="Musese"
       style="fill:#940522;stroke:#f5f5f5;stroke-width:0.82447;stroke-dasharray:none;stroke-opacity:1;fill-opacity:1"
       transform="matrix(0.60645048,0,0,0.60645048,0.0520035,-11.573805)" />
    <polygon
       fill="#ffdea9"
       points="677.016,158.252 676.386,183.473 676.386,183.482 636.126,180.782 636.126,180.772 639.676,107.842 648.825,86.812 649.916,85.632 652.976,82.302 653.336,79.922 656.786,77.072 661.065,80.282 661.416,82.183 663.195,82.782 664.985,82.062 665.456,84.562 667.006,85.393 670.686,85.512 671.046,87.052 672.936,89.072 674.246,88.243 675.436,90.143 676.756,90.243 676.746,125.993 676.746,126.353 "
       id="Tondoro"
       style="fill:#630317;stroke:#f5f5f5;stroke-width:0.82447;stroke-dasharray:none;stroke-opacity:1;fill-opacity:1"
       transform="matrix(0.60645048,0,0,0.60645048,0.0520035,-11.573805)" />
    <polygon
       fill="#ebcef2"
       points="650.846,69.232 650.365,71.842 652.746,73.632 653.575,74.822 655.355,75.532 656.786,77.072 653.336,79.922 652.976,82.302 649.916,85.632 648.405,85.542 647.336,84.562 645.025,84.833 644.046,84.022 642.436,83.853 641.996,83.042 639.315,82.692 635.936,78.592 639.855,74.132 644.136,70.922 646.006,70.302 646.006,69.322 647.166,68.703 647.186,67.402 649.065,67.572 649.416,68.522 "
       id="Nkurenkuru"
       style="fill:#940522;stroke:#f5f5f5;stroke-width:0.82447;stroke-dasharray:none;stroke-opacity:1;fill-opacity:1"
       transform="matrix(0.60645048,0,0,0.60645048,0.0520035,-11.573805)" />
    <polygon
       fill="#fffdc0"
       points="593.936,83.572 593.936,83.562 593.936,49.362 593.936,49.342 632.786,49.272 634.686,52.243 635.996,54.022 637.426,54.743 636.945,56.762 637.655,57.942 638.966,58.072 639.556,59.132 640.746,59.853 641.346,61.032 642.646,61.632 642.405,63.292 643.246,65.072 644.666,65.913 645.136,67.212 647.186,67.402 647.166,68.703 646.006,69.322 646.006,70.302 644.136,70.922 639.855,74.132 635.936,78.592 639.315,82.692 641.996,83.042 642.436,83.853 644.046,84.022 645.025,84.833 647.336,84.562 648.405,85.542 649.916,85.632 648.825,86.812 639.676,107.842 636.126,180.772 636.126,180.782 612.195,179.183 612.195,179.192 612.176,179.252 593.936,178.032 593.936,177.942 593.936,83.672 "
       id="Mpungu"
       style="fill:#630317;stroke:#f5f5f5;stroke-width:0.82447;stroke-dasharray:none;stroke-opacity:1;fill-opacity:1"
       transform="matrix(0.60645048,0,0,0.60645048,0.0520035,-11.573805)" />
    <polygon
       fill="#ffcccc"
       points="536.865,230.062 540.396,229.462 540.846,225.342 534.806,226.083 534.956,229.462 530.686,229.762 530.976,224.322 528.176,219.022 522.136,221.812 520.246,216.812 545.346,206.612 550.985,199.152 556.966,199.032 562.376,199.842 562.376,202.143 567.436,203.172 572.386,203.172 574.105,202.362 583.075,202.362 590.325,200.302 590.325,202.592 594.695,202.592 594.695,200.413 598.146,201.022 603.146,200.772 601.966,207.252 595.775,206.953 595.775,211.962 597.256,218.732 595.485,218.732 594.596,230.643 589.306,231.243 589.306,235.342 585.315,235.792 585.315,238.442 583.996,238.442 583.996,243.732 589.445,250.353 580.605,255.353 578.846,250.353 576.786,250.512 571.176,253.292 564.556,253.152 556.896,246.532 554.825,249.032 548.216,244.172 548.796,242.853 542.166,238.882 540.846,241.973 536.575,237.562 "
       id="Tsumeb"
       style="fill:#f83a61;stroke:#f5f5f5;stroke-width:0.82447;stroke-dasharray:none;stroke-opacity:1;fill-opacity:1"
       transform="matrix(0.60645048,0,0,0.60645048,0.0520035,-11.573805)" />
    <polygon
       fill="#ebcef2"
       points="504.865,167.442 517.976,167.212 547.996,165.723 572.726,175.712 581.235,179.962 588.016,180.542 588.136,178.123 593.936,177.942 593.936,178.032 612.176,179.252 612.195,179.192 611.146,186.542 610.086,188.512 609.786,200.703 603.146,200.772 598.146,201.022 594.695,200.413 594.695,202.592 590.325,202.592 590.325,200.302 583.075,202.362 574.105,202.362 572.386,203.172 567.436,203.172 562.376,202.143 562.376,199.842 556.966,199.032 550.985,199.152 545.346,206.612 520.246,216.812 513.916,219.072 509.575,197.882 506.246,184.103 506.246,181.232 504.865,179.393 "
       id="Guinas"
       style="fill:#c5072e;stroke:#f5f5f5;stroke-width:0.82447;stroke-dasharray:none;stroke-opacity:1;fill-opacity:1"
       transform="matrix(0.60645048,0,0,0.60645048,0.0520035,-11.573805)" />
    <polygon
       fill="#ffdea9"
       points="456.096,124.362 457.125,123.562 458.276,124.482 458.966,124.362 458.926,121.123 461.036,124.592 468.746,131.712 477.485,139.982 486.575,151.243 488.786,151.643 498.655,153.433 512.686,157.902 514.405,161.583 517.976,167.212 504.865,167.442 504.865,179.393 506.246,181.232 506.246,184.103 509.575,197.882 513.916,219.072 514.206,220.873 512.855,221.623 513.016,223.732 501.546,237.442 475.115,250.782 475.016,250.833 466.405,245.982 454.565,245.882 448.746,244.262 443.686,244.453 432.036,241.402 428.506,239.493 423.826,239.592 413.226,236.542 405.686,235.962 406.355,234.152 405.016,231.583 405.116,229.482 404.256,225.853 404.546,223.572 403.875,222.522 403.875,221.092 407.116,220.143 407.406,218.802 408.746,218.612 408.835,215.942 406.456,216.042 404.156,214.322 401.105,207.933 399.866,206.312 399.956,204.692 397.766,201.933 396.616,198.203 397.196,197.062 396.806,192.292 396.996,188.103 397.666,185.712 402.256,179.132 404.256,177.232 408.835,174.083 410.466,170.752 411.516,171.703 412.656,171.982 413.806,173.223 413.896,170.462 412.756,167.312 413.326,165.402 412.846,163.402 411.226,162.542 409.696,162.453 409.696,161.402 410.556,159.873 409.986,159.022 408.456,158.062 407.786,157.212 406.166,157.212 405.786,155.973 406.196,155.623 445.625,155.623 448.266,153.893 447.466,152.393 447.466,150.552 446.656,148.373 445.286,148.143 442.746,145.502 443.666,144.353 443.906,142.512 445.046,141.482 446.776,141.362 447.346,139.292 445.625,137.462 446.206,135.853 446.206,134.583 447.006,133.672 447.116,132.172 448.246,131.342 449.766,130.223 449.076,128.732 450.346,127.812 451.266,128.042 452.296,127.232 454.596,126.772 456.096,125.512 "
       id="Omuthiyagwiipundi"
       style="fill:#c5072e;stroke:#f5f5f5;stroke-width:0.82447;stroke-dasharray:none;stroke-opacity:1;fill-opacity:1"
       transform="matrix(0.60645048,0,0,0.60645048,0.0520035,-11.573805)" />
    <polygon
       fill="#fffdc0"
       points="406.456,149.672 406.646,147.393 407.696,146.532 406.736,145.002 406.756,144.962 407.216,144.052 406.546,136.993 409.416,134.993 409.796,133.083 413.136,129.842 414.476,125.072 414.546,119.993 417.676,121.612 419.286,124.022 420.346,123.012 429.866,113.913 428.256,119.192 428.835,119.772 429.296,121.612 430.786,121.373 432.625,122.183 434.006,122.413 434.466,123.562 435.506,124.942 438.036,124.482 438.846,125.623 438.036,126.772 439.526,127.353 441.946,126.893 441.026,128.962 441.596,129.993 442.746,129.882 444.355,129.302 444.936,131.143 446.656,130.683 448.246,131.342 447.116,132.172 447.006,133.672 446.206,134.583 446.206,135.853 445.625,137.462 447.346,139.292 446.776,141.362 445.046,141.482 443.906,142.512 443.666,144.353 442.746,145.502 445.286,148.143 446.656,148.373 447.466,150.552 447.466,152.393 448.266,153.893 445.625,155.623 406.196,155.623 407.116,154.822 407.026,153.292 405.306,152.822 405.306,151.683 406.926,151.583 "
       id="Omuntele"
       style="fill:#940522;stroke:#f5f5f5;stroke-width:0.82447;stroke-dasharray:none;stroke-opacity:1;fill-opacity:1"
       transform="matrix(0.60645048,0,0,0.60645048,0.0520035,-11.573805)" />
    <polygon
       fill="#fffdc0"
       points="489.105,135.853 489.796,138.612 489.796,140.792 490.945,141.712 491.176,142.973 492.325,144.123 491.286,145.272 487.726,145.272 487.726,147.453 487.836,149.172 488.646,150.322 488.786,151.643 486.575,151.243 477.485,139.982 468.746,131.712 461.036,124.592 458.926,121.123 459.886,119.772 459.315,118.623 459.776,117.812 461.616,118.502 461.846,117.243 463.686,117.243 464.726,115.632 464.836,114.143 465.865,113.792 465.985,111.953 469.896,110.692 470.246,109.203 473.686,108.623 476.796,109.312 478.525,108.512 480.476,108.163 481.746,109.083 483.355,109.542 484.046,108.163 485.186,108.282 485.766,109.772 488.646,108.973 491.176,108.282 492.676,106.562 495.086,106.212 496.466,107.592 497.615,107.243 498.306,108.512 500.376,108.623 501.065,107.592 504.056,106.782 507.396,106.782 507.396,98.402 510.615,101.163 519.355,103.453 524.186,115.402 524.186,124.243 507.626,125.973 507.626,130.103 501.876,130.453 489.105,132.402 489.105,133.902 488.065,134.822 "
       id="Eengodi"
       style="fill:#630317;stroke:#f5f5f5;stroke-width:0.82447;stroke-dasharray:none;stroke-opacity:1;fill-opacity:1"
       transform="matrix(0.60645048,0,0,0.60645048,0.0520035,-11.573805)" />
    <polygon
       fill="#e8f2ad"
       points="501.876,130.453 507.626,130.103 507.626,125.973 524.186,124.243 524.186,115.402 519.355,103.453 510.615,101.163 507.396,98.402 507.396,85.272 507.396,85.252 515.516,85.103 593.936,83.572 593.936,83.672 593.936,177.942 588.136,178.123 588.016,180.542 581.235,179.962 572.726,175.712 547.996,165.723 517.976,167.212 514.405,161.583 512.686,157.902 498.655,153.433 488.786,151.643 488.646,150.322 487.836,149.172 487.726,147.453 487.726,145.272 491.286,145.272 492.325,144.123 491.176,142.973 490.945,141.712 489.796,140.792 489.796,138.612 489.105,135.853 488.065,134.822 489.105,133.902 489.105,132.402 "
       id="Nehale-lyaMpingana "
       style="fill:#630317;stroke:#f5f5f5;stroke-width:0.82447;stroke-dasharray:none;stroke-opacity:1;fill-opacity:1"
       transform="matrix(0.60645048,0,0,0.60645048,0.0520035,-11.573805)" />
    <polygon
       fill="#ffcccc"
       points="483.355,109.542 481.746,109.083 480.476,108.163 478.525,108.512 476.796,109.312 473.686,108.623 470.246,109.203 469.896,110.692 465.985,111.953 465.865,113.792 464.836,114.143 464.726,115.632 463.686,117.243 461.846,117.243 461.616,118.502 459.776,117.812 459.315,118.623 459.886,119.772 458.926,121.123 451.605,109.083 450.806,105.982 448.726,105.982 448.726,99.612 448.676,99.482 475.456,88.032 475.456,88.022 480.726,85.772 507.396,85.252 507.396,85.272 507.396,98.402 507.396,106.782 504.056,106.782 501.065,107.592 500.376,108.623 498.306,108.512 497.615,107.243 496.466,107.592 495.086,106.212 492.676,106.562 491.176,108.282 488.646,108.973 485.766,109.772 485.186,108.282 484.046,108.163 "
       id="Okankolo"
       style="fill:#940522;stroke:#f5f5f5;stroke-width:0.82447;stroke-dasharray:none;stroke-opacity:1;fill-opacity:1"
       transform="matrix(0.60645048,0,0,0.60645048,0.0520035,-11.573805)" />
    <polygon
       fill="#ebcef2"
       points="434.006,122.413 432.625,122.183 430.786,121.373 429.296,121.612 428.835,119.772 428.256,119.192 429.866,113.913 429.986,112.413 431.826,111.842 443.406,99.942 443.416,99.942 445.026,101.042 448.676,99.482 448.726,99.612 448.726,105.982 450.806,105.982 451.605,109.083 458.926,121.123 458.966,124.362 458.276,124.482 457.125,123.562 456.096,124.362 456.096,125.512 454.596,126.772 452.296,127.232 451.266,128.042 450.346,127.812 449.076,128.732 449.766,130.223 448.246,131.342 446.656,130.683 444.936,131.143 444.355,129.302 442.746,129.882 441.596,129.993 441.026,128.962 441.946,126.893 439.526,127.353 438.036,126.772 438.846,125.623 438.036,124.482 435.506,124.942 434.466,123.562 "
       id="Onyaanya"
       style="fill:#940522;stroke:#f5f5f5;stroke-width:0.82447;stroke-dasharray:none;stroke-opacity:1;fill-opacity:1"
       transform="matrix(0.60645048,0,0,0.60645048,0.0520035,-11.573805)" />
    <polygon
       fill="#e8f2ad"
       points="424.796,87.223 424.806,87.212 437.986,96.232 443.406,99.942 431.826,111.842 429.986,112.413 429.866,113.913 420.346,123.012 420.096,121.152 422.396,118.842 422.625,116.322 423.315,114.252 423.315,111.723 423.886,109.652 422.855,108.282 423.886,106.902 "
       id="Onayena"
       style="fill:#940522;stroke:#f5f5f5;stroke-width:0.82447;stroke-dasharray:none;stroke-opacity:1;fill-opacity:1"
       transform="matrix(0.60645048,0,0,0.60645048,0.0520035,-11.573805)" />
    <polygon
       fill="#ffcccc"
       points="412.186,109.532 411.125,110.112 411.125,110.012 411.125,102.002 411.125,100.583 423.886,106.902 422.855,108.282 423.886,109.652 423.315,111.723 423.315,114.252 422.625,116.322 422.396,118.842 420.096,121.152 420.346,123.012 419.286,124.022 417.676,121.612 414.546,119.993 414.565,118.112 413.996,113.152 "
       id="Olukonda"
       style="fill:#f70839;stroke:#f5f5f5;stroke-width:0.82447;stroke-dasharray:none;stroke-opacity:1;fill-opacity:1"
       transform="matrix(0.60645048,0,0,0.60645048,0.0520035,-11.573805)" />
    <polygon
       fill="#ffdea9"
       points="424.416,86.942 424.796,87.203 424.806,87.212 424.796,87.223 423.886,106.902 411.125,100.583 411.125,94.203 411.125,77.873 411.136,77.862 "
       id="Oniipa"
       style="fill:#c5072e;stroke:#f5f5f5;stroke-width:0.82447;stroke-dasharray:none;stroke-opacity:1;fill-opacity:1"
       transform="matrix(0.60645048,0,0,0.60645048,0.0520035,-11.573805)" />
    <polygon
       fill="#ffdea9"
       points="510.155,66.792 508.275,62.893 510.556,60.542 511.206,58.502 513.886,51.922 513.815,49.493 593.936,49.342 593.936,49.362 593.936,83.562 593.936,83.572 515.516,85.103 517.386,82.243 516.246,79.962 516.006,77.772 514.615,73.623 514.786,68.422 510.315,69.072 "
       id="Okongo"
       style="fill:#630317;stroke:#f5f5f5;stroke-width:0.82447;stroke-dasharray:none;stroke-opacity:1;fill-opacity:1"
       transform="matrix(0.60645048,0,0,0.60645048,0.0520035,-11.573805)" />
    <polygon
       fill="#ebcef2"
       points="510.556,60.542 508.275,62.893 510.155,66.792 510.315,69.072 514.786,68.422 514.615,73.623 516.006,77.772 516.246,79.962 517.386,82.243 515.516,85.103 507.396,85.252 480.726,85.772 475.456,88.022 475.105,82.243 473.815,78.103 474.136,69.072 475.105,68.103 475.105,66.312 475.706,65.482 476.815,63.953 479.586,62.083 479.746,60.942 481.206,60.942 484.216,58.422 490.806,56.882 492.105,55.252 492.105,53.873 493.235,53.462 494.456,51.512 496.445,49.522 513.815,49.493 513.886,51.922 511.206,58.502 "
       id="Oshikunde"
       style="fill:#630317;stroke:#f5f5f5;stroke-width:0.82447;stroke-dasharray:none;stroke-opacity:1;fill-opacity:1"
       transform="matrix(0.60645048,0,0,0.60645048,0.0520035,-11.573805)" />
    <polygon
       fill="#fffdc0"
       points="475.105,82.243 475.456,88.022 475.456,88.032 448.676,99.482 445.026,101.042 443.416,99.942 443.406,99.942 437.986,96.232 442.266,87.362 455.065,66.572 455.276,66.232 459.256,61.842 459.256,60.703 460.156,60.212 461.125,59.562 462.996,60.942 475.706,65.482 475.105,66.312 475.105,68.103 474.136,69.072 473.815,78.103 "
       id="Epembe"
       style="fill:#630317;stroke:#f5f5f5;stroke-width:0.82447;stroke-dasharray:none;stroke-opacity:1;fill-opacity:1"
       transform="matrix(0.60645048,0,0,0.60645048,0.0520035,-11.573805)" />
    <path
       fill="#e8f2ad"
       d="m 443.976,55.252 -1.95,1.54 -0.36,0.07 -0.78,-1.85 -0.17,-1.71 -0.89,-1.38 v -2.3 l 56.62,-0.1 -1.989,1.99 -1.221,1.95 -1.13,0.41 v 1.38 l -1.3,1.63 -6.59,1.54 -3.01,2.52 h -1.46 l -0.16,1.14 -2.771,1.87 -1.109,1.53 -12.71,-4.54 -1.871,-1.38 -0.97,0.65 -0.9,0.49 v 1.14 l -3.98,4.39 -0.21,0.34 h -0.01 l -2.46,-2.46 -1.06,-1.87 -1.22,-0.4 v -1.39 l 1.79,-3.17 -1.87,-1.46 -0.41,-1.22 c 0,0 -1.46,0.17 -1.71,0 -0.24,-0.16 -0.81,0.81 -0.81,0.81 l -1.38,-0.4 z"
       id="Omundaungilo"
       style="fill:#630317;stroke:#f5f5f5;stroke-width:0.82447;stroke-dasharray:none;stroke-opacity:1;fill-opacity:1"
       transform="matrix(0.60645048,0,0,0.60645048,0.0520035,-11.573805)" />
    <path
       fill="#ffcccc"
       d="m 450.236,55.822 1.87,1.46 -1.79,3.17 v 1.39 l 1.22,0.4 1.06,1.87 2.46,2.46 h 0.01 l -12.8,20.79 -4.28,8.87 -13.18,-9.02 -0.01,-0.01 -0.38,-0.26 2.16,-1.04 1.95,-3.25 -2.93,-3.74 0.25,-4.47 5.69,-6.43 0.16,-1.22 0.95,-1.09 1.17,-1.35 1.7,-0.48 1.47,-1.06 0.97,-1.46 1.14,-0.57 0.16,-3.5 2.41,-0.42 0.36,-0.07 1.95,-1.54 1.95,-0.24 1.38,0.4 c 0,0 0.57,-0.97 0.81,-0.81 0.25,0.17 1.71,0 1.71,0 z"
       id="Eenhana"
       style="fill:#940522;stroke:#f5f5f5;stroke-width:0.82447;stroke-dasharray:none;stroke-opacity:1;fill-opacity:1"
       transform="matrix(0.60645048,0,0,0.60645048,0.0520035,-11.573805)" />
    <polygon
       fill="#ebcef2"
       points="411.136,77.862 411.125,77.853 407.156,77.652 406.736,75.902 405.355,74.112 405.676,72.652 405.036,71.353 405.036,69.893 404.136,68.752 404.136,67.453 407.956,67.453 410.476,68.262 411.696,68.262 412.186,67.203 412.266,67.022 414.216,67.042 414.546,65.982 415.516,65.012 414.466,64.112 413.486,62.652 414.375,61.592 415.355,61.762 416.006,63.223 417.636,61.842 419.176,64.112 432.646,65.703 431.696,66.792 431.536,68.012 425.846,74.442 425.596,78.913 428.526,82.652 426.576,85.902 424.416,86.942 "
       id="Omulonga"
       style="fill:#630317;stroke:#f5f5f5;stroke-width:0.82447;stroke-dasharray:none;stroke-opacity:1;fill-opacity:1"
       transform="matrix(0.60645048,0,0,0.60645048,0.0520035,-11.573805)" />
    <polygon
       fill="#ffdea9"
       points="416.896,54.522 417.636,53.382 417.636,51.433 418.366,50.623 420.046,49.663 439.826,49.623 439.826,51.922 440.716,53.302 440.886,55.012 441.666,56.862 439.256,57.282 439.096,60.782 437.956,61.353 436.986,62.812 435.516,63.873 433.815,64.353 432.646,65.703 419.176,64.112 417.636,61.842 416.006,63.223 415.355,61.762 414.375,61.592 414.216,60.542 416.986,60.212 "
       id="Ondobe"
       style="fill:#630317;stroke:#f5f5f5;stroke-width:0.82447;stroke-dasharray:none;stroke-opacity:1;fill-opacity:1"
       transform="matrix(0.60645048,0,0,0.60645048,0.0520035,-11.573805)" />
    <polygon
       fill="#fffdc0"
       points="401.226,54.833 401.125,54.522 400.966,52.652 401.315,49.692 420.046,49.663 418.366,50.623 417.636,51.433 417.636,53.382 416.896,54.522 416.986,60.212 414.216,60.542 414.375,61.592 413.486,62.652 414.466,64.112 415.516,65.012 414.546,65.982 414.216,67.042 412.266,67.022 413.085,65.252 410.886,62.572 410.315,60.942 409.826,60.052 409.426,58.342 408.366,58.262 403.156,54.772 "
       id="Oshikango"
       style="fill:#940522;stroke:#f5f5f5;stroke-width:0.82447;stroke-dasharray:none;stroke-opacity:1;fill-opacity:1"
       transform="matrix(0.60645048,0,0,0.60645048,0.0520035,-11.573805)" />
    <polygon
       fill="#ffcccc"
       points="404.136,67.453 404.546,66.552 404.375,65.413 389.436,65.123 397.226,56.792 401.866,56.962 401.226,54.833 403.156,54.772 408.366,58.262 409.426,58.342 409.826,60.052 410.315,60.942 410.886,62.572 413.085,65.252 412.266,67.022 412.186,67.203 411.696,68.262 410.476,68.262 407.956,67.453 "
       id="Ohangwena"
       style="fill:#940522;stroke:#f5f5f5;stroke-width:0.82447;stroke-dasharray:none;stroke-opacity:1;fill-opacity:1"
       transform="matrix(0.60645048,0,0,0.60645048,0.0520035,-11.573805)" />
    <polygon
       fill="#e8f2ad"
       points="389.016,65.572 389.436,65.123 404.375,65.413 404.546,66.552 404.136,67.453 404.136,68.752 405.036,69.893 405.036,71.353 405.676,72.652 405.355,74.112 406.736,75.902 407.156,77.652 399.746,77.292 393.236,76.973 379.666,76.312 383.815,72.163 384.056,71.022 386.496,68.672 388.366,67.373 "
       id="Endola"
       style="fill:#940522;stroke:#f5f5f5;stroke-width:0.82447;stroke-dasharray:none;stroke-opacity:1;fill-opacity:1"
       transform="matrix(0.60645048,0,0,0.60645048,0.0520035,-11.573805)" />
    <polygon
       fill="#ffdea9"
       points="391.936,52.163 394.625,52.163 395.676,51.022 397.056,51.112 398.216,49.703 401.315,49.692 400.966,52.652 401.125,54.522 401.226,54.833 401.866,56.962 397.226,56.792 389.436,65.123 389.016,65.572 388.366,67.373 386.496,68.672 384.056,71.022 383.815,72.163 379.666,76.312 379.646,76.203 377.796,67.532 377.716,66.062 377.346,65.522 379.176,64.772 379.496,63.462 381.456,62.652 382.596,63.462 384.136,62.243 381.936,59.322 382.516,57.942 384.296,57.853 385.766,56.232 387.636,55.743 388.446,54.772 389.906,54.842 "
       id="Engela"
       style="fill:#940522;stroke:#f5f5f5;stroke-width:0.82447;stroke-dasharray:none;stroke-opacity:1;fill-opacity:1"
       transform="matrix(0.60645048,0,0,0.60645048,0.0520035,-11.573805)" />
    <polygon
       fill="#e8f2ad"
       points="370.966,54.032 370.276,52.493 370.116,49.752 398.216,49.703 397.056,51.112 395.676,51.022 394.625,52.163 391.936,52.163 389.906,54.842 388.446,54.772 387.636,55.743 385.766,56.232 384.296,57.853 382.516,57.942 381.936,59.322 384.136,62.243 382.596,63.462 381.456,62.652 379.496,63.462 379.176,64.772 377.346,65.522 377.065,65.092 375.766,64.842 375.355,63.382 374.216,61.272 372.596,60.373 371.696,56.152 370.726,55.172 "
       id="Ongenga"
       style="fill:#940522;stroke:#f5f5f5;stroke-width:0.82447;stroke-dasharray:none;stroke-opacity:1;fill-opacity:1"
       transform="matrix(0.60645048,0,0,0.60645048,0.0520035,-11.573805)" />
    <polygon
       fill="#e8f2ad"
       points="405.576,101.172 406.696,99.272 404.776,98.152 403.855,96.942 403.756,96.232 404.306,94.893 405.076,95.723 405.076,94.203 411.085,94.203 411.125,94.203 411.125,100.583 411.125,102.002 411.085,102.002 408.625,102.002 407.806,101.172 "
       id="Ondangwa-Urban"
       style="fill:#f83a61;stroke:#f5f5f5;stroke-width:0.82447;stroke-dasharray:none;stroke-opacity:1;fill-opacity:1"
       transform="matrix(0.60645048,0,0,0.60645048,0.0520035,-11.573805)" />
    <polygon
       fill="#fffdc0"
       points="399.706,84.683 398.786,83.973 399.296,82.462 401.116,81.542 402.026,80.123 400.306,78.612 399.746,77.292 407.156,77.652 411.125,77.853 411.136,77.862 411.125,77.873 411.125,94.203 411.085,94.203 405.076,94.203 405.076,95.723 404.306,94.893 402.636,93.092 400.815,92.482 401.416,90.462 402.736,87.922 400.206,85.902 "
       id="Okaku"
       style="fill:#c5072e;stroke:#f5f5f5;stroke-width:0.82447;stroke-dasharray:none;stroke-opacity:1;fill-opacity:1"
       transform="matrix(0.60645048,0,0,0.60645048,0.0520035,-11.573805)" />
    <polygon
       fill="#ffdea9"
       points="386.726,89.752 386.726,83.373 388.956,83.672 390.076,82.862 389.666,80.532 390.886,79.723 392.096,79.723 391.996,78.302 393.236,76.973 399.746,77.292 400.306,78.612 402.026,80.123 401.116,81.542 399.296,82.462 398.786,83.973 399.706,84.683 400.206,85.902 402.736,87.922 401.416,90.462 400.815,92.482 398.076,92.183 397.266,91.473 394.835,91.262 392.806,90.052 391.896,90.012 "
       id="Ongwediva"
       style="fill:#c5072e;stroke:#f5f5f5;stroke-width:0.82447;stroke-dasharray:none;stroke-opacity:1;fill-opacity:1"
       transform="matrix(0.60645048,0,0,0.60645048,0.0520035,-11.573805)" />
    <polygon
       fill="#fffdc0"
       points="362.596,106.873 359.456,103.732 357.835,103.022 356.516,102.212 355.006,101.112 374.296,81.592 379.605,76.212 379.646,76.203 379.666,76.312 393.236,76.973 391.996,78.302 392.096,79.723 390.886,79.723 389.666,80.532 390.076,82.862 388.956,83.672 386.726,83.373 381.256,83.373 381.046,84.382 379.625,84.683 379.526,86.913 376.286,87.413 374.156,88.232 372.526,89.853 371.016,90.862 370.105,92.692 369.496,97.042 369.085,99.572 368.936,101.172 368.776,102.812 366.956,105.342 366.146,106.873 365.646,108.382 364.216,107.982 "
       id="Okatana"
       style="fill:#c5072e;stroke:#f5f5f5;stroke-width:0.82447;stroke-dasharray:none;stroke-opacity:1;fill-opacity:1"
       transform="matrix(0.60645048,0,0,0.60645048,0.0520035,-11.573805)" />
    <polygon
       fill="#ebcef2"
       points="376.286,87.413 379.526,86.913 379.625,84.683 381.046,84.382 381.256,83.373 386.726,83.373 384.186,84.782 383.375,87.012 381.956,88.232 381.956,101.172 368.936,101.172 369.085,99.572 369.496,97.042 370.105,92.692 371.016,90.862 372.526,89.853 374.156,88.232 "
       id="Oshakati-West"
       style="fill:#c5072e;stroke:#f5f5f5;stroke-width:0.82447;stroke-dasharray:none;stroke-opacity:1;fill-opacity:1"
       transform="matrix(0.60645048,0,0,0.60645048,0.0520035,-11.573805)" />
    <path
       fill="#ffdea9"
       d="m 375.976,114.062 -0.5,0.71 -1.73,-0.11 c 0,0 -0.91,-0.8 -1.22,-1.01 -0.3,-0.2 -1.21,0.31 -1.21,0.31 l -1.82,-0.81 -0.72,0.4 -1.01,-1.42 -1.82,-1.21 0.2,-1.62 -0.5,-0.92 0.5,-1.51 0.81,-1.53 1.82,-2.53 0.16,-1.64 h 13.02 10.85 l -0.31,2.66 0.11,2.33 -1.12,0.71 v 1.31 l -1.82,1.32 v 2.63 l 0.81,1.42 -0.91,1.42 -0.2,1.62 -0.11,3.75 0.41,1.11 -0.51,0.71 -0.3,1.01 -0.71,0.1 -0.31,-0.81 -0.3,-1.62 -1.12,-1.21 0.31,-1.22 -1.21,-0.6 -1.73,-1.93 -1.32,0.41 -4.46,-0.92 z"
       id="Ompundja"
       style="fill:#940522;stroke:#f5f5f5;stroke-width:0.82447;stroke-dasharray:none;stroke-opacity:1;fill-opacity:1"
       transform="matrix(0.60645048,0,0,0.60645048,0.0520035,-11.573805)" />
    <polygon
       fill="#e8f2ad"
       points="381.956,101.172 381.956,88.232 383.375,87.012 384.186,84.782 386.726,83.373 386.726,89.752 391.896,90.012 391.896,91.163 393.315,93.703 392.605,97.853 392.806,101.172 "
       id="Oshakati-East"
       style="fill:#f70839;stroke:#f5f5f5;stroke-width:0.82447;stroke-dasharray:none;stroke-opacity:1;fill-opacity:1"
       transform="matrix(0.60645048,0,0,0.60645048,0.0520035,-11.573805)" />
    <polygon
       fill="#ffcccc"
       points="406.696,99.272 405.576,101.172 392.806,101.172 392.605,97.853 393.315,93.703 391.896,91.163 391.896,90.012 392.806,90.052 394.835,91.262 397.266,91.473 398.076,92.183 400.815,92.482 402.636,93.092 404.306,94.893 403.756,96.232 403.855,96.942 404.776,98.152 "
       id="Ondangwa-Rural"
       style="fill:#f70839;stroke:#f5f5f5;stroke-width:0.82447;stroke-dasharray:none;stroke-opacity:1;fill-opacity:1"
       transform="matrix(0.60645048,0,0,0.60645048,0.0520035,-11.573805)" />
    <polygon
       fill="#fffdc0"
       points="411.125,110.012 411.085,110.012 407.296,112.542 403.456,112.032 400.105,112.942 397.776,113.552 396.046,113.252 394.936,113.752 393.105,114.163 392.906,112.842 390.476,113.552 389.666,112.132 389.666,109.502 391.486,108.183 391.486,106.873 392.605,106.163 392.496,103.833 392.806,101.172 405.576,101.172 407.806,101.172 408.625,102.002 411.085,102.002 411.125,102.002 "
       id="Uukwiyu"
       style="fill:#c5072e;stroke:#f5f5f5;stroke-width:0.82447;stroke-dasharray:none;stroke-opacity:1;fill-opacity:1"
       transform="matrix(0.60645048,0,0,0.60645048,0.0520035,-11.573805)" />
    <polygon
       fill="#ebcef2"
       points="406.756,144.962 406.696,144.933 405.186,144.652 405.676,142.922 404.565,142.322 403.656,142.623 402.846,142.623 402.636,141.913 403.146,139.982 402.636,138.172 403.756,137.762 402.846,135.232 403.046,134.422 403.656,133.302 402.636,132.692 403.346,131.683 403.556,130.163 402.236,128.942 402.846,128.042 402.125,127.232 401.726,125.802 397.676,125.302 397.676,124.592 396.355,123.683 395.136,124.192 394.636,122.262 393.616,121.862 392.196,121.453 390.976,121.962 389.666,121.453 389.256,120.342 389.366,116.592 389.565,114.973 390.476,113.552 392.906,112.842 393.105,114.163 394.936,113.752 396.046,113.252 397.776,113.552 400.105,112.942 403.456,112.032 407.296,112.542 411.085,110.012 411.125,110.012 411.125,110.112 412.186,109.532 413.996,113.152 414.565,118.112 414.546,119.993 414.476,125.072 413.136,129.842 409.796,133.083 409.416,134.993 406.546,136.993 407.216,144.052 "
       id="Okatyali"
       style="fill:#c5072e;stroke:#f5f5f5;stroke-width:0.82447;stroke-dasharray:none;stroke-opacity:1;fill-opacity:1"
       transform="matrix(0.60645048,0,0,0.60645048,0.0520035,-11.573805)" />
    <path
       fill="#e8f2ad"
       d="m 348.776,222.362 v -2.52 l 8.05,-2.67 1.01,1 0.83,-2.01 4.02,-1 0.17,-0.84 2.52,-1.68 5.03,-1.5 3.18,0.16 1.34,-1.34 -1.34,-1.17 -1.51,0.17 -1.34,-0.84 -3.18,-4.35 -0.84,-2.02 2.35,-1.67 1.84,-2.01 0.5,-5.36 -5.87,-14.07 4.36,-8.2 1.51,0.83 -1.29,-10.26 -5.08,-40.16 -3.52,-2.17 -2.35,-1.34 -1.51,0.5 -1,-1.34 -1.34,0.17 -0.84,-0.84 -1.51,0.17 -2.68,-1.34 -1.34,-2.01 -1.34,-0.34 -2.35,-1.34 5.73,-5.79 4.02,-4.07 1.51,1.1 1.32,0.81 1.62,0.71 3.14,3.14 1.62,1.11 1.43,0.4 0.5,0.92 -0.2,1.62 1.82,1.21 1.01,1.42 0.72,-0.4 1.82,0.81 c 0,0 0.91,-0.51 1.21,-0.31 0.31,0.21 1.22,1.01 1.22,1.01 l 1.73,0.11 0.5,-0.71 2.03,1.31 4.46,0.92 1.32,-0.41 1.73,1.93 1.21,0.6 -0.31,1.22 1.12,1.21 0.3,1.62 0.31,0.81 0.71,-0.1 0.3,-1.01 0.51,-0.71 1.31,0.51 1.22,-0.51 1.42,0.41 1.02,0.4 0.5,1.93 1.22,-0.51 1.32,0.91 v 0.71 l 4.05,0.5 0.4,1.43 0.72,0.81 -0.61,0.9 1.32,1.22 -0.21,1.52 -0.71,1.01 1.02,0.61 -0.61,1.12 -0.2,0.81 0.91,2.53 -1.12,0.41 0.51,1.81 -0.51,1.93 0.21,0.71 h 0.81 l 0.91,-0.3 1.11,0.6 -0.49,1.73 1.51,0.28 0.06,0.03 -0.02,0.04 0.96,1.53 -1.05,0.86 -0.19,2.28 0.47,1.91 -1.62,0.1 v 1.14 l 1.72,0.47 0.09,1.53 -0.92,0.8 -0.41,0.35 0.38,1.24 h 1.62 l 0.67,0.85 1.53,0.96 0.57,0.85 -0.86,1.53 v 1.05 l 1.53,0.09 1.62,0.86 0.48,2 -0.57,1.91 1.14,3.15 -0.09,2.76 -1.15,-1.24 -1.14,-0.28 -1.05,-0.95 -1.63,3.33 -4.58,3.15 -2,1.9 -4.59,6.58 -0.67,2.39 -0.19,4.19 0.39,4.77 -0.58,1.14 1.15,3.73 2.19,2.76 -0.09,1.62 1.24,1.62 3.05,6.39 2.3,1.72 2.38,-0.1 -0.09,2.67 -1.34,0.19 -0.29,1.34 -3.24,0.95 v 1.43 l 0.67,1.05 -0.29,2.28 0.86,3.63 -0.1,2.1 1.34,2.57 -0.67,1.81 h -0.04 l -8.09,-4.56 h -9.55 l -17.44,-3.68 -1,-0.84 -4.03,1.17 -7.37,-0.83 -4.19,1 -5.2,-0.34 v -5.51 z"
       id="Uuvudhiya"
       style="fill:#940522;stroke:#f5f5f5;stroke-width:0.82447;stroke-dasharray:none;stroke-opacity:1;fill-opacity:1"
       transform="matrix(0.60645048,0,0,0.60645048,0.0520035,-11.573805)" />
    <polygon
       fill="#ebcef2"
       points="288.306,288.482 283.506,285.973 287.946,280.812 285.786,276.732 283.386,275.163 281.466,277.933 277.506,276.012 281.346,268.092 275.216,264.132 272.226,258.022 271.136,253.103 273.186,248.552 271.896,244.292 271.906,244.292 281.926,244.292 282.605,235.522 277.605,235.692 277.536,227.712 288.036,226.542 311.636,226.822 323.026,224.012 328.375,223.743 332.565,224.353 337.916,225.663 344.166,223.762 348.776,222.373 348.776,227.882 353.976,228.223 358.166,227.223 365.536,228.052 369.565,226.882 370.565,227.723 388.006,231.402 397.556,231.402 405.646,235.962 405.686,235.962 401.326,242.192 403.006,242.672 404.565,247.112 402.766,254.663 402.896,261.862 403.726,268.092 405.896,276.493 408.656,283.092 408.776,292.683 405.896,300.112 407.096,308.152 407.335,312.232 408.776,314.752 407.926,322.062 410.936,330.933 411.065,337.042 407.966,342.743 408.046,342.833 404.096,346.482 398.375,354.022 392.656,347.833 384.375,347.833 381.366,351.603 380.456,355.822 372.436,356.342 372.246,356.362 372.156,356.373 366.736,354.262 364.196,354.052 360.896,349.163 355.156,349.163 353.526,346.413 350.046,347.373 350.276,344.243 348.246,342.322 338.636,341.612 337.196,339.092 333.466,332.853 326.506,329.623 326.386,325.663 329.266,320.743 331.315,320.743 331.315,314.502 318.216,312.232 315.576,312.942 314.246,307.433 304.406,308.152 297.076,306.953 298.166,301.192 297.846,300.413 292.996,288.482 "
       id="Kamanjab"
       style="fill:#f83a61;stroke:#f5f5f5;stroke-width:0.82447;stroke-dasharray:none;stroke-opacity:1;fill-opacity:1"
       transform="matrix(0.60645048,0,0,0.60645048,0.0520035,-11.573805)" />
    <path
       fill="#ffdea9"
       d="m 140.016,300.413 -0.05,0.01 -0.43,-1.55 -1.75,-2.4 -5.29,-10.55 -1.77,-6.55 -4.47,-5.12 -2.73,-8.15 -4.81,-8.16 -3.99,-8 -5.29,-9.11 0.48,-3.52 -1.6,-4.48 c 0,0 -2.57,-2.71 -2.72,-3.19 -0.16,-0.48 -4.01,-7.68 -4.01,-7.68 l -0.64,-4 -3.2,-4.79 -0.8,-1.92 -7.05,-6.07 -1.76,-4.17 -0.8,-4.8 c 0,0 -0.96,-1.91 -1.44,-2.39 -0.48,-0.48 -5.28,-6.39 -5.28,-6.39 l -5.45,-7.2 -0.35,-1.28 h 83.95 l 4.88,14.79 v 1.44 l 0.6,2.04 1.07,1.44 -1.19,3.59 1.32,1.61 h 96.64 0.01 v 0.01 l -0.41,1.63 -0.96,3.85 5,16.37 0.9,1.65 1.23,0.2 2.47,2.26 1.2,1.38 0.24,1.98 0.69,1.85 -0.07,2.26 -0.89,1.37 -1.37,1.17 -0.21,2.26 -0.55,1.78 2.53,0.41 1.29,4.26 -2.05,4.55 1.09,4.92 2.99,6.11 6.13,3.96 -3.84,7.92 3.96,1.92 1.92,-2.77 2.4,1.57 2.16,4.08 -4.44,5.16 4.8,2.51 h 4.69 l 4.85,11.93 h -0.01 z"
       id="Sesfontein"
       style="fill:#fa6b88;stroke:#f5f5f5;stroke-width:0.82447;stroke-dasharray:none;stroke-opacity:1;fill-opacity:1"
       transform="matrix(0.60645048,0,0,0.60645048,0.0520035,-11.573805)" />
    <polygon
       fill="#ffdea9"
       points="371.406,171.272 369.896,170.442 365.536,178.643 371.406,192.712 370.906,198.072 369.065,200.083 366.716,201.752 367.556,203.772 370.736,208.123 372.076,208.962 373.585,208.792 374.926,209.962 373.585,211.302 370.406,211.143 365.375,212.643 362.855,214.322 362.686,215.163 358.666,216.163 357.835,218.172 356.826,217.172 348.776,219.842 348.776,222.362 348.776,222.373 344.166,223.762 344.166,164.032 343.096,162.902 343.506,161.353 341.966,159.922 340.216,154.262 338.875,151.802 338.056,147.172 337.846,143.473 334.556,133.712 334.656,131.453 333.526,128.672 331.776,125.802 331.875,118.192 330.646,115.312 330.846,111.413 329.916,110.072 330.536,106.272 332.696,105.243 332.806,104.422 335.036,103.703 337.506,103.493 336.746,102.402 336.746,101.512 338.056,100.282 338.056,98.433 337.636,97.743 337.565,96.373 336.605,95.493 339.216,94.732 340.456,93.353 343.246,92.243 343.956,94.933 344.565,95.482 345.116,97.743 347.726,98.223 348.006,99.792 348.476,100.822 348.756,102.062 350.125,102.132 350.815,103.012 350.966,105.163 350.986,105.183 345.256,110.973 347.605,112.312 348.946,112.652 350.286,114.663 352.966,116.002 354.476,115.833 355.315,116.672 356.656,116.502 357.656,117.842 359.166,117.342 361.516,118.683 365.036,120.853 370.116,161.012 "
       id="Otamanzi"
       style="fill:#630317;stroke:#f5f5f5;stroke-width:0.82447;stroke-dasharray:none;stroke-opacity:1;fill-opacity:1"
       transform="matrix(0.60645048,0,0,0.60645048,0.0520035,-11.573805)" />
    <polygon
       fill="#fffdc0"
       points="327.756,86.232 328.036,89.652 330.716,90.752 332.156,89.652 333.386,89.382 334.625,90.413 334.686,93.762 336.605,95.493 337.565,96.373 337.636,97.743 338.056,98.433 338.056,100.282 336.746,101.512 336.746,102.402 337.506,103.493 335.036,103.703 332.806,104.422 332.696,105.243 330.536,106.272 329.916,110.072 330.846,111.413 330.646,115.312 331.875,118.192 331.776,125.802 333.526,128.672 334.656,131.453 334.556,133.712 337.846,143.473 338.056,147.172 338.875,151.802 340.216,154.262 341.966,159.922 343.506,161.353 343.096,162.902 344.166,164.032 344.166,223.762 337.916,225.663 332.565,224.353 328.375,223.743 323.026,224.012 311.636,226.822 288.036,226.542 277.536,227.712 277.605,235.692 282.605,235.522 281.926,244.292 271.906,244.292 271.896,244.292 269.366,243.882 269.916,242.103 270.125,239.842 271.496,238.672 272.386,237.302 272.456,235.042 271.766,233.192 271.526,231.212 270.326,229.833 267.855,227.572 266.625,227.373 265.726,225.723 260.726,209.353 261.686,205.502 288.516,186.532 283.296,181.873 280.136,169.542 279.416,127.482 319.656,107.333 319.656,99.453 322.746,93.223 326.046,93.012 325.906,91.232 326.656,88.902 326.386,85.822 "
       id="Okahao"
       style="fill:#630317;stroke:#f5f5f5;stroke-width:0.82447;stroke-dasharray:none;stroke-opacity:1;fill-opacity:1"
       transform="matrix(0.60645048,0,0,0.60645048,0.0520035,-11.573805)" />
    <polygon
       fill="#e8f2ad"
       points="323.156,70.953 325.565,71.502 326.246,70.683 327.826,70.683 329.546,69.512 328.516,68.692 328.516,67.393 329.226,65.802 333.116,67.453 334.625,67.592 336.196,68.623 336.956,69.853 338.736,70.132 340.386,71.292 341.206,72.393 343.406,72.873 344.366,73.212 344.986,72.802 346.146,73.833 345.596,75.683 348.065,75.822 348.756,76.772 348.756,81.572 349.786,81.643 351.436,83.902 351.846,87.192 350.476,88.083 348.276,88.353 345.056,91.982 343.886,91.982 343.246,92.243 340.456,93.353 339.216,94.732 336.605,95.493 334.686,93.762 334.625,90.413 333.386,89.382 332.156,89.652 330.716,90.752 328.036,89.652 327.756,86.232 326.386,85.822 325.496,78.623 324.326,74.922 323.676,72.703 "
       id="Ogongo"
       style="fill:#630317;stroke:#f5f5f5;stroke-width:0.82447;stroke-dasharray:none;stroke-opacity:1;fill-opacity:1"
       transform="matrix(0.60645048,0,0,0.60645048,0.0520035,-11.573805)" />
    <polygon
       fill="#ffcccc"
       points="367.696,72.532 368.855,72.532 370.096,73.833 370.096,77.532 370.986,78.143 371.326,79.172 373.456,80.132 374.286,81.583 374.296,81.592 355.006,101.112 350.986,105.183 350.966,105.163 350.815,103.012 350.125,102.132 348.756,102.062 348.476,100.822 348.006,99.792 347.726,98.223 345.116,97.743 344.565,95.482 343.956,94.933 343.246,92.243 343.886,91.982 345.056,91.982 348.276,88.353 350.476,88.083 351.846,87.192 353.835,86.302 356.446,85.482 358.496,85.413 361.996,82.732 362.065,80.342 364.676,80.132 364.536,78.083 366.326,75.882 367.625,76.433 367.966,75.402 367.966,74.652 367.486,74.032 "
       id="Elim"
       style="fill:#940522;stroke:#f5f5f5;stroke-width:0.82447;stroke-dasharray:none;stroke-opacity:1;fill-opacity:1"
       transform="matrix(0.60645048,0,0,0.60645048,0.0520035,-11.573805)" />
    <polygon
       fill="#fffdc0"
       points="362.546,69.853 364.125,68.833 363.986,67.663 365.846,67.663 366.046,68.623 365.916,70.683 367.696,72.532 367.486,74.032 367.966,74.652 367.966,75.402 367.625,76.433 366.326,75.882 364.536,78.083 364.676,80.132 362.065,80.342 361.996,82.732 358.496,85.413 356.446,85.482 353.835,86.302 351.846,87.192 351.436,83.902 349.786,81.643 348.756,81.572 348.756,76.772 348.065,75.822 345.596,75.683 346.146,73.833 344.986,72.802 344.375,71.982 344.916,71.092 343.815,69.853 344.436,69.103 345.806,70.062 347.585,69.302 348.416,66.092 346.976,65.333 346.906,64.512 351.156,64.853 353.146,66.842 354.105,65.743 357.266,68.482 358.846,67.522 361.346,67.373 361.446,68.143 "
       id="Oshikuku"
       style="fill:#940522;stroke:#f5f5f5;stroke-width:0.82447;stroke-dasharray:none;stroke-opacity:1;fill-opacity:1"
       transform="matrix(0.60645048,0,0,0.60645048,0.0520035,-11.573805)" />
    <polygon
       fill="#ebcef2"
       points="377.065,65.092 377.346,65.522 377.716,66.062 377.796,67.532 379.646,76.203 379.605,76.212 374.296,81.592 374.286,81.583 373.456,80.132 371.326,79.172 370.986,78.143 370.096,77.532 370.096,73.833 368.855,72.532 367.696,72.532 365.916,70.683 366.046,68.623 365.846,67.663 363.986,67.663 364.125,68.833 362.546,69.853 361.446,68.143 361.346,67.373 361.176,66.163 359.736,65.062 360.076,63.482 359.946,62.802 358.016,61.842 357.536,60.812 357.476,58.212 356.166,55.473 357.476,54.442 356.236,51.772 356.646,51.152 356.496,49.772 370.116,49.752 370.276,52.493 370.966,54.032 370.726,55.172 371.696,56.152 372.596,60.373 374.216,61.272 375.355,63.382 375.766,64.842 "
       id="Etayi"
       style="fill:#630317;stroke:#f5f5f5;stroke-width:0.82447;stroke-dasharray:none;stroke-opacity:1;fill-opacity:1"
       transform="matrix(0.60645048,0,0,0.60645048,0.0520035,-11.573805)" />
    <polygon
       fill="#ffdea9"
       points="358.846,67.522 357.266,68.482 354.105,65.743 353.146,66.842 351.156,64.853 346.906,64.512 346.976,65.333 348.416,66.092 347.585,69.302 345.806,70.062 344.436,69.103 343.815,69.853 344.916,71.092 344.375,71.982 344.026,71.502 342.646,70.882 340.936,68.623 340.526,66.982 340.596,63.072 340.176,62.112 335.926,59.583 334.486,57.522 333.246,57.042 333.116,55.473 335.166,55.192 334.826,53.342 335.036,51.902 333.585,49.812 356.496,49.772 356.646,51.152 356.236,51.772 357.476,54.442 356.166,55.473 357.476,58.212 357.536,60.812 358.016,61.842 359.946,62.802 360.076,63.482 359.736,65.062 361.176,66.163 361.346,67.373 "
       id="Okalongo"
       style="fill:#630317;stroke:#f5f5f5;stroke-width:0.82447;stroke-dasharray:none;stroke-opacity:1;fill-opacity:1"
       transform="matrix(0.60645048,0,0,0.60645048,0.0520035,-11.573805)" />
    <polygon
       fill="#ffcccc"
       points="333.246,57.042 334.486,57.522 335.926,59.583 340.176,62.112 340.596,63.072 340.526,66.982 340.936,68.623 342.646,70.882 344.026,71.502 344.375,71.982 344.986,72.802 344.366,73.212 343.406,72.873 341.206,72.393 340.386,71.292 338.736,70.132 336.956,69.853 336.196,68.623 334.625,67.592 333.116,67.453 329.226,65.802 328.926,65.672 326.726,65.542 322.616,62.933 319.806,60.743 319.806,49.973 319.806,49.842 333.585,49.812 335.036,51.902 334.826,53.342 335.166,55.192 333.116,55.473 "
       id="Anamulenge"
       style="fill:#630317;stroke:#f5f5f5;stroke-width:0.82447;stroke-dasharray:none;stroke-opacity:1;fill-opacity:1"
       transform="matrix(0.60645048,0,0,0.60645048,0.0520035,-11.573805)" />
    <path
       fill="#ffdea9"
       d="m 326.386,85.822 0.27,3.08 -0.75,2.33 0.14,1.78 -3.3,0.21 -3.09,6.23 v 7.88 l -40.24,20.15 -0.75,-43.82 5.25,-1.13 2.16,4.21 2.47,-1.54 0.62,-1.64 2.16,-1.13 1.23,-0.21 0.41,-1.64 2.06,-0.31 0.21,-1.24 -0.51,-0.92 -0.21,-1.64 1.95,-1.44 1.75,0.1 v 1.54 h 1.44 l 0.83,1.44 1.64,0.92 0.93,-0.71 -0.62,-1.24 c 0,0 1.45,-1.23 1.75,-1.13 0.31,0.1 2.37,0.41 2.37,0.41 l 0.41,-1.23 16.71,-2.43 0.65,2.22 1.17,3.7 z"
       id="Tsandi"
       style="fill:#630317;stroke:#f5f5f5;stroke-width:0.82447;stroke-dasharray:none;stroke-opacity:1;fill-opacity:1"
       transform="matrix(0.60645048,0,0,0.60645048,0.0520035,-11.573805)" />
    <polygon
       fill="#ebcef2"
       points="297.706,65.782 298.636,66.603 299.246,65.163 300.386,65.262 300.996,63.933 300.176,61.672 297.806,61.973 298.016,60.123 297.186,58.993 295.546,60.433 293.896,60.433 293.076,61.262 292.966,62.083 291.526,63.413 290.605,61.672 289.366,61.262 290.496,59.712 289.366,58.382 289.886,56.842 287.416,55.402 287.206,53.342 288.335,52.112 287.616,49.973 287.616,49.902 319.806,49.842 319.806,49.973 319.806,60.743 322.616,62.933 326.726,65.542 328.926,65.672 329.226,65.802 328.516,67.393 328.516,68.692 329.546,69.512 327.826,70.683 326.246,70.683 325.565,71.502 323.156,70.953 323.676,72.703 306.966,75.132 306.146,74.002 305.526,72.462 303.156,72.252 302.236,71.022 297.605,70.092 296.166,70.712 295.335,70.203 295.446,67.632 296.776,65.782 "
       id="Outapi"
       style="fill:#630317;stroke:#f5f5f5;stroke-width:0.82447;stroke-dasharray:none;stroke-opacity:1;fill-opacity:1"
       transform="matrix(0.60645048,0,0,0.60645048,0.0520035,-11.573805)" />
    <path
       fill="#fffdc0"
       d="m 304.186,75.953 c -0.3,-0.1 -1.75,1.13 -1.75,1.13 l 0.62,1.24 -0.93,0.71 -1.64,-0.92 -0.83,-1.44 h -1.44 v -1.54 l -1.75,-0.1 -1.95,1.44 0.21,1.64 0.51,0.92 -0.21,1.24 -2.06,0.31 -0.41,1.64 -1.23,0.21 -2.16,1.13 -0.62,1.64 -2.47,1.54 -2.16,-4.21 -5.25,1.13 -0.59,-33.69 v -0.05 l 9.54,-0.02 v 0.07 l 0.72,2.14 -1.13,1.23 0.21,2.06 2.47,1.44 -0.52,1.54 1.13,1.33 -1.13,1.55 1.24,0.41 0.92,1.74 1.44,-1.33 0.11,-0.82 0.82,-0.83 h 1.65 l 1.64,-1.44 0.83,1.13 -0.21,1.85 2.37,-0.3 0.82,2.26 -0.61,1.33 -1.14,-0.1 -0.61,1.44 -0.93,-0.82 h -0.93 l -1.33,1.85 -0.11,2.57 0.83,0.51 1.44,-0.62 4.63,0.93 0.92,1.23 2.37,0.21 0.62,1.54 0.82,1.13 -0.41,1.23 c 0,-0.001 -2.06,-0.311 -2.37,-0.41 z"
       id="Onesi"
       style="fill:#630317;stroke:#f5f5f5;stroke-width:0.82447;stroke-dasharray:none;stroke-opacity:1;fill-opacity:1"
       transform="matrix(0.60645048,0,0,0.60645048,0.0520035,-11.573805)" />
    <polygon
       fill="#e8f2ad"
       points="242.266,69.652 240.616,68.422 240.346,66.913 240.616,65.882 242.266,63.962 243.496,63.413 244.875,59.853 245.766,58.962 246.315,57.183 247.206,56.772 247.206,55.603 248.716,52.833 247.886,52.312 247.786,51.292 248.146,49.973 278.076,49.922 278.076,49.973 278.666,83.663 279.416,127.482 280.136,169.542 283.296,181.873 288.516,186.532 261.686,205.502 262.096,203.873 262.096,203.862 264.565,196.333 264.016,193.393 264.016,191.333 259.216,181.812 255.646,169.473 256.676,147.552 255.366,129.672 255.366,129.663 253.996,107.473 253.846,107.152 241.846,81.022 243.846,79.583 244.116,78.552 244.936,77.322 245.076,70.953 "
       id="Ruacana"
       style="fill:#940522;stroke:#f5f5f5;stroke-width:0.82447;stroke-dasharray:none;stroke-opacity:1;fill-opacity:1"
       transform="matrix(0.60645048,0,0,0.60645048,0.0520035,-11.573805)" />
    <polygon
       fill="#ebcef2"
       points="217.736,135.143 201.556,124.422 199.146,107.152 253.846,107.152 253.996,107.473 255.366,129.663 "
       id="Opuwo-Urban"
       style="fill:#f83a61;stroke:#f5f5f5;stroke-width:0.82447;stroke-dasharray:none;stroke-opacity:1;fill-opacity:1"
       transform="matrix(0.60645048,0,0,0.60645048,0.0520035,-11.573805)" />
    <polygon
       fill="#ffcccc"
       points="30.166,116.272 29.526,110.672 27.916,107.152 199.146,107.152 201.556,124.422 217.736,135.143 255.366,129.663 255.366,129.672 256.676,147.552 255.646,169.473 259.216,181.812 264.016,191.333 264.016,193.393 264.565,196.333 262.096,203.862 262.085,203.862 165.446,203.862 164.125,202.252 165.315,198.663 164.246,197.223 163.646,195.183 163.646,193.743 158.766,178.953 74.815,178.953 74.686,178.473 70.676,174.473 56.746,162.802 48.576,155.603 47.136,153.853 46.986,151.603 45.546,149.373 45.546,143.132 44.256,140.732 41.375,135.772 41.855,134.022 40.576,130.502 34.806,123.462 31.766,121.062 "
       id="Opuwo-Rural"
       style="fill:#0066cc;stroke:#f5f5f5;stroke-width:0.82447;stroke-dasharray:none;stroke-opacity:1;fill-opacity:1"
       transform="matrix(0.60645048,0,0,0.60645048,0.0520035,-11.573805)" />
    <path
       fill="#fffdc0"
       d="m 25.206,37.603 3.04,-1.13 1.76,-2.55 1.76,0.16 2.73,-1.28 0.96,-1.92 5.6,-2.56 6.41,-2.72 3.2,0.48 1.92,-1.27 4.49,1.92 2.4,-0.17 2.24,2.09 0.31,1.27 5.29,4 2.08,-0.32 1.28,0.32 5.61,-1.76 2.72,1.12 1.61,-2.08 3.03,0.32 1.29,1.6 0.63,2.87 3.53,-1.27 4.16,0.31 3.05,-0.63 0.96,-1.12 2.24,0.8 1.28,-0.96 v -1.76 l 5.92,-3.67 3.53,0.48 0.32,-1.77 4.96,-3.03 2.72,-0.96 1.77,-2.88 4.96,-1.44 c 0,0 0.16,-1.6 0,-2.08 -0.16,-0.48 1.92,-0.48 1.92,-0.48 l 1.92,-1.92 4.33,-1.12 0.48,-2.55 8.97,-0.96 2.24,0.79 1.76,-1.12 6.72,-0.8 1.77,2.09 2.72,-0.17 1.28,1.13 h 2.4 l 7.85,-1.92 3.05,1.59 h 3.03 l 1.29,1.12 3.2,1.76 2.08,4.48 2.08,1.92 0.16,1.92 -1.6,1.92 3.84,1.75 7.69,5.28 4.32,3.83 h 2.09 l 2.08,2.09 4.16,2.4 4.81,3.19 4.96,2.08 4.16,3.52 0.65,3.36 2.88,1.76 h 2.72 l 2.08,-1.76 8.01,1.92 1.28,-1.12 0.64,0.96 3.71,-1.41 5.09,-0.25 0.1,1.02 0.83,0.52 -1.51,2.77 v 1.17 l -0.89,0.41 -0.55,1.78 -0.89,0.89 -1.38,3.56 -1.23,0.55 -1.65,1.92 -0.27,1.03 0.27,1.51 1.65,1.23 2.81,1.3 -0.14,6.37 -0.82,1.23 -0.27,1.03 -2,1.44 12,26.13 h -54.7 -171.23 l -0.96,-4.79 c 0,0 0,-4.8 0,-5.28 0,-0.48 -1.75,-5.28 -1.75,-5.28 l 0.31,-2.4 -1.28,-3.35 0.17,-2.09 c 0,0 -0.96,-2.55 -0.96,-3.03 0,-0.48 0,-3.68 0,-3.68 l -1.77,-4.16 0.23,-3.19 -1.19,-3.21 0.81,-11.82 0.79,-6.24 1.13,-1.12 -0.65,-2.88 -0.16,-9.12 0.42,-0.36 z"
       id="Epupa"
       style="fill:#0080ff;stroke:#f5f5f5;stroke-width:0.82447;stroke-dasharray:none;stroke-opacity:1;fill-opacity:1"
       transform="matrix(0.60645048,0,0,0.60645048,0.0520035,-11.573805)" />
    <g
       id="g109"
       inkscape:label="Windhoek">
      <polygon
         fill="#ffdea9"
         points="509.836,551.393 509.945,553.042 509.746,554.522 509.966,554.792 510.216,555.683 510.615,557.962 510.166,558.913 510.266,559.792 508.636,562.132 508.536,563.072 508.766,564.413 503.206,561.083 499.136,562.243 493.006,558.223 490.796,554.812 494.416,553.353 495.766,553.203 499.536,554.002 500.036,551.792 500.796,551.393 502.105,551.743 503.155,551.743 503.756,551.973 505.126,551.672 506.536,551.842 506.966,551.072 506.865,550.703 506.235,550.103 507.006,550.232 507.126,549.833 508.075,550.802 508.646,550.172 508.666,549.812 508.706,549.062 508.746,548.942 509.945,549.592 510.126,551.333 "
         id="Windhoek-West"
         style="fill:#f83a61;fill-opacity:1;stroke:#f5f5f5;stroke-width:0.0924156;stroke-dasharray:none;stroke-opacity:1"
         transform="matrix(5.4103424,0,0,5.4103424,-2067.8658,-2791.509)" />
      <polygon
         fill="#ebcef2"
         points="520.626,551.473 521.466,550.732 521.766,550.802 523.376,557.373 523.105,557.772 523.896,559.183 519.275,560.132 514.756,562.143 510.636,565.902 509.586,564.902 508.766,564.413 508.536,563.072 508.636,562.132 510.266,559.792 510.166,558.913 510.615,557.962 510.216,555.683 509.966,554.792 509.746,554.522 509.945,553.042 509.836,551.393 510.126,551.333 509.945,549.592 508.746,548.942 509.075,547.993 509.176,546.723 510.086,546.663 510.016,547.152 512.556,546.083 514.596,546.953 514.766,548.862 516.746,549.833 517.815,550.703 519.115,550.833 519.896,551.583 "
         id="Windhoek-East"
         style="fill:#e9ac49;fill-opacity:1;stroke:#f5f5f5;stroke-width:0.0924156;stroke-dasharray:none;stroke-opacity:1"
         transform="matrix(5.4103424,0,0,5.4103424,-2067.8658,-2791.509)" />
      <polygon
         fill="#e8f2ad"
         points="508.516,546.752 509.176,546.723 509.075,547.993 508.746,548.942 508.706,549.062 508.666,549.812 508.025,549.812 508.115,549.183 507.686,549.163 507.936,548.192 507.806,547.623 507.615,547.493 507.916,547.342 507.996,546.953 508.065,546.623 "
         id="Katutura-East"
         style="fill:#f83a61;fill-opacity:1;stroke:#f5f5f5;stroke-width:0.0924156;stroke-dasharray:none;stroke-opacity:1"
         transform="matrix(5.4103424,0,0,5.4103424,-2067.8658,-2791.509)" />
      <polygon
         fill="#fffdc0"
         points="507.016,548.723 506.735,548.723 506.586,548.473 506.976,548.072 506.716,547.842 506.756,547.592 506.786,547.223 507.315,547.022 507.996,546.953 507.916,547.342 507.615,547.493 507.806,547.623 507.936,548.192 507.686,549.163 507.216,549.143 "
         id="Katutura-Central"
         style="fill:#e6bf7f;fill-opacity:1;stroke:#f5f5f5;stroke-width:0.0924156;stroke-dasharray:none;stroke-opacity:1"
         transform="matrix(5.4103424,0,0,5.4103424,-2067.8658,-2791.509)" />
      <polygon
         fill="#ffcccc"
         points="507.315,547.022 506.786,547.223 506.756,547.592 506.716,547.842 506.976,548.072 506.586,548.473 506.735,548.723 507.016,548.723 507.216,549.143 506.355,549.092 506.126,548.853 505.636,548.772 505.506,548.123 505.966,548.163 506.086,547.643 506.176,546.442 506.735,546.262 507.046,546.572 507.716,546.532 508.065,546.623 507.996,546.953 "
         id="John-Pandeni"
         style="fill:#f83a61;fill-opacity:1;stroke:#f5f5f5;stroke-width:0.0924156;stroke-dasharray:none;stroke-opacity:1"
         transform="matrix(5.4103424,0,0,5.4103424,-2067.8658,-2791.509)" />
      <polygon
         fill="#ebcef2"
         points="504.386,549.342 504.836,548.962 505.195,549.123 505.575,548.762 505.636,548.772 506.126,548.853 506.355,549.092 507.216,549.143 507.686,549.163 508.115,549.183 508.025,549.812 508.666,549.812 508.646,550.172 508.075,550.802 507.126,549.833 507.006,550.232 506.235,550.103 506.865,550.703 506.966,551.072 506.536,551.842 505.126,551.672 503.756,551.973 503.155,551.743 502.105,551.743 500.796,551.393 501.105,550.833 501.325,548.712 502.575,548.632 502.936,549.002 503.496,548.873 "
         id="Khomasdal"
         style="fill:#e6bf7f;fill-opacity:1;stroke:#f5f5f5;stroke-width:0.0924156;stroke-dasharray:none;stroke-opacity:1"
         transform="matrix(5.4103424,0,0,5.4103424,-2067.8658,-2791.509)" />
      <polygon
         fill="#e8f2ad"
         points="505.036,546.643 505.666,546.282 506.176,546.442 506.086,547.643 505.966,548.163 505.506,548.123 505.636,548.772 505.575,548.762 505.195,549.123 504.836,548.962 504.386,549.342 503.496,548.873 502.936,549.002 502.575,548.632 501.325,548.712 501.346,548.592 501.346,547.292 501.605,546.853 501.876,545.112 501.235,544.272 503.025,543.913 503.136,544.562 503.716,545.123 504.485,546.663 "
         id="Samora-Machel"
         style="fill:#f83a61;fill-opacity:1;stroke:#f5f5f5;stroke-width:0.0924156;stroke-dasharray:none;stroke-opacity:1"
         transform="matrix(5.4103424,0,0,5.4103424,-2067.8658,-2791.509)" />
      <polygon
         fill="#ffdea9"
         points="506.155,543.203 506.706,543.362 507.296,543.022 507.605,542.493 508.275,542.442 508.916,542.692 509.346,542.982 510.166,542.982 510.286,543.603 510.315,545.012 510.086,546.663 509.176,546.723 508.516,546.752 508.065,546.623 507.716,546.532 507.046,546.572 506.735,546.262 506.846,545.632 506.376,544.612 506.246,543.873 "
         id="Tobias-Hainyeko"
         style="fill:#f70839;fill-opacity:1;stroke:#f5f5f5;stroke-width:0.0924156;stroke-dasharray:none;stroke-opacity:1"
         transform="matrix(5.4103424,0,0,5.4103424,-2067.8658,-2791.509)" />
      <polygon
         fill="#ebcef2"
         points="507.166,539.353 508.536,539.623 509.346,539.022 509.275,540.123 509.686,540.592 509.646,541.893 510.115,542.672 510.166,542.982 509.346,542.982 508.916,542.692 508.275,542.442 507.605,542.493 507.296,543.022 506.706,543.362 506.155,543.203 506.246,543.873 506.376,544.612 506.846,545.632 506.735,546.262 506.176,546.442 505.666,546.282 505.036,546.643 504.485,546.663 503.716,545.123 503.136,544.562 503.025,543.913 505.025,543.502 504.985,538.812 506.396,539.353 "
         id="Moses-ǁGaroëb"
         style="fill:#f70839;fill-opacity:1;stroke:#f5f5f5;stroke-width:0.0924156;stroke-dasharray:none;stroke-opacity:1"
         transform="matrix(5.4103424,0,0,5.4103424,-2067.8658,-2791.509)" />
    </g>
  </g>
</svg>