<svg
   x="0px"
   y="0px"
   width="1261.43px"
   height="1374.93px"
   viewBox="0 0 1261.43 1374.93"
   enable-background="new 0 0 1261.43 1374.93"
   xml:space="preserve"
   xmlns:inkscape="http://www.inkscape.org/namespaces/inkscape"
   xmlns:sodipodi="http://sodipodi.sourceforge.net/DTD/sodipodi-0.dtd"
   xmlns="http://www.w3.org/2000/svg"
   xmlns:svg="http://www.w3.org/2000/svg"
   xmlns:rdf="http://www.w3.org/1999/02/22-rdf-syntax-ns#"
   xmlns:cc="http://creativecommons.org/ns#"
   xmlns:dc="http://purl.org/dc/elements/1.1/"><metadata
   id="metadata121"><rdf:RDF><cc:Work
       rdf:about=""><dc:format>image/svg+xml</dc:format><dc:type
         rdf:resource="http://purl.org/dc/dcmitype/StillImage" /></cc:Work></rdf:RDF></metadata><defs
   id="defs119" /><sodipodi:namedview
   pagecolor="#ffffff"
   bordercolor="#666666"
   borderopacity="1"
   objecttolerance="10"
   gridtolerance="10"
   guidetolerance="10"
   inkscape:pageopacity="0"
   inkscape:pageshadow="2"
   inkscape:window-width="1920"
   inkscape:window-height="974"
   id="namedview117"
   showgrid="false"
   inkscape:zoom="0.5"
   inkscape:cx="523"
   inkscape:cy="1064"
   inkscape:window-x="-11"
   inkscape:window-y="-11"
   inkscape:window-maximized="1"
   inkscape:current-layer="g3878"
   showguides="false"
   inkscape:pagecheckerboard="0" />

<g
   transform="matrix(0.00666943,0,0,0.00666943,5.8872802,131.06855)"
   style="fill-rule:evenodd"
   inkscape:label="Exterior"><path
   style="fill:none;fill-rule:evenodd;stroke:#646565;stroke-width:720.334"
   inkscape:connector-curvature="0"
   id="Overseas"
   d="m 59537.015,130324.18 25.211,37.82 23.411,36.73 23.771,37.82 24.131,37.82 23.051,37.46 23.411,37.45 23.051,37.82 22.69,38.18 23.051,37.46 22.33,38.17 22.691,37.46 22.69,37.46 21.971,38.54 21.61,38.17 22.69,37.82 21.25,38.18 20.529,37.46 21.971,37.81 20.889,38.9 20.89,38.18 20.53,38.18 20.169,38.54 20.89,38.53 19.809,37.82 19.809,38.9 18.369,38.54 20.529,38.9 19.089,38.53 19.089,38.54 18.368,38.9 19.089,38.54 18.008,38.18 17.649,39.25 18.008,38.9 18.369,38.9 16.927,39.62 17.649,38.9 17.648,39.25 15.847,38.18 17.288,39.98 16.568,38.54 15.847,39.26 16.208,39.25 15.847,38.9 15.487,39.26 15.487,39.62 15.488,39.26 15.487,39.98 14.046,39.25 15.487,39.62 14.407,39.26 14.407,39.26 13.326,40.34 14.407,39.62 12.606,39.25 13.326,39.62 13.326,40.34 13.326,39.26 12.246,40.34 12.245,39.98 12.606,38.89 11.526,40.34 11.885,39.26 12.246,40.34 11.525,39.98 11.165,39.62 11.166,39.98 9.724,39.61 11.165,40.34 9.365,39.98 11.165,39.62 10.084,40.34 8.644,39.98 10.445,40.7 9.725,39.61 7.923,40.34 9.005,40.34 8.644,39.98 8.283,40.34 7.924,40.34 8.284,40.34 7.203,39.61 8.284,40.34 7.204,40.7 7.563,39.98 7.203,40.7 7.204,39.98 6.483,40.7 7.203,40.34 5.763,41.06 6.123,40.33 6.122,39.62 5.043,40.34 5.762,40.7 5.403,40.34 4.682,41.06 4.682,40.34 5.403,40.33 3.601,40.7 4.322,40.34 3.602,41.78 3.962,39.62 3.602,39.98 2.521,41.42 3.241,39.62 2.522,41.42 2.881,40.33 2.161,40.7 2.521,39.98 1.441,41.42 2.161,40.34 1.801,40.7 0.36,41.06 1.44,39.62 v 41.06 40.69 l 1.801,40.7 v 41.42 39.62 l -1.801,40.7 v 40.7 41.06 l -1.44,39.62 -0.36,41.05 -1.801,40.7 -2.161,40.34 -1.441,41.42 -2.521,39.98 -2.161,40.7 -2.881,41.06 -2.522,40.34 -3.241,40.7 -2.521,40.69 -3.602,39.98 -3.962,40.7 -3.602,40.34 -4.322,40.34 -3.601,40.7 -5.403,40.34 -4.682,40.7 -4.682,40.33 -5.403,40.34 -5.762,40.7 -5.043,40.34 -6.122,40.34 -6.123,41.06 -5.763,40.34 -7.203,40.34 -6.483,40.33 -7.204,39.98 -7.203,41.06 -7.563,40.34 -7.204,40.34 -8.284,40.34 -7.203,39.62 -8.284,40.34 -7.924,40.33 -8.283,40.7 -8.644,39.26 -9.005,40.7 -7.923,39.62 -9.725,40.34 -10.445,39.62 -8.644,40.33 -10.084,39.98 -11.165,39.98 -9.365,39.98 -11.165,40.34 -9.724,40.34 -11.166,39.62 -11.165,40.33 -11.525,39.62 -12.246,40.7 -11.885,38.9 -11.526,40.34 -12.606,39.62 -12.245,39.25 -12.246,40.34 -13.326,39.62 -13.326,39.98 -13.326,39.62 -12.606,38.9 -14.407,40.7 -13.326,39.25 -14.407,39.62 -14.407,39.62 -15.487,39.62 -14.046,39.26 -15.487,39.26 -15.488,39.25 -15.487,39.62 -15.487,39.26 -15.847,38.9 -16.208,39.62 -15.847,38.89 -16.568,38.9 -17.288,39.26 -15.847,39.26 -17.648,38.9 -17.649,39.26 -16.927,38.89 -18.369,39.26 -18.008,38.54 -17.649,39.26 -18.008,38.18 -19.089,39.25 -18.368,38.9 -19.089,38.54 -19.089,38.54 -20.529,38.54 -18.369,38.17 -19.809,38.9 -19.809,38.54 -20.89,38.54 -20.169,38.17 -20.53,38.18 -20.89,39.26 -20.889,37.46 -21.971,38.18 -20.529,37.45 -21.25,37.82 -22.69,38.9 -21.61,37.82 -21.971,38.53 -22.69,37.1 -22.691,37.46 -22.33,38.54 -23.051,37.81 -22.69,37.82 -23.051,37.82 -23.411,37.46 -23.051,37.45 -24.131,38.18 -23.771,37.46 -23.411,36.74 -25.211,37.81 -23.051,37.1 -25.572,37.82 -24.851,36.74 -24.492,37.81 -25.211,36.74 -25.572,37.82 -25.212,36.37 -25.932,36.74 -25.932,36.74 -25.932,37.82 -26.292,36.37 -25.932,36.38 -27.013,36.74 -27.373,37.45 -27.012,36.38 -27.373,36.38 -27.733,36.37 -27.372,37.46 -27.733,35.66 -27.733,36.74 -28.453,36.37 -28.453,36.38 -28.814,36.02 -27.733,36.01 -28.453,35.66 -29.894,35.66 -28.813,36.01 -30.614,36.38 -28.093,35.3 -30.254,35.29 -29.894,36.02 -30.254,35.66 -30.614,35.65 -30.254,36.02 -30.615,34.57 -30.974,36.02 -30.974,34.58 -31.335,36.01 -31.695,34.22 -33.495,42.14 -30.975,35.3 -31.694,34.57 -32.775,34.94 -31.335,34.57 -32.775,34.58 -32.415,34.58 -32.775,34.21 -33.136,34.94 -32.415,34.21 -34.216,34.22 -33.135,34.22 -33.135,34.21 -34.216,33.5 -33.496,34.21 -34.216,34.58 -33.855,33.86 -33.856,33.49 -35.657,33.86 -34.216,33.85 -34.215,32.78 -35.657,33.85 -35.296,33.14 -35.297,34.21 -34.936,33.5 -36.017,32.05 -34.936,33.5 -36.377,33.14 -36.377,32.77 -36.737,32.78 -35.656,32.77 -36.377,32.78 -36.017,32.41 -37.457,32.42 -36.737,32.77 -37.458,32.06 -37.457,32.05 -37.457,32.42 -36.737,32.41 -38.178,31.7 -37.097,32.05 -37.458,31.7 -38.177,31.69 -37.818,32.06 -38.178,31.33 -37.817,31.69 -38.538,31.34 -38.898,31.33 -38.538,30.98 -38.538,31.33 -38.898,30.62 -38.538,31.33 -39.618,31.7 -39.258,30.25 -39.619,30.25 -39.618,30.98 -39.618,30.61 -39.979,30.26 -39.618,30.61 -41.059,30.62 -39.619,29.89 -40.338,29.89 -40.699,29.9 -39.979,30.97 -40.699,29.89 -41.419,29.54 -40.339,29.89 -40.699,29.9 -42.859,29.53 -41.06,29.53 -41.419,29.18 -41.779,29.53 -41.779,29.53 -41.06,28.82 -42.139,29.17 -41.779,29.18 -42.86,28.81 -41.78,27.73 -42.499,28.81 -42.5,28.82 -43.22,28.81 -42.14,28.45 -42.86,28.82 -43.22,28.81 -42.499,27.01 -44.301,28.82 -42.86,26.65 -43.58,28.09 -42.86,28.1 -43.94,27.37 -44.301,27.73 -43.94,27.37 -43.58,27.38 -44.301,27.73 -43.94,26.65 -44.301,27.01 -43.94,27.38 -45.021,26.29 -44.301,26.65 -44.3,27.01 -45.021,25.94 -45.381,27.01 -44.301,26.29 -45.381,25.93 -45.021,25.93 -45.021,26.66 -45.381,25.21 -45.741,26.29 -45.021,25.21 -45.381,25.93 -45.741,25.58 -46.462,25.57 -45.02,25.21 -46.102,25.21 -46.461,25.21 -45.381,24.5 -45.742,25.57 -46.821,24.85 -45.742,25.21 -47.542,23.41 -46.101,24.85 -46.822,24.49 -46.101,24.5 -46.822,23.77 -47.182,24.13 -46.461,24.13 -47.542,23.77 -46.462,23.77 -46.822,23.77 -47.542,24.13 -46.821,23.77 -47.182,23.41 -47.542,23.06 -47.542,23.05 -47.542,23.05 -47.182,23.77 -47.903,22.33 -48.262,22.33 -47.902,23.77 -47.542,22.33 -47.542,21.61 -48.263,24.13 -47.902,21.61 -48.262,21.61 -47.182,22.69 -48.262,21.61 -48.623,22.69 -47.902,21.61 -48.623,21.61 -48.622,21.61 -48.263,21.61 -48.622,21.61 -48.983,21.25 -47.542,20.53 -48.983,21.61 -48.622,20.53 -49.343,21.61 -47.902,20.53 -48.623,20.89 -49.703,20.53 -47.542,20.53 -49.703,19.81 -48.983,20.53 -48.983,19.81 -49.343,20.17 -48.622,19.81 -48.983,20.17 -49.703,19.08 -48.622,20.17 -48.983,19.45 -49.703,19.09 -48.983,18.73 -49.343,19.45 -48.982,19.45 -49.704,18.73 -48.982,18.37 -49.703,19.08 -49.703,18.37 -49.703,18.37 -49.703,18.01 -49.704,18.73 -48.622,18.37 -50.063,17.65 -48.983,18 -49.703,18.01 -49.343,16.93 -50.063,17.29 -49.703,17.65 -49.703,17.64 -50.064,16.57 -48.982,17.65 -50.424,16.93 -48.982,16.21 -50.064,17.28 -49.342,16.93 -48.983,16.57 -50.063,15.49 -49.703,16.92 -50.424,16.21 -20.169,6.48 -19.089,7.21 -20.89,5.76 -19.449,6.48 -20.529,6.85 -19.449,6.12 -19.81,6.84 -19.809,5.77 -20.169,6.48 -19.809,5.76 h -337.117 -337.116 -337.116 -336.036 -337.117 -337.116 -337.477 -329.192 -336.036 -337.116 -337.117 -337.116 -336.756 -336.396 -337.837 -336.396 -336.756 -337.117 -337.116 -336.756 -336.396 -337.117 -337.116 -336.756 -337.117 -337.116 -336.756 -336.396 -337.837 -336.756 -337.117 -336.396 -337.116 -336.756 -337.117 -337.116 -337.116 -336.757 -337.116 -336.396 -337.477 -336.396 -337.116 l -19.809,-5.76 -19.809,-6.48 -20.17,-5.77 -19.809,-6.84 -20.169,-6.12 -20.17,-6.85 -19.088,-6.48 -19.81,-5.76 -20.169,-7.21 -20.89,-6.48 -49.703,-16.21 -48.982,-16.92 -50.424,-15.49 -48.983,-16.57 -49.703,-16.93 -50.063,-17.28 -49.703,-16.21 -49.703,-16.93 -49.703,-17.65 -49.703,-16.57 -49.343,-17.64 -49.703,-17.65 -49.703,-17.29 -49.703,-16.93 -49.703,-18.01 -49.703,-18 -49.703,-17.65 -49.343,-18.37 -48.623,-18.73 -50.423,-18.01 -49.343,-18.37 -49.343,-18.37 -48.983,-19.08 -49.343,-18.37 -50.063,-18.73 -48.983,-19.45 -49.703,-19.45 -48.622,-18.73 -48.983,-19.09 -50.423,-19.45 -47.903,-20.17 -49.703,-19.08 -48.622,-20.17 -49.703,-19.81 -48.623,-20.17 -48.983,-19.81 -48.982,-20.53 -49.343,-19.81 -48.623,-20.53 -48.982,-20.53 -48.623,-20.89 -48.623,-20.53 -48.982,-21.61 -48.263,-20.53 -48.622,-21.61 -48.623,-20.53 -48.622,-21.25 -48.263,-21.61 -48.262,-21.61 -48.623,-21.61 -48.622,-21.61 -47.902,-21.61 -48.623,-22.69 -48.262,-21.61 -47.903,-22.69 -47.902,-21.61 -48.262,-21.61 -47.542,-24.13 -47.542,-21.61 -47.903,-22.33 -47.542,-23.77 -48.262,-22.33 -47.542,-22.33 -47.902,-23.77 -47.182,-23.05 -47.542,-23.05 -47.542,-23.06 -46.822,-23.41 -47.182,-23.77 -47.542,-24.13 -47.542,-23.77 -46.461,-23.77 -46.822,-23.77 -46.462,-24.13 -47.182,-24.13 -46.821,-23.77 -46.462,-24.5 -46.461,-24.49 -46.462,-24.85 -46.822,-23.41 -45.741,-25.21 -47.182,-24.85 -45.381,-25.57 -46.461,-24.5 -45.742,-25.21 -46.101,-25.21 -45.381,-25.21 -46.101,-25.57 -46.462,-25.58 -44.661,-25.93 -46.101,-25.21 -44.301,-26.29 -46.461,-25.21 -44.301,-26.66 -45.021,-25.93 -45.741,-25.93 -44.661,-26.29 -44.66,-27.01 -45.021,-25.94 -44.301,-27.01 -45.021,-26.65 -44.3,-26.29 -43.941,-27.38 -44.3,-27.01 -44.301,-26.65 -43.94,-27.73 -44.301,-27.38 -43.22,-27.37 -43.94,-27.73 -43.94,-27.37 -43.581,-28.1 -43.58,-28.09 -43.22,-26.65 -43.22,-28.82 -43.22,-27.01 -42.5,-28.81 -43.22,-28.82 -42.86,-28.45 -42.499,-28.81 -42.5,-28.82 -42.14,-28.81 -42.859,-27.73 -42.14,-28.81 -41.779,-29.18 -42.14,-29.17 -41.779,-28.82 -41.78,-29.53 -41.779,-29.53 -41.779,-29.18 -40.339,-29.53 -41.78,-29.53 -41.419,-29.9 -40.699,-29.89 -41.059,-29.54 -40.699,-29.89 -39.978,-30.97 -40.699,-29.9 -40.699,-29.89 -40.339,-29.89 -39.978,-30.62 -39.619,-30.61 -39.618,-30.26 -39.978,-30.61 -39.259,-30.98 -40.699,-30.25 -38.537,-30.25 -38.898,-31.7 -39.619,-31.33 -38.538,-30.62 -38.898,-31.33 -38.898,-30.98 -38.177,-31.33 -38.899,-31.34 -37.457,-31.69 -37.457,-31.33 -39.258,-32.06 -37.458,-31.69 -37.457,-31.7 -37.458,-32.05 -37.817,-31.7 -37.458,-32.41 -37.097,-32.42 -37.457,-32.05 -36.737,-32.06 -37.458,-32.77 -36.737,-32.42 -37.457,-32.41 -35.656,-32.78 -36.738,-32.77 -35.656,-32.78 -37.097,-32.77 -35.657,-33.14 -35.296,-33.5 -36.017,-32.05 -35.296,-33.5 -34.576,-34.21 -35.297,-33.14 -35.656,-33.85 -34.936,-32.78 -33.856,-33.85 -35.296,-33.86 -33.856,-33.49 -34.576,-33.86 -34.216,-34.58 -33.135,-34.21 -33.856,-33.5 -33.856,-34.21 -33.135,-34.22 -33.496,-34.22 -32.415,-34.21 -33.135,-34.94 -32.775,-34.21 -32.415,-34.58 -32.776,-34.58 -32.055,-34.57 -31.334,-34.94 -32.055,-34.57 -31.695,-35.3 -31.334,-34.94 -32.055,-34.21 -30.974,-36.02 -31.695,-34.58 -30.974,-36.01 -30.254,-34.58 -29.894,-36.01 -30.615,-35.66 -30.614,-35.66 -29.173,-36.01 -30.614,-35.3 -28.814,-35.3 -29.173,-36.37 -29.534,-36.02 -29.534,-35.66 -28.093,-35.65 -29.534,-36.02 -27.732,-36.02 -28.454,-36.37 -28.453,-36.38 -28.093,-36.74 -27.372,-35.65 -27.733,-37.46 -27.373,-36.38 -27.373,-36.38 -27.372,-36.37 -26.653,-37.46 -26.652,-36.74 -26.292,-36.37 -26.653,-36.38 -26.292,-37.82 -25.572,-36.74 -25.211,-36.73 -26.293,-36.38 -25.211,-37.82 -25.212,-36.73 -24.491,-37.82 -25.212,-36.74 -24.852,-37.82 -24.491,-37.09 -23.771,-37.82 -24.491,-36.74 -23.051,-37.45 -24.131,-38.18 -23.051,-37.46 -23.051,-37.46 -23.771,-37.81 -22.69,-37.82 -23.051,-37.82 -22.33,-38.54 -22.691,-37.46 -22.33,-37.09 -22.331,-38.54 -21.97,-37.82 -21.61,-38.9 -21.97,-37.81 -21.25,-37.46 -20.889,-38.18 -21.25,-37.46 -20.17,-39.25 -21.25,-38.18 -20.529,-38.18 -20.169,-38.54 -20.17,-38.54 -19.809,-38.89 -19.449,-38.18 -19.449,-38.54 -19.089,-38.54 -18.729,-38.53 -19.809,-38.9 -18.008,-39.26 -18.008,-38.18 -18.369,-39.26 -18.008,-38.53 -17.649,-39.26 -17.648,-38.9 -17.648,-39.26 -16.928,-38.9 -16.567,-39.26 -16.928,-39.25 -16.568,-38.9 -16.207,-38.9 -16.568,-39.62 -15.487,-38.9 -15.488,-39.25 -15.487,-39.62 -14.767,-39.26 -15.487,-39.26 -15.127,-39.26 -14.406,-39.62 -14.407,-39.61 -14.407,-39.62 -13.326,-39.26 -14.047,-40.7 -13.326,-38.9 -13.326,-39.62 -12.966,-39.97 -13.326,-39.62 -12.966,-40.34 -12.246,-39.26 -11.885,-39.62 -12.246,-40.34 -11.885,-38.9 -11.526,-40.69 -11.525,-39.62 -10.805,-40.34 -11.526,-39.62 -10.444,-40.34 -10.445,-40.34 -10.445,-39.98 -10.805,-39.97 -9.004,-39.98 -10.085,-40.34 -9.724,-39.62 -8.644,-40.34 -9.365,-39.62 -9.004,-40.7 -8.644,-39.25 2.881,-42.86 -8.283,-40.34 -7.564,-40.34 -7.563,-39.62 -7.924,-40.34 -7.564,-40.34 -7.203,-40.34 -6.843,-41.05 -7.204,-39.98 -7.203,-40.34 -6.483,-40.34 -6.123,-40.34 -6.123,-41.06 -5.762,-40.34 -5.763,-40.34 -5.042,-40.69 -5.403,-40.34 -3.601,-40.34 -5.043,-40.7 -4.682,-40.34 -3.962,-40.7 -4.322,-40.34 -3.601,-40.34 -4.322,-40.69 -3.242,-39.98 -3.241,-40.7 -3.242,-40.7 -1.801,-40.34 -2.161,-41.78 -1.801,-40.7 -2.881,-39.98 -1.801,-41.42 -1.44,-40.33 -1.801,-40.7 -0.36,-41.06 -1.081,-39.62 -0.72,-41.06 -0.36,-40.7 -1.081,-40.7 v -39.62 -41.42 l 1.081,-40.69 0.36,-40.7 0.72,-41.06 1.081,-39.62 0.36,-41.06 1.801,-40.7 1.44,-40.34 1.801,-41.42 2.881,-39.97 1.801,-40.34 3.242,-40.34 1.801,-41.42 3.241,-39.62 3.242,-41.42 3.241,-39.98 4.322,-39.62 3.602,-41.78 4.322,-40.33 3.962,-40.7 4.682,-40.34 5.042,-40.34 4.682,-41.06 5.403,-40.34 5.042,-40.7 5.763,-40.34 5.762,-39.61 6.123,-40.34 6.123,-41.06 6.483,-40.34 7.203,-40.7 7.204,-39.98 6.843,-40.7 7.203,-39.98 7.564,-40.69 7.924,-40.34 7.563,-39.62 7.564,-40.34 8.283,-40.34 7.924,-40.34 8.644,-39.98 9.004,-40.33 9.365,-40.34 8.644,-39.62 9.724,-40.7 10.085,-39.98 9.004,-40.34 10.805,-39.62 10.445,-39.97 10.445,-40.34 10.444,-39.62 11.526,-39.98 10.805,-39.62 11.525,-39.98 11.526,-40.34 11.885,-39.25 12.246,-40.34 11.885,-38.9 12.246,-39.98 12.966,-40.34 13.326,-39.26 12.966,-40.34 13.326,-39.61 13.327,-39.26 14.046,-39.62 13.326,-40.34 14.407,-39.26 14.407,-39.26 14.406,-39.61 15.127,-39.26 15.487,-39.98 14.767,-39.26 15.487,-39.62 15.488,-39.26 15.487,-38.89 16.568,-39.26 16.207,-39.26 16.568,-38.54 16.928,-39.98 16.567,-38.17 16.928,-39.26 17.648,-38.9 17.648,-39.62 17.649,-38.9 18.008,-38.89 18.369,-39.26 18.008,-38.18 18.008,-38.54 19.809,-38.9 18.729,-38.53 19.089,-38.54 19.449,-38.9 19.449,-38.54 19.809,-38.9 20.17,-37.81 20.169,-38.54 20.529,-38.54 21.25,-38.18 20.17,-38.17 21.25,-38.9 20.889,-37.82 21.25,-37.46 21.97,-38.18 21.61,-37.81 21.97,-38.18 22.331,-38.54 22.33,-37.46 22.691,-37.45 22.33,-38.18 23.051,-37.46 22.69,-38.18 23.771,-37.81 23.051,-37.46 23.051,-37.46 24.131,-37.82 23.051,-37.81 24.491,-36.74 23.771,-37.82 24.491,-37.46 24.852,-36.73 25.212,-37.82 24.491,-36.74 25.212,-37.81 25.211,-36.74 26.293,-37.46 25.211,-36.74 25.572,-37.09 26.292,-37.1 26.653,-36.74 26.292,-36.73 26.652,-36.74 26.653,-37.1 27.372,-36.74 27.373,-36.37 27.373,-36.02 27.733,-36.38 27.372,-36.37 28.093,-36.38 28.453,-36.38 28.454,-36.37 27.733,-35.66 29.533,-35.3 28.093,-37.09 29.534,-35.66 29.534,-35.66 29.173,-36.37 28.814,-35.3 30.614,-35.3 29.173,-36.01 30.614,-35.3 30.615,-36.02 29.894,-34.93 30.254,-35.3 30.974,-35.66 31.695,-34.93 30.974,-35.3 32.055,-34.93 31.334,-34.94 31.695,-35.3 32.055,-34.57 31.335,-34.58 32.054,-35.3 32.776,-34.57 32.415,-34.58 32.775,-34.21 33.135,-34.94 32.415,-34.22 33.496,-34.21 33.135,-34.22 33.856,-33.49 33.856,-34.58 33.135,-33.49 34.216,-34.58 34.576,-33.5 33.856,-34.21 35.296,-33.5 33.856,-33.85 34.936,-32.78 35.656,-34.21 35.297,-33.5 34.576,-33.13 35.296,-33.14 36.017,-32.78 35.296,-33.13 35.657,-33.86 37.097,-33.13 35.656,-32.42 36.738,-32.77 35.656,-32.78 37.457,-32.05 36.737,-32.42 37.458,-32.77 36.737,-31.34 37.457,-32.41 37.097,-32.78 37.458,-31.69 37.817,-32.06 37.458,-31.69 37.457,-32.42 37.458,-32.05 39.258,-32.06 37.457,-30.97 37.457,-31.7 38.899,-30.97 38.177,-32.05 38.898,-30.98 38.898,-30.97 38.538,-30.62 39.619,-31.33 36.376,-34.94 38.538,-30.97 40.699,-30.62 39.258,-30.61 39.979,-29.89 39.618,-30.98 39.619,-30.61 39.978,-29.9 40.339,-29.89 40.699,-30.62 40.699,-29.89 39.978,-30.97 40.699,-29.18 41.059,-30.25 40.699,-29.53 41.419,-29.9 41.78,-29.53 40.338,-29.18 41.78,-29.53 41.779,-29.53 41.78,-29.54 41.779,-29.17 42.139,-29.17 41.78,-28.46 42.139,-28.81 42.86,-28.81 42.14,-28.82 42.5,-28.81 42.499,-28.81 42.86,-28.46 43.22,-28.45 42.5,-28.09 43.22,-27.38 43.22,-28.45 43.22,-27.37 43.58,-28.1 43.58,-28.09 43.941,-27.73 43.94,-27.01 43.22,-27.74 44.301,-27.73 43.94,-27.73 44.301,-26.65 44.3,-26.66 43.941,-27.01 44.3,-27.37 45.021,-26.65 44.301,-27.02 45.021,-26.65 44.66,-26.65 44.661,-26.65 45.741,-25.94 45.021,-25.93 44.301,-25.93 46.461,-26.29 44.301,-26.29 46.101,-25.22 44.661,-25.93 46.461,-25.57 46.102,-26.29 45.381,-24.49 46.101,-25.22 45.741,-25.21 46.462,-24.85 45.381,-25.21 47.182,-24.85 45.741,-24.49 46.822,-24.13 46.461,-24.86 46.462,-24.49 46.461,-24.13 46.822,-24.13 47.182,-24.13 46.462,-24.13 46.821,-23.41 46.462,-24.13 47.542,-23.78 47.542,-23.77 47.182,-23.05 46.822,-23.05 47.542,-24.13 47.542,-22.69 47.182,-23.05 47.902,-22.69 47.542,-23.05 48.262,-21.97 47.542,-23.05 47.903,-23.05 47.542,-21.25 47.542,-24.13 48.262,-21.61 47.902,-21.97 47.902,-22.33 48.263,-21.97 48.622,-21.97 47.903,-21.98 48.622,-21.24 48.623,-22.34 48.262,-21.61 48.263,-20.52 48.622,-21.61 48.623,-21.25 48.622,-21.25 48.263,-20.53 48.982,-21.61 48.623,-20.53 48.622,-20.53 48.983,-20.89 48.623,-20.53 49.343,-19.81 48.982,-20.89 48.983,-19.81 48.623,-19.81 49.703,-19.81 48.622,-20.17 49.703,-19.09 47.902,-20.17 50.424,-19.09 48.983,-19.44 48.622,-18.37 49.703,-19.81 48.983,-19.81 50.063,-18.37 49.343,-18.37 48.983,-18.73 49.343,-18.73 49.343,-18.36 50.423,-18.01 48.623,-18.73 49.343,-18.37 49.703,-17.65 49.703,-18.01 49.703,-18 49.703,-16.93 49.703,-17.29 49.703,-17.65 49.343,-17.29 49.703,-16.92 49.703,-18.01 49.703,-16.93 49.703,-16.21 50.063,-16.93 49.703,-16.92 48.983,-16.21 50.423,-16.57 48.983,-16.21 49.703,-16.56 20.89,-6.85 20.169,-6.48 19.809,-6.48 19.089,-6.13 20.17,-7.56 20.169,-6.12 19.809,-6.49 20.17,-6.48 19.809,-6.12 19.809,-6.12 h 337.116 336.396 337.477 336.396 337.116 336.756 337.117 337.116 337.117 336.756 337.116 336.396 337.117 336.756 337.836 336.397 336.756 337.116 337.116 336.757 337.116 337.116 336.396 336.757 337.116 337.116 336.757 336.396 337.836 336.396 336.757 337.116 337.116 337.117 336.036 337.116 337.477 337.116 337.116 336.036 337.117 337.116 337.116 l 19.809,6.12 20.17,6.12 19.809,6.48 19.809,6.49 19.449,6.12 20.53,7.56 19.449,6.13 20.889,6.48 19.089,6.48 20.17,6.85 50.423,16.56 49.703,16.21 50.063,16.57 48.983,16.21 49.343,16.92 50.063,16.93 48.983,16.21 50.423,16.93 48.983,18.01 50.063,16.92 49.703,17.29 49.703,17.65 50.064,17.29 49.342,16.93 49.703,18 48.983,18.01 50.063,17.65 48.623,18.37 49.703,18.73 49.703,18.01 49.703,18.36 49.703,18.73 49.703,18.73 48.983,18.37 49.703,18.37 48.983,19.81 49.343,19.81 48.982,18.37 49.703,19.44 48.983,19.09 48.623,20.17 49.703,19.09 48.982,20.17 48.623,19.81 49.343,19.81 48.983,19.81 48.982,20.89 49.703,19.81 47.542,20.53 49.704,20.89 48.622,20.53 47.902,20.53 49.343,21.61 48.623,20.53 48.982,21.25 47.542,21.25 48.983,21.61 48.623,20.52 48.262,21.61 48.623,22.34 48.622,21.24 47.902,21.98 48.623,21.97 48.262,21.97 47.182,22.33 48.263,21.97 47.902,21.61 48.262,24.13 47.542,21.25 47.542,23.05 47.903,23.05 48.262,21.97 47.902,23.05 47.182,22.69 47.542,23.05 47.542,22.69 47.542,24.13 47.182,23.05 46.822,23.05 47.542,23.77 46.822,23.78 46.461,24.13 47.542,23.41 46.462,24.13 47.182,24.13 46.821,24.13 46.102,24.13 46.822,24.49 46.101,24.86 47.542,24.13 45.741,24.49 46.822,24.85 45.741,25.21 45.381,24.85 46.462,25.21 46.101,25.22 45.021,24.49 46.462,26.29 45.741,25.57 45.381,25.93 45.021,25.22 45.741,26.29 45.381,26.29 45.021,25.93 45.021,25.93 45.381,25.94 44.3,26.65 45.381,26.65 45.021,26.65 44.301,27.02 44.3,26.65 45.021,27.37 43.941,27.01 44.3,26.66 43.941,26.65 44.3,27.73 43.58,27.73 43.941,27.74 44.3,27.01 43.941,27.73 42.859,28.09 43.581,28.1 42.86,27.37 44.3,28.45 42.5,27.38 43.22,28.09 42.86,28.45 42.139,28.46 43.22,28.81 42.5,28.81 42.5,28.82 41.779,28.81 42.86,28.81 41.779,28.46 42.14,29.17 41.059,29.17 41.779,29.54 41.78,29.53 41.419,29.53 41.059,29.18 42.86,29.53 40.699,29.9 40.339,29.53 41.419,30.25 40.699,29.18 39.978,30.97 40.699,29.89 40.339,30.62 39.618,29.89 41.059,29.9 39.619,30.61 39.978,30.98 39.618,29.89 39.619,30.61 39.618,30.62 22.691,30.97 39.618,30.62 38.538,31.33 38.898,30.61 38.538,30.98 38.538,30.97 38.898,32.06 38.538,30.97 37.817,31.7 38.178,30.97 37.818,32.06 38.177,32.05 37.458,32.42 37.097,31.69 38.178,32.06 36.737,31.69 37.457,32.78 37.457,32.41 37.458,31.34 36.737,32.77 37.457,32.42 36.017,32.05 36.377,32.78 35.656,32.77 36.737,32.42 36.377,33.13 36.377,33.86 34.936,33.13 36.017,32.78 34.936,33.13 35.296,33.14 35.297,33.49 35.656,34.22 34.216,32.78 34.216,33.85 35.657,33.5 33.855,34.21 33.856,33.5 34.216,34.57 33.496,33.5 34.215,34.58 33.136,33.49 33.135,34.22 34.216,34.21 32.415,34.22 33.135,34.93 32.776,34.22 32.415,34.58 32.775,34.57 31.334,35.3 32.776,34.58 31.694,34.57 30.975,35.3 31.694,34.93 31.695,34.94 31.335,35.3 30.974,34.93 30.974,35.66 30.615,35.3 30.254,34.93 30.614,36.02 30.254,35.29 29.894,36.02 30.254,35.3 28.093,35.29 30.614,36.38 28.813,35.66 29.894,35.65 28.453,37.1 27.733,35.3 28.814,35.65 28.453,36.38 28.453,36.38 27.733,36.37 27.733,36.38 27.372,36.38 27.733,36.02 27.373,36.37 27.012,36.74 27.373,37.1 27.013,36.73 25.932,36.74 26.292,36.74 25.932,37.09 25.932,37.1 25.932,36.74 25.212,37.46 25.572,36.73 25.211,37.82 24.492,36.74 24.851,37.82 25.572,36.73 23.051,37.1" />

</g><path
   style="fill:#ee1d23;fill-opacity:1;stroke:#ffffff;stroke-opacity:1;stroke-width:1.559;stroke-miterlimit:4;stroke-dasharray:none"
   d="M 772.21875 689.84766 L 773.45703 689.81641 C 774.26403 689.79891 775.0192 689.88692 775.73438 690.04883 C 776.44955 690.21074 777.12544 690.44687 777.77344 690.72852 C 779.06944 691.29181 780.25639 692.03456 781.43164 692.71875 C 782.60689 693.40294 783.76973 694.02975 785.02148 694.35742 C 785.64736 694.52126 786.29653 694.61051 786.97852 694.5957 C 787.6605 694.5809 788.37592 694.46016 789.13867 694.20703 C 790.73617 693.67753 791.64972 693.31828 792.55859 693.22266 C 793.46747 693.12703 794.37222 693.29627 795.94922 693.82227 C 796.55497 694.02452 797.18319 694.09747 797.8125 694.06641 C 798.44181 694.03534 799.07114 693.90095 799.68164 693.68945 C 800.90264 693.26645 802.04405 692.53453 802.93555 691.70703 C 803.4888 691.19403 804.10383 690.85636 804.75586 690.64453 C 805.40789 690.4327 806.09811 690.34645 806.80273 690.33789 C 808.21198 690.32077 809.67898 690.61181 811.02148 690.82031 C 812.03048 690.97781 813.24064 690.95227 814.44727 690.79102 C 815.65389 690.62977 816.85706 690.33362 817.85156 689.95312 C 819.21256 689.43213 820.07466 689.33342 820.92578 689.3418 C 821.77691 689.35017 822.61709 689.4655 823.93359 689.375 C 824.10659 689.29 824.32994 689.10472 824.46094 689.01172 C 825.27744 688.46922 826.00848 688.43491 826.81836 688.28516 C 827.2233 688.21028 827.64836 688.10513 828.11328 687.89453 C 828.5782 687.68394 829.08244 687.36748 829.64844 686.86523 C 830.32269 686.26711 830.94754 685.83 831.5293 685.51953 C 832.11105 685.20907 832.6495 685.02495 833.15039 684.93359 C 834.15217 684.75088 835.00383 684.93833 835.75195 685.2207 C 836.50008 685.50308 837.14489 685.88105 837.73242 686.08008 C 838.02619 686.17959 838.30706 686.23314 838.57812 686.20898 C 838.84919 686.18483 839.11109 686.08161 839.37109 685.86523 C 840.00209 685.34073 840.44897 684.96483 840.94922 684.7207 C 841.44947 684.47658 842.0027 684.36419 842.8457 684.36719 C 842.9847 684.36719 843.17559 684.37619 843.30859 684.36719 L 843.63281 684.14062 L 844.0332 683.86133 C 844.4747 683.56458 844.98945 683.4403 845.54492 683.41602 C 846.10039 683.39173 846.69541 683.46905 847.30078 683.57617 C 848.51153 683.79042 849.75916 684.12603 850.78516 684.01953 L 851.03711 683.75195 L 851.7832 682.92969 C 852.4367 682.21444 853.08787 681.73355 853.75781 681.43164 C 854.42775 681.12973 855.117 681.00698 855.84375 681.00586 C 857.29725 681.00361 858.90317 681.49013 860.82617 682.01562 C 863.63217 682.78162 865.00011 683.3518 866.36523 683.49805 C 867.0478 683.57117 867.73109 683.53869 868.5918 683.37109 C 869.4525 683.2035 870.49092 682.90105 871.88867 682.43555 C 872.85767 682.1123 873.77219 682.01798 874.64844 682.08984 C 875.52469 682.1617 876.36264 682.39894 877.18164 682.73438 C 878.81964 683.40525 880.37995 684.4722 882.00195 685.4082 C 882.13095 685.4822 882.3863 685.56133 882.6543 685.61133 C 883.33355 685.14783 884.11469 684.7613 884.94531 684.48242 C 885.77594 684.20355 886.65655 684.03225 887.5293 684 C 888.40205 683.96775 889.26859 684.07323 890.07422 684.34961 C 890.87984 684.62598 891.62466 685.0737 892.25391 685.7207 C 892.58391 686.0577 892.80706 686.46419 893.03906 686.86719 L 893.18945 687.11133 C 893.8882 687.15608 894.69723 686.88378 895.56445 686.49414 C 896.43167 686.1045 897.35723 685.5978 898.28711 685.17773 C 899.21698 684.75767 900.15039 684.42347 901.03711 684.37695 C 901.48047 684.3537 901.91344 684.40296 902.32617 684.54883 C 902.7389 684.6947 903.13308 684.93723 903.50195 685.30273 L 904.04883 685.06836 C 904.51183 684.85936 905.09583 684.57978 905.67383 684.30078 L 907.27734 683.50586 L 907.94336 683.16992 C 908.69186 682.67942 909.16567 682.07264 909.7168 681.52539 C 910.26792 680.97814 910.89513 680.48978 911.95312 680.23828 C 912.96762 679.99653 913.80206 679.90023 914.53125 679.88672 C 915.26044 679.8732 915.88472 679.94347 916.48047 680.03516 C 917.67197 680.21853 918.74936 680.48947 920.31836 680.35547 C 920.44036 680.29347 920.55873 680.21191 920.67773 680.12891 L 921.19727 679.76367 C 921.66627 679.44167 922.16566 679.23442 922.72266 679.10742 L 923.31836 678.97852 C 923.62436 678.90852 923.80644 678.7403 923.89844 678.6543 C 924.24444 677.9393 924.27653 677.30745 924.89453 676.68945 L 925.15234 676.48828 C 926.10134 675.91928 926.84036 675.99037 927.33398 675.85938 C 927.5808 675.79387 927.7672 675.67687 927.88672 675.40625 C 928.00623 675.13563 928.05972 674.71089 928.04297 674.02539 C 928.03147 673.52239 928.07736 673.03825 928.22461 672.59375 C 928.37186 672.14925 928.62022 671.74344 929.01172 671.39844 L 929.25586 671.22656 C 929.85036 670.90206 931.29091 670.55327 932.59766 670.11914 C 933.25103 669.90208 933.87116 669.66425 934.33594 669.39648 C 934.80072 669.12872 935.10888 668.83009 935.14062 668.49609 L 935.27539 668.0293 C 935.84189 666.8973 935.99905 665.91731 936.06055 665.00781 C 936.12205 664.09831 936.08798 663.26011 936.27148 662.41211 C 936.41298 661.75511 936.66597 661.09259 937.24609 660.38672 C 937.82622 659.68084 938.7335 658.93106 940.1875 658.10156 C 940.47125 656.75056 940.99206 655.7565 941.66992 654.98047 C 942.34778 654.20444 943.18372 653.64759 944.09766 653.16797 C 945.01159 652.68834 946.00411 652.286 946.99609 651.82422 C 947.98808 651.36244 948.97862 650.83969 949.89062 650.11719 C 949.29262 649.26919 948.82052 648.37355 948.61914 647.45117 C 948.51845 646.98998 948.48617 646.52208 948.53906 646.05078 C 948.59195 645.57948 948.72991 645.10466 948.97266 644.62891 L 949.13086 644.30859 C 949.42686 643.67209 949.54961 642.62688 949.88086 641.75 C 950.04648 641.31156 950.26387 640.91417 950.58203 640.63281 C 950.90019 640.35145 951.31827 640.18458 951.88477 640.20508 L 952.06055 640.20703 C 951.83955 639.17553 951.59113 637.91213 951.71875 636.79688 C 951.78256 636.23925 951.93892 635.71992 952.24219 635.2832 C 952.54545 634.84648 952.99442 634.49273 953.63867 634.27148 L 954.12305 634.19727 C 954.95655 634.22627 955.61819 634.59836 956.16406 634.95898 C 956.70994 635.31961 957.14072 635.6687 957.51172 635.6582 C 957.95022 635.3972 958.12338 634.98816 958.1875 634.53516 C 958.25162 634.08216 958.20703 633.58539 958.20703 633.15039 L 958.22266 630.88477 L 958.64258 628.2832 C 952.45258 610.5502 945.99805 592.90641 939.74805 575.19141 C 939.14905 573.49241 938.38878 571.7392 937.30078 570.2832 C 936.41978 570.30445 935.91148 570.18637 935.56836 570.05078 C 935.22523 569.91519 935.04717 569.76383 934.82617 569.7207 C 934.38417 569.63445 933.77027 569.98222 931.32227 571.76172 C 930.88277 572.08022 930.42128 572.58825 929.92578 573.04688 C 929.43028 573.5055 928.90153 573.9132 928.33203 574.0332 C 927.70553 574.1652 927.17136 574.16538 926.66211 574.25 C 926.15286 574.33462 925.66808 574.50502 925.14258 574.97852 C 924.66933 575.40577 924.29272 575.94423 923.95703 576.5332 C 923.62134 577.12217 923.32708 577.76034 923.01758 578.38672 C 922.70808 579.01309 922.38297 579.6285 921.98828 580.16797 C 921.59359 580.70744 921.12836 581.17175 920.53711 581.5 C 919.54036 582.05375 918.46347 582.38089 917.35938 582.60547 C 916.25528 582.83005 915.12416 582.95284 914.01953 583.09766 C 912.91491 583.24247 911.83819 583.4082 910.83984 583.72266 C 909.8415 584.03711 908.92197 584.49892 908.13672 585.23242 C 907.54097 585.78942 907.13805 586.38533 906.85547 587.00781 C 906.57289 587.6303 906.41069 588.27963 906.29688 588.94531 C 906.06925 590.27669 906.03423 591.67247 905.61523 593.04297 C 905.46573 593.53097 905.04281 594.00292 904.58594 594.49805 C 904.12906 594.99317 903.63842 595.5123 903.35742 596.0918 C 903.18142 596.4558 903.03511 596.96627 902.84961 597.44727 C 902.66411 597.92827 902.43933 598.37909 902.11133 598.62109 C 901.72633 598.90659 901.30789 598.96408 900.88477 598.98633 C 900.46164 599.00858 900.03431 598.99522 899.63281 599.13672 C 898.75181 599.44872 897.9012 600.13672 897.0332 600.51172 C 896.2992 600.82872 895.34805 600.90942 894.43555 600.76367 C 893.52305 600.61792 892.64831 600.24434 892.07031 599.65234 C 891.57481 599.14434 891.16477 598.32947 890.65039 597.68359 C 890.3932 597.36066 890.10989 597.08027 889.77734 596.90234 C 889.4448 596.72442 889.06242 596.64763 888.60742 596.73438 C 887.86542 597.09137 887.55325 597.92714 887.03125 598.49414 C 886.741 598.81014 886.26473 599.02312 885.6875 599.1582 C 885.11027 599.29328 884.43263 599.34995 883.74219 599.35352 C 882.36131 599.36064 880.92772 599.15414 880.13672 598.93164 L 880.69531 598.83789 C 880.56581 598.22489 879.69959 597.32033 878.94922 596.33008 C 878.57403 595.83495 878.22806 595.31809 878.01758 594.80469 C 877.80709 594.29128 877.73094 593.78178 877.89844 593.30078 L 878.37109 592.61328 C 878.90759 592.25978 879.47664 592.3463 880.19727 592.2793 C 880.55758 592.2458 880.95663 592.17448 881.4082 591.99023 C 881.85978 591.80598 882.3645 591.50864 882.9375 591.02539 C 883.8695 590.23889 884.89244 589.16205 885.64844 587.95117 C 886.02644 587.34573 886.33755 586.70767 886.53711 586.05469 C 886.73667 585.4017 886.82436 584.73377 886.75586 584.07227 C 886.69786 583.49627 886.49841 582.93442 886.44141 582.35742 C 886.24441 580.33242 886.16755 579.21506 885.81055 577.16406 C 885.64955 576.23856 885.51697 575.32941 885.30859 574.44141 C 885.10022 573.55341 884.81597 572.68625 884.35547 571.84375 C 884.04197 571.27125 883.54008 570.84127 883.01758 570.43164 C 882.49508 570.02202 881.95205 569.63262 881.56055 569.14062 C 881.30555 568.82013 881.158 568.14019 881.09375 567.44531 C 881.0295 566.75044 881.04895 566.04011 881.12695 565.66211 C 880.83795 565.00261 880.16375 564.74297 879.5 564.24609 C 879.16813 563.99766 878.83928 563.68962 878.5625 563.24414 C 878.28572 562.79866 878.06 562.21506 877.9375 561.41406 C 877.784 560.41006 878.22803 559.00744 878.58203 557.58594 C 878.75903 556.87519 878.91506 556.15858 878.96094 555.48633 C 879.00681 554.81408 878.9428 554.18498 878.68555 553.64648 L 876.67773 549.44141 C 876.31598 548.68416 876.19222 547.43106 876.23633 545.93164 C 876.28044 544.43222 876.49284 542.68559 876.80078 540.94141 C 877.10872 539.19722 877.51363 537.45639 877.94336 535.96484 C 878.37309 534.4733 878.82683 533.23173 879.23633 532.49023 C 877.47283 527.40673 875.63948 522.24542 873.86328 517.06641 C 872.10516 511.94009 870.40686 506.79625 868.88281 501.69141 C 868.33576 502.0067 867.73782 502.36555 867.35156 502.5293 C 866.51256 502.3763 866.15097 501.56836 865.54297 501.06836 C 865.09797 501.01236 864.34586 501.24284 864.04688 501.58984 C 863.01787 503.98584 863.91016 504.42184 863.53516 505.96484 C 862.69116 506.58684 861.7612 506.21306 860.6582 507.16406 C 860.3542 507.60506 860.19272 508.4448 860.26172 508.9668 L 859.75195 509.52148 L 858.77344 509.52148 C 858.48244 509.32848 857.67364 508.76887 857.39062 508.67188 C 856.48262 508.36387 854.43967 508.3667 853.88867 507.4707 C 852.98167 504.8207 855.57391 502.61852 853.37891 500.72852 C 853.01291 500.41252 852.58214 500.17291 852.07812 500.12891 C 851.61813 500.25591 851.07928 500.56944 850.73828 500.89844 C 850.60728 501.84544 850.67978 502.85534 850.42578 503.77734 C 849.82278 504.34534 848.51813 504.08627 847.82812 503.82227 C 847.64814 503.11227 847.07837 502.43653 846.48438 502.01953 C 845.72837 502.99253 844.28169 504.1157 843.05469 503.2207 L 842.74219 502.5293 C 842.85619 501.7313 843.22842 500.33642 842.85742 499.60742 L 842.10938 499.60742 C 841.73238 499.90742 841.35383 500.41152 841.17383 500.85352 L 840.45508 501.20508 L 839.63477 500.85352 C 839.20077 499.07052 837.41584 499.5415 836.08984 499.4375 L 835.6543 499.95898 L 835.0293 500.12891 C 834.7453 499.81691 834.06953 499.55742 833.64453 499.60742 C 832.85053 500.03142 831.90186 500.23698 831.00586 500.08398 C 830.38286 499.72698 829.76552 499.16005 829.47852 498.49805 L 828.84375 498.28125 C 827.78275 499.62625 827.69859 500.11175 825.80859 500.46875 C 825.32759 500.30575 824.78653 500.02227 824.39453 499.69727 L 823.5625 499.69727 L 823.17773 500.30078 L 822.30469 500.51562 C 821.65769 500.14362 821.1323 499.57081 820.6543 499.00781 L 820.89062 498.15625 C 821.29162 498.02625 821.78116 497.51895 821.91016 497.12695 L 821.64062 496.39062 C 819.33964 496.11264 816.40977 496.40453 814.50977 494.89453 C 813.39677 495.01353 812.71319 495.82727 811.99219 496.57227 C 810.94019 497.09927 809.05694 496.12322 808.21094 495.44922 C 808.05294 494.95922 808.09794 494.11244 808.33594 493.64844 C 808.21694 492.97244 807.60916 492.27058 806.91016 492.14258 L 805.93164 492.27734 C 804.56964 493.44234 804.96906 494.68609 804.03906 495.62109 C 803.07006 496.59609 799.1737 496.75594 798.0957 495.96094 C 797.6257 496.21094 797.07764 496.38742 796.55664 496.48242 C 795.21664 496.02142 793.83372 493.91628 793.01172 493.86328 L 792.58594 494.50977 C 792.00594 494.60677 791.39359 494.61484 790.80859 494.58984 L 790.49609 495.01953 C 790.73409 495.42153 790.84558 496.14947 790.76758 496.60547 C 787.71258 498.26047 787.25027 495.43736 784.82227 495.35938 L 784.15625 495.75586 L 784.15625 496.81836 L 783.64648 497.12695 L 782.66016 497.03516 C 780.58216 495.17116 781.57567 493.39219 777.38867 492.49219 C 776.44267 492.29019 775.416 492.97322 774.5 492.69922 C 773.114 492.28722 772.33209 491.12425 771.24609 491.03125 C 769.83709 491.57425 770.0655 491.40381 768.6875 491.63281 C 767.5815 491.81481 766.78405 492.65619 765.37305 492.49219 L 764.94727 492.1875 L 764.70898 491.37305 L 764.3125 491.11133 C 764.0755 491.49033 763.44367 491.87266 763.01367 491.97266 C 761.91567 491.67666 762.00758 491.07384 761.51758 490.33984 C 760.72258 489.14784 759.20191 489.22698 758.12891 488.58398 C 757.46591 489.01698 757.41836 490.02641 757.06836 490.69141 C 756.19136 491.06041 755.20752 490.72217 754.35352 491.07617 C 753.81952 491.29617 753.52637 491.69366 752.85938 491.72266 C 751.67537 491.77466 751.5203 491.03861 750.6543 490.72461 C 749.8833 490.44461 749.00173 490.56044 748.67773 489.52344 C 748.50173 488.95644 748.70744 488.16866 748.52344 487.59766 C 748.07444 486.19366 746.1513 484.27144 745.5293 482.14844 C 745.2203 481.10044 745.30725 479.69777 744.78125 478.75977 L 744.0332 478.4082 C 742.7012 478.5362 742.4103 479.54594 741.4043 479.96094 C 739.0473 480.93194 736.3445 479.23116 734.3125 478.16016 C 731.3765 478.21616 732.2013 479.82078 730.6543 480.42578 C 729.8273 480.35778 728.40811 479.77202 727.66211 480.04102 C 726.97511 481.24802 728.26636 482.23669 727.81836 483.42969 C 726.64836 483.97769 723.69911 483.44905 722.66211 482.62305 L 722.07031 482.62305 C 721.38931 484.31905 720.80589 485.25375 718.96289 485.84375 C 717.65489 485.62575 717.26206 483.78805 716.78906 482.74805 C 715.93806 482.21905 714.34414 481.93544 713.36914 482.14844 L 713.13086 483.00977 C 711.42786 484.51777 709.19308 483.06028 707.58008 482.36328 C 705.95608 481.66328 704.32484 482.20658 703.21484 480.39258 C 702.31084 478.91358 702.83894 476.56281 700.46094 475.88281 C 699.74494 475.85381 697.65627 476.85583 697.07227 477.29883 C 696.90831 476.93985 696.83161 476.45584 696.67383 475.99023 C 696.10967 476.26205 695.46588 476.68776 694.91406 477.23242 C 694.34531 477.7938 693.87894 478.46855 693.71094 479.18555 C 693.59444 479.68555 693.69198 480.1167 693.88086 480.51758 C 694.06973 480.91845 694.34875 481.28856 694.59375 481.66406 L 694.81836 482.00586 C 695.09336 482.40586 695.44736 482.73873 695.81836 483.05273 C 696.59936 483.69673 697.16614 484.16653 697.51562 484.76953 C 697.86513 485.37253 697.99706 486.1082 697.91406 487.2832 C 697.76056 489.4527 697.21364 490.82806 696.83789 492.24219 C 696.65002 492.94925 696.50627 493.66545 696.47461 494.49609 C 696.44295 495.32673 696.52331 496.27109 696.78906 497.43359 C 697.09606 498.77659 697.29439 500.64047 697.61914 502.41797 C 697.78152 503.30672 697.97487 504.17323 698.23047 504.94336 C 698.48606 505.71348 698.80489 506.38672 699.21289 506.88672 L 699.46875 507.12891 C 700.16675 507.63091 701.22792 507.85947 701.91992 507.85547 L 702.89453 507.43164 C 703.10353 507.31064 703.46331 507.26161 703.69531 507.22461 C 704.47556 507.10098 705.17312 507.09384 705.79688 507.18555 C 706.42061 507.27725 706.97034 507.46782 707.46094 507.73633 C 707.95154 508.00484 708.38285 508.35103 708.76367 508.75781 C 709.14449 509.1646 709.47513 509.63214 709.76953 510.13867 C 710.35834 511.15173 710.79831 512.32497 711.18164 513.50586 C 711.56497 514.68675 711.89306 515.87356 712.25781 516.91406 C 712.62981 517.97481 713.0052 518.70995 713.41016 519.25195 C 713.81511 519.79395 714.24811 520.14355 714.73242 520.43555 C 715.70105 521.01955 716.87495 521.37186 718.43945 522.56836 L 718.63867 522.73242 L 718.41797 522.93945 C 717.70497 523.59695 717.27442 523.76845 716.93555 523.83008 C 716.59667 523.8917 716.34759 523.84445 715.99609 524.06445 C 715.06834 524.6457 714.46183 525.20684 714.0957 525.76758 C 713.72958 526.32831 713.60514 526.88736 713.64062 527.4668 C 713.67612 528.04623 713.87131 528.64584 714.14844 529.2832 C 714.42556 529.92056 714.78383 530.59558 715.14258 531.33008 C 715.30404 531.66176 715.41794 532.06281 715.49414 532.51172 C 715.68659 533.64543 715.64422 535.08537 715.55469 536.49023 C 715.46516 537.8951 715.32803 539.26643 715.33203 540.25977 C 715.33903 541.93077 715.58462 543.58611 716.14062 545.16211 C 717.19863 548.17611 717.40902 550.67631 718.02539 552.96094 C 718.33358 554.10325 718.74356 555.19172 719.41211 556.26367 C 720.08066 557.33563 721.00686 558.3925 722.34961 559.46875 C 723.02061 560.00525 723.98945 561.00387 724.58008 562.07812 C 724.87539 562.61525 725.07514 563.1713 725.09766 563.69727 C 725.12017 564.22323 724.96563 564.71897 724.54688 565.13672 C 723.25761 565.47047 722.25491 565.5403 721.39648 565.46289 C 720.53806 565.38548 719.82211 565.16042 719.10742 564.9043 C 718.39273 564.64817 717.67836 564.36061 716.82031 564.1582 C 715.96227 563.9558 714.96233 563.84008 713.67383 563.92383 C 712.19233 564.02033 710.79522 564.23241 709.50977 564.59375 C 708.22431 564.95509 707.04878 565.46572 706.01172 566.15234 C 704.97466 566.83897 704.07617 567.70305 703.33984 568.77539 C 702.60352 569.84773 702.02973 571.12798 701.64648 572.64648 C 701.28448 574.07698 701.2538 574.92556 701.49805 575.67969 C 701.7423 576.43381 702.26291 577.09263 703.00391 578.14062 C 703.87491 579.36937 704.65956 580.15575 705.38867 580.67578 C 706.11778 581.19581 706.79141 581.44991 707.43359 581.61328 C 708.07578 581.77666 708.68663 581.84903 709.29688 582.00781 C 709.90711 582.16659 710.51519 582.41172 711.14844 582.91797 C 711.19944 583.15197 711.22361 583.60616 711.22461 584.03516 C 711.23061 585.41716 711.16009 586.19244 711.38672 586.86719 C 711.61334 587.54194 712.13663 588.11661 713.32812 589.09961 C 713.96663 589.62711 714.55428 589.93325 715.12109 590.11328 C 715.68791 590.29331 716.23386 590.34677 716.78711 590.36914 C 717.34036 590.39152 717.90219 590.38297 718.5 590.4375 C 719.09781 590.49203 719.73114 590.61022 720.43164 590.88672 C 720.45764 590.91372 720.45848 590.94859 720.52148 591.05859 C 720.93348 591.76309 721.13545 592.48841 721.39258 593.30078 C 721.6497 594.11316 721.96216 595.01241 722.59766 596.06641 C 723.11441 596.92391 723.27119 597.63533 723.18555 598.25 C 723.09991 598.86467 722.77158 599.38328 722.32227 599.85547 C 721.42364 600.79984 720.03623 601.55866 719.11523 602.53516 C 718.65723 603.02166 718.28253 603.76033 718.20703 604.48633 C 718.16928 604.84933 718.20664 605.20877 718.3457 605.5332 C 718.48477 605.85764 718.7257 606.14694 719.0957 606.36719 C 720.2122 607.03169 720.62084 607.64005 721.02734 608.31055 C 721.43384 608.98105 721.83786 609.71345 722.94336 610.62695 L 724.18164 611.05273 C 724.77739 611.41948 725.2153 611.75872 725.51953 612.10156 C 725.82377 612.44441 725.995 612.79195 726.05469 613.17383 C 726.17406 613.93758 725.85044 614.84117 725.27344 616.13867 C 724.91844 616.93792 724.52706 617.80783 724.21094 618.69141 C 723.89481 619.57498 723.65447 620.47332 723.60547 621.32812 C 723.55647 622.18295 723.69816 622.99408 724.14453 623.70703 C 724.36772 624.06351 724.66681 624.39551 725.05664 624.69531 C 725.44647 624.99512 725.92672 625.26319 726.51172 625.49219 C 727.50822 625.88269 728.4435 626.25202 729.34375 626.69727 C 730.244 627.14252 731.11025 627.66386 731.96875 628.35938 C 732.6225 628.88937 733.02489 629.51041 733.35938 630.1543 C 733.69385 630.79819 733.95975 631.46367 734.33594 632.08398 C 734.71213 632.7043 735.19966 633.27902 735.97852 633.73828 C 736.75738 634.19755 737.82664 634.54238 739.36914 634.70312 C 740.34164 634.80512 741.29095 634.60287 742.23633 634.375 C 743.1817 634.14713 744.12494 633.89314 745.08594 633.89062 C 745.39494 633.88963 745.56816 633.9298 745.66016 633.9668 C 745.80466 634.2663 745.26073 635.68752 745.00586 637.43164 C 744.87842 638.3037 744.82244 639.25525 744.96289 640.18945 C 745.10334 641.12366 745.44025 642.04089 746.09375 642.83789 C 746.94675 643.87739 747.69209 645.02383 748.46484 646.14258 C 749.23759 647.26133 750.03614 648.35189 750.99414 649.27539 C 751.37639 649.64414 751.7936 649.90788 752.23242 650.09766 C 752.67125 650.28743 753.13258 650.40342 753.60156 650.47852 C 754.53953 650.6287 755.51198 650.61416 756.41211 650.69141 C 757.31223 650.76866 758.14005 650.93639 758.79102 651.45508 C 759.1165 651.71442 759.39752 652.0612 759.62109 652.52734 C 759.84467 652.99349 760.01022 653.57916 760.10547 654.31641 L 760.26758 654.80078 C 760.49208 655.19778 760.85944 655.51742 761.27344 655.7793 C 761.68744 656.04117 762.14905 656.24475 762.56055 656.40625 C 763.31605 657.58175 763.72052 658.28209 764.19727 658.87109 C 764.67402 659.46009 765.22217 659.93847 766.26367 660.66797 C 766.53517 660.85797 766.98867 661.98269 767.3418 663.14844 C 767.69492 664.31419 767.94741 665.52009 767.81641 665.87109 C 766.80591 666.80309 765.55422 667.27205 764.58984 668.06055 C 764.10766 668.4548 763.69802 668.92789 763.42578 669.58008 C 763.15355 670.23227 763.01984 671.06392 763.08984 672.16992 L 763.17969 672.57031 C 763.58319 673.59081 764.94134 675.38405 766.38672 677.13867 C 767.83209 678.8933 769.36409 680.60961 770.12109 681.47461 C 770.72784 682.16761 771.19747 683.04208 771.54102 684.01758 C 771.88456 684.99308 772.10225 686.06902 772.21094 687.16602 C 772.30002 688.06523 772.27 688.96536 772.21875 689.84766 z "
   id="Concepción"
   inkscape:label="Concepción"></path><path
   style="fill:#ee1d23;fill-opacity:1;stroke:#ffffff;stroke-opacity:1;stroke-width:1.559;stroke-miterlimit:4;stroke-dasharray:none"
   d="M 753.72852 991.47461 L 753.80664 991.36719 C 753.80664 991.36719 754.46289 990.99691 755.35352 990.25391 C 756.24414 989.51091 757.36914 988.3952 758.30664 986.9082 C 759.24414 985.4217 759.99414 984.21398 760.50977 983.05273 C 761.02539 981.89148 761.30664 980.77706 761.30664 979.47656 C 761.30664 978.17556 761.21289 977.06056 760.93164 975.99219 C 760.65039 974.92381 760.18164 973.90161 759.43164 972.78711 C 757.94459 970.57736 753.01375 962.61352 752.92773 962.47461 C 752.49942 962.80935 752.23001 963.08054 751.63672 963.49414 C 751.01172 963.92939 750.34158 964.21301 749.65039 964.42188 C 748.9592 964.63072 748.24631 964.76486 747.53906 964.9043 C 746.83181 965.04373 746.13022 965.18903 745.45703 965.41602 C 744.78384 965.643 744.13978 965.95233 743.55078 966.42383 C 742.76478 967.05183 742.40573 967.70634 742.11523 968.37109 C 741.82473 969.03584 741.60275 969.71095 741.09375 970.37695 C 740.88475 970.63795 740.66923 970.89373 740.49023 971.17773 L 740.04297 971.39844 C 740.28247 971.55215 740.55088 971.62587 740.74414 971.91016 C 741.48014 972.99616 741.48992 974.38659 742.16992 975.55859 C 742.90192 976.81859 744.33155 977.86208 744.68555 979.33008 C 745.00955 980.68408 744.46728 981.9812 744.61328 983.2832 C 744.66228 983.7272 744.99608 984.2903 745.08008 984.7793 L 745.5918 985.25586 C 746.1008 985.69586 746.42536 986.41475 746.81836 986.84375 C 747.65136 987.75275 750.03163 989.32339 751.14062 990.15039 C 751.9427 990.74833 752.85204 991.06914 753.72852 991.47461 z "
   id="Distrito-Capital"
   inkscape:label="Distrito Capital"></path><path
   style="fill:#ee1d23;fill-opacity:1;stroke:#ffffff;stroke-opacity:1;stroke-width:1.559;stroke-miterlimit:4;stroke-dasharray:none"
   d="M 884.67578 1306.623 C 884.65986 1306.2326 883.81981 1285.6344 883.92383 1282.4941 C 883.96508 1281.2691 883.91091 1280.4222 883.77148 1279.791 C 883.63206 1279.1598 883.40675 1278.745 883.10156 1278.3867 C 882.49119 1277.6701 881.56486 1277.1794 880.38086 1275.6289 C 879.83136 1274.9104 879.23717 1273.8271 878.82617 1272.6875 C 878.41517 1271.5479 878.18564 1270.3503 878.36914 1269.4043 C 878.50739 1268.6952 878.72029 1268.1079 878.98438 1267.6094 C 879.24846 1267.1109 879.5641 1266.7027 879.91406 1266.3555 C 880.61398 1265.6611 881.44631 1265.2089 882.25 1264.7637 C 883.05369 1264.3184 883.83017 1263.8799 884.41797 1263.209 C 884.71187 1262.8735 884.95868 1262.4789 885.13867 1261.998 C 885.31866 1261.5172 885.43091 1260.9493 885.45703 1260.2637 L 885.53516 1258.2031 L 886.05078 1257.6016 C 886.58628 1257.3586 887.25136 1257.3035 887.92773 1257.3105 C 888.60411 1257.3175 889.29023 1257.3867 889.86523 1257.3867 C 892.07473 1257.3867 893.93425 1257.4073 895.60938 1256.9805 C 896.44694 1256.767 897.23978 1256.4422 898.00586 1255.9453 C 898.77194 1255.4484 899.51205 1254.7811 900.24805 1253.8828 C 901.02905 1252.9298 901.87873 1251.9733 902.42773 1250.8613 C 898.74181 1232.9382 894.41611 1214.5677 890.47266 1196.6914 C 890.17426 1196.7165 889.87452 1196.7425 889.53125 1196.625 C 889.06833 1196.4666 888.57487 1196.1906 888.07812 1195.8281 C 887.08465 1195.1031 886.07944 1194.0321 885.28125 1192.8691 C 884.48306 1191.7062 883.89258 1190.4518 883.73047 1189.3555 C 883.64941 1188.8073 883.67533 1188.2983 883.83594 1187.8613 C 883.99655 1187.4244 884.29067 1187.0595 884.74805 1186.7969 C 884.99005 1186.6589 885.71325 1185.7816 886.03125 1185.2246 C 886.02125 1185.0536 885.95545 1184.8619 885.81445 1184.6719 C 884.48945 1184.5009 883.00391 1184.0788 881.59766 1183.4766 C 880.19141 1182.8743 878.86433 1182.0913 877.86133 1181.1973 L 877.4082 1180.7773 L 877.01953 1180.418 C 876.09753 1179.607 874.80391 1179.4109 873.75391 1178.7969 C 871.95191 1177.7434 871.46948 1177.1466 870.88086 1176.8379 C 870.29223 1176.5291 869.59578 1176.5088 867.36328 1176.6113 C 866.22953 1176.6633 865.37721 1176.656 864.70312 1176.5684 C 864.02906 1176.4808 863.53473 1176.3122 863.11523 1176.0391 C 862.27623 1175.4928 861.74095 1174.5308 860.68945 1172.9668 C 860.34345 1172.4538 859.99259 1171.8747 859.77734 1171.2656 C 859.56209 1170.6565 859.48169 1170.0164 859.67969 1169.3789 C 859.88669 1168.6719 860.36697 1168.1319 860.91797 1167.6699 L 861.29688 1167.3574 C 861.56687 1167.1304 861.73589 1166.9638 861.83789 1166.7988 C 861.30489 1166.0838 860.43336 1165.6016 859.81836 1164.9316 L 859.36523 1164.4316 C 858.72173 1163.7274 857.97622 1163.3873 857.18945 1163.1836 C 856.40269 1162.9799 855.57625 1162.9112 854.77344 1162.7539 C 853.97062 1162.5967 853.19164 1162.3501 852.5 1161.7852 C 852.15418 1161.5027 851.82933 1161.1414 851.53516 1160.6719 C 851.24098 1160.2023 850.97663 1159.6235 850.75 1158.9102 C 850.503 1158.1332 850.33072 1157.1545 850.04297 1156.2461 C 849.89909 1155.7919 849.72541 1155.3549 849.5 1154.9707 C 849.27459 1154.5865 848.99708 1154.2555 848.64258 1154.0098 C 848.55258 1153.9918 848.42809 1153.9847 848.37109 1153.9727 C 847.38959 1154.6222 847.12752 1154.9617 846.75977 1155.2363 C 846.39202 1155.511 845.91908 1155.7195 844.51758 1156.1035 C 844.04908 1156.232 843.31986 1156.0374 842.67773 1155.6914 C 842.03561 1155.3454 841.48036 1154.8486 841.35938 1154.3711 C 840.99913 1152.9481 840.67364 1152.0138 840.33594 1151.3574 C 839.99823 1150.701 839.6493 1150.3223 839.24023 1150.0117 C 838.83117 1149.7011 838.36339 1149.4579 837.78906 1149.0723 C 837.21473 1148.6866 836.53272 1148.1588 835.69922 1147.2773 L 835.44141 1146.8828 C 835.11241 1146.1106 834.98666 1145.3928 834.97852 1144.7227 C 834.97037 1144.0525 835.08047 1143.4295 835.22266 1142.8496 C 835.50703 1141.6897 835.9207 1140.6991 835.7832 1139.8281 C 835.7202 1139.7921 835.64045 1139.7527 835.56445 1139.7207 C 834.65245 1139.9725 833.92831 1140.1064 833.3418 1140.1133 C 832.75528 1140.1201 832.30703 1140.0007 831.94922 1139.748 C 831.59141 1139.4954 831.32355 1139.1087 831.09766 1138.582 C 830.87177 1138.0554 830.68684 1137.3875 830.49609 1136.5723 L 829.90625 1135.998 C 829.29025 1135.861 828.43947 1136.0229 827.63672 1136.3105 C 826.83397 1136.5982 826.07916 1137.0133 825.66016 1137.3828 L 825.4082 1137.6152 C 824.6887 1138.298 824.06367 1138.6802 823.50586 1138.9414 C 822.94805 1139.2026 822.45777 1139.3442 822.00977 1139.5449 C 821.56177 1139.7456 821.15571 1140.0046 820.76562 1140.5059 C 820.37556 1141.0072 820.00119 1141.7491 819.61719 1142.9121 C 819.41444 1143.5249 818.93091 1144.4444 818.26562 1145.4629 C 817.60034 1146.4814 816.7533 1147.599 815.82617 1148.6113 C 814.89905 1149.6237 813.89258 1150.5305 812.9043 1151.125 C 812.41016 1151.4222 811.92102 1151.6423 811.44922 1151.7578 C 810.97742 1151.8734 810.52203 1151.8852 810.09766 1151.7676 C 809.51366 1151.6066 808.84114 1151.5712 808.24414 1151.7012 C 808.23014 1151.8492 808.23014 1152.0103 808.24414 1152.1543 L 808.42383 1152.332 L 809.03516 1152.9258 C 809.56266 1153.4444 809.96241 1154.0602 810.24609 1154.7422 C 810.52978 1155.4242 810.69892 1156.1721 810.76172 1156.9492 C 810.82452 1157.7264 810.78164 1158.5337 810.64648 1159.3379 C 810.51132 1160.142 810.28284 1160.9421 809.97266 1161.7051 C 809.66247 1162.468 809.27088 1163.194 808.80859 1163.8477 C 808.34631 1164.5013 807.81411 1165.0825 807.22266 1165.5586 C 806.6312 1166.0347 805.98089 1166.4044 805.2832 1166.6348 C 804.58551 1166.8651 803.83959 1166.9565 803.05859 1166.873 C 802.77659 1166.843 802.49384 1166.8008 802.21484 1166.8008 L 801.99023 1166.8105 C 801.26498 1167.6958 800.84287 1168.5749 800.51562 1169.4004 C 800.1884 1170.2258 799.95661 1170.9985 799.60742 1171.6738 C 799.25823 1172.3491 798.79306 1172.9265 798.00195 1173.3613 C 797.21084 1173.7962 796.09245 1174.0874 794.43945 1174.1914 C 793.18345 1174.2714 791.88134 1174.1211 790.40234 1174.1641 C 790.26334 1174.2241 790.11961 1174.3066 789.97461 1174.3906 L 789.39648 1174.7266 C 788.69548 1175.1191 787.49514 1175.3476 786.29102 1175.4219 C 785.08689 1175.4961 783.87856 1175.4158 783.16406 1175.1953 L 782.75977 1174.9902 C 782.31077 1174.6552 782.07369 1174.2208 781.88281 1173.7617 C 781.69194 1173.3026 781.54775 1172.8193 781.28125 1172.3828 C 780.453 1171.4941 779.66731 1171.0037 778.92578 1170.6953 C 778.18425 1170.3869 777.48741 1170.2588 776.83203 1170.0918 C 776.17666 1169.9248 775.56392 1169.7205 774.99414 1169.2559 C 774.42436 1168.7912 773.89686 1168.0665 773.41211 1166.8652 C 773.19086 1166.315 772.87256 1165.9724 772.48633 1165.748 C 772.10009 1165.5237 771.64503 1165.4179 771.15234 1165.3418 C 770.65966 1165.2657 770.1285 1165.2205 769.58789 1165.1152 C 769.04728 1165.01 768.49875 1164.8452 767.96875 1164.5332 L 767.37695 1164.1738 C 767.0167 1163.9586 766.70495 1163.8938 766.41992 1163.918 C 766.13489 1163.9421 765.87592 1164.0549 765.62305 1164.1992 C 765.1173 1164.4878 764.63355 1164.8972 763.99805 1164.9512 C 763.07655 1165.0297 762.33041 1164.982 761.70703 1164.8242 C 761.08366 1164.6664 760.58375 1164.3993 760.15625 1164.041 C 759.30125 1163.3245 758.73578 1162.2425 758.05078 1160.9395 L 757.95898 1160.7852 C 757.30448 1160.6767 755.82394 1160.516 754.39844 1160.2188 C 753.68569 1160.0698 752.98761 1159.8873 752.41211 1159.6602 C 751.83661 1159.433 751.38427 1159.1622 751.16602 1158.8359 L 746.42969 1150.9219 C 746.1967 1154.5054 745.44944 1161.1368 744.72852 1167.0547 C 743.99127 1173.1066 743.30664 1178.2793 743.30664 1178.2793 C 745.19914 1183.7148 747.26219 1189.0167 749.36719 1194.3027 C 751.47219 1199.5887 753.61914 1204.8588 755.68164 1210.2363 C 756.44889 1210.6743 757.20073 1211.305 757.93945 1212.0801 C 758.67818 1212.8552 759.40333 1213.7762 760.12109 1214.793 C 761.55662 1216.8266 762.95834 1219.2474 764.35547 1221.6758 C 765.75259 1224.1042 767.14517 1226.5393 768.56445 1228.5996 C 769.27409 1229.6298 769.99026 1230.5662 770.7168 1231.3613 C 771.44333 1232.1565 772.18064 1232.8106 772.93164 1233.2754 C 774.39989 1234.1844 775.70603 1234.8283 776.92969 1235.3398 C 778.15334 1235.8513 779.29392 1236.2294 780.43555 1236.6094 C 781.57717 1236.9894 782.71925 1237.3703 783.94141 1237.8848 C 785.16356 1238.3993 786.46639 1239.0479 787.93164 1239.9629 C 787.93164 1239.9629 799.55664 1240.7051 802.55664 1240.7051 C 803.30664 1240.7051 804.12695 1240.6602 804.94727 1240.666 C 805.76758 1240.6718 806.58789 1240.7284 807.33789 1240.9375 C 808.08789 1241.1466 808.76758 1241.5075 809.30664 1242.1172 C 809.8457 1242.7269 810.24414 1243.5872 810.43164 1244.7949 C 810.80664 1247.2104 811.27539 1252.2263 811.60352 1257.0566 C 811.93164 1261.887 812.11914 1266.5301 811.93164 1268.2031 C 811.83789 1269.0394 811.60352 1269.877 811.26367 1270.7246 C 810.92383 1271.5723 810.47852 1272.4301 809.96289 1273.3125 C 808.93164 1275.0773 807.61914 1276.935 806.30664 1278.9785 C 803.68164 1283.0655 799.93164 1289.0117 799.93164 1289.0117 L 789.67578 1301.7422 C 790.80777 1301.7557 792.00143 1301.8736 793.30664 1302.2168 C 796.88064 1303.1598 799.76014 1305.3774 802.95312 1307.0684 C 805.96515 1308.6624 809.64617 1309.8269 812.95117 1310.6719 C 815.39217 1311.2949 823.83861 1312.297 826.09961 1311.873 C 827.92561 1311.53 829.64863 1309.7222 831.14062 1308.7012 C 832.40562 1307.8352 833.85631 1307.141 835.19531 1306.377 C 839.91431 1303.687 845.55964 1300.251 851.18164 1300.373 C 854.57164 1300.446 856.05577 1302.2074 858.25977 1304.3594 C 858.62977 1304.7194 859.1523 1304.9575 859.5293 1305.3105 C 862.2773 1307.8825 864.72178 1311.8481 868.42578 1313.1191 C 870.89978 1313.9671 872.54437 1314.5378 875.10938 1313.6758 C 875.91237 1312.6658 876.76378 1311.6939 877.55078 1310.6719 L 877.87305 1310.5469 C 879.25163 1308.7404 881.85284 1307.5063 884.67578 1306.623 z "
   id="Misiones"
   inkscape:label="Misiones"></path><path
   style="fill:#ee1d23;fill-opacity:1;stroke:#ffffff;stroke-opacity:1;stroke-width:1.559;stroke-miterlimit:4;stroke-dasharray:none"
   d="M 1074.6641 1099.8301 C 1074.0642 1099.7397 1073.2046 1099.7758 1072.2676 1099.9297 C 1071.3305 1100.0836 1070.3152 1100.3541 1069.4082 1100.7305 C 1068.5012 1101.1069 1067.7012 1101.5907 1067.1914 1102.168 C 1066.5429 1102.9025 1065.392 1103.5089 1064.1777 1104.0098 C 1062.9635 1104.5106 1061.6856 1104.9058 1060.7891 1105.2148 L 1061.2168 1106.4727 C 1060.4558 1106.7377 1059.6824 1107.7162 1058.8164 1108.0742 C 1057.1749 1108.7562 1056.4132 1108.9291 1055.7363 1109.2559 C 1055.0595 1109.5826 1054.4661 1110.0632 1053.1641 1111.3652 C 1051.9258 1112.6017 1050.7973 1113.3408 1049.7637 1113.7637 C 1048.7301 1114.1866 1047.7928 1114.294 1046.9375 1114.2676 C 1046.0822 1114.2411 1045.3089 1114.0802 1044.6055 1113.9688 C 1043.902 1113.8571 1043.2675 1113.7951 1042.6895 1113.9629 C 1040.676 1114.5459 1039.4253 1115.0743 1038.2617 1115.3887 C 1037.6799 1115.5459 1037.1202 1115.6495 1036.498 1115.6797 C 1035.8759 1115.7099 1035.1904 1115.666 1034.3594 1115.5293 C 1033.9824 1115.4673 1033.6582 1115.4448 1033.1602 1115.7188 C 1032.8774 1116.2251 1032.7403 1116.7629 1032.6602 1117.3203 C 1032.58 1117.8777 1032.5573 1118.4532 1032.5059 1119.0352 C 1032.4544 1119.6172 1032.3743 1120.2048 1032.1777 1120.7852 C 1031.9812 1121.3655 1031.6678 1121.9397 1031.1523 1122.4922 C 1030.7323 1122.9019 1030.2483 1123.1469 1029.7266 1123.293 C 1029.2048 1123.4391 1028.6451 1123.4864 1028.0781 1123.5 C 1026.9441 1123.5273 1025.7768 1123.4206 1024.8008 1123.7051 L 1024.4395 1123.8223 C 1023.7645 1124.0523 1022.9767 1124.0483 1022.2891 1124.0195 C 1021.6014 1123.9908 1021.0136 1123.9374 1020.7441 1124.0664 C 1020.2924 1125.0684 1019.7185 1125.8412 1019.0957 1126.4922 C 1018.473 1127.1431 1017.8024 1127.671 1017.1602 1128.1836 C 1016.5179 1128.6962 1015.9028 1129.1945 1015.3926 1129.7812 C 1014.8823 1130.3682 1014.4768 1131.0442 1014.25 1131.918 C 1014.0965 1132.5085 1013.8851 1132.9992 1013.6309 1133.4141 C 1013.3767 1133.8289 1013.0805 1134.1669 1012.7578 1134.4531 C 1012.1125 1135.0256 1011.3622 1135.3883 1010.6367 1135.7285 C 1009.9113 1136.0688 1009.2095 1136.3867 1008.6621 1136.8711 C 1008.3884 1137.1133 1008.1535 1137.3973 1007.9727 1137.7461 C 1007.7919 1138.0949 1007.665 1138.5092 1007.6094 1139.0117 C 1007.5079 1139.9302 1007.3688 1141.005 1007.0703 1142.0117 C 1006.7718 1143.0185 1006.3147 1143.9571 1005.5742 1144.6016 L 1005.1836 1144.957 C 1004.6416 1145.6455 1004.1484 1146.6347 1003.5879 1147.5547 C 1003.0274 1148.4747 1002.3998 1149.3247 1001.5918 1149.7402 C 1000.0538 1150.5307 998.75814 1151.1758 997.66602 1152.0391 C 997.11995 1152.4707 996.6243 1152.9568 996.17578 1153.543 C 995.72727 1154.1292 995.32509 1154.8167 994.96484 1155.6484 C 994.32734 1157.1204 994.354 1158.4351 994.03125 1159.625 C 993.86987 1160.2199 993.62048 1160.7847 993.1582 1161.3203 C 992.69592 1161.8559 992.02016 1162.3639 991.00391 1162.8477 C 990.13541 1163.2612 989.32878 1163.3047 988.51758 1163.1602 C 987.70637 1163.0157 986.89117 1162.6825 986.00586 1162.3418 C 985.12055 1162.001 984.16505 1161.6518 983.07422 1161.4766 C 981.98339 1161.3013 980.75587 1161.3003 979.32812 1161.6523 C 978.57513 1161.8378 978.01553 1162.1012 977.56641 1162.4043 C 977.11728 1162.7074 976.77925 1163.0505 976.46875 1163.3945 L 975.96289 1163.9707 C 975.14014 1164.895 974.51077 1165.3055 973.95898 1165.4395 C 973.4072 1165.5734 972.9328 1165.4302 972.41992 1165.248 C 971.90705 1165.0659 971.35642 1164.8445 970.65039 1164.8203 C 969.94436 1164.7961 969.08242 1164.9682 967.95117 1165.5762 C 966.42167 1166.3982 965.54762 1166.9593 964.96875 1167.7539 C 964.38988 1168.5485 964.10667 1169.5774 963.76367 1171.3379 C 963.66017 1171.8694 963.52305 1173.3988 963.35742 1174.8633 C 963.1918 1176.3278 962.9982 1177.7265 962.7832 1177.998 L 962.55469 1178.3027 C 961.93319 1179.117 961.22641 1179.541 960.47461 1179.8496 C 959.72281 1180.1583 958.92559 1180.3513 958.12891 1180.6992 C 957.33222 1181.0471 956.53547 1181.5505 955.7793 1182.4824 C 955.02313 1183.4143 954.30798 1184.7752 953.67773 1186.8359 C 953.49873 1187.4194 953.31388 1188.0193 953.0625 1188.5859 C 952.81112 1189.1526 952.49333 1189.6858 952.04883 1190.1328 L 951.76367 1190.3496 C 950.74867 1190.9319 949.93159 1191.1505 949.20703 1191.1797 C 948.48247 1191.2089 947.85108 1191.0475 947.20508 1190.873 C 946.55908 1190.6985 945.89845 1190.5093 945.11914 1190.4805 C 944.33983 1190.4517 943.44091 1190.5845 942.31641 1191.0508 C 939.78141 1192.1038 938.99238 1192.2507 936.48438 1192.9277 C 934.48937 1193.4667 933.09272 1193.9448 931.01172 1194.0488 C 929.62872 1194.1178 928.54309 1194.2902 927.62109 1194.7012 C 926.12009 1195.3677 925.04953 1196.39 923.81641 1197.332 C 923.19984 1197.803 922.54256 1198.2537 921.77148 1198.6309 C 921.00041 1199.008 920.11622 1199.3116 919.04297 1199.4863 C 917.12547 1199.7988 916.14413 1199.9116 915.23438 1200.1641 C 914.32461 1200.4166 913.48511 1200.8092 911.84961 1201.6777 C 910.69261 1202.2927 909.46316 1202.7208 908.30078 1202.7363 C 907.71959 1202.7441 907.15461 1202.6486 906.625 1202.4219 C 906.09539 1202.1952 905.60095 1201.8359 905.1582 1201.3184 L 904.80273 1200.8965 C 904.30973 1200.3317 903.62195 1199.9516 902.82227 1199.6738 C 902.02258 1199.396 901.11153 1199.2219 900.17578 1199.0684 C 899.24003 1198.9149 898.27814 1198.7817 897.37695 1198.5898 C 896.47577 1198.398 895.63545 1198.1467 894.93945 1197.7539 C 894.10495 1197.2839 893.62878 1196.862 893.08203 1196.6387 C 892.53528 1196.4153 891.91728 1196.3903 890.80078 1196.7148 C 890.70411 1196.743 890.57667 1196.6827 890.47266 1196.6914 C 894.41611 1214.5677 898.74181 1232.9382 902.42773 1250.8613 C 901.87873 1251.9733 901.02905 1252.9298 900.24805 1253.8828 C 899.51205 1254.7811 898.77194 1255.4484 898.00586 1255.9453 C 897.23978 1256.4422 896.44694 1256.767 895.60938 1256.9805 C 893.93425 1257.4073 892.07473 1257.3867 889.86523 1257.3867 C 889.29023 1257.3867 888.60411 1257.3175 887.92773 1257.3105 C 887.25136 1257.3035 886.58628 1257.3586 886.05078 1257.6016 L 885.53516 1258.2031 L 885.45703 1260.2637 C 885.43091 1260.9493 885.31866 1261.5172 885.13867 1261.998 C 884.95868 1262.4789 884.71187 1262.8735 884.41797 1263.209 C 883.83017 1263.8799 883.05369 1264.3184 882.25 1264.7637 C 881.44631 1265.2089 880.61398 1265.6611 879.91406 1266.3555 C 879.5641 1266.7027 879.24846 1267.1109 878.98438 1267.6094 C 878.72029 1268.1079 878.50739 1268.6952 878.36914 1269.4043 C 878.18564 1270.3503 878.41517 1271.5479 878.82617 1272.6875 C 879.23717 1273.8271 879.83136 1274.9104 880.38086 1275.6289 C 881.56486 1277.1794 882.49119 1277.6701 883.10156 1278.3867 C 883.40675 1278.745 883.63206 1279.1598 883.77148 1279.791 C 883.91091 1280.4222 883.96508 1281.2691 883.92383 1282.4941 C 883.81981 1285.6344 884.65986 1306.2326 884.67578 1306.623 C 888.25194 1305.5041 892.22341 1304.9937 894.95117 1305.0977 C 897.51917 1305.1937 899.89069 1305.7161 902.30469 1306.5391 C 903.14969 1306.8271 904.31716 1307.0361 905.03516 1307.5781 C 907.02216 1309.0821 906.76308 1311.1223 907.83008 1313.0723 C 908.01708 1313.6133 908.18909 1314.0972 908.49609 1314.5352 C 909.36709 1315.7802 910.72528 1316.6215 911.61328 1317.8438 C 912.40628 1318.935 912.77541 1320.0237 913.81641 1320.9707 C 914.84741 1321.9117 916.07159 1322.7164 917.18359 1323.5664 C 919.17759 1325.0854 922.79277 1327.1654 925.38477 1326.7734 C 927.17777 1326.5024 928.5162 1324.617 929.4082 1323.25 C 929.6942 1322.811 930.04353 1322.447 930.26953 1321.957 C 931.85053 1318.508 931.0568 1316.106 934.7168 1313.166 C 935.7278 1311.984 936.88741 1310.9693 937.94141 1309.9023 C 940.57641 1307.2283 939.84423 1303.1454 939.24023 1299.8184 C 939.07823 1298.9224 938.76498 1297.9811 939.08398 1297.0781 C 940.44698 1293.2181 945.57711 1294.9124 948.28711 1293.4824 C 951.71511 1291.6694 952.32803 1287.8604 954.95703 1285.3164 C 955.83403 1284.4664 957.28898 1283.9008 958.45898 1283.5938 C 960.71098 1283.008 970.86547 1282.4043 972.98047 1282.9473 C 974.85547 1283.4303 976.26647 1284.8628 977.98047 1285.6328 C 983.47147 1289.7448 988.23656 1284.04 993.85156 1287.457 C 998.42856 1290.242 996.60148 1294.6307 998.14648 1296.6797 C 998.47848 1297.1217 999.85952 1298.6619 1000.3086 1298.8789 C 1001.0476 1299.2389 1001.976 1299.4614 1002.748 1299.7734 C 1004.813 1300.6024 1006.6341 1301.5901 1008.4121 1302.9121 L 1008.4961 1303.1621 C 1011.9501 1304.8321 1015.111 1304.947 1017.707 1301.791 C 1018.194 1301.2 1018.4688 1300.4034 1018.9648 1299.7734 C 1019.8018 1298.7084 1020.8342 1298.1355 1021.4902 1296.8965 C 1022.1912 1295.5745 1022.6719 1293.6861 1023.9629 1292.8301 C 1026.9939 1290.8221 1032.3339 1291.9059 1034.7109 1288.7969 C 1039.2109 1282.9099 1036.1995 1279.8053 1036.6875 1278.3613 C 1036.9105 1277.8983 1038.4829 1276.8367 1039.0039 1276.3887 C 1039.9649 1272.9497 1038.3523 1270.4987 1036.4473 1267.8457 C 1035.8563 1267.0217 1035.0839 1266.3904 1034.7109 1265.3984 C 1034.4799 1264.7754 1034.482 1264.0483 1034.334 1263.4023 C 1034.172 1262.6993 1034.23 1261.7701 1034.877 1261.2871 C 1035.939 1260.5691 1038.1174 1261.8091 1039.4414 1261.5801 C 1042.3444 1261.0811 1041.6343 1255.4277 1042.1133 1253.2227 C 1042.9043 1252.1707 1043.3069 1252.0709 1044.5039 1251.6719 C 1049.0739 1250.1509 1052.3225 1253.6515 1055.2305 1250.6035 C 1057.0075 1248.7435 1055.648 1243.0837 1056.293 1240.4297 C 1056.604 1239.1427 1057.4706 1237.9202 1058.1836 1236.8262 C 1058.3816 1236.5222 1058.5096 1236.1595 1058.7656 1235.8965 C 1062.2856 1231.4605 1064.2858 1230.5452 1070.0098 1230.2832 C 1071.4608 1230.2172 1072.8932 1230.2911 1074.2852 1229.7891 C 1075.4512 1229.3681 1076.5508 1228.4485 1077.5488 1227.7715 C 1078.9668 1226.8095 1082.4239 1225.8059 1084.1289 1226.0039 C 1085.2539 1226.1359 1086.0961 1227.0508 1087.0781 1227.4668 C 1087.9391 1227.8308 1088.924 1227.5644 1089.752 1228.1914 C 1090.516 1228.7694 1091.2244 1229.7941 1092.2344 1230.0391 C 1093.8824 1230.4431 1095.7914 1229.5386 1097.3164 1229.0996 C 1098.1354 1228.8636 1099.1413 1228.929 1099.9473 1228.668 C 1100.4573 1228.502 1100.8834 1228.1575 1101.4434 1228.0215 C 1104.5314 1223.7745 1099.7946 1220.0755 1101.0586 1216.2285 C 1101.6656 1214.3815 1104.1641 1213.3234 1105.6621 1212.3184 C 1106.1231 1212.0114 1106.3546 1211.585 1106.7246 1211.209 C 1107.2616 1210.664 1107.943 1210.2773 1108.377 1209.6113 C 1109.797 1207.4283 1110.6247 1205.7717 1113.1797 1204.6367 C 1114.6287 1203.9937 1118.0511 1204.0572 1119.7051 1204.1152 C 1120.1451 1204.0812 1120.4261 1204.0182 1120.7031 1203.9902 C 1126.1601 1203.4432 1127.839 1199.3087 1128.416 1194.4297 C 1128.624 1192.6847 1128.4821 1189.9651 1129.1641 1188.4121 C 1129.6971 1187.1961 1131.6732 1185.3018 1132.7832 1184.5488 C 1133.7162 1183.9138 1135.2012 1183.0321 1136.2852 1182.7461 C 1138.0452 1182.2771 1143.2178 1182.2108 1143.8828 1184.4238 C 1144.3578 1184.6748 1144.8785 1184.6743 1145.3945 1184.6523 C 1148.0085 1184.5353 1147.9065 1181.9528 1148.7285 1180.0488 C 1149.4415 1178.4008 1150.8817 1177.7149 1151.0977 1175.7559 C 1151.4497 1172.5589 1150.5925 1169.3415 1149.5605 1166.3535 C 1149.3105 1165.5875 1148.8545 1164.6961 1148.7285 1163.9961 C 1148.3135 1161.7061 1151.2902 1160.0297 1152.8672 1158.7637 C 1154.0892 1157.7077 1154.8814 1156.3511 1155.9004 1155.3281 C 1156.4614 1154.7681 1157.113 1154.395 1157.752 1153.957 C 1160.002 1152.419 1161.6162 1150.8251 1162.8652 1148.3711 C 1164.3122 1145.5281 1163.023 1144.5084 1163.377 1141.8574 C 1163.557 1140.5144 1165.4506 1133.4321 1165.9746 1132.2031 C 1166.9056 1130.0351 1167.9085 1127.937 1168.1465 1125.543 C 1168.478 1122.2321 1166.0466 1123.0426 1166.5586 1119.5352 C 1166.3181 1119.3253 1165.9024 1119.1483 1165.4922 1119.1016 C 1165.0392 1119.0499 1164.6459 1119.1319 1164.6719 1119.4219 C 1164.3789 1119.6469 1163.4527 1120.0125 1163.0977 1119.9785 C 1162.2222 1119.8945 1161.3432 1119.5139 1160.4688 1119.1562 C 1159.5939 1118.7988 1158.7233 1118.4641 1157.8633 1118.4766 C 1157.2948 1118.4851 1156.6627 1118.6324 1156.0605 1118.6504 C 1155.4584 1118.6684 1154.8855 1118.5583 1154.4355 1118.0488 C 1154.0693 1117.6336 1153.8795 1117.2112 1153.7656 1116.7891 C 1153.6517 1116.367 1153.6135 1115.9435 1153.5508 1115.5273 C 1153.4881 1115.1112 1153.402 1114.7022 1153.1895 1114.3047 C 1152.9769 1113.9072 1152.6377 1113.5224 1152.0742 1113.1562 C 1151.4982 1112.9805 1150.7385 1112.9334 1150.1445 1113.0254 C 1149.7185 1113.4434 1148.6626 1114.1047 1148.0176 1114.0547 C 1147.1866 1113.8477 1146.523 1113.3654 1145.877 1112.8809 C 1145.231 1112.3964 1144.6027 1111.9103 1143.8457 1111.6953 C 1142.8067 1111.8483 1140.1011 1112.2251 1139.0801 1111.9961 C 1138.2356 1111.8066 1137.0729 1111.4268 1135.9004 1111.1816 C 1135.3141 1111.0591 1134.7264 1110.9705 1134.1738 1110.957 C 1133.6213 1110.9435 1133.1039 1111.0041 1132.6621 1111.1816 C 1131.5686 1111.6211 1130.7982 1112.4188 1130.1152 1113.1953 C 1129.4322 1113.9718 1128.8372 1114.7274 1128.0977 1115.0859 C 1127.1777 1115.5299 1125.9643 1115.8222 1124.9883 1116.1582 C 1124.4108 1116.3575 1123.9591 1116.7955 1123.5059 1117.3223 C 1123.0526 1117.849 1122.5981 1118.4648 1122.0117 1119.0254 C 1121.4253 1119.586 1120.7072 1120.09 1119.7305 1120.3906 C 1118.7537 1120.6913 1117.5171 1120.7882 1115.8926 1120.5352 C 1115.1546 1120.8382 1114.8591 1121.6062 1114.1211 1121.9082 C 1113.6253 1121.8087 1113.2062 1121.6328 1112.8359 1121.4004 C 1112.4657 1121.168 1112.1444 1120.8807 1111.8477 1120.5586 C 1111.2542 1119.9143 1110.756 1119.1327 1110.1445 1118.3887 C 1109.5938 1117.7187 1108.9333 1117.2626 1108.2109 1116.9297 C 1107.4885 1116.5968 1106.7048 1116.387 1105.9082 1116.2148 C 1105.1116 1116.0427 1104.3026 1115.9063 1103.5293 1115.7188 C 1102.756 1115.5309 1102.0177 1115.2916 1101.3652 1114.9121 C 1100.5062 1114.4131 1099.7728 1113.5974 1098.9258 1113.0664 C 1098.2093 1112.6164 1097.2306 1112.1777 1096.1152 1111.7695 C 1094.9999 1111.3614 1093.7476 1110.9851 1092.4785 1110.6562 C 1089.9404 1109.9986 1087.3388 1109.5374 1085.6562 1109.4219 C 1084.6384 1109.3509 1083.5698 1109.345 1082.5488 1109.334 C 1081.8848 1109.327 1081.0324 1109.5292 1080.207 1109.6211 C 1079.7943 1109.667 1079.3891 1109.6855 1079.0156 1109.6367 C 1078.6421 1109.5879 1078.3008 1109.4713 1078.0195 1109.248 L 1077.7578 1108.791 C 1077.4698 1108.284 1077.6008 1107.2788 1077.5488 1106.6738 C 1077.5058 1106.1808 1076.9067 1103.9011 1076.7207 1103.4551 C 1076.2837 1102.3991 1075.656 1101.7161 1075.498 1100.4941 C 1075.5503 1100.316 1075.4925 1100.1728 1075.3457 1100.0625 C 1075.1989 1099.9522 1074.964 1099.8753 1074.6641 1099.8301 z "
   id="Itapúa"
   inkscape:label="Itapúa">
       </path><path
   style="fill:#ee1d23;fill-opacity:1;stroke:#ffffff;stroke-width:1.55900002;stroke-miterlimit:4;stroke-dasharray:none;stroke-opacity:1"
   d="m 729.74805,1044.1484 c -0.3595,0.1548 -0.62655,0.5321 -0.85352,1.0196 -0.22697,0.4874 -0.41406,1.085 -0.61719,1.6855 -0.20312,0.6006 -0.42101,1.2032 -0.70898,1.6973 -0.28797,0.4941 -0.64545,0.8808 -1.12695,1.0488 h -0.98438 c -0.398,-0.4315 -1.14773,-1.2319 -1.93555,-1.9785 -0.67102,-0.6359 -1.31056,-1.1136 -1.84179,-1.4121 -0.14912,0.048 -0.14926,0.099 -0.3125,0.1484 -1.048,0.774 -1.47453,1.6089 -1.60157,2.8789 0.86701,2.243 3.26361,4.0435 2.59961,6.6055 -0.038,0.141 -0.5755,0.9724 -0.6875,1.1484 -1.079,1.709 -2.54173,2.6206 -4.55273,3.0996 -0.279,0.067 -0.6313,0.011 -0.9043,0.09 -0.526,0.154 -3.60648,2.0313 -3.89648,2.4473 -0.206,0.291 -0.4265,1.2179 -0.4375,1.5859 l 0.3125,0.7715 c 0.919,0.595 2.24512,0.9448 3.03516,1.6308 0.369,0.32 0.67962,1.081 0.64062,1.545 -0.34,4.2 -7.6865,3.063 -7.6875,7.082 0,0.712 0.32034,1.4166 0.90234,1.8906 0.873,0.706 3.58377,0.8646 5.63477,2.1406 0.515,0.646 0.57025,1.4196 0.32227,2.1426 -0.53603,1.557 -3.20699,2.1755 -4.45899,3.1035 -1.004,0.74 -1.79487,1.9424 -2.79687,2.6524 -0.191,0.135 -0.50104,0.1787 -0.70704,0.3047 -0.428,0.257 -0.71256,0.7113 -1.10156,0.9863 -0.42,0.295 -0.98806,0.4145 -1.41406,0.6875 -0.629,0.409 -1.21958,0.9112 -1.89258,1.2812 -1.165,0.641 -2.51292,0.878 -3.66992,1.586 -2.175,1.336 -1.96452,3.9884 -4.47852,5.0644 -0.51,0.384 -0.95082,0.8133 -1.42382,1.0293 -0.223,0.103 -5.27474,1.6578 -5.42774,1.6778 -0.975,0.121 -1.94292,-0.1351 -2.91992,0.1699 -1.097,0.343 -4.2583,3.4079 -5.0293,4.4199 -2.349,3.072 0.73099,5.1086 -0.79101,7.6016 -0.552,0.6 -1.77636,0.5918 -2.44336,0.2168 -0.294,-0.581 -1.46986,-1.8163 -2.00586,-2.1993 H 673.5 l -0.59375,0.5215 -0.22852,0.8614 c 0.576,2.984 6.3451,3.9733 7.1211,5.5273 0.545,4.628 -8.70375,4.6823 -9.71875,6.6523 -0.997,1.934 2.31606,2.9958 1.41406,7.2168 -0.542,2.531 -1.69289,4.9671 -2.71289,7.3301 -1.2,2.782 -4.2207,5.9666 -4.2207,9.1446 0,3.753 2.9787,2.5279 4.0957,4.4199 l -0.0742,0.9824 c -2.798,3.272 -3.17647,0.07 -3.60547,5.9727 -3.274,9.018 -0.62562,6.0842 2.85938,9.6972 1.284,1.332 1.84017,3.7075 2.82617,5.3145 l -0.0312,0.9062 -0.55078,0.5547 c -0.757,0 -1.26836,0.477 -1.81836,0.918 -2.919,2.346 1.30153,3.8547 0.51953,6.7187 -2.669,2.214 -6.37442,-0.8983 -8.23242,-0.9843 l -0.10352,0.3027 c -0.376,1.101 0.0645,2.0318 0.1875,3.1308 0.34,3.014 -0.86434,5.7559 -1.02734,8.7129 -0.104,1.851 0.575,3.8761 0,5.6641 -1.316,1.337 -2.82994,0.3198 -4.33594,0.3418 -1.123,0.531 -1.91758,1.1411 -1.76758,2.5371 0.564,1.174 2.11386,1.9126 2.00586,3.3086 -0.409,0.603 -1.0375,0.9116 -1.6875,1.1836 -3.247,1.352 -3.86689,-0.9689 -6.33789,-0.7969 -1.87,1.151 -1.82339,0.892 -2.52539,3.127 0.316,1.141 0.29328,2.1248 0.86328,3.2168 1.645,0.997 4.60897,2.1078 3.66797,4.5898 -1.078,1.591 -3.31975,1.5582 -4.96875,1.0762 -3.797,0.978 -6.19192,4.5853 -8.41992,5.4043 -2.093,0.771 -8.016,1.5958 -9.375,2.9238 -0.753,0.737 -1.08452,2.3318 -0.97852,3.3418 0.879,0.925 1.55513,2.0252 2.20313,3.1152 -0.168,1.717 -0.36283,1.7635 -1.42383,3.0235 -2.251,2.672 -2.86673,2.2562 -3.63477,5.9062 -0.21499,1.032 -0.18945,2.1024 -0.68945,3.0664 l -0.59179,0.4649 h -0.98829 l -0.55078,-0.5547 c -0.04,-0.561 -0.11026,-1.1227 -0.19726,-1.6797 l -0.4668,-0.5547 c -0.8,-0.139 -1.66408,-0.1422 -2.33008,0.3848 -1.117,0.886 -2.36064,4.1061 -2.43164,5.3711 -0.115,2.042 1.37178,3.3484 0.42578,5.0644 -1.384,2.506 -6.98254,1.0914 -9.56054,2.6934 -1.156,0.721 -2.37843,2.3105 -3.10743,3.4355 -4.985,7.699 5.80414,9.7751 7.24414,14.1641 0.506,1.535 -0.74003,9.3743 -0.83203,11.1133 1.802,-0.388 3.329,-1.4374 5,-2.1074 1.645,-0.659 7.97099,-2.1084 9.83399,-2.3789 4.298,-0.022 8.44444,-0.9013 12.64844,-0.5313 2.05898,0.181 5.46285,1.752 7.75585,1.416 2.844,-0.417 5.19193,-1.5203 7.79493,-2.5723 2.347,-0.9484 7.89176,-1.5795 10.50976,-1.7675 1.715,-0.123 3.49027,0.2417 5.19727,0.3047 3.176,0.122 5.68722,0.4434 8.82422,0.8964 3.073,0.444 5.93475,1.347 9.09375,1.293 1.782,-0.031 3.65072,-0.2295 5.38672,-0.6465 1.64999,-0.394 1.32029,-1.2554 3.65624,-1.3574 2.553,-0.01 4.65055,0.5226 6.93555,0.8516 4.334,0.623 8.58792,1.6074 12.91992,2.2304 1.448,0.209 2.59472,0.081 4.01172,0.045 1.459,-0.037 4.24403,0.2257 5.70703,0.5117 1.449,0.281 2.42819,1.2848 3.74219,1.6308 1.965,0.512 3.87533,0.085 5.86133,0.9395 0.522,0.223 0.84578,0.5734 1.30078,0.8594 0.467,0.293 1.03109,0.4625 1.49609,0.7715 3.619,2.3994 6.75538,6.2965 10.98438,7.6835 2.796,0.915 5.78717,1.3507 8.70117,1.7227 2.117,0.27 3.99756,0.1736 6.10156,0.7246 2.398,0.627 4.76511,1.3866 7.16211,2.0176 1.433,0.376 2.82569,1.0939 4.26367,1.4629 0.82,0.211 1.91593,0.3206 2.66993,0.7246 1.508,0.809 2.43995,2.0393 4.25195,2.4023 3.11137,0.6232 5.81252,-0.2535 9.05078,-0.2148 l 10.25586,-12.7305 c 0,0 3.75,-5.9462 6.375,-10.0332 1.3125,-2.0435 2.625,-3.9012 3.65625,-5.666 0.51563,-0.8824 0.96094,-1.7402 1.30078,-2.5879 0.33985,-0.8476 0.57422,-1.6852 0.66797,-2.5215 0.1875,-1.673 0,-6.3161 -0.32812,-11.1465 -0.32813,-4.8303 -0.79688,-9.8462 -1.17188,-12.2617 -0.1875,-1.2077 -0.58594,-2.068 -1.125,-2.6777 -0.53906,-0.6097 -1.21875,-0.9706 -1.96875,-1.1797 -0.75,-0.2091 -1.57031,-0.2657 -2.39062,-0.2715 -0.82032,-0.01 -1.64063,0.039 -2.39063,0.039 -3,0 -14.625,-0.7422 -14.625,-0.7422 -1.46525,-0.915 -2.76808,-1.5636 -3.99023,-2.0781 -1.22216,-0.5145 -2.36424,-0.8954 -3.50586,-1.2754 -1.14163,-0.38 -2.28221,-0.7581 -3.50586,-1.2696 -1.22366,-0.5115 -2.5298,-1.1554 -3.99805,-2.0644 -0.751,-0.4648 -1.48831,-1.1189 -2.21484,-1.9141 -0.72654,-0.7951 -1.44271,-1.7315 -2.15235,-2.7617 -1.41928,-2.0603 -2.81186,-4.4954 -4.20898,-6.9238 -1.39713,-2.4284 -2.79885,-4.8492 -4.23438,-6.8828 -0.71776,-1.0168 -1.44291,-1.9378 -2.18164,-2.7129 -0.73872,-0.7751 -1.49056,-1.4058 -2.25781,-1.8438 -2.0625,-5.3775 -4.20945,-10.6476 -6.31445,-15.9336 -2.105,-5.286 -4.16805,-10.5879 -6.06055,-16.0234 0,0 0.68463,-5.1727 1.42188,-11.2246 0.72092,-5.9179 1.46818,-12.5493 1.70117,-16.1328 l -1.03125,-1.7246 c -0.67,-0.4895 -1.06939,-1.0949 -1.36914,-1.6309 -0.29975,-0.536 -0.50035,-1.0023 -0.77735,-1.2168 -0.568,-0.4385 -2.15392,-0.7325 -3.65429,-0.8379 -1.50038,-0.1054 -2.91513,-0.022 -3.14063,0.291 l -0.68555,-1.9629 c -0.451,-0.683 -0.53323,-1.5044 -0.86523,-2.2304 -0.5445,-1.1875 -1.07962,-2.0965 -1.34375,-3.043 -0.13206,-0.4732 -0.1962,-0.9572 -0.16016,-1.4883 0.0361,-0.5311 0.17191,-1.1096 0.44141,-1.7773 l 0.58984,-0.4746 0.86524,0.043 c 0.428,0.442 0.64492,1.8374 0.66992,2.4024 l 0.70898,0.3867 c 0.441,-0.065 1.08591,-0.3865 1.37891,-0.7285 0.067,-1.071 0.86469,-2.2277 1.17969,-3.2617 0.2635,-0.862 0.13526,-2.5641 0.27539,-4.0899 0.0701,-0.7628 0.20644,-1.4814 0.49414,-2.0293 0.2877,-0.5479 0.72548,-0.9249 1.39648,-1.0039 l 3.6211,-0.4316 c 0.3605,-0.5385 0.86795,-1.097 1.45508,-1.4141 0.29356,-0.1585 0.60687,-0.2576 0.93164,-0.2617 0.32476,0 0.661,0.086 1,0.3027 l 0.86718,1.2442 c 0.395,0.17 0.83327,0.1849 1.24414,0.08 0.41088,-0.1049 0.79368,-0.3283 1.07618,-0.6368 0.622,-0.675 1.34582,-1.6634 2.04882,-2.2324 0.8895,-0.7165 2.05718,-1.2103 3.18555,-1.8301 0.56419,-0.3098 1.11713,-0.6513 1.62305,-1.0683 0.50592,-0.4171 0.96303,-0.9098 1.33203,-1.5215 0.976,-1.615 1.84581,-3.3295 2.75781,-4.9785 0.911,-1.648 2.42522,-3.5566 3.69922,-4.9356 1.36,-1.47 2.47625,-2.3967 3.375,-3.4433 0.44938,-0.5233 0.84517,-1.0755 1.18945,-1.7422 0.34428,-0.6667 0.63682,-1.4476 0.88282,-2.4238 0.113,-0.449 0.22548,-0.9248 0.27148,-1.4024 0.046,-0.4776 0.026,-0.9575 -0.125,-1.416 l -3.78125,-11.457 c -0.414,-1.26 -0.55158,-2.7023 -1.14258,-3.9063 -0.729,-1.485 -1.93394,-2.8011 -2.67194,-4.0781 -0.468,-0.8105 -0.99684,-2.139 -1.59759,-3.3809 -0.30037,-0.6209 -0.62092,-1.2261 -0.9707,-1.7441 -0.34978,-0.518 -0.72867,-0.9501 -1.13867,-1.2246 -0.442,-0.296 -1.33232,-0.6328 -2.16407,-1.0488 -0.41587,-0.2082 -0.81576,-0.4349 -1.13867,-0.6876 -0.3229,-0.2524 -0.56887,-0.5311 -0.67187,-0.8378 -0.2365,-0.7005 -0.4295,-1.5029 -0.70313,-2.2657 -0.27362,-0.7627 -0.6275,-1.4859 -1.1875,-2.0254 -0.7045,-0.035 -1.23626,-0.3454 -1.65625,-0.8046 -0.41998,-0.4593 -0.72739,-1.0675 -0.98633,-1.6934 -0.25893,-0.6259 -0.46809,-1.2697 -0.68945,-1.8047 -0.22136,-0.535 -0.45642,-0.9617 -0.76367,-1.1484 -0.924,-0.562 -2.08925,-0.801 -3.03125,-1.416 -0.899,-0.585 -1.63592,-1.213 -2.4043,-1.4512 -0.38419,-0.1191 -0.77656,-0.1407 -1.20117,-0.01 -0.42461,0.131 -0.88078,0.4143 -1.39453,0.9043 -0.264,0.08 -0.61614,-0.035 -1.00977,-0.2558 -0.39362,-0.2213 -0.82811,-0.5498 -1.25586,-0.9004 -0.8555,-0.7013 -1.68451,-1.4888 -2.10351,-1.6758 -1.229,-0.55 -3.19135,-0.8172 -4.52735,-1.1602 -0.78575,-0.2007 -1.30176,-0.5293 -1.63476,-0.9492 -0.333,-0.4199 -0.48266,-0.9299 -0.53516,-1.4902 -0.105,-1.1207 0.17861,-2.4443 0.16211,-3.6543 -0.015,-0.988 -0.18592,-1.9474 -0.41992,-2.9024 -0.09,-0.361 -0.26152,-0.8868 -0.60352,-1.1308 z"
   id="Ñeembucú"
   inkscape:label="Ñeembucú"
   inkscape:connector-curvature="0"
   sodipodi:nodetypes="cccscccccccccccccccccccccccccccccccccccccccccsccccccccccccccccccccccccccccccccccccccccccccccccccccccccccccccccccccccscccccsssscccccccccccscsccscscccccccccccccscccscccccccccccscscccccsccccccccsccsccccccsccccc"></path><path
   style="fill:#ee1d23;fill-opacity:1;stroke:#ffffff;stroke-width:1.55900002;stroke-miterlimit:4;stroke-dasharray:none;stroke-opacity:1"
   d="m 1074.832,1099.8867 c 2.0642,-1.2277 7.476,-4.4288 9.5235,-5.3144 0.3595,-0.156 0.5674,-0.5053 0.6914,-0.8965 0.124,-0.3913 0.1649,-0.8254 0.1894,-1.1504 0.038,-0.532 -0.1617,-0.8624 -0.3437,-1.3574 -0.2138,-0.5823 -0.5913,-0.9854 -1.0684,-1.2578 -0.477,-0.2725 -1.0537,-0.4152 -1.6621,-0.4766 -1.2169,-0.1229 -2.5646,0.077 -3.5156,0.2051 -0.5625,-0.2355 -0.9883,-0.5367 -1.332,-0.8867 -0.3438,-0.3501 -0.6049,-0.7495 -0.8379,-1.1758 -0.4662,-0.8527 -0.8188,-1.8186 -1.4903,-2.7461 -0.4515,-0.6225 -1.3423,-1.5985 -2.2949,-2.5156 -0.9526,-0.9172 -1.968,-1.7762 -2.668,-2.1622 -0.869,-0.479 -2.1367,-0.5529 -3.0957,-0.6289 -0.254,-0.021 -1.3609,-0.097 -1.6679,-0.014 -1.049,0.284 -2.1175,0.7203 -3.1485,1.0703 -0.299,0.103 -0.5468,0.6225 -1.3398,0.7285 -0.4315,-0.01 -1.2522,-0.273 -1.9629,-0.6738 -0.3554,-0.2005 -0.6816,-0.4328 -0.9199,-0.6836 -0.2384,-0.2508 -0.388,-0.5203 -0.3848,-0.7891 0.01,-0.6757 -0.2165,-1.3072 -0.6191,-1.9082 -0.4026,-0.601 -0.9828,-1.1712 -1.6797,-1.7187 -1.3938,-1.0951 -3.2597,-2.1039 -5.1289,-3.1133 -1.8693,-1.0094 -3.7412,-2.0188 -5.1504,-3.1133 -0.7046,-0.5473 -1.2928,-1.1162 -1.707,-1.7168 -0.4143,-0.6006 -0.6553,-1.233 -0.6622,-1.9082 -0.013,-1.2615 0.751,-5.0786 1.5118,-8.6231 0.7607,-3.5445 1.5177,-6.8168 1.4882,-6.9843 -0.034,-0.194 0.4766,-0.5652 1.2598,-1.045 0.7832,-0.4797 1.8398,-1.0675 2.8926,-1.6894 1.0527,-0.6219 2.1025,-1.2778 2.8769,-1.8984 0.7745,-0.6206 1.2725,-1.2059 1.2207,-1.6817 -0.042,-0.3805 0.1248,-1.4178 0.2657,-2.4453 0.1408,-1.0275 0.2558,-2.0443 0.1093,-2.3848 -0.3437,-0.7962 -0.5034,-1.4261 -0.541,-1.9765 -0.038,-0.5504 0.048,-1.0226 0.1914,-1.5059 0.2874,-0.9665 0.8113,-1.9775 1.0742,-3.748 0.091,-0.613 0.3963,-1.1503 0.8145,-1.6289 0.4182,-0.4786 0.9499,-0.8976 1.4902,-1.2735 1.0808,-0.7517 2.2006,-1.3303 2.5391,-1.8613 0.3585,-0.563 0.6252,-1.1508 0.9395,-1.707 0.3142,-0.5563 0.676,-1.0807 1.2265,-1.5137 0.352,-0.277 0.8523,-0.5261 1.3145,-0.8125 0.4621,-0.2864 0.8855,-0.6107 1.084,-1.0332 0.267,-0.5638 0.2497,-1.2397 0.074,-1.9844 -0.1756,-0.7446 -0.5098,-1.5571 -0.875,-2.3887 -0.3653,-0.8315 -0.7605,-1.6832 -1.0625,-2.5078 -0.3021,-0.8245 -0.5101,-1.6222 -0.4961,-2.3457 -0.255,-0.366 -0.5603,-0.9352 -0.8653,-1.2422 -0.398,-0.403 -1.2053,-0.3536 -1.6933,-0.5156 -0.4543,-0.15 -0.8867,-0.4323 -1.2832,-0.7969 -0.3965,-0.3645 -0.7566,-0.8119 -1.0684,-1.2949 -0.6236,-0.966 -1.0508,-2.0725 -1.1738,-2.9355 -1.095,0.278 -2.0231,-0.042 -3.2051,0.4355 -0.6337,0.5083 -1.0437,1.0659 -1.3222,1.6328 -0.2786,0.567 -0.4261,1.143 -0.5372,1.6895 -0.111,0.5464 -0.1852,1.0631 -0.3164,1.5098 -0.1312,0.4466 -0.3192,0.8242 -0.6582,1.0918 -1.08,0.25 -2.6598,0.9538 -3.5058,1.6308 -0.158,0.126 -2.9123,3.0697 -3.0703,3.3887 -0.328,0.664 -0.2164,1.5266 -0.1329,2.3926 0.042,0.433 0.075,0.8666 0.045,1.2773 -0.03,0.4108 -0.1262,0.7987 -0.3457,1.1387 -0.8185,1.2645 -1.2836,1.7848 -1.8145,2.1582 -0.5309,0.3734 -1.1271,0.6004 -2.2031,1.2754 -0.414,0.261 -0.7797,0.6933 -1.1797,0.9863 -0.4605,0.3385 -0.9959,0.5572 -1.5723,0.6894 -0.5763,0.1323 -1.1929,0.1784 -1.8144,0.1661 -1.243,-0.025 -2.5069,-0.2783 -3.5059,-0.5118 -0.2475,0.5335 -0.3178,1.1794 -0.4043,1.8086 -0.086,0.6293 -0.1885,1.2425 -0.498,1.711 -0.418,0.63 -0.996,1.1757 -1.418,1.8027 -0.694,1.0305 -1.1952,2.2478 -1.6074,3.5 -0.4123,1.2523 -0.7363,2.5395 -1.0723,3.709 -0.1197,0.4157 -0.3905,0.6913 -0.748,0.8594 -0.3575,0.168 -0.8012,0.2291 -1.2617,0.2187 -0.921,-0.021 -1.913,-0.3299 -2.4375,-0.6484 -0.4888,-0.2975 -0.7747,-0.6752 -1.002,-1.0567 -0.2273,-0.3814 -0.3963,-0.7654 -0.6543,-1.0781 -0.258,-0.3127 -0.6047,-0.5532 -1.1855,-0.6445 -0.5809,-0.091 -1.3961,-0.035 -2.5918,0.248 -0.666,0.157 -2.5484,0.6233 -3.0684,1.0723 -0.039,0.072 -0.3555,0.6465 -0.3555,0.6875 -0.01,1.2695 0.085,2.7751 -0.01,4.2461 -0.047,0.7355 -0.1394,1.4624 -0.3164,2.1465 -0.1769,0.684 -0.4378,1.3259 -0.8183,1.8906 -0.223,0.331 -0.6023,0.5882 -1.0645,0.791 -0.4622,0.2028 -1.0082,0.3512 -1.5664,0.4668 -1.1164,0.2313 -2.2814,0.328 -2.9219,0.457 -0.732,0.148 -1.4119,0.4183 -2.0625,0.7481 -0.6506,0.3298 -1.2713,0.72 -1.8847,1.1113 -1.2269,0.7826 -2.42412,1.5685 -3.76762,1.875 -1.432,0.326 -2.9361,0.4165 -4.3711,0.7285 -0.9885,0.216 -1.9299,0.7008 -2.84765,1.2383 -0.91775,0.5375 -1.81163,1.1288 -2.70313,1.5528 -1.195,0.567 -2.50217,0.9419 -3.70117,1.5019 -0.875,0.408 -1.68959,0.987 -2.55859,1.416 -0.244,0.121 -0.59213,0.1288 -0.82813,0.2578 -3.379,1.854 -6.65006,3.8391 -10.03906,5.6641 -0.18,0.098 -0.37078,0.3976 -0.55078,0.5156 -3.328,2.119 -3.97827,2.5683 -7.32227,5.3653 -0.70975,0.5932 -1.33128,1.2839 -1.88476,2.039 -0.55349,0.7551 -1.04008,1.5746 -1.47852,2.4219 -0.87687,1.6946 -1.56451,3.5024 -2.22851,5.1484 -0.09,0.224 -0.27058,0.4775 -0.39258,0.6895 l -0.74805,0.084 c -2.136,-1.732 -4.38436,-2.918 -6.69336,-4.334 -1.738,-1.064 -3.289,-2.5605 -5,-3.6465 -1.0815,-0.6878 -2.21908,-1.1445 -3.37304,-1.3848 -1.15397,-0.2402 -2.32458,-0.263 -3.47071,-0.088 -1.14612,0.1752 -2.2682,0.5489 -3.32617,1.1075 -1.05797,0.5586 -2.05191,1.3009 -2.94141,2.2109 -0.701,0.719 -1.29286,1.5684 -2.00586,2.2734 -0.88325,0.8715 -1.86382,1.5131 -2.83593,2.0743 -0.97211,0.5612 -1.93597,1.0431 -2.78516,1.5937 -0.84919,0.5506 -1.58317,1.1702 -2.09766,2.0098 -0.25724,0.4198 -0.45989,0.8951 -0.59375,1.4433 -0.13385,0.5483 -0.19959,1.1687 -0.18359,1.8828 0,0 -2.17181,1.0335 -4.61719,2.0137 -1.22268,0.4901 -2.51272,0.9658 -3.63476,1.2949 -1.12205,0.3292 -2.0763,0.5107 -2.62305,0.4082 -0.262,-0.049 -0.56229,0.045 -0.89062,0.2481 -0.32834,0.2033 -0.68432,0.5157 -1.05664,0.9023 -0.74466,0.7733 -1.55518,1.8446 -2.3418,2.9356 -0.78663,1.0909 -1.54931,2.202 -2.19922,3.0566 -0.64991,0.8546 -1.18699,1.4514 -1.52148,1.5156 l 0.0215,1.1231 c -0.3425,1.218 -0.50916,3.4737 -0.92578,5.6016 -0.20831,1.0639 -0.47841,2.0953 -0.86524,2.9492 -0.38682,0.8539 -0.8905,1.5305 -1.5625,1.8828 l -0.41601,0.1387 c -0.844,0.1345 -2.15046,-0.058 -3.45508,-0.3301 -1.30462,-0.2719 -2.60686,-0.6218 -3.44336,-0.7988 -0.81525,0.29 -1.34966,0.7457 -1.74609,1.2929 -0.39644,0.5473 -0.47889,0.8319 -0.74414,1.4864 -0.26526,0.6544 -0.71308,1.6794 -1.13477,2.291 -0.42169,0.6116 -0.99362,1.1632 -1.85937,1.582 -0.56375,0.273 -1.00836,0.6454 -1.38868,1.0723 -0.38031,0.4268 -0.69625,0.9073 -1,1.4023 -0.6075,0.99 -1.16882,2.0323 -2.11132,2.7813 l -0.30079,0.2343 c -0.5225,1.573 -0.34012,2.1864 -0.375,2.9063 -0.0174,0.3599 -0.0883,0.7464 -0.33007,1.2929 -0.2418,0.5466 -0.65457,1.2523 -1.35157,2.252 -0.551,0.788 -1.1229,1.5873 -1.8789,2.1953 l -0.46289,0.3613 c -0.671,0.5303 -1.11989,1.1682 -1.4668,1.8516 -0.34691,0.6834 -0.59155,1.4123 -0.85742,2.1191 -0.26588,0.7069 -0.55256,1.3916 -0.98047,1.9922 -0.42791,0.6007 -0.99708,1.1158 -1.83008,1.4805 -0.336,0.146 -0.73053,0.26 -1.01953,0.498 -0.222,0.59 0.3375,2.0851 0.1875,2.9571 -0.2735,1.5775 -0.3577,2.8025 -0.68945,3.9179 -0.16588,0.5578 -0.3935,1.0881 -0.73828,1.6211 -0.34479,0.533 -0.80621,1.068 -1.43946,1.6368 -0.217,0.192 -0.37786,0.3571 -0.50586,0.5351 0.0975,1.14 0.0782,2.2883 -0.22851,3.3301 -0.15338,0.5209 -0.37861,1.0162 -0.69727,1.4687 -0.31865,0.4526 -0.73106,0.8638 -1.25781,1.2188 l -1.91992,2.3672 c -0.343,0.427 -0.70961,0.7084 -1.0918,0.9004 -0.38219,0.1919 -0.7797,0.2936 -1.18945,0.3594 -0.8195,0.1315 -1.68297,0.1203 -2.54297,0.4003 -0.031,0.854 0.0115,1.607 0.10547,2.461 l -0.80469,1.8711 c 0.51704,0.2138 1.0494,0.373 1.49023,0.8554 l 0.45313,0.5 c 0.615,0.67 1.48653,1.1522 2.01953,1.8672 -0.102,0.165 -0.27102,0.3316 -0.54101,0.5586 l -0.37891,0.3125 c -0.551,0.462 -1.03128,1.002 -1.23828,1.709 -0.198,0.6375 -0.1176,1.2776 0.0976,1.8867 0.21525,0.6091 0.56611,1.1882 0.91211,1.7012 1.0515,1.564 1.58678,2.526 2.42578,3.0723 0.4195,0.2731 0.91384,0.4417 1.58789,0.5293 0.67408,0.088 1.52641,0.095 2.66016,0.043 2.2325,-0.1025 2.92895,-0.082 3.51758,0.2266 0.58862,0.3087 1.07105,0.9055 2.87305,1.959 1.05,0.614 2.34362,0.8101 3.26562,1.6211 l 0.38867,0.3593 0.45313,0.42 c 1.003,0.894 2.33008,1.677 3.73633,2.2793 1.40625,0.6022 2.89179,1.0243 4.21679,1.1953 0.141,0.19 0.2068,0.3817 0.2168,0.5527 -0.318,0.557 -1.0412,1.4343 -1.2832,1.5723 -0.45738,0.2626 -0.7515,0.6275 -0.91211,1.0644 -0.16061,0.437 -0.18653,0.946 -0.10547,1.4942 0.16211,1.0963 0.75259,2.3507 1.55078,3.5136 0.79819,1.163 1.80339,2.234 2.79687,2.959 0.49676,0.3625 0.99021,0.6385 1.45313,0.7969 0.46292,0.1584 0.89553,0.1986 1.26953,0.09 1.1165,-0.3245 1.7345,-0.2995 2.28125,-0.076 0.54675,0.2233 1.02292,0.6452 1.85742,1.1152 0.696,0.3928 1.53632,0.6441 2.4375,0.8359 0.90119,0.1919 1.86308,0.3251 2.79883,0.4786 0.93575,0.1535 1.8468,0.3276 2.64649,0.6054 0.79968,0.2778 1.48746,0.6579 1.98046,1.2227 l 0.35547,0.4219 c 0.44275,0.5175 0.93719,0.8768 1.4668,1.1035 0.52961,0.2267 1.09459,0.3222 1.67578,0.3144 1.16238,-0.015 2.39183,-0.4436 3.54883,-1.0586 1.6355,-0.8685 2.475,-1.2611 3.38477,-1.5136 0.90975,-0.2525 1.89109,-0.3653 3.80859,-0.6778 1.07325,-0.1747 1.95744,-0.4783 2.72851,-0.8554 0.77108,-0.3772 1.42836,-0.8279 2.04493,-1.2989 1.23312,-0.942 2.30368,-1.9643 3.80468,-2.6308 0.922,-0.411 2.00763,-0.5834 3.39063,-0.6524 2.081,-0.104 3.47765,-0.5821 5.47266,-1.1211 2.508,-0.677 3.29703,-0.8239 5.83203,-1.8769 1.1245,-0.4663 2.02342,-0.5991 2.80273,-0.5703 0.77931,0.029 1.43994,0.218 2.08594,0.3925 0.646,0.1745 1.27739,0.3359 2.00195,0.3067 0.72456,-0.029 1.54164,-0.2478 2.55664,-0.8301 l 0.28516,-0.2168 c 0.4445,-0.447 0.76229,-0.9802 1.01367,-1.5469 0.25138,-0.5666 0.43623,-1.1665 0.61523,-1.75 0.63025,-2.0607 1.3454,-3.4216 2.10157,-4.3535 0.75617,-0.9319 1.55292,-1.4353 2.34961,-1.7832 0.79668,-0.3479 1.5939,-0.5409 2.3457,-0.8496 0.7518,-0.3086 1.45858,-0.7326 2.08008,-1.5469 l 0.22851,-0.3047 c 0.215,-0.2715 0.4086,-1.6702 0.57422,-3.1347 0.16563,-1.4645 0.30275,-2.9939 0.40625,-3.5254 0.343,-1.7605 0.62621,-2.7894 1.20508,-3.584 0.57887,-0.7946 1.45292,-1.3557 2.98242,-2.1777 1.13125,-0.608 1.99319,-0.7801 2.69922,-0.7559 0.70603,0.024 1.25666,0.2456 1.76953,0.4277 0.51288,0.1822 0.98728,0.3254 1.53906,0.1915 0.55179,-0.134 1.18116,-0.5445 2.00391,-1.4688 l 0.50586,-0.5762 c 0.3105,-0.344 0.64853,-0.6871 1.09766,-0.9902 0.44912,-0.3031 1.00873,-0.5665 1.76171,-0.752 1.42775,-0.352 2.65527,-0.351 3.7461,-0.1757 1.09083,0.1752 2.04633,0.5244 2.93164,0.8652 0.88531,0.3407 1.70051,0.6739 2.51172,0.8184 0.8112,0.1445 1.61783,0.101 2.48633,-0.3125 1.01625,-0.4838 1.69201,-0.9918 2.15429,-1.5274 0.46228,-0.5356 0.71167,-1.1004 0.87305,-1.6953 0.32275,-1.1899 0.29609,-2.5046 0.93359,-3.9766 0.36025,-0.8317 0.76243,-1.5192 1.21094,-2.1054 0.44852,-0.5862 0.94417,-1.0723 1.49024,-1.5039 1.09212,-0.8633 2.38778,-1.5084 3.92578,-2.2989 0.808,-0.4155 1.4356,-1.2655 1.9961,-2.1855 0.5605,-0.92 1.0537,-1.9092 1.5957,-2.5977 l 0.3906,-0.3554 c 0.7405,-0.6445 1.1976,-1.5831 1.4961,-2.5899 0.2985,-1.0067 0.4376,-2.0815 0.5391,-3 0.056,-0.5025 0.1825,-0.9168 0.3633,-1.2656 0.1808,-0.3488 0.4157,-0.6328 0.6894,-0.875 0.5474,-0.4844 1.2492,-0.8023 1.9746,-1.1426 0.7255,-0.3402 1.4758,-0.7029 2.1211,-1.2754 0.3227,-0.2862 0.6189,-0.6242 0.8731,-1.039 0.2542,-0.4149 0.4656,-0.9056 0.6191,-1.4961 0.2268,-0.8738 0.6323,-1.5499 1.1426,-2.1368 0.5102,-0.5867 1.1253,-1.085 1.7676,-1.5976 0.6422,-0.5126 1.3128,-1.0405 1.9355,-1.6914 0.6228,-0.651 1.1967,-1.4238 1.6484,-2.4258 0.2695,-0.129 0.8573,-0.076 1.545,-0.047 0.6876,0.029 1.4754,0.033 2.1504,-0.1972 l 0.3613,-0.1172 c 0.976,-0.2845 2.1433,-0.1778 3.2773,-0.2051 0.567,-0.014 1.1267,-0.061 1.6485,-0.207 0.5217,-0.1461 1.0057,-0.3911 1.4257,-0.8008 0.5155,-0.5525 0.8289,-1.1267 1.0254,-1.707 0.1966,-0.5804 0.2767,-1.168 0.3282,-1.75 0.051,-0.582 0.074,-1.1575 0.1543,-1.7149 0.08,-0.5574 0.2172,-1.0952 0.5,-1.6015 0.498,-0.2741 0.8222,-0.2515 1.1992,-0.1895 0.831,0.1367 1.5165,0.1806 2.1386,0.1504 0.6222,-0.03 1.1819,-0.1338 1.7637,-0.291 1.1636,-0.3144 2.4143,-0.8428 4.4278,-1.4258 0.578,-0.1678 1.2125,-0.1057 1.916,0.01 0.7034,0.1114 1.4767,0.2723 2.332,0.2988 0.8553,0.026 1.7926,-0.081 2.8262,-0.5039 1.0336,-0.4229 2.1621,-1.162 3.4004,-2.3985 1.302,-1.302 1.8954,-1.7826 2.5722,-2.1093 0.6769,-0.3268 1.4386,-0.4997 3.0801,-1.1817 0.866,-0.358 1.6394,-1.3365 2.4004,-1.6015 l -0.4277,-1.2579 c 0.8965,-0.309 2.1744,-0.7042 3.3886,-1.205 1.2143,-0.5009 2.3652,-1.1073 3.0137,-1.8418 0.5098,-0.5773 1.3098,-1.0611 2.2168,-1.4375 0.907,-0.3764 1.9223,-0.6469 2.8594,-0.8008 0.937,-0.1539 1.7966,-0.19 2.3965,-0.1 0.074,0.011 0.1023,0.042 0.1679,0.057 z"
   id="Caazapá"
   inkscape:label="Caazapá"
   inkscape:connector-curvature="0"
   sodipodi:nodetypes="ccccccccccccccccccccscccccccccccccsccscccccccccccccscccccccccccsccccccccccccccsccccsccsccscccsccccccccccccccccsccsscccccccccsccccccscccsccscccccccsccccccccccccccccccccccccscccccccccccccccccsccccscccsccccccccccsssccccsccccccscsccccccccccscccccsccccssccccccccccccccccccccscccscccccccsccc"></path><path
   style="fill:#ee1d23;fill-opacity:1;stroke:#ffffff;stroke-width:1.55900002;stroke-miterlimit:4;stroke-dasharray:none;stroke-opacity:1"
   d="m 885.01953,1034.3633 c -0.70295,0.5328 -1.40745,1.0734 -2.04687,1.6719 -0.65456,0.6126 -1.24241,1.285 -1.69141,2.0625 -0.4525,0.787 -0.92381,3.2343 -1.27344,5.6992 -0.34962,2.4648 -0.57711,4.9472 -0.53711,5.8027 0.051,1.105 0.4048,2.4116 0.5918,3.5176 0.101,0.6035 0.47431,1.378 0.77344,2.209 0.29912,0.831 0.52458,1.7201 0.33008,2.5566 1.89262,0.79 3.26934,1.6678 4.23437,2.6035 0.48252,0.4679 0.86329,0.9506 1.15234,1.4434 0.28906,0.4927 0.48815,0.9959 0.60938,1.5058 0.24245,1.0199 0.17356,2.0652 -0.10156,3.1075 -0.27512,1.0423 -0.75802,2.0809 -1.34571,3.084 -1.17537,2.0061 -2.76925,3.8722 -3.96484,5.3515 -0.5978,0.7397 -1.09724,1.383 -1.39258,1.8985 -0.29534,0.5154 -0.3879,0.9031 -0.17578,1.1328 1.1505,1.246 1.99325,1.749 2.42188,2.3789 0.21431,0.3149 0.3256,0.6609 0.32031,1.1484 -0.005,0.4875 -0.12791,1.1164 -0.37891,1.9941 -0.558,1.944 -1.01203,3.8816 -1.45703,5.8536 -0.204,0.899 -0.62987,1.9915 -0.875,3.0859 -0.12256,0.5472 -0.20108,1.0957 -0.18359,1.6191 0.0175,0.5235 0.13092,1.0214 0.38867,1.4727 0.36,0.634 0.94576,1.2377 1.25976,1.8887 0.354,0.733 0.30711,1.5963 0.78711,2.3183 0.524,0.788 1.30147,1.6163 1.73047,2.4453 0.615,1.181 0.75446,2.7073 1.06446,3.9883 0.137,0.573 0.93679,1.9088 1.78711,3.2031 0.80822,1.2303 1.6133,2.3453 1.98828,2.8126 0.21668,-0.5222 0.42345,-1.0456 0.74414,-1.4883 0.39643,-0.5472 0.93084,-1.003 1.74609,-1.293 0.8365,0.177 2.13874,0.5269 3.44336,0.7988 1.30462,0.2719 2.61108,0.4646 3.45508,0.3301 l 0.41601,-0.1387 c 0.672,-0.3523 1.17568,-1.0289 1.5625,-1.8828 0.38683,-0.8539 0.65693,-1.8853 0.86524,-2.9492 0.41662,-2.1279 0.58328,-4.3836 0.92578,-5.6016 l -0.0215,-1.123 c 0.33447,-0.064 0.87157,-0.661 1.52148,-1.5156 0.64991,-0.8546 1.41259,-1.9658 2.19922,-3.0567 0.78662,-1.091 1.59713,-2.1622 2.3418,-2.9355 0.37231,-0.3866 0.7283,-0.6991 1.05664,-0.9024 0.32833,-0.2033 0.62862,-0.2972 0.89062,-0.248 0.54675,0.1025 1.501,-0.079 2.62305,-0.4082 1.12204,-0.3291 2.41208,-0.8048 3.63476,-1.2949 2.44538,-0.9802 4.61719,-2.0137 4.61719,-2.0137 -0.016,-0.7141 0.0497,-1.3345 0.18359,-1.8828 0.13386,-0.5482 0.33651,-1.0236 0.59375,-1.4434 0.51449,-0.8396 1.24847,-1.4591 2.09766,-2.0097 0.84919,-0.5506 1.81305,-1.0326 2.78516,-1.5938 0.97211,-0.5612 1.95268,-1.2027 2.83593,-2.0742 0.713,-0.705 1.30486,-1.5544 2.00586,-2.2734 0.8895,-0.9101 1.88344,-1.6524 2.94141,-2.211 1.05797,-0.5586 2.18005,-0.9322 3.32617,-1.1074 1.14613,-0.1751 2.31673,-0.1524 3.47071,0.088 1.15395,0.2403 2.29154,0.6969 3.37304,1.3847 1.711,1.086 3.262,2.5825 5,3.6465 2.309,1.416 4.55736,2.602 6.69336,4.334 l 0.74805,-0.084 c 0.122,-0.212 0.30258,-0.4654 0.39258,-0.6894 0.664,-1.646 1.35164,-3.4539 2.22851,-5.1485 0.43844,-0.8473 0.92503,-1.6667 1.47852,-2.4218 0.55348,-0.7551 1.17501,-1.4459 1.88476,-2.0391 3.344,-2.797 3.99427,-3.2462 7.32227,-5.3652 0.18,-0.118 0.37078,-0.4177 0.55078,-0.5157 3.389,-1.825 6.66006,-3.81 10.03906,-5.664 0.236,-0.129 0.58413,-0.1368 0.82813,-0.2578 0.869,-0.429 1.68359,-1.008 2.55859,-1.416 1.199,-0.56 2.50617,-0.935 3.70117,-1.502 0.8915,-0.424 1.78538,-1.0152 2.70313,-1.5527 0.91775,-0.5375 1.85915,-1.0223 2.84765,-1.2383 1.435,-0.312 2.9391,-0.4025 4.3711,-0.7285 1.3435,-0.3065 2.54074,-1.0924 3.76764,-1.875 0.6134,-0.3913 1.2341,-0.7816 1.8847,-1.1114 0.6506,-0.3298 1.3305,-0.6 2.0625,-0.748 0.6405,-0.129 1.8055,-0.2257 2.9219,-0.457 0.5582,-0.1156 1.1042,-0.264 1.5664,-0.4668 0.4622,-0.2028 0.8415,-0.46 1.0645,-0.7911 0.3805,-0.5646 0.6414,-1.2066 0.8183,-1.8906 0.177,-0.6841 0.2699,-1.411 0.3164,-2.1465 0.093,-1.471 -2e-4,-2.9766 0.01,-4.2461 0,-0.041 0.3165,-0.6155 0.3555,-0.6875 0.52,-0.449 2.4023,-0.9152 3.0683,-1.0722 1.1957,-0.2827 2.0109,-0.3394 2.5918,-0.2481 0.5808,0.091 0.9276,0.3319 1.1856,0.6446 0.258,0.3127 0.427,0.6967 0.6543,1.0781 0.2273,0.3815 0.5131,0.7591 1.0019,1.0566 0.5245,0.3185 1.5165,0.6278 2.4375,0.6485 0.4605,0.01 0.9042,-0.051 1.2617,-0.2188 0.3575,-0.1681 0.6284,-0.4437 0.7481,-0.8594 0.336,-1.1695 0.6599,-2.4566 1.0722,-3.7089 0.4122,-1.2522 0.9135,-2.4695 1.6075,-3.5 0.422,-0.627 0.9999,-1.1728 1.4179,-1.8028 0.3095,-0.4685 0.4116,-1.0816 0.4981,-1.7109 0.087,-0.6292 0.1568,-1.2751 0.4043,-1.8086 v 0 c -0.375,-0.7435 -0.8781,-1.3326 -1.498,-1.7988 -0.62,-0.4662 -1.357,-0.8088 -2.1992,-1.0586 -1.6845,-0.4996 -3.7911,-0.6289 -6.2286,-0.6289 -2.4375,0 -5.1562,-0.1846 -7.6875,-0.092 -1.2656,0.047 -2.4843,0.1625 -3.5976,0.4063 -1.1133,0.2437 -2.1211,0.6148 -2.9649,1.1718 -0.8437,0.557 -1.8046,0.8363 -2.8183,0.8594 -1.0137,0.023 -2.0801,-0.2094 -3.1348,-0.6738 -1.05467,-0.4644 -2.09766,-1.1607 -3.06446,-2.0664 -0.96679,-0.9057 -1.85742,-2.0215 -2.60742,-3.3223 -0.75,-1.3005 -1.52344,-2.2288 -2.32031,-2.8965 -0.79688,-0.6676 -1.61719,-1.0746 -2.46094,-1.33 -1.6875,-0.5109 -3.46875,-0.4181 -5.34375,-0.6036 -1.875,-0.186 -5.88836,-0.1016 -9.55273,-0.076 -1.83219,0.013 -3.57735,0.011 -4.92383,-0.047 -1.34649,-0.058 -2.29447,-0.1716 -2.5332,-0.3828 l -0.60157,0.7715 c -0.4075,0.4495 -1.05317,1.0878 -1.76367,1.6933 -0.7105,0.6055 -1.48489,1.1767 -2.15039,1.4922 -0.789,0.3745 -1.7632,0.6213 -2.82617,0.7676 -1.06297,0.1463 -2.21525,0.1922 -3.35938,0.168 -2.28825,-0.048 -4.54595,-0.3802 -6.00195,-0.7637 -1.0245,-0.2705 -1.88127,-0.5743 -2.74414,-0.8145 -0.86288,-0.2401 -1.73125,-0.4165 -2.78125,-0.4297 -0.88788,-0.011 -1.61607,-0.1002 -2.23242,-0.2402 -0.61636,-0.14 -1.12087,-0.3313 -1.56055,-0.543 -0.87936,-0.4232 -1.5005,-0.9312 -2.24219,-1.2988 -0.37084,-0.1838 -0.77131,-0.3335 -1.25,-0.418 -0.47868,-0.084 -1.03543,-0.1036 -1.71679,-0.031 -1.36274,0.1444 -3.22625,0.659 -5.96875,1.7715 -0.54,0.2191 -1.11947,0.3182 -1.72266,0.3379 -0.60319,0.02 -1.23002,-0.041 -1.86133,-0.1406 -1.26261,-0.1985 -2.54625,-0.5541 -3.71094,-0.7442 -0.58234,-0.095 -1.13536,-0.1472 -1.64062,-0.1191 -0.50526,0.028 -0.96235,0.1374 -1.35547,0.3691 -0.39312,0.2317 -0.72089,0.5855 -0.9668,1.1016 -0.2459,0.516 -0.41098,1.1932 -0.47461,2.0742 -0.057,0.7935 -0.0144,1.5964 -0.0977,2.3691 -0.0832,0.7728 -0.29161,1.516 -0.84961,2.1895 -0.2225,0.2742 -0.74705,0.4996 -1.42774,0.6855 -0.68068,0.1859 -1.51778,0.3326 -2.36328,0.4512 -1.691,0.2373 -3.41781,0.3606 -4.00781,0.4551 -0.689,0.3405 -1.40953,0.3822 -2.13476,0.3887 -0.72525,0.01 -1.45516,-0.023 -2.16016,0.1757 -3.1345,0.8845 -4.35394,1.0393 -5.36719,1.4453 -1.01325,0.406 -1.82031,1.0646 -4.13281,2.9551 -0.7245,0.5925 -1.48047,1.0757 -2.26172,1.4864 -0.78125,0.4106 -1.58777,0.7484 -2.41602,1.0488 -1.6565,0.6007 -3.39759,1.0516 -5.18359,1.6406 -0.4415,0.1455 -0.93824,-0.01 -1.44549,-0.2013 z"
   id="Guairá"
   inkscape:connector-curvature="0"
   sodipodi:nodetypes="cccccccccccscccccccccccccccccccsccccccscccccccccssccsccccccccccccccccscccsccsccsccccscccccccccccccscccccccccccsccscsccccccccccccccscccccccccsccccc"
   inkscape:label="Guairá"></path><path
   style="fill:#ee1d23;fill-opacity:1;stroke:#ffffff;stroke-width:1.55900002;stroke-miterlimit:4;stroke-dasharray:none;stroke-opacity:1"
   d="M 814.04883 994.33594 C 812.79933 994.21644 811.47947 994.35736 810.15625 994.53125 C 808.83303 994.70514 807.50569 994.91233 806.24219 994.92383 C 804.87819 994.93683 803.47137 994.63702 802.10938 994.66602 C 801.96837 994.67102 800.64097 995.00273 800.41797 995.05273 L 799.94336 995.6543 C 799.82836 995.9498 800.0648 997.12494 800.35742 998.30469 C 800.65005 999.48444 800.99887 1000.6697 801.10938 1000.9902 L 801.05469 1002.5156 C 801.05469 1002.5156 800.49219 1003.4442 799.60156 1004.6055 C 798.71094 1005.7667 797.49219 1007.1608 796.17969 1008.0898 C 795.52344 1008.5543 794.98438 1009.1349 794.5332 1009.7676 C 794.08203 1010.4003 793.71875 1011.0844 793.41406 1011.7578 C 792.80469 1013.1046 792.42969 1014.4044 792.05469 1015.1484 C 791.67969 1015.8924 790.74219 1018.2145 789.52344 1020.7227 C 788.91406 1021.9767 788.23438 1023.2784 787.51953 1024.4512 C 786.80469 1025.6239 786.05469 1026.6689 785.30469 1027.4121 C 784.55469 1028.1556 783.82436 1028.7301 783.15039 1029.1738 C 782.47642 1029.6175 781.85956 1029.9305 781.33594 1030.1504 C 780.28869 1030.5901 779.61523 1030.6582 779.61523 1030.6582 C 779.24823 1031.1012 778.40089 1031.9815 778.21289 1032.5605 C 777.75889 1033.9573 777.53203 1035.363 777.46289 1036.7734 C 777.39375 1038.1839 777.48277 1039.5988 777.6582 1041.0117 C 778.00908 1043.8375 778.70781 1046.6563 779.19531 1049.4238 C 779.36631 1050.3943 779.43639 1051.4211 779.54102 1052.4434 C 779.64564 1053.4656 779.78511 1054.4841 780.09961 1055.4336 C 780.25836 1055.9106 780.5945 1056.3143 781.00781 1056.6777 C 781.42112 1057.0412 781.91281 1057.3632 782.38281 1057.6777 C 782.85281 1057.9923 783.30009 1058.2986 783.62891 1058.6289 C 783.95772 1058.9592 784.1665 1059.3139 784.15625 1059.7246 C 784.14225 1060.3151 783.82636 1061.1869 783.38086 1062.0059 C 782.93536 1062.8249 782.36098 1063.5912 781.83398 1063.9727 C 781.24498 1064.1377 780.46223 1064.1216 779.86523 1064.0156 C 779.01623 1064.9236 778.23392 1066.0365 777.54492 1067.0625 C 777.43692 1067.2235 777.29645 1067.673 777.18945 1067.793 C 776.69145 1068.356 773.69756 1071.7909 772.97656 1072.1719 C 771.42956 1072.9854 769.69603 1073.9201 768.12109 1075.041 C 767.33362 1075.6015 766.5867 1076.2085 765.92188 1076.8691 C 765.26614 1077.5207 764.6951 1078.2282 764.24219 1078.9922 C 764.98136 1080.2629 766.18901 1081.5934 766.91406 1083.0703 C 767.50506 1084.2743 767.64264 1085.7166 768.05664 1086.9766 L 771.83789 1098.4336 C 771.98889 1098.8921 772.00889 1099.372 771.96289 1099.8496 C 771.91689 1100.3272 771.80441 1100.803 771.69141 1101.252 C 771.44541 1102.2282 771.15287 1103.0091 770.80859 1103.6758 C 770.46431 1104.3425 770.06852 1104.8947 769.61914 1105.418 C 768.72039 1106.4646 767.60414 1107.3913 766.24414 1108.8613 C 764.97014 1110.2403 763.45592 1112.1489 762.54492 1113.7969 C 761.63292 1115.4459 760.76311 1117.1604 759.78711 1118.7754 C 759.41811 1119.3871 758.961 1119.8798 758.45508 1120.2969 C 757.94916 1120.7139 757.39622 1121.0554 756.83203 1121.3652 C 755.70366 1121.985 754.53598 1122.4788 753.64648 1123.1953 C 752.94348 1123.7643 752.21966 1124.7527 751.59766 1125.4277 C 751.31516 1125.7362 750.93236 1125.9596 750.52148 1126.0645 C 750.11061 1126.1693 749.67234 1126.1544 749.27734 1125.9844 L 748.41016 1124.7402 C 748.07116 1124.5237 747.73492 1124.4334 747.41016 1124.4375 C 747.08539 1124.4375 746.77208 1124.5407 746.47852 1124.6992 C 745.89139 1125.0163 745.38394 1125.5748 745.02344 1126.1133 L 741.40234 1126.5449 C 740.73134 1126.6239 740.29356 1127.0009 740.00586 1127.5488 C 739.71816 1128.0967 739.58178 1128.8153 739.51172 1129.5781 C 739.37159 1131.1039 739.49982 1132.806 739.23633 1133.668 C 738.92133 1134.702 738.12364 1135.8587 738.05664 1136.9297 C 737.76364 1137.2717 737.11873 1137.5932 736.67773 1137.6582 L 735.96875 1137.2715 C 735.94375 1136.7065 735.72683 1135.3111 735.29883 1134.8691 L 734.43359 1134.8262 L 733.84375 1135.3008 C 733.57425 1135.9685 733.43839 1136.547 733.40234 1137.0781 C 733.36634 1137.6092 733.43044 1138.0932 733.5625 1138.5664 C 733.82663 1139.5129 734.36175 1140.4219 734.90625 1141.6094 C 735.23825 1142.3354 735.32048 1143.1568 735.77148 1143.8398 L 736.45703 1145.8027 C 736.68253 1145.4897 738.09728 1145.4063 739.59766 1145.5117 C 741.09803 1145.6171 742.68395 1145.9111 743.25195 1146.3496 C 743.52895 1146.5641 743.72955 1147.0304 744.0293 1147.5664 C 744.32905 1148.1024 744.72844 1148.7078 745.39844 1149.1973 L 751.16602 1158.8359 C 751.38427 1159.1622 751.83661 1159.433 752.41211 1159.6602 C 752.98761 1159.8873 753.68569 1160.0697 754.39844 1160.2188 C 755.82394 1160.5159 757.30448 1160.6767 757.95898 1160.7852 L 758.05078 1160.9395 C 758.73578 1162.2425 759.30125 1163.3245 760.15625 1164.041 C 760.58375 1164.3993 761.08366 1164.6664 761.70703 1164.8242 C 762.33041 1164.982 763.07655 1165.0297 763.99805 1164.9512 C 764.63355 1164.8972 765.1173 1164.4878 765.62305 1164.1992 C 765.87592 1164.0549 766.13489 1163.9421 766.41992 1163.918 C 766.70495 1163.894 767.0167 1163.959 767.37695 1164.1738 L 767.96875 1164.5332 C 768.49875 1164.8452 769.04728 1165.01 769.58789 1165.1152 C 770.1285 1165.2205 770.65966 1165.2657 771.15234 1165.3418 C 771.64503 1165.4178 772.10009 1165.5237 772.48633 1165.748 C 772.87256 1165.9724 773.19086 1166.315 773.41211 1166.8652 C 773.89686 1168.0665 774.42436 1168.7912 774.99414 1169.2559 C 775.56392 1169.7205 776.17666 1169.9248 776.83203 1170.0918 C 777.48741 1170.2588 778.18425 1170.3869 778.92578 1170.6953 C 779.66731 1171.0037 780.453 1171.4941 781.28125 1172.3828 C 781.54775 1172.8193 781.69194 1173.3026 781.88281 1173.7617 C 782.07369 1174.2208 782.31077 1174.6552 782.75977 1174.9902 L 783.16406 1175.1953 C 783.87856 1175.4158 785.08689 1175.4961 786.29102 1175.4219 C 787.49514 1175.3479 788.69548 1175.1191 789.39648 1174.7266 L 789.97461 1174.3906 C 790.11961 1174.3066 790.26334 1174.2241 790.40234 1174.1641 C 791.88134 1174.1211 793.18345 1174.272 794.43945 1174.1914 C 796.09245 1174.0874 797.21084 1173.7962 798.00195 1173.3613 C 798.79306 1172.9265 799.25823 1172.3491 799.60742 1171.6738 C 799.95661 1170.9985 800.1884 1170.2258 800.51562 1169.4004 C 800.84286 1168.5749 801.26498 1167.6958 801.99023 1166.8105 L 802.21484 1166.8008 C 802.49384 1166.8008 802.77659 1166.843 803.05859 1166.873 C 803.83959 1166.956 804.58551 1166.863 805.2832 1166.6348 C 805.98089 1166.4044 806.6312 1166.0347 807.22266 1165.5586 C 807.81411 1165.0825 808.34631 1164.5013 808.80859 1163.8477 C 809.27088 1163.194 809.66247 1162.468 809.97266 1161.7051 C 810.28284 1160.9421 810.51132 1160.142 810.64648 1159.3379 C 810.78164 1158.5337 810.82452 1157.7264 810.76172 1156.9492 C 810.69892 1156.1721 810.52978 1155.4242 810.24609 1154.7422 C 809.96241 1154.0602 809.56266 1153.4444 809.03516 1152.9258 L 808.42383 1152.332 L 808.24414 1152.1543 C 808.23014 1152.0103 808.23014 1151.8492 808.24414 1151.7012 C 808.84114 1151.5712 809.51366 1151.6027 810.09766 1151.7637 C 810.52203 1151.8813 810.97742 1151.87 811.44922 1151.7539 C 811.92102 1151.6384 812.41016 1151.4183 812.9043 1151.1211 C 813.89258 1150.5266 814.89905 1149.6198 815.82617 1148.6074 C 816.7533 1147.5951 817.60034 1146.4775 818.26562 1145.459 C 818.93093 1144.4405 819.41444 1143.521 819.61719 1142.9082 C 820.00119 1141.7452 820.3756 1141.0033 820.76562 1140.502 C 821.15571 1140.0007 821.56177 1139.7417 822.00977 1139.541 C 822.45777 1139.3403 822.94805 1139.1987 823.50586 1138.9375 C 824.06367 1138.6763 824.6887 1138.2941 825.4082 1137.6113 L 825.66016 1137.3789 C 826.07916 1137.0094 826.83397 1136.5943 827.63672 1136.3066 C 828.43947 1136.019 829.29025 1135.8571 829.90625 1135.9941 L 830.49609 1136.5684 C 830.68684 1137.3836 830.87177 1138.0515 831.09766 1138.5781 C 831.32355 1139.1048 831.59141 1139.4915 831.94922 1139.7441 C 832.30703 1139.9968 832.75528 1140.1162 833.3418 1140.1094 C 833.92831 1140.0994 834.65245 1139.9686 835.56445 1139.7168 C 835.64045 1139.7488 835.7202 1139.7878 835.7832 1139.8242 C 835.9207 1140.6952 835.50703 1141.6858 835.22266 1142.8457 C 835.08047 1143.4256 834.97037 1144.0486 834.97852 1144.7188 C 834.98652 1145.3889 835.11241 1146.1067 835.44141 1146.8789 L 835.69922 1147.2734 C 836.53272 1148.1549 837.21473 1148.6827 837.78906 1149.0684 C 838.36339 1149.454 838.83117 1149.6972 839.24023 1150.0078 C 839.6493 1150.3184 839.99823 1150.6971 840.33594 1151.3535 C 840.67364 1152.0099 840.99912 1152.9442 841.35938 1154.3672 C 841.48037 1154.8447 842.03561 1155.3415 842.67773 1155.6875 C 843.31986 1156.0335 844.04908 1156.2281 844.51758 1156.0996 C 845.91908 1155.7156 846.39202 1155.5071 846.75977 1155.2324 C 847.12752 1154.9578 847.38959 1154.6182 848.37109 1153.9688 C 848.42809 1153.9807 848.55258 1153.9879 848.64258 1154.0059 C 848.99708 1154.2516 849.27459 1154.5826 849.5 1154.9668 C 849.72541 1155.3509 849.89909 1155.788 850.04297 1156.2422 C 850.33072 1157.1506 850.503 1158.1292 850.75 1158.9062 C 850.97663 1159.6195 851.24098 1160.1984 851.53516 1160.668 C 851.82933 1161.1375 852.15418 1161.4988 852.5 1161.7812 C 853.19164 1162.3462 853.97062 1162.5928 854.77344 1162.75 C 855.57625 1162.9073 856.40269 1162.976 857.18945 1163.1797 C 857.43725 1163.2437 857.63729 1163.4739 857.875 1163.5723 L 858.67969 1161.7012 C 858.58569 1160.8472 858.54322 1160.0942 858.57422 1159.2402 C 859.43422 1158.9602 860.29769 1158.9711 861.11719 1158.8398 C 861.52694 1158.7738 861.92445 1158.6724 862.30664 1158.4805 C 862.68883 1158.2885 863.05544 1158.0071 863.39844 1157.5801 L 865.31836 1155.2129 C 865.84511 1154.8579 866.25752 1154.4467 866.57617 1153.9941 C 866.89483 1153.5416 867.12006 1153.0463 867.27344 1152.5254 C 867.58019 1151.4836 867.59945 1150.3353 867.50195 1149.1953 C 867.62995 1149.0173 867.79081 1148.8522 868.00781 1148.6602 C 868.64106 1148.0914 869.10248 1147.5564 869.44727 1147.0234 C 869.79205 1146.4904 870.01967 1145.9603 870.18555 1145.4023 C 870.5173 1144.2871 870.6015 1143.0619 870.875 1141.4844 C 871.025 1140.6124 870.4655 1139.1174 870.6875 1138.5273 C 870.9765 1138.2895 871.37103 1138.1753 871.70703 1138.0293 C 872.54003 1137.6646 873.1092 1137.1495 873.53711 1136.5488 C 873.96502 1135.9482 874.2517 1135.2635 874.51758 1134.5566 C 874.78345 1133.8498 875.02809 1133.1209 875.375 1132.4375 C 875.72191 1131.7541 876.1708 1131.1162 876.8418 1130.5859 L 877.30469 1130.2246 C 878.06069 1129.6166 878.63259 1128.8174 879.18359 1128.0293 C 879.88059 1127.0296 880.29336 1126.3241 880.53516 1125.7773 C 880.77695 1125.231 880.8478 1124.8443 880.86523 1124.4844 C 880.90013 1123.7645 880.71773 1123.1511 881.24023 1121.5781 L 881.54102 1121.3438 C 882.48352 1120.5947 883.04484 1119.5525 883.65234 1118.5625 C 883.95609 1118.0675 884.27203 1117.587 884.65234 1117.1602 C 885.03266 1116.7333 885.47727 1116.3609 886.04102 1116.0879 C 886.90677 1115.6691 887.4787 1115.1175 887.90039 1114.5059 C 888.4404 1113.6879 888.70568 1112.9601 889.03516 1112.2168 C 888.66018 1111.7495 887.8551 1110.6346 887.04688 1109.4043 C 886.19655 1108.11 885.39677 1106.7742 885.25977 1106.2012 C 884.94977 1104.9202 884.81031 1103.3939 884.19531 1102.2129 C 883.76631 1101.3839 882.98884 1100.5556 882.46484 1099.7676 C 881.98484 1099.0456 882.03173 1098.1822 881.67773 1097.4492 C 881.36373 1096.7982 880.77797 1096.1945 880.41797 1095.5605 C 880.16022 1095.1092 880.04678 1094.6114 880.0293 1094.0879 C 880.0118 1093.5645 880.0903 1093.0159 880.21289 1092.4688 C 880.45802 1091.3744 880.88389 1090.2818 881.08789 1089.3828 C 881.53289 1087.4108 881.98692 1085.4733 882.54492 1083.5293 C 882.79592 1082.6516 882.91853 1082.0227 882.92383 1081.5352 C 882.92883 1081.0477 882.81783 1080.7016 882.60352 1080.3867 C 882.17489 1079.7568 881.33214 1079.2538 880.18164 1078.0078 C 879.96952 1077.7781 880.06208 1077.3904 880.35742 1076.875 C 880.65276 1076.3595 881.1522 1075.7163 881.75 1074.9766 C 882.94559 1073.4973 884.53947 1071.6311 885.71484 1069.625 C 886.30253 1068.6219 886.78543 1067.5833 887.06055 1066.541 C 887.33567 1065.4987 887.40456 1064.4535 887.16211 1063.4336 C 887.04088 1062.9237 886.84179 1062.4204 886.55273 1061.9277 C 886.26368 1061.4349 885.88291 1060.9523 885.40039 1060.4844 C 884.43536 1059.5487 883.05864 1058.6709 881.16602 1057.8809 C 881.36052 1057.0444 881.13502 1056.1552 880.83594 1055.3242 C 880.53681 1054.4932 880.1635 1053.7187 880.0625 1053.1152 C 879.8755 1052.0092 879.5217 1050.7027 879.4707 1049.5977 C 879.4307 1048.7422 879.65819 1046.2597 880.00781 1043.7949 C 880.35744 1041.33 880.82875 1038.8827 881.28125 1038.0957 C 881.73025 1037.3182 882.3181 1036.6458 882.97266 1036.0332 C 883.61208 1035.4347 884.31658 1034.8941 885.01953 1034.3613 C 884.51355 1034.1693 883.99047 1033.9416 883.48633 1033.9336 C 882.97133 1033.9236 882.44948 1033.7338 881.94336 1033.4277 C 881.43723 1033.1216 880.94689 1032.7014 880.49414 1032.2344 C 879.58864 1031.3004 878.83516 1030.1817 878.41016 1029.4277 C 877.94616 1029.2257 877.31294 1028.8573 876.83594 1028.7383 C 875.18994 1028.3373 873.66091 1028.2526 872.00391 1027.7266 C 871.64591 1027.6126 871.45998 1027.4695 871.08398 1027.4375 C 870.24298 1027.3665 869.15502 1027.8359 868.29102 1027.8379 C 867.18402 1027.8379 865.64678 1027.6362 864.55078 1027.4512 C 863.32378 1027.2442 862.11665 1026.8048 860.89062 1026.5938 C 858.87262 1026.2477 856.80511 1026.1243 854.78711 1025.7793 C 853.23111 1025.5113 851.69263 1025.048 850.14062 1024.75 C 849.34564 1024.597 848.56691 1024.5143 847.80078 1024.3828 C 847.03466 1024.2513 846.28166 1024.0698 845.53516 1023.7188 C 845.21316 1023.5678 845.01752 1023.3657 844.86914 1023.125 C 844.72077 1022.8842 844.61888 1022.6047 844.48438 1022.3027 C 844.24636 1021.7664 844.19698 1021.1971 844.27539 1020.6191 C 844.35379 1020.0411 844.56056 1019.4546 844.83594 1018.8828 C 845.38669 1017.739 846.21198 1016.6557 846.83398 1015.8242 C 847.59698 1014.8022 848.22894 1014.1875 848.49219 1013.5137 C 848.62381 1013.1769 848.66253 1012.8257 848.58008 1012.4004 C 848.49758 1011.9752 848.2935 1011.4762 847.9375 1010.8457 C 847.71525 1010.4527 847.3252 1010.1744 846.84375 1009.9863 C 846.3623 1009.7982 845.7907 1009.7 845.20312 1009.666 C 844.02801 1009.598 842.79233 1009.7869 842.11133 1010.0293 C 841.44133 1010.2675 840.57031 1010.7555 839.94531 1011.1035 C 839.70006 1011.2412 838.95808 1011.3285 837.94531 1011.332 C 836.93255 1011.332 835.64953 1011.256 834.32422 1011.0527 C 832.99891 1010.8497 831.63211 1010.5248 830.44922 1010.043 C 829.85777 1009.8021 829.31233 1009.5214 828.8418 1009.1973 C 828.37126 1008.8732 827.97439 1008.5062 827.68164 1008.0898 C 826.90064 1007.9058 825.37811 1006.4542 825.16211 1006.2852 C 824.14361 1005.4887 821.48014 1002.6168 819.07227 999.94336 C 816.66439 997.26999 814.51172 994.79688 814.51172 994.79688 L 814.04883 994.33594 z "
   id="Paraguarí"
   inkscape:label="Paraguarí"></path><path
   style="fill:#ee1d23;fill-opacity:1;stroke:#ffffff;stroke-width:1.55900002;stroke-miterlimit:4;stroke-dasharray:none;stroke-opacity:1"
   d="m 763.85156,942.40234 v 0.002 l -0.43164,0.0273 c -0.54775,0.12588 -1.01473,0.3268 -1.41601,0.58594 -0.40129,0.25913 -0.73635,0.57736 -1.01953,0.9414 -0.56642,0.7281 -0.92515,1.63761 -1.18946,2.61524 -0.52862,1.95525 -0.68078,4.18289 -1.36328,5.77539 -1.6435,3.8335 -2.11599,5.76515 -2.79102,7.16601 -0.33749,0.70044 -0.72587,1.26688 -1.33593,1.87305 -0.31478,0.31277 -0.92036,0.7291 -1.37696,1.08594 0.086,0.13891 5.01686,8.10275 6.50391,10.3125 0.75,1.1145 1.21875,2.1367 1.5,3.20508 0.28125,1.06837 0.375,2.18337 0.375,3.48437 0,1.3005 -0.28125,2.41492 -0.79687,3.57617 -0.51563,1.16125 -1.26563,2.36897 -2.20313,3.85547 -0.9375,1.487 -2.0625,2.60271 -2.95312,3.34571 -0.89063,0.743 -1.54688,1.11328 -1.54688,1.11328 l -0.0781,0.10742 c 0.33868,0.15668 0.6856,0.29265 1,0.51172 0.608,0.425 2.0324,1.35158 2.4414,1.89258 0.491,0.654 0.66602,1.81642 0.66602,2.60742 0,3.90097 -0.80081,4.23237 -2.00782,7.56637 -0.96298,2.765 -1.47082,6.7665 -1.29882,9.6075 0.053,0.896 0.41176,1.8291 -0.11524,2.6621 -1.663,0.831 -3.07897,-0.754 -4.41797,-0.125 l -0.97656,1.2011 c -0.215,1.957 1.46441,5.3411 -1.93359,5.6661 -1.588,-0.502 -2.77667,-2.4212 -4.01367,-2.4942 -2.916,1.612 -1.30999,5.8345 -3.33399,7.3555 -3.91,2.933 -6.91455,-3.3238 -12.18555,5.8222 -2.434,4.225 1.61793,3.2149 3.66993,4.7149 0.119,2.028 -2.46893,2.5735 -3.66993,3.6465 -2.44154,2.1845 -2.66421,3.0623 -5.87304,4.0996 0.53123,0.2985 1.17077,0.7762 1.84179,1.4121 0.78782,0.7466 1.53755,1.547 1.93555,1.9785 h 0.98438 c 0.4815,-0.168 0.83898,-0.5547 1.12695,-1.0488 0.28797,-0.4941 0.50586,-1.0967 0.70898,-1.6973 0.20313,-0.6005 0.39022,-1.1981 0.61719,-1.6855 0.22697,-0.4875 0.49402,-0.8648 0.85352,-1.0196 l 0.86718,0.086 c 0.342,0.244 0.51352,0.7698 0.60352,1.1308 0.234,0.955 0.40492,1.9144 0.41992,2.9024 0.0165,1.21 -0.26711,2.5336 -0.16211,3.6543 0.0525,0.5603 0.20216,1.0703 0.53516,1.4902 0.333,0.4199 0.84901,0.7485 1.63476,0.9492 1.336,0.343 3.29835,0.6102 4.52735,1.1602 0.419,0.187 1.24801,0.9745 2.10351,1.6758 0.42775,0.3506 0.86224,0.6791 1.25586,0.9004 0.39363,0.2212 0.74577,0.3358 1.00977,0.2558 0.51375,-0.49 0.96992,-0.7733 1.39453,-0.9043 0.42461,-0.1309 0.81698,-0.1097 1.20117,0.01 0.76838,0.2382 1.5053,0.8662 2.4043,1.4512 0.942,0.615 2.10725,0.854 3.03125,1.416 0.30725,0.1867 0.54231,0.6134 0.76367,1.1484 0.22136,0.535 0.43052,1.1788 0.68945,1.8047 0.25894,0.6259 0.56635,1.2341 0.98633,1.6934 0.41999,0.4592 0.95175,0.7694 1.65625,0.8046 0.56,0.5395 0.91388,1.2627 1.1875,2.0254 0.27363,0.7628 0.46663,1.5652 0.70313,2.2657 0.103,0.3067 0.34897,0.5854 0.67187,0.8378 0.32291,0.2529 0.7228,0.4791 1.13867,0.6876 0.83175,0.4157 1.72207,0.7528 2.16407,1.0488 0.41,0.2745 0.78889,0.7066 1.13867,1.2246 0.34978,0.518 0.67033,1.1232 0.9707,1.7441 0.59151,1.1101 0.74479,2.0253 1.59766,3.3809 0.45291,-0.764 1.02395,-1.4715 1.67969,-2.1231 0.66482,-0.6606 1.41174,-1.2676 2.19921,-1.8281 1.57494,-1.1209 3.30847,-2.0556 4.85547,-2.8691 0.721,-0.381 3.71489,-3.8159 4.21289,-4.3789 0.107,-0.12 0.24747,-0.5695 0.35547,-0.7305 0.689,-1.026 1.47131,-2.1389 2.32031,-3.0469 0.597,0.106 1.37975,0.1221 1.96875,-0.043 0.527,-0.3815 1.10138,-1.1478 1.54688,-1.9668 0.4455,-0.819 0.76139,-1.6908 0.77539,-2.2813 0.0103,-0.4107 -0.19853,-0.7654 -0.52734,-1.0957 -0.32882,-0.3303 -0.7761,-0.6366 -1.2461,-0.9512 -0.47,-0.3145 -0.96169,-0.6365 -1.375,-1 -0.41331,-0.3634 -0.74945,-0.7671 -0.9082,-1.2441 -0.3145,-0.9495 -0.45397,-1.968 -0.55859,-2.9902 -0.10463,-1.0223 -0.17471,-2.0491 -0.34571,-3.0196 -0.4875,-2.7675 -1.18623,-5.5863 -1.53711,-8.4121 -0.17543,-1.4129 -0.26445,-2.8278 -0.19531,-4.2383 0.0691,-1.4104 0.296,-2.8161 0.75,-4.2129 0.188,-0.579 1.03534,-1.4593 1.40234,-1.9023 0,0 0.67346,-0.068 1.72071,-0.5078 0.52362,-0.2199 1.14048,-0.5329 1.81445,-0.9766 0.67397,-0.4437 1.4043,-1.0182 2.1543,-1.7617 0.75,-0.7432 1.5,-1.7882 2.21484,-2.9609 0.71485,-1.1728 1.39453,-2.4745 2.00391,-3.7285 1.21875,-2.5082 2.15625,-4.8303 2.53125,-5.5743 0.375,-0.744 0.75,-2.0438 1.35937,-3.3906 0.30469,-0.6734 0.66797,-1.3575 1.11914,-1.9902 0.45118,-0.6327 0.99024,-1.2133 1.64649,-1.6778 1.3125,-0.929 2.53125,-2.3231 3.42187,-3.4843 0.89063,-1.1613 1.45313,-2.0899 1.45313,-2.0899 l 0.0547,-1.5254 c -0.11051,-0.3205 -0.45933,-1.50576 -0.75196,-2.68551 -0.29262,-1.17975 -0.52906,-2.35489 -0.41406,-2.65039 l 0.47461,-0.60157 c 0.223,-0.05 1.5504,-0.38171 1.69141,-0.38671 1.36199,-0.029 2.76881,0.27081 4.13281,0.25781 1.2635,-0.0115 2.59084,-0.21869 3.91406,-0.39258 1.32322,-0.17389 2.64308,-0.31481 3.89258,-0.19531 l 0.22851,-0.3125 c -0.473,-1.311 -0.78361,-2.69969 -1.03711,-4.10156 -0.2535,-1.40189 -0.45031,-2.81619 -0.69531,-4.17969 -0.12237,-0.68162 -0.4063,-1.22419 -0.81836,-1.65625 -0.41206,-0.43206 -0.95158,-0.75467 -1.58594,-0.99805 -1.26871,-0.48675 -2.91434,-0.65666 -4.66796,-0.75391 -1.75363,-0.0973 -3.61499,-0.12165 -5.31446,-0.3164 -0.84973,-0.0974 -1.65941,-0.23616 -2.39453,-0.44922 -0.73512,-0.21306 -1.39609,-0.49904 -1.94922,-0.88867 -0.623,-0.439 -1.28658,-1.18766 -1.91797,-2.11133 -0.63139,-0.92367 -1.23045,-2.02334 -1.72851,-3.16602 -0.49806,-1.14269 -0.89417,-2.32777 -1.11719,-3.42382 -0.22301,-1.09605 -0.27379,-2.10297 -0.0801,-2.88672 0.103,-0.4175 0.3075,-0.84596 0.45313,-1.28321 0.14562,-0.43725 0.23205,-0.88348 0.0977,-1.33398 -0.771,-0.985 -1.73653,-1.82009 -2.51953,-2.74609 l -5.78711,-6.86719 c -0.242,-0.287 -0.80251,-0.75835 -1.10351,-1.02735 -3.304,-2.973 -6.02949,-5.76357 -8.89649,-9.14257 -0.14359,-0.16934 -1.66711,-1.95926 -1.80664,-2.1875 -0.18634,-0.0301 -0.37399,-0.0259 -0.56054,-0.0703 -1.02688,-0.24457 -2.06464,-0.68635 -3.20118,-1.09961 -1.13653,-0.41327 -2.37292,-0.79814 -3.79492,-0.93164 z"
   id="Central"
   inkscape:connector-curvature="0"
   sodipodi:nodetypes="ccccccccccccscccccccscccccccccccccccscccccccscccccccccsccccccccscccccccccscccccsccccccscccsccsccccccccsccccscccscsccccccccccccc"
   inkscape:label="Central"></path><path
   style="fill:#ee1d23;fill-opacity:1;stroke:#ffffff;stroke-opacity:1;stroke-width:1.559;stroke-miterlimit:4;stroke-dasharray:none"
   d="M 871.08789 1027.4395 C 871.54304 1027.3847 872.07019 1027.1731 872.62109 1026.8633 C 873.17261 1026.5532 873.74636 1026.1457 874.29492 1025.6992 C 875.39205 1024.8062 876.38545 1023.7582 876.87695 1023.0352 C 877.0117 1022.6235 876.89894 1022.0992 876.61914 1021.4844 C 876.33935 1020.8696 875.8917 1020.1643 875.35352 1019.3965 C 874.27716 1017.8609 872.84091 1016.0707 871.66797 1014.2246 C 871.0815 1013.3016 870.55997 1012.3648 870.18359 1011.4395 C 869.80722 1010.5141 869.57457 1009.6 869.56445 1008.7227 C 869.55434 1007.8453 869.767 1007.0038 870.2793 1006.2246 C 870.7916 1005.4454 871.60405 1004.7284 872.79492 1004.0977 C 874.43392 1003.2287 876.67528 1002.6616 878.48828 1002.2656 C 880.78528 1001.7656 883.00878 1001.1087 885.30078 1000.5938 C 885.43678 1000.5628 885.71652 1000.3979 885.85352 1000.3359 C 886.10952 1000.0409 886.62366 997.75914 887.09766 995.43164 C 887.57166 993.10414 888.0047 990.731 888.0957 990.25 C 888.3587 988.857 889.13673 987.48986 889.55273 986.13086 L 889.63281 986.38867 C 890.12881 984.49267 891.15489 982.68952 891.83789 980.85352 C 893.78589 975.59452 895.61527 970.53152 897.07227 965.10352 C 897.11927 964.92152 897.3888 964.60802 897.4668 964.41602 C 898.5078 961.81402 899.72431 959.28048 900.69531 956.64648 C 901.32331 954.94148 901.63834 953.22505 902.15234 951.49805 C 902.47934 950.40205 903.02992 949.30036 903.29492 948.19336 C 904.06442 944.97536 904.6585 941.64666 905.08984 938.29297 C 905.52119 934.93928 905.78889 931.56023 905.90039 928.24023 C 905.83939 928.25523 905.5852 928.33422 905.5332 928.32422 L 901.79492 927.5957 C 901.11192 927.4617 900.49952 927.16739 899.93164 926.80664 C 899.36377 926.44589 898.83963 926.01814 898.32812 925.61914 C 897.40013 924.89614 896.30783 923.84272 895.29883 923.26172 C 894.35533 922.71772 893.58487 922.63678 892.92188 922.39453 C 892.59037 922.27341 892.28575 922.11219 892 921.83203 C 891.71425 921.55187 891.44766 921.15409 891.19141 920.55859 L 890.37891 918.66992 L 888.32812 918.36914 C 887.67612 917.83114 887.13439 916.7307 886.40039 916.0957 C 885.58089 915.3877 884.6917 914.81811 883.76758 914.30273 C 882.84345 913.78736 881.88473 913.32453 880.92773 912.83203 C 879.86623 912.28453 878.72156 911.50767 877.52344 910.99805 C 876.92438 910.74323 876.31091 910.5565 875.68945 910.49805 C 875.068 910.43959 874.43873 910.50898 873.80273 910.77148 C 873.29773 910.98048 873.01508 911.34889 872.58008 911.58789 C 869.98408 913.02389 867.44697 914.00845 864.66797 915.06445 C 863.28397 915.59045 861.88773 916.28752 860.52148 917.04102 C 859.15523 917.79452 857.81864 918.60447 856.55664 919.35547 C 854.42664 920.62247 852.60569 921.52441 850.17969 922.31641 C 849.12669 922.65741 848.13238 922.80773 847.10938 923.30273 C 845.95137 923.86273 845.03994 924.70428 843.96094 925.36328 C 842.96094 925.97278 841.37681 926.77631 839.74219 927.47656 C 838.10756 928.17681 836.4222 928.77425 835.2207 928.96875 C 834.0802 929.15225 832.99733 928.95791 831.92383 928.69141 C 830.85033 928.42491 829.78605 928.08497 828.68555 927.98047 C 827.60355 927.87697 826.41066 928.02116 825.22266 928.09766 C 824.03466 928.17416 822.85192 928.18309 821.79492 927.80859 C 821.29442 927.63109 820.89458 927.26158 820.51172 926.79297 C 820.12886 926.32436 819.76292 925.75744 819.33398 925.1875 C 818.90505 924.61756 818.41217 924.04398 817.77344 923.5625 C 817.1347 923.08102 816.35014 922.69153 815.33789 922.48828 C 813.72289 922.16228 812.01191 921.99877 810.37891 921.75977 C 810.11091 921.71977 809.82178 921.51403 809.55078 921.45703 C 808.48962 921.23688 805.85743 920.87827 804.67188 920.60156 C 804.79989 920.90787 804.82404 921.12964 805.00195 921.47852 C 805.29495 922.05352 806.45305 922.38491 806.99805 922.75391 C 807.28705 923.10991 807.37372 923.82347 807.13672 924.23047 C 806.59622 924.44097 806.05725 924.51798 805.52344 924.50195 C 804.98963 924.48592 804.46045 924.37817 803.93945 924.2168 C 802.89745 923.89405 801.88759 923.36036 800.93359 922.94336 C 800.25197 922.64561 799.65104 922.48404 799.11328 922.43164 C 798.57552 922.37924 798.10137 922.43588 797.67578 922.58008 C 796.82459 922.86848 796.16697 923.50278 795.57422 924.28516 C 794.98147 925.06753 794.45317 925.99836 793.86523 926.88477 C 793.2773 927.77117 792.62972 928.61239 791.79297 929.21289 C 790.94997 929.83539 790.19173 930.89384 789.52148 932.02734 C 788.85123 933.16084 788.26748 934.37037 787.77148 935.29688 C 787.54648 935.71587 786.97838 936.13214 786.20703 936.57227 C 785.43569 937.01239 784.46241 937.47517 783.42578 937.98242 C 782.38916 938.48967 781.28842 939.04173 780.26758 939.66211 C 779.24673 940.28248 778.30408 940.97245 777.58008 941.75195 C 776.91258 942.47108 776.28743 943.02846 775.69141 943.45312 C 775.09539 943.87781 774.52894 944.16916 773.98242 944.35547 C 773.43591 944.54177 772.90962 944.62297 772.39062 944.62695 C 772.06022 944.62949 771.7347 944.55861 771.4082 944.50586 C 771.54773 944.7341 773.07125 946.52402 773.21484 946.69336 C 776.08184 950.07236 778.80733 952.86294 782.11133 955.83594 C 782.41233 956.10494 782.97284 956.57628 783.21484 956.86328 L 789.00195 963.73047 C 789.78495 964.65647 790.75048 965.49156 791.52148 966.47656 C 791.65598 966.92706 791.56945 967.3733 791.42383 967.81055 C 791.2782 968.2478 791.0737 968.67625 790.9707 969.09375 C 790.77695 969.8775 790.82777 970.88442 791.05078 971.98047 C 791.2738 973.07652 791.66991 974.26161 792.16797 975.4043 C 792.66603 976.54698 793.26509 977.64664 793.89648 978.57031 C 794.52787 979.49398 795.19145 980.24264 795.81445 980.68164 C 796.36758 981.07127 797.02855 981.35725 797.76367 981.57031 C 798.49879 981.78337 799.30847 981.92216 800.1582 982.01953 C 801.85767 982.21428 803.71903 982.23869 805.47266 982.33594 C 807.22628 982.43319 808.87192 982.60309 810.14062 983.08984 C 810.77499 983.33322 811.3145 983.65583 811.72656 984.08789 C 812.13862 984.51995 812.42255 985.06252 812.54492 985.74414 C 812.78992 987.10764 812.98673 988.52195 813.24023 989.92383 C 813.49373 991.3257 813.80434 992.71439 814.27734 994.02539 L 814.04883 994.33789 L 814.51172 994.79883 C 814.51172 994.79883 816.66439 997.27194 819.07227 999.94531 C 821.48014 1002.6187 824.14361 1005.4906 825.16211 1006.2871 C 825.37811 1006.4561 826.90064 1007.9078 827.68164 1008.0918 C 827.97439 1008.5082 828.37126 1008.8751 828.8418 1009.1992 C 829.31233 1009.5233 829.85777 1009.804 830.44922 1010.0449 C 831.63211 1010.5267 832.99891 1010.8517 834.32422 1011.0547 C 835.64953 1011.2577 836.93255 1011.3375 837.94531 1011.334 C 838.95808 1011.3305 839.70006 1011.2432 839.94531 1011.1055 C 840.57031 1010.7575 841.44133 1010.2693 842.11133 1010.0312 C 842.79233 1009.7889 844.02801 1009.5998 845.20312 1009.668 C 845.7907 1009.702 846.3623 1009.8002 846.84375 1009.9883 C 847.3252 1010.1764 847.71525 1010.4547 847.9375 1010.8477 C 848.2935 1011.4782 848.49761 1011.9771 848.58008 1012.4023 C 848.66255 1012.8276 848.62381 1013.1788 848.49219 1013.5156 C 848.22894 1014.1894 847.59698 1014.8042 846.83398 1015.8262 C 846.21198 1016.6577 845.38669 1017.741 844.83594 1018.8848 C 844.56056 1019.4566 844.3538 1020.0431 844.27539 1020.6211 C 844.19698 1021.1991 844.24638 1021.7684 844.48438 1022.3047 C 844.61888 1022.6067 844.72077 1022.8862 844.86914 1023.127 C 845.01752 1023.3677 845.21316 1023.5697 845.53516 1023.7207 C 846.28166 1024.0717 847.03466 1024.2533 847.80078 1024.3848 C 848.56691 1024.5163 849.34562 1024.599 850.14062 1024.752 C 851.69263 1025.05 853.23111 1025.5133 854.78711 1025.7812 C 856.80511 1026.1263 858.87262 1026.2497 860.89062 1026.5957 C 862.11663 1026.8067 863.32378 1027.2461 864.55078 1027.4531 C 865.64678 1027.6381 867.18402 1027.8398 868.29102 1027.8398 C 869.15502 1027.8378 870.24103 1027.3665 871.08203 1027.4375 C 871.08443 1027.4377 871.0855 1027.4392 871.08789 1027.4395 z "
   id="Cordillera"
   inkscape:label="Cordillera"></path><path
   style="fill:#ee1d23;fill-opacity:1;stroke:#ffffff;stroke-width:1.55900002;stroke-miterlimit:4;stroke-dasharray:none;stroke-opacity:1"
   d="m 1075.5488,856.67773 c 0,9.6e-4 -0.053,0.0288 -0.055,0.0293 -3.591,1.363 -7.5891,2.023 -11.2421,3.25 l -11.8497,4.33203 c -2.311,0.845 -3.6738,1.17702 -5.9238,2.16602 -2.209,0.972 -4.3331,2.20815 -6.4531,3.45703 -2.12,1.24887 -4.2357,2.5097 -6.4277,3.5332 l -13.1797,5.50586 c -5.729,2.393 -11.4741,4.7785 -17.2481,7.0625 -0.2275,1.2925 -0.3609,2.00567 -0.7461,2.48242 -0.3851,0.47675 -1.0227,0.71696 -2.2597,1.06446 -1.67828,0.473 -0.54041,0.13789 -3.35941,1.08789 -3.002,1.013 -5.77277,2.02965 -8.63477,3.34765 -0.532,0.2455 -1.17022,0.22189 -1.80859,0.19727 -0.63838,-0.0246 -1.277,-0.0505 -1.8125,0.18945 -1.204,0.538 -2.01327,1.56244 -3.07227,2.27344 -0.8165,0.5475 -1.7579,1.06591 -2.73828,1.50391 -0.98037,0.438 -1.99975,0.79584 -2.96875,1.02734 -0.6895,0.165 -2.1723,0.31191 -3.60742,0.48828 -1.43513,0.17638 -2.82227,0.38338 -3.32227,0.67188 -0.35975,0.3105 -0.57709,0.88198 -0.74414,1.60937 -0.16704,0.72739 -0.28367,1.61075 -0.44336,2.53906 -0.15968,0.92832 -0.36153,1.90314 -0.69922,2.81641 -0.33767,0.91327 -0.81071,1.76502 -1.51171,2.44727 -0.6745,0.657 -2.41836,1.75442 -4.27149,2.54492 -0.92656,0.39525 -1.88073,0.71339 -2.74219,0.86133 -0.86145,0.14793 -1.631,0.12634 -2.1875,-0.16016 -0.5665,-0.29175 -1.00973,-0.67695 -1.37109,-1.12109 -0.36136,-0.44415 -0.63927,-0.94791 -0.87695,-1.48047 -0.47538,-1.06513 -0.78636,-2.24235 -1.25586,-3.27735 -0.309,-0.678 -0.83663,-1.29461 -1.14063,-1.97461 -0.317,-0.713 -0.46304,-1.54343 -0.74804,-2.27343 -0.2265,-0.579 -0.73122,-0.97813 -1.26172,-1.35938 -0.5305,-0.38125 -1.08652,-0.74481 -1.41602,-1.25781 -0.7125,-1.1085 -1.63451,-3.27925 -2.74414,-5.21875 -0.55481,-0.96975 -1.15665,-1.88066 -1.80273,-2.57422 -0.64608,-0.69356 -1.33636,-1.16892 -2.06836,-1.26367 -0.383,0.055 -1.14596,0.41151 -1.37696,0.72851 -1.492,2.041 -2.76915,4.12375 -4.41015,6.09375 -1.271,1.528 -2.82849,2.94277 -3.89649,4.63477 l -0.90429,2.36133 c -0.236,1.091 -0.19282,2.2671 -0.19532,3.42968 -0.002,1.16265 -0.0506,2.31111 -0.4746,3.34961 l -0.5918,0.51368 c -1.652,-0.055 -3.02952,-0.7083 -4.60352,-1.0293 -0.799,-0.1625 -1.68175,0.0899 -2.5,0.49805 -0.81825,0.40812 -1.57214,0.97254 -2.11914,1.43554 -1.4775,1.2495 -2.40444,2.06878 -3.05469,3.05078 -0.65025,0.982 -1.02403,2.12775 -1.39453,4.03125 -0.186,0.948 -0.12893,2.01097 -0.46093,2.91797 -0.469,1.285 -0.87708,2.75724 -1.45508,3.99024 -0.34925,0.74225 -0.89246,1.24637 -1.54688,1.56836 -0.65442,0.32198 -1.42015,0.46047 -2.21484,0.47265 -0.79469,0.0122 -1.61863,-0.10192 -2.38867,-0.28906 -0.77005,-0.18714 -1.48591,-0.44666 -2.06641,-0.72266 -0.1115,3.32 -0.3792,6.69905 -0.81055,10.05274 -0.43134,3.35369 -1.02542,6.68239 -1.79492,9.90039 -0.265,1.107 -0.81558,2.20869 -1.14258,3.30469 -0.514,1.727 -0.82903,3.44343 -1.45703,5.14843 -0.971,2.634 -2.18751,5.16754 -3.22851,7.76954 -0.078,0.192 -0.34753,0.5055 -0.39453,0.6875 -1.457,5.428 -3.28638,10.491 -5.23438,15.75 -0.683,1.836 -1.70908,3.63915 -2.20508,5.53515 l -0.0801,-0.25781 c -0.416,1.359 -1.19403,2.72614 -1.45703,4.11914 -0.091,0.481 -0.52404,2.85414 -0.99804,5.18164 -0.474,2.3275 -0.98814,4.60926 -1.24414,4.90426 -0.137,0.062 -0.41674,0.2269 -0.55274,0.2579 -2.292,0.5149 -4.5155,1.1718 -6.8125,1.6718 -1.813,0.396 -4.05436,0.9631 -5.69336,1.8321 -1.19087,0.6307 -2.00332,1.3477 -2.51562,2.1269 -0.5123,0.7792 -0.72496,1.6207 -0.71485,2.4981 0.0101,0.8773 0.24277,1.7914 0.61914,2.7168 0.37638,0.9253 0.89791,1.8621 1.48438,2.7851 1.17294,1.8461 2.60919,3.6363 3.68555,5.1719 0.53818,0.7678 0.98583,1.4731 1.26562,2.0879 0.2798,0.6148 0.39256,1.1391 0.25781,1.5508 -0.4915,0.723 -1.4849,1.771 -2.58203,2.664 -0.54856,0.4465 -1.12231,0.854 -1.67383,1.1641 -0.5509,0.3098 -1.07805,0.5214 -1.5332,0.5762 0.37123,0.033 0.5603,0.1757 0.91602,0.289 1.657,0.526 3.18603,0.6107 4.83203,1.0117 0.477,0.119 1.11022,0.4875 1.57422,0.6895 0.425,0.754 1.17848,1.8726 2.08398,2.8066 0.45275,0.467 0.94309,0.8873 1.44922,1.1934 0.50612,0.3061 1.02797,0.4978 1.54297,0.5058 0.5055,0.01 1.02627,0.2355 1.53352,0.4278 0.50725,0.1924 1.00154,0.3486 1.44304,0.2031 1.786,-0.589 3.52709,-1.0399 5.18359,-1.6406 0.82825,-0.3004 1.63477,-0.6382 2.41602,-1.0488 0.78125,-0.4107 1.53722,-0.8939 2.26172,-1.4864 2.3125,-1.8905 3.11956,-2.5491 4.13281,-2.9551 1.01325,-0.406 2.23269,-0.5608 5.36719,-1.4453 0.705,-0.1985 1.43491,-0.1692 2.16016,-0.1757 0.72523,-0.01 1.44576,-0.048 2.13476,-0.3887 0.59,-0.094 2.31681,-0.2178 4.00781,-0.4551 0.8455,-0.1186 1.6826,-0.2653 2.36328,-0.4512 0.68069,-0.1859 1.20524,-0.4113 1.42774,-0.6855 0.558,-0.6735 0.76636,-1.4167 0.84961,-2.1895 0.0833,-0.7727 0.0407,-1.5756 0.0977,-2.3691 0.0636,-0.881 0.22871,-1.5582 0.47461,-2.0742 0.24591,-0.5161 0.57368,-0.8699 0.9668,-1.1016 0.39312,-0.2317 0.85021,-0.3411 1.35547,-0.3691 0.50526,-0.028 1.05828,0.024 1.64062,0.1191 1.16469,0.1901 2.44833,0.5457 3.71094,0.7442 0.63131,0.099 1.25814,0.1602 1.86133,0.1406 0.60319,-0.02 1.18266,-0.1188 1.72266,-0.3379 2.7425,-1.1125 4.60601,-1.6271 5.96875,-1.7715 0.68136,-0.072 1.23811,-0.053 1.71679,0.031 0.47869,0.084 0.87916,0.2342 1.25,0.418 0.74169,0.3676 1.36283,0.8756 2.24219,1.2988 0.43968,0.2117 0.94419,0.403 1.56055,0.543 0.61635,0.14 1.34454,0.2289 2.23242,0.2402 1.05,0.013 1.91837,0.1896 2.78125,0.4297 0.86287,0.2402 1.71964,0.544 2.74414,0.8145 1.456,0.3835 3.7137,0.7153 6.00195,0.7637 1.14413,0.024 2.29641,-0.022 3.35938,-0.168 1.06297,-0.1463 2.03717,-0.3931 2.82617,-0.7676 0.6655,-0.3155 1.43989,-0.8867 2.15039,-1.4922 0.7105,-0.6055 1.35617,-1.2438 1.76367,-1.6933 l 0.60157,-0.7715 c 0.23874,0.2112 1.18671,0.3247 2.5332,0.3828 1.34648,0.058 3.09164,0.06 4.92383,0.047 3.66437,-0.025 7.67773,-0.1099 9.55273,0.076 1.875,0.1855 3.65625,0.093 5.34375,0.6036 0.84375,0.2554 1.66406,0.6624 2.46094,1.33 0.79687,0.6677 1.57031,1.596 2.32031,2.8965 0.75,1.3008 1.64063,2.4166 2.60742,3.3223 0.9668,0.9057 2.00979,1.602 3.06441,2.0664 1.0547,0.4644 2.1211,0.697 3.1348,0.6738 1.0137,-0.023 1.9746,-0.3024 2.8183,-0.8594 0.8438,-0.557 1.8516,-0.9281 2.9649,-1.1718 1.1133,-0.2438 2.332,-0.3598 3.5976,-0.4063 2.5313,-0.093 5.25,0.092 7.6875,0.092 2.4375,0 4.5441,0.1293 6.2286,0.6289 0.8422,0.2498 1.5792,0.5924 2.1992,1.0586 0.6199,0.4662 1.123,1.0553 1.498,1.7988 0.999,0.2335 2.2629,0.4871 3.5059,0.5118 0.6215,0.012 1.2381,-0.034 1.8144,-0.1661 0.5764,-0.1322 1.1118,-0.3509 1.5723,-0.6894 0.4,-0.293 0.7657,-0.7253 1.1797,-0.9863 1.076,-0.675 1.6722,-0.902 2.2031,-1.2754 0.5309,-0.3734 0.996,-0.8937 1.8145,-2.1582 0.2195,-0.34 0.3152,-0.7279 0.3457,-1.1387 0.031,-0.4107 0,-0.8443 -0.045,-1.2773 -0.083,-0.866 -0.1951,-1.7286 0.1329,-2.3926 0.158,-0.319 2.9123,-3.2627 3.0703,-3.3887 0.846,-0.677 2.4258,-1.3808 3.5058,-1.6308 0.339,-0.2677 0.527,-0.6452 0.6582,-1.0918 0.1312,-0.4467 0.2054,-0.9634 0.3164,-1.5098 0.1111,-0.5465 0.2583,-1.1225 0.5372,-1.6895 0.2782,-0.5669 0.6885,-1.1245 1.3222,-1.6328 1.182,-0.477 2.1101,-0.1575 3.2051,-0.4355 0.211,-0.16 6.6208,-13.47167 12.1328,-25.05667 0.8345,-0.235 2.0582,-0.31032 3.1856,-0.56445 0.5636,-0.12706 1.1036,-0.29762 1.5585,-0.55664 0.455,-0.25902 0.8258,-0.60628 1.0508,-1.08203 1.2845,-2.719 2.3441,-6.04206 3.1309,-8.80469 0.7867,-2.76262 1.3006,-4.96495 1.4941,-5.43945 0.208,-0.20425 0.622,-0.3222 1.1446,-0.38477 0.5225,-0.0626 1.1535,-0.0686 1.791,-0.0469 1.2748,0.0435 2.5787,0.19787 3.1152,0.23437 0.31,0.021 0.6814,-0.087 0.9824,-0.043 0.4208,0.0595 0.7785,0.22483 1.0996,0.44727 0.3212,0.22244 0.6053,0.50372 0.8829,0.79297 0.5551,0.5785 1.0798,1.19389 1.7968,1.46289 1.195,0.448 2.9875,1.43714 3.8125,2.24414 1.465,1.441 1.8559,2.50006 2.4668,3.22656 0.3055,0.36325 0.6657,0.64233 1.2422,0.84571 0.5766,0.20337 1.3703,0.33071 2.541,0.38671 0.4543,0.43625 1.1061,0.7438 1.8653,0.96094 0.7592,0.21714 1.6247,0.34386 2.5019,0.41992 1.7545,0.15213 3.5586,0.10025 4.6641,0.15625 0.5057,0.0258 0.9893,-0.0881 1.4629,-0.25586 0.4735,-0.1677 0.9363,-0.39017 1.4004,-0.58398 0.464,-0.19381 0.929,-0.35758 1.4062,-0.41016 0.4772,-0.0526 0.9675,0.006 1.4805,0.26172 0.573,0.398 0.8864,0.95692 1.1211,1.56055 0.2346,0.60362 0.3909,1.25353 0.6504,1.83203 0.205,0.46 0.6001,0.87508 0.8261,1.33008 0.325,0.6525 0.7393,1.77151 1.2442,2.82226 0.5049,1.05075 1.0986,2.03361 1.7851,2.41211 0.6733,0.0693 1.2366,-0.0592 1.7364,-0.30273 0.4998,-0.2435 0.9368,-0.60209 1.3632,-0.99609 0.4265,-0.394 0.8418,-0.82283 1.295,-1.20508 0.4531,-0.38225 0.9454,-0.71753 1.5254,-0.92578 -0.1245,-1.83 0.059,-2.55019 0,-3.19532 -0.057,-0.64512 -0.3534,-1.2155 -1.4394,-2.75 -0.7198,-1.0165 -1.08,-1.91237 -1.2305,-2.70703 -0.1505,-0.79465 -0.091,-1.48828 0.029,-2.09765 0.1203,-0.60938 0.2999,-1.13505 0.3926,-1.59571 0.093,-0.46065 0.097,-0.85659 -0.1368,-1.20507 -0.986,-0.666 -2.2245,-0.82433 -3.4668,-1.25196 -0.6211,-0.21381 -1.243,-0.494 -1.8339,-0.93945 -0.591,-0.44545 -1.1505,-1.05649 -1.6485,-1.92774 l -0.1582,-0.44531 c -0.085,-0.52825 -0.053,-1.01925 0.045,-1.48828 0.098,-0.46903 0.2598,-0.91705 0.4356,-1.35742 0.3515,-0.88075 0.7531,-1.73407 0.7851,-2.6836 -0.149,-0.14098 -0.3333,-0.27192 -0.5703,-0.41992 l -0.6406,-0.3789 c -3.17,-1.893 -5.8821,-4.52363 -9.0391,-6.51563 -1.9265,-1.2135 -5.1148,-3.7914 -8.1035,-6.5664 -1.4943,-1.3875 -2.9393,-2.824 -4.1504,-4.16407 -1.211,-1.34006 -2.188,-2.58323 -2.75,-3.58398 l -1.9882,0.43945 -0.4336,0.0234 c -0.5365,-0.055 -0.9671,-0.27358 -1.336,-0.58008 -0.3689,-0.3065 -0.6758,-0.70147 -0.9668,-1.10547 l -0.2773,-0.3789 c -0.2119,-0.273 -0.4495,-0.42835 -0.7149,-0.50196 -0.2653,-0.0736 -0.5596,-0.0665 -0.8808,-0.0176 -0.6424,0.0979 -1.3989,0.36513 -2.2793,0.49219 -0.8805,0.12706 -1.8835,0.11474 -3.0215,-0.34375 -0.569,-0.22924 -1.1716,-0.56966 -1.8086,-1.06054 -0.637,-0.49089 -1.3081,-1.13351 -2.0156,-1.9629 -0.4555,-0.53375 -0.774,-1.08815 -1.0313,-1.6621 -0.2572,-0.57396 -0.4548,-1.16629 -0.6718,-1.77735 -0.2171,-0.61106 -0.4523,-1.23969 -0.7872,-1.88476 -0.3348,-0.64508 -0.7681,-1.30643 -1.3789,-1.98243 -0.519,-0.57425 -0.8984,-1.11184 -1.1484,-1.63476 -0.25,-0.52292 -0.3717,-1.03119 -0.373,-1.54688 0,-0.51568 0.1169,-1.03925 0.3437,-1.59179 0.2268,-0.55255 0.5636,-1.13408 0.9981,-1.76758 -0.4073,-1.2265 -0.6305,-2.0877 -0.7383,-2.74414 -0.1079,-0.65644 -0.1021,-1.10938 -0.051,-1.51563 0.1026,-0.8125 0.3832,-1.44282 0.2812,-3.17382 -0.039,-0.68 -0.8829,-1.93452 -1.0449,-2.85352 -0.167,-0.939 -0.234,-1.90059 -0.3398,-2.85547 -0.1059,-0.95487 -0.2517,-1.90205 -0.5742,-2.81055 l 1.2539,-0.44336 c 0.2295,-0.485 0.7147,-0.93535 1.2246,-1.49023 0.5098,-0.55488 1.046,-1.21378 1.375,-2.11328 0.413,-1.131 0.5287,-1.9538 0.5722,-2.76367 0.043,-0.80988 0.015,-1.608 0.1368,-2.6875 0.141,-1.241 0.629,-2.49047 0.748,-3.73047 0.285,-2.972 0.2137,-5.9947 0.4727,-8.97071 0.106,-1.2235 0.7058,-4.30871 1.1269,-7.43359 0.2106,-1.56244 0.3769,-3.13594 0.4141,-4.49023 0.037,-1.3543 -0.053,-2.48919 -0.3574,-3.17969 -0.57,-1.295 -1.4805,-2.33708 -1.9825,-3.70508 -0.175,-0.478 -0.2148,-1.02511 -0.1054,-1.53906 0.1059,-0.49749 0.366,-0.95632 0.7597,-1.30274 z"
   id="Caaguazú"
   inkscape:label="Caaguazú"
   inkscape:connector-curvature="0"
   sodipodi:nodetypes="ccccccccccccccccccccccccccccccccsccscccccscccccscccccccccccccccccsccccscccsccccccccscccccccscscccccccscccccccccccccsscsccssccccccccccscccccccsccccccccccccccccccccccccccccssccccccccscsccccccccccccccccccccccccsccccccccccccsccccscccccccsccccsccccc"></path><path
   style="fill:#000000;fill-opacity:1;stroke:#ffffff;stroke-opacity:1;stroke-width:1.559;stroke-miterlimit:4;stroke-dasharray:none"
   d="M 1092.4453 843.75391 C 1091.541 843.72631 1090.7396 843.82661 1090.1406 844.13086 C 1089.3929 844.50986 1088.7117 844.97734 1088.0801 845.50781 C 1087.4485 846.03828 1086.8671 846.63123 1086.3203 847.25586 C 1085.2268 848.50511 1084.2716 849.88597 1083.3301 851.16797 C 1082.7151 852.00297 1082.5279 852.6185 1081.7539 853.3125 C 1081.7539 853.3125 1075.7881 856.56889 1075.5488 856.67773 C 1075.1551 857.02415 1074.895 857.48298 1074.7891 857.98047 C 1074.6797 858.49442 1074.7195 859.04153 1074.8945 859.51953 C 1075.3965 860.88753 1076.307 861.92961 1076.877 863.22461 C 1077.1812 863.91511 1077.2716 865.05 1077.2344 866.4043 C 1077.1972 867.75859 1077.0309 869.33209 1076.8203 870.89453 C 1076.3992 874.01941 1075.7994 877.10462 1075.6934 878.32812 C 1075.4344 881.30413 1075.5057 884.32683 1075.2207 887.29883 C 1075.1017 888.53883 1074.6137 889.7883 1074.4727 891.0293 C 1074.3507 892.1088 1074.3794 892.90692 1074.3359 893.7168 C 1074.2924 894.52667 1074.1767 895.34947 1073.7637 896.48047 C 1073.4347 897.37997 1072.8985 898.03887 1072.3887 898.59375 C 1071.8788 899.14863 1071.3936 899.59898 1071.1641 900.08398 L 1069.9102 900.52734 C 1070.2327 901.43584 1070.3785 902.38302 1070.4844 903.33789 C 1070.5902 904.29277 1070.6572 905.25436 1070.8242 906.19336 C 1070.9862 907.11236 1071.8301 908.36688 1071.8691 909.04688 C 1071.9711 910.77788 1071.6905 911.4082 1071.5879 912.2207 C 1071.5366 912.62695 1071.5308 913.07989 1071.6387 913.73633 C 1071.7465 914.39277 1071.9697 915.25397 1072.377 916.48047 C 1071.9425 917.11397 1071.6057 917.6955 1071.3789 918.24805 C 1071.1521 918.80059 1071.0338 919.32416 1071.0352 919.83984 C 1071.0365 920.35553 1071.1582 920.8638 1071.4082 921.38672 C 1071.6582 921.90964 1072.0376 922.44723 1072.5566 923.02148 C 1073.1674 923.69748 1073.6007 924.35883 1073.9355 925.00391 C 1074.2704 925.64898 1074.5056 926.27761 1074.7227 926.88867 C 1074.9397 927.49973 1075.1373 928.09206 1075.3945 928.66602 C 1075.6518 929.23997 1075.9703 929.79437 1076.4258 930.32812 C 1077.1333 931.1575 1077.8044 931.80013 1078.4414 932.29102 C 1079.0784 932.7819 1079.681 933.12232 1080.25 933.35156 C 1081.388 933.81005 1082.391 933.82237 1083.2715 933.69531 C 1084.1519 933.56825 1084.9084 933.30102 1085.5508 933.20312 C 1085.872 933.15418 1086.1663 933.1471 1086.4316 933.2207 C 1086.697 933.29431 1086.9346 933.44966 1087.1465 933.72266 L 1087.4238 934.10156 C 1087.7148 934.50556 1088.0217 934.90053 1088.3906 935.20703 C 1088.7595 935.51353 1089.1901 935.73211 1089.7266 935.78711 L 1090.1602 935.76367 L 1092.1484 935.32422 C 1092.7104 936.32497 1093.6874 937.56814 1094.8984 938.9082 C 1096.1095 940.24827 1097.5545 941.68477 1099.0488 943.07227 C 1102.0375 945.84727 1105.2258 948.42517 1107.1523 949.63867 C 1110.3093 951.63067 1113.0214 954.2613 1116.1914 956.1543 L 1116.832 956.5332 C 1117.069 956.6812 1117.2533 956.81213 1117.4023 956.95312 C 1117.3703 957.90263 1116.9687 958.75597 1116.6172 959.63672 C 1116.4414 960.07709 1116.2794 960.52511 1116.1816 960.99414 C 1116.0839 961.46317 1116.0512 961.95417 1116.1367 962.48242 L 1116.2949 962.92773 C 1116.7929 963.79898 1117.3524 964.41002 1117.9434 964.85547 C 1118.5343 965.30092 1119.1562 965.58111 1119.7773 965.79492 C 1121.0196 966.22255 1122.2581 966.38088 1123.2441 967.04688 C 1123.4776 967.39537 1123.4735 967.7913 1123.3809 968.25195 C 1123.2882 968.71261 1123.1086 969.23828 1122.9883 969.84766 C 1122.868 970.45703 1122.8085 971.15066 1122.959 971.94531 C 1123.1095 972.73997 1123.4697 973.63584 1124.1895 974.65234 C 1125.2755 976.18684 1125.5723 976.75722 1125.6289 977.40234 C 1125.6855 978.04747 1125.5025 978.76766 1125.627 980.59766 C 1125.047 980.80591 1124.5547 981.14119 1124.1016 981.52344 C 1123.6484 981.90569 1123.2331 982.33452 1122.8066 982.72852 C 1122.3802 983.12252 1121.9432 983.48111 1121.4434 983.72461 C 1120.9436 983.96811 1120.3803 984.09659 1119.707 984.02734 C 1119.0205 983.64884 1118.4268 982.66598 1117.9219 981.61523 C 1117.417 980.56448 1117.0027 979.44547 1116.6777 978.79297 C 1116.4517 978.33797 1116.0566 977.92289 1115.8516 977.46289 C 1115.5921 976.88439 1115.4358 976.23448 1115.2012 975.63086 C 1114.9665 975.02723 1114.6531 974.46831 1114.0801 974.07031 C 1113.5671 973.81431 1113.0768 973.75602 1112.5996 973.80859 C 1112.1224 973.86117 1111.6574 974.02494 1111.1934 974.21875 C 1110.7293 974.41256 1110.2665 974.63503 1109.793 974.80273 C 1109.3194 974.97044 1108.8358 975.08434 1108.3301 975.05859 C 1107.2246 975.00259 1105.4205 975.05447 1103.666 974.90234 C 1102.7888 974.82628 1101.9233 974.69956 1101.1641 974.48242 C 1100.4049 974.26528 1099.7531 973.95773 1099.2988 973.52148 C 1098.1281 973.46548 1097.3344 973.33814 1096.7578 973.13477 C 1096.1813 972.93139 1095.8211 972.65231 1095.5156 972.28906 C 1094.9047 971.56256 1094.5138 970.5035 1093.0488 969.0625 C 1092.2238 968.2555 1090.4313 967.26636 1089.2363 966.81836 C 1088.5193 966.54936 1087.9946 965.93397 1087.4395 965.35547 C 1087.1619 965.06622 1086.8778 964.78494 1086.5566 964.5625 C 1086.2355 964.34006 1085.8778 964.17473 1085.457 964.11523 C 1085.156 964.07123 1084.7846 964.1792 1084.4746 964.1582 C 1083.9381 964.1217 1082.6342 963.96733 1081.3594 963.92383 C 1080.7219 963.90208 1080.0909 963.90814 1079.5684 963.9707 C 1079.0458 964.03327 1078.6318 964.15122 1078.4238 964.35547 C 1078.2303 964.82997 1077.7164 967.0323 1076.9297 969.79492 C 1076.1429 972.55755 1075.0833 975.88061 1073.7988 978.59961 C 1073.5738 979.07536 1073.203 979.42262 1072.748 979.68164 C 1072.2931 979.94066 1071.7531 980.11122 1071.1895 980.23828 C 1070.0621 980.49241 1068.8384 980.56773 1068.0039 980.80273 C 1062.4919 992.38773 1056.0821 1005.6994 1055.8711 1005.8594 C 1055.9941 1006.7224 1056.4213 1007.8289 1057.0449 1008.7949 C 1057.3567 1009.2779 1057.7168 1009.7253 1058.1133 1010.0898 C 1058.5098 1010.4544 1058.9422 1010.7367 1059.3965 1010.8867 C 1059.8845 1011.0487 1060.6918 1010.9993 1061.0898 1011.4023 C 1061.3948 1011.7093 1061.7001 1012.2785 1061.9551 1012.6445 C 1061.9411 1013.368 1062.1491 1014.1657 1062.4512 1014.9902 C 1062.7532 1015.8148 1063.1484 1016.6665 1063.5137 1017.498 C 1063.8789 1018.3296 1064.2131 1019.1421 1064.3887 1019.8867 C 1064.5642 1020.6314 1064.5815 1021.3073 1064.3145 1021.8711 C 1064.116 1022.2936 1063.6926 1022.6179 1063.2305 1022.9043 C 1062.7683 1023.1907 1062.268 1023.4398 1061.916 1023.7168 C 1061.3655 1024.1498 1061.0037 1024.6742 1060.6895 1025.2305 C 1060.3752 1025.7867 1060.1085 1026.3745 1059.75 1026.9375 C 1059.4115 1027.4685 1058.2917 1028.0471 1057.2109 1028.7988 C 1056.6706 1029.1747 1056.1389 1029.5937 1055.7207 1030.0723 C 1055.3025 1030.5509 1054.9971 1031.0882 1054.9062 1031.7012 C 1054.6434 1033.4717 1054.1194 1034.4827 1053.832 1035.4492 C 1053.6883 1035.9325 1053.603 1036.4047 1053.6406 1036.9551 C 1053.6782 1037.5055 1053.8379 1038.1354 1054.1816 1038.9316 C 1054.3281 1039.2721 1054.2131 1040.2889 1054.0723 1041.3164 C 1053.9314 1042.3439 1053.7646 1043.3812 1053.8066 1043.7617 C 1053.8584 1044.2375 1053.3604 1044.8228 1052.5859 1045.4434 C 1051.8115 1046.064 1050.7617 1046.7199 1049.709 1047.3418 C 1048.6562 1047.9637 1047.5996 1048.5515 1046.8164 1049.0312 C 1046.0332 1049.5111 1045.5224 1049.8822 1045.5566 1050.0762 C 1045.5861 1050.2437 1044.8291 1053.516 1044.0684 1057.0605 C 1043.3076 1060.605 1042.5431 1064.4221 1042.5566 1065.6836 C 1042.5635 1066.3588 1042.8045 1066.9912 1043.2188 1067.5918 C 1043.6329 1068.1924 1044.2212 1068.7613 1044.9258 1069.3086 C 1046.335 1070.4031 1048.2069 1071.4125 1050.0762 1072.4219 C 1051.9454 1073.4313 1053.8113 1074.4401 1055.2051 1075.5352 C 1055.902 1076.0827 1056.4822 1076.6529 1056.8848 1077.2539 C 1057.2874 1077.8549 1057.5125 1078.4864 1057.5039 1079.1621 C 1057.5007 1079.4309 1057.6503 1079.7004 1057.8887 1079.9512 C 1058.127 1080.202 1058.4532 1080.4343 1058.8086 1080.6348 C 1059.5193 1081.0356 1060.34 1081.3036 1060.7715 1081.3086 C 1061.5645 1081.2026 1061.8123 1080.6831 1062.1113 1080.5801 C 1063.1423 1080.2301 1064.2108 1079.7938 1065.2598 1079.5098 C 1065.5668 1079.4268 1066.6737 1079.5024 1066.9277 1079.5234 C 1067.8867 1079.5994 1069.1544 1079.6733 1070.0234 1080.1523 C 1070.7234 1080.5383 1071.7388 1081.3973 1072.6914 1082.3145 C 1073.644 1083.2316 1074.5348 1084.2076 1074.9863 1084.8301 C 1075.6578 1085.7576 1076.0104 1086.7235 1076.4766 1087.5762 C 1076.7096 1088.0025 1076.9707 1088.4019 1077.3145 1088.752 C 1077.6582 1089.102 1078.084 1089.4032 1078.6465 1089.6387 C 1079.5975 1089.5107 1080.9452 1089.3107 1082.1621 1089.4336 C 1082.7705 1089.495 1083.3472 1089.6377 1083.8242 1089.9102 C 1084.3013 1090.1826 1084.6788 1090.5857 1084.8926 1091.168 C 1085.0746 1091.663 1085.2743 1091.9934 1085.2363 1092.5254 C 1085.2118 1092.8504 1085.1709 1093.2845 1085.0469 1093.6758 C 1084.9229 1094.067 1084.715 1094.4163 1084.3555 1094.5723 C 1082.308 1095.4579 1076.8962 1098.659 1074.832 1099.8867 C 1075.0329 1099.9326 1075.235 1099.9793 1075.3457 1100.0625 C 1075.4925 1100.1728 1075.5503 1100.316 1075.498 1100.4941 C 1075.656 1101.7161 1076.2837 1102.3991 1076.7207 1103.4551 C 1076.9067 1103.9011 1077.5058 1106.1808 1077.5488 1106.6738 C 1077.6008 1107.2788 1077.4698 1108.284 1077.7578 1108.791 L 1078.0195 1109.248 C 1078.3008 1109.4713 1078.6421 1109.5879 1079.0156 1109.6367 C 1079.3891 1109.6855 1079.7943 1109.667 1080.207 1109.6211 C 1081.0324 1109.5292 1081.8848 1109.327 1082.5488 1109.334 C 1083.5698 1109.345 1084.6384 1109.3509 1085.6562 1109.4219 C 1087.3389 1109.5374 1089.9404 1109.9986 1092.4785 1110.6562 C 1093.7476 1110.9853 1094.9999 1111.3614 1096.1152 1111.7695 C 1097.2306 1112.1777 1098.2093 1112.6164 1098.9258 1113.0664 C 1099.7728 1113.5974 1100.5062 1114.4131 1101.3652 1114.9121 C 1102.0177 1115.2916 1102.756 1115.5311 1103.5293 1115.7188 C 1104.3026 1115.9062 1105.1116 1116.0427 1105.9082 1116.2148 C 1106.7048 1116.387 1107.4885 1116.5968 1108.2109 1116.9297 C 1108.9333 1117.2626 1109.5938 1117.7187 1110.1445 1118.3887 C 1110.756 1119.1327 1111.2542 1119.9143 1111.8477 1120.5586 C 1112.1444 1120.8807 1112.4657 1121.168 1112.8359 1121.4004 C 1113.2062 1121.6328 1113.6253 1121.8087 1114.1211 1121.9082 C 1114.8591 1121.6062 1115.1546 1120.8382 1115.8926 1120.5352 C 1117.5171 1120.7882 1118.7537 1120.6913 1119.7305 1120.3906 C 1120.7072 1120.09 1121.4253 1119.586 1122.0117 1119.0254 C 1122.5981 1118.4648 1123.0526 1117.849 1123.5059 1117.3223 C 1123.9591 1116.7955 1124.4108 1116.3575 1124.9883 1116.1582 C 1125.9643 1115.8222 1127.1777 1115.5299 1128.0977 1115.0859 C 1128.8372 1114.7274 1129.4322 1113.9718 1130.1152 1113.1953 C 1130.7982 1112.4188 1131.5686 1111.6211 1132.6621 1111.1816 C 1133.1039 1111.0041 1133.6213 1110.9435 1134.1738 1110.957 C 1134.7264 1110.9705 1135.3141 1111.0591 1135.9004 1111.1816 C 1137.0729 1111.4268 1138.2356 1111.8066 1139.0801 1111.9961 C 1140.1011 1112.2251 1142.8067 1111.8483 1143.8457 1111.6953 C 1144.6027 1111.9103 1145.231 1112.3964 1145.877 1112.8809 C 1146.523 1113.3654 1147.1866 1113.8477 1148.0176 1114.0547 C 1148.6626 1114.1047 1149.7185 1113.4434 1150.1445 1113.0254 C 1150.7385 1112.9334 1151.4982 1112.9805 1152.0742 1113.1562 C 1152.6377 1113.5224 1152.9769 1113.9072 1153.1895 1114.3047 C 1153.402 1114.7022 1153.4881 1115.1112 1153.5508 1115.5273 C 1153.6135 1115.9435 1153.6517 1116.367 1153.7656 1116.7891 C 1153.8795 1117.2112 1154.0693 1117.6336 1154.4355 1118.0488 C 1154.8855 1118.5583 1155.4584 1118.6684 1156.0605 1118.6504 C 1156.6627 1118.6324 1157.2948 1118.4851 1157.8633 1118.4766 C 1158.7233 1118.4641 1159.5941 1118.7988 1160.4688 1119.1562 C 1161.3432 1119.514 1162.2222 1119.8945 1163.0977 1119.9785 C 1163.4527 1120.0125 1164.3789 1119.6469 1164.6719 1119.4219 C 1164.6459 1119.1319 1165.0392 1119.0499 1165.4922 1119.1016 C 1165.9024 1119.1483 1166.3181 1119.3253 1166.5586 1119.5352 C 1166.5656 1119.4874 1166.5486 1119.4752 1166.5566 1119.4258 C 1166.5656 1119.3718 1166.8207 1118.3241 1166.8477 1118.2891 C 1168.1227 1116.7261 1171.5494 1114.3971 1171.6914 1112.3301 C 1171.6954 1112.2621 1171.4041 1110.8583 1171.3691 1110.6543 C 1170.6151 1109.8663 1168.5945 1108.2364 1168.1465 1107.4824 C 1166.5685 1104.8324 1169.224 1099.9765 1169.873 1097.2285 C 1170.224 1095.7455 1170.5991 1093.9311 1170.6211 1092.4121 C 1170.6461 1090.7651 1170.3035 1088.8825 1169.5605 1087.3945 C 1169.0745 1086.4195 1168.3165 1085.8104 1168.1055 1084.6504 C 1167.9145 1083.6034 1168.2579 1082.5128 1168.0859 1081.4238 C 1167.9349 1080.4678 1167.5011 1079.5997 1167.2031 1078.6797 C 1167.4531 1075.7247 1174.2258 1077.2288 1176.2148 1074.0918 L 1176.1426 1073.1074 C 1175.6606 1072.7354 1175.0993 1070.7886 1174.8633 1070.1426 C 1174.4493 1069.0006 1173.8717 1066.4309 1173.9707 1065.2559 C 1174.0827 1063.8779 1175.5671 1060.1013 1176.3281 1058.8633 C 1177.1941 1057.4543 1178.3169 1056.2135 1178.4609 1054.4785 C 1178.6459 1052.2265 1176.7461 1050.6554 1175.5801 1048.9824 C 1174.7751 1047.8344 1173.9399 1046.1801 1173.4609 1044.8691 C 1172.8359 1043.1631 1172.6984 1040.7214 1172.3574 1038.8984 C 1171.7454 1035.6224 1169.5741 1032.7241 1169.9551 1029.2461 C 1170.0311 1028.5701 1170.3786 1028.0609 1170.8906 1027.6309 C 1173.3856 1025.5269 1176.731 1030.6444 1178.543 1025.9844 C 1179.629 1023.1914 1173.6874 1017.6807 1176.5254 1015.4707 C 1177.6134 1014.5217 1177.1029 1011.9628 1177.0469 1010.7578 C 1176.9879 1009.4748 1177.1909 1008.1077 1177.0469 1006.8477 C 1176.9709 1006.1717 1176.2378 1004.8786 1175.9648 1004.1406 C 1175.5618 1002.9876 1175.5385 1001.652 1175.2285 1000.457 C 1174.7735 998.71024 1173.3442 995.4848 1174.3652 993.8418 C 1175.3162 992.3118 1176.7866 991.24067 1177.5566 989.51367 C 1177.8636 988.82167 1178.2679 987.87353 1178.4609 987.14453 C 1178.7599 986.02153 1180.8382 983.87823 1181.3242 982.99023 C 1182.4372 980.96823 1184.6597 979.8667 1186.0547 978.0957 C 1187.0137 976.8787 1187.9116 975.66723 1188.7266 974.36523 C 1189.0156 973.90723 1189.4851 973.64609 1189.7871 973.24609 C 1190.0661 972.87309 1190.1529 972.41092 1190.5039 972.04492 C 1191.2249 971.29592 1192.1987 970.43281 1192.5527 969.38281 C 1192.9617 968.16481 1193.5018 966.99414 1193.8828 965.74414 C 1194.9158 962.36814 1194.3776 958.96892 1196.9316 956.29492 C 1199.0416 954.08392 1199.8086 952.88942 1201.0996 949.73242 C 1201.3496 949.11742 1201.6074 948.76664 1201.6504 948.05664 C 1201.8264 945.15564 1197.3386 942.74305 1196.7656 940.37305 C 1196.2286 938.15905 1197.0327 935.86481 1197.3027 933.63281 C 1197.5877 931.25981 1197.6401 929.28334 1198.4121 926.90234 C 1198.7381 924.45834 1199.6275 921.92034 1200.5625 919.65234 C 1200.9805 918.63334 1201.4205 917.71867 1201.6895 916.63867 C 1202.1665 914.71967 1201.9652 912.44189 1202.1582 910.46289 C 1202.4392 907.58789 1203.1343 904.81472 1203.6133 902.01172 C 1203.7113 901.43272 1204.1211 900.98198 1204.2891 900.45898 C 1204.6781 899.24198 1204.8226 897.87355 1205.2676 896.68555 C 1206.7606 892.69755 1208.9766 892.00075 1210.2676 889.34375 C 1210.9956 887.84575 1211.0392 886.20386 1211.4512 884.63086 C 1211.9592 882.69186 1213.1135 880.85492 1213.9355 879.04492 C 1214.1341 878.60766 1214.2682 877.87856 1214.4844 877.25977 C 1211.1284 876.60918 1201.9605 874.83859 1201.8711 874.84375 L 1193.873 877.13867 C 1191.7445 877.74867 1189.5218 878.30689 1187.2754 878.75977 C 1185.029 879.21264 1182.761 879.5605 1180.543 879.75 L 1175.1973 875.47852 L 1168.9766 877.64062 L 1161.6309 871.12109 L 1156.5176 870.62891 L 1149.8574 875.23242 C 1149.3794 875.24642 1144.2141 875.42344 1144.0781 875.39844 C 1142.4081 875.08344 1139.1177 873.53267 1137.4062 872.88867 C 1137.2966 870.65167 1137.1442 868.35498 1136.8984 866.06836 C 1136.6527 863.78173 1136.3131 861.50505 1135.8281 859.31055 L 1125.5996 856.32422 C 1123.3931 857.12822 1121.0109 857.83389 1118.5938 858.38477 C 1116.1762 858.93564 1113.724 859.33298 1111.377 859.52148 L 1106.0332 854.35742 L 1105.5742 845.50391 C 1104.0332 845.44891 1102.2445 845.54503 1100.7305 845.33203 C 1099.4455 845.15253 1097.3978 844.54837 1095.3711 844.14062 C 1094.3577 843.93675 1093.3497 843.7815 1092.4453 843.75391 z "
   id="Alto Paraná"
   inkscape:label="Alto Paraná"></path><path
   style="fill:#ee1d23;fill-opacity:1;stroke:#ffffff;stroke-width:1.55900002;stroke-miterlimit:4;stroke-dasharray:none;stroke-opacity:1"
   d="m 977.09766,744.51367 c 0,0 -4.29102,3.83627 -6.16602,5.32227 -0.46875,0.37125 -0.84375,0.8109 -1.14258,1.26367 -0.29883,0.45276 -0.52148,0.91787 -0.68554,1.33594 -0.32813,0.83612 -0.42188,1.48633 -0.42188,1.48633 0,0 0,1.3927 0.42188,3.11132 0.21093,0.85932 0.52734,1.80094 1.00195,2.68946 0.47461,0.88851 1.10742,1.72425 1.95117,2.375 0.84375,0.65025 1.40625,1.18393 1.78125,1.64257 0.375,0.45865 0.5625,0.8431 0.65625,1.19141 0.1875,0.69663 0,1.25309 0.1875,1.99609 0.1875,0.7425 0.28125,2.41424 0.0937,4.36524 -0.0937,0.9755 -0.25781,2.021 -0.51562,3.05469 -0.25782,1.03368 -0.60938,2.05512 -1.07813,2.98437 -0.46875,0.929 -0.96094,1.71928 -1.48242,2.4043 -0.52149,0.68501 -1.07227,1.26653 -1.6582,1.77734 -1.17188,1.02163 -2.48438,1.76431 -3.98438,2.50781 -0.75,0.37175 -1.38281,0.72025 -1.92187,1.09766 -0.53907,0.37741 -0.98438,0.78386 -1.35938,1.27148 -0.375,0.48763 -0.67969,1.05541 -0.9375,1.75782 -0.25781,0.7024 -0.46875,1.53879 -0.65625,2.56054 -0.1875,1.022 -0.60937,2.25213 -1.16016,3.56446 -0.55078,1.31233 -1.23046,2.70762 -1.93359,4.05468 -1.40625,2.69413 -2.90625,5.20051 -3.65625,6.5 -0.375,0.65076 -0.65625,1.279 -0.82617,1.9004 -0.16992,0.62139 -0.22852,1.23621 -0.1582,1.86328 0.0703,0.62706 0.26953,1.26582 0.61523,1.93359 0.3457,0.66777 0.83789,1.36588 1.49414,2.10938 0.65625,0.74325 1.17188,1.53129 1.59375,2.38476 0.42188,0.85347 0.75,1.77091 1.03125,2.76953 0.5625,1.99725 0.9375,4.31992 1.5,7.10742 0.14063,0.69663 0.42395,1.33266 0.81055,1.91211 0.3866,0.57946 0.87632,1.10334 1.43359,1.57422 1.11455,0.94177 2.49636,1.67532 3.8418,2.23438 2.69087,1.11812 5.24023,1.53906 5.24023,1.53906 -0.0485,0.5745 0.19924,1.23797 0.53711,1.87109 0.33788,0.63313 0.76517,1.23641 1.07617,1.69141 1.544,2.257 3.00252,5.03073 3.97852,7.55273 0.687,1.775 0.91022,3.79113 1.57422,5.57813 0.2025,0.546 1.2323,1.53659 2.32617,2.51172 1.09387,0.97512 2.25189,1.93533 2.71289,2.42383 0.963,1.021 2.13106,2.5274 2.91406,3.6914 0.425,0.631 0.67678,1.24775 0.83203,1.89063 0.15525,0.64287 0.21386,1.31147 0.25586,2.04297 0.062,1.092 -0.12961,1.9865 -0.22461,3.0625 -0.0957,1.11425 0.006,2.01767 0.26954,2.78515 0.26304,0.76749 0.68839,1.39771 1.23632,1.96289 1.09588,1.13038 2.68652,2.00146 4.47852,3.18946 0.873,0.581 1.89675,1.17973 2.71875,1.80273 0.56475,0.42975 1.43061,1.17024 2.38281,2.0918 0.9522,0.92156 1.99053,2.02419 2.90043,3.17969 0.9098,1.15549 1.6913,2.36453 2.1289,3.49609 0.2188,0.56578 0.3509,1.1116 0.3711,1.62305 0.02,0.51009 -0.074,0.98418 -0.3047,1.4082 5.7732,-2.28372 11.5179,-4.66788 17.2461,-7.06055 l 13.1797,-5.50586 c 2.192,-1.0235 4.3077,-2.28433 6.4277,-3.5332 2.12,-1.24888 4.2441,-2.48503 6.4531,-3.45703 2.25,-0.989 3.6128,-1.32102 5.9238,-2.16602 l 11.8497,-4.33203 c 3.653,-1.227 7.7058,-1.9163 11.2968,-3.2793 0.138,-0.053 6.2051,-3.36523 6.2051,-3.36523 0.774,-0.694 0.9612,-1.30953 1.5762,-2.14453 0.9415,-1.282 1.8967,-2.66286 2.9902,-3.91211 0.5468,-0.62463 1.1282,-1.21758 1.7598,-1.74805 0.6316,-0.53047 1.3128,-0.99795 2.0605,-1.37695 0.599,-0.30425 1.4004,-0.40455 2.3047,-0.37695 0.9044,0.0276 1.9124,0.18285 2.9258,0.38671 2.0267,0.40775 4.0744,1.01191 5.3594,1.19141 1.514,0.213 3.3027,0.11688 4.8437,0.17188 l 0.459,8.85351 5.3438,5.16406 c 2.347,-0.1885 4.7995,-0.58584 7.2168,-1.13671 2.417,-0.55088 4.7993,-1.25655 7.0058,-2.06055 l 10.2285,2.98633 c 0.485,2.1945 0.8246,4.47118 1.0703,6.75781 0.2458,2.28662 0.398,4.58331 0.5078,6.82031 1.7111,0.644 5.0019,2.19477 6.6719,2.50977 0.136,0.025 5.3013,-0.15202 5.7793,-0.16602 l 6.6602,-4.60351 5.1133,0.49218 7.3457,6.51953 6.2207,-2.1621 5.3457,4.27148 c 2.218,-0.1895 4.486,-0.53736 6.7324,-0.99023 2.2464,-0.45288 4.4691,-1.0111 6.5976,-1.6211 l 7.9981,-2.29492 c 0.089,-0.005 9.2573,1.76543 12.6133,2.41602 0.5426,-1.55346 1.1611,-3.29673 1.375,-4.48243 0.122,-0.666 0.1154,-1.37062 0.3554,-2.01562 0.287,-0.772 0.5781,-1.4625 0.7481,-2.3125 0.228,-1.127 0.4743,-2.76825 0.3203,-3.90625 -0.033,-0.248 -0.2243,-0.52249 -0.2793,-0.77149 -0.36,-1.653 -0.358,-3.49432 -0.832,-5.11132 -1.044,-3.565 -2.8506,-4.74774 -1.8086,-9.05274 0.291,-2.512 1.4442,-5.84053 2.9922,-7.89453 0.474,-0.627 1.136,-1.11981 1.58,-1.75781 0.316,-0.451 0.4883,-0.89397 0.9043,-1.29297 0.728,-0.697 1.7055,-1.1437 2.3164,-1.9707 1.0595,-1.432 1.1446,-3.47638 1.8946,-5.10938 0.703,-1.535 2.0208,-2.77897 2.1308,-4.54297 0.138,-2.232 -0.9898,-3.66389 -1.3828,-5.71289 -0.269,-1.396 -0.219,-2.86317 -0.748,-4.20117 -0.988,-2.491 -5.2789,-4.34131 -7.1309,-6.69531 -1.363,-1.731 -0.4255,-5.52436 -0.9375,-7.94336 -0.545,-2.584 -2.4691,-5.25056 -2.4121,-7.85156 0.068,-3.153 3.8633,-6.59197 5.9883,-8.66797 1.518,-1.482 2.7755,-2.96533 4.6445,-4.11133 0.863,-0.529 1.8869,-0.91981 2.7949,-1.38281 -0.508,-0.575 -1.0644,-1.39371 -1.6914,-1.84571 -0.658,-0.475 -1.4961,-0.76833 -2.1621,-1.23633 -1.049,-0.73399 -2.1616,-1.70434 -3.3066,-2.27734 -1.178,-0.59 -4.1783,-1.95291 -5.1973,-2.7539 -1.252,-0.645 -2.4859,-1.13483 -3.5859,-2.04883 -2.588,-2.153 -5.6426,-8.99049 -8.3906,-11.89649 -1.326,-1.405 -7.7888,-3.96171 -9.8418,-4.92968 -0.717,-0.33701 -1.4374,-0.87543 -2.2344,-1.35743 -1.775,-1.086 -3.7168,-2.40039 -5.5938,-3.27539 -1.334,-0.621 -2.7977,-0.99986 -4.1367,-1.63086 -1.235,-0.582 -2.1896,-1.49034 -3.2636,-2.27734 -0.4444,-0.325 -1.0209,-0.50145 -1.4649,-0.81445 -0.988,-0.697 -2.3702,-2.01954 -3.6601,-2.01953 -2.1014,-10e-6 -3.0473,2.45723 -3.6993,3.99023 -3.528,2.409 -4.4744,1.91872 -8.0254,3.26172 -1.242,0.472 -2.4532,1.15281 -3.7812,1.38281 -1.408,0.245 -3.1112,0.11572 -4.4492,0.51172 -1.246,0.368 -4.0475,3.25925 -5.4785,4.15625 -1.413,0.885 -3.303,1.81834 -4.875,2.40234 -1.848,0.682 -4.3471,1.09419 -5.8321,2.49219 -1.894,1.783 -2.306,4.6577 -4.875,6.2207 -4.611,2.806 -5.8569,0.0829 -9.2929,1.46094 -2.256,0.905 -5.4469,3.53744 -7.754,3.64844 -1.2425,0.059 -2.9377,0.007 -4.1367,-0.29492 -1.508,-0.38 -3.0544,-1.24833 -4.6894,-0.86133 -0.74,0.679 -1.9595,1.23622 -2.8555,1.94922 -6.18,5.119 -13.3647,2.95476 -19.9687,0.01 -2.777,-1.238 -5.3515,-0.63281 -8.2325,-0.63281 -4.723,0 -11.9142,-2.89872 -13.8242,-7.51172 -1.002,-2.425 -0.4648,-7.8695 -0.5918,-10.6875 -0.149,-3.268 -0.9555,-6.47619 -1.1015,-9.74219 -0.029,-0.634 0.097,-1.28878 0.082,-1.92578 -0.027,-1.144 -0.4588,-2.26859 -0.5098,-3.43359 -0.125,-2.756 -0.365,-5.25852 -0.873,-7.97852 -0.267,-1.414 -0.203,-2.94584 -0.584,-4.33984 -0.771,-2.82 -3.3326,-7.25266 -5.5176,-9.22266 -0.77,-0.693 -1.7926,-1.24706 -2.7656,-1.91406 -0.998,-1.268 -2.7426,-2.31272 -3.0586,-4.01172 -0.653,-3.523 0.9498,-7.38136 0.5508,-10.94336 -0.371,-3.296 -3.2384,-7.68292 -2.4824,-11.54492 0.7868,-4.01713 5.1514,-5.88814 4.6289,-11.92187 -0.8511,0.55582 -1.7379,1.45265 -2.5371,2.44336 -0.8178,1.01362 -1.5448,2.10665 -2.0508,2.97265 -0.413,0.707 -0.6057,1.58447 -1.1817,2.23047 -0.733,0.8235 -1.91,1.46141 -2.955,1.98828 -1.045,0.52688 -1.9582,0.94241 -2.1622,1.31641 -0.717,1.311 -1.0045,2.80864 -1.373,4.27539 -0.1843,0.73337 -0.3897,1.45936 -0.6777,2.15039 -0.288,0.69103 -0.6588,1.34691 -1.1778,1.94141 l -4.6855,5.36523 c -0.162,0.183 -0.2505,0.48655 -0.3965,0.68555 -0.33,0.45 -0.7796,0.65825 -1.1406,1.03125 -2.377,2.444 -3.3999,3.38612 -6.2989,5.57812 -0.621,0.47 -1.3807,0.80014 -1.9707,1.24414 l -5.4726,4.11914 c -0.804,0.605 -1.4148,1.27615 -1.875,1.99219 -0.4602,0.71605 -0.7701,1.47718 -0.9727,2.26367 -0.4051,1.57299 -0.3818,3.24624 -0.2734,4.85742 0.1084,1.61119 0.3016,3.15977 0.2344,4.48438 -0.034,0.6623 -0.1331,1.26906 -0.3399,1.79883 -0.2068,0.52976 -0.5202,0.98322 -0.9863,1.33984 -0.788,0.602 -1.6931,1.21424 -2.5488,1.88086 -0.8558,0.66663 -1.6619,1.38853 -2.2559,2.20703 -0.526,0.2185 -1.3698,0.27764 -2.1523,0.35352 -0.7825,0.0759 -1.5042,0.16717 -1.7852,0.45117 -0.705,0.7125 -1.2405,1.48478 -1.71288,2.26562 -0.47235,0.78085 -0.88176,1.57065 -1.3379,2.32227 -0.45612,0.75162 -0.95889,1.465 -1.61523,2.08984 -0.65634,0.62485 -1.46606,1.162 -2.53906,1.5625 -1.335,0.4975 -2.68605,0.70612 -4.04492,0.76954 -1.35888,0.0634 -2.72571,-0.0189 -4.09571,-0.10938 -1.37,-0.0904 -2.74295,-0.18836 -4.11132,-0.15234 -1.36839,0.036 -2.73194,0.20568 -4.08594,0.64843 z"
   id="Canindeyú"
   inkscape:label="Canindeyú"
   inkscape:connector-curvature="0"
   sodipodi:nodetypes="cccccccccccsccccscccccccccscccccscccccccccccccsccscsccccccccccccscccccccccccccccccccccccccccccccccccccccccccccccccccccccccccccccccccccccscccccccccccccccccccscccccccccsccccccccccccsccc"></path><path
   style="fill:#ee1d23;fill-opacity:1;stroke:#ffffff;stroke-opacity:1;stroke-width:1.559;stroke-miterlimit:4;stroke-dasharray:none"
   d="M 953.19727 663.08008 C 952.35261 663.12891 951.75048 663.45475 951.28711 663.88281 C 950.36036 664.73894 949.99047 666.00635 949.35547 666.29688 C 948.88097 666.47688 948.22716 666.33347 947.55078 666.13672 C 946.87441 665.93997 946.17523 665.68839 945.61523 665.65039 C 944.72573 665.98989 944.08205 666.47256 943.53125 666.98242 C 942.98045 667.49228 942.5238 668.03028 942.00586 668.48047 C 941.48792 668.93066 940.91006 669.29266 940.11914 669.45312 C 939.32822 669.61361 938.32289 669.57214 936.95312 669.21289 L 935.27539 668.02539 C 935.27471 668.02676 935.27608 668.02793 935.27539 668.0293 L 935.14062 668.49609 C 935.10888 668.83009 934.80072 669.12872 934.33594 669.39648 C 933.87116 669.66425 933.25103 669.90208 932.59766 670.11914 C 931.29091 670.55327 929.85036 670.90206 929.25586 671.22656 L 929.01172 671.39844 C 928.62022 671.74344 928.37186 672.14925 928.22461 672.59375 C 928.07736 673.03825 928.03147 673.52239 928.04297 674.02539 C 928.05972 674.71089 928.00623 675.13563 927.88672 675.40625 C 927.7672 675.67687 927.5808 675.79387 927.33398 675.85938 C 926.84036 675.99036 926.10134 675.91928 925.15234 676.48828 L 924.89453 676.68945 C 924.27653 677.30745 924.24444 677.9393 923.89844 678.6543 C 923.80644 678.7403 923.62436 678.90852 923.31836 678.97852 L 922.72266 679.10742 C 922.16566 679.23442 921.66627 679.44167 921.19727 679.76367 L 920.67773 680.12891 C 920.55873 680.21191 920.44036 680.29347 920.31836 680.35547 C 918.74936 680.48947 917.67197 680.21853 916.48047 680.03516 C 915.88472 679.94347 915.26044 679.8732 914.53125 679.88672 C 913.80206 679.90023 912.96762 679.99653 911.95312 680.23828 C 910.89513 680.48978 910.26792 680.97814 909.7168 681.52539 C 909.16567 682.07264 908.69186 682.67942 907.94336 683.16992 L 907.27734 683.50586 L 905.67383 684.30078 C 905.09583 684.57978 904.51183 684.85936 904.04883 685.06836 L 903.50195 685.30273 C 903.13308 684.93723 902.7389 684.6947 902.32617 684.54883 C 901.91344 684.40296 901.48047 684.3537 901.03711 684.37695 C 900.15039 684.42347 899.21698 684.75767 898.28711 685.17773 C 897.35723 685.5978 896.43167 686.1045 895.56445 686.49414 C 894.69723 686.88378 893.8882 687.15608 893.18945 687.11133 L 893.03906 686.86719 C 892.80706 686.46419 892.58391 686.0577 892.25391 685.7207 C 891.62466 685.0737 890.87984 684.62598 890.07422 684.34961 C 889.26859 684.07323 888.40205 683.96775 887.5293 684 C 886.65655 684.03225 885.77594 684.20355 884.94531 684.48242 C 884.11469 684.7613 883.33355 685.14783 882.6543 685.61133 C 882.3863 685.56133 882.13095 685.4822 882.00195 685.4082 C 880.37995 684.4722 878.81964 683.40524 877.18164 682.73438 C 876.36264 682.39894 875.52469 682.1617 874.64844 682.08984 C 873.77219 682.01798 872.85767 682.1123 871.88867 682.43555 C 870.49092 682.90105 869.4525 683.2035 868.5918 683.37109 C 867.73109 683.53869 867.0478 683.57117 866.36523 683.49805 C 865.00011 683.3518 863.63217 682.78163 860.82617 682.01562 C 858.90317 681.49014 857.29725 681.00361 855.84375 681.00586 C 855.117 681.00698 854.42775 681.12973 853.75781 681.43164 C 853.08787 681.73355 852.4367 682.21444 851.7832 682.92969 L 851.03711 683.75195 L 850.78516 684.01953 C 849.75916 684.12603 848.51153 683.79042 847.30078 683.57617 C 846.69541 683.46905 846.10039 683.39173 845.54492 683.41602 C 844.98945 683.4403 844.4747 683.56458 844.0332 683.86133 L 843.63281 684.14062 L 843.30859 684.36719 C 843.17559 684.37619 842.9847 684.36719 842.8457 684.36719 C 842.0027 684.36419 841.44947 684.47658 840.94922 684.7207 C 840.44897 684.96483 840.00209 685.34073 839.37109 685.86523 C 839.11109 686.08161 838.8492 686.18483 838.57812 686.20898 C 838.30706 686.23314 838.02619 686.17959 837.73242 686.08008 C 837.14489 685.88105 836.50008 685.50308 835.75195 685.2207 C 835.00383 684.93833 834.15217 684.75088 833.15039 684.93359 C 832.6495 685.02495 832.11105 685.20907 831.5293 685.51953 C 830.94754 685.83 830.32269 686.26711 829.64844 686.86523 C 829.08244 687.36748 828.5782 687.68394 828.11328 687.89453 C 827.64836 688.10513 827.2233 688.21028 826.81836 688.28516 C 826.00848 688.43491 825.27744 688.46922 824.46094 689.01172 C 824.32994 689.10472 824.10659 689.29 823.93359 689.375 C 822.61709 689.4655 821.77691 689.35017 820.92578 689.3418 C 820.07466 689.33342 819.21256 689.43215 817.85156 689.95312 C 816.85706 690.33362 815.65389 690.62977 814.44727 690.79102 C 813.24064 690.95227 812.03048 690.97781 811.02148 690.82031 C 809.67898 690.61181 808.21198 690.32077 806.80273 690.33789 C 806.09811 690.34645 805.40789 690.4327 804.75586 690.64453 C 804.10383 690.85636 803.4888 691.19403 802.93555 691.70703 C 802.04405 692.53453 800.90264 693.26645 799.68164 693.68945 C 799.07114 693.90095 798.44181 694.03534 797.8125 694.06641 C 797.18319 694.09747 796.55497 694.02452 795.94922 693.82227 C 794.37222 693.29627 793.46747 693.12703 792.55859 693.22266 C 791.64972 693.31828 790.73617 693.67753 789.13867 694.20703 C 788.37592 694.46016 787.6605 694.5809 786.97852 694.5957 C 786.29653 694.61051 785.64736 694.52126 785.02148 694.35742 C 783.76973 694.02975 782.60689 693.40294 781.43164 692.71875 C 780.25639 692.03456 779.06944 691.29181 777.77344 690.72852 C 777.12544 690.44687 776.44954 690.21074 775.73438 690.04883 C 775.01918 689.88692 774.26403 689.79891 773.45703 689.81641 L 772.21875 689.84766 C 772.20748 690.04172 772.23834 690.24683 772.2207 690.4375 C 772.12288 691.495 771.92834 692.49261 771.65234 693.34961 C 771.40634 694.11461 771.02927 694.66861 770.69727 695.27148 C 770.36527 695.87436 770.07958 696.52573 770.01758 697.49023 C 769.91833 699.04073 769.93856 700.42805 770.07031 701.71289 C 770.20206 702.99773 770.44402 704.1813 770.79102 705.32617 C 771.13802 706.47105 771.59022 707.57644 772.13672 708.70703 C 772.68322 709.83763 773.32444 710.99238 774.05469 712.23438 C 775.05019 713.92836 775.41541 715.53947 776.14062 716.91797 C 776.50325 717.60722 776.95589 718.23866 777.62305 718.79297 C 778.2902 719.34728 779.17088 719.82503 780.39062 720.20703 C 781.16712 720.45003 781.7633 720.88499 782.37305 721.29688 C 782.9828 721.70875 783.606 722.09664 784.4375 722.24414 L 784.83594 722.31836 C 786.00644 722.57036 787.65578 723.33353 789.19141 724.28516 C 790.72703 725.23678 792.14733 726.37736 792.86133 727.38086 C 793.28433 727.97286 794.25825 729.28547 795.0625 730.62109 C 795.46463 731.28891 795.82502 731.96267 796.05273 732.55469 C 796.28045 733.1467 796.37455 733.6563 796.24805 733.99805 C 795.65505 734.10405 795.02886 734.12053 794.44336 734.23828 C 793.85786 734.35603 793.31377 734.57494 792.88477 735.08594 L 792.69336 735.38867 L 792.33984 736.16016 L 792.22266 736.62891 C 792.16316 737.56341 792.46388 738.30716 792.9375 738.95703 C 793.41112 739.60691 794.0575 740.16266 794.6875 740.72266 C 795.298 741.28116 795.56017 741.78055 795.61133 742.25977 C 795.66248 742.73898 795.502 743.19811 795.26562 743.67773 C 795.02927 744.15736 794.71694 744.65708 794.46484 745.2168 C 794.21275 745.77652 794.02139 746.39573 794.02539 747.11523 L 794.03906 748.44336 L 794.07031 750.58984 C 794.07256 750.87359 793.82947 751.24345 793.44922 751.65039 C 793.06897 752.05733 792.55111 752.50048 792.00586 752.92773 C 790.91536 753.78223 789.71308 754.57408 789.26758 754.89258 C 788.35858 755.54208 787.52595 756.34806 786.92383 757.28906 C 786.62277 757.75956 786.38028 758.26314 786.21289 758.79883 C 786.0455 759.33452 785.95278 759.9023 785.95703 760.49805 L 786.00977 760.84961 C 786.18177 761.45486 786.63645 761.95606 787.25195 762.375 C 787.86745 762.79394 788.64353 763.13145 789.45703 763.4082 C 791.08403 763.9617 792.86259 764.27394 793.80859 764.52344 C 794.14484 764.61206 794.41967 764.83935 794.64648 765.17383 C 794.87329 765.50831 795.05129 765.95096 795.19141 766.46875 C 795.47164 767.50433 795.60194 768.84277 795.67188 770.23633 C 795.81173 773.02345 795.71302 776.02714 796.10352 777.24414 C 796.31102 777.89264 796.62948 778.26875 797.01562 778.46289 C 797.40179 778.65703 797.85495 778.66958 798.33008 778.58789 C 799.28033 778.42452 800.31989 777.88691 801.08789 777.69141 C 801.59589 777.88441 802.33647 778.50303 802.73047 779.08203 C 802.73347 779.83703 802.76127 780.62338 802.69727 781.35938 C 802.61527 782.29938 801.8468 784.01366 801.49805 785.61328 C 801.32367 786.41309 801.25452 787.18408 801.42773 787.81641 C 801.51434 788.13257 801.66143 788.41374 801.88672 788.64648 C 802.11201 788.87923 802.41595 789.06392 802.81445 789.18555 C 803.3792 789.3583 803.88534 789.37091 804.39844 789.31641 C 804.91153 789.26191 805.43141 789.13906 806.01953 789.03906 C 806.60766 788.93906 807.26484 788.86219 808.05469 788.89844 C 808.84453 788.93469 809.76652 789.0852 810.88477 789.43945 C 811.31477 789.57545 811.55723 789.85148 811.67578 790.21094 C 811.79433 790.57039 811.78872 791.0137 811.72266 791.47852 C 811.59053 792.40814 811.21692 793.42977 811.10742 794.07227 C 810.94542 794.16727 810.81386 794.26847 810.75586 794.35547 C 810.04386 795.43097 809.22091 796.17553 808.50391 797.01953 C 808.14541 797.44153 807.81316 797.88944 807.53516 798.41406 C 807.25716 798.93869 807.03365 799.54114 806.89062 800.27539 C 806.79363 800.76839 806.89706 801.15359 807.125 801.46289 C 807.35294 801.77219 807.70431 802.00583 808.10156 802.19727 C 808.89606 802.58014 809.87411 802.79311 810.41211 803.09961 C 811.32511 804.05461 812.03041 805.16773 812.73828 806.28711 C 813.44616 807.40648 814.15653 808.53231 815.08203 809.50781 C 815.88703 810.35531 817.01684 811.68367 817.93359 813.06055 C 818.39197 813.74898 818.797 814.44888 819.08203 815.10742 C 819.36706 815.76597 819.53227 816.38184 819.50977 816.90234 C 819.42777 818.84934 819.40869 820.39694 819.80469 822.33594 C 819.92369 822.91919 820.23016 823.4987 820.61914 824.06641 C 821.00812 824.63411 821.47995 825.19041 821.93164 825.73047 C 822.38333 826.27053 822.81398 826.79264 823.12109 827.29297 C 823.4282 827.7933 823.61116 828.2722 823.56641 828.7207 C 823.34041 830.9607 823.15494 833.01472 823.21094 835.26172 C 823.23219 836.12622 822.99467 836.89116 822.67188 837.60742 C 822.34906 838.32369 821.93958 838.98984 821.61914 839.66016 C 821.2987 840.33047 821.06737 841.00383 821.0957 841.73047 C 821.12403 842.45711 821.41322 843.2378 822.13672 844.12305 L 822.60938 844.69531 C 823.11536 845.33231 824.65725 848.48708 825.03125 849.33008 C 825.40925 850.18183 825.45966 850.82664 825.29688 851.34375 C 825.13408 851.86086 824.75703 852.25206 824.27734 852.59375 C 823.31797 853.27713 821.94991 853.76808 821.06641 854.70508 L 820.83789 854.94922 C 820.52739 855.26147 820.36148 855.66031 820.29883 856.10156 C 820.23617 856.54281 820.27538 857.02713 820.375 857.51562 C 820.57425 858.49262 821.01266 859.4827 821.34766 860.1582 C 821.72291 860.91608 821.932 861.52991 822.01172 862.03906 C 822.09144 862.54821 822.04288 862.95181 821.89844 863.29297 C 821.60955 863.97528 820.94286 864.40369 820.18555 864.89844 C 819.42823 865.39319 818.57859 865.95514 817.92383 866.9082 C 817.59645 867.38473 817.31774 867.95965 817.12305 868.67188 C 816.92836 869.38409 816.81875 870.23309 816.82812 871.26172 C 816.83114 871.53547 817.05491 871.90741 817.40039 872.32227 C 817.74588 872.73713 818.21373 873.1952 818.70117 873.64062 C 819.67605 874.53152 820.73277 875.37266 821.07227 875.72266 C 821.67727 876.34716 822.06833 876.80519 822.28516 877.17578 C 822.50198 877.54638 822.54477 877.8305 822.45508 878.10938 C 822.2757 878.6671 821.56589 879.20319 820.65039 880.36719 C 819.87339 881.35419 819.39853 882.31775 819.10156 883.22852 C 818.80459 884.13928 818.68511 884.99638 818.61523 885.77344 C 818.54536 886.5505 818.52541 887.24614 818.42969 887.83203 C 818.33397 888.41792 818.16161 888.89517 817.78711 889.23242 C 817.34686 889.38867 816.91397 889.36631 816.47852 889.25195 C 816.04306 889.13759 815.60627 888.93028 815.1582 888.71484 C 814.71014 888.49941 814.25152 888.27589 813.77344 888.12891 C 813.29536 887.98192 812.79698 887.91291 812.27148 888.00391 L 812.05859 888.05859 C 811.65859 888.19559 811.29356 888.43994 810.97656 888.71094 C 810.62206 889.01294 810.26567 889.58542 809.92773 890.29688 C 809.5898 891.00833 809.27073 891.85944 808.99023 892.71875 C 808.42923 894.43737 808.0235 896.18919 807.9375 896.92969 L 807.75586 897.47852 C 807.58686 897.96752 807.34947 898.6213 807.10547 899.2793 L 806.41016 901.11523 L 806.17188 901.72852 C 805.64387 902.50652 804.91228 903.27033 804.22266 904.04883 C 803.53303 904.82733 802.88584 905.62003 802.52734 906.45703 C 802.45634 906.53803 802.39597 906.63152 802.29297 906.72852 L 801.88672 907.11133 C 801.40622 907.55483 800.55194 908.36147 799.97656 909.24609 C 799.68887 909.68841 799.47078 910.15088 799.4043 910.5957 C 799.33781 911.04053 799.42223 911.46825 799.74023 911.84375 C 800.83773 913.13575 801.35591 913.78859 801.95703 913.96484 C 802.55816 914.14109 803.24283 913.84047 804.67383 913.23047 L 804.98828 913.09961 C 804.69378 914.80261 804.18511 915.8938 804.00586 917.06055 C 803.91623 917.64392 803.90945 918.24535 804.05273 918.95312 C 804.14626 919.41509 804.43125 920.02593 804.67188 920.60156 C 805.85743 920.87827 808.48962 921.23688 809.55078 921.45703 C 809.82178 921.51403 810.11091 921.71977 810.37891 921.75977 C 812.01191 921.99877 813.72289 922.16228 815.33789 922.48828 C 816.35014 922.69153 817.1347 923.08102 817.77344 923.5625 C 818.41217 924.04398 818.90505 924.61756 819.33398 925.1875 C 819.76292 925.75744 820.12886 926.32436 820.51172 926.79297 C 820.89458 927.26158 821.29442 927.63109 821.79492 927.80859 C 822.85192 928.18309 824.03466 928.17416 825.22266 928.09766 C 826.41066 928.02116 827.60355 927.87697 828.68555 927.98047 C 829.78605 928.08497 830.85033 928.42491 831.92383 928.69141 C 832.99733 928.95791 834.0802 929.15225 835.2207 928.96875 C 836.4222 928.77425 838.10756 928.17681 839.74219 927.47656 C 841.37681 926.77631 842.96094 925.97278 843.96094 925.36328 C 845.03994 924.70428 845.95136 923.86273 847.10938 923.30273 C 848.13238 922.80773 849.12669 922.65741 850.17969 922.31641 C 852.60569 921.52441 854.42664 920.62247 856.55664 919.35547 C 857.81864 918.60447 859.15523 917.79452 860.52148 917.04102 C 861.88773 916.28752 863.28397 915.59045 864.66797 915.06445 C 867.44697 914.00845 869.98408 913.02389 872.58008 911.58789 C 873.01508 911.34889 873.29773 910.98048 873.80273 910.77148 C 874.43873 910.50898 875.068 910.43959 875.68945 910.49805 C 876.31091 910.5565 876.92438 910.74323 877.52344 910.99805 C 878.72156 911.50767 879.86623 912.28453 880.92773 912.83203 C 881.88473 913.32453 882.84345 913.78736 883.76758 914.30273 C 884.6917 914.81811 885.58089 915.3877 886.40039 916.0957 C 887.13439 916.7307 887.67613 917.83114 888.32812 918.36914 L 890.37891 918.66992 L 891.19141 920.55859 C 891.44766 921.15409 891.71425 921.55187 892 921.83203 C 892.28575 922.11219 892.59036 922.27341 892.92188 922.39453 C 893.58488 922.63678 894.35533 922.71772 895.29883 923.26172 C 896.30783 923.84272 897.40013 924.89614 898.32812 925.61914 C 898.83964 926.01814 899.36377 926.44589 899.93164 926.80664 C 900.49952 927.16739 901.11192 927.4617 901.79492 927.5957 L 905.5332 928.32422 C 905.5852 928.33422 905.83939 928.25523 905.90039 928.24023 C 906.48089 928.51623 907.19675 928.77575 907.9668 928.96289 C 908.73684 929.15003 909.56078 929.26414 910.35547 929.25195 C 911.15016 929.23977 911.91589 929.10128 912.57031 928.7793 C 913.22473 928.45731 913.76794 927.95319 914.11719 927.21094 C 914.69519 925.97794 915.10327 924.5057 915.57227 923.2207 C 915.90427 922.3137 915.8472 921.25073 916.0332 920.30273 C 916.4037 918.39923 916.77748 917.25348 917.42773 916.27148 C 918.07798 915.28948 919.00492 914.4702 920.48242 913.2207 C 921.02942 912.7577 921.78331 912.19328 922.60156 911.78516 C 923.41981 911.37703 924.30256 911.12461 925.10156 911.28711 C 926.67556 911.60811 928.05308 912.26141 929.70508 912.31641 L 930.29688 911.80273 C 930.72087 910.76423 930.76898 909.61576 930.77148 908.45312 C 930.77398 907.2905 930.7308 906.11444 930.9668 905.02344 L 931.87109 902.66211 C 932.93909 900.97011 934.49658 899.55534 935.76758 898.02734 C 937.40858 896.05734 938.68573 893.97459 940.17773 891.93359 C 940.40873 891.61659 941.17169 891.26008 941.55469 891.20508 C 942.28669 891.29983 942.97697 891.77519 943.62305 892.46875 C 944.26913 893.16231 944.87097 894.07322 945.42578 895.04297 C 946.53541 896.98247 947.45742 899.15322 948.16992 900.26172 C 948.49942 900.77472 949.05544 901.13828 949.58594 901.51953 C 950.11644 901.90078 950.62116 902.29991 950.84766 902.87891 C 951.13266 903.60891 951.2787 904.43934 951.5957 905.15234 C 951.8997 905.83234 952.42733 906.44895 952.73633 907.12695 C 953.20583 908.16195 953.51681 909.33917 953.99219 910.4043 C 954.22987 910.93686 954.50778 911.44062 954.86914 911.88477 C 955.2305 912.32891 955.67373 912.71411 956.24023 913.00586 C 956.79673 913.29236 957.56628 913.31395 958.42773 913.16602 C 959.28919 913.01808 960.24336 912.69994 961.16992 912.30469 C 963.02305 911.51419 964.76691 910.41677 965.44141 909.75977 C 966.14241 909.07752 966.61546 908.22577 966.95312 907.3125 C 967.2908 906.39923 967.49266 905.42441 967.65234 904.49609 C 967.81203 903.56778 967.92866 902.68442 968.0957 901.95703 C 968.26275 901.22964 968.48009 900.65816 968.83984 900.34766 C 969.33984 900.05916 970.72698 899.85216 972.16211 899.67578 C 973.59723 899.49941 975.08003 899.3525 975.76953 899.1875 C 976.73853 898.956 977.75791 898.59816 978.73828 898.16016 C 979.71866 897.72216 980.66006 897.20375 981.47656 896.65625 C 982.53556 895.94525 983.34483 894.92081 984.54883 894.38281 C 985.08433 894.14281 985.72295 894.16873 986.36133 894.19336 C 986.9997 894.21798 987.63792 894.24159 988.16992 893.99609 C 991.03192 892.67809 993.80269 891.66144 996.80469 890.64844 C 999.62369 889.69844 998.48602 890.03355 1000.1641 889.56055 C 1001.4011 889.21305 1002.0387 888.97284 1002.4238 888.49609 C 1002.809 888.01934 1002.9424 887.30617 1003.1699 886.01367 C 1003.1707 886.01336 1003.1711 886.01203 1003.1719 886.01172 C 1003.4028 885.5877 1003.4966 885.11361 1003.4766 884.60352 C 1003.4564 884.09207 1003.3243 883.54625 1003.1055 882.98047 C 1002.6679 881.84891 1001.8864 880.63987 1000.9766 879.48438 C 1000.0667 878.32888 999.02837 877.22625 998.07617 876.30469 C 997.12397 875.38313 996.25811 874.64264 995.69336 874.21289 C 994.87136 873.58989 993.84761 872.99116 992.97461 872.41016 C 991.18261 871.22216 989.59197 870.35108 988.49609 869.2207 C 987.94816 868.65552 987.52281 868.0253 987.25977 867.25781 C 986.99672 866.49033 986.89448 865.58691 986.99023 864.47266 C 987.08523 863.39666 987.27684 862.50216 987.21484 861.41016 C 987.17284 860.67866 987.11423 860.01006 986.95898 859.36719 C 986.80373 858.72431 986.55195 858.10756 986.12695 857.47656 C 985.34395 856.31256 984.17589 854.80616 983.21289 853.78516 C 982.75189 853.29666 981.59387 852.33645 980.5 851.36133 C 979.40613 850.3862 978.37633 849.39561 978.17383 848.84961 C 977.50983 847.06261 977.28661 845.04648 976.59961 843.27148 C 975.62361 840.74948 974.16509 837.97575 972.62109 835.71875 C 972.31009 835.26375 971.8828 834.66047 971.54492 834.02734 C 971.20705 833.39422 970.95931 832.73075 971.00781 832.15625 C 971.00781 832.15625 968.45845 831.73531 965.76758 830.61719 C 964.42214 830.05813 963.04033 829.32458 961.92578 828.38281 C 961.36851 827.91193 960.87879 827.38805 960.49219 826.80859 C 960.10559 826.22914 959.82227 825.59311 959.68164 824.89648 C 959.11914 822.10898 958.74414 819.78631 958.18164 817.78906 C 957.90039 816.79044 957.57227 815.873 957.15039 815.01953 C 956.72852 814.16606 956.21289 813.37802 955.55664 812.63477 C 954.90039 811.89127 954.4082 811.19316 954.0625 810.52539 C 953.7168 809.85762 953.51758 809.21886 953.44727 808.5918 C 953.37695 807.96473 953.43555 807.34991 953.60547 806.72852 C 953.77539 806.10712 954.05664 805.47888 954.43164 804.82812 C 955.18164 803.52863 956.68164 801.02225 958.08789 798.32812 C 958.79102 796.98106 959.4707 795.58577 960.02148 794.27344 C 960.57227 792.96111 960.99414 791.73098 961.18164 790.70898 C 961.36914 789.68723 961.58008 788.85084 961.83789 788.14844 C 962.0957 787.44603 962.40039 786.87825 962.77539 786.39062 C 963.15039 785.903 963.5957 785.49655 964.13477 785.11914 C 964.67383 784.74173 965.30664 784.39323 966.05664 784.02148 C 967.55664 783.27798 968.86914 782.5353 970.04102 781.51367 C 970.62695 781.00286 971.17773 780.42134 971.69922 779.73633 C 972.2207 779.05131 972.71289 778.26103 973.18164 777.33203 C 973.65039 776.40278 974.00195 775.38134 974.25977 774.34766 C 974.51758 773.31397 974.68164 772.26847 974.77539 771.29297 C 974.96289 769.34197 974.86914 767.67023 974.68164 766.92773 C 974.49414 766.18473 974.68164 765.62827 974.49414 764.93164 C 974.40039 764.58333 974.21289 764.19888 973.83789 763.74023 C 973.46289 763.28159 972.90039 762.74791 972.05664 762.09766 C 971.21289 761.44691 970.58008 760.61117 970.10547 759.72266 C 969.63086 758.83414 969.31445 757.89252 969.10352 757.0332 C 968.68164 755.31458 968.68164 753.92188 968.68164 753.92188 C 968.68164 753.92188 968.77539 753.27167 969.10352 752.43555 C 969.26758 752.01748 969.49023 751.55237 969.78906 751.09961 C 970.08789 750.64684 970.46289 750.20719 970.93164 749.83594 C 972.80664 748.34994 977.09766 744.51367 977.09766 744.51367 C 977.15666 744.40867 977.36172 744.11272 977.38672 744.01172 C 977.83672 742.20397 978.37633 740.88294 978.91797 739.77344 C 979.45961 738.66394 980.00167 737.76473 980.45898 736.80273 C 980.9163 735.84073 981.28931 734.81447 981.48633 733.44922 C 981.68334 732.08397 981.70605 730.3798 981.4668 728.06055 C 981.3663 727.08005 981.24783 726.10316 981.04883 725.14453 C 980.84983 724.18591 980.57008 723.24684 980.14258 722.33984 C 980.48858 721.63184 981.18167 721.26006 981.63867 720.66406 C 982.41567 719.65206 983.02869 718.50028 983.80469 717.48828 C 984.61219 716.43578 985.23386 715.89308 985.77148 715.25195 C 986.30911 714.61083 986.76252 713.87178 987.22852 712.42578 C 987.56652 711.37678 987.53428 710.29747 987.39453 709.21484 C 987.25478 708.13222 987.00706 707.04678 986.91406 705.98828 C 986.81056 704.81228 986.90714 703.68944 987.11914 702.58594 C 987.33114 701.48244 987.65908 700.39792 988.01758 699.29492 C 988.11808 698.98642 988.24717 698.53655 988.43555 698.10742 C 988.62392 697.6783 988.87103 697.27085 989.20703 697.04688 C 989.04203 697.08888 988.79448 697.12441 988.64648 697.19141 C 987.97448 697.50391 987.21766 697.88227 986.44141 698.19727 C 985.66516 698.51227 984.86914 698.76377 984.11914 698.82227 C 983.34314 698.88327 982.2177 698.81928 981.0957 698.61328 C 981.0957 698.61328 975.80859 700.04406 973.55859 700.41406 C 972.99609 700.50706 972.48047 700.73959 972.00586 701.11133 C 971.53125 701.48306 971.09766 701.99409 970.69922 702.64453 C 969.90234 703.94541 969.24609 705.80325 968.68359 708.21875 C 968.40234 709.42625 968.00391 710.33239 967.5 711 C 966.99609 711.66761 966.38672 712.09613 965.68359 712.35156 C 964.98047 712.607 964.18359 712.68917 963.30469 712.66016 C 962.42578 712.63114 961.46484 712.49239 960.43359 712.30664 C 959.91797 712.21377 959.48438 712.04521 959.12109 711.81445 C 958.75781 711.5837 958.46484 711.28977 958.23047 710.94727 C 957.76172 710.26225 957.52734 709.37961 957.43359 708.4043 C 957.24609 706.45367 957.62109 704.13144 957.80859 702.27344 C 957.90234 701.34444 958.11328 700.34656 958.47656 699.37109 C 958.83984 698.39562 959.35547 697.44355 960.05859 696.60742 C 960.76172 695.7713 961.65235 695.05003 962.76562 694.53906 C 963.87892 694.02809 965.21484 693.72656 966.80859 693.72656 C 967.60547 693.72656 968.25048 693.60083 968.76953 693.37891 C 969.28858 693.15698 969.68051 692.83942 969.97266 692.45898 C 970.2648 692.07855 970.4561 691.63375 970.57227 691.1582 C 970.68843 690.68266 970.72961 690.17717 970.7207 689.66992 C 970.70289 688.65542 970.48602 687.63978 970.27344 686.87891 C 970.06086 686.11803 969.85352 685.61133 969.85352 685.61133 C 969.46452 684.84733 969.0805 684.06005 968.6875 683.24805 C 968.1835 682.20505 967.06375 679.13664 966.71875 678.05664 C 966.40075 677.05864 966.45591 675.70503 966.12891 674.70703 C 965.61991 673.16403 964.11181 670.26306 963.88281 668.91406 C 963.33431 668.28406 962.52416 667.72009 961.67578 667.19922 C 960.82741 666.67834 959.94033 666.19978 959.23633 665.73828 C 958.34933 665.15728 957.55855 664.40955 956.56055 663.93555 C 955.12905 663.25805 954.04192 663.03125 953.19727 663.08008 z "
   id="San-Pedro"
   inkscape:label="San Pedro"></path><path
   style="fill:#ee1d23;fill-opacity:1;stroke:#ffffff;stroke-opacity:1;stroke-width:1.559;stroke-miterlimit:4;stroke-dasharray:none"
   d="M 920.11328 473.77148 C 919.97828 473.98348 919.42619 474.79745 919.24219 474.93945 C 918.03319 475.87045 914.6117 475.58758 913.2207 475.14258 L 912.34766 475.41406 C 911.74266 476.38906 908.75614 476.74323 908.49414 476.61523 C 907.99014 476.80023 907.58536 477.10314 907.10938 477.45312 C 905.48636 478.63113 904.11141 480.26877 902.94141 481.88477 C 902.16041 482.96577 901.81331 484.39548 900.69531 485.27148 L 900.5 486.22461 L 900.97852 486.82422 L 901.01953 487.7207 L 900.69727 488.32031 C 900.26627 488.15931 899.49989 488.19911 899.08789 488.41211 C 897.95289 489.69111 899.10556 491.48095 898.22656 492.87695 L 897.47852 493.04688 L 896.64648 492.70703 C 896.14848 492.72003 895.51014 492.87495 895.07812 493.12695 C 893.91012 495.17795 893.51995 495.26823 892.12695 496.86523 C 891.51795 497.56423 891.69191 498.18189 890.62891 498.58789 C 889.56691 498.99389 888.36425 498.8125 887.28125 499.1875 L 886.77148 499.74414 L 886.77148 500.51367 L 887.9043 501.54492 C 888.0993 502.05792 888.16356 502.75878 888.10156 503.30078 C 887.93456 503.70778 887.45902 504.27703 887.04102 504.45703 L 886.44922 503.94727 C 886.41722 503.51627 886.13917 502.87817 885.82617 502.57617 C 884.98117 502.08217 883.97258 502.21784 883.14258 501.71484 C 882.77158 501.04984 882.56006 500.26327 882.03906 499.69727 L 881.21875 499.35742 C 880.78075 497.77442 879.76709 496.02244 877.74609 496.64844 L 877.23828 497.25 L 877.1543 499.1875 L 876.68555 499.86914 L 875.93555 500.08398 C 875.56355 501.00098 875.7285 502.08597 875.1875 502.91797 L 874.48047 503.25781 L 873.65039 502.91797 C 872.99239 501.76597 873.41505 501.30278 872.12305 500.30078 C 871.3715 500.25484 870.07638 501.00349 868.88281 501.69141 C 870.40686 506.79625 872.10516 511.94009 873.86328 517.06641 C 875.63948 522.24542 877.47283 527.40673 879.23633 532.49023 C 878.82683 533.23173 878.37309 534.4733 877.94336 535.96484 C 877.51363 537.45639 877.10872 539.19722 876.80078 540.94141 C 876.49284 542.68559 876.28044 544.43222 876.23633 545.93164 C 876.19222 547.43106 876.31598 548.68416 876.67773 549.44141 L 878.68555 553.64648 C 878.9428 554.18498 879.00681 554.81408 878.96094 555.48633 C 878.91506 556.15858 878.75903 556.87519 878.58203 557.58594 C 878.22803 559.00744 877.784 560.41006 877.9375 561.41406 C 878.06 562.21506 878.28572 562.79866 878.5625 563.24414 C 878.83928 563.68962 879.16813 563.99766 879.5 564.24609 C 880.16375 564.74297 880.83795 565.00261 881.12695 565.66211 C 881.04895 566.04011 881.0295 566.75044 881.09375 567.44531 C 881.158 568.14019 881.30555 568.82013 881.56055 569.14062 C 881.95205 569.63262 882.49508 570.02202 883.01758 570.43164 C 883.54008 570.84127 884.04197 571.27125 884.35547 571.84375 C 884.81597 572.68625 885.10022 573.55341 885.30859 574.44141 C 885.51697 575.32941 885.64955 576.23856 885.81055 577.16406 C 886.16755 579.21506 886.24441 580.33242 886.44141 582.35742 C 886.49841 582.93442 886.69786 583.49627 886.75586 584.07227 C 886.82436 584.73377 886.73667 585.4017 886.53711 586.05469 C 886.33755 586.70767 886.02644 587.34573 885.64844 587.95117 C 884.89244 589.16205 883.8695 590.23889 882.9375 591.02539 C 882.3645 591.50864 881.85978 591.80598 881.4082 591.99023 C 880.95663 592.17448 880.55758 592.2458 880.19727 592.2793 C 879.47664 592.3463 878.90759 592.25978 878.37109 592.61328 L 877.89844 593.30078 C 877.73094 593.78178 877.80709 594.29128 878.01758 594.80469 C 878.22806 595.31809 878.57403 595.83495 878.94922 596.33008 C 879.69959 597.32033 880.56581 598.22489 880.69531 598.83789 L 880.13672 598.93164 C 880.92772 599.15414 882.36131 599.36064 883.74219 599.35352 C 884.43263 599.34995 885.11027 599.29328 885.6875 599.1582 C 886.26473 599.02312 886.741 598.81014 887.03125 598.49414 C 887.55325 597.92714 887.86542 597.09136 888.60742 596.73438 C 889.06242 596.64763 889.4448 596.72442 889.77734 596.90234 C 890.10989 597.08027 890.3932 597.36066 890.65039 597.68359 C 891.16477 598.32947 891.57481 599.14434 892.07031 599.65234 C 892.64831 600.24434 893.52305 600.61792 894.43555 600.76367 C 895.34805 600.90942 896.2992 600.82872 897.0332 600.51172 C 897.9012 600.13672 898.75181 599.44872 899.63281 599.13672 C 900.03431 598.99522 900.46164 599.00858 900.88477 598.98633 C 901.30789 598.96408 901.72633 598.90659 902.11133 598.62109 C 902.43933 598.37909 902.66411 597.92827 902.84961 597.44727 C 903.03511 596.96627 903.18142 596.4558 903.35742 596.0918 C 903.63842 595.5123 904.12906 594.99317 904.58594 594.49805 C 905.04281 594.00292 905.46573 593.53097 905.61523 593.04297 C 906.03423 591.67247 906.06925 590.27669 906.29688 588.94531 C 906.41069 588.27963 906.57289 587.6303 906.85547 587.00781 C 907.13805 586.38533 907.54097 585.78942 908.13672 585.23242 C 908.92197 584.49892 909.8415 584.03711 910.83984 583.72266 C 911.83819 583.4082 912.91491 583.24247 914.01953 583.09766 C 915.12416 582.95284 916.25528 582.83005 917.35938 582.60547 C 918.46347 582.38089 919.54036 582.05375 920.53711 581.5 C 921.12836 581.17175 921.59359 580.70744 921.98828 580.16797 C 922.38297 579.6285 922.70808 579.01309 923.01758 578.38672 C 923.32708 577.76034 923.62134 577.12217 923.95703 576.5332 C 924.29272 575.94423 924.66933 575.40577 925.14258 574.97852 C 925.66808 574.50502 926.15286 574.33462 926.66211 574.25 C 927.17136 574.16538 927.70553 574.1652 928.33203 574.0332 C 928.90153 573.9132 929.43028 573.50549 929.92578 573.04688 C 930.42128 572.58825 930.88277 572.08022 931.32227 571.76172 C 933.77027 569.98222 934.38417 569.63445 934.82617 569.7207 C 935.04717 569.76383 935.22523 569.91519 935.56836 570.05078 C 935.91148 570.18637 936.41978 570.30445 937.30078 570.2832 C 938.38878 571.7392 939.14905 573.49241 939.74805 575.19141 C 945.99805 592.90641 952.45258 610.5502 958.64258 628.2832 L 958.22266 630.88477 L 958.20703 633.15039 C 958.20703 633.58539 958.25162 634.08216 958.1875 634.53516 C 958.12338 634.98816 957.95022 635.3972 957.51172 635.6582 C 957.14072 635.6687 956.70994 635.31961 956.16406 634.95898 C 955.61819 634.59836 954.95655 634.22627 954.12305 634.19727 L 953.63867 634.27148 C 952.99442 634.49273 952.54545 634.84648 952.24219 635.2832 C 951.93892 635.71992 951.78256 636.23924 951.71875 636.79688 C 951.59113 637.91213 951.83955 639.17553 952.06055 640.20703 L 951.88477 640.20508 C 951.31827 640.18458 950.90019 640.35145 950.58203 640.63281 C 950.26387 640.91417 950.04648 641.31156 949.88086 641.75 C 949.54961 642.62688 949.42686 643.67209 949.13086 644.30859 L 948.97266 644.62891 C 948.72991 645.10466 948.59195 645.57948 948.53906 646.05078 C 948.48617 646.52208 948.51845 646.98998 948.61914 647.45117 C 948.82052 648.37355 949.29263 649.26919 949.89062 650.11719 C 948.97862 650.83969 947.98808 651.36244 946.99609 651.82422 C 946.00411 652.286 945.01159 652.68834 944.09766 653.16797 C 943.18372 653.64759 942.34778 654.20444 941.66992 654.98047 C 940.99206 655.7565 940.47125 656.75056 940.1875 658.10156 C 938.7335 658.93106 937.82622 659.68084 937.24609 660.38672 C 936.66597 661.09259 936.41298 661.75511 936.27148 662.41211 C 936.08798 663.26011 936.12205 664.09831 936.06055 665.00781 C 935.99912 665.91621 935.84021 666.89513 935.27539 668.02539 L 936.95312 669.21289 C 938.32288 669.57214 939.32822 669.61361 940.11914 669.45312 C 940.91006 669.29264 941.48792 668.93066 942.00586 668.48047 C 942.5238 668.03028 942.98045 667.49228 943.53125 666.98242 C 944.08205 666.47256 944.72573 665.98989 945.61523 665.65039 C 946.17523 665.68839 946.87441 665.93997 947.55078 666.13672 C 948.22716 666.33347 948.88097 666.47688 949.35547 666.29688 C 949.99047 666.00637 950.36036 664.73894 951.28711 663.88281 C 951.75048 663.45475 952.35261 663.12891 953.19727 663.08008 C 954.04192 663.03125 955.12905 663.25805 956.56055 663.93555 C 957.55855 664.40955 958.34933 665.15728 959.23633 665.73828 C 959.94033 666.19978 960.82741 666.67834 961.67578 667.19922 C 962.52416 667.72009 963.33431 668.28406 963.88281 668.91406 C 964.11181 670.26306 965.61991 673.16403 966.12891 674.70703 C 966.45591 675.70503 966.40075 677.05864 966.71875 678.05664 C 967.06375 679.13664 968.1835 682.20505 968.6875 683.24805 C 969.0805 684.06005 969.46452 684.84733 969.85352 685.61133 C 969.85352 685.61133 970.06086 686.11803 970.27344 686.87891 C 970.48602 687.63978 970.70289 688.65542 970.7207 689.66992 C 970.72961 690.17717 970.68843 690.68266 970.57227 691.1582 C 970.4561 691.63375 970.2648 692.07855 969.97266 692.45898 C 969.68051 692.83942 969.28858 693.15698 968.76953 693.37891 C 968.25048 693.60083 967.60547 693.72656 966.80859 693.72656 C 965.21484 693.72656 963.87891 694.02809 962.76562 694.53906 C 961.65234 695.05003 960.76172 695.7713 960.05859 696.60742 C 959.35547 697.44355 958.83984 698.39562 958.47656 699.37109 C 958.11328 700.34656 957.90234 701.34444 957.80859 702.27344 C 957.62109 704.13144 957.24609 706.45367 957.43359 708.4043 C 957.52734 709.37961 957.76172 710.26225 958.23047 710.94727 C 958.46484 711.28977 958.75781 711.5837 959.12109 711.81445 C 959.48438 712.04521 959.91797 712.21377 960.43359 712.30664 C 961.46484 712.49239 962.42578 712.63114 963.30469 712.66016 C 964.18359 712.68917 964.98047 712.607 965.68359 712.35156 C 966.38672 712.09613 966.99609 711.66761 967.5 711 C 968.00391 710.33239 968.40234 709.42625 968.68359 708.21875 C 969.24609 705.80325 969.90234 703.94541 970.69922 702.64453 C 971.09766 701.99409 971.53125 701.48306 972.00586 701.11133 C 972.48047 700.73959 972.99609 700.50706 973.55859 700.41406 C 975.80859 700.04406 981.0957 698.61328 981.0957 698.61328 C 982.2177 698.81928 983.34314 698.88327 984.11914 698.82227 C 984.86914 698.76377 985.66516 698.51227 986.44141 698.19727 C 987.21766 697.88227 987.97448 697.50391 988.64648 697.19141 C 988.79448 697.12441 989.04203 697.08888 989.20703 697.04688 C 988.87103 697.27087 988.62392 697.6783 988.43555 698.10742 C 988.24717 698.53655 988.11808 698.98642 988.01758 699.29492 C 987.65908 700.39792 987.33114 701.48244 987.11914 702.58594 C 986.90714 703.68944 986.81056 704.81228 986.91406 705.98828 C 987.00706 707.04678 987.25478 708.13222 987.39453 709.21484 C 987.53428 710.29747 987.56652 711.37678 987.22852 712.42578 C 986.76252 713.87178 986.30911 714.61083 985.77148 715.25195 C 985.23386 715.89308 984.61219 716.43578 983.80469 717.48828 C 983.02869 718.50028 982.41567 719.65206 981.63867 720.66406 C 981.18167 721.26006 980.48858 721.63184 980.14258 722.33984 C 980.57008 723.24684 980.84983 724.18591 981.04883 725.14453 C 981.24783 726.10316 981.3663 727.08005 981.4668 728.06055 C 981.70605 730.3798 981.68334 732.08397 981.48633 733.44922 C 981.28931 734.81447 980.9163 735.84073 980.45898 736.80273 C 980.00167 737.76473 979.45961 738.66394 978.91797 739.77344 C 978.37633 740.88294 977.83672 742.20397 977.38672 744.01172 C 977.36172 744.11272 977.15666 744.40867 977.09766 744.51367 L 977.89844 744.99609 C 979.25244 744.55334 980.616 744.38367 981.98438 744.34766 C 983.35275 744.31164 984.7257 744.40956 986.0957 744.5 C 987.4657 744.59044 988.83253 744.67277 990.19141 744.60938 C 991.55028 744.54598 992.90133 744.33734 994.23633 743.83984 C 995.30933 743.43934 996.11905 742.90219 996.77539 742.27734 C 997.43173 741.6525 997.9345 740.93912 998.39062 740.1875 C 998.84675 739.43588 999.25617 738.64608 999.72852 737.86523 C 1000.2009 737.08439 1000.7364 736.31211 1001.4414 735.59961 C 1001.7224 735.31561 1002.4441 735.22431 1003.2266 735.14844 C 1004.0091 735.07256 1004.8529 735.01342 1005.3789 734.79492 C 1005.9729 733.97642 1006.779 733.25452 1007.6348 732.58789 C 1008.4905 731.92127 1009.3956 731.30903 1010.1836 730.70703 C 1010.6497 730.35041 1010.9631 729.89695 1011.1699 729.36719 C 1011.3767 728.83742 1011.4761 728.23066 1011.5098 727.56836 C 1011.577 726.24375 1011.3838 724.69517 1011.2754 723.08398 C 1011.167 721.4728 1011.1437 719.79955 1011.5488 718.22656 C 1011.7514 717.44007 1012.0613 716.67894 1012.5215 715.96289 C 1012.9817 715.24685 1013.5925 714.5757 1014.3965 713.9707 L 1019.8691 709.85156 C 1020.4591 709.40756 1021.2188 709.07742 1021.8398 708.60742 C 1024.7388 706.41542 1025.7617 705.4733 1028.1387 703.0293 C 1028.4997 702.6563 1028.9493 702.44805 1029.2793 701.99805 C 1029.4253 701.79905 1029.5138 701.4955 1029.6758 701.3125 L 1034.3613 695.94727 C 1034.8803 695.35277 1035.2511 694.69689 1035.5391 694.00586 C 1035.8271 693.31483 1036.0325 692.58884 1036.2168 691.85547 C 1036.5853 690.38872 1036.8728 688.89108 1037.5898 687.58008 C 1037.7938 687.20608 1038.707 686.79055 1039.752 686.26367 C 1040.797 685.7368 1041.974 685.09889 1042.707 684.27539 C 1043.283 683.62939 1043.4757 682.75192 1043.8887 682.04492 C 1044.3947 681.17892 1045.1217 680.08589 1045.9395 679.07227 C 1046.7387 678.08156 1047.6255 677.18473 1048.4766 676.62891 C 1048.4705 676.55851 1048.4996 676.51881 1048.4922 676.44727 C 1048.0172 675.53227 1047.6368 674.60608 1046.9258 673.83008 C 1044.9938 671.72508 1042.3185 670.30256 1041.7285 667.22656 C 1040.7185 661.97156 1045.155 659.5328 1045.543 655.3418 C 1045.899 651.4748 1042.7031 648.9085 1042.8281 645.9375 C 1042.8891 644.4905 1043.9376 641.36636 1043.0586 640.19336 C 1041.4626 638.06736 1038.299 638.84877 1036.248 636.75977 C 1035.485 634.99077 1036.6531 632.8057 1036.9551 631.0957 C 1037.2071 629.6537 1037.1178 627.81014 1036.8418 626.36914 C 1035.9568 621.76114 1032.263 620.85597 1030.916 617.91797 C 1029.999 615.83697 1030.852 613.97911 1031.248 611.91211 C 1031.502 610.57911 1031.5503 609.22591 1031.4883 607.87891 C 1031.3593 605.01591 1030.2692 602.59842 1029.2832 599.98242 C 1028.4082 597.65842 1027.4091 591.17334 1027.7461 588.77734 C 1028.0431 586.63634 1029.1015 585.19317 1030.1875 583.45117 C 1030.9435 582.24317 1031.4181 580.83264 1032.0391 579.55664 C 1032.5331 578.53764 1033.2502 577.63681 1033.5352 576.50781 C 1034.3132 573.42681 1031.9396 571.82417 1032.3086 568.82617 C 1032.6496 566.06017 1034.1639 564.43437 1033.3379 561.35938 C 1032.7069 559.00838 1028.5815 558.74589 1026.6855 557.83789 C 1025.1425 557.09989 1024.0081 556.18078 1022.6621 555.17578 C 1017.5281 551.33878 1015.5589 547.12183 1015.2539 540.67383 C 1014.7949 537.07183 1014.7427 533.43536 1014.5977 529.81836 C 1014.5607 528.84236 1014.7559 527.84033 1014.7129 526.86133 C 1014.6779 526.08533 1014.4729 525.15314 1014.0469 524.49414 C 1013.2949 523.32314 1010.9749 521.94055 1009.7969 521.06055 C 1008.9919 520.45855 1008.3948 519.66292 1007.5918 518.91992 C 1005.7838 517.32892 1003.0757 513.96581 1001.8027 511.88281 C 1001.0157 510.59581 1000.2352 509.24645 999.28516 508.06445 L 997.39453 512.34766 C 996.63453 511.54266 994.84359 510.64487 993.80859 510.29688 C 991.72059 510.53188 991.21234 509.93964 989.77734 509.89062 C 986.67334 509.78364 985.96786 510.53817 983.25586 508.57617 C 982.81286 508.25717 982.34008 508.04472 981.95508 507.63672 C 981.30708 506.94372 980.44564 506.0803 979.55664 505.6543 L 978.76758 505.86914 C 978.55458 506.32214 978.2903 506.77911 977.9043 507.28711 L 977.42578 507.85156 C 975.08378 508.84956 973.23469 505.8017 970.92969 506.4707 C 969.38069 507.6237 969.78955 507.2418 968.06055 507.7168 C 966.28055 508.2068 964.32378 509.98336 962.42578 508.31836 C 961.87078 507.82836 961.79645 506.80586 961.56445 506.13086 L 960.89844 505.69922 C 960.46244 506.23722 959.86406 507.01503 959.16406 507.20703 C 958.23306 507.46303 957.24116 506.99819 956.28516 507.11719 C 955.74616 507.18519 955.20281 507.47583 954.63281 507.42383 C 954.54681 507.41583 953.7263 507.19711 953.6543 507.16211 C 952.9413 506.80211 951.81467 505.83738 951.01367 505.35938 L 949.63086 506.05078 C 949.38086 505.94178 949.03955 505.83827 948.81055 505.69727 C 948.33155 505.40627 948.1592 504.92784 947.7832 504.58984 C 947.2112 504.07484 946.27414 503.81185 945.70312 503.29688 C 945.05912 502.71487 944.854 501.43669 944.125 500.67969 C 941.869 498.34169 940.51592 500.10386 937.66992 496.04688 C 936.72292 495.63787 934.73102 495.1957 934.16602 494.8457 C 933.51802 494.4427 933.11594 493.69089 932.58594 493.21289 C 932.19594 492.86189 931.66611 492.68744 931.28711 492.27344 C 930.64311 491.57144 930.43277 490.31135 929.63477 489.73438 C 927.71777 488.34837 927.14233 489.59597 925.86133 485.91797 C 925.56633 485.06997 925.58581 484.2197 925.50781 483.3457 C 925.25381 480.4887 924.40894 479.95856 922.71094 477.85156 C 922.60794 476.71556 922.60364 474.62548 921.80664 473.77148 C 921.38464 473.56848 920.52928 473.50948 920.11328 473.77148 z "
   id="Amambay"
   inkscape:label="Amambay"></path><path
   style="fill:#ee1d23;fill-opacity:1;stroke:#ffffff;stroke-opacity:1;stroke-width:1.559;stroke-miterlimit:4;stroke-dasharray:none"
   d="M 305.26953 752.68359 L 305.30273 752.43555 C 305.30273 752.43555 306.24023 748.16284 307.36523 743.33203 C 308.49023 738.50122 309.80273 733.11231 310.55273 730.88281 C 310.92773 729.76806 311.65277 728.4346 312.5293 727.0625 C 313.40582 725.6904 314.43286 724.27991 315.41406 723.00781 C 317.37646 720.46362 319.15234 718.47656 319.15234 718.47656 L 329.38867 709.72266 L 332.38281 708.51953 L 344.58594 707.57812 L 367.97266 702.89844 L 383.5625 702.04297 L 388.48438 700.71289 L 393.52344 697.36328 L 399.74414 696.29297 L 402.10547 694.44336 L 404.23242 691.22656 L 404.82227 688.60742 L 404.70703 681.74219 L 406.51758 674.79297 L 411.04492 663.21289 L 412.89453 658.48438 L 411.73828 633.77344 L 412.86914 607.07227 L 417.86133 586.28125 L 434.24023 559.63477 L 445.36523 535.58594 L 454.33789 531.48242 L 454.64062 522.73047 L 456.64062 518.72656 L 466.7168 512.84766 L 481.1875 503.45508 L 490.81055 499.36328 L 495.44336 493.38477 L 497.07227 482.63672 L 480.125 478.2832 L 419.16016 475.15234 L 426.59375 382.55078 L 456.43555 360.18945 L 436.66992 309.53125 L 424.34961 276.9707 L 425.79492 262.62695 L 411.04883 257.68555 L 139.68164 166.63477 C 139.49289 166.99017 139.29958 167.65276 139.11523 167.92578 C 125.81223 187.63678 112.50973 207.36956 99.427734 227.22656 C 98.572734 228.52156 97.592828 229.76172 96.673828 231.01172 L 96.152344 231.72461 C 93.862344 234.88961 91.576766 238.07759 89.384766 241.30859 C 89.634766 248.80659 89.561281 256.30278 89.738281 263.80078 C 90.093281 278.82978 90.570312 293.9083 90.570312 309.0293 C 90.696313 311.3873 91.152812 315.57523 90.882812 317.74023 C 90.699814 319.19723 89.840734 321.01308 89.427734 322.45508 C 87.927734 327.70308 86.429219 332.9402 84.824219 338.1582 C 82.419219 345.9672 80.218656 353.86961 77.972656 361.72461 C 75.636656 369.89461 72.97275 377.99355 70.71875 386.18555 C 68.07275 395.79855 64.986141 405.31625 62.244141 414.90625 C 57.608141 431.11725 52.496391 447.19883 47.900391 463.42383 L 47.806641 463.72852 C 45.529641 470.63452 43.610813 477.70397 41.507812 484.66797 L 39.148438 492.48438 C 38.638438 494.17937 38.364359 496.08475 37.693359 497.71875 C 37.335359 498.58775 36.753547 499.49498 36.310547 500.33398 C 40.349547 501.39298 38.807484 502.886 40.021484 506 C 39.902484 507.42 38.289156 508.25367 38.285156 509.51367 C 38.668156 512.83867 44.962047 511.80839 46.873047 512.77539 C 47.624047 513.15639 48.249625 514.44173 48.640625 515.17773 C 49.921625 516.29373 52.873344 514.48366 52.652344 519.59766 C 55.036344 522.19666 58.198813 523.36914 61.632812 521.70312 L 62.339844 522.08789 C 62.503844 523.39389 61.071359 524.80109 62.693359 525.99609 C 63.242359 526.17609 64.025891 526.20917 64.587891 526.07617 L 65.179688 526.55469 L 65.138672 527.58398 C 65.387672 528.40298 66.216064 528.63892 66.789062 529.16992 C 67.504063 529.83292 68.082875 530.68942 68.796875 531.35742 C 71.920875 534.28042 74.569187 536.20611 79.117188 536.03711 C 80.463187 536.44911 81.524406 537.55884 82.816406 537.71484 C 83.930406 537.84984 85.059141 537.24503 86.119141 537.58203 C 86.469141 537.69203 86.328687 537.59889 86.554688 537.83789 L 86.871094 538.17773 C 87.112094 539.00373 87.221828 540.01672 87.298828 540.88672 C 87.347828 541.43772 87.342328 542.02566 87.736328 542.47266 C 88.701328 543.57066 90.512797 542.99144 91.591797 544.02344 C 92.047797 544.45944 92.700609 545.1943 92.974609 545.7793 C 93.648609 547.2113 94.290625 551.48725 93.640625 552.90625 C 93.155625 553.95825 91.86675 555.02364 90.84375 555.55664 L 90.646484 556.1582 C 90.705484 556.4412 91.022266 557.29614 91.197266 557.49414 C 91.908266 558.30414 96.466094 560.82969 97.496094 560.80469 C 98.339094 560.78369 99.125488 560.2842 100.02148 560.2832 L 100.64648 560.75977 C 101.11248 562.85477 99.175969 564.63262 99.667969 566.76562 C 100.11297 568.69962 102.17941 568.31842 102.69141 569.85742 C 102.42341 570.85842 101.27655 571.28189 100.81055 572.21289 C 100.72155 572.65789 100.88233 573.47683 101.23633 573.79883 C 102.22033 574.45383 103.53148 574.44864 104.27148 575.43164 C 105.33148 576.83864 104.92358 578.79336 105.64258 580.23438 C 106.11458 581.18436 108.13697 581.44488 108.91797 582.29688 C 109.81897 583.27787 109.48153 584.27178 110.01953 585.30078 C 110.67053 586.53978 112.11916 587.17919 112.53516 589.11719 C 113.28816 589.91519 114.61603 589.748 115.45703 590.5 C 116.51503 591.447 116.34558 592.90975 117.14258 593.96875 C 117.60958 594.59075 118.22692 595.01953 118.79492 595.51953 C 119.27892 595.94553 122.9992 600.58075 123.4082 601.21875 C 124.0502 602.21475 124.81103 604.03075 124.70703 605.21875 C 124.65103 605.84075 124.296 606.12981 124.625 606.88281 C 125.195 607.67081 126.27216 608.15823 126.78516 608.99023 C 127.57516 610.27123 126.44536 611.93128 126.35938 613.23828 C 126.32336 613.78628 127.74545 617.27792 128.18945 617.91992 C 128.90945 619.57492 134.37984 623.01128 135.96484 624.73828 C 137.06584 625.93828 137.72677 628.04736 139.38477 628.69336 C 141.41977 629.48836 142.21356 628.27645 144.35156 630.18945 C 144.74356 630.53745 145.15933 630.72586 145.48633 631.17188 C 146.14133 631.30787 146.83791 631.35875 147.50391 631.34375 C 148.61991 632.14075 148.87103 633.06266 149.58203 634.09766 C 150.12303 634.88466 151.17619 635.25544 151.86719 635.89844 C 152.25219 636.25344 152.4757 636.62677 152.9707 636.88477 C 153.6987 638.88777 154.01534 640.31617 156.40234 640.82617 C 156.91934 640.66817 157.43169 640.48053 157.92969 640.26953 L 158.52148 640.70117 C 158.25548 641.49417 157.9792 642.55128 158.2832 643.36328 L 158.91992 643.79492 C 161.34992 643.56292 161.6588 643.83458 162.8418 645.76758 C 163.2558 646.44458 163.57244 646.46744 163.64844 647.39844 C 163.83344 649.64444 162.37352 654.66148 165.10352 656.02148 C 168.00752 657.46848 169.95309 658.11317 171.99609 660.82617 C 172.51609 661.51617 172.78766 662.01811 173.72266 662.28711 C 175.91466 662.91811 177.7932 661.27366 179.9082 661.47266 C 180.2672 661.50866 183.9967 663.10123 184.4707 663.36523 C 188.3177 665.51123 188.73406 670.14595 190.53906 671.00195 C 192.34906 671.86295 194.98681 670.68775 196.00781 671.21875 L 196.40234 671.86328 C 195.86034 673.20128 194.71692 673.95172 194.66992 675.51172 L 194.99023 676.2832 C 195.52923 676.6982 196.3648 677.11027 196.7168 677.69727 C 197.2888 678.66027 197.97067 681.39627 198.88867 681.82227 C 200.38167 682.51327 202.18266 681.91719 203.72266 681.99219 C 205.56566 682.08019 211.39817 686.94766 212.70117 688.47266 C 214.49117 688.86566 215.57992 686.8905 218.29492 688.8125 C 218.94492 689.2735 219.47998 689.70731 219.83398 690.44531 C 220.37798 690.79031 220.90537 690.77308 221.48438 690.95508 C 222.81338 691.37108 228.14445 693.46852 228.56445 694.60352 L 228.54297 695.19141 C 228.52797 695.88241 228.51372 696.74747 228.88672 697.35547 C 229.74972 698.76847 231.79769 698.83005 233.05469 699.62305 C 233.47269 699.88605 233.88225 700.2333 234.28125 700.5293 C 235.31425 701.2913 237.10969 703.85973 238.17969 704.05273 C 239.64269 704.31473 241.44622 702.66914 243.44922 703.61914 C 245.43822 704.56314 244.91259 705.59817 245.80859 706.57617 C 246.21859 707.02317 246.79867 706.99858 247.26367 707.26758 C 247.92667 707.64858 248.10447 708.59228 248.60547 709.11328 C 249.59547 710.14728 251.85822 709.71142 253.44922 711.73242 C 253.52822 711.83042 253.84772 712.26819 253.88672 712.36719 C 254.49972 713.91419 253.4562 714.5497 253.5332 715.7207 C 253.5892 716.5767 254.4935 716.99217 254.3125 718.07617 C 254.1375 719.12117 252.93517 719.72716 252.82617 720.91016 L 253.21289 721.55664 C 253.70689 721.77164 254.19673 722.00109 254.67773 722.24609 C 255.15873 723.30209 255.33325 725.5863 255.78125 726.2793 C 256.46225 727.3383 258.11191 727.43108 259.00391 728.20508 C 260.12091 729.17708 260.6483 730.85344 261.5293 732.02344 C 262.2143 732.93244 264.46698 734.21531 264.83398 735.07031 C 264.89598 735.93431 264.34898 736.77161 264.70898 737.59961 C 265.76698 738.35461 266.72584 742.18667 267.58984 743.13867 C 267.92484 743.50867 268.82741 743.8752 269.31641 744.0332 C 270.00641 744.2302 270.605 744.67533 271.25 744.86133 C 271.846 745.03333 272.45355 745.00709 273.06055 745.24609 C 273.99655 745.23209 274.79073 744.07786 276.05273 744.04688 C 276.70973 744.03087 277.18109 744.45064 277.74609 744.55664 C 278.07309 744.61864 278.47659 744.51164 278.80859 744.55664 C 281.05959 744.86764 285.25409 747.67441 286.99609 749.19141 C 288.30009 750.32641 288.75927 752.67169 290.69727 752.92969 C 291.70027 753.06169 292.71141 752.74584 293.69141 752.83984 C 294.99241 752.96084 296.22489 753.35853 297.58789 753.26953 C 299.41804 753.15041 302.53563 752.67398 305.26953 752.68359 z "
   id="Boquerón"
   inkscape:label="Boquerón"></path><path
   style="fill:#ee1d23;fill-opacity:1;stroke:#ffffff;stroke-opacity:1;stroke-width:1.559;stroke-miterlimit:4;stroke-dasharray:none"
   d="M 715.49414 532.51172 L 654.28125 512.67188 L 648.28125 502.23242 L 640.69531 498.50195 L 607.7793 500.5957 L 575.11133 499.77539 C 559.29175 498.73706 543.47197 497.70165 527.65234 496.66406 L 497.07227 482.63672 L 495.44336 493.38477 L 490.81055 499.36328 L 481.1875 503.45508 L 466.7168 512.84766 L 456.64062 518.72656 L 454.64062 522.73047 L 454.33789 531.48242 L 445.36523 535.58594 L 434.24023 559.63477 L 417.86133 586.28125 L 412.86914 607.07227 L 411.73828 633.77344 L 412.89453 658.48438 L 411.04492 663.21289 L 406.51758 674.79297 L 404.70703 681.74219 L 404.82227 688.60742 L 404.23242 691.22656 L 402.10547 694.44336 L 399.74414 696.29297 L 393.52344 697.36328 L 388.48438 700.71289 L 383.5625 702.04297 L 367.97266 702.89844 L 344.58594 707.57812 L 332.38281 708.51953 L 329.38867 709.72266 L 319.15234 718.47656 C 319.15234 718.47656 317.37646 720.46362 315.41406 723.00781 C 314.43286 724.27991 313.40582 725.6904 312.5293 727.0625 C 311.65277 728.4346 310.92773 729.76806 310.55273 730.88281 C 309.80273 733.11231 308.49023 738.50122 307.36523 743.33203 C 306.24023 748.16284 305.30273 752.43555 305.30273 752.43555 L 305.26953 752.68359 C 307.01109 752.68972 308.63126 752.85039 309.55273 753.56445 C 310.02373 755.62345 312.33095 755.14594 313.37695 757.21094 L 314 757.42773 C 314.539 756.26173 317.54952 755.29314 318.72852 755.57812 C 319.76352 755.83114 319.89414 756.40541 321.24414 756.31641 C 322.20714 756.25141 323.06002 755.70761 324.04102 756.09961 C 324.83702 756.97861 325.86789 757.70091 326.83789 758.37891 C 327.23889 759.00491 327.02117 759.56761 327.07617 760.22461 C 327.22117 761.96661 328.20675 762.28948 328.96875 763.52148 C 329.26975 764.01148 329.26506 764.45237 329.78906 764.85938 L 330.62109 764.85938 C 331.66109 764.15437 333.22856 763.55417 334.47656 763.95117 C 336.21356 764.50717 337.3218 766.16687 338.8418 767.04688 C 339.6958 767.54088 341.00395 768.38266 341.87695 768.72266 C 342.67295 769.03466 343.57636 769.0773 344.31836 769.5293 C 344.96036 769.9193 345.61223 770.48331 346.36523 770.69531 C 347.86223 771.11531 349.70195 771.04695 351.25195 771.25195 C 352.13795 771.36795 353.13881 771.78272 354.00781 771.76172 C 354.84981 771.74072 356.11528 770.91527 357.11328 770.69727 C 358.24728 770.94627 359.13542 771.4312 359.73242 772.4082 C 361.03142 775.4232 364.01652 775.02016 366.60352 775.41016 C 366.93052 775.83416 367.17481 776.44717 367.50781 776.82617 C 368.87681 778.38417 373.54798 778.72994 375.45898 778.46094 C 376.34298 778.33594 377.20161 778.04834 378.09961 778.02734 C 381.37861 777.95134 384.77261 779.12475 387.97461 778.84375 C 392.94861 778.40475 400.38825 775.19611 405.65625 773.91211 C 407.48225 775.06311 409.23578 776.31866 411.05078 777.47266 C 422.41278 784.69166 433.488 792.41006 444.75 799.78906 C 450.361 803.46606 456.19161 808.12933 462.34961 810.73633 C 462.69561 811.71033 463.16244 812.50972 463.64844 813.38672 C 463.91644 813.86872 463.92695 814.41053 464.12695 814.89453 C 465.04195 817.10253 467.43947 817.57025 469.48047 818.28125 C 470.42147 818.60825 472.77719 819.60306 473.49219 819.78906 C 474.77019 820.11606 476.41286 820.57795 477.50586 821.37695 C 478.98486 822.45395 480.30381 824.45392 481.75781 825.66992 C 483.19881 826.49692 484.5903 826.00822 485.7793 826.94922 C 487.3113 828.16522 487.92525 830.34978 489.28125 831.67578 C 490.62325 832.98678 490.89967 833.01317 492.38867 833.95117 C 493.92967 834.91617 498.0615 839.22656 499.4375 840.72656 C 501.3155 842.77356 501.96005 846.05564 504.74805 847.93164 C 506.27505 848.95964 508.12475 848.8003 509.71875 849.6543 C 510.41775 850.4393 510.78561 851.56777 511.72461 852.00977 C 513.93161 853.04877 516.19111 850.83775 517.16211 854.71875 C 520.01811 856.99075 520.69291 856.05986 523.37891 857.38086 C 525.33791 858.34386 526.64791 859.77436 528.37891 860.98438 C 529.88691 862.03737 531.48744 862.98937 533.02344 863.98438 C 534.21144 864.75437 534.91136 865.79175 536.44336 866.09375 C 536.90236 866.18375 537.89394 866.38672 538.33594 866.38672 C 539.70194 866.38672 540.64561 865.16216 542.47461 865.78516 C 543.63861 866.18316 545.48314 869.49472 547.11914 870.63672 C 548.82614 871.82672 550.96316 871.7277 552.78516 872.7207 C 554.41716 873.7117 555.72338 874.86106 557.23438 875.91406 C 558.55138 876.83606 560.17236 877.40041 561.48438 878.31641 C 563.97537 880.05441 565.78994 882.59911 568.33594 884.28711 C 569.90094 885.32211 571.58267 886.03622 573.13867 887.07422 C 576.77967 889.50622 578.09542 893.13502 582.98242 894.54102 C 586.02142 895.41602 588.86266 893.54525 591.84766 894.15625 C 594.85666 894.77125 594.98252 898.49455 599.60352 899.43555 C 601.23452 899.76755 603.14303 899.56331 604.83203 899.82031 C 606.12403 900.01731 607.54452 900.42188 608.85352 900.42188 C 610.01552 900.42187 611.19442 900.03516 612.35742 900.03516 C 613.58842 900.03516 620.6677 901.37597 621.7207 901.91797 C 622.3997 902.26797 622.99853 903.04662 623.64453 903.39062 C 624.86853 904.56363 629.15811 903.68892 630.66211 904.79492 C 631.30811 905.27092 634.35759 909.3703 634.68359 910.1543 C 634.97859 910.8553 635.15512 911.77756 635.70312 912.35156 C 636.37912 913.05756 637.57573 913.31962 638.30273 914.01562 C 638.64273 916.29363 639.64616 917.825 641.53516 919.125 C 641.95316 919.415 642.56627 919.57748 642.94727 919.89648 C 643.36327 920.24448 643.41578 920.64181 644.05078 920.88281 C 644.36578 921.52181 644.9263 922.35128 645.1543 922.98828 C 645.5513 924.11028 645.52741 925.68386 646.56641 926.54688 C 649.06841 927.36387 652.83456 925.36584 654.60156 923.58984 C 654.95356 923.23684 655.17586 922.74967 655.50586 922.38867 C 655.84886 922.00967 656.32941 921.75434 656.69141 921.40234 C 657.40441 920.71434 657.91523 919.80895 658.61523 919.12695 C 659.22923 918.52795 661.26519 917.47406 662.11719 917.41406 C 664.54919 917.24706 665.37266 919.9945 666.84766 921.3125 C 667.42866 921.8335 667.89103 922.31028 668.45703 922.86328 C 670.32003 924.68528 673.19616 925.05744 675.28516 926.89844 C 675.66616 927.23244 676.39719 928.43822 676.49219 928.94922 C 678.01519 930.43022 681.39103 929.46216 683.45703 930.41016 C 685.65403 931.41816 686.84181 933.79752 688.38281 934.22852 C 690.24681 934.75052 692.35961 933.06462 694.09961 934.14062 L 694.51562 934.39844 C 695.39364 935.61144 695.48216 937.71636 696.53516 938.56836 C 697.10516 939.02936 698.41181 939.43081 699.13281 939.38281 C 699.69581 939.34681 700.26638 939.10517 700.85938 939.07617 C 704.70836 938.88417 709.27497 938.44298 712.79297 940.45898 C 715.70897 942.12898 715.77395 944.95242 717.75195 947.10742 C 719.98595 949.54142 725.49173 950.27359 727.67773 952.55859 C 728.02673 952.92259 728.8868 953.80261 729.0918 954.22461 C 730.3868 956.89361 729.84419 960.42162 731.61719 962.89062 C 732.52419 964.15162 735.14967 967.87136 736.13867 968.81836 C 736.63667 969.29536 737.37627 969.94622 737.94727 970.32422 C 738.64148 970.78312 739.38525 970.97632 740.04297 971.39844 L 740.49023 971.17773 C 740.66923 970.89373 740.88475 970.63795 741.09375 970.37695 C 741.60275 969.71095 741.82473 969.03584 742.11523 968.37109 C 742.40573 967.70634 742.76478 967.05183 743.55078 966.42383 C 744.13978 965.95233 744.78384 965.643 745.45703 965.41602 C 746.13022 965.18903 746.83181 965.04373 747.53906 964.9043 C 748.24631 964.76486 748.9592 964.63072 749.65039 964.42188 C 750.34158 964.21302 751.01172 963.92939 751.63672 963.49414 C 752.86247 962.63964 753.69462 961.99484 754.30469 961.38867 C 754.91475 960.7825 755.30314 960.21607 755.64062 959.51562 C 756.31562 958.11475 756.78814 956.18311 758.43164 952.34961 C 759.11414 950.75711 759.2663 948.52947 759.79492 946.57422 C 760.05923 945.59659 760.41797 944.68708 760.98438 943.95898 C 761.26756 943.59494 761.60262 943.27671 762.00391 943.01758 C 762.40519 942.75844 762.87217 942.55752 763.41992 942.43164 L 763.85156 942.4043 C 765.27356 942.5378 766.50995 942.92267 767.64648 943.33594 C 768.78302 943.7492 769.82078 944.19098 770.84766 944.43555 C 771.36109 944.55783 771.87164 944.63094 772.39062 944.62695 C 772.90962 944.62297 773.43591 944.54177 773.98242 944.35547 C 774.52894 944.16916 775.09539 943.87781 775.69141 943.45312 C 776.28743 943.02845 776.91258 942.47108 777.58008 941.75195 C 778.30408 940.97245 779.24673 940.28248 780.26758 939.66211 C 781.28842 939.04173 782.38916 938.48967 783.42578 937.98242 C 784.46241 937.47517 785.43569 937.01239 786.20703 936.57227 C 786.97838 936.13214 787.54648 935.71587 787.77148 935.29688 C 788.26748 934.37036 788.85123 933.16084 789.52148 932.02734 C 790.19173 930.89384 790.94997 929.83539 791.79297 929.21289 C 792.62972 928.61239 793.2773 927.77117 793.86523 926.88477 C 794.45317 925.99836 794.98147 925.06753 795.57422 924.28516 C 796.16697 923.50278 796.82459 922.86848 797.67578 922.58008 C 798.10137 922.43588 798.57552 922.37924 799.11328 922.43164 C 799.65104 922.48404 800.25197 922.64561 800.93359 922.94336 C 801.88759 923.36036 802.89745 923.89405 803.93945 924.2168 C 804.46045 924.37817 804.98963 924.48592 805.52344 924.50195 C 806.05725 924.51798 806.59622 924.44097 807.13672 924.23047 C 807.37372 923.82347 807.28705 923.10991 806.99805 922.75391 C 806.45305 922.38491 805.29495 922.05352 805.00195 921.47852 C 804.4897 920.47402 804.19602 919.66091 804.05273 918.95312 C 803.90945 918.24535 803.91623 917.64392 804.00586 917.06055 C 804.18511 915.8938 804.69378 914.80261 804.98828 913.09961 L 804.67383 913.23047 C 803.24283 913.84047 802.55816 914.14109 801.95703 913.96484 C 801.35591 913.78859 800.83773 913.13575 799.74023 911.84375 C 799.42223 911.46825 799.33781 911.04053 799.4043 910.5957 C 799.47078 910.15088 799.68887 909.68841 799.97656 909.24609 C 800.55194 908.36147 801.40622 907.55483 801.88672 907.11133 L 802.29297 906.72852 C 802.39597 906.63152 802.45634 906.53803 802.52734 906.45703 C 802.88584 905.62003 803.53303 904.82733 804.22266 904.04883 C 804.91228 903.27033 805.64387 902.50652 806.17188 901.72852 L 806.41016 901.11523 L 807.10547 899.2793 C 807.34947 898.6213 807.58686 897.96752 807.75586 897.47852 L 807.9375 896.92969 C 808.0235 896.18919 808.42923 894.43737 808.99023 892.71875 C 809.27073 891.85944 809.5898 891.00833 809.92773 890.29688 C 810.26567 889.58542 810.62206 889.01294 810.97656 888.71094 C 811.29356 888.43994 811.65859 888.19559 812.05859 888.05859 L 812.27148 888.00391 C 812.79698 887.91291 813.29536 887.98192 813.77344 888.12891 C 814.25152 888.27589 814.71014 888.49941 815.1582 888.71484 C 815.60627 888.93028 816.04306 889.13759 816.47852 889.25195 C 816.91397 889.36631 817.34686 889.38867 817.78711 889.23242 C 818.16161 888.89517 818.33397 888.41792 818.42969 887.83203 C 818.52541 887.24614 818.54536 886.5505 818.61523 885.77344 C 818.68511 884.99638 818.80459 884.13928 819.10156 883.22852 C 819.39853 882.31775 819.87339 881.35419 820.65039 880.36719 C 821.56589 879.20319 822.2757 878.66711 822.45508 878.10938 C 822.54477 877.8305 822.50198 877.54638 822.28516 877.17578 C 822.06833 876.80519 821.67727 876.34716 821.07227 875.72266 C 820.73277 875.37266 819.67605 874.5315 818.70117 873.64062 C 818.21373 873.1952 817.74588 872.73713 817.40039 872.32227 C 817.05491 871.90741 816.83114 871.53547 816.82812 871.26172 C 816.81876 870.23309 816.92836 869.38409 817.12305 868.67188 C 817.31774 867.95965 817.59645 867.38473 817.92383 866.9082 C 818.57859 865.95514 819.42823 865.39319 820.18555 864.89844 C 820.94286 864.40369 821.60955 863.97528 821.89844 863.29297 C 822.04288 862.95181 822.09144 862.54821 822.01172 862.03906 C 821.932 861.52991 821.72291 860.91608 821.34766 860.1582 C 821.01266 859.4827 820.57425 858.49262 820.375 857.51562 C 820.27538 857.02714 820.23617 856.54281 820.29883 856.10156 C 820.36148 855.66031 820.52739 855.26147 820.83789 854.94922 L 821.06641 854.70508 C 821.94991 853.76808 823.31797 853.27713 824.27734 852.59375 C 824.75703 852.25206 825.13407 851.86086 825.29688 851.34375 C 825.45966 850.82664 825.40925 850.18183 825.03125 849.33008 C 824.65725 848.48708 823.11537 845.33231 822.60938 844.69531 L 822.13672 844.12305 C 821.41322 843.2378 821.12403 842.45711 821.0957 841.73047 C 821.06737 841.00383 821.2987 840.33047 821.61914 839.66016 C 821.93958 838.98984 822.34908 838.32369 822.67188 837.60742 C 822.99467 836.89116 823.23219 836.12622 823.21094 835.26172 C 823.15494 833.01472 823.34041 830.9607 823.56641 828.7207 C 823.61116 828.2722 823.4282 827.7933 823.12109 827.29297 C 822.81398 826.79264 822.38333 826.27053 821.93164 825.73047 C 821.47995 825.19041 821.00812 824.63411 820.61914 824.06641 C 820.23016 823.4987 819.92369 822.91919 819.80469 822.33594 C 819.40869 820.39694 819.42777 818.84934 819.50977 816.90234 C 819.53227 816.38184 819.36706 815.76597 819.08203 815.10742 C 818.797 814.44888 818.39197 813.74898 817.93359 813.06055 C 817.01684 811.68367 815.88703 810.35531 815.08203 809.50781 C 814.15653 808.53231 813.44616 807.40648 812.73828 806.28711 C 812.03041 805.16773 811.32511 804.05461 810.41211 803.09961 C 809.87411 802.79311 808.89606 802.58014 808.10156 802.19727 C 807.70431 802.00583 807.35294 801.77219 807.125 801.46289 C 806.89706 801.15359 806.79364 800.76839 806.89062 800.27539 C 807.03364 799.54114 807.25716 798.93869 807.53516 798.41406 C 807.81316 797.88944 808.14541 797.44153 808.50391 797.01953 C 809.22091 796.17553 810.04386 795.43097 810.75586 794.35547 C 810.81386 794.26847 810.94542 794.16727 811.10742 794.07227 C 811.21692 793.42977 811.59053 792.40814 811.72266 791.47852 C 811.78872 791.0137 811.79433 790.57039 811.67578 790.21094 C 811.55723 789.85148 811.31477 789.57545 810.88477 789.43945 C 809.76652 789.0852 808.84453 788.93469 808.05469 788.89844 C 807.26484 788.86219 806.60766 788.93906 806.01953 789.03906 C 805.43141 789.13906 804.91153 789.26191 804.39844 789.31641 C 803.88534 789.37091 803.3792 789.3583 802.81445 789.18555 C 802.41595 789.06392 802.11201 788.87923 801.88672 788.64648 C 801.66143 788.41374 801.51434 788.13257 801.42773 787.81641 C 801.25452 787.18408 801.32367 786.41309 801.49805 785.61328 C 801.8468 784.01366 802.61527 782.29937 802.69727 781.35938 C 802.76127 780.62338 802.73347 779.83703 802.73047 779.08203 C 802.33647 778.50303 801.59589 777.88441 801.08789 777.69141 C 800.31989 777.88691 799.28033 778.42452 798.33008 778.58789 C 797.85495 778.66958 797.40179 778.65703 797.01562 778.46289 C 796.62947 778.26875 796.31102 777.89264 796.10352 777.24414 C 795.71302 776.02714 795.81174 773.02345 795.67188 770.23633 C 795.60194 768.84277 795.47164 767.50433 795.19141 766.46875 C 795.05129 765.95096 794.87329 765.50831 794.64648 765.17383 C 794.41967 764.83935 794.14484 764.61206 793.80859 764.52344 C 792.86259 764.27394 791.08403 763.9617 789.45703 763.4082 C 788.64353 763.13145 787.86745 762.79394 787.25195 762.375 C 786.63645 761.95606 786.18177 761.45486 786.00977 760.84961 L 785.95703 760.49805 C 785.95278 759.9023 786.0455 759.33452 786.21289 758.79883 C 786.38028 758.26314 786.62277 757.75956 786.92383 757.28906 C 787.52595 756.34806 788.35858 755.54208 789.26758 754.89258 C 789.71308 754.57408 790.91536 753.78223 792.00586 752.92773 C 792.55111 752.50048 793.06897 752.05733 793.44922 751.65039 C 793.82947 751.24345 794.07256 750.87359 794.07031 750.58984 L 794.03906 748.44336 L 794.02539 747.11523 C 794.02139 746.39573 794.21275 745.77652 794.46484 745.2168 C 794.71694 744.65708 795.02926 744.15736 795.26562 743.67773 C 795.502 743.19811 795.66248 742.73898 795.61133 742.25977 C 795.56017 741.78055 795.298 741.28116 794.6875 740.72266 C 794.0575 740.16266 793.41112 739.60691 792.9375 738.95703 C 792.46388 738.30716 792.16316 737.56341 792.22266 736.62891 L 792.33984 736.16016 L 792.69336 735.38867 L 792.88477 735.08594 C 793.31377 734.57494 793.85786 734.35603 794.44336 734.23828 C 795.02886 734.12053 795.65505 734.10405 796.24805 733.99805 C 796.37455 733.6563 796.28045 733.1467 796.05273 732.55469 C 795.82502 731.96267 795.46463 731.28891 795.0625 730.62109 C 794.25825 729.28547 793.28433 727.97286 792.86133 727.38086 C 792.14733 726.37736 790.72703 725.23678 789.19141 724.28516 C 787.65578 723.33353 786.00644 722.57036 784.83594 722.31836 L 784.4375 722.24414 C 783.606 722.09664 782.9828 721.70874 782.37305 721.29688 C 781.7633 720.885 781.16712 720.45003 780.39062 720.20703 C 779.17088 719.82503 778.2902 719.34728 777.62305 718.79297 C 776.95589 718.23866 776.50326 717.60722 776.14062 716.91797 C 775.41538 715.53947 775.05019 713.92836 774.05469 712.23438 C 773.32444 710.99238 772.68322 709.83763 772.13672 708.70703 C 771.59022 707.57644 771.13802 706.47105 770.79102 705.32617 C 770.44402 704.1813 770.20206 702.99773 770.07031 701.71289 C 769.93856 700.42805 769.91833 699.04073 770.01758 697.49023 C 770.07958 696.52573 770.36527 695.87436 770.69727 695.27148 C 771.02927 694.66861 771.40634 694.11461 771.65234 693.34961 C 771.92834 692.49261 772.12288 691.495 772.2207 690.4375 C 772.31853 689.38 772.31962 688.26302 772.21094 687.16602 C 772.10225 686.06902 771.88456 684.99308 771.54102 684.01758 C 771.19747 683.04208 770.72784 682.16761 770.12109 681.47461 C 769.36409 680.60961 767.83209 678.8933 766.38672 677.13867 C 764.94134 675.38405 763.58319 673.59081 763.17969 672.57031 L 763.08984 672.16992 C 763.01984 671.06392 763.15355 670.23227 763.42578 669.58008 C 763.69802 668.92789 764.10766 668.4548 764.58984 668.06055 C 765.55422 667.27205 766.80591 666.80309 767.81641 665.87109 C 767.94741 665.52009 767.69492 664.31419 767.3418 663.14844 C 766.98867 661.98269 766.53517 660.85797 766.26367 660.66797 C 765.22217 659.93847 764.67402 659.46009 764.19727 658.87109 C 763.72052 658.28209 763.31605 657.58175 762.56055 656.40625 C 762.14905 656.24475 761.68744 656.04117 761.27344 655.7793 C 760.85944 655.51742 760.49208 655.19778 760.26758 654.80078 L 760.10547 654.31641 C 760.01022 653.57916 759.84467 652.99349 759.62109 652.52734 C 759.39752 652.0612 759.1165 651.71442 758.79102 651.45508 C 758.14005 650.93639 757.31223 650.76866 756.41211 650.69141 C 755.51198 650.61416 754.53953 650.6287 753.60156 650.47852 C 753.13258 650.40342 752.67125 650.28743 752.23242 650.09766 C 751.7936 649.90788 751.37639 649.64414 750.99414 649.27539 C 750.03614 648.35189 749.23759 647.26133 748.46484 646.14258 C 747.69209 645.02383 746.94675 643.87739 746.09375 642.83789 C 745.44025 642.04089 745.10334 641.12366 744.96289 640.18945 C 744.82244 639.25525 744.87842 638.3037 745.00586 637.43164 C 745.26073 635.68752 745.80466 634.2663 745.66016 633.9668 C 745.56816 633.9298 745.39494 633.88963 745.08594 633.89062 C 744.12494 633.89314 743.1817 634.14713 742.23633 634.375 C 741.29095 634.60287 740.34164 634.80512 739.36914 634.70312 C 737.82664 634.54237 736.75738 634.19755 735.97852 633.73828 C 735.19966 633.27902 734.71213 632.7043 734.33594 632.08398 C 733.95975 631.46367 733.69385 630.79819 733.35938 630.1543 C 733.02489 629.51041 732.6225 628.88937 731.96875 628.35938 C 731.11025 627.66386 730.244 627.14252 729.34375 626.69727 C 728.4435 626.25202 727.50822 625.88269 726.51172 625.49219 C 725.92672 625.26319 725.44647 624.99512 725.05664 624.69531 C 724.66681 624.39551 724.36772 624.06351 724.14453 623.70703 C 723.69816 622.99408 723.55647 622.18295 723.60547 621.32812 C 723.65447 620.47331 723.89481 619.57498 724.21094 618.69141 C 724.52706 617.80783 724.91844 616.93792 725.27344 616.13867 C 725.85044 614.84117 726.17406 613.93758 726.05469 613.17383 C 725.995 612.79195 725.82377 612.44441 725.51953 612.10156 C 725.2153 611.75872 724.77739 611.41948 724.18164 611.05273 L 722.94336 610.62695 C 721.83786 609.71345 721.43384 608.98105 721.02734 608.31055 C 720.62084 607.64005 720.2122 607.03169 719.0957 606.36719 C 718.7257 606.14694 718.48477 605.85764 718.3457 605.5332 C 718.20664 605.20877 718.16928 604.84933 718.20703 604.48633 C 718.28253 603.76033 718.65723 603.02166 719.11523 602.53516 C 720.03623 601.55866 721.42364 600.79984 722.32227 599.85547 C 722.77158 599.38328 723.09991 598.86467 723.18555 598.25 C 723.27119 597.63533 723.11441 596.92391 722.59766 596.06641 C 721.96216 595.01241 721.6497 594.11316 721.39258 593.30078 C 721.13545 592.48841 720.93348 591.76309 720.52148 591.05859 C 720.45848 590.94859 720.45764 590.91372 720.43164 590.88672 C 719.73114 590.61022 719.09781 590.49203 718.5 590.4375 C 717.90219 590.38297 717.34036 590.39152 716.78711 590.36914 C 716.23386 590.34677 715.68791 590.29331 715.12109 590.11328 C 714.55428 589.93325 713.96664 589.62711 713.32812 589.09961 C 712.13662 588.11661 711.61334 587.54194 711.38672 586.86719 C 711.16009 586.19244 711.23061 585.41716 711.22461 584.03516 C 711.22361 583.60616 711.19944 583.15197 711.14844 582.91797 C 710.51519 582.41172 709.9071 582.16659 709.29688 582.00781 C 708.68664 581.84903 708.07578 581.77666 707.43359 581.61328 C 706.79141 581.44991 706.11778 581.19581 705.38867 580.67578 C 704.65956 580.15575 703.87491 579.36938 703.00391 578.14062 C 702.26291 577.09262 701.7423 576.43381 701.49805 575.67969 C 701.2538 574.92556 701.28448 574.07698 701.64648 572.64648 C 702.02973 571.12798 702.60352 569.84773 703.33984 568.77539 C 704.07617 567.70305 704.97466 566.83897 706.01172 566.15234 C 707.04878 565.46572 708.22431 564.95509 709.50977 564.59375 C 710.79522 564.23241 712.19233 564.02033 713.67383 563.92383 C 714.96233 563.84008 715.96227 563.9558 716.82031 564.1582 C 717.67836 564.36061 718.39273 564.64817 719.10742 564.9043 C 719.82211 565.16042 720.53806 565.38548 721.39648 565.46289 C 722.25491 565.5403 723.25761 565.47047 724.54688 565.13672 C 724.96563 564.71897 725.12017 564.22323 725.09766 563.69727 C 725.07514 563.1713 724.87539 562.61525 724.58008 562.07812 C 723.98945 561.00387 723.02061 560.00525 722.34961 559.46875 C 721.00686 558.3925 720.08066 557.33563 719.41211 556.26367 C 718.74356 555.19172 718.33358 554.10325 718.02539 552.96094 C 717.40902 550.67631 717.19864 548.17611 716.14062 545.16211 C 715.58462 543.58611 715.33903 541.93077 715.33203 540.25977 C 715.32803 539.26643 715.46516 537.8951 715.55469 536.49023 C 715.64422 535.08537 715.68659 533.64543 715.49414 532.51172 z "
   id="Presidente-Hayes"
   inkscape:label="Presidente Hayes"></path><path
   style="fill:#ee1d23;fill-opacity:1;stroke:#ffffff;stroke-opacity:1;stroke-width:1.559;stroke-miterlimit:4;stroke-dasharray:none"
   d="M 542.9082 44.076172 C 522.5842 44.708172 502.24111 44.949781 481.91211 45.425781 C 480.19711 45.465781 478.45033 45.560064 476.73633 45.539062 C 469.71533 45.448062 462.67725 45.267578 455.65625 45.267578 C 443.97625 45.267578 432.2757 45.553266 420.5957 45.697266 L 412.3418 45.789062 C 410.7258 45.807063 404.71753 48.054891 402.89453 48.587891 C 382.13053 54.656891 361.26908 60.454516 340.45508 66.353516 L 340.17578 66.433594 C 337.66578 67.181594 335.13019 67.800062 332.61719 68.539062 C 329.83719 69.355063 326.96123 70.345531 324.11523 70.894531 C 312.89223 73.059531 301.59795 74.914234 290.37695 77.115234 C 283.48595 78.467234 276.51789 79.660594 269.58789 80.808594 L 269.31641 80.876953 C 267.18041 81.397953 265.00956 81.645686 262.85156 82.054688 C 257.65756 83.039687 252.46177 83.951672 247.25977 84.888672 C 235.13477 87.068672 223.00467 89.194064 210.88867 91.414062 C 206.57167 92.204064 202.19748 92.816687 197.89648 93.679688 C 186.70148 95.924687 175.34027 97.738469 164.07227 99.605469 C 162.64227 103.73947 161.00973 107.79692 159.55273 111.91992 C 154.53273 126.11692 149.44498 140.28917 144.33398 154.45117 C 143.21061 157.56385 141.38304 163.43121 139.68164 166.63477 L 411.04883 257.68555 L 425.79492 262.62695 L 424.34961 276.9707 L 436.66992 309.53125 L 456.43555 360.18945 L 426.59375 382.55078 L 419.16016 475.15234 L 480.125 478.2832 L 497.07227 482.63672 L 527.65234 496.66406 C 543.47197 497.70165 559.29175 498.73706 575.11133 499.77539 L 607.7793 500.5957 L 640.69531 498.50195 L 648.28125 502.23242 L 654.28125 512.67188 L 715.49414 532.51172 C 715.41794 532.06281 715.30404 531.66176 715.14258 531.33008 C 714.78383 530.59558 714.42556 529.92056 714.14844 529.2832 C 713.87131 528.64584 713.67613 528.04623 713.64062 527.4668 C 713.60514 526.88736 713.72958 526.32831 714.0957 525.76758 C 714.46183 525.20684 715.06834 524.6457 715.99609 524.06445 C 716.34759 523.84445 716.59667 523.8917 716.93555 523.83008 C 717.27442 523.76845 717.70497 523.59695 718.41797 522.93945 L 718.63867 522.73242 L 718.43945 522.56836 C 716.87495 521.37186 715.70105 521.01955 714.73242 520.43555 C 714.24811 520.14355 713.81511 519.79395 713.41016 519.25195 C 713.0052 518.70995 712.62981 517.97481 712.25781 516.91406 C 711.89306 515.87356 711.56497 514.68675 711.18164 513.50586 C 710.79831 512.32497 710.35834 511.15173 709.76953 510.13867 C 709.47513 509.63214 709.14449 509.1646 708.76367 508.75781 C 708.38285 508.35103 707.95154 508.00484 707.46094 507.73633 C 706.97034 507.46782 706.42061 507.27725 705.79688 507.18555 C 705.17313 507.09384 704.47556 507.10098 703.69531 507.22461 C 703.46331 507.26161 703.10353 507.31064 702.89453 507.43164 L 701.91992 507.85547 C 701.22792 507.85947 700.16675 507.63091 699.46875 507.12891 L 699.21289 506.88672 C 698.80489 506.38672 698.48606 505.71348 698.23047 504.94336 C 697.97487 504.17323 697.78152 503.30672 697.61914 502.41797 C 697.29439 500.64047 697.09606 498.77659 696.78906 497.43359 C 696.52331 496.27109 696.44295 495.32673 696.47461 494.49609 C 696.50627 493.66545 696.65002 492.94925 696.83789 492.24219 C 697.21364 490.82806 697.76056 489.4527 697.91406 487.2832 C 697.99706 486.1082 697.86512 485.37253 697.51562 484.76953 C 697.16613 484.16653 696.59936 483.69673 695.81836 483.05273 C 695.44736 482.73873 695.09336 482.40586 694.81836 482.00586 L 694.59375 481.66406 C 694.34875 481.28856 694.06973 480.91845 693.88086 480.51758 C 693.69198 480.1167 693.59444 479.68555 693.71094 479.18555 C 693.87894 478.46855 694.34531 477.7938 694.91406 477.23242 C 695.46588 476.68776 696.10967 476.26205 696.67383 475.99023 C 696.52174 475.54144 696.28513 475.11233 696.29102 474.72852 C 696.32402 472.73652 696.26827 467.82875 697.07227 466.09375 C 697.40427 465.37175 698.65983 464.17666 699.29883 463.34766 C 699.95083 462.52366 699.50094 460.19944 699.71094 459.14844 C 699.89994 458.19544 702.16831 454.75434 702.82031 453.77734 C 703.16231 453.26534 703.88819 452.97441 704.11719 452.31641 C 704.32319 451.72441 704.19344 450.91683 704.27344 450.29883 C 704.39644 449.34383 705.06598 448.15967 705.45898 447.26367 C 704.98298 443.80667 700.50997 442.34041 700.41797 440.69141 C 700.62297 439.26541 703.58419 436.5963 704.11719 433.7793 C 704.43419 432.1043 704.48664 430.10595 703.80664 428.50195 C 703.61064 428.03795 703.16361 427.6537 702.97461 427.2207 C 701.76561 424.4337 705.37256 420.82742 707.22656 419.10742 C 708.12056 418.28042 708.85419 417.14539 709.74219 416.40039 L 709.86719 415.46094 C 707.72119 411.95094 702.70317 410.68545 703.20117 405.06445 C 703.31517 403.77645 703.63566 402.42767 704.47266 401.38867 C 705.32666 400.32967 706.8988 399.88033 707.4668 399.11133 C 707.4238 398.70333 707.32155 397.66055 707.18555 397.31055 C 706.89355 396.55655 705.59937 395.77905 704.98438 395.24805 C 704.37036 394.71905 703.96633 394.22923 703.48633 393.61523 C 701.32933 390.85723 700.00192 390.11231 701.79492 386.19531 C 703.35592 382.57131 704.49742 378.69895 706.48242 375.25195 C 707.60542 373.30395 709.12491 371.46294 710.37891 369.58594 C 711.41291 368.03594 712.2388 366.41236 713.2168 364.85938 C 714.2228 363.26238 714.72442 362.99209 715.73242 360.99609 C 715.63642 359.82409 715.56258 358.70194 714.39258 358.08594 C 713.25558 357.98994 711.99366 357.86545 710.97266 357.31445 C 709.28366 356.40045 707.14023 354.46095 707.74023 352.37695 C 709.01523 347.93595 716.86725 348.86864 717.78125 337.05664 C 717.96225 334.69864 717.35748 332.5782 717.27148 330.2832 C 717.20948 328.6292 717.85552 327.23672 717.97852 325.63672 C 718.07852 324.31872 717.77405 323.09736 717.62305 321.81836 C 717.56205 321.29936 717.68775 320.74042 717.46875 320.23242 C 716.72175 318.48842 715.24916 318.48823 714.78516 317.61523 C 714.80016 315.87823 715.91047 315.41259 716.48047 314.05859 C 716.80647 313.28259 716.94977 312.49137 717.38477 311.73438 C 717.70677 311.17237 718.00611 311.10908 718.41211 310.70508 C 718.85611 310.26108 719.20094 309.50322 719.71094 308.82422 C 721.33494 306.16922 721.16091 304.20442 719.62891 301.60742 C 719.24091 300.95442 719.15483 300.20033 718.17383 300.11133 C 717.78183 300.71533 716.97047 302.24652 716.48047 302.60352 L 715.6582 302.80859 C 715.1712 302.27059 714.50812 301.7575 714.07812 301.1875 C 713.18713 300.0035 712.96802 298.21142 711.79102 297.23242 C 710.21202 295.91742 707.27364 296.62903 705.89062 294.70703 L 705.69141 293.84766 C 705.97741 293.16666 706.37594 292.42413 706.96094 291.95312 C 708.00694 291.11313 709.80261 290.41373 710.97461 289.67773 C 713.02461 288.39073 716.0388 285.28934 714.3418 282.77734 C 713.6178 281.70734 711.83614 280.25659 710.61914 279.80859 C 709.38014 279.35359 707.81442 278.72927 706.48242 278.69727 C 705.54142 278.67527 704.4633 279.04814 703.5293 278.86914 C 703.1963 278.80514 702.5417 278.28081 702.3457 278.00781 C 702.5787 276.00681 703.88861 275.6283 705.22461 274.5293 C 705.94761 273.9343 706.66672 273.11636 707.51172 272.69336 C 709.34972 271.77436 713.22787 270.54177 714.67188 269.38477 C 715.47087 267.27377 711.18736 265.10555 710.06836 263.93555 C 708.60336 262.40255 710.07419 260.60716 706.61719 258.28516 C 706.09219 257.93216 705.62336 257.519 704.94336 257.5 C 701.31236 257.403 701.80078 264.4648 698.92578 265.0918 L 698.09375 264.87695 C 696.87675 264.08195 696.79748 260.13997 697.14648 258.91797 C 697.42348 257.95297 698.42627 257.06314 698.44727 255.99414 C 698.47427 254.57614 695.85561 252.98561 695.22461 250.84961 C 694.25561 247.56161 695.45358 243.37709 694.51758 239.74609 C 693.81158 237.00409 693.01903 234.59717 693.20703 231.70117 C 693.29603 230.35417 694.00358 229.15869 694.51758 227.92969 C 695.37358 225.87969 697.56281 222.73466 694.50781 221.09766 C 692.61781 219.83166 690.68352 219.15055 688.72852 218.06055 C 686.17152 216.63555 683.74267 214.42288 682.38867 211.79688 C 681.98067 211.00888 681.20117 208.49289 680.82617 207.46289 C 680.55217 206.70589 681.09517 205.25313 681.20117 204.45312 C 681.32217 203.54412 681.11688 202.51417 681.17188 201.57617 C 681.21087 200.91017 681.43339 200.43036 681.52539 199.81836 C 681.91839 197.19136 680.47422 195.25055 677.82422 195.06055 C 677.44622 195.34455 676.93466 195.60787 676.59766 195.92188 C 675.89666 196.57787 675.4023 197.73681 674.2793 197.75781 C 672.8133 196.44281 671.32666 192.96234 671.59766 191.02734 C 673.49166 188.26334 674.5827 189.27083 677.3457 187.42383 C 678.0267 185.99283 677.51788 184.56355 676.17188 183.81055 C 674.89687 183.59955 673.76369 184.26931 672.42969 183.94531 C 671.49769 182.66131 672.09623 181.80783 671.99023 180.42383 C 672.05223 179.78383 672.4472 177.45859 672.6582 176.93359 C 673.3872 175.22759 674.82983 173.93386 675.17383 172.00586 C 675.55283 169.88686 675.74231 167.27467 675.57031 165.13867 C 675.47231 163.92967 674.84227 162.90803 674.82227 161.70703 C 674.78527 159.31303 675.57281 156.83736 676.00781 154.31836 C 676.00781 147.46336 672.18136 143.98806 672.06836 141.53906 C 672.04036 140.91806 672.29184 140.22456 672.33984 139.60156 C 672.57984 136.48956 673.69887 130.76572 673.04688 127.88672 C 672.64287 127.63072 672.22508 127.38623 671.83008 127.11523 C 661.97708 120.32423 652.19975 113.31194 642.21875 106.71094 C 636.18175 102.71894 629.80858 99.058859 623.64258 95.255859 C 601.16658 81.396859 578.81886 67.342781 556.38086 53.425781 C 551.76486 50.561781 547.3802 47.170172 542.9082 44.076172 z "
   id="Alto-Paraguay"
   inkscape:label="Alto Paraguay"></path>
</svg>