<svg
   xmlns:dc="http://purl.org/dc/elements/1.1/"
   xmlns:cc="http://creativecommons.org/ns#"
   xmlns:rdf="http://www.w3.org/1999/02/22-rdf-syntax-ns#"
   xmlns:svg="http://www.w3.org/2000/svg"
   xmlns="http://www.w3.org/2000/svg"
   xmlns:xlink="http://www.w3.org/1999/xlink"
   xmlns:sodipodi="http://sodipodi.sourceforge.net/DTD/sodipodi-0.dtd"
   xmlns:inkscape="http://www.inkscape.org/namespaces/inkscape"
   inkscape:output_extension="org.inkscape.output.svg.inkscape"
   height="919.72882"
   width="692.19666">
  <defs
     id="defs4">
  </defs>
  <sodipodi:namedview
     inkscape:document-rotation="0"
     fit-margin-bottom="5"
     fit-margin-right="5"
     fit-margin-left="5"
     fit-margin-top="5"
     inkscape:window-maximized="1"
     inkscape:window-y="-8"
     inkscape:window-x="-8"
     inkscape:window-height="1017"
     inkscape:window-width="1920"
     showgrid="false"
     inkscape:current-layer="layer2"
     inkscape:document-units="px"
     inkscape:cy="519.90389"
     inkscape:cx="331.48127"
     inkscape:zoom="0.70710678"
     inkscape:pageshadow="2"
     inkscape:pageopacity="0.0"
     borderopacity="1.0"
     bordercolor="#666666"
     pagecolor="#ffffff"
     id="base" />
  <metadata
     id="metadata7">
    <rdf:RDF>
      <cc:Work
         rdf:about="">
        <dc:format>image/svg+xml</dc:format>
        <dc:type
           rdf:resource="http://purl.org/dc/dcmitype/StillImage" />
        <dc:title />
      </cc:Work>
    </rdf:RDF>
  </metadata>
  <g
     transform="translate(-34,-34.207558)"
     style="display:inline"
     inkscape:label="Fills"
     inkscape:groupmode="layer"
     sodipodi:insensitive="true">
    <path
       inkscape:connector-curvature="0"
       id="Lima"
       d="m 350.17453,696.2774 c -0.0324,-0.079 -0.5102,-0.47475 -1.06176,-0.87939 -0.75606,-0.55467 -1.14008,-1.00579 -1.56052,-1.83316 -1.02669,-2.0204 -1.93773,-3.08829 -3.97738,-4.66217 -2.92391,-2.2562 -4.33103,-4.59661 -4.33103,-7.20363 0,-1.59191 -0.31408,-3.71662 -0.70911,-4.79708 -0.1807,-0.49424 -0.41975,-1.25658 -0.53122,-1.69411 -0.29791,-1.16936 -0.52427,-1.43826 -2.51604,-2.98891 -2.78735,-2.17004 -3.03687,-2.40744 -3.29697,-3.1369 -0.13338,-0.37405 -0.38457,-0.88249 -0.55821,-1.12987 -0.48222,-0.68702 -1.17516,-2.34243 -1.30689,-3.12215 -0.0648,-0.3837 -0.25242,-0.89819 -0.41688,-1.14331 -0.16446,-0.24511 -0.55491,-0.84018 -0.86767,-1.32237 -0.31276,-0.48219 -0.94915,-1.14268 -1.41421,-1.46777 -0.46506,-0.32509 -1.26319,-0.99404 -1.77364,-1.48655 l -0.92807,-0.89549 0.004,-1.33186 c 0.004,-1.32679 0.006,-1.33287 0.57453,-1.59703 0.52443,-0.24367 0.56994,-0.33101 0.56131,-1.0774 -0.008,-0.72062 0.0515,-0.84932 0.53033,-1.14089 0.29684,-0.18075 0.86957,-0.43176 1.27272,-0.55779 0.4314,-0.13486 0.9674,-0.49612 1.30268,-0.87799 0.51501,-0.58656 0.56029,-0.72819 0.47176,-1.47572 -0.0852,-0.71901 -0.0209,-0.95483 0.49288,-1.80765 0.32494,-0.53943 0.76032,-1.364 0.96751,-1.83238 0.20719,-0.46837 0.50442,-0.99272 0.66053,-1.16521 0.22489,-0.24851 0.26058,-0.53601 0.17188,-1.38463 -0.0616,-0.58905 -0.19469,-1.22561 -0.29582,-1.41458 -0.21418,-0.40022 -1.06382,-0.87756 -1.562,-0.87756 -0.29902,0 -0.33318,-0.0919 -0.25389,-0.68304 0.0729,-0.54316 0.0207,-0.73323 -0.25478,-0.92808 -0.19051,-0.13477 -0.75218,-0.73369 -1.24815,-1.33094 -0.8611,-1.03692 -0.88732,-1.09898 -0.58131,-1.37591 0.23968,-0.21691 0.50043,-0.26123 1.03446,-0.17583 0.6054,0.0968 0.74346,0.0591 0.90767,-0.2477 0.12496,-0.23349 0.13646,-0.50711 0.0324,-0.7712 -0.23142,-0.58741 -2.10819,-2.34831 -2.88315,-2.70515 -0.65088,-0.29972 -0.65534,-0.30885 -0.41981,-0.85971 0.59248,-1.38566 1.10986,-2.21808 1.49155,-2.39979 0.77564,-0.36925 1.78942,-1.33451 1.79265,-1.70684 0.002,-0.22769 -0.49484,-0.85078 -1.3038,-1.63518 -1.13127,-1.09693 -1.39864,-1.27108 -1.98874,-1.29532 -1.19219,-0.049 -1.32695,0.0107 -2.66181,1.17957 -0.72017,0.63059 -1.45071,1.14653 -1.62344,1.14653 -0.17273,0 -0.7054,0.20639 -1.1837,0.45865 -0.86747,0.4575 -1.36045,0.60277 -3.32025,0.97846 -1.20787,0.23155 -1.48459,0.0428 -1.08115,-0.73733 0.15682,-0.30326 0.27954,-1.39758 0.34569,-3.08257 0.0968,-2.46647 0.12561,-2.63053 0.51552,-2.93723 0.64272,-0.50557 0.90321,-1.2866 0.64058,-1.92065 -0.18996,-0.4586 -0.1708,-0.58151 0.15533,-0.99611 0.54271,-0.68995 0.46633,-1.05399 -0.44494,-2.12065 -0.94751,-1.10907 -1.35324,-1.19324 -1.83293,-0.38023 -0.18693,0.31683 -0.59433,0.72636 -0.90534,0.91007 -0.53346,0.31513 -0.57809,0.31676 -0.78859,0.0289 -0.14788,-0.20224 -0.19771,-0.70807 -0.14777,-1.49995 0.0645,-1.02209 0.0251,-1.24035 -0.27266,-1.50977 -0.24261,-0.21955 -0.48916,-0.27953 -0.81396,-0.19801 -0.36281,0.0911 -0.55816,0.0175 -0.88257,-0.3326 -0.22914,-0.24725 -0.54659,-0.44955 -0.70545,-0.44955 -0.23136,0 -0.1627,-0.22551 0.34512,-1.13358 0.34866,-0.62346 0.63393,-1.24753 0.63393,-1.38681 0,-0.34419 -0.51805,-0.7857 -1.0891,-0.92819 -0.25872,-0.0646 -0.83685,-0.4685 -1.28474,-0.89766 -0.44789,-0.42916 -0.96925,-0.78028 -1.15858,-0.78028 -0.45581,0 -0.77113,0.62351 -0.64195,1.26941 0.11339,0.56695 -0.0114,0.72633 -1.54058,1.96724 -0.66091,0.53633 -0.82226,0.7724 -0.79274,1.15985 0.0204,0.26755 -0.13781,0.76941 -0.35154,1.11524 -0.21374,0.34583 -0.38861,0.74933 -0.38861,0.89666 0,0.14733 -0.13922,0.3079 -0.30936,0.35683 -0.17015,0.0489 -0.4432,0.14419 -0.60677,0.21172 -0.21587,0.0891 -0.36954,-0.0167 -0.5605,-0.38598 -0.14469,-0.27981 -0.87201,-1.18119 -1.61626,-2.00306 -1.05806,-1.16843 -1.55838,-1.9184 -2.29411,-3.43886 -1.12872,-2.33264 -2.18535,-3.44501 -5.48477,-5.7741 -3.46389,-2.44518 -4.01862,-2.73467 -6.22433,-3.24831 -2.1637,-0.50385 -3.73952,-1.33442 -4.37512,-2.30602 -0.18552,-0.28358 -0.7192,-0.91974 -1.18595,-1.41367 -0.46675,-0.49393 -0.9654,-1.229 -1.10811,-1.63348 -0.29816,-0.84509 -0.20121,-0.95781 1.02117,-1.18713 0.36976,-0.0694 0.90525,-0.32215 1.18998,-0.56173 0.44013,-0.37035 0.5177,-0.56287 0.5177,-1.28492 0,-0.78564 -0.79335,-4.2884 -1.20187,-5.30645 -0.0975,-0.24307 -0.59065,-0.95396 -1.09579,-1.57976 l -0.91845,-1.13783 0.11712,-1.09367 c 0.0993,-0.92709 0.0514,-1.25192 -0.31459,-2.13255 -0.23745,-0.57138 -0.48835,-1.43662 -0.55757,-1.92275 -0.16792,-1.17935 -0.98359,-2.66978 -2.24004,-4.09306 -0.567,-0.64229 -1.44063,-1.93306 -1.94141,-2.8684 -0.54536,-1.0186 -1.31591,-2.12669 -1.92141,-2.76307 -0.55599,-0.58435 -1.38874,-1.65827 -1.85054,-2.38648 -0.46181,-0.72821 -1.21533,-1.72177 -1.67449,-2.20791 -0.45917,-0.48613 -0.96626,-1.09707 -1.12688,-1.35764 -0.29137,-0.47269 -0.29063,-0.47422 0.32718,-0.67811 1.02649,-0.33877 4.78464,-3.64154 4.96604,-4.36429 0.057,-0.227 0.0162,-0.62994 -0.0906,-0.89543 -0.1332,-0.33102 -0.15338,-1.42693 -0.0642,-3.48766 l 0.13002,-3.00496 0.88388,-0.48225 c 0.48614,-0.26524 1.06692,-0.48411 1.29064,-0.48638 0.42947,-0.004 1.32127,0.8334 2.09394,1.96705 l 0.43987,0.64536 -0.47527,0.9379 c -0.29027,0.57282 -1.0471,1.4914 -1.94429,2.35985 -1.5627,1.51262 -1.91436,2.24717 -1.55924,3.25695 0.26954,0.76643 0.82365,0.91962 2.89439,0.80016 l 1.85615,-0.10709 1.0633,0.69398 c 1.02721,0.67043 2.0303,1.66435 2.0303,2.01175 0,0.0927 -0.19888,0.64104 -0.44195,1.21854 -0.534,1.26874 -0.54888,1.69338 -0.0836,2.38649 0.28754,0.42833 0.35063,0.78948 0.32804,1.87784 -0.0154,0.74112 0.0211,1.42685 0.081,1.52383 0.0599,0.097 0.60786,0.36565 1.21759,0.59704 1.33694,0.50735 3.2633,0.53737 5.30701,0.0827 2.43306,-0.5413 2.85019,-0.95226 5.25693,-5.17904 1.05601,-1.85462 1.1913,-2.0146 2.11205,-2.49763 0.54107,-0.28385 1.42129,-0.61616 1.95604,-0.73846 1.53378,-0.35077 2.13533,-0.71662 3.04756,-1.85345 0.50482,-0.6291 1.11888,-1.17699 1.50923,-1.34659 0.89381,-0.38832 1.18727,-0.75982 1.72162,-2.17946 0.40501,-1.07603 0.43568,-1.31111 0.27111,-2.07848 -0.33485,-1.56136 -0.26582,-1.84477 0.69743,-2.86327 0.83643,-0.8844 0.95715,-0.94824 2.28952,-1.21073 0.94832,-0.18683 1.74047,-0.48098 2.43158,-0.90294 0.86231,-0.52648 4.00783,-1.52773 4.79953,-1.52773 0.0962,0 0.22984,0.25854 0.297,0.57452 0.0672,0.31599 0.25247,0.72221 0.41179,0.9027 0.47609,0.53934 1.55249,0.99765 2.34309,0.99765 0.51874,0 0.91581,0.13284 1.32107,0.44195 0.31868,0.24306 0.65976,0.44194 0.75796,0.44194 0.33702,0 0.72893,0.78622 0.72893,1.46232 0,1.55586 1.03161,2.42676 2.87457,2.42676 0.75701,0 1.18435,0.076 1.24331,0.22098 1.01418,2.49432 1.25372,3.27239 1.54074,5.00463 0.25894,1.56268 0.44875,2.19361 0.83449,2.77381 0.27463,0.41307 0.63175,1.04242 0.79361,1.39857 0.16186,0.35614 0.65685,1.12427 1.09998,1.70694 0.74501,0.97963 0.80569,1.13772 0.80569,2.09924 0,1.07453 0.16653,1.49268 1.32582,3.32892 0.29168,0.46201 0.81442,1.20685 1.16164,1.65521 0.90652,1.17057 1.04553,1.94527 0.93933,5.23462 -0.0881,2.72874 -0.0768,2.85335 0.32193,3.53553 0.22999,0.39354 0.80349,0.95733 1.29327,1.27137 1.66082,1.06489 1.98866,1.41683 2.1887,2.34958 0.11503,0.53639 0.1287,1.17884 0.0357,1.67682 -0.10413,0.55738 -0.0719,1.17567 0.10405,1.99739 0.18855,0.88049 0.24025,2.15596 0.19873,4.90243 -0.0548,3.62239 -0.0458,3.73329 0.37013,4.57832 0.55598,1.12958 1.23746,1.89047 2.30898,2.57806 1.06727,0.68487 1.22803,1.11142 1.33745,3.54868 0.0957,2.13103 0.20441,2.3517 1.63925,3.32608 0.56553,0.38404 1.46066,1.06888 1.98918,1.52187 0.88904,0.76199 1.01384,0.8154 1.66804,0.71392 2.66631,-0.4136 4.06721,-0.23505 4.26256,0.54327 0.2111,0.84112 -0.10142,2.57602 -0.56283,3.12437 -0.25874,0.30749 -0.42867,0.73319 -0.42763,1.07123 0.002,0.70887 0.66403,2.13968 1.58405,3.42448 0.40853,0.5705 0.71232,1.19739 0.71232,1.46991 0,0.85468 0.35116,1.53163 0.96638,1.86295 0.40852,0.22 0.71977,0.59993 0.99625,1.21604 0.22116,0.49285 0.87021,1.38138 1.44234,1.97451 0.93246,0.96669 1.08425,1.23228 1.46502,2.56327 0.34363,1.20117 0.53336,1.56926 0.99318,1.92677 0.62192,0.48356 1.40447,1.25759 2.09178,2.06902 0.55789,0.65863 2.60521,1.24486 3.21249,0.91986 0.20529,-0.10987 0.85915,-0.33777 1.45301,-0.50645 l 1.07974,-0.30667 2.03293,0.58908 c 1.11812,0.324 2.64929,0.70781 3.40261,0.8529 1.7416,0.33544 2.43832,0.69697 3.90544,2.02653 1.17129,1.06147 1.19588,1.07324 2.24142,1.07324 0.83715,0 1.13414,0.077 1.42719,0.37006 0.3372,0.3372 0.36191,0.51377 0.27834,1.98874 -0.0505,0.89027 -0.14638,1.87669 -0.21317,2.19204 -0.19014,0.89757 0.0516,1.72564 0.77208,2.64529 0.36508,0.46597 0.81298,1.24496 0.99533,1.7311 0.35351,0.94242 2.09928,4.24187 2.47866,4.68458 0.24814,0.28956 0.7016,1.79452 0.88048,2.92211 0.0986,0.62161 0.0387,0.8131 -0.46976,1.5026 -0.51884,0.70353 -0.58326,0.91832 -0.58726,1.95827 -0.004,1.04886 -0.06,1.23124 -0.548,1.78707 -0.6991,0.79624 -1.04008,2.07461 -0.7709,2.89022 0.26409,0.80023 1.79411,2.16106 3.34748,2.97733 1.11721,0.58708 1.37263,0.65585 2.05551,0.55344 l 0.77977,-0.11693 -0.1765,0.46424 c -0.0971,0.25533 -0.1765,0.92819 -0.1765,1.49525 0,1.3462 -0.73014,2.84449 -2.16968,4.45234 -0.8438,0.94245 -1.35076,1.32436 -2.49409,1.87885 -1.39539,0.67674 -1.45593,0.73258 -2.19163,2.02146 -0.50528,0.88521 -0.79272,1.63049 -0.86534,2.24371 -0.0892,0.75283 -0.19169,0.96156 -0.56923,1.15887 -0.65844,0.34411 -1.33213,1.1099 -1.86475,2.11966 -0.68082,1.29075 -2.21869,2.7464 -3.11407,2.94758 -0.40063,0.09 -1.04753,0.42019 -1.43754,0.73372 l -0.70912,0.57005 -2.67791,0.11274 c -2.24395,0.0945 -2.86411,0.18359 -3.82695,0.54994 -0.82919,0.3155 -1.66575,0.46798 -3.00521,0.54774 -2.36155,0.14063 -2.86374,0.29354 -3.80077,1.15727 -0.41994,0.38708 -1.18834,0.91784 -1.70755,1.17946 -1.40911,0.71002 -1.89191,1.0993 -2.42437,1.95477 -0.47437,0.76215 -5.08068,5.54663 -5.34008,5.54663 -0.073,0 -0.15931,-0.0647 -0.19172,-0.14367 z"
       style="opacity:1;fill:#a0a0a0;fill-opacity:1;stroke:none;stroke-width:0.176777;stroke-linecap:butt;stroke-linejoin:round;stroke-miterlimit:4;stroke-dasharray:none;stroke-dashoffset:0;stroke-opacity:1" />
    <path
       inkscape:connector-curvature="0"
       id="Junín"
       d="m 386.9856,664.12396 c -0.7304,-0.30948 -1.83588,-1.06773 -2.61951,-1.79672 -0.84213,-0.78343 -0.80313,-1.62887 0.13258,-2.87419 0.64228,-0.85479 0.70718,-1.03875 0.70787,-2.00649 7e-4,-0.88724 0.0892,-1.19845 0.52957,-1.86091 0.31686,-0.47665 0.52912,-1.02764 0.52957,-1.3747 0.001,-0.92448 -0.70842,-3.43772 -1.13422,-4.01699 -0.57762,-0.78579 -2.00747,-3.50499 -2.41301,-4.58889 -0.19468,-0.52035 -0.62879,-1.29171 -0.96467,-1.71413 -0.73061,-0.91884 -0.90388,-1.6588 -0.60145,-2.56848 0.2952,-0.88792 0.22396,-3.49355 -0.11333,-4.14582 -0.35724,-0.69081 -1.11796,-1.03643 -2.28125,-1.03643 -0.95862,0 -1.01624,-0.0286 -2.11168,-1.04766 -1.44542,-1.34468 -2.18319,-1.70943 -4.32681,-2.13916 -0.96144,-0.19274 -2.52209,-0.58869 -3.46813,-0.8799 -0.94603,-0.29121 -1.85169,-0.52947 -2.01258,-0.52947 -0.16089,0 -0.91772,0.2042 -1.68184,0.45377 -1.25055,0.40844 -1.47563,0.43306 -2.25336,0.24649 -0.71786,-0.17222 -0.95387,-0.33785 -1.39504,-0.97907 -0.29205,-0.42448 -0.87618,-1.00928 -1.29806,-1.29954 -0.6883,-0.47356 -0.79753,-0.64903 -1.06376,-1.70891 -0.38907,-1.5489 -0.60642,-1.93272 -1.69217,-2.98831 -0.50003,-0.48614 -1.0737,-1.26358 -1.27483,-1.72765 -0.32984,-0.76106 -1.06112,-1.58398 -1.55342,-1.74807 -0.10295,-0.0343 -0.25394,-0.48475 -0.33554,-1.00096 -0.0816,-0.51621 -0.32445,-1.17672 -0.53966,-1.4678 -0.88484,-1.19682 -1.39041,-2.04744 -1.59695,-2.68686 -0.19987,-0.61881 -0.18495,-0.71207 0.17526,-1.0955 0.45544,-0.48479 0.68462,-1.48375 0.69554,-3.03171 0.007,-0.92087 -0.0633,-1.17571 -0.44715,-1.63185 -0.73027,-0.86789 -3.19335,-1.31255 -4.46098,-0.80534 l -0.72709,0.29092 -1.11182,-0.89542 c -0.6115,-0.49248 -1.4698,-1.15991 -1.90732,-1.48319 l -0.79549,-0.58778 -0.1255,-1.84777 c -0.16852,-2.48127 -0.35085,-3.03917 -1.22317,-3.74275 -1.64858,-1.32969 -1.9576,-1.63886 -2.41049,-2.41166 l -0.47527,-0.81099 0.0549,-3.6532 c 0.0359,-2.39124 -0.023,-4.11639 -0.17044,-4.9941 -0.12392,-0.7375 -0.17915,-1.38707 -0.12273,-1.44349 0.0564,-0.0564 0.58028,0.0212 1.16413,0.17249 1.41713,0.36721 4.46651,0.36521 5.6194,-0.004 2.23317,-0.71458 3.26597,-1.51564 3.85674,-2.99136 0.50001,-1.24901 0.46995,-1.4982 -0.28022,-2.32315 -0.32768,-0.36035 -0.33084,-0.4229 -0.0663,-1.31372 0.37594,-1.26591 0.3493,-1.97 -0.0959,-2.53603 -0.20554,-0.2613 -0.33927,-0.50953 -0.29717,-0.55163 0.0421,-0.0421 0.6279,0.0403 1.30179,0.18302 2.80472,0.59415 5.21451,0.20192 5.80777,-0.94532 0.28403,-0.54926 0.42622,-0.62289 1.57966,-0.8181 0.37517,-0.0635 0.85246,-0.29672 1.06066,-0.5183 0.23922,-0.2546 0.6774,-0.44287 1.19052,-0.51154 0.76077,-0.10181 0.84995,-0.0691 1.41421,0.51836 1.26534,1.31742 1.58485,1.39559 5.55199,1.35839 5.62931,-0.0528 6.83754,-0.12331 7.42462,-0.43337 0.29168,-0.15405 1.40538,-0.54026 2.47488,-0.85824 3.5262,-1.04841 4.94185,-1.5364 5.56846,-1.91953 0.3403,-0.20807 0.84004,-0.3786 1.11053,-0.37897 0.69305,-9.3e-4 1.6027,-0.41466 2.97853,-1.35473 l 1.1869,-0.81097 2.70952,0.10631 c 1.49023,0.0585 3.20357,0.15719 3.80742,0.21938 1.34809,0.13884 3.35897,-0.29517 4.36814,-0.94279 0.57751,-0.37062 1.01159,-0.46834 2.60339,-0.58614 1.05068,-0.0778 1.99381,-0.19296 2.09584,-0.25602 0.10204,-0.0631 0.7782,-0.1318 1.5026,-0.15275 1.18486,-0.0343 1.37051,-0.0893 1.84944,-0.54813 0.2928,-0.28052 0.57743,-0.65203 0.63251,-0.82557 0.0551,-0.17355 0.56359,-0.59707 1.13001,-0.94115 0.95362,-0.57929 1.13286,-0.62499 2.42096,-0.61721 1.37709,0.008 1.41563,0.0212 3.83052,1.28524 2.1092,1.104 2.49276,1.37191 2.83332,1.97903 0.29099,0.51876 0.70862,0.87422 1.5988,1.36081 0.66272,0.36224 1.52561,0.94834 1.91756,1.30244 0.97548,0.88129 2.31381,1.43551 4.44083,1.83902 1.51663,0.2877 2.41944,0.33188 5.80265,0.28392 l 4.00657,-0.0568 0.37554,1.02996 c 0.32004,0.87775 0.35916,1.25961 0.26467,2.5839 l -0.11087,1.55394 0.87545,1.76777 c 0.92773,1.87331 1.2241,2.23998 2.07287,2.56455 0.75462,0.28856 7.16509,0.58524 7.75981,0.35913 0.25774,-0.098 0.77141,-0.48707 1.14148,-0.86461 0.65077,-0.66392 0.72456,-0.69097 2.24958,-0.82445 0.8672,-0.0759 2.46747,-0.12245 3.55615,-0.10344 2.10664,0.0368 2.57272,-0.0957 3.82507,-1.08774 0.49051,-0.38854 0.58407,-0.3958 4.39542,-0.34096 4.44517,0.0639 4.1838,0.14436 5.3539,-1.64702 0.31753,-0.48614 1.03224,-1.40096 1.58823,-2.03293 0.55754,-0.63375 1.37072,-1.86255 1.81324,-2.74004 0.4413,-0.87505 1.23251,-2.24453 1.75825,-3.04329 0.52574,-0.79877 1.05369,-1.73476 1.17321,-2.07999 l 0.21731,-0.6277 1.32234,0.81598 c 1.96671,1.21359 3.33158,1.90866 4.68541,2.38606 2.06136,0.7269 2.34453,1.14229 3.15137,4.62284 0.15172,0.65452 0.51631,1.73787 0.81019,2.40745 0.95503,2.17594 1.07227,2.93857 1.07227,6.97479 0,3.47794 -0.0217,3.72259 -0.37462,4.21819 -0.48529,0.68152 -0.38875,1.28117 0.51328,3.18791 0.38171,0.8069 0.79573,1.78527 0.92004,2.17418 0.34004,1.06385 0.69313,1.7092 1.26557,2.31309 0.77887,0.82169 0.83601,1.59768 0.17854,2.42486 -0.29381,0.36964 -0.58682,0.92649 -0.65114,1.23743 -0.19074,0.92219 -0.97112,2.45015 -1.68726,3.30363 -0.36793,0.43849 -0.95663,1.35411 -1.3082,2.0347 -0.54681,1.05855 -0.85525,1.40355 -2.13357,2.38649 -0.82189,0.63197 -1.95204,1.33428 -2.51145,1.56069 -3.13718,1.26968 -3.61102,1.61047 -3.22977,2.32285 0.10244,0.1914 0.5533,0.56311 1.00192,0.82602 0.79436,0.46552 0.84395,0.47204 1.8971,0.24914 0.59479,-0.12588 1.18234,-0.23906 1.30569,-0.2515 0.23364,-0.0236 1.15391,0.77011 3.66327,3.15936 0.81692,0.77782 1.7282,1.62381 2.02506,1.87999 0.67338,0.58108 0.69074,1.09392 0.10833,3.19909 -0.45207,1.63405 -0.9037,2.34899 -2.42444,3.83792 -0.45261,0.44314 -1.00081,1.16369 -1.21823,1.60121 -0.21742,0.43753 -0.72235,1.16007 -1.12207,1.60566 -1.0415,1.16101 -1.29288,1.78798 -1.53901,3.83846 -0.19228,1.6018 -0.18352,1.93114 0.073,2.74486 0.36302,1.15161 0.17692,1.978 -0.65671,2.91627 -0.31782,0.35772 -0.76908,0.99629 -1.0028,1.41904 -0.46014,0.8323 -0.73884,1.01809 -2.54964,1.69968 -0.9245,0.34798 -1.51932,0.4485 -2.65391,0.4485 h -1.46234 l -0.86686,0.86231 c -1.06667,1.06107 -1.20547,1.08511 -6.41941,1.11158 -2.93229,0.0149 -4.09617,-0.0469 -5.09389,-0.27019 -2.36506,-0.52943 -3.38157,-0.31584 -4.07287,0.85582 -0.40638,0.68877 -1.1077,1.04805 -1.79339,0.91875 -0.90768,-0.17116 -4.94291,-1.6729 -5.72204,-2.1295 -0.44474,-0.26064 -1.10921,-0.84748 -1.47658,-1.3041 -0.36737,-0.45662 -1.74552,-1.94614 -3.06256,-3.31006 -1.56037,-1.61592 -2.72982,-3.01223 -3.3568,-4.00798 -0.5292,-0.84047 -1.20171,-1.68183 -1.49447,-1.8697 -1.39912,-0.89783 -2.7335,-1.64073 -3.36838,-1.87529 -0.3847,-0.14213 -1.41539,-0.55011 -2.29044,-0.90662 -1.66263,-0.67739 -3.83542,-1.15584 -5.25085,-1.15625 -0.92315,-3.6e-4 -0.9999,0.0688 -1.93747,1.74261 l -0.53064,0.94736 -2.50448,-0.0778 c -2.08231,-0.0647 -2.66837,-0.14539 -3.47675,-0.47885 l -0.97227,-0.40106 -1.62425,0.3996 -1.62424,0.3996 -1.46935,-0.49144 c -0.95328,-0.31884 -1.68665,-0.694 -2.08806,-1.06818 -1.38013,-1.28649 -1.90936,-1.28285 -3.42076,0.0235 -0.63353,0.54758 -1.25116,1.24364 -1.37252,1.5468 -0.12135,0.30315 -0.44485,0.81249 -0.71888,1.13186 -0.85962,1.00183 -0.59486,1.67364 1.33743,3.39363 0.76656,0.68233 1.45359,1.24061 1.52673,1.24061 0.22193,0 0.29765,1.00958 0.15473,2.06283 -0.1178,0.86801 -0.24261,1.10413 -0.97865,1.8514 -0.464,0.47109 -0.96644,1.1866 -1.11654,1.59004 -0.24628,0.66198 -0.35637,0.75465 -1.12862,0.95012 -1.29485,0.32776 -1.61172,0.74079 -1.61579,2.10612 -0.003,0.93415 0.0664,1.20713 0.39438,1.55665 0.50709,0.54035 0.50709,1.10292 0,1.46057 -1.36326,0.96149 -3.44557,2.32822 -4.81716,3.16176 -1.5814,0.96105 -2.22971,1.53716 -3.15719,2.8056 -0.30237,0.41351 -0.63098,0.66437 -0.87348,0.66679 -1.17015,0.0117 -3.07594,1.5701 -3.75819,3.07318 -0.22479,0.49523 -0.73172,1.37771 -1.12653,1.96107 -0.3948,0.58337 -0.71807,1.20237 -0.71838,1.37557 -3.6e-4,0.1732 -0.1,0.3453 -0.22153,0.38245 -0.68895,0.21059 -1.35209,0.20159 -1.8883,-0.0256 z"
       style="opacity:1;fill:#a0a0a0;fill-opacity:1;stroke:none;stroke-width:0.176777;stroke-linecap:butt;stroke-linejoin:round;stroke-miterlimit:4;stroke-dasharray:none;stroke-dashoffset:0;stroke-opacity:1" />
    <path
       inkscape:connector-curvature="0"
       id="Pasco"
       d="m 340.27866,587.56783 -0.99811,-0.2782 -0.19459,-0.96897 c -0.24493,-1.21959 -0.85109,-2.02083 -2.03376,-2.68829 -0.50966,-0.28763 -1.11997,-0.72985 -1.35624,-0.98272 -0.42419,-0.45395 -0.42895,-0.4968 -0.37792,-3.40215 0.0629,-3.57986 -0.0901,-4.34511 -1.15317,-5.77006 -0.43335,-0.58086 -0.94273,-1.33658 -1.13194,-1.67938 -0.18921,-0.34281 -0.5397,-0.89358 -0.77887,-1.22395 -0.35742,-0.49372 -0.43484,-0.80855 -0.43484,-1.76828 0,-1.13801 -0.0245,-1.20064 -0.96684,-2.46914 -0.53176,-0.71584 -1.02056,-1.47132 -1.08622,-1.67886 -0.0657,-0.20754 -0.38631,-0.77403 -0.71254,-1.25887 -0.32624,-0.48483 -0.59463,-1.08146 -0.59642,-1.32582 -0.005,-0.71325 -0.48476,-3.21016 -0.76433,-3.97984 -0.14126,-0.38891 -0.49613,-1.23473 -0.78859,-1.87961 l -0.53175,-1.17251 2.28278,-2.39326 c 1.25554,-1.3163 2.62025,-2.89365 3.03271,-3.50523 l 0.74992,-1.11197 1.59464,-0.45377 c 0.87706,-0.24958 1.99075,-0.6226 2.47488,-0.82895 1.31887,-0.56213 3.65031,-0.97569 5.64461,-1.00125 2.54769,-0.0327 2.88792,0.19226 6.77213,4.47692 l 0.71837,0.79243 1.58979,-0.0505 c 1.78149,-0.0566 2.44061,0.13613 3.59643,1.05156 0.99353,0.78689 1.82728,1.04086 2.80066,0.85312 0.43706,-0.0843 1.5891,-0.15673 2.56008,-0.16097 l 1.76541,-0.008 1.21679,0.83896 c 1.5617,1.07677 2.06593,1.07548 4.46421,-0.0113 0.96158,-0.43576 1.9472,-0.85022 2.19027,-0.92103 0.84216,-0.2453 1.85967,-0.83955 2.6035,-1.5205 0.41105,-0.3763 0.86268,-0.68418 1.00364,-0.68418 0.40652,0 1.01195,-0.88679 0.88294,-1.29327 -0.0618,-0.1946 -0.45087,-0.7695 -0.86467,-1.27754 -0.84323,-1.03526 -1.06977,-1.84878 -1.57315,-5.6493 -0.55502,-4.19047 -0.61334,-4.98667 -0.55286,-7.54769 l 0.0613,-2.59794 0.95992,-1.20276 c 0.52796,-0.66152 1.15127,-1.29366 1.38514,-1.40476 1.29887,-0.61702 2.57593,-1.02921 4.28838,-1.38413 l 1.91862,-0.39765 1.35175,0.45879 c 1.25145,0.42474 1.55555,0.45618 4.09799,0.42359 4.14398,-0.0531 5.46343,-0.24995 7.24165,-1.08027 0.82643,-0.38589 2.17877,-0.83753 3.0052,-1.00364 1.96435,-0.39483 4.67206,-1.4536 6.10496,-2.38717 1.56458,-1.01936 3.08026,-1.25366 5.32604,-0.82331 0.85915,0.16464 1.95984,0.29852 2.44597,0.29751 1.34923,-0.003 6.01424,-0.65194 7.58549,-1.05555 0.76906,-0.19754 1.67063,-0.35917 2.00347,-0.35917 0.75069,0 3.28483,-0.63634 3.99343,-1.00277 0.28923,-0.14956 0.84661,-0.50428 1.23863,-0.78826 0.39203,-0.28398 1.15537,-0.64366 1.69633,-0.79928 1.25438,-0.36086 2.08102,-0.78156 3.68986,-1.87786 1.15861,-0.78951 3.48393,-1.87384 4.05242,-1.88971 0.11989,-0.003 0.42318,0.39884 0.67397,0.89375 0.25079,0.4949 0.75395,1.23074 1.11814,1.63518 1.1981,1.33053 1.43561,1.74291 1.94812,3.38251 0.27886,0.89213 0.80308,2.36203 1.16493,3.26644 0.60933,1.52297 0.66882,1.83522 0.80583,4.22935 0.16089,2.81128 0.25326,3.19623 1.48202,6.1766 1.25543,3.04503 1.47747,5.75598 0.64815,7.91335 -0.39933,1.03878 -0.77822,5.49726 -0.5523,6.49896 0.1314,0.58263 1.03175,2.65067 2.40884,5.53295 0.33189,0.69467 0.95782,1.65719 1.39096,2.13894 1.00615,1.11908 3.72478,2.96231 4.61571,3.12945 1.42499,0.26733 2.5508,1.1868 2.5508,2.08328 0,0.46069 -0.10542,0.56304 -0.92808,0.9011 -0.51044,0.20976 -1.64254,0.73987 -2.51577,1.17804 -1.34732,0.67604 -1.71082,0.95714 -2.40091,1.85666 -0.66392,0.86541 -0.9315,1.07923 -1.45759,1.16475 -0.35441,0.0576 -1.10364,0.42661 -1.66496,0.82 -0.56131,0.39339 -1.30553,0.8341 -1.65381,0.97935 -0.74298,0.30985 -1.32799,0.99221 -1.49239,1.74076 -0.0773,0.352 -0.27683,0.5967 -0.58675,0.71964 -0.25828,0.10246 -1.06976,0.45533 -1.80328,0.78417 -0.73352,0.32884 -1.54611,0.59789 -1.80574,0.59789 -0.503,0 -0.83806,0.41941 -0.83806,1.04904 0,0.4186 0.1913,0.39911 -4.41942,0.45028 -2.13486,0.0237 -3.39072,-0.0518 -4.68458,-0.28166 -2.22137,-0.3946 -2.87762,-0.66863 -4.41942,-1.84539 -0.68059,-0.51945 -1.51747,-1.06145 -1.85974,-1.20443 -0.66506,-0.27783 -1.02186,-0.62941 -1.39186,-1.37147 -0.24846,-0.4983 -0.41824,-0.60464 -3.64239,-2.28133 l -2.12102,-1.10303 -1.595,-0.0169 c -1.44864,-0.0153 -1.67575,0.0295 -2.47517,0.489 -1.07006,0.61504 -1.79924,1.26901 -2.13793,1.91744 -0.22688,0.43435 -0.35231,0.4868 -1.17747,0.49235 -0.50794,0.003 -1.4406,0.11995 -2.07258,0.25896 -0.63198,0.13901 -1.67793,0.25554 -2.32434,0.25895 -0.94202,0.005 -1.36505,0.10603 -2.13135,0.50913 -1.2153,0.63928 -3.31632,1.16174 -4.08895,1.01679 -1.32621,-0.2488 -5.873,-0.43842 -6.60092,-0.27529 -0.41315,0.0926 -1.36098,0.56642 -2.10627,1.05295 -0.90111,0.58825 -1.53996,0.88372 -1.90693,0.88195 -0.30351,-10e-4 -1.10869,0.27097 -1.78928,0.60541 -0.68059,0.33444 -2.07271,0.85851 -3.09359,1.16461 -1.02089,0.30609 -2.15608,0.67005 -2.52265,0.8088 -0.36657,0.13875 -0.80409,0.25305 -0.97227,0.254 -0.16818,8.8e-4 -0.72758,0.19809 -1.2431,0.43809 -0.84253,0.39223 -1.02614,0.41732 -1.81551,0.24803 -0.70849,-0.15195 -1.03731,-0.13412 -1.70163,0.0922 -0.61276,0.20879 -1.52771,0.2808 -3.57618,0.28145 -3.21317,10e-4 -4.1611,-0.2309 -4.89922,-1.19862 -0.59354,-0.77817 -1.13102,-0.96032 -2.40751,-0.8159 -0.82576,0.0934 -1.16527,0.22843 -1.57042,0.62448 -0.33744,0.32985 -0.70196,0.50529 -1.04992,0.50529 -0.72825,0 -1.44827,0.40297 -1.75914,0.98452 -0.52148,0.97555 -2.31778,1.22402 -4.84091,0.6696 -1.57899,-0.34695 -2.26739,-0.16953 -2.55614,0.6588 -0.15339,0.44001 -0.11348,0.58894 0.28459,1.06202 l 0.463,0.55025 -0.32674,1.31211 c -0.34324,1.37837 -0.29042,1.69062 0.46098,2.72549 0.15322,0.21102 0.10329,0.47058 -0.21988,1.14304 -0.46943,0.97681 -1.30912,1.55962 -2.99691,2.08006 -1.24476,0.38382 -3.92275,0.37992 -5.3136,-0.008 z"
       style="opacity:1;fill:#a0a0a0;fill-opacity:1;stroke:none;stroke-width:0.176777;stroke-linecap:butt;stroke-linejoin:round;stroke-miterlimit:4;stroke-dasharray:none;stroke-dashoffset:0;stroke-opacity:1" />
    <path
       inkscape:connector-curvature="0"
       id="Huánuco"
       d="m 323.06074,554.38903 c -0.32569,-0.32568 -0.43408,-0.6233 -0.43457,-1.19325 -7.1e-4,-0.90941 -0.52134,-1.84675 -1.16055,-2.08978 -0.24967,-0.0949 -0.71455,-0.37136 -1.03307,-0.61431 -0.4146,-0.31624 -0.80039,-0.44191 -1.35794,-0.44239 -1.11668,-8.8e-4 -1.85169,-0.49793 -2.0009,-1.35292 -0.0652,-0.37364 -0.27859,-1.08474 -0.47419,-1.58022 l -0.35563,-0.90088 0.45143,-0.84902 c 0.3068,-0.57702 0.45143,-1.12604 0.45143,-1.71367 0,-0.77514 0.0714,-0.93254 0.68969,-1.52071 0.54415,-0.51764 0.71661,-0.83568 0.81731,-1.50717 0.1975,-1.317 0.1568,-1.3658 -2.74444,-3.29052 -2.87078,-1.90453 -2.78376,-1.78577 -2.39686,-3.27118 0.38016,-1.45954 0.0289,-3.3264 -1.02937,-5.47148 -0.43713,-0.88601 -0.84702,-1.87529 -0.91087,-2.1984 -0.0639,-0.32312 -0.51613,-1.116 -1.00506,-1.76196 -0.9861,-1.30282 -1.19375,-2.07399 -0.84389,-3.13408 0.34896,-1.05736 0.96684,-1.82587 2.06759,-2.57165 1.88324,-1.27593 2.61205,-1.94702 3.11835,-2.87143 0.44502,-0.81251 0.48677,-1.01854 0.36503,-1.80133 -0.0756,-0.48613 -0.11907,-1.47774 -0.0966,-2.20358 0.0381,-1.23017 0.0948,-1.40395 0.83559,-2.56188 0.43711,-0.6832 0.83908,-1.44168 0.89326,-1.68551 0.0542,-0.24382 0.52817,-1.30155 1.05329,-2.3505 0.52512,-1.04896 0.95476,-2.0558 0.95476,-2.23743 0,-0.88119 1.11023,-2.77175 2.39172,-4.07274 0.71977,-0.73073 1.56988,-1.71633 1.88915,-2.19023 0.54737,-0.81249 0.66906,-0.88969 2.13309,-1.3532 1.60312,-0.50754 2.07132,-0.76512 2.07132,-1.13952 0,-0.11962 -0.37787,-0.72395 -0.83971,-1.34297 -0.65595,-0.87918 -1.08991,-1.25501 -1.98294,-1.7173 -0.62877,-0.32549 -1.64502,-0.96432 -2.25834,-1.41962 -0.61332,-0.45529 -1.49098,-1.09202 -1.95035,-1.41495 -0.45937,-0.32293 -1.27275,-0.92669 -1.8075,-1.3417 -1.48468,-1.15223 -1.80216,-1.32368 -2.8023,-1.51335 -0.50899,-0.0965 -1.1805,-0.36402 -1.49224,-0.59442 -0.31175,-0.2304 -0.72591,-0.47531 -0.92037,-0.54425 -0.19445,-0.0689 -1.21012,-0.6088 -2.25703,-1.1997 -1.59567,-0.90063 -2.04556,-1.25517 -2.78218,-2.1925 -0.48329,-0.61497 -1.15778,-1.64417 -1.49886,-2.2871 -0.34108,-0.64294 -1.09213,-1.81918 -1.669,-2.61386 -0.81723,-1.12581 -1.11605,-1.71816 -1.35315,-2.68233 -0.32035,-1.3027 -0.76585,-2.2805 -2.08876,-4.58446 -0.4429,-0.77136 -1.09497,-2.28281 -1.44902,-3.35876 -0.35406,-1.07595 -0.86936,-2.40411 -1.14511,-2.95147 -0.49978,-0.99207 -0.5057,-1.21451 -0.0323,-1.21451 0.13736,0 0.76966,-0.208 1.40511,-0.46222 1.13181,-0.4528 1.17338,-0.4564 2.03919,-0.17678 2.01618,0.65116 4.36243,0.23014 5.79173,-1.03928 0.84373,-0.74935 1.69268,-1.08208 2.40895,-0.94414 0.21917,0.0422 0.36871,0.29968 0.46921,0.80787 0.0862,0.43602 0.35348,0.9519 0.64327,1.24168 0.39185,0.39186 0.47848,0.61344 0.41334,1.05726 -0.0891,0.60727 0.32148,1.43155 1.05759,2.12309 0.37748,0.35463 0.61871,0.3952 2.5458,0.42823 2.01227,0.0345 2.17149,0.0112 2.9086,-0.42582 0.42889,-0.25426 1.29232,-0.98301 1.91873,-1.61943 0.96592,-0.98136 1.27895,-1.18847 2.06063,-1.3634 l 0.92168,-0.20627 0.8562,0.71291 0.85619,0.7129 2.03293,0.0877 c 1.76259,0.0761 2.19749,0.15925 3.27037,0.62547 0.68059,0.29575 1.67496,0.58779 2.20971,0.64898 0.53475,0.0612 1.46508,0.23625 2.0674,0.38904 1.66473,0.4223 4.45362,0.25513 5.62238,-0.33701 0.48614,-0.24629 1.36118,-0.58439 1.94455,-0.75132 1.2369,-0.35395 2.09289,-0.9476 2.49915,-1.73323 0.23524,-0.45491 0.26835,-0.87293 0.1778,-2.24477 -0.0612,-0.92716 -0.19138,-1.96365 -0.28926,-2.3033 -0.0979,-0.33966 -0.17798,-1.10645 -0.17798,-1.70399 0,-1.30149 0.32076,-1.79578 1.26323,-1.94662 l 0.64451,-0.10316 0.2804,0.96456 c 0.15423,0.53051 0.44769,1.17722 0.65214,1.43714 0.20445,0.25991 0.45278,0.76613 0.55185,1.12491 0.0991,0.35878 0.37073,0.93284 0.6037,1.27569 0.23377,0.34403 0.42358,0.88275 0.42358,1.20221 0,0.41122 0.13715,0.6937 0.4736,0.97543 1.44374,1.20896 1.83166,1.64566 2.27882,2.56537 0.43572,0.89618 0.48964,1.19522 0.46688,2.58935 -0.0242,1.48484 0.0103,1.64475 0.59629,2.75988 0.91215,1.73582 1.42833,2.16506 2.71558,2.25817 1.1948,0.0864 1.8158,-0.0895 3.17292,-0.89892 0.84332,-0.50296 1.02227,-0.71817 1.5468,-1.86019 0.32623,-0.71028 0.59315,-1.4155 0.59315,-1.56715 0,-0.15165 0.28817,-0.53967 0.64036,-0.86227 l 0.64037,-0.58655 0.64127,0.41607 c 0.35269,0.22885 0.97548,0.51338 1.38397,0.63231 l 0.7427,0.21623 -0.25696,0.49692 c -0.14134,0.2733 -0.57499,0.75248 -0.96368,1.06484 -1.20276,0.96657 -0.92547,1.68657 1.27108,3.30047 2.82628,2.07658 3.36544,3.64075 2.17938,6.32264 -0.90962,2.05683 -0.77249,3.11597 0.81872,6.3232 0.49067,0.989 0.94927,1.9175 1.01911,2.06334 0.0698,0.14584 0.59904,0.50381 1.176,0.79549 0.85018,0.42981 1.14233,0.69787 1.5413,1.41422 0.53492,0.96045 0.55265,1.50472 0.11264,3.45667 l -0.22132,0.98181 1.13407,2.44496 c 1.02162,2.20252 1.25967,2.57019 2.40061,3.70779 0.85487,0.85237 1.4112,1.58995 1.71162,2.26926 0.54276,1.22727 1.34884,2.42284 2.37748,3.52622 0.87732,0.94108 1.47975,1.1259 4.08034,1.2518 1.86399,0.0902 2.17303,-0.12724 2.66881,-1.87805 0.18846,-0.66555 0.43305,-1.31901 0.54353,-1.45212 0.36468,-0.43942 2.15017,-1.5403 3.05705,-1.88489 0.49028,-0.18629 1.12701,-0.50647 1.41496,-0.71151 0.41411,-0.29487 0.92281,-0.40165 2.43358,-0.51082 3.07947,-0.22254 3.69747,-0.72113 4.4087,-3.55691 0.36569,-1.45802 0.4586,-1.62585 1.61438,-2.91625 1.2222,-1.36457 3.12321,-4.36869 4.18964,-6.62081 0.41948,-0.88585 0.83492,-1.42237 1.64263,-2.12132 2.00188,-1.73235 2.87834,-2.78186 4.64724,-5.56479 0.73726,-1.15989 0.87888,-1.51885 0.88388,-2.24027 0.005,-0.761 0.0766,-0.91871 0.62468,-1.38168 0.34029,-0.28743 1.27156,-0.83618 2.06948,-1.21943 1.08755,-0.52237 1.61864,-0.90457 2.12132,-1.5266 1.43868,-1.78028 2.67399,-2.95425 4.11656,-3.9122 0.82706,-0.54921 1.62307,-0.9807 1.76891,-0.95887 0.14584,0.0218 0.62314,-0.0717 1.06066,-0.20785 0.43752,-0.13614 1.25092,-0.33036 1.80756,-0.43159 0.55663,-0.10124 1.27258,-0.32129 1.59099,-0.489 0.72048,-0.37948 2.43992,-0.36118 4.25084,0.0453 1.12367,0.2522 4.16459,1.27469 4.90175,1.64819 0.39132,0.19827 1.01305,1.35986 1.4184,2.65002 0.19619,0.62445 0.44049,1.23631 0.54289,1.35969 0.19717,0.23758 0.19063,0.2399 -2.3591,0.83594 -1.5734,0.3678 -4.37694,1.82038 -4.72123,2.44618 -0.23527,0.42763 -0.22248,0.62777 0.13107,2.05139 0.27776,1.11843 0.39178,2.11038 0.39178,3.40845 v 1.83092 l -1.01647,0.95201 c -0.55905,0.5236 -1.34528,1.18038 -1.74718,1.45951 -0.85107,0.5911 -1.02215,1.0815 -0.76992,2.20699 0.36678,1.63664 0.49238,3.86785 0.32263,5.73094 -0.14242,1.56308 -0.27819,2.10271 -0.84641,3.36429 -0.63556,1.41109 -0.68298,1.63719 -0.77861,3.71232 -0.0931,2.02084 -0.053,2.45145 0.46918,5.03813 l 0.571,2.82843 0.61626,0.0169 c 0.47769,0.0131 0.79546,0.19197 1.41323,0.79549 0.43834,0.42823 1.32281,1.2319 1.96549,1.78594 1.03947,0.89609 1.2472,1.18893 1.88096,2.65165 1.08721,2.50926 1.12229,2.2744 -0.42654,2.85588 -1.25615,0.47161 -1.8216,0.77914 -4.30527,2.34152 -0.53475,0.33639 -1.49465,0.76739 -2.13312,0.95778 -0.63847,0.19039 -1.63127,0.67569 -2.20623,1.07844 -1.11633,0.782 -3.47619,1.56385 -4.73248,1.56794 -0.37121,10e-4 -1.52468,0.19664 -2.56326,0.43429 -3.63736,0.8323 -5.41332,0.91997 -10.56982,0.52178 -1.8372,-0.14187 -3.10912,0.14964 -4.44205,1.01808 -1.41644,0.92284 -3.73521,1.85048 -5.69568,2.2786 -1.79037,0.39096 -2.62246,0.67227 -3.89307,1.31613 -0.85766,0.43462 -1.25624,0.50003 -4.37828,0.71855 -3.75435,0.26278 -3.91347,0.25207 -5.94031,-0.39974 l -1.38784,-0.44632 -1.61736,0.30696 c -0.88955,0.16883 -1.93555,0.41224 -2.32446,0.54091 -1.39432,0.46131 -2.83891,1.05387 -3.20421,1.31436 -0.59282,0.42271 -2.16925,2.38806 -2.44515,3.04838 -0.45959,1.09997 -0.32401,6.34995 0.26367,10.20987 0.79437,5.21743 0.86755,5.47639 1.85708,6.57168 0.62178,0.68824 0.66607,1.02972 0.13356,1.02972 -0.15433,0 -0.64837,0.34401 -1.09788,0.76447 -0.54238,0.50733 -1.26208,0.93375 -2.13965,1.26773 -0.72731,0.27678 -1.87697,0.76804 -2.55482,1.09168 -1.63706,0.7816 -2.05626,0.75701 -3.42815,-0.20117 -1.40723,-0.98286 -2.12144,-1.1019 -4.85426,-0.80901 l -2.09024,0.22401 -1.18332,-0.81588 c -1.44443,-0.99591 -2.00946,-1.16827 -3.82971,-1.16827 h -1.41767 l -1.95813,-2.07781 c -1.26962,-1.34722 -2.29442,-2.26405 -2.91453,-2.60746 -0.92378,-0.51158 -1.03176,-0.52924 -3.1661,-0.5179 -2.37058,0.0126 -4.36621,0.38925 -6.45235,1.21783 -0.58337,0.2317 -1.57774,0.55322 -2.20971,0.71448 -1.31387,0.33527 -1.83154,0.75001 -2.86909,2.29859 -0.39085,0.58336 -1.79344,2.15446 -3.11685,3.49134 -2.35079,2.37468 -2.42377,2.43067 -3.16792,2.43067 -0.57302,0 -0.86919,-0.10748 -1.19561,-0.4339 z"
       style="opacity:1;fill:#a0a0a0;fill-opacity:1;stroke:none;stroke-width:0.176777;stroke-linecap:butt;stroke-linejoin:round;stroke-miterlimit:4;stroke-dasharray:none;stroke-dashoffset:0;stroke-opacity:1" />
    <path
       inkscape:connector-curvature="0"
       id="Ancash"
       d="m 285.94566,570.24234 c -0.19445,-0.0306 -0.68246,-0.17445 -1.08446,-0.31971 l -0.73092,-0.26412 0.0223,-1.09802 c 0.0164,-0.80882 -0.0797,-1.30292 -0.36495,-1.87599 l -0.38727,-0.77797 0.43296,-1.02867 c 0.23812,-0.56576 0.43296,-1.23388 0.43296,-1.48471 0,-0.99151 -0.74529,-1.85906 -2.65165,-3.08668 l -1.14905,-0.73993 -2.03294,0.0589 c -2.02151,0.0585 -2.03326,0.0565 -2.09199,-0.35853 -0.0464,-0.32758 0.27065,-0.73979 1.47304,-1.91542 1.5243,-1.49038 2.56301,-3.12949 2.56336,-4.04502 1.8e-4,-0.51903 -0.90988,-1.82976 -1.9385,-2.79192 -0.734,-0.68656 -0.98665,-0.81812 -1.57116,-0.81812 -0.78686,0 -3.10233,1.09497 -3.31688,1.56852 -0.18653,0.41173 -0.23446,6.74309 -0.0546,7.21611 0.13168,0.34635 -0.0527,0.58283 -1.48719,1.90711 -1.85805,1.71533 -2.11453,1.90898 -2.86591,2.16387 -0.48692,0.16518 -0.56724,0.13777 -0.82549,-0.28171 -0.15735,-0.25558 -0.75141,-1.10109 -1.32014,-1.87891 -0.56872,-0.77782 -1.22731,-1.73241 -1.46354,-2.12132 -0.23622,-0.38891 -0.72258,-1.10485 -1.08079,-1.59099 -0.50687,-0.68787 -2.99075,-5.66251 -2.99075,-5.98977 0,-0.0384 -0.31022,-0.6007 -0.68939,-1.24955 -0.37916,-0.64884 -1.06807,-2.05581 -1.53089,-3.12658 -0.63626,-1.47202 -1.09385,-2.23464 -1.87611,-3.12672 -2.7197,-3.10149 -2.58635,-2.91355 -2.40493,-3.38955 0.0926,-0.24307 0.13449,-1.07834 0.093,-1.85616 -0.0716,-1.34195 -0.13588,-1.5284 -1.25839,-3.64892 -0.9924,-1.87474 -1.22198,-2.47581 -1.42526,-3.73154 -0.13327,-0.82326 -0.3599,-1.72683 -0.50363,-2.00794 -0.47606,-0.93109 -0.51283,-1.52747 -0.1296,-2.10209 0.19453,-0.29168 0.35422,-0.74635 0.35486,-1.01038 0.002,-0.65656 -1.14114,-2.6841 -1.84715,-3.27737 -0.31758,-0.26687 -0.87436,-0.90285 -1.23729,-1.41329 -0.36293,-0.51045 -0.71413,-0.92808 -0.78045,-0.92808 -0.36776,0 -2.02106,-2.62372 -2.58282,-4.09883 -0.34486,-0.90553 -0.77775,-2.04416 -0.96198,-2.5303 -0.18424,-0.48613 -0.46422,-1.75089 -0.62217,-2.81058 -0.15795,-1.05968 -0.32985,-1.99574 -0.382,-2.08012 -0.0522,-0.0844 -0.1588,-0.78799 -0.23698,-1.56356 -0.12999,-1.28946 -0.2066,-1.49366 -0.89525,-2.38627 -0.69831,-0.90514 -0.74522,-1.0335 -0.645,-1.7647 0.0594,-0.4337 0.0603,-0.91313 0.002,-1.0654 -0.14695,-0.38296 -1.23768,-0.90035 -2.14227,-1.01618 -0.87031,-0.11145 -1.18139,-0.42258 -2.0009,-2.00125 -0.621,-1.19625 -0.56852,-1.56611 0.30327,-2.13733 0.43373,-0.28419 0.44783,-0.34603 0.33275,-1.45841 -0.0661,-0.6389 -0.23411,-1.3396 -0.37335,-1.55711 -0.31058,-0.48517 -1.48869,-1.10713 -2.09711,-1.10713 -0.75973,0 -1.50964,1.01558 -1.50964,2.04444 0,0.23674 -0.0597,0.42738 -0.13259,0.42365 -0.0729,-0.004 -0.53033,-0.36008 -1.01646,-0.79186 l -0.88388,-0.78507 0.56837,-0.004 c 0.72936,-0.005 1.73354,-0.86244 1.88269,-1.60819 0.0601,-0.30059 0.26906,-0.77087 0.46431,-1.04507 0.43624,-0.61265 0.44717,-0.92448 0.0451,-1.28831 -0.3082,-0.27891 -2.85491,-1.36536 -3.2005,-1.36536 -0.34423,0 -0.39216,-0.34516 -0.12079,-0.86992 0.48212,-0.93231 0.3577,-1.39503 -0.6115,-2.27425 -0.48613,-0.441 -0.88388,-0.86857 -0.88388,-0.95015 0,-0.0816 0.34277,-0.14832 0.76171,-0.14832 0.95895,0 1.15767,-0.16654 1.94545,-1.63032 0.71539,-1.32928 1.11877,-3.16629 0.91652,-4.17393 -0.0715,-0.35646 -0.15573,-1.16517 -0.18709,-1.79715 -0.0469,-0.94421 0.0262,-1.33122 0.40962,-2.17096 0.30788,-0.67424 0.59002,-1.04666 0.82928,-1.09467 0.19946,-0.04 0.64276,-0.11731 0.98512,-0.17176 0.35281,-0.0561 0.97949,-0.39402 1.44662,-0.78003 0.5922,-0.48937 1.05611,-0.71284 1.64832,-0.79401 0.78539,-0.10765 3.72446,-1.12569 4.69474,-1.62619 0.25147,-0.12971 0.6651,-0.50839 0.91919,-0.84152 0.33784,-0.44293 0.83249,-0.75122 1.84089,-1.14732 1.70973,-0.67159 3.21719,-1.09626 3.8914,-1.09626 0.9568,0 1.09714,-0.26515 1.21638,-2.2981 0.1006,-1.71517 0.17025,-1.99042 0.91698,-3.62392 0.44446,-0.97227 0.99297,-2.01392 1.21892,-2.31478 0.22594,-0.30086 0.4112,-0.61906 0.41168,-0.70711 5.3e-4,-0.0881 0.19855,-0.39874 0.44014,-0.69042 0.64553,-0.77937 1.7726,-3.1888 2.10864,-4.50781 0.1643,-0.64492 0.51168,-1.42206 0.79176,-1.77133 0.27447,-0.34225 0.67373,-0.96472 0.88725,-1.38326 0.26316,-0.51582 0.65165,-0.91333 1.2059,-1.23387 0.7611,-0.44018 1.39746,-1.00992 2.76597,-2.47638 0.49547,-0.53094 0.62565,-0.58106 1.31501,-0.5063 1.14788,0.1245 1.31516,0.0245 2.10794,-1.26025 0.82476,-1.33658 1.09385,-2.28124 1.10011,-3.86199 0.004,-0.91246 0.0793,-1.18042 0.46198,-1.63519 0.64415,-0.76552 1.223,-0.71723 2.37238,0.19792 0.79361,0.63188 1.07863,0.75231 1.92344,0.81268 0.89657,0.0641 1.05773,0.0183 1.67899,-0.47664 0.43941,-0.35008 0.88743,-0.54752 1.24242,-0.54752 0.30537,0 1.11717,-0.26932 1.80402,-0.59848 0.68685,-0.32916 1.59531,-0.65702 2.01881,-0.72857 0.4794,-0.081 0.95271,-0.3128 1.25414,-0.61423 l 0.48414,-0.48414 0.34654,0.81496 c 0.3557,0.83652 0.6287,2.04811 0.83256,3.69494 0.14511,1.17227 0.58318,1.71043 2.1754,2.67247 1.20958,0.73084 1.56553,1.10989 3.90329,4.15662 0.52798,0.6881 1.77498,2.28972 2.77111,3.55917 2.64752,3.37392 5.19615,7.2862 5.19615,7.97634 0,0.32384 0.94125,2.1747 1.78678,3.5135 0.84039,1.33066 1.37769,2.54514 2.00629,4.53489 0.26742,0.84647 0.84226,2.15903 1.27742,2.91682 1.27966,2.22833 1.76107,3.26185 2.00043,4.2946 0.28497,1.22958 0.81953,2.27847 1.84688,3.62392 0.44544,0.58337 1.04762,1.53118 1.33819,2.10626 0.29056,0.57508 0.99539,1.649 1.56629,2.38649 1.09093,1.40924 1.56926,1.74694 4.97151,3.50986 0.82643,0.42822 1.62746,0.89033 1.78006,1.0269 0.1526,0.13658 0.70792,0.32996 1.23405,0.42974 0.52612,0.0998 1.20558,0.35897 1.50989,0.57599 1.06326,0.75826 2.81944,2.06321 3.71099,2.75749 1.25752,0.97927 3.33873,2.30746 3.94906,2.52023 0.2819,0.0983 0.72042,0.49278 0.97447,0.87668 l 0.46192,0.69801 -0.43997,0.16727 c -0.24198,0.092 -0.86854,0.29187 -1.39235,0.44414 -1.00783,0.29299 -1.39213,0.61715 -2.1158,1.78471 -0.2462,0.39721 -1.0104,1.27502 -1.69822,1.95068 -1.01872,1.00071 -1.36585,1.49446 -1.8723,2.66314 -0.34195,0.78907 -0.62172,1.55981 -0.62172,1.71276 0,0.25482 -0.63289,1.61394 -1.57124,3.37422 -0.20532,0.38515 -0.37331,0.84639 -0.37331,1.02495 0,0.17857 -0.29831,0.77156 -0.66291,1.31776 -1.04922,1.57179 -1.05948,1.59892 -1.18769,3.13809 -0.082,0.98395 -0.0504,1.70137 0.0964,2.19138 0.18833,0.62857 0.17516,0.82412 -0.096,1.42555 -0.32108,0.71202 -1.7399,1.96849 -3.23553,2.8653 -0.92531,0.55483 -1.82602,1.82638 -2.25282,3.18033 -0.29253,0.92804 -0.29308,1.03287 -0.01,1.88547 0.16493,0.49655 0.61924,1.30392 1.00959,1.79418 0.39035,0.49025 0.7877,1.19036 0.88301,1.5558 0.0953,0.36544 0.5769,1.48728 1.07022,2.49299 0.8531,1.7392 0.89712,1.89902 0.90079,3.27037 0.002,0.79299 -0.0565,1.88056 -0.13024,2.41682 l -0.13408,0.97502 0.87374,0.79275 c 0.48056,0.43601 1.29263,1.0314 1.8046,1.32308 0.51197,0.29168 1.2854,0.82864 1.71873,1.19324 0.43332,0.3646 0.86889,0.66292 0.96793,0.66292 0.38219,0 -0.0709,1.16896 -0.67604,1.74424 -0.66191,0.62922 -1.03348,1.57103 -0.84906,2.15209 0.0665,0.20959 -0.0771,0.74555 -0.36011,1.34376 -0.44852,0.9481 -0.49466,1.49299 -0.18692,2.20706 0.0977,0.22671 -0.0141,0.31361 -0.52764,0.40994 -1.54976,0.29074 -3.74765,1.04276 -4.65939,1.59424 -0.67693,0.40945 -1.38675,0.66104 -2.26572,0.80306 -1.1319,0.18289 -1.38128,0.2979 -2.15585,0.99431 -0.48174,0.43313 -1.05021,1.06956 -1.26327,1.41431 -0.35305,0.57123 -0.37665,0.76906 -0.26626,2.23147 0.10585,1.40213 0.0738,1.72125 -0.25375,2.52833 -0.32389,0.79802 -0.4772,0.96275 -1.12697,1.2109 -0.56315,0.21507 -0.97073,0.57701 -1.62242,1.44075 -0.89958,1.19227 -1.09343,1.3009 -3.16844,1.77545 -0.901,0.20605 -2.49402,1.08611 -2.95266,1.63118 -0.24013,0.28537 -1.0505,1.59867 -1.80084,2.91844 -0.75034,1.31977 -1.60392,2.60126 -1.89686,2.84775 -0.29294,0.24649 -0.94671,0.56854 -1.45284,0.71568 -0.96432,0.28033 -3.48835,0.57775 -4.0944,0.48246 z"
       style="opacity:1;fill:#a0a0a0;fill-opacity:1;stroke:none;stroke-width:0.176777;stroke-linecap:butt;stroke-linejoin:round;stroke-miterlimit:4;stroke-dasharray:none;stroke-dashoffset:0;stroke-opacity:1" />
    <path
       inkscape:connector-curvature="0"
       id="La-Libertad"
       d="m 231.4677,481.47579 c 0.0354,-1.20281 -0.16527,-1.50098 -1.82541,-2.71279 -2.29372,-1.67429 -3.25845,-2.8912 -3.97813,-5.01801 l -0.4873,-1.44005 0.49565,-0.64983 c 0.66525,-0.87218 0.75137,-2.02991 0.29631,-3.98309 -0.19255,-0.82643 -0.44829,-2.04025 -0.56833,-2.69738 -0.30325,-1.66023 -1.26452,-3.23379 -2.40186,-3.93174 -0.47531,-0.29168 -1.54568,-1.20693 -2.37862,-2.03387 -0.92032,-0.91371 -1.94424,-1.73263 -2.61004,-2.0875 -0.87761,-0.46776 -1.09561,-0.66858 -1.09561,-1.0093 0,-0.24444 0.15039,-0.50584 0.35356,-0.61457 0.19445,-0.10407 0.48026,-0.3826 0.63512,-0.61895 0.26087,-0.39814 0.25431,-0.51166 -0.0892,-1.54401 -0.2706,-0.81316 -0.58235,-1.31929 -1.1536,-1.8729 -0.59458,-0.57622 -0.87413,-1.04296 -1.16263,-1.94111 -0.20891,-0.65037 -0.52162,-1.34159 -0.69491,-1.53604 -0.17329,-0.19446 -0.62097,-0.9104 -0.99486,-1.59099 -0.51891,-0.94459 -1.31059,-1.86498 -3.34525,-3.88909 -1.466,-1.45841 -3.17082,-3.26872 -3.78848,-4.02291 -0.61767,-0.75419 -1.48973,-1.64229 -1.93792,-1.97355 -0.44818,-0.33127 -1.21263,-0.92728 -1.69877,-1.32447 -0.48613,-0.39719 -1.23605,-0.98075 -1.66649,-1.29681 -0.43043,-0.31606 -1.02705,-0.78279 -1.32582,-1.03719 -0.29877,-0.25439 -0.98074,-0.74412 -1.51549,-1.08827 -1.12921,-0.72674 -2.23551,-1.84017 -2.90667,-2.9254 -0.25984,-0.42015 -0.88708,-1.21564 -1.39388,-1.76777 -0.50679,-0.55212 -1.11327,-1.32206 -1.34771,-1.71097 -0.23445,-0.38891 -0.68825,-1.00341 -1.00844,-1.36556 -0.65698,-0.74306 -0.71799,-0.94714 -0.8235,-2.75434 -0.0633,-1.08408 -0.16066,-1.41054 -0.6063,-2.03293 -0.29199,-0.40781 -0.9707,-1.61651 -1.50824,-2.68601 -0.53754,-1.0695 -1.16905,-2.22296 -1.40335,-2.56326 -1.98835,-2.88785 -3.20804,-4.73571 -3.4878,-5.28409 -0.24659,-0.48336 -0.36431,-1.23979 -0.4579,-2.94237 -0.20163,-3.66802 -0.49919,-4.40472 -3.49619,-8.65571 -0.99621,-1.41305 -1.61935,-2.5108 -1.87598,-3.30479 -0.28161,-0.87127 0.0344,-1.34742 1.46489,-2.20726 1.58719,-0.95404 2.22303,-1.46686 2.51232,-2.02628 0.14158,-0.27379 0.74981,-1.02416 1.35163,-1.66751 0.60181,-0.64334 1.41599,-1.65922 1.80928,-2.25751 0.61923,-0.94199 0.90464,-1.18857 2.12929,-1.8396 0.77782,-0.41349 1.57332,-0.71953 1.76777,-0.68008 0.94263,0.19123 4.24723,1.8227 4.95646,2.447 0.91789,0.80795 0.94276,0.98294 0.41381,2.91098 -0.50835,1.85296 -0.41594,5.62914 0.17337,7.0848 0.47391,1.17057 0.47546,2.1961 0.005,3.21963 -0.20116,0.43752 -0.59917,1.42289 -0.88448,2.18971 -0.47082,1.26545 -0.49475,1.43081 -0.25915,1.79038 0.42046,0.6417 1.62651,0.72601 3.49491,0.24431 l 1.56219,-0.40275 0.6607,0.63359 c 0.36339,0.34847 1.37665,0.97183 2.25169,1.38525 1.43848,0.67962 1.82018,0.97718 3.98188,3.10425 2.02467,1.99222 2.50531,2.57266 3.13779,3.78934 0.73829,1.42021 0.95485,2.4961 0.55247,2.74478 -0.10693,0.0661 -0.50468,0.60019 -0.88388,1.18689 -0.69985,1.0828 -0.83226,1.65418 -0.51158,2.20756 0.0978,0.16883 0.23704,0.81562 0.30936,1.43732 0.10724,0.922 0.21488,1.19257 0.58394,1.46779 0.43126,0.3216 0.51413,0.32459 1.76777,0.0637 1.63253,-0.33978 2.0246,-0.62645 2.87484,-2.10202 0.3716,-0.64492 0.92845,-1.35018 1.23743,-1.56726 0.30898,-0.21708 0.96248,-0.81503 1.45222,-1.32879 0.83978,-0.88096 0.94036,-0.93428 1.76777,-0.93709 0.84725,-0.003 1.35069,-0.17736 4.76642,-1.65203 1.25347,-0.54116 1.608,-0.5626 2.84672,-0.17213 0.82007,0.2585 1.32581,0.27333 4.16979,0.12223 1.78573,-0.0949 3.48913,-0.10553 3.80003,-0.0238 0.39264,0.10327 0.84459,0.50147 1.49062,1.31334 1.28779,1.61839 2.4049,2.46081 3.62541,2.73395 1.01721,0.22764 1.03813,0.22494 3.69624,-0.47728 0.31741,-0.0839 0.38612,0.0306 0.57898,0.96434 0.25325,1.22608 0.93953,1.96729 1.82151,1.96729 0.62033,0 1.69843,0.51786 2.17489,1.0447 0.19675,0.21755 0.39685,0.79905 0.47622,1.38395 0.21233,1.56465 0.78845,1.77262 2.10126,0.75851 0.34029,-0.26286 1.33466,-0.69842 2.20971,-0.9679 2.08025,-0.64065 2.85048,-1.04789 3.17732,-1.67993 0.50841,-0.98316 1.71046,-1.41167 2.22404,-0.79284 0.72722,0.87624 2.14695,1.01149 3.45171,0.32882 0.4783,-0.25025 1.52842,-0.68357 2.33359,-0.96293 1.24699,-0.43265 1.66933,-0.69338 2.84989,-1.75936 1.19057,-1.07502 1.42959,-1.3902 1.69558,-2.23585 0.31022,-0.98628 0.30595,-2.26843 -0.0151,-4.53731 l -0.11979,-0.84648 0.91418,0.36034 c 0.5028,0.19819 1.27585,0.36034 1.71788,0.36034 0.88348,0 3.08526,-0.5185 4.5857,-1.07988 0.86331,-0.32301 0.96147,-0.41259 0.96147,-0.87737 0,-0.45315 -0.0638,-0.51763 -0.5119,-0.51763 -0.42058,0 -0.61275,-0.15716 -1.07723,-0.88099 -0.31094,-0.48455 -0.93574,-1.15349 -1.38845,-1.48653 -1.46404,-1.07705 -1.6727,-1.39528 -1.82024,-2.77617 -0.0733,-0.6861 -0.3342,-1.85785 -0.57976,-2.60389 -0.24555,-0.74603 -0.52868,-1.685 -0.62916,-2.08659 -0.10474,-0.4186 -0.56989,-1.21065 -1.09007,-1.85616 -1.13154,-1.40413 -1.58204,-2.37267 -2.25046,-4.83829 -0.28994,-1.0695 -0.80436,-2.59184 -1.14316,-3.38298 l -0.616,-1.43844 0.73165,-0.32933 c 0.4024,-0.18113 1.08139,-0.63183 1.50887,-1.00156 0.88822,-0.76823 0.7843,-0.77018 3.63769,0.0683 2.25632,0.66303 2.84789,0.66266 3.6546,-0.002 l 0.62825,-0.51786 0.30968,0.52426 c 0.17033,0.28835 0.83269,1.13789 1.4719,1.88788 1.24258,1.4579 1.72622,2.37688 2.34577,4.45721 0.21461,0.72062 0.59014,1.75125 0.83451,2.29029 0.77886,1.71807 0.95269,2.51467 1.10109,5.04594 0.16748,2.85677 0.45965,3.87357 1.66874,5.80753 1.27246,2.03533 2.78348,3.68066 5.05384,5.50306 1.16894,0.93831 2.20486,1.85458 2.30205,2.03618 0.40393,0.75476 0.099,1.8291 -1.1206,3.9485 -0.66086,1.1484 -0.69035,1.26368 -0.59221,2.31474 0.0568,0.60838 0.43245,2.05325 0.83475,3.21082 0.4023,1.15758 0.94924,2.98997 1.21542,4.07198 0.59571,2.42147 1.13714,3.55411 2.39116,5.00216 0.97223,1.12268 1.14384,1.47953 2.40653,5.00428 0.61635,1.72051 1.07566,2.4877 1.81765,3.03603 0.46614,0.34448 0.73249,0.37016 3.88908,0.3749 l 3.38867,0.005 2.2981,0.85184 c 3.5559,1.31807 4.51619,1.88623 6.6032,3.90677 2.2364,2.16517 3.26168,3.5096 4.45721,5.84467 l 0.91754,1.79211 0.0299,3.96187 c 0.0329,4.36738 0.13799,4.91976 1.18394,6.22393 0.6211,0.77443 0.5835,0.86787 -0.68828,1.71027 -0.77374,0.5125 -0.88972,0.53548 -2.70234,0.53548 -1.86793,0 -1.89825,-0.007 -2.21032,-0.4829 -0.20403,-0.31139 -0.30236,-0.75422 -0.27686,-1.24684 0.0336,-0.64833 -0.0411,-0.83926 -0.49332,-1.26171 -0.32418,-0.30282 -0.5993,-0.79341 -0.70248,-1.25265 -0.22564,-1.00425 -0.53046,-1.26904 -1.57654,-1.36956 -1.16922,-0.11234 -1.91214,0.16036 -3.02523,1.11047 -0.51006,0.43538 -1.13945,0.84851 -1.39866,0.91806 -0.95331,0.2558 -2.92795,0.15015 -3.70148,-0.19805 l -0.74652,-0.33604 -1.10523,0.45239 c -1.39195,0.56975 -2.2251,0.83841 -2.60006,0.83841 -0.28323,0 -1.2508,-1.79653 -1.52332,-2.82843 -0.17905,-0.67794 -2.59533,-4.5765 -3.67041,-5.92202 -0.62905,-0.7873 -2.85641,-3.64617 -4.40729,-5.65685 -2.50509,-3.24782 -2.72417,-3.48231 -4.03746,-4.32134 -0.71881,-0.45923 -1.39989,-0.94795 -1.51352,-1.08604 -0.11363,-0.13809 -0.29609,-0.90463 -0.40546,-1.70341 -0.19124,-1.39679 -0.42128,-2.18798 -1.24751,-4.29066 -0.60926,-1.55052 -1.00106,-1.62488 -1.70894,-0.32431 -0.46462,0.85362 -0.56717,0.93365 -1.55802,1.21582 -0.58336,0.16613 -1.37439,0.47017 -1.75785,0.67564 -0.38346,0.20547 -0.98008,0.41865 -1.32583,0.47374 -1.22311,0.19486 -1.40251,0.2612 -1.94822,0.72038 -0.72677,0.61154 -1.54149,0.49448 -2.48385,-0.35688 -1.16993,-1.05697 -2.46651,-1.17666 -3.4187,-0.31561 -0.61406,0.55529 -1.04388,1.64865 -1.02196,2.59961 0.0271,1.17599 -0.31935,2.46101 -0.91628,3.39849 -0.46851,0.73579 -0.49858,0.7513 -1.45697,0.7513 h -0.97859 l -1.25355,1.27108 c -0.68945,0.6991 -1.71602,1.56999 -2.28127,1.93533 -0.71382,0.46137 -1.14615,0.89653 -1.41549,1.42477 -0.21327,0.41828 -0.64603,1.09892 -0.96169,1.51252 -0.36655,0.48028 -0.68558,1.20759 -0.8829,2.0128 -0.39096,1.59532 -1.54983,3.87007 -2.86928,5.63209 -0.18202,0.24306 -0.74926,1.33313 -1.26054,2.42236 -0.8636,1.83982 -0.93674,2.10023 -1.03028,3.66811 -0.0972,1.62844 -0.11538,1.6877 -0.5189,1.6877 -0.62815,0 -2.62992,0.58918 -4.14573,1.22022 -0.97736,0.40687 -1.49469,0.74582 -1.89095,1.23892 -0.4445,0.55312 -0.88276,0.80917 -2.36684,1.38285 -1.00172,0.38722 -2.21906,0.76295 -2.7052,0.83495 -1.06176,0.15727 -1.41481,0.32532 -2.15531,1.02591 -0.40003,0.37847 -0.83114,0.57609 -1.48083,0.67879 -1.10746,0.17507 -1.40533,0.42501 -2.10219,1.76399 -0.46589,0.89517 -0.53724,1.21757 -0.53724,2.42735 0,0.76729 0.0894,1.65142 0.19858,1.96473 0.27506,0.78903 -0.0371,2.28172 -0.76964,3.68006 -0.31789,0.60685 -0.6316,1.10403 -0.69713,1.10485 -0.0655,8.9e-4 -0.1053,-0.46897 -0.0884,-1.04398 z"
       style="opacity:1;fill:#a0a0a0;fill-opacity:1;stroke:none;stroke-width:0.176777;stroke-linecap:butt;stroke-linejoin:round;stroke-miterlimit:4;stroke-dasharray:none;stroke-dashoffset:0;stroke-opacity:1" />
    <path
       inkscape:connector-curvature="0"
       id="Lambayeque"
       d="m 177.12128,391.08603 c -0.21974,-0.31737 -0.70278,-0.91281 -1.07341,-1.32321 -0.37062,-0.4104 -0.94414,-1.16612 -1.27448,-1.67938 -1.29928,-2.01874 -3.92305,-4.54482 -6.58943,-6.34407 -1.34354,-0.90662 -2.1597,-1.83311 -2.70827,-3.07441 -0.30596,-0.69233 -0.44708,-1.0689 -1.04886,-2.79883 -0.68446,-1.96761 -3.57259,-4.75034 -9.11914,-8.78635 -2.65364,-1.93095 -6.20471,-3.76789 -8.04334,-4.16076 -2.43435,-0.52016 -3.70518,-1.10363 -5.53279,-2.54025 -0.56374,-0.44313 -1.27769,-0.98881 -1.58656,-1.21262 -0.30886,-0.22381 -0.96132,-0.71001 -1.44989,-1.08044 -0.48857,-0.37044 -1.36561,-0.92392 -1.94898,-1.22997 -0.58336,-0.30605 -1.55943,-1.03298 -2.16904,-1.6154 -0.60962,-0.58243 -1.20624,-1.06017 -1.32583,-1.06166 -0.11959,-10e-4 -0.32666,-0.0719 -0.46016,-0.15646 -0.18776,-0.11894 -0.0176,-0.41907 0.7513,-1.3255 0.54671,-0.64446 0.9948,-1.27011 0.99575,-1.39034 0.004,-0.46267 0.91138,-2.14207 1.54985,-2.86741 0.36775,-0.41779 1.32108,-2.07529 2.11852,-3.68333 0.79743,-1.60804 1.53241,-2.97472 1.63329,-3.03706 0.23418,-0.14474 1.06058,-1.76767 1.06058,-2.08284 0,-0.13117 0.30899,-0.41216 0.68665,-0.62442 0.37766,-0.21225 0.82871,-0.60476 1.00234,-0.87224 0.17363,-0.26747 0.44796,-0.58095 0.60963,-0.69662 0.16168,-0.11567 0.6036,-0.73979 0.98207,-1.38694 0.83681,-1.43088 1.99984,-2.44656 3.08327,-2.69264 0.43752,-0.0994 1.4914,-0.42771 2.34196,-0.72963 0.85055,-0.30192 1.65632,-0.54895 1.79059,-0.54895 0.13428,0 0.6785,-0.19886 1.20939,-0.44191 0.79045,-0.36188 1.35813,-0.46303 3.13465,-0.55856 1.96887,-0.10586 2.28327,-0.17122 3.40154,-0.70714 1.02797,-0.49264 1.43345,-0.59049 2.44687,-0.59049 0.66809,0 1.40693,-0.0876 1.64188,-0.19463 0.36056,-0.16428 1.41416,-1.72486 2.22261,-3.29212 0.37671,-0.73029 1.25594,-4.44286 1.25594,-5.30325 0,-0.87245 -0.17126,-1.23626 -1.0807,-2.29571 -0.26793,-0.31213 -0.70194,-0.93401 -0.96445,-1.38196 l -0.47731,-0.81446 0.4071,-1.28401 0.4071,-1.28401 0.72217,0.8982 c 0.53065,0.65999 1.04902,1.05554 1.95454,1.49144 0.9697,0.46679 1.6101,0.97629 3.00458,2.39044 2.92375,2.96497 3.27482,3.40321 3.27482,4.08792 0,0.43303 -0.10508,0.66199 -0.36852,0.80298 -0.5864,0.31383 -0.91433,1.3137 -0.77398,2.35988 0.26862,2.00237 0.89788,2.58185 2.80367,2.58185 0.92909,0 1.01247,0.0409 2.21557,1.08665 0.921,0.80055 1.29645,1.25859 1.426,1.73969 0.27211,1.01055 0.69916,1.29948 1.71438,1.15987 0.46719,-0.0642 1.4647,-0.15817 2.21669,-0.20872 1.2849,-0.0864 1.45527,-0.0533 2.82843,0.54969 0.80365,0.35289 1.87178,0.79951 2.37364,0.99251 1.00756,0.38746 2.44534,1.86612 2.57049,2.64356 0.0604,0.37549 0.13863,0.29765 0.583,-0.58048 l 0.51321,-1.01412 0.81469,0.88154 c 0.95696,1.03549 1.39104,1.10652 2.14635,0.35121 0.29168,-0.29168 0.67692,-0.53033 0.85609,-0.53033 0.17916,0 1.22498,0.35206 2.32404,0.78236 1.87561,0.73432 2.01928,0.82569 2.34014,1.48818 l 0.34186,0.70583 -0.484,0.5752 c -0.2662,0.31636 -1.11417,1.04433 -1.88437,1.61771 -0.7702,0.57337 -1.48741,1.20517 -1.59381,1.40398 -0.42757,0.7989 0.53183,3.60482 1.4761,4.31708 l 0.40327,0.30419 -0.43106,0.87102 c -0.5216,1.05396 -0.7505,1.15712 -3.27579,1.47626 -2.04056,0.25787 -2.929,0.65452 -3.5339,1.5777 -0.14796,0.22582 -0.93856,0.93339 -1.75689,1.57239 -0.93533,0.73036 -1.52972,1.32854 -1.60055,1.61075 -0.20057,0.79913 0.19229,1.71704 1.13033,2.64097 0.48861,0.48126 0.88535,0.95755 0.88166,1.05844 -0.004,0.10088 -0.32188,0.40142 -0.7071,0.66787 -0.60915,0.42134 -0.7004,0.5724 -0.7004,1.15946 0,0.37125 0.0994,0.79574 0.22097,0.94331 0.35055,0.42564 1.57005,1.31021 2.35315,1.70687 0.98991,0.5014 1.65489,1.51474 1.77539,2.70543 0.13322,1.31625 1.23165,3.9539 1.87042,4.49139 0.66979,0.56359 1.5503,0.79251 3.06085,0.79576 1.13738,0.002 1.32734,0.0597 2.34939,0.70809 0.92715,0.58818 1.26504,0.70588 2.03293,0.70814 0.50654,10e-4 1.0403,0.0825 1.18614,0.18013 0.2287,0.15304 0.21655,0.21261 -0.0884,0.43321 -0.19445,0.14068 -0.45299,0.34118 -0.57452,0.44555 -0.26131,0.22442 -0.28701,1.03721 -0.0447,1.41328 0.13079,0.20298 -0.0226,0.4439 -0.65419,1.02737 -0.97255,0.89849 -3.20423,2.48919 -4.20666,2.99842 -0.38891,0.19757 -0.90598,0.57268 -1.14905,0.83358 -0.43245,0.46418 -0.44146,0.53032 -0.41928,3.08017 l 0.0227,2.6058 -0.51994,0.19626 c -0.47289,0.17849 -0.60038,0.13537 -1.40883,-0.47652 -0.48888,-0.37002 -1.93564,-1.12502 -3.21503,-1.67777 l -2.32614,-1.00501 -1.85616,0.94234 c -1.74738,0.88711 -1.90454,1.01269 -2.68177,2.1431 -0.45409,0.66042 -1.2136,1.61289 -1.68779,2.11661 -0.47419,0.50371 -1.1168,1.28798 -1.42802,1.74281 -0.39146,0.57208 -0.98821,1.08422 -1.93614,1.6616 -0.75365,0.45905 -1.50327,0.98297 -1.66581,1.16428 -0.28544,0.31839 -0.30919,0.30994 -0.69507,-0.24739 z"
       style="opacity:1;fill:#a0a0a0;fill-opacity:1;stroke:none;stroke-width:0.176777;stroke-linecap:butt;stroke-linejoin:round;stroke-miterlimit:4;stroke-dasharray:none;stroke-dashoffset:0;stroke-opacity:1" />
    <path
       inkscape:connector-curvature="0"
       id="Cajamarca"
       d="m 248.38062,421.11789 c 0,-1.21294 -1.96086,-2.93772 -3.34927,-2.94605 -0.74187,-0.004 -0.93951,-0.26032 -1.09839,-1.42205 -0.0832,-0.608 -0.23987,-1.21233 -0.34828,-1.34295 -0.27849,-0.33557 -1.28039,-0.2948 -2.69465,0.10965 -1.022,0.29226 -1.35509,0.31685 -2.10721,0.15555 -0.91059,-0.19529 -1.51195,-0.69758 -3.72669,-3.11276 -0.98524,-1.0744 -1.43837,-1.15258 -5.37162,-0.9267 -3.0854,0.17719 -3.37718,0.16724 -4.25425,-0.1451 -1.1552,-0.41139 -1.96829,-0.28171 -3.9197,0.62514 -1.90183,0.88382 -3.13659,1.28896 -3.92838,1.28896 -0.91862,0 -1.27994,0.20438 -2.45362,1.38788 -0.54467,0.54923 -1.23571,1.21742 -1.53564,1.48485 -0.29993,0.26744 -0.76911,0.89762 -1.04262,1.40041 -0.62408,1.14722 -1.13565,1.51607 -2.30926,1.66502 l -0.92807,0.11779 -0.008,-0.68568 c -0.004,-0.37713 -0.11898,-0.99785 -0.25492,-1.37938 -0.28429,-0.79792 -0.23497,-0.93802 0.83687,-2.37724 0.95934,-1.28815 0.94519,-2.00477 -0.0803,-4.06986 -0.6298,-1.26821 -1.09394,-1.87005 -2.79018,-3.61794 -2.24468,-2.31305 -3.60527,-3.37453 -5.3186,-4.14938 -0.62454,-0.28244 -1.42989,-0.80238 -1.78967,-1.15541 -0.74833,-0.73429 -1.49433,-0.83491 -2.793,-0.37671 -0.41335,0.14584 -1.14781,0.26516 -1.63212,0.26516 -0.76858,0 -0.86462,-0.0393 -0.75512,-0.30936 0.069,-0.17014 0.26941,-0.7071 0.44536,-1.19324 0.17595,-0.48613 0.48598,-1.21812 0.68895,-1.62664 0.48546,-0.97705 0.49196,-2.55626 0.0155,-3.76505 -0.2973,-0.75426 -0.35325,-1.31078 -0.35164,-3.49788 10e-4,-1.79227 0.0838,-2.87072 0.26516,-3.4687 0.14479,-0.47728 0.26325,-1.16717 0.26325,-1.53309 0,-0.60387 0.0573,-0.68419 0.62008,-0.86994 0.90539,-0.29881 1.0372,-0.68158 0.90943,-2.64089 -0.0606,-0.92933 -0.0618,-2.09598 -0.003,-2.59256 0.10649,-0.8946 0.11813,-0.909 1.26998,-1.57148 1.30446,-0.75026 3.52601,-2.35333 3.92126,-2.82957 0.1427,-0.17195 0.55894,-0.50169 0.92497,-0.73275 0.73016,-0.46093 0.79754,-0.70825 0.40158,-1.47396 -0.25489,-0.4929 -0.24582,-0.52329 0.26474,-0.88684 1.4225,-1.01291 0.46965,-2.4743 -1.6133,-2.4743 -0.53543,0 -1.04011,-0.10303 -1.20202,-0.24538 -0.86044,-0.75655 -2.18766,-1.22346 -3.78582,-1.33185 -0.89088,-0.0604 -1.76688,-0.19525 -1.94666,-0.29961 -0.49059,-0.28478 -1.36284,-2.47192 -1.52278,-3.81829 -0.19061,-1.60458 -1.01358,-2.86722 -2.33439,-3.58155 -1.13956,-0.61629 -2.09152,-1.34894 -2.09152,-1.60969 -1e-5,-0.10526 0.31819,-0.4471 0.7071,-0.75964 0.59744,-0.48011 0.7071,-0.6707 0.7071,-1.22886 0,-0.56652 -0.1385,-0.7974 -0.97227,-1.62082 -1.36255,-1.34562 -1.33047,-1.62117 0.33744,-2.89869 0.72034,-0.55174 1.51907,-1.27764 1.77495,-1.61312 0.64937,-0.85136 1.01652,-1.00357 2.82283,-1.17025 2.61847,-0.24162 3.48635,-0.6513 4.02076,-1.89803 0.18733,-0.43702 0.49614,-0.90353 0.68625,-1.03668 0.54812,-0.38392 0.4152,-0.85891 -0.39276,-1.40362 -0.85984,-0.57969 -1.54742,-1.78973 -1.5547,-2.73607 -0.005,-0.59895 0.0907,-0.71927 1.27718,-1.61224 1.46058,-1.09926 2.7837,-2.46291 2.7837,-2.86895 0,-0.39427 -0.78644,-1.89019 -1.17413,-2.23337 -0.18066,-0.15992 -1.22717,-0.6571 -2.32557,-1.10486 -2.41619,-0.98493 -3.55891,-1.09047 -4.02956,-0.37216 -0.36617,0.55884 -0.65608,0.56045 -0.95318,0.005 -0.12852,-0.24015 -0.54443,-0.65198 -0.92423,-0.91519 -0.61429,-0.4257 -0.65523,-0.49739 -0.37072,-0.6491 0.7638,-0.40728 2.83567,-1.806 3.28085,-2.2149 0.26737,-0.24558 0.48613,-0.6343 0.48613,-0.86382 0,-0.39052 -0.75446,-1.28432 -1.0841,-1.28432 -0.0817,0 -0.25776,-0.26128 -0.39119,-0.58062 -0.1682,-0.40257 -0.47043,-0.68336 -0.98554,-0.91565 -0.9499,-0.42834 -1.24658,-1.08896 -1.4372,-3.2002 -0.0796,-0.88159 -0.30898,-2.03506 -0.50974,-2.56327 -0.43527,-1.14522 -0.49361,-2.46297 -0.10903,-2.46297 0.53624,0 1.68838,-2.06096 1.68838,-3.02019 0,-0.17824 -0.35386,-1.06317 -0.78634,-1.96651 l -0.78635,-1.64243 0.64044,-0.65779 c 0.48277,-0.49585 0.95915,-0.7524 1.93503,-1.04211 0.71202,-0.21138 1.38609,-0.49457 1.49792,-0.62932 0.13238,-0.1595 0.21642,-1.30676 0.24085,-3.28764 0.0397,-3.21929 -0.0912,-3.90786 -0.95056,-5.00037 -0.24035,-0.30555 -0.36058,-0.87056 -0.4529,-2.12824 -0.13933,-1.89805 -0.53863,-3.1273 -1.34767,-4.1488 -0.30779,-0.38861 -0.5186,-0.86398 -0.51548,-1.16239 0.007,-0.70698 1.10069,-1.89561 2.29282,-2.49275 0.91526,-0.45846 1.01474,-0.57513 1.69645,-1.98962 0.62851,-1.30412 0.80714,-1.53245 1.35226,-1.72859 0.44879,-0.16148 0.71394,-0.4138 0.92886,-0.88389 0.16542,-0.36184 0.49161,-1.05137 0.72486,-1.53229 0.23326,-0.48091 0.4241,-0.9781 0.4241,-1.10485 0,-0.15621 0.27053,-0.23246 0.83969,-0.23667 0.46183,-0.003 1.35676,-0.11994 1.98874,-0.25895 1.74924,-0.38477 2.30157,-0.34108 3.00912,0.23803 0.85806,0.7023 1.3013,0.91102 1.93468,0.91102 0.84378,0 1.78369,-0.46963 2.65759,-1.32788 0.43753,-0.42968 1.23302,-1.00275 1.76777,-1.27348 0.93503,-0.47338 0.9777,-0.52609 1.11395,-1.37612 0.28652,-1.78747 0.39425,-2.12326 0.66064,-2.05905 1.20955,0.29157 2.82876,-0.1626 3.59317,-1.00784 0.44218,-0.48895 0.33126,-1.0997 -0.60264,-3.31827 l -0.75305,-1.78898 0.39145,-0.80862 c 0.53279,-1.10061 0.93695,-1.5837 2.20388,-2.63432 0.59531,-0.49367 1.29035,-1.20894 1.54454,-1.58949 0.60519,-0.90605 0.75585,-0.99818 3.25016,-1.9875 1.16672,-0.46276 2.22268,-0.9239 2.34656,-1.02477 0.12388,-0.10086 0.24784,-0.15216 0.27546,-0.114 0.43382,0.59942 1.63187,2.80811 1.87552,3.45763 0.53533,1.4271 0.61078,2.98834 0.20027,4.14378 -0.29007,0.81646 -0.31938,1.11264 -0.16618,1.67938 0.22926,0.84809 2.08816,3.66102 3.4119,5.16297 0.95919,1.08832 0.98369,1.14241 0.98369,2.17119 0,0.58029 -0.12497,1.35083 -0.27772,1.71231 -0.15274,0.36148 -0.33173,1.28724 -0.39774,2.05724 l -0.12003,1.40001 -1.32583,1.0874 c -1.45572,1.19395 -1.62442,1.45379 -2.15816,3.32423 -0.55649,1.95015 -0.54847,1.99073 1.2875,6.52157 0.82052,2.02489 1.39748,4.30423 1.40115,5.53544 10e-4,0.48614 0.20089,1.83671 0.44318,3.00127 0.2423,1.16456 0.44054,2.6507 0.44054,3.30253 0,1.32841 -0.0151,1.34719 -1.89326,2.35465 -0.81102,0.43504 -1.00629,0.65799 -1.63542,1.86726 -0.62888,1.20879 -0.82992,1.43841 -1.67872,1.91745 -0.53035,0.29931 -1.05651,0.71654 -1.16924,0.92717 -0.24823,0.46383 -0.5598,2.36864 -0.59813,3.65672 -0.0274,0.92085 -0.0525,0.96318 -1.21119,2.03942 -0.72487,0.67332 -1.1832,1.24083 -1.1832,1.46505 0,0.33303 0.52956,2.34111 1.41711,5.37361 0.56572,1.93291 1.95933,3.74545 4.19718,5.45887 0.43146,0.33035 1.05394,1.09188 1.45792,1.78358 0.91154,1.56078 1.81434,2.31504 3.71286,3.10196 0.85428,0.3541 1.96,0.98294 2.48368,1.41251 0.51915,0.42586 1.58432,1.04919 2.36705,1.3852 0.78273,0.33601 1.56205,0.79625 1.73183,1.02277 0.16977,0.22651 0.51484,1.12536 0.76682,1.99743 0.57003,1.97283 0.76716,2.35482 1.80874,3.50497 0.45907,0.50692 1.32253,1.55765 1.91881,2.33497 0.59629,0.77732 1.46985,1.77999 1.94125,2.22814 0.98532,0.93674 3.82097,3.08008 5.63007,4.25552 1.54458,1.00358 4.31374,3.82954 4.90896,5.00967 0.24623,0.48819 0.77196,1.28004 1.16828,1.75965 0.57404,0.69466 0.77996,1.14332 1.01249,2.20596 0.32138,1.46874 1.30512,3.83356 1.97614,4.75048 0.42548,0.58138 0.42895,0.6179 0.30419,3.19402 -0.10796,2.22925 -0.0804,2.77026 0.19103,3.74292 0.38483,1.37932 0.3815,2.15251 -0.0144,3.3445 -0.40507,1.21956 -0.25193,1.85512 0.71273,2.95786 0.99646,1.13911 2.00544,3.37708 2.73211,6.05997 0.70168,2.59062 1.16437,3.59357 2.36677,5.1303 0.73778,0.94291 1.01833,1.47372 1.17321,2.21977 0.11195,0.53929 0.35635,1.32596 0.54311,1.74816 0.18676,0.42219 0.39117,1.37817 0.45425,2.12439 0.13729,1.62418 0.43803,2.14236 1.87905,3.23765 0.97166,0.73853 1.89368,1.83814 1.89368,2.25843 0,0.22662 -2.52638,0.95897 -3.30815,0.95897 -0.28907,0 -0.99545,-0.16221 -1.56973,-0.36046 -1.77256,-0.61193 -2.31751,-0.18346 -2.12562,1.67131 0.0612,0.5916 0.15951,1.52179 0.21845,2.06708 0.15678,1.4504 -0.28395,2.84666 -1.0475,3.31856 -0.32058,0.19813 -0.83228,0.63432 -1.13712,0.96931 -0.41266,0.45349 -0.9154,0.72598 -1.96813,1.06677 -0.77763,0.25174 -1.78881,0.65705 -2.24705,0.9007 -1.0211,0.54292 -1.67937,0.56309 -2.12313,0.065 -0.58292,-0.65423 -1.39318,-0.89806 -2.23289,-0.67195 -0.66383,0.17875 -1.16414,0.59043 -2.13013,1.75276 -0.14351,0.17268 -1.14173,0.60746 -2.21827,0.96617 -1.07653,0.35872 -2.15298,0.80611 -2.39209,0.99419 -0.58547,0.46054 -0.64415,0.43774 -0.64415,-0.25021 z"
       style="opacity:1;fill:#a0a0a0;fill-opacity:1;stroke:none;stroke-width:0.176777;stroke-linecap:butt;stroke-linejoin:round;stroke-miterlimit:4;stroke-dasharray:none;stroke-dashoffset:0;stroke-opacity:1" />
    <path
       inkscape:connector-curvature="0"
       id="Piura"
       d="m 130.47056,353.00446 c -0.43752,-0.25592 -1.43189,-0.75346 -2.20971,-1.10564 -0.77782,-0.35218 -2.01845,-0.97584 -2.75696,-1.38592 -0.73851,-0.41007 -2.21018,-1.05523 -3.27037,-1.43369 -7.24407,-2.58592 -11.33375,-4.27577 -12.44309,-5.14147 -0.98676,-0.77005 -2.11285,-1.34594 -3.4915,-1.78561 -1.21215,-0.38657 -1.31568,-0.46245 -1.9793,-1.45074 -0.75297,-1.12135 -0.98907,-1.70664 -1.60756,-3.98524 l -0.39818,-1.46695 0.47999,-0.94868 c 0.446,-0.8815 0.47132,-1.04816 0.35746,-2.35341 l -0.12254,-1.40472 1.02174,-0.73165 c 0.56195,-0.4024 1.12233,-0.73165 1.24529,-0.73165 0.39136,0 0.95632,-0.90504 0.95632,-1.53198 0,-0.3547 0.10241,-0.63973 0.25022,-0.69645 0.14565,-0.0559 0.82897,0.38971 1.63518,1.06631 0.76174,0.63928 1.93099,1.4498 2.59835,1.80117 1.06064,0.55841 1.33208,0.62899 2.15632,0.56064 0.66531,-0.0552 1.16261,-0.23029 1.68903,-0.59475 1.30664,-0.90465 2.20774,-1.93409 2.44983,-2.79876 0.12391,-0.44256 0.33995,-0.89982 0.48008,-1.01612 0.65073,-0.54005 0.80983,-1.25953 0.89942,-4.06731 0.0936,-2.93229 -0.04,-4.10725 -0.69709,-6.13011 -0.20033,-0.61676 -0.58329,-1.37248 -0.85104,-1.67938 -0.26774,-0.30689 -0.66922,-1.06077 -0.89219,-1.67528 -0.22296,-0.61451 -0.62575,-1.4215 -0.89509,-1.79331 -0.26934,-0.37181 -1.12508,-1.61912 -1.90165,-2.7718 -1.71661,-2.54801 -2.38789,-3.26147 -4.09759,-4.3551 -0.72664,-0.4648 -1.67915,-1.12175 -2.11667,-1.45988 -0.43752,-0.33813 -1.19324,-0.88289 -1.67938,-1.21058 -0.48613,-0.32769 -1.20208,-1.00669 -1.59099,-1.50888 -0.38891,-0.5022 -0.89086,-1.14551 -1.11545,-1.42957 -0.49064,-0.62059 -0.67178,-1.20694 -0.82933,-2.68455 -0.11144,-1.04512 -0.0904,-1.14115 0.33845,-1.54304 0.40645,-0.38092 0.45728,-0.56444 0.45728,-1.6509 v -1.22234 l 0.5439,0.45766 c 0.63521,0.5345 0.83819,0.54961 2.45225,0.18249 1.80535,-0.41061 1.9689,-0.70543 1.71065,-3.08359 -0.16873,-1.55378 -0.23097,-1.66506 -2.2246,-3.97748 -0.83823,-0.97227 -1.74793,-2.07164 -2.02155,-2.44304 -0.27363,-0.3714 -1.07583,-1.10297 -1.78268,-1.62571 -0.92809,-0.68636 -1.43635,-1.2183 -1.829272,-1.91452 -0.299256,-0.53026 -0.902836,-1.30033 -1.34129,-1.71128 -0.530115,-0.49687 -0.893658,-1.03763 -1.085142,-1.61413 -0.468959,-1.41191 -1.768987,-2.64142 -3.331659,-3.15093 -0.559014,-0.18227 -0.634373,-0.25547 -0.398751,-0.38733 0.487563,-0.27286 1.706749,-2.21742 1.706749,-2.72221 0,-0.26078 0.249115,-0.98017 0.553589,-1.59864 0.515756,-1.04765 0.551939,-1.24483 0.529439,-2.88515 -0.01328,-0.96836 -0.109941,-1.98354 -0.214796,-2.25595 -0.104855,-0.27242 -0.234942,-1.22236 -0.289083,-2.11099 -0.09384,-1.54025 -0.08001,-1.62555 0.296198,-1.82689 0.217051,-0.11616 0.640148,-0.73585 0.940216,-1.37708 0.496008,-1.05994 0.548869,-1.34496 0.581797,-3.13699 0.05086,-2.76814 0.125299,-3.01768 1.019136,-3.41658 0.405766,-0.18109 1.119814,-0.75885 1.586773,-1.28391 0.466956,-0.52507 1.202796,-1.3135 1.635186,-1.75206 0.43239,-0.43857 0.78617,-0.89732 0.78617,-1.01944 0,-0.33452 1.47017,-1.68753 3.42075,-3.14816 1.80606,-1.3524 1.99814,-1.40459 2.58164,-0.70151 0.12545,0.15115 0.32687,0.27481 0.4476,0.27481 0.19823,0 1.70548,1.15622 3.50974,2.69232 l 0.67896,0.57805 1.97269,-0.0142 c 2.23543,-0.0161 6.06626,-0.31291 6.51088,-0.50442 0.35921,-0.15473 0.81875,0.0768 2.09094,1.05366 0.53475,0.41059 1.34488,0.95985 1.80029,1.22057 0.75768,0.43377 0.89147,0.45695 1.57501,0.27289 0.91262,-0.24574 1.57445,-0.66049 1.57445,-0.98665 0,-0.13384 0.16264,-0.34345 0.36142,-0.46581 0.19879,-0.12235 0.59981,-0.5925 0.89115,-1.04476 0.61557,-0.95556 1.98624,-2.28555 2.77671,-2.69432 0.30214,-0.15624 0.61295,-0.39241 0.69071,-0.52481 0.13406,-0.22829 1.69139,-0.99671 2.01999,-0.99671 0.0849,0 0.47372,0.31941 0.86411,0.7098 0.80106,0.80106 0.81745,1.2544 0.0707,1.9559 -0.23484,0.22062 -0.42699,0.54296 -0.42699,0.7163 0,0.52936 2.61228,3.84923 3.13131,3.9795 0.54638,0.13713 1.42644,-0.28699 2.3951,-1.15424 0.7283,-0.65206 2.60532,-1.25374 2.60532,-0.83514 0,0.11754 -0.27449,0.31297 -0.60997,0.43428 -0.79603,0.28784 -1.51135,1.14717 -1.51135,1.8156 0,1.15409 -1.47871,3.36106 -3.77639,5.63625 -1.87957,1.86117 -1.98259,2.11904 -1.34545,3.36794 0.27196,0.53309 0.789,0.98908 2.14681,1.89331 1.71008,1.13883 1.8382,1.19241 2.91928,1.2209 1.52799,0.0403 2.06906,-0.14615 3.03503,-1.04572 0.45178,-0.42073 1.08466,-0.87305 1.40641,-1.00516 0.43733,-0.17956 0.71641,-0.50052 1.10559,-1.27147 0.28632,-0.56721 0.73902,-1.16362 1.00599,-1.32537 0.26697,-0.16175 1.5991,-1.43098 2.96028,-2.8205 1.62854,-1.66246 2.65023,-2.56942 2.98766,-2.65218 0.64947,-0.15929 1.24581,0.15504 2.75758,1.45352 3.23573,2.7792 4.59085,3.58206 6.53668,3.87274 2.25687,0.33714 2.59527,0.55605 4.0051,2.59086 0.39767,0.57397 0.86436,0.95458 1.65472,1.34953 1.72729,0.86314 2.12167,0.88166 3.50274,0.16448 0.65062,-0.33787 1.7462,-0.78331 2.43463,-0.98988 0.74539,-0.22365 1.5677,-0.62676 2.03293,-0.99658 0.42969,-0.34155 0.88623,-0.62178 1.01456,-0.62272 0.3738,-0.003 1.80689,1.04115 2.86028,2.08349 1.2383,1.22533 2.02859,1.73613 2.91681,1.88528 0.89283,0.14992 2.74004,0.80844 2.74004,0.9768 0,0.0698 -0.19825,0.39725 -0.44055,0.72762 -1.07377,1.46405 -1.19993,2.25084 -0.52125,3.25093 0.24883,0.36667 0.65688,1.05771 0.90679,1.53564 0.43759,0.83687 0.44671,0.91646 0.24697,2.15462 -0.25918,1.60667 -0.15596,1.9015 1.2268,3.50413 0.68439,0.7932 1.05611,1.38013 1.05611,1.66752 0,0.69511 0.28302,1.10358 1.9447,2.80674 0.85373,0.87504 1.73991,1.8806 1.96929,2.23458 0.65515,1.01105 2.95514,3.66275 3.46991,4.00053 0.25617,0.16809 0.92303,0.3454 1.48191,0.39401 l 1.01614,0.0884 -0.56575,1.28433 c -0.4374,0.99296 -0.66601,1.3093 -1.00769,1.3944 -0.7029,0.17505 -0.90359,0.41528 -1.61882,1.93779 -0.74864,1.59361 -0.84307,1.70021 -1.77054,1.99879 -0.78795,0.25367 -2.21811,1.85307 -2.46878,2.76093 -0.21263,0.77005 -0.0871,1.21938 0.5767,2.06459 0.84265,1.07292 1.16766,2.05667 1.30631,3.95406 0.11591,1.5861 0.18803,1.8503 0.75975,2.78327 0.68662,1.12044 0.67296,1.0155 0.60207,4.62604 l -0.0416,2.12132 -1.29589,0.39336 c -1.09363,0.33198 -1.42445,0.53083 -2.11966,1.27406 -0.86926,0.92931 -0.98142,1.34105 -0.57368,2.106 0.13756,0.25807 0.50264,1.01588 0.81128,1.68403 l 0.56116,1.21482 -0.30275,0.79275 c -0.20715,0.5424 -0.49575,0.90662 -0.91386,1.15332 -1.05069,0.61992 -1.18539,1.54701 -0.50693,3.48891 0.23613,0.67587 0.48362,1.8875 0.54997,2.69252 0.17997,2.1837 0.87138,3.54872 2.04336,4.03418 0.28208,0.11684 0.51287,0.31376 0.51287,0.4376 0,0.22683 0.50463,0.76462 1.13786,1.21263 0.32251,0.22816 0.29173,0.27212 -0.53033,0.75747 -2.46581,1.45583 -3.08877,1.92631 -3.29531,2.48872 -0.20825,0.56704 -0.21383,0.56935 -0.57322,0.23713 -0.69071,-0.6385 -4.87348,-2.31447 -6.19655,-2.48287 -1.13448,-0.14439 -1.57425,-0.10661 -3.1185,0.26791 -0.41277,0.10011 -0.48969,0.044 -0.66411,-0.48453 -0.10916,-0.33074 -0.69025,-1.07579 -1.30092,-1.66798 -1.72525,-1.67301 -1.99387,-1.83398 -3.06053,-1.83398 -1.39198,0 -1.80099,-0.21137 -1.95143,-1.00847 -0.23696,-1.2555 -0.16097,-1.58034 0.51992,-2.2225 0.61973,-0.58448 0.6431,-0.64884 0.5353,-1.47433 -0.18171,-1.39149 -0.20903,-1.42817 -3.55178,-4.76915 -1.49421,-1.49343 -2.24978,-2.10504 -3.16654,-2.56326 -0.88259,-0.44114 -1.41325,-0.86141 -1.98752,-1.57409 -0.95304,-1.18273 -1.33519,-1.46945 -1.77324,-1.33042 -0.37387,0.11866 -0.44369,0.2565 -0.89777,1.77236 -0.17475,0.58336 -0.39786,1.31202 -0.4958,1.61924 -0.23082,0.72403 0.26501,1.8235 1.53207,3.39723 0.66349,0.82409 0.90664,1.27589 0.90381,1.67938 -0.008,1.09389 -1.00337,4.47667 -1.69461,5.75723 -1.01644,1.88301 -1.09087,1.94005 -2.49846,1.91464 -1.01364,-0.0183 -1.40912,0.0737 -2.60896,0.60712 -1.28157,0.56971 -1.61053,0.63837 -3.50736,0.73205 -1.71192,0.0846 -2.2685,0.18366 -3.05595,0.54416 -0.52954,0.24243 -1.25816,0.49562 -1.61916,0.56264 -0.361,0.067 -1.00961,0.27262 -1.44135,0.45688 -0.43174,0.18426 -1.3748,0.49308 -2.0957,0.68627 -1.54788,0.4148 -2.81053,1.39277 -3.66005,2.83483 -0.72435,1.22959 -1.76363,2.45336 -2.53758,2.98805 -0.41065,0.2837 -0.83677,0.83486 -1.17473,1.51942 -0.29168,0.59083 -0.69761,1.30531 -0.90206,1.58774 -0.20444,0.28243 -0.97782,1.73441 -1.7186,3.22662 -0.74079,1.49222 -1.63486,3.03187 -1.98683,3.42146 -0.59876,0.66276 -1.66763,2.63633 -1.66795,3.07971 -1.3e-4,0.18371 -1.87104,2.40051 -2.10564,2.49492 -0.0573,0.0231 -0.46218,-0.16746 -0.8997,-0.42337 z"
       style="opacity:1;fill:#a0a0a0;fill-opacity:1;stroke:none;stroke-width:0.176777;stroke-linecap:butt;stroke-linejoin:round;stroke-miterlimit:4;stroke-dasharray:none;stroke-dashoffset:0;stroke-opacity:1" />
    <path
       inkscape:connector-curvature="0"
       id="Tumbes"
       d="m 125.17431,246.07854 c -0.53087,-0.35388 -1.22561,-0.87205 -1.54387,-1.15148 -0.8491,-0.74552 -1.78764,-0.9826 -2.7847,-0.70344 -0.4418,0.1237 -1.10827,0.17613 -1.48105,0.11652 -0.37277,-0.0596 -1.29498,0.01 -2.04935,0.15405 -0.75436,0.14433 -1.91679,0.26242 -2.58317,0.26242 -1.20465,0 -1.21749,-0.005 -2.23835,-0.90041 -1.43407,-1.25761 -3.05321,-2.45835 -3.31497,-2.45835 -0.12114,0 -0.35961,-0.15399 -0.52995,-0.34221 -0.29701,-0.32819 -0.28183,-0.40882 0.37035,-1.96778 0.6551,-1.56593 0.97711,-2.02571 2.10361,-3.00363 0.28654,-0.24875 0.9585,-0.92602 1.49325,-1.50504 0.53475,-0.57903 1.2507,-1.24463 1.59099,-1.47913 0.3403,-0.23449 1.05979,-0.83995 1.59888,-1.34546 0.53908,-0.50551 1.30891,-1.08683 1.71072,-1.29182 0.85536,-0.43637 0.99808,-0.78109 0.94944,-2.29326 -0.021,-0.65184 0.0509,-1.22388 0.17223,-1.37002 0.15654,-0.18862 0.15804,-0.31135 0.006,-0.49447 -0.28547,-0.34396 0.73369,-1.20376 2.23236,-1.88328 0.64485,-0.2924 1.4166,-0.71395 1.71499,-0.9368 0.2984,-0.22284 0.82096,-0.51256 1.16126,-0.64382 0.5995,-0.23123 0.94752,-0.45766 3.00044,-1.95215 0.53214,-0.38738 1.03617,-0.70433 1.12007,-0.70433 0.0839,0 0.56517,-0.41764 1.06948,-0.92808 0.50432,-0.51044 1.3799,-1.34613 1.94575,-1.85708 0.56584,-0.51096 1.21497,-1.30645 1.4425,-1.76777 0.59695,-1.21027 1.5175,-2.5275 2.02836,-2.90239 0.27171,-0.19939 1.0207,-0.39751 1.94454,-0.51437 2.47743,-0.31336 4.2513,-0.94399 5.60053,-1.99104 1.43906,-1.11676 1.82203,-1.61713 1.94619,-2.54276 0.0694,-0.51744 0.21413,-0.78035 0.51952,-0.9438 0.37662,-0.20156 0.47673,-0.17675 0.90732,0.22481 0.62715,0.58486 1.24591,0.89882 1.54513,0.784 0.42738,-0.164 0.85954,0.76952 0.81376,1.75781 l -0.042,0.90635 1.1903,1.06398 1.19031,1.06399 -0.73674,1.10328 c -0.40521,0.6068 -0.73393,1.19365 -0.73048,1.30411 0.0131,0.41943 0.47971,0.99583 1.80569,2.23047 0.75352,0.70161 1.37002,1.37746 1.37002,1.5019 0,0.12444 -0.2267,0.32016 -0.50377,0.43493 -0.27708,0.11477 -0.84203,0.55332 -1.25544,0.97455 -0.57884,0.5898 -0.72445,0.85158 -0.63335,1.1386 0.0651,0.205 0.17728,0.37272 0.24937,0.37272 0.0721,0 0.27973,0.1087 0.46143,0.24156 0.32037,0.23427 0.31872,0.25634 -0.0546,0.73095 -0.21173,0.26916 -0.38496,0.64595 -0.38496,0.8373 0,0.19135 0.46505,0.8869 1.03344,1.54567 0.87153,1.0101 1.06586,1.3626 1.24046,2.25005 0.21278,1.08157 1.05469,2.63466 1.52631,2.81564 0.14611,0.0561 0.26566,0.21549 0.26566,0.35428 0,0.20088 -0.1818,0.22823 -0.89138,0.1341 -0.7797,-0.10343 -0.94582,-0.0671 -1.32583,0.28989 -0.23894,0.22447 -0.43444,0.50497 -0.43444,0.62332 0,0.11835 -0.17899,0.26193 -0.39775,0.31906 -0.21876,0.0571 -0.7955,0.42204 -1.28163,0.81092 -0.48614,0.38888 -1.16858,0.90002 -1.51654,1.13585 -0.64411,0.43655 -2.03249,1.54848 -2.79346,2.23721 -0.33644,0.30451 -0.4512,0.33318 -0.57182,0.14285 -0.083,-0.13097 -0.15212,-0.28081 -0.15361,-0.33297 -0.001,-0.0522 -0.40793,-0.39737 -0.9032,-0.76713 -1.09434,-0.817 -2.56616,-1.52244 -3.16537,-1.51716 -0.54081,0.005 -1.03039,0.35418 -0.92688,0.66151 0.12243,0.36352 -0.265,0.69124 -1.0672,0.90274 -0.59939,0.15802 -0.84568,0.35519 -1.25346,1.00344 -0.27913,0.44373 -0.65211,1.17945 -0.82886,1.63494 -0.71922,1.85349 -0.97795,2.1829 -2.10698,2.68263 -0.58631,0.25951 -1.24465,0.63254 -1.46298,0.82896 -0.21834,0.19641 -0.75495,0.60011 -1.19248,0.89709 -0.9093,0.61723 -1.71706,1.4347 -2.34082,2.36897 -1.57391,2.35741 -2.30461,2.67106 -3.83931,1.64801 z"
       style="opacity:1;fill:#a0a0a0;fill-opacity:1;stroke:none;stroke-width:0.176777;stroke-linecap:butt;stroke-linejoin:round;stroke-miterlimit:4;stroke-dasharray:none;stroke-dashoffset:0;stroke-opacity:1" />
    <path
       inkscape:connector-curvature="0"
       id="Amazonas"
       d="m 262.96905,384.01383 c -0.44726,-0.52253 -0.61092,-0.85756 -0.53972,-1.10485 0.7238,-2.51382 0.7543,-2.88756 0.32652,-4.00083 -0.24453,-0.63636 -0.29046,-1.33056 -0.25903,-3.91506 0.0374,-3.07174 0.0288,-3.15422 -0.38742,-3.71231 -0.62632,-0.83992 -1.64399,-3.24309 -1.88863,-4.45986 -0.24929,-1.23997 -0.53624,-1.85784 -1.31355,-2.82843 -0.31146,-0.38891 -0.79874,-1.14107 -1.08284,-1.67149 -0.82943,-1.54857 -3.37524,-4.0696 -5.62454,-5.5698 -3.07567,-2.05137 -5.55704,-4.13391 -6.55575,-5.50206 -0.48421,-0.66332 -1.2694,-1.64715 -1.74487,-2.18629 -1.32967,-1.50773 -1.66961,-2.10766 -2.16352,-3.81821 -0.6842,-2.36958 -0.90615,-2.64561 -2.85422,-3.54978 -0.91452,-0.42445 -2.03501,-1.08409 -2.48997,-1.46586 -0.45496,-0.38176 -1.58007,-1.0196 -2.50025,-1.41741 -1.75207,-0.75745 -2.43946,-1.27781 -3.04868,-2.30787 -0.8771,-1.483 -1.30609,-1.97657 -2.53817,-2.92027 -2.08295,-1.59541 -2.85534,-2.82437 -3.66421,-5.83018 -0.28781,-1.0695 -0.62738,-2.30252 -0.7546,-2.74004 l -0.23131,-0.79549 1.18204,-1.09204 1.18203,-1.09203 0.0314,-1.11767 c 0.0173,-0.61473 0.11013,-1.63268 0.20637,-2.26212 0.18518,-1.21122 0.25319,-1.30088 1.60522,-2.11613 0.54529,-0.32881 0.88374,-0.75154 1.41531,-1.76777 0.65692,-1.25586 0.76811,-1.37121 1.86191,-1.93149 1.68791,-0.8646 1.86247,-1.15081 1.86247,-3.05377 0,-0.91223 -0.14526,-2.22115 -0.34701,-3.12692 -0.19086,-0.85684 -0.42728,-2.38732 -0.52538,-3.40108 -0.19498,-2.01498 -0.62892,-3.76544 -1.31999,-5.32474 -0.76497,-1.72604 -1.6967,-4.32758 -1.6967,-4.73745 0,-0.21555 0.19904,-1.04449 0.44232,-1.84208 0.43011,-1.4101 0.47285,-1.47257 1.54737,-2.26153 1.6911,-1.2417 1.78347,-1.38451 1.91953,-2.96772 0.0656,-0.76349 0.26391,-1.81185 0.44066,-2.32969 0.36479,-1.06874 0.4136,-2.86718 0.0939,-3.46131 -0.11792,-0.21916 -0.65534,-0.89265 -1.19428,-1.49664 -0.53893,-0.604 -1.42927,-1.77358 -1.97853,-2.59906 -1.09355,-1.6435 -1.20331,-2.1953 -0.73136,-3.67657 0.18634,-0.58484 0.19801,-1.06673 0.054,-2.22935 -0.18407,-1.48571 -0.64071,-2.66431 -1.76695,-4.56051 l -0.48612,-0.81846 0.7733,-0.92363 c 0.42532,-0.508 1.27567,-1.85 1.88967,-2.98224 1.40297,-2.58715 1.46367,-3.19131 0.43363,-4.31646 -0.76109,-0.83136 -1.37496,-1.93432 -1.44977,-2.60485 -0.1607,-1.44022 0.65962,-4.81945 1.38092,-5.68856 0.57927,-0.69798 1.28309,-2.57887 1.28322,-3.42929 1.3e-4,-0.82545 0.0581,-0.95115 0.70844,-1.53494 0.38957,-0.34972 0.85773,-0.97928 1.04036,-1.39902 0.18263,-0.41973 0.57984,-0.9968 0.88269,-1.28236 0.51421,-0.48488 0.55063,-0.60088 0.55063,-1.75399 0,-0.67913 -0.12619,-1.90822 -0.28042,-2.7313 -0.32216,-1.71925 -0.39337,-1.59957 1.28732,-2.16348 1.42771,-0.47903 1.9983,-0.93231 1.9983,-1.58745 0,-0.28031 0.20392,-0.81015 0.45316,-1.17742 0.41995,-0.61883 0.44435,-0.76187 0.33287,-1.95151 -0.11313,-1.2073 -0.0954,-1.30448 0.29814,-1.63229 0.23014,-0.19171 0.53776,-0.35151 0.6836,-0.35511 0.62811,-0.0155 1.36854,-0.67859 1.49188,-1.33607 0.0677,-0.36114 0.33418,-1.03454 0.59206,-1.49643 l 0.46888,-0.8398 -0.5693,-1.49874 c -0.66262,-1.74439 -0.67548,-1.84772 -0.24688,-1.98375 0.17734,-0.0563 0.52974,-0.32018 0.78311,-0.58644 0.43238,-0.45436 0.46842,-0.62832 0.58666,-2.83154 0.0693,-1.29109 0.19419,-2.38959 0.27755,-2.44111 0.0834,-0.0515 0.15157,-0.24595 0.15157,-0.43207 0,-0.18611 0.15011,-0.6786 0.33357,-1.09442 0.43576,-0.98765 0.85912,-2.34669 1.00648,-3.2309 0.0648,-0.38891 0.25718,-0.86621 0.42747,-1.06066 0.60438,-0.69014 0.69112,-1.02764 0.42609,-1.65796 -0.40224,-0.95663 -0.33018,-1.40282 0.23707,-1.46809 0.57817,-0.0665 2.49612,0.18648 2.87262,0.37894 0.17481,0.0894 0.26517,0.39981 0.26517,0.911 0,0.80599 0.3429,1.44607 1.20617,2.25153 0.3605,0.33637 0.42678,0.52916 0.34826,1.01305 -0.13356,0.82302 0.31548,1.48834 1.00451,1.48834 0.64957,0 3.08457,-1.26128 3.84921,-1.99383 0.73206,-0.70131 0.72528,-1.145 -0.0351,-2.29727 -0.73865,-1.11934 -0.87205,-1.26612 -1.952,-2.14779 l -0.84964,-0.69366 0.51239,-0.41924 c 0.28181,-0.23059 0.70201,-0.57819 0.93378,-0.77245 0.23177,-0.19426 0.64187,-0.46721 0.91133,-0.60655 0.72683,-0.37586 1.05376,-0.76476 1.05376,-1.2535 0,-0.27566 0.26035,-0.69151 0.7071,-1.12942 0.4516,-0.44265 0.70711,-0.85281 0.70711,-1.13508 0,-0.24308 0.0994,-0.52189 0.22097,-0.61957 0.12154,-0.0977 0.4994,-0.40798 0.83969,-0.68956 0.3403,-0.28158 0.88352,-0.6476 1.20717,-0.81338 0.34862,-0.17858 0.69017,-0.54486 0.83802,-0.89873 0.13726,-0.32852 0.57674,-0.86019 0.97662,-1.1815 0.81116,-0.65179 1.22083,-1.31738 1.22083,-1.98348 0,-0.60874 0.85342,-1.52988 2.42208,-2.6143 1.00404,-0.69409 1.41709,-1.10988 1.74457,-1.75613 0.23599,-0.46569 0.58944,-0.93254 0.78544,-1.03744 0.19601,-0.1049 0.55458,-0.5047 0.79682,-0.88845 0.24225,-0.38374 0.76612,-0.91323 1.16415,-1.17663 0.67471,-0.4465 0.75541,-0.46118 1.19215,-0.2168 0.64137,0.35888 0.88829,1.20126 0.90243,3.07863 0.01,1.29202 0.1401,2.03944 0.69379,3.97747 0.47784,1.67258 0.71717,2.91531 0.80002,4.15425 0.19716,2.9481 0.79997,4.86316 1.96757,6.25078 0.65756,0.78147 1.6158,3.58478 1.92498,5.63152 0.14369,0.95123 0.46623,2.23059 0.71675,2.84301 0.36301,0.88745 0.43298,1.28313 0.34465,1.94903 -0.14373,1.08349 0.11367,1.99842 0.92978,3.30496 l 0.66033,1.05713 0.0951,3.45209 0.0951,3.45208 1.12124,2.29316 c 0.61669,1.26124 1.44762,2.84075 1.84652,3.51003 0.48428,0.81252 0.88857,1.84047 1.21669,3.09359 0.65175,2.48909 0.64024,2.81514 -0.13533,3.83119 -0.46955,0.61514 -0.6815,1.11484 -0.81179,1.91389 -0.097,0.59476 -0.24514,4.66112 -0.32924,9.03634 -0.14286,7.43148 -0.29789,10.23048 -0.60217,10.87177 -0.0692,0.14584 -0.60432,0.65213 -1.18915,1.1251 -1.14455,0.9256 -1.55871,1.6493 -1.55871,2.7236 0,0.90209 -0.72414,2.31198 -1.78191,3.46934 -0.93171,1.01945 -2.63883,3.77827 -3.7246,6.01925 -0.55722,1.15005 -0.68132,1.59893 -0.68423,2.47487 -0.002,0.58851 -0.0774,1.58093 -0.16766,2.20538 -0.12219,0.84531 -0.0996,1.43241 0.0886,2.29809 0.13897,0.63951 0.34441,2.6344 0.45652,4.4331 0.20914,3.35541 0.28046,3.70445 1.3726,6.71752 0.32964,0.90944 0.54629,1.85152 0.54883,2.38648 0.002,0.48614 0.1978,2.04336 0.43446,3.4605 0.42668,2.5551 0.44253,2.60072 1.89856,5.46571 0.99599,1.9598 1.39619,2.91313 1.24418,2.9638 -0.46357,0.15452 -1.46889,1.72995 -1.82103,2.85372 -0.26865,0.85732 -0.40224,1.93868 -0.50442,4.08299 -0.15923,3.34138 -0.29946,3.81455 -1.53703,5.18602 -1.27731,1.4155 -1.39005,1.78523 -1.38326,4.5367 0.01,4.06817 0.69177,5.60903 3.45668,7.81271 5.32995,4.24808 7.26702,5.69963 8.20253,6.14658 0.58337,0.27871 2.11893,0.79239 3.41237,1.1415 1.29345,0.34912 2.65691,0.79046 3.02992,0.98076 0.37301,0.19029 1.49124,0.6699 2.48494,1.06579 3.89516,1.55183 4.24785,1.87239 5.09906,4.63457 0.47477,1.54065 0.67232,1.90673 1.98246,3.67372 1.37361,1.85258 1.63888,2.47626 1.54332,3.62851 -0.0992,1.19603 -0.66629,2.31604 -1.72095,3.39879 -0.94774,0.97299 -1.31196,1.60235 -2.1392,3.69647 -0.9017,2.28262 -1.27082,2.7717 -3.28121,4.34763 -3.1844,2.49623 -3.68329,2.73002 -7.43327,3.48326 -3.12348,0.6274 -4.48864,0.45382 -7.22634,-0.91887 -1.85047,-0.92781 -3.22271,-0.77948 -4.4332,0.47923 -0.79784,0.82961 -1.30255,2.05105 -1.31155,3.17408 -0.008,1.03746 -0.50036,2.30005 -1.47616,3.78788 -1.92539,2.93566 -2.21483,4.38742 -1.45866,7.31618 0.24456,0.94721 0.66145,2.20529 0.92643,2.79573 l 0.48177,1.07353 -0.54513,0.54514 c -0.52568,0.52568 -0.57559,0.53871 -1.39932,0.36538 -0.4698,-0.0988 -1.55915,-0.3891 -2.42076,-0.645 -0.86161,-0.25591 -1.77643,-0.46475 -2.03293,-0.46411 -0.48754,0.002 -1.28942,0.44765 -1.66237,0.92551 -0.27637,0.35412 -1.53191,1.01786 -1.92539,1.01786 -0.16401,0 -0.58706,-0.33746 -0.94011,-0.74992 z"
       style="opacity:1;fill:#a0a0a0;fill-opacity:1;stroke:none;stroke-width:0.176777;stroke-linecap:butt;stroke-linejoin:round;stroke-miterlimit:4;stroke-dasharray:none;stroke-dashoffset:0;stroke-opacity:1" />
    <path
       inkscape:connector-curvature="0"
       id="San-Martín"
       d="m 354.90656,468.71524 c -0.25941,-0.20404 -0.68273,-0.78078 -0.94073,-1.28163 -0.40613,-0.78842 -0.47101,-1.13602 -0.48344,-2.59001 -0.013,-1.52172 -0.0662,-1.77896 -0.56656,-2.74004 -0.31659,-0.60809 -1.01296,-1.49972 -1.63203,-2.08965 -0.81595,-0.77754 -1.07981,-1.14901 -1.07981,-1.52019 0,-0.27017 -0.2372,-0.84127 -0.52711,-1.26911 -0.28991,-0.42785 -0.52856,-0.93273 -0.53033,-1.12196 -0.002,-0.18923 -0.21268,-0.64631 -0.46869,-1.01573 -0.25602,-0.36943 -0.61299,-1.20367 -0.79329,-1.85386 -0.18029,-0.6502 -0.42824,-1.24992 -0.55099,-1.33272 -0.12275,-0.0828 -0.51485,-0.10812 -0.87134,-0.0563 -2.17049,0.31573 -2.80127,1.01133 -2.79477,3.08198 0.002,0.73913 0.0755,1.65088 0.16252,2.02611 0.0871,0.37522 0.21259,1.33397 0.27894,2.13056 0.11524,1.38342 0.10026,1.47256 -0.3342,1.98889 -0.3242,0.38529 -0.77367,0.62973 -1.56479,0.85101 -0.61047,0.17075 -1.48516,0.50007 -1.94376,0.73183 -0.72828,0.36805 -1.08035,0.42138 -2.7817,0.42138 -1.07133,0 -2.28711,-0.076 -2.70172,-0.16892 -0.41461,-0.0929 -1.25471,-0.24787 -1.86689,-0.34436 -0.61219,-0.0965 -1.56678,-0.38906 -2.12133,-0.65018 -0.85915,-0.40455 -1.3089,-0.48704 -3.04119,-0.55782 -2.02974,-0.0829 -2.03392,-0.084 -2.66543,-0.68968 -0.38681,-0.37098 -0.88263,-0.64719 -1.27645,-0.7111 -0.79233,-0.12858 -2.1384,0.19344 -2.81119,0.67251 l -0.50252,0.35782 -0.34369,-0.41254 c -0.81572,-0.97914 -0.97265,-1.94095 -0.97585,-5.98101 l -0.003,-3.8007 -0.94947,-1.85616 c -1.38659,-2.71074 -2.14261,-3.73383 -4.51663,-6.1122 -1.92515,-1.92868 -2.29292,-2.21319 -3.8102,-2.94767 -0.92366,-0.44711 -2.63398,-1.15703 -3.8007,-1.57758 l -2.12132,-0.76464 -3.14102,0.0471 c -2.47687,0.0371 -3.24638,-0.007 -3.63933,-0.21063 -0.56073,-0.28996 -0.95873,-1.10625 -2.15335,-4.41641 -0.64511,-1.78756 -0.91811,-2.29422 -1.80976,-3.35876 -1.35489,-1.61762 -1.63016,-2.18128 -2.18049,-4.46493 -0.25008,-1.03775 -0.76414,-2.75063 -1.14234,-3.80641 -0.37821,-1.05578 -0.77861,-2.41452 -0.88979,-3.01942 l -0.20215,-1.09982 0.92276,-1.72585 c 0.71707,-1.34113 0.94115,-1.95191 1.00525,-2.74003 0.1155,-1.42024 -0.23756,-2.00038 -2.06097,-3.38645 -3.0402,-2.31102 -5.51357,-5.2232 -6.49062,-7.64211 -0.33073,-0.81881 -0.44862,-1.55738 -0.56716,-3.553 -0.1181,-1.98833 -0.24403,-2.78013 -0.59749,-3.75676 -0.24632,-0.68059 -0.80558,-2.25254 -1.24279,-3.49322 -1.03757,-2.94429 -1.42847,-3.72509 -2.40533,-4.80448 -1.30467,-1.44159 -1.72473,-2.06118 -2.58008,-3.80557 -0.98355,-2.00585 -1.76233,-5.00717 -1.60228,-6.17492 0.13852,-1.01058 0.70655,-2.23343 1.8459,-3.97384 0.95348,-1.45648 1.44158,-2.74516 1.44325,-3.81042 0.002,-1.08404 0.36396,-2.00964 1.05829,-2.70397 0.94037,-0.94038 1.65218,-0.91398 4.03518,0.14961 2.24716,1.00297 3.39529,1.17534 5.63942,0.84666 3.58625,-0.52525 6.00666,-1.34527 7.44098,-2.52096 0.55298,-0.45327 1.44293,-1.15175 1.97768,-1.55219 1.9917,-1.49145 2.59703,-2.29713 3.47157,-4.62057 0.6579,-1.74787 1.04621,-2.41414 2.08646,-3.57997 1.27562,-1.42961 1.75132,-2.44324 1.83648,-3.91322 0.0904,-1.56109 -0.13704,-2.16525 -1.50528,-3.99794 -1.34275,-1.79855 -1.669,-2.39942 -2.08235,-3.83525 -0.6283,-2.18244 -1.4727,-3.3015 -3.03795,-4.02609 -3.1629,-1.46418 -6.71166,-2.84302 -8.52214,-3.3112 -1.13184,-0.29268 -2.55783,-0.79124 -3.16887,-1.1079 -0.983,-0.50942 -5.25762,-3.7467 -8.22975,-6.23259 -1.95361,-1.63401 -2.45422,-2.74904 -2.70571,-6.0265 -0.16515,-2.15217 0.12692,-3.22539 1.21178,-4.45281 1.4098,-1.59506 1.58954,-2.15039 1.75774,-5.4306 0.16758,-3.26821 0.35157,-4.30631 0.94175,-5.31338 0.74657,-1.27392 0.83967,-1.28849 1.94397,-0.30425 1.28061,1.14139 3.62643,2.35506 5.89245,3.04861 1.00241,0.3068 2.9116,1.10877 4.24264,1.78215 3.04456,1.54027 5.24288,3.3693 6.79596,5.65433 1.2605,1.85457 1.64467,2.17119 3.21365,2.64858 0.68711,0.20907 1.68682,0.54376 2.22157,0.74375 0.70399,0.26329 1.65515,0.40216 3.44714,0.50327 9.48783,0.53538 10.27636,0.66294 12.25496,1.98242 0.64904,0.43283 1.42496,0.91172 1.72426,1.0642 0.71261,0.36304 1.99151,2.56484 2.61749,4.50639 0.68798,2.13386 3.06187,6.04856 4.1017,6.76398 1.2909,0.88816 4.41872,2.15038 5.36406,2.16464 0.9539,0.0144 3.43808,-1.05227 4.10569,-1.76291 0.21881,-0.23291 0.83869,-0.55164 1.3775,-0.70827 0.64916,-0.18872 1.15933,-0.48095 1.51223,-0.86623 0.34332,-0.37481 1.01874,-0.76864 1.90066,-1.10824 0.75244,-0.28974 1.70217,-0.77249 2.1105,-1.07278 1.34774,-0.99114 3.28295,-0.6563 5.15566,0.89205 0.37521,0.31022 1.19505,1.34179 1.82188,2.29238 1.37053,2.07843 3.72938,4.40106 5.3426,5.26056 0.89337,0.47598 1.55489,0.6604 3.32759,0.92771 2.02073,0.30471 2.30116,0.31067 3.23445,0.0688 0.69984,-0.18134 1.90904,-0.2648 3.83677,-0.2648 2.34099,0 3.03605,0.0633 4.12873,0.37594 0.97984,0.28036 2.0779,0.4075 4.31908,0.50011 1.65286,0.0683 3.1643,0.18843 3.35875,0.26695 0.19446,0.0785 1.4502,0.61938 2.79055,1.20189 2.16796,0.94219 2.58277,1.19525 3.75754,2.29236 1.32871,1.24087 2.96414,3.47744 3.6008,4.92437 0.20806,0.47287 0.4298,1.62676 0.56333,2.93153 l 0.22022,2.15172 -0.45829,1.03026 c -0.60274,1.35504 -0.66564,1.87579 -0.81829,6.77551 l -0.12943,4.15426 -0.66731,1.59099 c -0.9119,2.17412 -2.14788,6.01245 -2.39733,7.4449 -0.35879,2.06032 -1.22275,3.19694 -3.09147,4.06711 -1.21139,0.56408 -1.45964,0.54074 -1.61169,-0.15152 -0.1916,-0.87238 -0.53222,-1.28452 -2.17403,-2.6306 -0.83133,-0.68158 -1.61402,-1.38559 -1.73931,-1.56446 -0.77597,-1.10786 -5.64857,-4.06007 -7.46957,-4.52567 -2.35473,-0.60206 -6.43108,0.39245 -7.67681,1.87291 -0.25573,0.30393 -0.46497,0.65194 -0.46497,0.77338 0,0.12143 -0.20383,0.41228 -0.45297,0.64633 -0.61132,0.5743 -1.06832,1.36755 -1.2031,2.08831 -0.0728,0.38925 -0.47036,0.97973 -1.14578,1.70176 -1.21226,1.2959 -1.30922,1.6285 -1.15532,3.9631 0.085,1.28934 0.22997,1.96851 0.60685,2.84307 1.10344,2.56049 1.11407,3.60383 0.0543,5.32343 l -0.6814,1.10558 -0.002,2.22138 c -0.001,1.38809 -0.0924,2.49485 -0.24227,2.9504 -0.2318,0.70448 -0.20868,0.82058 0.68644,3.44715 0.50947,1.49496 1.18866,3.35451 1.50929,4.13233 0.32063,0.77782 0.75319,2.09038 0.96123,2.91681 0.23332,0.92683 0.70941,2.10061 1.24245,3.06323 0.4753,0.85835 0.99873,1.97204 1.16319,2.47488 0.16446,0.50283 0.45085,1.21652 0.63642,1.58597 0.18558,0.36945 0.57008,1.36382 0.85446,2.20971 1.48625,4.42099 3.9084,11.0322 4.64175,12.66961 0.21642,0.48322 0.73279,1.37641 1.14749,1.98486 0.4147,0.60846 1.02642,1.70409 1.35938,2.43473 0.33297,0.73064 0.92422,1.77367 1.3139,2.31784 0.89806,1.25414 1.13575,2.36438 1.05446,4.9253 -0.0596,1.87691 -0.0906,2.01473 -0.66665,2.96526 -0.33229,0.54828 -0.94658,1.28309 -1.3651,1.63293 -0.87021,0.72741 -3.2574,3.61932 -4.17028,5.05201 -0.68317,1.07218 -1.3733,2.86469 -1.3733,3.56695 0,0.25072 0.23864,1.01667 0.53033,1.70212 0.38973,0.91586 0.53033,1.52445 0.53033,2.29563 0,0.94081 -0.0568,1.10489 -0.54898,1.58609 -0.35354,0.34566 -0.93567,0.6414 -1.63523,0.83076 -0.59745,0.16172 -1.21246,0.38705 -1.3667,0.50072 -0.38975,0.28726 -0.69173,0.89954 -0.69173,1.40253 0,0.29658 -0.22774,0.58714 -0.75946,0.969 -0.65515,0.47049 -0.84026,0.75987 -1.34789,2.10709 -0.32365,0.85893 -0.66591,1.65884 -0.76057,1.77757 -0.0947,0.11874 -0.65429,0.45682 -1.2436,0.7513 -1.27428,0.63677 -2.18592,0.68931 -2.85318,0.16443 z"
       style="opacity:1;fill:#a0a0a0;fill-opacity:1;stroke:none;stroke-width:0.176777;stroke-linecap:butt;stroke-linejoin:round;stroke-miterlimit:4;stroke-dasharray:none;stroke-dashoffset:0;stroke-opacity:1" />
    <path
       inkscape:connector-curvature="0"
       id="Ucayali"
       d="m 528.74562,604.06512 c -0.4125,-0.25616 -1.52607,-1.15574 -2.47459,-1.99906 -2.12387,-1.88831 -2.91078,-2.02401 -3.58594,-0.61839 -0.24171,0.50321 -0.61893,1.02602 -0.83828,1.16181 -0.60741,0.37604 -1.63207,0.007 -2.72687,-0.98209 -0.54344,-0.49096 -2.18762,-1.52873 -3.65374,-2.30615 -2.37235,-1.25796 -2.77871,-1.57553 -3.69312,-2.88612 -0.68422,-0.98067 -0.92307,-1.50961 -0.71496,-1.58333 0.48749,-0.1727 0.36818,-0.75169 -0.24313,-1.17987 -0.81579,-0.5714 -1.56978,-0.48647 -1.88834,0.21269 -0.29446,0.64627 -4.37314,3.09363 -6.26632,3.76002 -0.5969,0.21011 -1.42116,0.66464 -1.83168,1.01007 -0.88336,0.7433 -1.37546,0.7666 -5.30651,0.25129 -2.78842,-0.36553 -2.91336,-0.36128 -4.1919,0.14267 -2.28165,0.89935 -3.85233,0.18953 -4.60611,-2.08158 -0.23901,-0.72013 -0.74708,-1.97047 -1.12903,-2.77853 -0.64132,-1.35675 -0.66538,-1.51359 -0.31444,-2.0492 0.31374,-0.47882 0.36505,-1.37827 0.29413,-5.1558 -0.0845,-4.49817 -0.0992,-4.60604 -0.87104,-6.35809 -0.43183,-0.98025 -0.91916,-2.44275 -1.08296,-3.25 -0.35226,-1.73598 -1.01314,-3.33915 -1.56388,-3.79367 -0.21723,-0.17928 -1.2917,-0.69852 -2.3877,-1.15385 -1.096,-0.45534 -2.94905,-1.40553 -4.11788,-2.11154 -1.16883,-0.70601 -2.30206,-1.28365 -2.51829,-1.28365 -0.25035,0 -0.49601,0.382 -0.67634,1.05169 -0.15576,0.57843 -0.59526,1.50656 -0.97669,2.0625 -0.38142,0.55595 -1.09195,1.80353 -1.57895,2.77241 -0.487,0.96887 -1.3737,2.36444 -1.97045,3.10126 -0.59675,0.73682 -1.46052,1.84062 -1.91949,2.45288 l -0.8345,1.1132 -3.42529,-0.17735 c -3.56754,-0.18472 -4.69043,0.0117 -5.79832,1.01435 -0.3111,0.28154 -1.26053,0.3936 -3.90866,0.46133 -3.65044,0.0934 -4.24881,0.24398 -5.26195,1.32441 -0.55857,0.59567 -0.59159,0.59921 -4,0.42892 -1.89023,-0.0944 -3.61331,-0.2624 -3.82906,-0.37325 -0.21575,-0.11084 -0.76587,-0.93757 -1.22248,-1.83717 -0.74584,-1.46943 -0.81371,-1.77595 -0.66792,-3.01645 0.12448,-1.05909 0.042,-1.73785 -0.35393,-2.9132 -0.54359,-1.61362 -0.50736,-2.21553 0.13336,-2.21553 0.32676,0 1.25699,-0.40767 3.37825,-1.4805 0.20625,-0.10431 0.57455,-0.60517 0.81844,-1.11303 0.2439,-0.50785 0.6939,-1.02508 1,-1.1494 0.30611,-0.12431 1.06281,-0.57003 1.68156,-0.99048 0.61875,-0.42045 1.33081,-0.76493 1.58236,-0.76552 0.25155,-5e-4 1.0953,-0.65646 1.875,-1.45749 1.06954,-1.09879 1.84735,-1.63168 3.16764,-2.1702 2.26612,-0.92432 2.875,-1.46889 2.875,-2.57137 0,-1.15308 -1.45774,-2.63672 -2.99826,-3.05154 -1.18929,-0.32025 -2.89365,-1.36974 -4.17185,-2.5689 -0.49674,-0.46602 -1.37682,-2.00823 -2.34522,-4.10965 l -1.55011,-3.3637 0.1774,-2.64823 c 0.0976,-1.45652 0.35,-3.07962 0.56097,-3.60687 0.28877,-0.72171 0.35611,-1.59134 0.27245,-3.51839 -0.10037,-2.31194 -0.21557,-2.81384 -1.19005,-5.18473 -0.97475,-2.37153 -1.09686,-2.90371 -1.26454,-5.51136 -0.1553,-2.41512 -0.31256,-3.18471 -0.9632,-4.71368 -0.42767,-1.00502 -0.78026,-1.95616 -0.78353,-2.11364 -0.0158,-0.76069 -1.25747,-3.18485 -2.26488,-4.42168 -0.73043,-0.89677 -1.37458,-2.08299 -1.83209,-3.37384 -1.24487,-3.51238 -1.98838,-4.72395 -3.78005,-6.15971 -0.89832,-0.71986 -1.69809,-1.56698 -1.77728,-1.88247 -0.10562,-0.42083 -0.32361,-0.57362 -0.81839,-0.57362 -0.64975,0 -0.68992,-0.0808 -1.09803,-2.20975 -0.57766,-3.01338 -0.36087,-6.39866 0.52287,-8.16498 0.52058,-1.04046 0.64599,-1.71908 0.74897,-4.05276 0.0756,-1.71325 0.005,-3.40569 -0.18125,-4.35308 l -0.30495,-1.55003 1.2068,-1.0222 c 2.48225,-2.10256 2.3892,-1.89005 2.25178,-5.14238 -0.0669,-1.5839 -0.19991,-3.23794 -0.29554,-3.67564 -0.16911,-0.77401 -0.13208,-0.81691 1.35205,-1.56609 0.83926,-0.42366 2.2853,-0.94604 3.21342,-1.16086 0.92813,-0.21481 1.88438,-0.56813 2.12501,-0.78515 0.4663,-0.42056 0.58046,-1.31223 0.21823,-1.70458 -0.1206,-0.13063 -0.41205,-0.83162 -0.64767,-1.55776 -0.52738,-1.62532 -1.41166,-2.71376 -2.46163,-3.02997 -0.43804,-0.13192 -1.6107,-0.53237 -2.60591,-0.8899 -2.34799,-0.84351 -5.45003,-1.10928 -6.75475,-0.57872 -1.16555,0.47397 -3.12075,0.94385 -3.92738,0.94385 -0.63581,0 -3.40229,1.77199 -4.84476,3.10316 -0.46,0.42451 -1.15523,1.23063 -1.54495,1.79138 -0.48757,0.70153 -1.20143,1.26357 -2.28864,1.80188 -0.86902,0.43028 -2.01373,1.14254 -2.54379,1.58279 -0.85068,0.70655 -0.9479,0.89811 -0.82866,1.63288 0.1149,0.70802 -0.0801,1.16018 -1.3051,3.0257 -0.87934,1.33915 -2.09827,2.77104 -3.13005,3.6769 -1.17998,1.03596 -1.91925,1.94025 -2.45006,2.99696 -1.32575,2.63923 -2.9819,5.2202 -4.22833,6.58949 -0.73207,0.80422 -1.3197,1.73892 -1.49312,2.375 -0.90644,3.32462 -0.98947,3.4069 -3.63996,3.60667 -1.66586,0.12556 -2.28879,0.31526 -4.13926,1.26054 -2.86357,1.4628 -3.83463,2.35334 -4.27078,3.9166 l -0.34454,1.23495 -1.4782,-0.0552 c -0.813,-0.0304 -1.76799,-0.1126 -2.12218,-0.18276 -0.74557,-0.14768 -2.09063,-1.81652 -3.10864,-3.85694 -0.37731,-0.75625 -1.17239,-1.825 -1.76683,-2.375 -0.71772,-0.66406 -1.469,-1.79221 -2.23635,-3.35817 -1.09515,-2.2349 -1.14153,-2.41384 -0.88737,-3.4232 0.1475,-0.58577 0.26818,-1.41346 0.26818,-1.8393 0,-1.4454 -1.39841,-3.47716 -2.65471,-3.85704 -0.66375,-0.2007 -2.62301,-4.09035 -2.78136,-5.52173 -0.0736,-0.66486 0.0734,-1.46189 0.43789,-2.37556 1.07334,-2.69032 0.52815,-4.88189 -1.66008,-6.67321 -0.63948,-0.52349 -1.4561,-1.19677 -1.81471,-1.49619 l -0.65203,-0.54441 0.8394,-0.87025 c 0.46167,-0.47864 0.91523,-1.24616 1.00791,-1.7056 0.14852,-0.73632 0.41324,-0.96614 2.23315,-1.93878 1.16941,-0.62499 2.91304,-1.8716 4.02125,-2.875 1.07613,-0.97436 2.82566,-2.31986 3.88784,-2.99001 1.44684,-0.91282 2.14205,-1.54798 2.77168,-2.53225 0.46224,-0.72259 1.30285,-1.68004 1.86802,-2.12767 l 1.02758,-0.81386 0.80849,0.78361 c 0.44466,0.43099 0.98342,0.78362 1.19723,0.78362 0.21382,0 1.01765,0.66984 1.7863,1.48854 1.49597,1.59337 3.45618,2.76146 4.63412,2.76146 0.81608,0 1.9356,-0.77082 2.1638,-1.48984 0.20354,-0.64129 -1.2694,-3.22424 -2.03846,-3.57465 -0.50559,-0.23036 -2.19396,-2.44291 -3.26713,-4.28145 -0.16984,-0.29098 -0.31047,-1.05178 -0.3125,-1.69066 -0.003,-1.01153 0.10676,-1.25857 0.8511,-1.91211 0.51949,-0.45612 1.27948,-0.8211 1.9375,-0.93046 1.90181,-0.31609 2.82032,-1.03669 4.29661,-3.37083 0.74132,-1.17208 1.77727,-1.49963 3.62368,-1.14572 0.77684,0.14889 2.76243,0.25268 4.41243,0.23064 l 3,-0.0401 3.5,-1.74524 c 1.925,-0.95988 4.11875,-2.03496 4.875,-2.38906 0.75625,-0.3541 1.69213,-0.90071 2.07974,-1.21469 0.64202,-0.52005 1.03491,-0.58303 4.41399,-0.7076 l 3.70924,-0.13673 2.33601,-1.18544 c 1.28481,-0.65198 2.89852,-1.63712 3.58602,-2.18919 0.6875,-0.55207 1.6544,-1.21609 2.14867,-1.47561 0.49427,-0.25951 1.26348,-0.88733 1.70936,-1.39516 0.73488,-0.83698 0.80076,-1.04293 0.70442,-2.20223 -0.0679,-0.81743 0.057,-1.78744 0.34631,-2.68824 0.41881,-1.30418 0.42378,-1.50939 0.0666,-2.75 -0.46798,-1.62558 -0.46077,-1.4732 -0.22415,-4.73502 0.15754,-2.17173 0.12406,-2.7526 -0.18733,-3.25 -0.27166,-0.43394 -0.3842,-1.33866 -0.39698,-3.19125 -0.016,-2.32386 -0.0783,-2.66552 -0.61514,-3.375 -0.53359,-0.70518 -0.77127,-1.43858 -0.98503,-3.03939 -0.0533,-0.39935 0.18487,-0.5824 1.18324,-0.90934 2.61958,-0.85784 2.70209,-0.85111 4.07585,0.33238 0.68755,0.59233 1.84328,1.56192 2.5683,2.15465 l 1.3182,1.0777 2.51883,-0.0444 c 5.56905,-0.0981 6.58707,-10e-4 7.42588,0.70431 0.42264,0.35562 1.23519,0.72914 1.80568,0.83003 0.57049,0.10089 1.65601,0.41251 2.41226,0.69249 0.75625,0.27998 1.89865,0.57691 2.53867,0.65984 0.73473,0.0952 1.42586,0.38489 1.875,0.78589 2.23141,1.9923 2.12003,1.82096 1.94452,2.99135 -0.21328,1.42227 0.52582,2.71079 3.1011,5.40631 2.46317,2.57817 2.80004,2.8014 5.95653,3.94721 2.20351,0.79987 2.87414,1.17267 3.90136,2.16872 1.32674,1.2865 2.16842,2.78443 2.17733,3.875 0.005,0.61416 -0.097,0.68581 -1.18201,0.83005 -3.8025,0.50549 -4.29017,1.2842 -2.50368,3.99777 0.73722,1.11978 0.99363,1.30488 2.46133,1.77677 0.9011,0.28972 1.9286,0.71693 2.28333,0.94936 1.07779,0.7062 1.90209,2.158 2.16627,3.81539 0.13514,0.84783 0.43039,1.89866 0.65612,2.33517 0.28503,0.55118 0.36094,1.08652 0.24846,1.75226 -0.20488,1.21266 0.0938,1.78632 1.75512,3.37105 1.25258,1.19484 1.31775,1.32171 1.47676,2.875 0.0941,0.91891 0.44245,2.19825 0.80178,2.94429 0.69889,1.45104 1.31416,1.85796 4.79593,3.17182 1.53248,0.57829 1.98835,0.89184 2.8125,1.93447 0.54097,0.68437 0.9899,1.48734 0.99763,1.78437 0.0982,3.77476 0.19077,4.72342 0.56814,5.82571 0.24209,0.70711 0.82614,1.68308 1.29789,2.16883 1.0748,1.10668 3.60394,2.3438 5.24492,2.56552 0.6875,0.0929 1.43526,0.26476 1.66169,0.38193 0.53693,0.27783 3.90851,6.44778 4.36692,7.99141 0.21359,0.71925 0.64968,1.44241 1.0966,1.81847 0.65761,0.55333 3.15283,1.66318 3.73927,1.66318 0.1214,0 0.28901,0.75937 0.37248,1.6875 0.0835,0.92812 0.33439,2.025 0.5576,2.4375 1.03271,1.90847 1.1228,2.17273 0.96281,2.82422 -0.0913,0.37168 -0.82818,1.29453 -1.63757,2.05078 -1.9793,1.84934 -3.2448,3.66793 -3.2448,4.66294 0,0.66553 -0.16824,0.88814 -1.0711,1.41726 -0.95907,0.56204 -1.91685,1.48455 -3.95149,3.80594 -0.35618,0.40637 -0.95574,0.96386 -1.33236,1.23886 -0.66385,0.48473 -1.7526,2.99873 -1.4857,3.43058 0.0661,0.10693 5.14058,0.19442 11.27665,0.19442 h 11.1565 l 1.69082,0.875 c 1.90931,0.98806 2.45519,1.05773 3.49146,0.44559 0.70258,-0.41502 0.73936,-0.41166 1.09807,0.10048 0.20413,0.29144 0.8751,0.7016 1.49104,0.91147 0.64668,0.22035 1.45116,0.75889 1.90389,1.27452 0.83835,0.95482 1.48041,1.12259 1.98222,0.51794 0.35409,-0.42665 1.14418,-0.49848 1.375,-0.125 0.23419,0.37892 1.2731,0.29901 1.625,-0.125 0.40063,-0.48274 0.79708,-0.46855 2.625,0.094 1.13715,0.34993 1.62095,0.65027 2,1.2416 0.32143,0.50144 0.83481,0.87441 1.4375,1.04436 0.64764,0.18262 0.9375,0.4065 0.9375,0.7241 0,0.25287 0.17092,0.60161 0.37983,0.77499 0.26354,0.21872 0.33405,0.5593 0.23029,1.1124 -0.12906,0.68794 -0.03,0.90214 0.72296,1.56325 0.47989,0.42135 1.03032,1.06725 1.22318,1.43534 0.33379,0.63707 0.3048,0.71511 -0.6028,1.62271 -1.01062,1.01062 -1.1799,1.74179 -0.66493,2.87202 0.40129,0.88074 1.34938,1.4486 2.96147,1.77376 1.22448,0.24699 1.40375,0.36435 1.63768,1.07212 0.14448,0.43712 0.39761,0.92968 0.5625,1.09457 0.1649,0.1649 0.29982,0.62221 0.29982,1.01625 0,0.39404 0.1229,0.94608 0.27311,1.22676 0.22976,0.42931 0.1504,0.63692 -0.5,1.30796 -0.94005,0.96989 -0.96778,1.54222 -0.13421,2.77055 l 0.6389,0.94148 -0.5139,0.54702 c -0.64681,0.6885 -0.65572,1.43396 -0.024,2.00568 0.50729,0.4591 1.76007,0.37322 1.76007,-0.12064 0,-0.15819 6.8263,-0.24524 19.23185,-0.24524 h 19.23186 l 0.47884,-0.60875 c 0.47616,-0.60534 0.48159,-0.606 0.97059,-0.117 0.55388,0.55388 1.9976,0.8651 2.92886,0.63137 0.41725,-0.10472 0.71008,-0.43091 0.89798,-1.00028 0.3942,-1.19441 0.99884,-1.64418 2.53723,-1.88737 1.14916,-0.18166 1.47706,-0.36767 2.29592,-1.30245 0.52541,-0.59979 1.13334,-1.42802 1.35096,-1.84052 0.49017,-0.92912 0.76466,-1.11632 1.64399,-1.12117 0.46304,-0.003 1.07045,-0.35167 1.82997,-1.05177 0.97949,-0.90286 1.3428,-1.07223 2.62414,-1.22331 1.79716,-0.2119 2.06099,-0.41254 3.00719,-2.28695 1.04124,-2.06269 3.82092,-4.76491 5.33859,-5.18984 0.84218,-0.23579 1.25663,-0.51774 1.52558,-1.03785 0.20312,-0.39276 0.4512,-0.71411 0.5513,-0.71411 0.10012,0 0.8409,-0.62808 1.6462,-1.39572 0.8053,-0.76765 1.93147,-1.59603 2.5026,-1.84085 0.57115,-0.24481 1.19852,-0.63801 1.39417,-0.87378 0.19568,-0.23576 0.901,-0.70494 1.56738,-1.04263 0.75172,-0.38092 1.46937,-1.00312 1.8907,-1.63919 0.3735,-0.56388 0.97897,-1.34672 1.34547,-1.73964 0.60985,-0.65381 0.7689,-0.70098 1.875,-0.55608 0.66475,0.0871 1.23505,0.17828 1.26735,0.20266 0.1584,0.11959 -0.90362,1.84125 -1.50287,2.43637 -0.37448,0.37187 -0.68085,0.94872 -0.68085,1.28188 0,0.61964 -0.39018,1.06774 -1.33918,1.53797 -0.69302,0.3434 -0.87777,1.97492 -0.29635,2.61738 0.21868,0.24162 0.32768,0.62148 0.24225,0.84413 -0.21332,0.55591 0.66675,1.90177 1.8824,2.87871 0.55598,0.44679 1.01088,0.95467 1.01088,1.12861 0,0.17395 -0.225,0.78196 -0.5,1.35114 -0.275,0.56919 -0.5,1.15141 -0.5,1.29382 0,0.14241 -0.79113,0.65734 -1.75805,1.14427 -2.5771,1.29781 -2.73985,1.65626 -2.74103,6.03647 v 3.54053 l -1.0625,0.16445 c -1.9612,0.30355 -2.6742,0.65412 -3.58097,1.76072 -0.4927,0.60128 -1.49783,1.43298 -2.23363,1.84824 -3.08317,1.74003 -3.95997,3.21596 -3.40375,5.72952 0.58795,2.65696 0.62378,3.32673 0.22148,4.1391 -0.2116,0.4273 -0.57183,1.30199 -0.80045,1.94374 -0.22865,0.64175 -0.86058,1.6722 -1.4043,2.28988 -0.5437,0.61768 -1.32133,1.94886 -1.72806,2.95818 -0.50152,1.24455 -1.0499,2.11671 -1.70402,2.71012 -0.53048,0.48125 -1.39508,1.49375 -1.92133,2.25 -0.52625,0.75625 -1.61978,1.97931 -2.43008,2.71792 -0.8103,0.73861 -1.69502,1.77759 -1.96604,2.30885 -0.27103,0.53125 -0.7577,1.1395 -1.08148,1.35165 -0.32379,0.21216 -2.98254,1.16476 -5.90833,2.11689 -3.58639,1.16711 -5.53171,1.92885 -5.97058,2.33791 -0.35802,0.33372 -1.77596,1.08076 -3.15096,1.6601 -3.28404,1.38368 -3.86856,1.75944 -6.31922,4.06227 -1.13807,1.06943 -2.27719,1.94441 -2.53139,1.94441 -0.25419,0 -1.09813,0.28125 -1.87541,0.625 -0.77728,0.34375 -1.7194,0.6261 -2.0936,0.62744 -0.82715,0.003 -3.09021,1.02562 -3.72145,1.68167 -0.25241,0.26234 -0.81096,0.87279 -1.24121,1.35657 l -0.78229,0.87959 -2.84271,0.15008 c -1.97801,0.10442 -3.40065,0.043 -4.6769,-0.20176 -1.71137,-0.32828 -1.94339,-0.45399 -3.46498,-1.87736 -2.36935,-2.21641 -2.8548,-2.39985 -5.34295,-2.01896 -1.11474,0.17065 -2.18879,0.37244 -2.38679,0.44841 -1.31029,0.50281 -0.88996,2.98862 0.89516,5.29394 1.75431,2.26552 1.77066,2.52591 0.36737,5.8505 -0.65096,1.54219 -1.57137,3.50952 -2.04536,4.37184 -0.80865,1.47116 -0.85086,1.66211 -0.68443,3.09608 l 0.17737,1.52822 -0.9656,-0.14739 c -0.53109,-0.0811 -2.49811,-0.22348 -4.37117,-0.31647 l -3.40557,-0.16907 -1.20119,0.91718 c -0.66066,0.50445 -1.49066,0.98051 -1.84444,1.0579 -2.8318,0.61952 -5.84947,1.95194 -7.37574,3.25669 -1.13965,0.97424 -1.26501,0.99482 -2.2675,0.37227 z"
       style="opacity:1;fill:#a0a0a0;fill-opacity:1;stroke:none;stroke-width:0.25;stroke-linecap:butt;stroke-linejoin:round;stroke-miterlimit:4;stroke-dasharray:none;stroke-dashoffset:0;stroke-opacity:1" />
    <path
       inkscape:connector-curvature="0"
       id="Loreto"
       d="m 363.58385,463.69327 c -0.94717,-0.767 -0.72994,-1.3044 0.63783,-1.57794 0.54396,-0.10883 1.42232,-0.53864 1.95191,-0.95523 0.80948,-0.63675 0.96288,-1.02807 0.96288,-2.45635 0,-0.93441 -0.2484,-2.29343 -0.552,-3.02006 -0.52854,-1.26497 -0.5141,-1.39826 0.33967,-3.13676 0.49043,-0.99861 2.07389,-3.11325 3.51882,-4.69922 3.04495,-3.34214 3.56647,-4.58035 3.32874,-7.90301 -0.13915,-1.94472 -0.40485,-2.75828 -1.45815,-4.46474 -0.70839,-1.14771 -1.28799,-2.21403 -1.28799,-2.36959 0,-0.1556 -0.48601,-0.98931 -1.08004,-1.85269 -0.59748,-0.8684 -2.41453,-5.24086 -4.06689,-9.78639 -1.64277,-4.51916 -3.44744,-9.17125 -4.01038,-10.33797 -0.56295,-1.16673 -1.7819,-4.26916 -2.70877,-6.8943 -1.47706,-4.18335 -1.69433,-5.16605 -1.75878,-7.95495 -0.0623,-2.69619 0.0545,-3.46203 0.76525,-5.01624 1.0205,-2.2316 1.0343,-2.77029 0.13187,-5.14462 -0.38881,-1.02297 -0.70701,-2.71399 -0.70711,-3.75782 -1.5e-4,-1.60473 0.16365,-2.08446 1.06048,-3.1059 0.58337,-0.66441 1.06066,-1.49295 1.06066,-1.8412 0,-0.34824 0.39775,-1.00683 0.88389,-1.46354 0.48613,-0.4567 0.88388,-1.03719 0.88388,-1.28998 0,-0.74813 1.9819,-1.55203 4.37792,-1.77577 2.08568,-0.19477 2.40126,-0.12219 4.67462,1.07505 2.94103,1.54886 7.57595,5.46474 8.17316,6.90521 0.23755,0.57297 0.59863,1.14481 0.8024,1.27075 0.63754,0.39402 2.86594,-0.56131 4.27164,-1.83127 1.06686,-0.96385 1.43244,-1.62594 1.75457,-3.17761 0.2238,-1.07805 1.10597,-3.97136 1.96039,-6.42959 1.47583,-4.24612 1.5537,-4.66794 1.55797,-8.43982 0.003,-2.80455 0.17047,-4.38514 0.56976,-5.38307 0.46704,-1.16723 0.50451,-1.86746 0.21564,-4.02925 -0.6052,-4.52913 -3.76879,-8.40224 -8.73586,-10.69514 -3.34014,-1.54188 -6.92851,-1.99615 -16.44023,-2.08127 -3.2085,-0.0287 -6.31093,-0.173 -6.89429,-0.32065 -1.52633,-0.3863 -4.45027,-2.75288 -5.82438,-4.71412 -1.74419,-2.48944 -2.85956,-3.61628 -4.3262,-4.37068 -1.65249,-0.85 -3.47259,-0.86283 -4.56259,-0.0322 -0.46375,0.35341 -1.40003,0.85979 -2.08062,1.12529 -0.68059,0.2655 -1.68716,0.85139 -2.23683,1.30198 -0.54967,0.45059 -1.18607,0.82214 -1.41422,0.82568 -0.22815,0.004 -1.11492,0.48084 -1.97062,1.06066 -1.98255,1.3434 -3.3646,1.34693 -6.00244,0.0154 -1.77907,-0.89808 -2.25043,-1.36528 -3.47781,-3.44715 -0.78089,-1.32454 -1.6218,-3.04466 -1.86868,-3.82248 -0.84431,-2.66004 -2.04919,-4.27452 -4.16071,-5.57516 -2.67155,-1.64561 -3.92022,-1.92806 -9.80461,-2.21778 -3.69153,-0.18176 -5.62889,-0.45642 -7.62147,-1.08054 -2.46471,-0.772 -2.76923,-0.97674 -3.93024,-2.6425 -2.37375,-3.40576 -6.59911,-6.15673 -12.41982,-8.08607 -3.63558,-1.20505 -4.9875,-2.44443 -7.01476,-6.43078 -1.41892,-2.79013 -1.79781,-3.93994 -2.09706,-6.36396 -0.20089,-1.62719 -0.75436,-4.23133 -1.22993,-5.78696 -0.8846,-2.89357 -1.66173,-9.51929 -1.57565,-13.43376 0.0387,-1.7596 0.2984,-2.59276 1.52754,-4.90045 0.81451,-1.52922 2.00204,-3.38944 2.63895,-4.13382 1.21444,-1.41936 2.20073,-3.42072 2.20073,-4.46568 0,-0.33918 0.61435,-1.25911 1.36522,-2.04429 1.30099,-1.36043 1.38416,-1.58879 1.76777,-4.85408 0.2214,-1.88457 0.40608,-6.49845 0.41041,-10.25305 0.007,-6.23087 0.0682,-6.90369 0.69924,-7.71044 1.36852,-1.74955 0.84334,-4.39955 -1.97537,-9.9674 -1.88567,-3.72481 -1.91371,-3.82591 -1.91371,-6.89952 0,-2.54657 -0.14234,-3.37803 -0.77521,-4.5283 -0.42637,-0.77493 -0.88982,-2.28402 -1.02989,-3.35352 -0.14007,-1.0695 -0.43818,-2.66049 -0.66248,-3.53553 -0.2243,-0.87505 -0.56315,-2.30694 -0.753,-3.18198 -0.18985,-0.87505 -0.65658,-2.18762 -1.03718,-2.91682 -0.38059,-0.7292 -1.01817,-1.94476 -1.41684,-2.70123 -0.43341,-0.8224 -0.84859,-2.56376 -1.03261,-4.33102 -0.16927,-1.6256 -0.49259,-3.43293 -0.71848,-4.01629 -0.2259,-0.58337 -0.55008,-2.25391 -0.72042,-3.71231 -0.17033,-1.45841 -0.3561,-2.94737 -0.41282,-3.30879 -0.10813,-0.689 1.81984,-1.37736 43.89667,-15.67283 l 13.24067,-4.49847 14.61884,-10.77679 14.61885,-10.7768 13.03469,-15.1129 13.0347,-15.11289 3.58787,-13.19357 c 1.97333,-7.256458 3.76123,-13.787873 3.97311,-14.514252 l 0.38525,-1.320688 1.50452,1.38682 1.50452,1.386817 1.8882,-0.538002 c 1.03851,-0.295903 2.28595,-0.648912 2.77208,-0.784468 0.78584,-0.219118 0.87796,-0.421704 0.83046,-1.826223 -0.0772,-2.281487 -0.93689,-5.53671 -2.03369,-7.700241 -0.52359,-1.032811 -0.87407,-2.146504 -0.77886,-2.474873 0.0952,-0.32837 0.26519,-1.233432 0.37772,-2.01125 0.11254,-0.777817 0.41073,-1.573312 0.66264,-1.767766 0.45807,-0.353573 1.64884,-3.601045 1.64884,-4.496696 0,-0.873824 -3.80497,-4.12651 -6.09022,-5.206241 -3.42934,-1.620282 -4.01533,-2.538938 -4.8614,-7.62118 -0.67453,-4.051836 -0.73308,-4.165413 -2.39529,-4.646666 -0.82284,-0.238236 -1.86409,-0.860989 -2.31387,-1.383895 -0.63025,-0.732703 -1.15799,-0.95966 -2.30122,-0.989637 -1.3595,-0.03565 -1.48344,-0.117228 -1.48344,-0.976459 0,-0.810707 0.23622,-1.014825 1.74581,-1.508589 0.9602,-0.314064 1.82905,-0.571025 1.93079,-0.571025 0.10174,0 1.08256,0.731097 2.17962,1.62466 1.83813,1.497178 2.10969,1.6085 3.4609,1.41872 0.80645,-0.113268 2.10266,-0.26616 2.88048,-0.339761 4.44622,-0.420724 7.58273,-1.965231 8.46408,-4.167956 0.74907,-1.87211 1.76746,-2.350772 3.02436,-1.421507 0.53558,0.395979 1.78087,1.109307 2.76729,1.585174 1.84301,0.889098 3.42405,2.102118 7.32424,5.619409 2.57671,2.323737 3.43071,2.629738 6.02622,2.159285 1.10611,-0.200489 2.10797,-0.211243 2.43867,-0.02618 0.3087,0.172761 1.05017,1.34885 1.64771,2.613532 0.59753,1.264681 1.30813,2.384496 1.5791,2.488478 0.27097,0.103981 0.49267,0.637785 0.49267,1.18623 0,1.495389 1.52365,2.566107 3.23916,2.276272 1.62107,-0.273877 2.97098,0.431025 4.1664,2.175615 1.28084,1.86926 4.75809,4.728336 5.75069,4.728336 1.1934,0 2.47667,1.474741 2.56618,2.949074 0.0405,0.667806 0.4223,1.657339 0.84834,2.198961 0.67008,0.851877 0.74386,1.256586 0.54672,2.999062 -0.22048,1.948786 -0.18672,2.059862 1.03796,3.415439 0.69622,0.770626 1.98723,1.85712 2.86891,2.414427 0.88168,0.557306 1.59514,1.100883 1.58546,1.207947 -0.01,0.107066 -0.80291,0.831059 -1.76274,1.608876 -0.95984,0.777818 -1.74741,1.583322 -1.75017,1.790009 -0.003,0.206687 0.47227,0.833074 1.05564,1.391972 0.58336,0.558897 1.06066,1.195293 1.06066,1.414213 0,1.122118 5.5508,4.808026 7.58614,5.037439 1.13546,0.12798 1.5703,0.0077 2.10389,-0.581902 1.2907,-1.426207 3.39144,-0.477047 3.39144,1.532328 0,0.965392 0.28669,1.40972 1.60836,2.492725 1.30098,1.066055 1.79084,1.272803 2.56326,1.081824 2.03608,-0.503414 2.74066,-0.555122 3.22054,-0.23634 0.42252,0.280672 0.40412,0.528283 -0.12156,1.636068 l -0.61943,1.305344 1.18223,1.018959 c 2.03644,1.755212 4.52086,3.237162 5.07225,3.025572 0.30904,-0.11859 0.52938,-0.64923 0.52938,-1.2749 0,-0.67511 0.18042,-1.071758 0.4875,-1.071758 1.09028,0 4.5498,2.514578 6.73399,4.894648 2.17076,2.36543 2.32445,2.64218 2.32445,4.18544 0,1.58076 0.1169,1.77265 2.69185,4.41865 l 2.69185,2.76614 -0.61629,0.97156 c -0.33897,0.53436 -0.98333,1.36931 -1.43192,1.85545 -1.01827,1.10349 -1.56772,2.52434 -1.56772,4.05406 0,0.92473 0.27005,1.39719 1.24988,2.18669 0.68744,0.5539 1.93825,1.60371 2.77958,2.33292 0.92397,0.80083 1.89416,1.32582 2.45012,1.32582 0.51855,0 1.44789,0.46311 2.12846,1.06066 1.36645,1.19977 2.18216,1.32406 3.11991,0.47541 0.35568,-0.32188 1.5354,-0.88527 2.62161,-1.25197 1.90585,-0.64342 2.02022,-0.64459 3.27023,-0.0335 1.02548,0.50134 1.27549,0.81187 1.20012,1.49069 -0.0573,0.51599 0.24127,1.21995 0.74973,1.76777 0.46471,0.50068 1.12594,1.35316 1.4694,1.89439 0.59637,0.93975 0.59647,1.04616 0.002,2.36401 -0.71058,1.57579 -0.56422,2.99977 0.52867,5.14341 1.23261,2.41769 0.76474,5.82743 -0.79962,5.82743 -0.44769,0 -1.18758,0.26169 -1.64421,0.58152 -0.75669,0.53001 -0.81334,0.76784 -0.63952,2.68476 0.27353,3.01651 1.87463,4.5992 3.88103,3.83637 1.13159,-0.43024 1.37564,-0.1859 0.88653,0.88758 -0.28519,0.6259 -0.27596,1.09156 0.0351,1.77438 0.36643,0.80423 0.57116,0.89644 1.55936,0.70235 0.62564,-0.12289 1.31417,-0.45994 1.53006,-0.749 0.2159,-0.28906 0.63454,-0.52557 0.93031,-0.52557 0.59783,0 2.46277,2.24801 2.75144,3.31659 0.10186,0.37704 0.60154,0.99637 1.1104,1.37629 0.80307,0.59958 1.08973,0.63647 2.1715,0.27946 0.68545,-0.22622 1.98538,-1.06189 2.88872,-1.85705 l 1.64244,-1.44573 1.03569,1.19815 1.03568,1.19815 0.71928,-0.84558 c 0.81161,-0.95413 0.75917,-0.97377 1.54959,0.58042 0.973,1.9132 2.16752,1.30763 3.73797,-1.89501 l 1.00461,-2.0487 1.15885,1.30894 c 1.02267,1.15513 1.34855,1.30747 2.77318,1.29641 0.88787,-0.007 2.01207,-0.2399 2.4982,-0.5178 1.25065,-0.71493 3.04455,-0.66373 3.60388,0.10286 1.12019,1.53529 2.62251,2.19524 4.99729,2.19524 2.07572,0 2.46103,-0.11923 3.87627,-1.19951 l 1.57144,-1.19951 1.0189,0.83324 c 1.66087,1.35824 2.34688,1.13048 3.85897,-1.28122 0.73793,-1.17694 1.62335,-2.29063 1.9676,-2.47487 0.95871,-0.51309 2.75248,-0.39933 3.84084,0.24358 1.8903,1.11663 4.25619,-0.0632 4.25619,-2.12243 0,-0.24746 0.39097,-0.78988 0.86883,-1.20537 0.47785,-0.41549 1.2003,-1.40519 1.60544,-2.19933 0.43786,-0.85826 1.1251,-1.59063 1.69444,-1.80569 1.28778,-0.48644 2.90236,-2.06932 2.90236,-2.84539 0,-0.65997 1.16085,-1.49602 1.5445,-1.11237 0.1228,0.1228 0.22327,0.72586 0.22327,1.34015 0,0.71033 0.29785,1.3967 0.81828,1.88562 1.03308,0.97053 1.15672,0.96305 2.17101,-0.13139 l 0.83421,-0.90013 1.26493,1.30246 c 1.18399,1.21912 1.36605,1.28861 2.84496,1.0859 1.17504,-0.16106 1.72012,-0.0765 2.12662,0.33002 0.72653,0.72654 0.68915,1.10817 -0.16052,1.6388 -0.93389,0.58322 -0.8921,1.05806 0.20821,2.36569 1.21178,1.44013 2.28947,1.41848 3.04994,-0.0613 0.32479,-0.63198 0.65412,-1.46725 0.73186,-1.85615 0.12912,-0.64597 0.17321,-0.63069 0.50997,0.17677 0.20274,0.48614 0.70508,1.18697 1.1163,1.5574 0.41123,0.37043 0.74768,0.96706 0.74768,1.32583 0,0.75372 1.19488,2.06652 1.88091,2.06652 0.25668,0 1.10928,-0.55004 1.89468,-1.22231 l 1.428,-1.22231 0.39583,0.86876 c 0.45079,0.98938 1.31608,1.11913 2.18986,0.32838 0.44919,-0.40652 0.81864,-0.45616 1.49135,-0.20039 1.13656,0.43212 3.153,-0.54307 4.7222,-2.28375 1.1825,-1.31171 2.03875,-1.49717 3.1237,-0.67655 1.09845,0.83083 2.56871,0.65255 3.25487,-0.39466 0.51517,-0.78625 0.53644,-1.08593 0.15247,-2.14779 -0.57499,-1.59011 -0.27559,-1.85086 1.02292,-0.89083 1.29874,0.9602 2.34613,0.9829 2.92045,0.0633 0.54465,-0.87214 1.28116,-0.9135 1.57377,-0.0884 0.40761,1.14935 1.27709,1.85615 2.2834,1.85615 0.72879,0 1.48471,0.48098 2.77828,1.76777 1.09365,1.0879 2.08805,1.76777 2.58561,1.76777 1.0707,0 1.65703,0.63522 1.65703,1.79519 0,1.14647 0.8019,1.89048 1.7659,1.63839 0.60556,-0.15836 0.70898,-0.0124 0.70898,1.00094 0,2.04898 2.7622,3.61807 4.61942,2.62411 0.81841,-0.43799 0.88081,-1.15175 0.15355,-1.75533 -0.87395,-0.72531 -0.59839,-1.18657 0.34111,-0.57099 0.47931,0.31404 1.19423,0.57099 1.58876,0.57099 0.43752,0 1.14191,0.58617 1.8057,1.5026 1.61694,2.23242 1.87295,2.28252 4.10179,0.80265 1.86361,-1.23737 1.98067,-1.26791 2.6251,-0.68474 0.91669,0.82959 0.86447,0.98634 -0.55367,1.66262 -1.21131,0.57762 -1.9229,1.91923 -1.43592,2.70718 0.4272,0.69122 2.23541,0.3912 3.36357,-0.55809 0.96742,-0.81404 1.22145,-0.87973 2.0109,-0.52003 0.73101,0.33307 0.86872,0.59424 0.72093,1.36733 -0.2338,1.2232 0.57403,2.79133 1.60291,3.1115 0.43968,0.13681 1.39646,0.78448 2.12623,1.43927 1.5299,1.37271 2.28332,1.47397 3.55049,0.47719 0.96174,-0.75648 1.26919,-0.58086 1.38261,0.78979 0.0489,0.5908 -5.08095,8.70759 -16.97191,26.85406 -9.37309,14.30403 -17.04198,26.18318 -17.04198,26.39811 0,0.40152 2.42739,1.62527 5.38426,2.71444 0.91956,0.33873 2.18352,0.99328 2.80874,1.45455 1.58431,1.16888 2.81358,1.05966 4.94646,-0.43949 2.36043,-1.65913 3.83535,-2.25735 5.56546,-2.25735 1.30748,0 1.64236,0.24052 4.89477,3.51576 3.59868,3.62392 4.51141,4.95947 4.84598,7.09084 0.14234,0.90686 0.83926,1.91039 2.60876,3.75652 1.32799,1.3855 2.7474,2.69723 3.15427,2.91497 0.40683,0.21773 1.47212,1.35896 2.36732,2.53605 1.56263,2.05473 1.61835,2.2098 1.39614,3.88477 -0.26615,2.00659 -0.53372,2.3088 -2.34356,2.64701 -1.37872,0.25763 -1.82776,-0.0801 -4.42274,-3.32675 -0.58121,-0.72717 -0.82088,-0.79821 -1.71039,-0.50691 -0.56893,0.18633 -1.41905,0.92486 -1.88914,1.64118 -0.47012,0.71632 -1.03156,1.3024 -1.24765,1.3024 -0.21613,0 -1.3633,-0.99437 -2.5493,-2.20971 -1.70038,-1.74247 -2.20023,-2.50874 -2.36396,-3.62392 -0.26923,-1.83365 -1.87744,-3.35876 -3.54176,-3.35876 -0.72804,0 -1.42118,-0.26973 -1.81698,-0.7071 -0.35196,-0.38891 -0.7647,-0.70711 -0.91719,-0.70711 -0.15249,0 -1.01254,0.6364 -1.91124,1.41421 -1.8966,1.6415 -2.48972,1.75397 -2.79682,0.53033 -0.31293,-1.24679 -1.6477,-1.15794 -3.0057,0.20007 -0.59616,0.59617 -1.24047,0.9872 -1.43182,0.86895 -0.1913,-0.11824 -0.5193,-0.85174 -0.72885,-1.62999 -0.39682,-1.47362 -1.57741,-2.37189 -2.60105,-1.97907 -0.29321,0.11251 -0.73126,0.86593 -0.97344,1.67427 -0.52637,1.75692 -0.9546,1.98108 -2.37821,1.24491 -1.47786,-0.76423 -1.62074,-0.73159 -3.25331,0.74334 -1.71728,1.55157 -2.4529,2.86533 -2.4529,4.3809 0,1.19318 -1.59206,2.96592 -4.34018,4.83277 l -1.33498,0.90687 -0.78634,-0.72223 c -0.86655,-0.79588 -2.05646,-0.60155 -2.63383,0.43016 -0.28211,0.5041 -0.38842,0.48718 -0.96887,-0.15422 -0.95535,-1.05564 -1.92523,-0.91601 -2.36315,0.34022 -0.47949,1.37544 -0.88108,1.33706 -2.30781,-0.22057 -1.32689,-1.44863 -2.00599,-1.27527 -2.42187,0.61823 -0.27424,1.24859 -1.21372,1.26946 -1.75492,0.039 -0.45686,-1.03873 -1.39579,-1.31171 -2.68088,-0.77941 -0.8427,0.34906 -1.03459,0.64101 -1.03459,1.57406 0,1.02003 -0.0934,1.12766 -0.85259,0.98253 -0.63282,-0.12097 -0.96413,0.0512 -1.28533,0.66775 -0.238,0.4569 -0.48606,0.89234 -0.55122,0.96764 -0.0652,0.0753 -0.60116,-0.3798 -1.1911,-1.01133 -0.96008,-1.02776 -1.21157,-1.12308 -2.39689,-0.90852 -0.72835,0.13184 -2.21842,0.84775 -3.31127,1.59091 -1.2819,0.87171 -2.15271,1.24878 -2.45397,1.06259 -0.27149,-0.16779 -0.89618,-0.0666 -1.49229,0.24162 -0.92486,0.47826 -1.08889,0.47269 -1.67398,-0.0568 -0.92411,-0.83631 -1.89885,-0.5314 -2.11275,0.66089 l -0.1795,1.00053 -0.80609,-1.09323 c -0.9198,-1.24748 -2.08123,-1.41843 -3.46715,-0.51035 -0.66982,0.43889 -0.98993,0.48256 -1.29571,0.17678 -0.62418,-0.62418 -1.11284,-0.49771 -2.57905,0.66748 -0.80604,0.64057 -1.57432,0.98709 -1.90477,0.85912 -1.79915,-0.69669 -2.31629,-0.56617 -3.91259,0.98753 -1.73053,1.68433 -5.17507,3.91826 -5.61881,3.64401 -0.51341,-0.3173 -1.80581,0.89456 -1.80581,1.69328 0,0.5869 -0.32519,0.9104 -1.25203,1.24555 -0.68862,0.24901 -1.44283,0.75826 -1.67604,1.13168 -0.2332,0.37342 -0.71589,0.67895 -1.07265,0.67895 -0.35675,0 -1.71985,0.6364 -3.02911,1.41421 -1.30926,0.77782 -2.84851,1.42474 -3.42057,1.4376 -1.41852,0.0319 -4.6028,1.10559 -5.46287,1.842 -0.50476,0.43219 -0.70374,1.04257 -0.70374,2.15869 0,1.35636 -0.11116,1.58402 -0.86583,1.77344 -0.47621,0.11951 -1.75899,0.99889 -2.85063,1.95416 -1.16971,1.02358 -2.95574,2.12553 -4.34909,2.68331 -1.30035,0.52055 -2.48097,1.13009 -2.6236,1.35453 -0.14263,0.22444 -0.16664,0.91477 -0.0534,1.53407 0.19772,1.08093 0.14443,1.1429 -1.33166,1.54865 -1.16071,0.31906 -2.00976,0.32569 -3.46366,0.0271 -1.74773,-0.35898 -1.9953,-0.33051 -2.67443,0.3075 -0.5064,0.47573 -1.23789,0.70309 -2.26204,0.70309 -1.00571,0 -1.88539,0.26694 -2.62153,0.7955 -0.60935,0.43752 -1.4294,0.95857 -1.82235,1.1579 -0.97825,0.49622 -1.07788,1.72187 -0.25123,3.09041 0.69371,1.14844 1.26448,4.85567 0.74759,4.85567 -0.71771,0 -1.38757,1.22886 -1.38757,2.54548 0,0.95687 -0.36552,2.07317 -1.09805,3.35351 -1.12552,1.9672 -1.15568,2.45239 -0.28533,4.59048 0.39382,0.96745 0.36812,1.31526 -0.18835,2.5493 -0.47542,1.05428 -0.58697,1.87305 -0.42542,3.12234 0.24066,1.86114 0.0866,2.26728 -1.09644,2.89029 -0.45835,0.24137 -0.79614,0.7508 -0.79701,1.20197 -7.1e-4,0.43068 -0.47745,1.49901 -1.05915,2.37405 -0.5817,0.87505 -1.05831,1.7721 -1.05915,1.99344 -7e-4,0.22135 -1.0114,1.03565 -2.2457,1.80955 -1.77721,1.11431 -2.5256,1.8766 -3.5966,3.66342 -0.74383,1.24097 -1.92155,2.89779 -2.61717,3.68182 -0.69562,0.78402 -1.72494,2.30059 -2.28739,3.37014 -0.92878,1.76617 -0.99849,2.13827 -0.75957,4.05457 0.25233,2.02395 0.36075,2.20359 2.66033,4.40803 2.21103,2.11955 2.42912,2.46292 2.80697,4.41942 0.22532,1.16673 0.64182,2.85862 0.92555,3.75976 0.6511,2.06793 0.65761,3.95861 0.0178,5.18502 -0.27392,0.52509 -1.42155,1.7489 -2.55029,2.71958 -1.99051,1.71177 -2.12239,1.76627 -4.38324,1.81167 -2.44666,0.0491 -3.04971,0.28953 -6.18024,2.4638 -0.97227,0.67528 -2.56326,1.46277 -3.53553,1.74998 -1.74362,0.51508 -4.57255,2.46325 -6.73385,4.63733 -0.60907,0.61267 -2.00404,1.61998 -3.09995,2.23847 -1.0959,0.61849 -2.63409,1.89078 -3.41819,2.8273 -1.39605,1.66742 -1.42627,1.76162 -1.45599,4.53737 -0.0287,2.67847 -0.0767,2.84622 -0.87109,3.04561 -1.10985,0.27856 -1.60054,1.27376 -1.64764,3.34173 -0.0391,1.71431 0.76907,3.46301 3.10823,6.72593 0.91048,1.27003 2.43827,5.84735 2.12232,6.35859 -0.10224,0.16542 -1.47678,0.41337 -3.05453,0.55101 -1.57774,0.13764 -3.51945,0.47984 -4.3149,0.76049 -1.33949,0.4726 -1.5838,0.45329 -3.30883,-0.2617 -1.58847,-0.65838 -1.94767,-0.70134 -2.44096,-0.29196 -0.69548,0.57721 -0.55462,2.20249 0.40295,4.64933 0.49627,1.26809 0.56574,1.88798 0.29717,2.65165 -0.4357,1.23892 -0.86518,1.25056 -2.20179,0.0597 -1.36965,-1.22036 -2.31998,-1.71463 -3.29678,-1.71463 -0.98351,0 -5.81016,-1.64555 -6.87699,-2.34456 -0.57179,-0.37466 -1.98363,-0.52888 -5.14564,-0.56218 l -4.35763,-0.0459 -2.07818,-1.61729 c -3.62451,-2.82069 -3.22429,-2.66187 -5.39516,-2.14109 -2.42413,0.58156 -3.87968,1.79751 -3.3458,2.79506 0.20235,0.37809 0.36791,0.99465 0.36791,1.37012 0,0.37548 0.3051,1.07053 0.678,1.54461 0.70531,0.89664 0.94084,2.83037 1.26316,10.37035 0.23872,5.58431 0.23338,6.24651 -0.0669,8.30851 -0.35612,2.445 -0.53063,2.69577 -3.07592,4.42044 -1.14706,0.77725 -2.58933,1.75486 -3.20503,2.17248 -1.93741,1.31409 -4.2517,1.89236 -7.57339,1.89236 -2.87172,0 -3.22683,0.0799 -4.51986,1.01654 -0.7718,0.55907 -1.79004,1.13837 -2.26275,1.28732 -0.47272,0.14895 -2.37092,1.05755 -4.21824,2.01914 l -3.35876,1.74832 -3.35875,-0.0567 c -1.84732,-0.0311 -4.20785,-0.0846 -5.24563,-0.11882 -1.70887,-0.0563 -1.96617,0.0379 -2.72755,0.9985 -2.4896,3.14104 -2.63629,3.26885 -4.00252,3.48731 -0.80824,0.12926 -1.83576,0.64651 -2.48028,1.24857 -0.97054,0.90662 -1.10037,1.25473 -1.10037,2.95044 0,2.08056 0.67986,3.34076 3.18198,5.89816 0.68059,0.69561 1.50996,1.68768 1.84306,2.20461 0.53999,0.838 0.54733,0.98822 0.0677,1.38625 -0.44064,0.36568 -0.82383,0.30749 -2.11969,-0.32212 -0.87001,-0.42267 -1.67303,-1.00618 -1.7845,-1.29666 -0.18876,-0.49197 -4.82094,-4.06607 -5.26976,-4.06607 -0.5142,0 -3.06142,2.36092 -3.68198,3.41271 -0.38068,0.64519 -1.6137,1.75221 -2.74006,2.46002 -1.12636,0.70778 -2.76387,1.97209 -3.63891,2.80955 -1.45779,1.39519 -6.25215,4.39919 -7.02106,4.39919 -0.17887,0 -0.68636,-0.29242 -1.12776,-0.64983 z"
       style="opacity:1;fill:#a0a0a0;fill-opacity:1;stroke:none;stroke-width:0.353553;stroke-linecap:butt;stroke-linejoin:round;stroke-miterlimit:4;stroke-dasharray:none;stroke-dashoffset:0;stroke-opacity:1" />
    <path
       inkscape:connector-curvature="0"
       id="Ica"
       d="m 406.5039,801.62649 c -0.34375,-0.16557 -0.74449,-0.30175 -0.89054,-0.30264 -0.60112,-0.004 -1.27658,-0.39112 -2.15096,-1.23392 -0.89366,-0.86137 -1.01774,-1.14269 -0.50401,-1.14269 0.13873,0 0.41666,-0.16442 0.61762,-0.36538 0.44031,-0.44031 0.48942,-1.16237 0.13245,-1.94712 -0.34126,-0.7502 -0.55256,-0.86644 -1.71666,-0.94439 -0.9165,-0.0614 -1.10941,-0.11919 -1.66814,-0.5 -0.34748,-0.23683 -0.63189,-0.47209 -0.63202,-0.52279 -1.3e-4,-0.0507 0.22179,-0.23234 0.49316,-0.40366 0.70996,-0.44817 0.87217,-1.3566 0.44094,-2.46942 -0.12702,-0.3278 -2.69173,-2.61068 -3.14908,-2.80305 -0.26262,-0.11046 -0.92223,-0.16919 -1.90037,-0.16919 h -1.49814 l -0.12539,-0.45411 c -0.069,-0.24976 -0.27225,-0.66603 -0.45174,-0.92504 -0.1795,-0.25901 -0.40607,-0.85191 -0.50349,-1.31754 -0.0974,-0.46563 -0.31399,-1.04779 -0.48125,-1.2937 -0.16727,-0.24591 -0.55731,-0.98265 -0.86676,-1.63721 -0.30945,-0.65456 -0.67296,-1.28995 -0.80781,-1.41199 -0.13485,-0.12204 -0.6879,-0.40567 -1.229,-0.6303 l -0.98381,-0.4084 0.0327,-0.99211 c 0.053,-1.60801 -0.0352,-1.96085 -0.66579,-2.66219 -0.35346,-0.39312 -0.88422,-0.7858 -1.45208,-1.07428 -0.49225,-0.25008 -1.06873,-0.60677 -1.28107,-0.79266 -0.71405,-0.62509 -1.64028,-1.14261 -2.61364,-1.46035 -1.46913,-0.47957 -2.08284,-0.84137 -3.02943,-1.78594 -0.60663,-0.60533 -1.12755,-0.98769 -1.74069,-1.27767 -0.48125,-0.22761 -1.1,-0.5655 -1.375,-0.75087 -0.275,-0.18537 -0.95357,-0.57152 -1.50793,-0.85813 -1.01128,-0.52283 -1.48131,-0.89048 -3.74686,-2.93078 -1.39733,-1.2584 -1.59141,-1.37596 -2.62021,-1.58715 -1.13179,-0.23233 -1.38513,-0.46427 -1.47804,-1.35317 -0.0894,-0.85486 -0.97071,-3.55737 -1.31081,-4.01933 -0.19183,-0.26058 -1.09039,-0.85219 -1.58615,-1.04434 -0.0687,-0.0266 7.5e-4,-0.18543 0.15432,-0.35285 0.40225,-0.43837 0.4802,-1.00523 0.22875,-1.66364 -0.16256,-0.42567 -0.53113,-0.84304 -1.59026,-1.80083 -0.75825,-0.68571 -1.70281,-1.63185 -2.09901,-2.10254 -1.05653,-1.25515 -1.86775,-1.80855 -3.16764,-2.1609 -0.49756,-0.13486 -0.65082,-0.25103 -0.90625,-0.68688 -0.16908,-0.28851 -0.30741,-0.61319 -0.30741,-0.72152 0,-0.10832 0.2313,-0.36705 0.51401,-0.57496 0.28271,-0.20791 0.59771,-0.4975 0.7,-0.64354 0.25961,-0.37064 0.23188,-1.09274 -0.057,-1.48372 -0.13363,-0.18087 -0.36356,-0.60162 -0.51095,-0.93501 -0.1474,-0.33338 -0.45728,-0.86775 -0.68862,-1.1875 -0.23134,-0.31974 -0.64822,-0.97517 -0.9264,-1.45651 -0.62202,-1.07629 -1.79533,-2.21824 -2.70886,-2.63647 -0.98607,-0.45144 -2.07028,-0.63377 -2.56071,-0.43063 -0.21257,0.088 -0.38649,0.20952 -0.38649,0.26993 0,0.26736 -0.23023,0.0695 -0.42708,-0.36706 -0.20618,-0.45722 -0.20439,-0.51864 0.0435,-1.48957 0.31968,-1.25204 0.32036,-1.43312 0.008,-2.25363 -0.33152,-0.87223 -0.31721,-1.04368 0.12218,-1.46464 0.59103,-0.56624 0.66964,-0.98428 0.43884,-2.33368 -0.10998,-0.643 -0.27557,-1.74399 -0.36799,-2.44666 -0.17989,-1.36772 -0.44087,-1.96485 -1.04553,-2.39215 -0.50884,-0.35959 -1.02349,-0.42542 -1.63611,-0.20927 -0.82952,0.29267 -2.09096,0.24829 -2.69882,-0.095 -0.5607,-0.3166 -0.68234,-0.70008 -0.43728,-1.37863 0.0789,-0.21858 0.19259,-0.73493 0.25255,-1.14743 0.148,-1.01808 0.52316,-1.334 1.9114,-1.60956 0.56283,-0.11172 1.26132,-0.20309 1.55219,-0.20303 0.57106,10e-5 0.54926,-0.0309 0.71722,1.01866 0.15827,0.98897 0.72161,1.28759 1.84198,0.97643 0.61812,-0.17167 0.92207,-0.59235 1.01805,-1.40899 0.0437,-0.37169 0.17109,-0.89466 0.28312,-1.16215 0.11203,-0.2675 0.25204,-0.86991 0.31113,-1.33869 0.0985,-0.78144 0.15942,-0.91065 0.73247,-1.5536 0.69925,-0.78454 0.78564,-1.00369 1.01234,-2.56811 0.12809,-0.88399 0.12876,-1.36614 0.003,-2.4641 -0.17387,-1.52281 -0.14952,-1.6753 0.40857,-2.55878 l 0.39287,-0.62193 0.0823,-2.75307 0.0823,-2.75308 -0.38162,-1.125 c -0.20989,-0.61875 -0.59203,-1.54687 -0.8492,-2.0625 -0.25716,-0.51562 -0.53975,-1.19062 -0.62796,-1.5 -0.0882,-0.30937 -0.4282,-0.91633 -0.75553,-1.3488 -0.76856,-1.01543 -0.85959,-1.40668 -0.45076,-1.93744 0.16999,-0.22069 1.30126,-1.40622 2.51393,-2.6345 1.31748,-1.33444 2.36892,-2.51402 2.6125,-2.93088 0.37161,-0.63596 0.52333,-0.76131 1.71585,-1.41766 0.71951,-0.39601 1.6457,-1.02222 2.0582,-1.39159 0.4125,-0.36936 0.89062,-0.7134 1.0625,-0.76453 0.17187,-0.0511 1.18437,-0.14007 2.25,-0.19764 1.81092,-0.0978 2.01916,-0.13564 3.1875,-0.57853 l 1.25,-0.47384 2.5,-0.0713 c 2.30994,-0.0659 2.54276,-0.0938 3.0625,-0.36662 0.30937,-0.16241 0.74634,-0.45565 0.97104,-0.65165 0.40335,-0.35185 0.53247,-0.4013 1.4162,-0.54238 0.35703,-0.057 0.71135,-0.32852 1.71875,-1.31708 0.69795,-0.6849 1.27329,-1.31677 1.27852,-1.40415 0.0159,-0.26572 0.34578,0.69328 0.35598,1.03487 0.0128,0.42784 -0.20538,0.61875 -0.70701,0.61875 -1.33981,0 -2.41254,1.38945 -2.40574,3.11602 0.003,0.8152 0.27208,1.47236 0.91626,2.23956 0.2508,0.29869 0.456,0.56503 0.456,0.59187 0,0.0268 -0.16871,0.32298 -0.3749,0.65809 -0.2062,0.33511 -0.42716,0.88439 -0.49102,1.22063 -0.24113,1.26952 -0.82942,2.20227 -1.76944,2.80548 -0.82994,0.53257 -1.02229,0.99591 -0.9694,2.33516 l 0.0423,1.07013 -0.60448,0.2042 c -1.33831,0.45212 -1.55822,1.2324 -0.73927,2.62302 0.69372,1.178 1.14026,1.42882 2.65178,1.48953 1.15068,0.0462 1.26002,0.0278 2.1398,-0.36111 1.12201,-0.49595 2.03261,-0.60607 2.59724,-0.31409 0.21915,0.11333 0.8734,0.51564 1.4539,0.89402 1.48621,0.96877 1.89874,1.12095 3.87603,1.42993 2.04204,0.3191 2.76645,0.5831 2.88388,1.05097 0.11965,0.47671 -0.0171,0.85814 -0.52533,1.46501 -0.2506,0.29925 -0.58126,0.74247 -0.73481,0.98495 -0.21752,0.34351 -0.43336,0.48947 -0.97733,0.66094 -0.97487,0.3073 -1.25485,0.68583 -1.17288,1.58569 0.0791,0.86837 0.95909,3.19202 1.52974,4.03938 0.23883,0.35463 0.43423,0.68326 0.43423,0.73027 0,0.047 -0.1701,0.12285 -0.378,0.16851 -0.50886,0.11177 -1.07818,0.6109 -1.38679,1.21582 -0.47029,0.92185 -0.60574,1.99527 -0.60804,4.81872 -0.002,3.04499 0.057,3.33188 1.06981,5.15582 1.0091,1.81733 1.36998,2.04678 3.17689,2.01997 1.06245,-0.0158 1.06535,-0.0149 2.62613,0.75255 2.454,1.20672 4.21133,2.31663 4.80098,3.03227 0.28133,0.34144 0.79657,0.90394 1.14497,1.25 0.66931,0.66482 3.09256,2.19303 4.44004,2.8001 0.72418,0.32626 2.78451,0.88739 4.62531,1.2597 0.51349,0.10386 0.80334,0.24918 1.09297,0.54801 l 0.39417,0.40668 -0.62212,0.46445 c -1.42253,1.06202 -1.48187,2.27705 -0.21048,4.30921 0.30109,0.48126 0.51399,0.99257 0.55137,1.32423 0.0603,0.53499 0.0537,0.54571 -0.67106,1.09661 -0.86843,0.66008 -1.19455,1.19651 -1.54628,2.54348 -0.14387,0.55095 -0.37144,1.27641 -0.50572,1.61214 -0.62478,1.56205 -0.0773,2.84787 1.66424,3.90868 0.82065,0.49987 1.07614,0.90087 1.21504,1.90701 0.11513,0.83394 -0.11987,2.70593 -0.48768,3.8848 -0.24212,0.77604 -0.24376,0.82966 -0.0381,1.24672 0.14638,0.29687 0.45725,0.57631 0.97522,0.87658 0.41819,0.24244 0.9812,0.67476 1.25113,0.96073 0.79121,0.83819 1.85662,0.87978 3.31747,0.1295 0.70735,-0.36329 0.82529,-0.48427 1.30339,-1.33694 0.45856,-0.81784 0.57939,-0.94727 0.94666,-1.01404 0.23155,-0.0421 0.58312,-0.14197 0.78127,-0.22193 0.48797,-0.19694 0.74555,-0.0906 1.2142,0.50108 0.21846,0.27582 0.78383,0.80999 1.25639,1.18704 0.47255,0.37704 0.95404,0.8303 1.06998,1.00723 0.20007,0.30536 0.19683,0.36061 -0.0638,1.08741 -0.15102,0.42114 -0.27457,0.88914 -0.27456,1.03999 4e-5,0.42197 0.48183,0.88862 1.4373,1.39215 1.08411,0.57132 1.40161,1.05456 1.94388,2.95857 0.21538,0.75625 0.59034,1.74063 0.83326,2.1875 2.05451,3.77959 2.32115,4.49597 2.30296,6.1875 -0.006,0.55 0.0521,1.99273 0.12897,3.20607 0.13673,2.15886 0.13401,2.21531 -0.12742,2.63831 -0.26452,0.428 -1.00374,1.14582 -2.00122,1.94328 -0.28389,0.22696 -0.54797,0.53941 -0.58685,0.69432 -0.0783,0.31209 -0.19273,0.37939 -2.43085,1.43007 -0.85938,0.40343 -1.73937,0.88357 -1.95555,1.06698 -0.21617,0.18341 -0.43198,0.33347 -0.47956,0.33347 -0.14898,0 -1.22617,0.78535 -1.84079,1.34205 -0.32362,0.29312 -0.65262,0.53295 -0.73111,0.53295 -0.46048,0 -1.03002,0.45861 -1.44155,1.16078 -0.24311,0.4148 -0.68547,1.03249 -0.98303,1.37264 -0.29755,0.34016 -0.6847,0.91191 -0.86031,1.27056 -0.17562,0.35866 -0.55304,0.92917 -0.83873,1.26781 -0.62817,0.74462 -0.98793,1.4766 -0.99163,2.01757 -0.002,0.25723 -0.0838,0.44525 -0.22809,0.52245 -0.26076,0.13955 -0.89965,1.2574 -0.89965,1.57409 0,0.118 -0.35842,0.56039 -0.79649,0.98308 -0.43806,0.42269 -0.89453,0.92321 -1.01437,1.11227 -0.25692,0.40531 -0.21013,0.40423 -1.00164,0.023 z"
       style="opacity:1;fill:#a0a0a0;fill-opacity:1;stroke:none;stroke-width:0.125;stroke-linecap:butt;stroke-linejoin:round;stroke-miterlimit:4;stroke-dasharray:none;stroke-dashoffset:0;stroke-opacity:1" />
    <path
       inkscape:connector-curvature="0"
       id="Huancavelica"
       d="m 407.8164,736.31764 c -0.18236,-0.14047 -1.04134,-0.4032 -2.0625,-0.63086 -2.52611,-0.56315 -3.50686,-0.90361 -4.69577,-1.63005 -0.57983,-0.35428 -1.44027,-0.8723 -1.91208,-1.15115 -0.61643,-0.36431 -1.09536,-0.79036 -1.7018,-1.51391 -0.46417,-0.55381 -0.95002,-1.09637 -1.07965,-1.20568 -0.44532,-0.37552 -2.23806,-1.41417 -4.0482,-2.34539 l -1.8125,-0.93243 -1.45707,-0.0755 c -1.1433,-0.0592 -1.50962,-0.12307 -1.70112,-0.29638 -0.13423,-0.12147 -0.57542,-0.86971 -0.98043,-1.66275 l -0.73638,-1.4419 0.003,-2.71094 c 0.004,-3.7665 0.26368,-4.73338 1.3722,-5.10698 1.07261,-0.3615 1.2311,-1.17049 0.46349,-2.36583 -0.52607,-0.81921 -1.35357,-2.87964 -1.42041,-3.53675 -0.0418,-0.41109 -0.0232,-0.43043 0.62887,-0.65397 0.82342,-0.28228 0.93639,-0.37351 1.44504,-1.16699 0.22227,-0.34673 0.50192,-0.71103 0.62145,-0.80955 0.29108,-0.23993 0.65873,-0.97879 0.76263,-1.53263 0.13132,-0.69997 -0.27692,-1.49547 -0.97844,-1.90658 -0.55139,-0.32314 -1.12048,-0.46252 -3.61544,-0.88548 -1.09929,-0.18635 -1.32434,-0.27423 -2.3125,-0.90295 -2.20228,-1.4012 -2.29143,-1.43697 -3.44434,-1.38206 -0.82515,0.0393 -1.20723,0.13023 -1.95685,0.46569 -0.85851,0.38419 -0.99838,0.41063 -1.78489,0.33754 -0.46936,-0.0436 -0.95832,-0.14485 -1.08657,-0.22495 -0.24285,-0.15166 -1.00954,-1.3318 -1.00954,-1.55394 0,-0.0701 0.30695,-0.22411 0.68211,-0.34237 1.03155,-0.32516 1.19247,-0.60346 1.1948,-2.06624 10e-4,-0.66105 0.0432,-1.26112 0.0937,-1.3335 0.0505,-0.0724 0.29139,-0.25274 0.5353,-0.40081 0.87287,-0.52991 1.76974,-1.94461 1.99412,-3.1455 0.0697,-0.37286 0.29502,-0.94028 0.50079,-1.26095 0.5998,-0.9347 0.53446,-1.3017 -0.46673,-2.62145 -0.22184,-0.29244 -0.43736,-0.71298 -0.47893,-0.93454 -0.17282,-0.92123 0.53153,-2.31702 1.1699,-2.31834 0.58779,-10e-4 1.29563,-0.25881 1.59306,-0.57974 0.45284,-0.48863 0.48502,-1.08362 0.1236,-2.28535 -0.17422,-0.5793 -0.31677,-1.17418 -0.31677,-1.32196 0,-0.30587 0.32278,-0.63263 1.1033,-1.11691 0.63335,-0.39296 0.8967,-0.92063 0.8967,-1.79667 0,-0.61407 0.0541,-0.74203 0.97171,-2.298 0.39178,-0.66434 0.45837,-0.71418 1.5625,-1.1696 1.09968,-0.45359 1.21582,-0.54003 2.49846,-1.85964 1.18862,-1.22288 1.42056,-1.53668 1.993,-2.69644 0.62622,-1.2687 0.64958,-1.35421 0.69995,-2.5625 0.0287,-0.6875 0.10033,-1.30985 0.15926,-1.383 0.0589,-0.0732 0.16379,-0.63157 0.23303,-1.24093 0.10484,-0.92258 0.18559,-1.18264 0.48271,-1.5545 0.52255,-0.65398 1.39938,-2.14848 1.39938,-2.38516 0,-0.59363 1.75907,-2.17766 2.5625,-2.30751 0.275,-0.0444 0.61547,-0.10397 0.75661,-0.1323 0.33157,-0.0665 1.11687,-0.84244 1.57735,-1.55847 0.47967,-0.74588 0.79814,-1.00617 2.36225,-1.93074 0.72667,-0.42955 1.73635,-1.09727 2.24373,-1.48384 0.50738,-0.38656 1.25728,-0.88127 1.66644,-1.09935 1.04948,-0.55937 1.65043,-1.14224 1.8838,-1.82714 0.26722,-0.78426 0.26592,-0.79073 -0.30268,-1.50487 -0.45043,-0.56571 -0.5,-0.6981 -0.5,-1.33521 0,-0.68887 0.0113,-0.71194 0.43348,-0.88836 0.23842,-0.0996 0.60217,-0.18112 0.80833,-0.18112 0.50817,0 1.17385,-0.68156 1.43572,-1.47 0.14699,-0.44253 0.41305,-0.81532 0.95839,-1.34281 0.4152,-0.40162 0.83048,-0.87636 0.92285,-1.05497 0.42164,-0.81537 0.57379,-2.94796 0.26334,-3.69098 -0.0978,-0.23416 -0.39969,-0.58641 -0.67078,-0.78279 -0.81066,-0.58724 -2.61693,-2.32704 -2.69925,-2.59991 -0.0561,-0.18608 0.0395,-0.36353 0.3579,-0.66381 0.23898,-0.22542 0.50029,-0.62941 0.58069,-0.89777 0.17233,-0.57517 1.79668,-2.12196 2.22837,-2.12196 0.15062,0 0.51657,0.25935 0.85356,0.6049 0.37328,0.38278 0.81941,0.68861 1.2149,0.83286 0.34375,0.12538 0.9625,0.36707 1.375,0.5371 1.13402,0.46743 2.14484,0.49714 3.65733,0.10751 l 1.25626,-0.32363 1.0432,0.3853 c 1.01339,0.37429 1.11919,0.38717 3.70207,0.45073 l 2.65887,0.0654 0.46613,-0.49505 c 0.25638,-0.27228 0.65621,-0.87082 0.88852,-1.3301 l 0.42239,-0.83504 0.64011,0.002 c 1.57455,0.005 4.04987,0.66671 5.82762,1.55699 0.30937,0.15493 0.7875,0.35437 1.0625,0.44321 0.51689,0.16697 2.28313,1.12162 3.07712,1.66318 0.24867,0.16961 0.63979,0.63639 0.86916,1.03729 0.22938,0.4009 0.82748,1.27378 1.32913,1.93972 1.03948,1.37992 1.13184,1.73737 0.52938,2.04891 -0.21049,0.10885 -0.81518,0.27449 -1.34375,0.36808 -1.24099,0.21975 -1.55736,0.34757 -1.88213,0.76046 -0.34833,0.44283 -0.3364,0.863 0.0449,1.57918 0.28499,0.53536 0.2929,0.59088 0.0937,0.6576 -0.11964,0.0401 -0.57663,0.41229 -1.01554,0.82713 l -0.79801,0.75426 0.0697,0.76819 c 0.0956,1.05477 -0.24534,1.68294 -1.68246,3.09949 -1.16129,1.14467 -1.15429,1.9109 0.0307,3.36046 0.41762,0.51087 0.89297,1.1926 1.05632,1.51497 0.33846,0.66792 0.95021,1.23744 1.35015,1.25694 0.5597,0.0273 1.03437,-0.0427 1.44317,-0.21284 0.58974,-0.24541 1.43233,-0.2244 1.73815,0.0433 0.6267,0.54866 1.78431,3.55445 1.77998,4.62179 -0.002,0.45812 -0.0513,0.55347 -0.37344,0.72005 -0.76187,0.39398 -0.83058,1.15894 -0.21088,2.34785 0.22981,0.44089 0.7171,1.17508 1.08289,1.63153 0.61143,0.76302 0.75508,0.86724 1.78173,1.29278 0.68093,0.28224 1.19136,0.57684 1.30807,0.75497 0.10527,0.16066 0.23537,0.72697 0.2891,1.25845 0.0537,0.53148 0.25532,1.6351 0.44797,2.45248 l 0.35029,1.48614 -0.58808,0.51386 c -0.89583,0.78276 -1.25556,1.76964 -1.22708,3.36635 0.0321,1.79793 0.43226,2.98916 1.33359,3.96958 0.65949,0.71736 0.6787,0.75887 0.6787,1.46665 0,0.40062 0.0877,1.02384 0.19496,1.38493 0.10724,0.36109 0.17133,0.72286 0.14244,0.80394 -0.0289,0.0811 -0.38381,-0.19916 -0.78872,-0.62273 -0.4049,-0.42358 -0.85905,-0.83139 -1.00922,-0.90625 -0.61392,-0.30606 -1.87812,-0.0339 -3.02717,0.65171 -0.92302,0.55074 -1.15871,0.89975 -1.18502,1.75485 -0.0173,0.56133 -0.0851,0.76609 -0.3466,1.04636 -0.74249,0.79578 -0.76956,1.20403 -0.16817,2.53596 0.29118,0.64491 0.4375,1.15668 0.4375,1.53025 v 0.56128 l -0.84907,0.37965 c -1.11218,0.49729 -3.505,1.02882 -4.63153,1.02882 -0.85825,0 -0.89441,-0.0124 -1.07999,-0.37129 -0.23835,-0.46093 -0.61772,-0.6738 -1.0206,-0.57269 -0.16934,0.0425 -0.76879,0.48479 -1.33211,0.98285 -0.56331,0.49806 -1.46143,1.15384 -1.99582,1.45728 -0.90552,0.51419 -1.00967,0.61771 -1.53125,1.52196 -0.3078,0.53363 -0.55963,1.128 -0.55963,1.3208 0,0.62722 0.83723,3.44933 1.07485,3.62309 0.45427,0.33216 1.0115,0.13285 1.98557,-0.7102 0.66863,-0.57869 0.95634,-0.65845 0.57011,-0.15805 -0.14593,0.18907 -0.41458,0.56875 -0.59701,0.84375 -0.51593,0.77775 -0.49583,0.76669 -2.29257,1.26117 -0.10858,0.0299 -0.54579,-0.2262 -0.97679,-0.5721 -0.51408,-0.41257 -0.94578,-0.65265 -1.26549,-0.70378 -0.41246,-0.066 -0.62954,-0.23943 -1.44709,-1.15644 -1.2084,-1.3554 -1.76906,-1.85598 -2.16307,-1.9313 -0.48101,-0.092 -1.65398,0.26384 -2.13851,0.64868 -0.46438,0.36882 -1.61657,0.99739 -2.42469,1.32277 -0.6064,0.24415 -0.79098,0.48471 -0.89726,1.16937 -0.0565,0.36385 -0.17689,0.59951 -0.37146,0.727 -0.43605,0.28571 -0.54049,0.77006 -0.47228,2.19027 0.0747,1.55425 0.2012,2.01912 0.64348,2.36378 0.85232,0.66418 1.69675,1.5979 2.02016,2.23376 0.39994,0.78634 0.96364,1.36831 1.66781,1.72187 0.38396,0.19279 0.5406,0.38652 0.79443,0.98255 0.56358,1.3233 0.66469,1.89006 0.66695,3.73839 0.003,2.41636 0.28567,3.4798 1.45591,5.47636 0.43132,0.73588 0.67291,1.37021 0.99343,2.60843 0.23293,0.89984 0.42352,1.76225 0.42352,1.91646 0,0.15421 0.14062,0.4876 0.3125,0.74087 l 0.3125,0.4605 v 3.85951 3.85952 l -0.39843,0.0875 c -0.21927,0.0482 -0.68297,0.35614 -1.03125,0.68495 -0.55671,0.52558 -0.77565,0.63651 -1.82032,0.92233 -1.01964,0.27897 -1.43893,0.32491 -2.96614,0.32498 -1.53839,8e-5 -2.15466,0.0686 -4.5625,0.50734 -3.71206,0.67638 -3.83972,0.70801 -4.31244,1.06857 -0.34218,0.261 -1.18809,0.69147 -1.31116,0.66724 -0.0194,-0.004 -0.17589,-0.11527 -0.34776,-0.24766 z"
       style="opacity:1;fill:#a0a0a0;fill-opacity:1;stroke:none;stroke-width:0.125;stroke-linecap:butt;stroke-linejoin:round;stroke-miterlimit:4;stroke-dasharray:none;stroke-dashoffset:0;stroke-opacity:1" />
    <path
       inkscape:connector-curvature="0"
       id="Ayacucho"
       d="m 456.89319,810.88443 c -1.00995,-0.45813 -0.99003,-0.42604 -0.5546,-0.89341 0.3138,-0.33682 0.37117,-0.61936 0.37034,-1.82365 -5.3e-4,-0.78379 -0.0831,-1.72092 -0.18357,-2.0825 -0.43279,-1.55834 -1.80257,-2.34778 -4.07369,-2.34778 -1.20598,0 -1.43476,0.058 -2.26565,0.57453 -1.35912,0.84487 -1.60736,0.79756 -4.16225,-0.79339 -2.02466,-1.26077 -2.7102,-1.89782 -2.93311,-2.72562 -0.15676,-0.58217 -1.38584,-1.91688 -1.76518,-1.91688 -0.23937,0 -2.48548,-3.5694 -2.59097,-4.11744 -0.06,-0.31193 -0.29603,-0.99467 -0.52443,-1.51721 -0.29949,-0.68519 -0.41527,-1.2791 -0.41527,-2.13016 0,-1.1941 -0.1976,-1.6531 -0.63877,-1.48381 -0.13317,0.0511 -0.51814,-0.0699 -0.85549,-0.26897 -0.42557,-0.25109 -0.79258,-0.33281 -1.19869,-0.26691 -1.27831,0.20744 -7.72249,-1.13954 -9.69934,-2.02739 -1.32794,-0.59641 -1.63762,-1.03917 -1.01162,-1.44636 0.74449,-0.48427 1.72404,-1.44046 2.1018,-2.0517 0.3584,-0.5799 0.36831,-0.74223 0.25544,-4.18136 -0.0741,-2.25905 -0.21448,-3.93646 -0.38071,-4.55032 -0.1448,-0.53475 -0.76764,-1.88709 -1.38409,-3.0052 -0.61645,-1.11811 -1.29508,-2.62955 -1.50807,-3.35876 -0.62529,-2.14077 -1.11553,-2.89131 -2.30144,-3.52339 l -1.02325,-0.54538 0.27683,-0.86568 c 0.39157,-1.22448 0.1658,-1.64061 -1.92333,-3.54496 -1.88542,-1.71865 -1.99106,-1.75993 -3.40582,-1.33073 -1.07585,0.32638 -1.23763,0.46087 -1.80226,1.49829 -0.80168,1.47295 -2.31567,1.85822 -3.31291,0.84304 -0.3104,-0.31599 -0.83104,-0.71515 -1.15698,-0.88703 -0.48304,-0.25472 -0.57146,-0.38545 -0.47826,-0.7071 0.2772,-0.95667 0.63228,-3.05139 0.63137,-3.72473 -0.002,-1.67363 -0.25213,-2.0811 -2.47802,-4.04055 -0.67909,-0.59781 -0.73437,-0.71016 -0.65236,-1.32583 0.0493,-0.36996 0.29071,-1.34185 0.53649,-2.15975 0.4077,-1.35673 0.53539,-1.56881 1.45674,-2.41947 0.99409,-0.91781 1.00845,-0.94496 0.91919,-1.73691 -0.0545,-0.4835 -0.3505,-1.24068 -0.74183,-1.89761 -1.04539,-1.7549 -1.03479,-1.95015 0.1662,-3.05898 0.74422,-0.68712 0.99766,-1.03592 0.93283,-1.28381 -0.25025,-0.95696 4.2075,-2.07936 9.3193,-2.34647 2.98477,-0.15596 4.38551,-0.52773 5.29935,-1.4065 0.29385,-0.28258 0.74978,-0.56686 1.01317,-0.63174 0.26338,-0.0649 0.56898,-0.22652 0.6791,-0.35921 0.13564,-0.16343 0.20925,-1.67276 0.22822,-4.67961 0.0249,-3.94382 -0.004,-4.4564 -0.26121,-4.60028 -0.15907,-0.0891 -0.34395,-0.46134 -0.41084,-0.82731 -0.30205,-1.65266 -1.01993,-3.78359 -1.59806,-4.74367 -0.94635,-1.57155 -1.17882,-2.51922 -1.23285,-5.02573 -0.0429,-1.99165 -0.10065,-2.34055 -0.58488,-3.53554 -0.42659,-1.05274 -0.66268,-1.39864 -1.14623,-1.67938 -0.9263,-0.53777 -1.18434,-0.79654 -1.57473,-1.57916 -0.19725,-0.39541 -0.82192,-1.15884 -1.38818,-1.6965 l -1.02954,-0.97756 -0.0409,-1.26197 c -0.037,-1.13932 0.005,-1.31622 0.42881,-1.82023 0.25837,-0.30705 0.46975,-0.75104 0.46975,-0.98665 0,-0.27956 0.10094,-0.42837 0.29056,-0.42837 0.15981,0 0.95144,-0.39775 1.75918,-0.88389 0.80774,-0.48613 1.62631,-0.88388 1.81904,-0.88388 0.21242,0 0.85981,0.55701 1.64378,1.41431 0.98394,1.07596 1.43721,1.44134 1.89471,1.52731 0.33075,0.0621 0.90762,0.38968 1.28193,0.72785 0.81313,0.73461 1.50611,0.78823 2.99371,0.23165 0.82363,-0.30816 1.09027,-0.52845 1.71939,-1.42053 1.10762,-1.57062 1.18727,-1.87246 0.63878,-2.42095 -0.57233,-0.57233 -1.26281,-0.47246 -2.15609,0.31185 -0.72009,0.63225 -0.75215,0.60592 -1.15804,-0.9513 -0.25949,-0.99555 -0.2554,-1.04129 0.15937,-1.78341 0.30203,-0.54039 0.69556,-0.9071 1.35462,-1.26233 0.51091,-0.27538 1.31529,-0.84499 1.78752,-1.2658 l 0.85859,-0.76512 0.52497,0.44173 c 0.48718,0.40993 0.61622,0.43381 1.79305,0.3318 2.89074,-0.25056 5.80649,-1.25026 6.13025,-2.10183 0.28763,-0.75651 0.20315,-1.58382 -0.26423,-2.58781 -0.54016,-1.16034 -0.54364,-1.28067 -0.0503,-1.74032 0.27349,-0.2548 0.42168,-0.6461 0.48614,-1.28366 0.0858,-0.84868 0.14551,-0.94699 0.79983,-1.31694 0.38891,-0.21989 0.96801,-0.45013 1.2869,-0.51165 0.52104,-0.10053 0.67671,-0.0202 1.53621,0.79268 1.02678,0.97109 1.74889,1.16866 2.29079,0.62676 0.34569,-0.3457 0.3479,-0.80429 0.009,-1.92067 -0.14559,-0.47994 -0.22465,-0.99884 -0.17569,-1.1531 0.15622,-0.4922 -0.23895,-1.46988 -0.85624,-2.11845 -1.46178,-1.53583 -1.60028,-5.03225 -0.23478,-5.92696 0.82692,-0.54181 0.92216,-1.13491 0.50608,-3.15152 -0.20464,-0.99185 -0.41704,-2.14979 -0.47201,-2.57321 -0.15896,-1.22465 -0.53866,-1.77168 -1.55972,-2.24708 -0.50412,-0.23472 -1.01417,-0.42754 -1.13344,-0.42849 -0.2852,-0.002 -1.62028,-1.69244 -1.94431,-2.46145 -0.22464,-0.53311 -0.2227,-0.62127 0.0166,-0.7552 0.96163,-0.53815 1.05552,-1.45582 0.37136,-3.62949 -0.59519,-1.89098 -1.40249,-3.35059 -2.03375,-3.67703 -0.63237,-0.32701 -1.63528,-0.3313 -2.55588,-0.0109 -0.7918,0.27555 -1.23542,0.13911 -1.41798,-0.43608 -0.0632,-0.19923 -0.50615,-0.8726 -0.98425,-1.49638 -0.4781,-0.62378 -0.86928,-1.25195 -0.86928,-1.39594 0,-0.14398 0.38497,-0.64405 0.85549,-1.11126 1.22994,-1.2213 1.8661,-2.38295 1.73784,-3.17335 -0.0878,-0.54091 -0.0212,-0.71061 0.48223,-1.22897 0.32125,-0.33078 0.67365,-0.60141 0.78312,-0.60141 0.10947,0 0.33319,-0.20475 0.49716,-0.45499 0.28346,-0.43261 0.27932,-0.49371 -0.0842,-1.24187 l -0.38229,-0.78687 0.45331,-0.17235 c 0.24931,-0.0948 0.64955,-0.17235 0.88941,-0.17235 0.56892,0 1.64865,-0.45597 2.11324,-0.89243 l 0.36748,-0.34523 1.64656,1.72368 c 0.9056,0.94803 2.03793,2.13741 2.51628,2.64306 1.00305,1.0603 1.77701,1.45268 5.1398,2.60575 2.57149,0.88174 3.01756,0.91505 4.06801,0.30376 0.26894,-0.1565 0.6944,-0.59496 0.94548,-0.97436 l 0.4565,-0.68982 1.17584,0.10518 c 0.64671,0.0579 2.05088,0.2245 3.12038,0.37031 1.0695,0.14582 2.03325,0.26772 2.14166,0.27088 0.10841,0.003 0.55725,0.62226 0.99742,1.37577 0.44017,0.75351 1.3662,2.01772 2.05786,2.80937 l 1.25755,1.43935 0.44319,2.18457 c 0.6074,2.99398 0.87671,3.72914 1.62001,4.42228 0.34841,0.32489 0.82173,0.76609 1.05183,0.98043 0.28939,0.26957 0.41837,0.58469 0.41837,1.02214 0,0.80257 0.36132,1.66894 1.05714,2.5348 0.66915,0.83266 1.48021,1.29788 3.09711,1.77645 0.68059,0.20144 1.42636,0.49918 1.65727,0.66163 0.7429,0.52268 2.7904,5.39497 2.87288,6.83638 0.0179,0.31211 -0.071,1.30529 -0.19743,2.20707 -0.36544,2.6064 0.0551,7.43308 0.76727,8.80528 0.44675,0.86085 0.67667,1.16225 2.98513,3.91331 1.47563,1.75855 4.29764,4.33243 5.30382,4.83747 1.08695,0.54559 1.50079,0.98661 1.81582,1.93509 0.45214,1.36124 2.99942,4.22399 5.30184,5.95843 1.06345,0.80111 2.16386,1.68688 2.44536,1.96837 0.47914,0.47914 0.49853,0.55205 0.30381,1.14207 -0.24972,0.75665 -1.27724,1.70857 -1.84427,1.70857 -0.22446,0 -0.84263,-0.14949 -1.3737,-0.3322 -0.53107,-0.18272 -1.31913,-0.38798 -1.75125,-0.45613 -2.32339,-0.36646 -4.02767,-0.87219 -5.11669,-1.51836 -0.63197,-0.37498 -1.75454,-0.95694 -2.49458,-1.29324 -1.32008,-0.59989 -1.3609,-0.6381 -2.15714,-2.01853 -0.97635,-1.69272 -1.46965,-2.13052 -3.55722,-3.1571 -1.33252,-0.65528 -1.89968,-1.07958 -3.36993,-2.52102 -1.90025,-1.86302 -2.65104,-2.3967 -3.62576,-2.57727 -0.89204,-0.16525 -1.34171,0.0698 -2.7824,1.45457 -1.04521,1.00462 -1.28163,1.33199 -1.28163,1.77461 0,0.35478 0.14063,0.65432 0.40607,0.86493 0.22333,0.17721 0.46098,0.41242 0.52811,0.5227 0.12031,0.19765 -0.66273,1.73049 -1.82259,3.56781 -0.44713,0.70828 -0.61141,1.18977 -0.66668,1.95388 -0.066,0.91195 -10e-4,1.15535 0.64584,2.41886 l 0.71919,1.40488 -0.20298,1.5335 c -0.17543,1.32538 -0.16414,1.62526 0.0832,2.20971 0.15739,0.37191 0.33795,0.99441 0.40124,1.38332 0.1657,1.01825 0.66163,1.72159 1.91991,2.72283 0.60925,0.48479 1.76067,1.71528 2.55872,2.73443 l 1.45102,1.85299 -1.00102,2.15533 -1.00102,2.15532 0.20834,0.93098 c 0.21424,0.9573 1.13742,2.66445 1.86374,3.44641 0.22577,0.24307 0.78644,1.03856 1.24594,1.76776 0.4595,0.72921 1.21127,1.76335 1.6706,2.2981 1.2495,1.45467 1.2636,1.49946 0.98133,3.11637 -0.15779,0.90384 -0.19278,1.64043 -0.0979,2.06108 0.15216,0.67468 1.34943,2.66435 2.37604,3.94861 0.32059,0.40104 0.92592,1.59429 1.34518,2.65165 0.6961,1.75556 0.77625,2.12202 0.92306,4.22058 0.23277,3.32721 0.13376,4.10124 -0.80267,6.27558 -1.29214,3.00027 -1.29489,3.35501 -0.0331,4.26117 0.50163,0.36024 0.9564,0.8969 1.23669,1.45937 0.39353,0.7897 0.44302,1.10906 0.44071,2.84364 -0.002,1.20407 -0.0864,2.11326 -0.22097,2.36891 -0.15272,0.29016 -0.72322,0.61329 -1.89775,1.0749 -2.82149,1.10889 -3.0052,1.2194 -3.0052,1.80777 0,1.68187 3.1092,5.22424 4.87638,5.55577 1.22168,0.22918 4.35289,-0.47961 5.95442,-1.34787 1.184,-0.6419 1.42333,-1.02776 1.71256,-2.76115 0.1162,-0.69636 0.3168,-1.41043 0.44578,-1.58682 0.22215,-0.3038 0.30383,-0.28599 1.54958,0.33803 1.74879,0.87599 2.70483,0.88513 5.15389,0.0493 0.98217,-0.33522 2.28278,-0.69666 2.89025,-0.80321 1.78171,-0.31249 2.52188,-0.65713 3.58109,-1.66745 0.94944,-0.90561 1.84113,-1.34033 2.73904,-1.33533 0.44069,0.002 2.86878,1.29703 4.11735,2.19524 1.26273,0.90839 4.20743,4.57287 4.36968,5.43778 0.0669,0.35673 0.0762,0.72213 0.0207,0.812 -0.0555,0.0899 -0.56061,-0.0697 -1.12237,-0.35464 -0.96356,-0.4887 -1.12376,-0.51482 -2.82899,-0.46128 l -1.80759,0.0568 -1.24711,1.23744 c -1.70373,1.69051 -2.0175,2.3776 -1.88281,4.12287 0.0576,0.74646 0.18128,2.3554 0.27482,3.57543 0.0935,1.22002 0.21916,2.41385 0.27918,2.65296 0.15543,0.61931 -0.55271,3.49828 -1.04114,4.23281 -0.22629,0.3403 -1.20882,1.42165 -2.1834,2.40301 -0.97459,0.98136 -1.91136,2.05528 -2.08172,2.38648 -0.17036,0.33121 -0.65703,0.98966 -1.0815,1.46322 -0.42446,0.47356 -0.8216,1.07018 -0.88253,1.32582 -0.0609,0.25565 -0.1891,0.56425 -0.28482,0.68578 -0.27133,0.34448 -1.25766,0.26191 -2.63977,-0.22097 -1.49843,-0.52351 -2.44958,-0.56791 -2.84056,-0.13258 -0.19182,0.21357 -0.33102,0.93884 -0.44956,2.34229 -0.17882,2.11697 -0.54936,3.27392 -1.10504,3.45028 -0.16481,0.0523 -1.52269,-0.35943 -3.01751,-0.91498 -3.1019,-1.15283 -3.69474,-1.2256 -4.57732,-0.56182 -0.70878,0.53306 -3.0609,1.73836 -3.39523,1.73982 -0.67061,0.003 -1.67431,0.45863 -2.32102,1.05378 l -0.73279,0.67437 -2.74004,0.0812 c -2.26121,0.067 -2.92539,0.14992 -3.8007,0.47452 -0.96004,0.35603 -1.2569,0.38228 -3.12932,0.27668 -1.62061,-0.0914 -2.27392,-0.057 -3.01631,0.15883 -1.21439,0.35303 -2.0927,0.94738 -2.42804,1.64304 -0.29909,0.62047 -2.52407,2.98318 -3.76002,3.99277 -0.45706,0.37336 -0.91363,0.93693 -1.03827,1.28164 -0.18838,0.52094 -0.30509,0.61465 -0.76149,0.61136 -0.29646,-0.002 -0.89406,-0.16494 -1.32801,-0.36179 z"
       style="opacity:1;fill:#a0a0a0;fill-opacity:1;stroke:none;stroke-width:0.176777;stroke-linecap:butt;stroke-linejoin:round;stroke-miterlimit:4;stroke-dasharray:none;stroke-dashoffset:0;stroke-opacity:1" />
    <path
       inkscape:connector-curvature="0"
       id="Apurímac"
       d="m 482.9129,771.28232 c -0.88669,-0.44409 -2.27092,-1.9368 -2.94564,-3.17649 -0.41733,-0.76677 -0.44091,-0.88892 -0.19016,-0.98514 3.13473,-1.20291 4.08609,-1.64319 4.36451,-2.01984 0.51336,-0.69449 0.69101,-2.11705 0.51604,-4.13215 -0.18665,-2.14951 -0.52032,-2.91689 -1.73216,-3.98359 -1.02369,-0.90109 -1.02251,-0.95691 0.0723,-3.4132 0.70047,-1.5715 0.81593,-2.00312 0.88535,-3.30977 0.0439,-0.82643 0.003,-2.49697 -0.091,-3.71231 -0.15637,-2.02259 -0.24074,-2.38185 -0.99644,-4.24264 -0.54735,-1.34776 -1.14171,-2.44999 -1.76347,-3.27037 -1.90246,-2.51018 -2.11565,-3.17622 -1.67474,-5.23215 0.27328,-1.27422 0.005,-2.04078 -1.17633,-3.36507 -0.5302,-0.59421 -1.21276,-1.51515 -1.51679,-2.04654 -0.30403,-0.53139 -0.9508,-1.45636 -1.43728,-2.05549 -0.99463,-1.22497 -1.73969,-2.68556 -1.76152,-3.45321 -0.008,-0.28215 0.38519,-1.33738 0.87381,-2.34493 1.09419,-2.2563 1.10252,-2.28198 0.88038,-2.71189 -0.44024,-0.85198 -2.69592,-3.49388 -4.15553,-4.86703 -1.50591,-1.41672 -1.60173,-1.5504 -1.70929,-2.38474 -0.0627,-0.48613 -0.23078,-1.09843 -0.37357,-1.36065 -0.22053,-0.405 -0.22751,-0.71792 -0.0464,-2.07859 l 0.21327,-1.60182 -0.73913,-1.41184 c -0.91248,-1.74295 -0.93197,-2.27292 -0.13024,-3.5428 0.96475,-1.5281 2.04275,-3.6643 2.04275,-4.04797 0,-0.19323 -0.24014,-0.62483 -0.53365,-0.95912 l -0.53366,-0.6078 1.18795,-1.07217 c 0.98047,-0.88491 1.26665,-1.05424 1.63851,-0.9695 0.81096,0.18479 1.84159,0.96758 3.23556,2.45748 1.19209,1.27414 1.61841,1.59185 3.27037,2.4372 2.16445,1.1076 2.4308,1.34996 3.55739,3.23687 0.80433,1.34715 0.83922,1.3783 2.23792,1.99746 0.78147,0.34593 1.81901,0.88521 2.30564,1.1984 1.17019,0.75311 1.936,1.00808 4.69724,1.56392 1.27272,0.2562 2.58027,0.57706 2.90568,0.71303 1.04622,0.43713 2.06896,0.32223 2.91353,-0.32732 0.63803,-0.4907 1.22878,-1.29293 1.4576,-1.97937 0.0394,-0.1181 0.23937,-0.10056 0.56974,0.05 0.27999,0.12757 1.20991,0.31019 2.06648,0.40583 0.85657,0.0956 1.89396,0.32666 2.30531,0.51339 1.0027,0.45516 1.7728,0.43307 2.66097,-0.0764 0.56177,-0.32221 1.24509,-0.47986 2.85426,-0.65848 1.94244,-0.21562 2.17779,-0.28226 2.87415,-0.81381 0.67323,-0.51389 0.88483,-0.57896 1.88269,-0.57896 1.07669,0 1.17202,0.0369 2.25513,0.87306 0.88002,0.67937 1.44405,0.95684 2.54237,1.25072 0.77631,0.20771 2.43191,0.89517 3.67911,1.52768 1.24721,0.63251 2.7116,1.30276 3.2542,1.48944 0.5426,0.18668 1.39157,0.64976 1.8866,1.02906 1.13538,0.86996 1.86394,1.17155 4.13073,1.70994 1.60806,0.38192 5.38799,1.897 5.99999,2.40492 0.12479,0.10356 0.22733,0.4371 0.22788,0.74118 0.003,1.47162 0.69929,2.65067 1.94355,3.28931 0.92079,0.47261 1.79223,0.68714 4.29825,1.05812 1.24592,0.18444 2.38643,0.43587 2.53446,0.55872 0.14804,0.12286 0.65876,1.00713 1.13496,1.96504 0.47619,0.95792 1.53444,2.7124 2.35166,3.89886 1.57479,2.28629 2.1753,3.42858 3.2236,6.13187 0.60392,1.55734 0.63486,1.72706 0.43507,2.38648 -0.28229,0.93172 -0.66624,3.12467 -0.86708,4.95245 -0.13269,1.20752 -0.27234,1.64607 -0.79611,2.50002 -0.34936,0.56959 -0.69017,1.39359 -0.75736,1.83111 -0.16266,1.05916 -0.63603,2.12372 -1.15051,2.58734 -0.23048,0.2077 -0.9759,0.73283 -1.65649,1.16695 -0.78162,0.49857 -1.84933,1.45425 -2.8986,2.59447 -1.39649,1.51753 -1.87532,1.9121 -3.00521,2.47634 -0.73922,0.36916 -1.76676,0.80977 -2.28343,0.97915 -0.73417,0.24068 -1.06245,0.47656 -1.5026,1.07968 -0.43386,0.59447 -0.94892,0.96943 -2.24259,1.63257 -0.92366,0.47348 -2.0933,0.99832 -2.59921,1.16633 -1.33907,0.4447 -1.99701,1.25331 -1.99688,2.4542 8e-5,0.76603 0.11964,1.11623 0.70701,2.07097 0.62005,1.00787 0.70658,1.27937 0.7043,2.20971 -10e-4,0.58337 -0.061,1.147 -0.13249,1.25253 -0.17896,0.26438 -1.9909,1.08063 -3.52478,1.58787 l -1.27358,0.42115 -1.24006,-0.70269 c -1.34294,-0.761 -2.22835,-0.88933 -3.01868,-0.43754 -0.6774,0.38724 -1.27347,0.31442 -1.94846,-0.23803 -0.939,-0.76854 -1.30539,-0.91102 -2.34282,-0.91102 -0.90057,0 -1.0059,0.0485 -1.82359,0.83969 -0.93204,0.90184 -2.37963,2.03058 -3.04622,2.37525 -0.37092,0.19179 -0.45587,0.15343 -0.87803,-0.39645 -1.0882,-1.41741 -3.05152,-2.87534 -5.27023,-3.9136 -0.99282,-0.4646 -1.29615,-0.52828 -2.11409,-0.44386 -1.06876,0.1103 -2.24186,0.68989 -2.64658,1.30758 -0.47354,0.72271 -1.52862,1.25932 -3.08772,1.5704 -0.82643,0.16489 -2.31252,0.56747 -3.30242,0.89461 -2.30675,0.76234 -2.89927,0.7591 -4.37523,-0.0239 -2.17953,-1.15627 -3.0018,-0.7126 -3.45402,1.86367 -0.11021,0.62784 -0.23962,1.27518 -0.28759,1.43853 -0.14194,0.48341 -1.86948,1.33844 -3.27319,1.62005 -2.49912,0.50135 -2.66399,0.50608 -3.47552,0.0996 z"
       style="opacity:1;fill:#a0a0a0;fill-opacity:1;stroke:none;stroke-width:0.176777;stroke-linecap:butt;stroke-linejoin:round;stroke-miterlimit:4;stroke-dasharray:none;stroke-dashoffset:0;stroke-opacity:1" />
    <path
       inkscape:connector-curvature="0"
       id="Cusco"
       d="m 602.99494,798.91789 c -0.0684,-0.45615 -0.26915,-1.10964 -0.44611,-1.45222 -0.51165,-0.99055 -2.13441,-2.39511 -4.26118,-3.68825 l -1.12522,-0.68418 0.0467,-1.30719 c 0.0257,-0.71897 0.17608,-1.83102 0.33415,-2.47123 0.33433,-1.35416 0.2489,-1.86685 -0.42307,-2.53882 -0.51092,-0.51092 -0.63778,-0.51945 -2.48457,-0.16696 -0.4494,0.0858 -0.73501,0.007 -1.27784,-0.35216 -0.79375,-0.52527 -1.60794,-0.59674 -2.02679,-0.17789 -0.1566,0.15659 -0.47427,0.65878 -0.70594,1.11596 -0.23167,0.45718 -0.53938,0.9293 -0.6838,1.04915 -0.22103,0.18344 -0.29627,0.11172 -0.47535,-0.45304 -0.58901,-1.8575 -1.55888,-2.81072 -3.461,-3.40156 -0.59276,-0.18411 -1.69314,-0.7365 -2.44528,-1.2275 -2.18972,-1.42947 -3.22507,-1.37242 -3.64642,0.20087 -0.11077,0.41361 -0.33282,1.18953 -0.49344,1.72428 l -0.29205,0.97227 -1.76777,-0.0596 c -1.72645,-0.0582 -1.78636,-0.0469 -2.56326,0.48292 -0.76256,0.52006 -0.87234,0.5426 -2.65165,0.5447 -2.641,0.003 -3.78783,-0.22168 -4.85541,-0.95173 -0.48941,-0.33469 -1.20803,-0.66026 -1.59694,-0.72353 -1.38648,-0.22551 -2.03458,-0.62124 -1.40997,-0.86092 0.477,-0.18305 0.58189,-0.83997 0.2951,-1.84815 -0.27354,-0.96154 -0.26784,-1.06451 0.24152,-4.36187 0.0557,-0.36047 0.27811,-0.65738 0.69445,-0.92698 0.58423,-0.37832 1.32795,-1.52295 1.32795,-2.04379 0,-0.51391 -0.62412,-0.82993 -1.63908,-0.82993 -1.15226,0 -1.53973,-0.35288 -1.54747,-1.40935 -0.004,-0.53189 -0.40792,-1.14343 -2.74786,-4.15912 -1.59527,-2.05596 -2.98046,-3.66981 -3.31,-3.85639 -0.86342,-0.48886 -2.18435,-0.29849 -2.8206,0.4065 -0.41711,0.46217 -0.48614,0.69012 -0.48614,1.60531 0,1.15902 0.24436,1.78558 0.95548,2.44992 0.2523,0.23571 0.45874,0.52697 0.45874,0.64725 0,0.80656 -2.70961,5.97594 -3.0695,5.85598 -0.11048,-0.0368 -0.20337,-0.41829 -0.20641,-0.84772 -0.007,-1.0503 -0.69372,-2.27844 -1.49801,-2.68084 -0.84266,-0.42161 -2.47133,-0.40833 -3.32481,0.0271 -0.36301,0.18519 -1.0559,0.39164 -1.53975,0.45878 -0.48386,0.0671 -1.24283,0.30641 -1.68661,0.53171 -0.75952,0.38559 -0.91548,0.40095 -2.65701,0.26154 -2.39049,-0.19132 -4.08339,-0.90916 -5.28656,-2.24164 -0.43753,-0.48454 -1.21104,-1.17822 -1.71892,-1.5415 -0.68475,-0.4898 -0.97007,-0.82844 -1.10387,-1.3102 -0.24804,-0.89302 -0.25035,-0.87532 0.36534,-2.79736 0.45989,-1.43568 0.53752,-1.92517 0.48398,-3.05151 -0.0563,-1.18413 -0.1413,-1.4664 -0.72453,-2.40568 -1.0422,-1.67846 -0.87571,-2.51932 0.59559,-3.008 0.49839,-0.16554 1.75206,-0.72587 2.78592,-1.24518 1.47576,-0.74126 1.99373,-1.10191 2.41008,-1.67807 0.4073,-0.56363 0.77639,-0.82612 1.59099,-1.13148 2.54629,-0.95451 3.45024,-1.55863 5.27159,-3.5231 1.10382,-1.19055 2.19825,-2.16922 3.0052,-2.68732 2.15703,-1.38491 2.39466,-1.6985 2.93961,-3.87921 0.18231,-0.72955 0.58218,-1.71714 0.88861,-2.19467 0.57074,-0.88942 0.54736,-0.77943 1.16615,-5.48661 0.0703,-0.53475 0.23536,-1.28059 0.36681,-1.65741 0.31114,-0.89195 0.30323,-1.77148 -0.0216,-2.39961 -0.14332,-0.27716 -0.49918,-1.15769 -0.7908,-1.95674 -0.68184,-1.86827 -1.46481,-3.28153 -3.08577,-5.56979 -0.71823,-1.0139 -1.71364,-2.67632 -2.21202,-3.69425 -0.57844,-1.18146 -1.09088,-1.98234 -1.41695,-2.21452 -0.35726,-0.25439 -1.19307,-0.46771 -2.78049,-0.70966 -2.85668,-0.43539 -3.99222,-0.7755 -4.69963,-1.40757 -0.46811,-0.41825 -0.59413,-0.70704 -0.77375,-1.77306 -0.11801,-0.70039 -0.34165,-1.41386 -0.49697,-1.58549 -0.47358,-0.5233 -4.67178,-2.26963 -6.62977,-2.75781 -2.29622,-0.5725 -2.83756,-0.79731 -3.78058,-1.57004 -0.41269,-0.33817 -1.30447,-0.81532 -1.98172,-1.06032 -0.67726,-0.24501 -2.14621,-0.9331 -3.26432,-1.52908 -1.26265,-0.67303 -2.56878,-1.21853 -3.44714,-1.43968 -1.48815,-0.37468 -2.27347,-0.76123 -2.84006,-1.39792 -1.13478,-1.27518 -3.59079,-1.36873 -5.0701,-0.19312 -0.53891,0.42827 -0.88035,0.51942 -2.71707,0.7253 -1.6114,0.18062 -2.28754,0.33909 -2.90286,0.68039 l -0.80216,0.44492 -1.34885,-0.46557 c -0.74187,-0.25605 -1.70071,-0.46556 -2.13075,-0.46556 -1.33469,0 -2.34654,-0.41915 -3.44627,-1.4276 -0.55866,-0.5123 -1.80292,-1.51108 -2.76502,-2.21951 -2.22649,-1.63947 -4.42287,-4.17629 -4.97794,-5.74953 -0.3464,-0.98182 -0.81404,-1.46361 -2.07074,-2.13342 -1.73934,-0.92706 -6.57524,-5.9472 -7.79044,-8.08723 -0.40203,-0.708 -0.54242,-1.26166 -0.70656,-2.78653 -0.24937,-2.31662 -0.2246,-4.83224 0.0642,-6.5252 0.20157,-1.18147 0.18628,-1.36557 -0.23557,-2.83622 -0.63867,-2.2265 -2.00569,-5.23994 -2.70257,-5.9575 -0.43365,-0.44651 -1.01471,-0.746 -2.23812,-1.15358 -0.90882,-0.30277 -1.8357,-0.67888 -2.05972,-0.8358 -0.68541,-0.48008 -1.43109,-1.82487 -1.43109,-2.58089 0,-0.93389 -0.35269,-1.53687 -1.29453,-2.21326 -0.93708,-0.67295 -1.12833,-1.14629 -1.79915,-4.45276 -0.24566,-1.21088 -0.54501,-2.33478 -0.66523,-2.49754 -0.12021,-0.16277 -0.76392,-0.92214 -1.43045,-1.68749 -1.04563,-1.20065 -2.22834,-2.92954 -2.23361,-3.26508 -9.1e-4,-0.0582 1.15753,-0.16054 2.5743,-0.22749 2.92845,-0.13836 3.71411,-0.36538 4.40659,-1.27328 0.45086,-0.5911 0.48638,-0.60317 1.77525,-0.60317 1.07047,0 1.61914,-0.1144 2.94881,-0.61481 1.85305,-0.69739 2.3744,-1.0306 2.87747,-1.8391 0.19446,-0.31251 0.62415,-0.90248 0.95487,-1.31105 0.99453,-1.22863 1.31552,-2.13383 1.16588,-3.28784 -0.18287,-1.41035 -0.18558,-2.94422 -0.007,-4.17252 0.11917,-0.82126 0.3118,-1.27014 0.85346,-1.98874 0.38475,-0.51044 0.76369,-0.92808 0.84209,-0.92808 0.0784,0 0.35815,-0.44071 0.62169,-0.97936 0.26354,-0.53865 0.74028,-1.19493 1.05943,-1.45841 0.7724,-0.63765 2.36154,-2.80845 2.47534,-3.38136 0.0499,-0.25104 0.20752,-0.81441 0.35034,-1.25194 0.14282,-0.43752 0.25929,-1.38346 0.25881,-2.1021 -8.9e-4,-1.28177 -0.013,-1.31705 -0.64032,-1.85616 -0.35169,-0.30224 -1.16708,-1.09726 -1.81196,-1.76669 -0.64489,-0.66943 -1.49072,-1.418 -1.87963,-1.66348 -0.38891,-0.24549 -1.01968,-0.8001 -1.40172,-1.23249 l -0.69462,-0.78615 -0.98476,0.10432 c -0.54162,0.0574 -1.26761,0.15235 -1.61331,0.21106 -0.43773,0.0743 -0.69281,0.0293 -0.84023,-0.14833 -0.17761,-0.214 0.0627,-0.36363 1.4926,-0.92949 1.34512,-0.5323 2.07202,-0.96768 3.44928,-2.06595 1.52482,-1.21594 1.82262,-1.54564 2.36008,-2.61288 0.33828,-0.67175 0.84516,-1.48371 1.1264,-1.80437 0.77078,-0.87883 1.58666,-2.35022 1.82146,-3.2849 0.11518,-0.45851 0.43199,-1.14135 0.70403,-1.51743 0.27204,-0.37608 0.54391,-0.94653 0.60416,-1.26766 0.10735,-0.57225 0.12767,-0.58372 1.02056,-0.57627 0.59529,0.005 1.28549,-0.15012 1.99152,-0.44745 0.98085,-0.41308 1.18464,-0.43982 2.20971,-0.28994 5.67847,0.83025 6.45761,0.80193 7.72244,-0.28071 0.38054,-0.32573 1.22357,-0.79236 1.8734,-1.03696 1.2827,-0.4828 4.18141,-2.05126 5.33464,-2.88651 l 0.71979,-0.52132 0.68534,1.05846 c 1.35517,2.09298 2.20723,2.83917 4.67468,4.09384 1.24862,0.63492 2.69554,1.523 3.21539,1.97352 2.46861,2.13944 4.38564,2.14704 5.47549,0.0217 0.42693,-0.83257 0.51353,-0.79455 2.59598,1.13947 2.00324,1.86047 3.2048,2.46366 4.17378,2.09526 0.24907,-0.0947 0.80109,-0.49317 1.22671,-0.8855 1.25619,-1.15792 5.6813,-3.00877 7.1935,-3.00877 0.16869,0 0.89657,-0.42321 1.61752,-0.94047 0.72096,-0.51726 1.43885,-0.9896 1.59531,-1.04964 0.33805,-0.12972 4.44187,0.13769 6.32341,0.41205 l 1.32583,0.19332 -0.0228,1.35528 c -0.0335,1.98696 -0.32675,3.27747 -1.031,4.53679 -0.34405,0.61522 -0.62555,1.29903 -0.62555,1.51958 0,0.41914 -1.66796,3.03715 -2.29863,3.60791 -0.20044,0.18139 -0.53528,0.61346 -0.7441,0.96015 -0.20882,0.34669 -0.60615,0.92294 -0.88296,1.28055 -0.52119,0.67331 -1.28418,2.3622 -2.00463,4.43728 -0.22885,0.65912 -0.57913,1.40568 -0.77841,1.65902 -0.47714,0.60659 -0.45714,1.07526 0.0796,1.86514 0.43036,0.63335 0.56896,1.45698 0.30665,1.82227 -0.0714,0.0995 -0.34802,0.31966 -0.61465,0.48932 -0.26662,0.16964 -0.67797,0.68971 -0.9141,1.15571 -0.23614,0.46599 -0.70772,1.18045 -1.04796,1.58769 -0.94458,1.13059 -1.02428,1.9818 -0.2842,3.03535 0.17207,0.24495 0.36368,0.81685 0.4258,1.27088 0.16222,1.18574 1.4446,2.82502 2.86428,3.66143 5.02861,2.96263 6.67648,4.34996 7.85297,6.61134 0.41571,0.79907 0.96369,1.7806 1.21772,2.18117 0.25403,0.40058 0.61752,1.18789 0.80776,1.74958 0.20781,0.6136 0.55612,1.20494 0.87255,1.48139 0.28967,0.25307 0.96228,0.89766 1.49469,1.4324 1.27305,1.27865 1.74934,1.58843 2.44439,1.58983 0.4646,8.8e-4 0.77645,0.19909 1.60472,1.01968 0.56542,0.56019 1.23431,1.42918 1.48641,1.93109 0.25209,0.50192 0.85861,1.48251 1.3478,2.1791 0.62735,0.89331 0.92466,1.50937 1.00892,2.09058 0.14351,0.98982 0.29268,1.30603 1.06992,2.26802 0.52506,0.64986 0.59497,0.85857 0.59214,1.76777 -0.003,0.81983 -0.1021,1.18345 -0.48614,1.77595 -1.8996,2.93071 -2.0085,3.27645 -1.39796,4.43846 0.88526,1.6849 0.9824,1.90427 1.18712,2.68069 0.31357,1.18927 2.41825,3.14386 4.4125,4.09784 0.82644,0.39534 1.71375,0.82883 1.97182,0.96331 0.27224,0.14187 1.01436,0.24629 1.76777,0.24874 1.69784,0.006 2.48701,0.20232 3.19286,0.79625 1.06649,0.8974 1.92708,1.14394 3.99817,1.14541 2.63625,0.002 4.71253,0.26556 5.29583,0.67256 0.26342,0.18381 0.87395,0.4827 1.35673,0.66421 0.48278,0.1815 1.22205,0.66941 1.64283,1.08423 0.55444,0.54659 1.04276,0.83213 1.77387,1.03724 0.55485,0.15567 1.57903,0.47509 2.27595,0.70983 0.94631,0.31873 1.64868,0.42679 2.77412,0.42679 1.90493,0 3.51565,0.55965 5.20253,1.80764 0.65233,0.4826 1.4247,1.00026 1.71638,1.15035 0.42186,0.21707 2.53402,1.7234 4.13548,2.94929 0.13551,0.10374 1.16966,0.25014 2.2981,0.32534 5.38477,0.35885 5.27664,0.33908 6.82039,1.24682 1.55422,0.91391 1.52838,0.91019 4.50021,0.64716 l 2.02106,-0.17888 0.66545,0.53477 c 1.05586,0.84851 1.44189,0.93272 2.96544,0.64687 0.73843,-0.13854 1.89945,-0.34688 2.58004,-0.46298 2.65802,-0.45342 3.90526,-0.74159 4.28684,-0.99048 0.54969,-0.35854 0.50947,-1.06655 -0.11667,-2.05386 -0.50828,-0.80149 -1.02588,-1.10105 -2.13724,-1.23697 -0.37295,-0.0456 -0.45062,-0.15945 -0.49754,-0.72928 -0.0496,-0.60305 -0.0213,-0.65752 0.26517,-0.5095 0.17642,0.0912 0.74221,0.26465 1.2573,0.38554 1.00775,0.23651 2.63884,0.0884 5.01688,-0.45566 1.41359,-0.3234 1.85262,-0.16898 2.85752,1.00501 l 0.62631,0.7317 -0.49301,0.41484 c -0.48864,0.41116 -0.82344,1.36995 -1.29183,3.6995 -0.26495,1.31772 -0.0431,3.3659 0.48053,4.43704 0.52646,1.07686 0.55923,1.60032 0.10912,1.74318 -0.30413,0.0965 -0.52535,0.46447 -1.33272,2.21667 -0.62232,1.35058 -1.18876,2.19321 -1.67183,2.48698 -0.48189,0.29305 -0.90648,1.11226 -0.90648,1.74897 0,0.44351 -0.85216,1.16921 -1.97714,1.68373 -0.98709,0.45145 -1.96747,1.35938 -2.2689,2.10123 -0.084,0.20679 -0.20357,0.8387 -0.26566,1.40424 -0.10344,0.94233 -0.17006,1.06788 -0.79722,1.5026 -0.73265,0.50783 -1.23182,1.45597 -1.23182,2.33976 0,0.75646 -0.44807,1.73131 -0.99265,2.15968 -0.48595,0.38225 -1.30073,1.93123 -1.30372,2.4785 -0.002,0.39989 -0.58458,1.54806 -1.25395,2.4721 -0.28355,0.39143 -0.51554,0.90179 -0.51554,1.13415 0,0.69636 -0.64192,1.75501 -1.18392,1.95252 -0.98409,0.35859 -3.34106,1.13504 -4.11938,1.35703 -1.88726,0.53826 -2.74014,1.2856 -2.62808,2.30285 0.0221,0.20044 -0.0211,1.13586 -0.0959,2.0787 l -0.13605,1.71427 -0.94132,0.72622 c -0.51773,0.39943 -0.98792,0.84765 -1.04486,0.99604 -0.0569,0.1484 -0.10354,0.82193 -0.10354,1.49674 0,1.18957 0.0219,1.25074 0.72068,2.00878 0.47503,0.51534 1.00984,0.87789 1.56898,1.06361 0.77095,0.25606 0.85819,0.34158 0.95675,0.93777 0.18915,1.1441 0.12716,1.40033 -0.52865,2.18529 l -0.641,0.76723 0.11991,1.74102 c 0.11922,1.73105 0.11624,1.74929 -0.52002,3.18278 -0.35195,0.79297 -0.9147,1.9986 -1.25055,2.67919 -0.33584,0.68059 -0.60888,1.32954 -0.60675,1.4421 0.006,0.33589 -0.91742,2.05147 -1.42892,2.65366 -0.26171,0.30813 -0.52949,0.8778 -0.59507,1.26593 -0.11566,0.6846 -0.15613,0.71938 -1.35389,1.16335 -0.67907,0.2517 -1.34334,0.45764 -1.47615,0.45764 -0.50389,0 -1.2864,0.88029 -1.48555,1.67117 -0.13178,0.52336 -0.43908,1.02944 -0.90549,1.49121 -0.3883,0.38444 -0.70601,0.82655 -0.70601,0.98247 0,0.15592 0.4773,0.79655 1.06066,1.42362 0.58337,0.62707 1.06066,1.29504 1.06066,1.48437 0,0.53555 -1.35928,1.57414 -2.55303,1.9507 -1.82346,0.5752 -4.59529,1.77039 -4.82739,2.08153 -0.63968,0.85751 0.31165,2.88643 2.26966,4.84056 l 1.26503,1.26253 0.81801,-0.1088 c 0.44991,-0.0598 1.09675,-0.155 1.43742,-0.21145 l 0.6194,-0.10264 0.22029,0.94751 c 0.32136,1.38225 0.27895,1.70756 -0.31005,2.37839 -0.75778,0.86306 -0.73295,1.92973 0.0884,3.7978 0.3403,0.77398 0.61872,1.54759 0.61872,1.71913 0,0.33112 -0.64911,0.99701 -1.4663,1.50418 -0.56798,0.35249 -0.8961,1.06851 -0.75227,1.64157 0.0545,0.21724 0.41691,0.76215 0.8053,1.2109 0.78587,0.90799 0.84859,1.10853 0.39681,1.26876 -1.03517,0.36711 -1.26862,1.65277 -0.49492,2.72567 0.23824,0.33037 0.71553,1.06234 1.06066,1.62661 0.58071,0.94943 0.6275,1.13114 0.6275,2.4369 0,0.90121 -0.089,1.5524 -0.24637,1.80249 -0.18008,0.28616 -0.21142,0.64882 -0.11648,1.34769 0.13896,1.02293 0.0889,1.12105 -0.92993,1.82409 -0.28258,0.195 -0.48456,0.54647 -0.55872,0.97227 -0.0691,0.39684 -0.28267,0.78966 -0.52739,0.97006 l -0.41125,0.30317 z"
       style="opacity:1;fill:#a0a0a0;fill-opacity:1;stroke:none;stroke-width:0.176777;stroke-linecap:butt;stroke-linejoin:round;stroke-miterlimit:4;stroke-dasharray:none;stroke-dashoffset:0;stroke-opacity:1" />
    <path
       inkscape:connector-curvature="0"
       id="Madre-de-Dios"
       d="m 657.35145,692.79328 c -11.69045,-6.11137 -16.69414,-8.64133 -17.09413,-8.64311 -0.44144,-0.002 -0.67037,0.13494 -1.04332,0.6239 l -0.4778,0.62642 -0.51649,-0.62659 c -1.02887,-1.2482 -2.43853,-1.76888 -3.59678,-1.32851 -0.26272,0.0999 -1.31552,0.29077 -2.33955,0.42418 -1.59801,0.20819 -1.98914,0.20685 -2.76,-0.009 -1.57435,-0.44174 -2.1276,-0.48351 -2.37976,-0.17968 -0.36186,0.43602 -0.43957,1.56037 -0.15489,2.24129 0.28003,0.66981 0.748,0.96983 1.77754,1.1396 0.50049,0.0825 0.75751,0.25239 1.00992,0.66745 0.18622,0.30621 0.31933,0.57599 0.29581,0.59951 -0.0392,0.0392 -1.50976,0.33671 -3.74484,0.75769 -1.57224,0.29614 -3.21291,0.54175 -3.61887,0.54175 -0.21787,0 -0.7224,-0.25854 -1.1212,-0.57453 -0.81362,-0.64469 -1.37994,-0.70055 -4.45232,-0.43917 l -1.59099,0.13534 -1.41422,-0.83248 c -1.55077,-0.91288 -1.22455,-0.85334 -6.82125,-1.24483 l -2.04829,-0.14328 -1.67171,-1.26202 c -0.91944,-0.6941 -2.08482,-1.50559 -2.58973,-1.80329 -0.50491,-0.29771 -1.31361,-0.85399 -1.79711,-1.23617 -0.4835,-0.38219 -1.5386,-0.95493 -2.34466,-1.27277 -1.25276,-0.49397 -1.72536,-0.58552 -3.25463,-0.63048 -1.23101,-0.0362 -2.05812,-0.15731 -2.65165,-0.3883 -0.47443,-0.18463 -1.29622,-0.43795 -1.82621,-0.56293 -0.71063,-0.16758 -1.17586,-0.42576 -1.77203,-0.98341 -0.44463,-0.4159 -1.24402,-0.92749 -1.77643,-1.13686 -0.5324,-0.20938 -1.08733,-0.48246 -1.23317,-0.60685 -0.57554,-0.49089 -1.61065,-0.66631 -4.41942,-0.74898 -3.24231,-0.0954 -3.83184,-0.21646 -4.67955,-0.96076 -0.91407,-0.80256 -1.68276,-1.04136 -3.35211,-1.04136 -1.46277,0 -2.12614,-0.16686 -3.28205,-0.82554 -0.24306,-0.13851 -0.76013,-0.40026 -1.14904,-0.58168 -0.38891,-0.18141 -1.27847,-0.87371 -1.97679,-1.53844 -1.03757,-0.98765 -1.29137,-1.33786 -1.38833,-1.9157 -0.0652,-0.38891 -0.38883,-1.17022 -0.71905,-1.73624 -0.33023,-0.56603 -0.60042,-1.1897 -0.60042,-1.38594 0,-0.19625 0.46787,-1.12525 1.03972,-2.06446 1.16914,-1.92024 1.34305,-2.48229 1.16612,-3.76876 -0.09,-0.65405 -0.27926,-1.0721 -0.69721,-1.53968 -0.70933,-0.79357 -0.97778,-1.29306 -0.98002,-1.82347 -0.002,-0.59061 -0.69535,-1.97959 -1.74101,-3.49025 -0.4999,-0.72221 -0.90892,-1.42141 -0.90892,-1.55379 0,-0.27472 -2.1877,-2.67974 -2.73315,-3.00466 -0.19824,-0.11809 -0.6361,-0.21753 -0.97302,-0.22097 -0.51364,-0.005 -0.77061,-0.173 -1.59099,-1.03858 -0.53812,-0.56777 -1.23081,-1.20521 -1.53929,-1.41654 -0.41299,-0.28291 -0.658,-0.67495 -0.92915,-1.48675 -0.20255,-0.60639 -0.53119,-1.34118 -0.73032,-1.63286 -0.19912,-0.29168 -0.70788,-1.2065 -1.13057,-2.03293 -0.61619,-1.20475 -1.07859,-1.80288 -2.33273,-3.01744 -0.8603,-0.83316 -2.08127,-1.82386 -2.71324,-2.20155 -0.63198,-0.3777 -1.50702,-0.93941 -1.94455,-1.24824 -0.43752,-0.30884 -1.13147,-0.73068 -1.5421,-0.93744 -0.99794,-0.50245 -2.06457,-1.96207 -2.32658,-3.1838 -0.11122,-0.51859 -0.36495,-1.17145 -0.56386,-1.45078 -0.41072,-0.57681 -0.4195,-0.55003 0.80862,-2.46713 0.70757,-1.10451 1.11353,-1.58414 1.815,-2.14433 0.20582,-0.16437 0.47123,-0.62262 0.58979,-1.01833 0.20068,-0.66981 0.17872,-0.79088 -0.31811,-1.75422 l -0.53366,-1.03475 0.41927,-0.68696 c 0.2306,-0.37783 0.52941,-1.04493 0.66401,-1.48245 0.47895,-1.5568 1.49709,-3.73026 2.0337,-4.34143 0.2997,-0.34134 0.54491,-0.72229 0.54491,-0.84656 0,-0.12427 0.24429,-0.45959 0.54285,-0.74515 0.46652,-0.4462 1.16145,-1.39313 2.50562,-3.41422 0.16964,-0.25506 0.30885,-0.64969 0.30936,-0.87697 5.1e-4,-0.22727 0.28334,-0.91821 0.62851,-1.53542 0.70837,-1.26669 0.93795,-2.25836 1.08358,-4.68048 0.06,-0.99806 0.20133,-1.82282 0.34834,-2.03293 0.19165,-0.27392 0.22131,-0.73408 0.13169,-2.04288 l -0.11569,-1.68933 0.79835,-1.40697 c 0.43909,-0.77384 1.16899,-2.30632 1.62201,-3.40552 0.45302,-1.09919 1.02346,-2.4353 1.26764,-2.96913 0.39544,-0.86453 0.42092,-1.04185 0.23312,-1.62268 -0.33916,-1.04898 -0.79228,-1.84991 -1.62617,-2.87442 -1.04634,-1.28552 -1.35799,-1.93295 -1.41,-2.92907 l -0.0436,-0.83579 1.41421,-0.22784 c 2.34052,-0.37707 2.8188,-0.35403 3.50434,0.16885 0.33369,0.25452 1.14878,0.98906 1.81131,1.63231 1.4562,1.41383 1.8335,1.62029 3.57959,1.95876 1.56349,0.30307 6.96192,0.34465 8.01267,0.0617 0.48322,-0.13012 0.97017,-0.52805 1.85229,-1.51366 1.3772,-1.53878 2.41973,-2.15109 4.05731,-2.383 0.60811,-0.0861 1.74181,-0.43628 2.51935,-0.77815 0.77753,-0.34186 1.57508,-0.62156 1.77232,-0.62156 0.42986,0 2.59522,-1.7201 3.82674,-3.03986 1.13629,-1.2177 1.96328,-1.66562 7.01085,-3.79726 0.35578,-0.15026 0.92724,-0.53764 1.26991,-0.86084 0.48938,-0.46161 1.12795,-0.74543 2.97703,-1.32321 1.29471,-0.40455 2.79154,-0.89148 3.32629,-1.08208 0.53475,-0.19059 1.62204,-0.54095 2.41621,-0.77858 3.01973,-0.90354 3.83547,-1.44251 4.59054,-3.03305 0.29649,-0.62454 0.8181,-1.25158 1.61758,-1.94454 1.4615,-1.26676 1.61301,-1.43498 2.67247,-2.9673 0.47056,-0.68059 1.24795,-1.56715 1.72752,-1.97013 0.92264,-0.7753 1.7387,-2.12541 2.26479,-3.74695 0.19775,-0.60953 0.68143,-1.39199 1.36483,-2.20795 1.20324,-1.43661 1.4081,-1.78808 1.78597,-3.0641 0.14868,-0.50207 0.39852,-1.10852 0.55522,-1.34766 0.49612,-0.75717 0.52975,-2.02151 0.0995,-3.73906 -0.2154,-0.85977 -0.39163,-1.81396 -0.39163,-2.12041 0,-1.37527 0.8816,-2.36113 3.24979,-3.63413 0.60787,-0.32675 1.41425,-0.99822 2.0415,-1.69995 0.9391,-1.05058 1.1359,-1.18318 2.08887,-1.40734 0.57865,-0.13611 1.26968,-0.24872 1.53562,-0.25024 l 0.48352,-0.003 -0.0956,5.17072 c -0.0526,2.84389 -0.20956,14.39846 -0.34885,25.67681 -0.23676,19.17084 -0.23392,20.52049 0.0436,20.72707 0.16327,0.12153 0.40075,0.22097 0.52773,0.22097 0.35268,0 1.53914,-1.14219 1.91883,-1.84724 0.1859,-0.3452 0.43216,-0.62763 0.54725,-0.62763 0.28253,0 1.12295,-1.01735 1.41384,-1.71149 0.12963,-0.30934 0.31169,-0.6094 0.40457,-0.6668 0.25397,-0.15696 1.40124,0.92674 1.79202,1.69273 0.18904,0.37055 0.49419,0.75427 0.6781,0.85269 0.18391,0.0984 0.41774,0.41807 0.51962,0.71032 0.12745,0.36561 0.53305,0.75011 1.30022,1.23258 0.61325,0.38566 1.52401,1.03244 2.02393,1.43728 1.27646,1.03371 3.5803,2.27479 4.23438,2.28107 0.337,0.003 0.67646,-0.13777 0.88388,-0.36715 0.30673,-0.33919 0.45666,-0.36195 1.68141,-0.25523 1.25031,0.10895 1.38054,0.0873 1.85616,-0.30844 0.7297,-0.60717 1.10257,-0.76965 2.09834,-0.91433 1.00641,-0.14622 1.97058,-0.59236 2.4674,-1.1417 0.62538,-0.6915 1.47459,-1.11056 2.01152,-0.99263 0.35601,0.0782 0.62946,0.006 0.95818,-0.25242 0.25301,-0.19902 0.84441,-0.54035 1.31423,-0.75851 0.46982,-0.21817 1.14134,-0.61619 1.49226,-0.88449 1.35614,-1.03687 3.57688,-2.25615 3.91423,-2.14908 0.18434,0.0585 0.56174,0.0125 0.83867,-0.10219 0.4432,-0.18358 0.5842,-0.15374 1.17705,0.24912 0.91283,0.62028 1.62888,0.59741 2.27072,-0.0725 l 0.50796,-0.53019 0.41896,0.39359 c 0.51113,0.48019 1.63052,0.5334 2.10913,0.10027 0.30669,-0.27755 0.38592,-0.23301 1.47253,0.82775 0.63162,0.61659 1.32137,1.32713 1.53277,1.57898 0.51306,0.6112 1.2093,0.59161 2.19574,-0.0618 0.49142,-0.3255 0.99834,-0.51361 1.35667,-0.50342 0.32135,0.009 0.72518,-0.12227 0.92138,-0.29983 0.30238,-0.27365 0.45068,-0.28946 1.10432,-0.11769 0.41527,0.10912 1.02907,0.21937 1.364,0.24499 0.59296,0.0453 0.65842,0.13247 2.49212,3.31694 1.03574,1.79871 3.11627,5.29889 4.6234,7.77818 1.50714,2.47929 4.65883,7.66543 7.00377,11.52475 7.35908,12.11166 13.37201,22.56879 18.06863,31.42329 4.78224,9.01592 11.68082,24.01474 11.12984,24.1984 -0.46351,0.1545 -1.71411,1.25134 -2.2557,1.97835 -1.20071,1.61177 -1.38583,1.81265 -2.30448,2.50062 -0.77842,0.58296 -0.92921,0.7834 -0.88389,1.17496 0.0448,0.38674 0.27839,0.58661 1.2921,1.10548 0.68059,0.34836 1.26281,0.76451 1.29381,0.92477 0.0855,0.44169 -1.1881,1.85054 -2.05002,2.26779 -0.70432,0.34096 -0.7874,0.34746 -1.07804,0.0844 -0.52372,-0.47396 -1.32052,-0.35123 -2.17069,0.33434 -1.75218,1.41294 -2.27389,1.8948 -2.54347,2.34917 -0.15619,0.26326 -0.63886,0.7173 -1.0726,1.00898 -0.43373,0.29168 -1.02012,0.8883 -1.30307,1.32582 -0.28296,0.43753 -0.90219,1.08468 -1.37608,1.43811 -0.79376,0.59202 -0.89299,0.75211 -1.26016,2.03294 -0.2192,0.76467 -0.5517,1.86317 -0.73888,2.4411 -0.18718,0.57794 -0.34033,1.44742 -0.34033,1.93219 0,0.815 0.059,0.93636 0.78334,1.61088 l 0.78334,0.72949 -15.41161,7.13491 c -8.47639,3.9242 -15.69005,7.27213 -16.03035,7.43985 l -0.61873,0.30493 z"
       style="opacity:1;fill:#a0a0a0;fill-opacity:1;stroke:none;stroke-width:0.176777;stroke-linecap:butt;stroke-linejoin:round;stroke-miterlimit:4;stroke-dasharray:none;stroke-dashoffset:0;stroke-opacity:1" />
    <path
       inkscape:connector-curvature="0"
       id="Puno"
       d="m 663.78025,897.7063 c -0.0942,-0.29692 -0.52544,-0.94928 -0.95823,-1.44971 -0.43278,-0.50043 -0.91087,-1.13486 -1.06241,-1.40986 -0.36562,-0.66348 -1.07244,-0.73888 -2.47203,-0.26371 -1.24697,0.42336 -1.822,0.2843 -2.43328,-0.58842 -0.18231,-0.26029 -0.77871,-0.73093 -1.32532,-1.04587 -1.43531,-0.82697 -2.20323,-1.50037 -3.94566,-3.45995 -2.11398,-2.37745 -2.5267,-2.94728 -3.56892,-4.92768 -0.49622,-0.94291 -1.15894,-1.99562 -1.4727,-2.33937 -0.31375,-0.34375 -0.71476,-0.90625 -0.89112,-1.25 -0.17636,-0.34375 -0.87398,-1.26269 -1.55027,-2.04208 -1.10409,-1.27241 -1.19904,-1.47421 -0.93009,-1.97676 0.18781,-0.35091 0.24295,-1.04109 0.14785,-1.85029 l -0.15169,-1.29061 1.67918,-0.5928 c 1.03011,-0.36366 2.0778,-0.96023 2.71041,-1.54336 0.56718,-0.5228 1.52018,-1.12306 2.11779,-1.33391 1.49907,-0.5289 1.98638,-1.03401 1.98638,-2.05894 0,-1.2545 -1.24269,-2.42861 -2.82083,-2.66515 -0.8294,-0.12432 -1.42714,-0.40536 -1.95071,-0.91717 -0.41519,-0.40586 -1.25695,-0.8722 -1.87058,-1.03632 -1.49761,-0.40055 -2.33696,-1.34868 -2.98967,-3.37713 -0.41508,-1.28999 -0.70082,-1.76775 -1.20608,-2.01663 -0.36417,-0.17937 -0.66213,-0.42181 -0.66213,-0.53874 0,-0.11693 -0.47812,-0.50216 -1.0625,-0.85607 -0.58437,-0.3539 -1.38442,-0.93249 -1.77789,-1.28575 -0.66469,-0.59677 -0.68683,-0.67384 -0.3125,-1.08748 0.66882,-0.73904 0.48961,-1.68339 -0.53461,-2.81707 -0.87337,-0.96672 -0.9375,-1.14496 -0.9375,-2.60558 0,-1.28188 0.10261,-1.6771 0.5625,-2.16664 0.44718,-0.47599 0.5625,-0.89018 0.5625,-2.02021 v -1.42146 l -1.24849,-0.68743 c -0.98894,-0.54451 -1.33459,-0.91031 -1.66263,-1.75952 -0.36409,-0.94252 -0.37384,-1.24006 -0.0807,-2.46195 0.23403,-0.97555 0.25661,-1.51299 0.0757,-1.80291 -0.34434,-0.55194 -1.87303,-1.05252 -3.7089,-1.21452 -1.03821,-0.0916 -1.84634,-0.34725 -2.625,-0.8304 -2.2469,-1.39418 -4.09607,-1.57889 -5.3038,-0.52979 -2.00202,1.73907 -3.03642,1.78958 -4.64856,0.22702 -0.64495,-0.62512 -1.5104,-1.30591 -1.92323,-1.51287 -1.1047,-0.55382 -1.59452,-1.20331 -1.95471,-2.59188 -0.37121,-1.43103 -1.44404,-2.95607 -2.44289,-3.4726 -0.38026,-0.19664 -0.76783,-0.61188 -0.86126,-0.92276 -0.0934,-0.31088 -0.53738,-0.95899 -0.98653,-1.44024 -0.70917,-0.75987 -0.83646,-1.10256 -0.96733,-2.60439 -0.12511,-1.43567 -0.0703,-1.86026 0.32282,-2.5 0.26043,-0.42384 0.547,-1.16729 0.63682,-1.65211 0.29323,-1.58282 -1.31424,-3.67039 -3.56042,-4.62378 -1.11165,-0.47184 -1.39247,-1.32627 -1.21742,-3.7042 0.1201,-1.63147 0.0638,-2.1172 -0.33644,-2.9017 -0.45173,-0.88548 -0.45751,-1.02342 -0.0959,-2.29052 0.21161,-0.74157 0.37198,-1.9822 0.35636,-2.75696 -0.0212,-1.04935 0.0686,-1.4459 0.35206,-1.55466 0.21378,-0.082 0.38114,-0.4506 0.38203,-0.84134 0.001,-0.5032 0.19982,-0.80811 0.719,-1.10343 0.76797,-0.43683 0.72824,-0.25368 1.14908,-5.29806 0.13066,-1.56622 -0.31086,-2.79377 -1.52882,-4.25054 -0.76227,-0.91172 -0.75981,-1.5717 0.007,-1.76405 0.32858,-0.0825 0.66505,-0.32618 0.7477,-0.54157 0.1685,-0.43911 -0.59849,-2.09678 -1.20186,-2.59753 -0.57668,-0.47861 -0.47083,-0.82917 0.41976,-1.39016 0.43657,-0.275 0.96045,-0.79737 1.16419,-1.16082 0.32065,-0.57203 0.3239,-0.80716 0.0242,-1.75 -0.19042,-0.59905 -0.49364,-1.31109 -0.67382,-1.58231 -0.4765,-0.71727 -0.40139,-1.8342 0.1724,-2.56366 0.57843,-0.73535 0.6234,-1.68512 0.16304,-3.44321 l -0.32732,-1.25 h -1.73036 c -1.71645,0 -1.73945,-0.009 -2.86219,-1.125 -1.1959,-1.18869 -1.97101,-2.63868 -1.59176,-2.97768 0.12297,-0.10993 1.29234,-0.61667 2.59859,-1.12609 3.15722,-1.23129 3.44747,-1.38663 4.14924,-2.22063 0.89153,-1.05953 0.78484,-1.99762 -0.36772,-3.23323 -0.93678,-1.00428 -0.95284,-1.05102 -0.49061,-1.42782 0.26283,-0.21425 0.63116,-0.83955 0.81851,-1.38955 0.317,-0.93059 0.46662,-1.04683 2.1554,-1.67462 1.89754,-0.7054 2.22502,-0.97798 2.23135,-1.85727 0.002,-0.29254 0.1781,-0.67652 0.3911,-0.8533 0.213,-0.17677 0.67496,-0.94992 1.02657,-1.71811 0.35162,-0.76819 0.90449,-1.9592 1.22859,-2.6467 1.67007,-3.54257 1.85757,-4.15228 1.85757,-6.04034 0,-1.53147 0.0981,-1.9876 0.5625,-2.61588 0.42931,-0.58078 0.55004,-1.05148 0.50988,-1.98786 -0.0703,-1.63855 -0.35399,-2.08635 -1.54859,-2.44426 -1.17405,-0.35175 -1.77379,-1.08623 -1.77379,-2.17228 0,-0.59634 0.24981,-1.00026 1.08654,-1.75688 l 1.08653,-0.9825 0.15417,-2.22821 c 0.0848,-1.22551 0.25976,-2.33379 0.38882,-2.46285 0.12906,-0.12906 1.61983,-0.70137 3.31283,-1.2718 2.69966,-0.9096 3.14846,-1.1416 3.64965,-1.88661 0.3143,-0.46721 0.57351,-1.08596 0.57601,-1.375 0.003,-0.28905 0.34423,-1.02688 0.7594,-1.63964 0.41516,-0.61277 0.88152,-1.61719 1.03634,-2.23205 0.15542,-0.6172 0.6562,-1.53269 1.11806,-2.0439 0.59767,-0.66155 0.91974,-1.34019 1.12787,-2.37652 0.22557,-1.12321 0.47592,-1.61264 1.10938,-2.16882 0.6247,-0.5485 0.85713,-0.99557 0.98333,-1.89144 0.22183,-1.57464 0.68942,-2.24236 1.94814,-2.78191 1.19609,-0.5127 2.66293,-2.04008 2.66293,-2.77283 0,-0.26905 0.22988,-0.63076 0.51084,-0.80381 0.55102,-0.33936 2.23916,-3.16761 2.23916,-3.75141 0,-0.19556 0.3375,-0.65627 0.75,-1.02381 0.89048,-0.79342 0.93212,-1.32732 0.2134,-2.73614 -0.97398,-1.90917 -0.4352,-6.91547 0.78597,-7.30305 0.25909,-0.0822 0.67459,-0.59114 0.92335,-1.13091 0.24875,-0.53977 0.54598,-0.9843 0.66051,-0.98784 0.11453,-0.004 7.65203,3.88981 16.75,8.65191 9.09797,4.76209 16.6648,8.66209 16.81516,8.66666 0.20633,0.006 31.04693,-14.14753 32.20349,-14.77928 0.12961,-0.0708 0.14729,0.134 0.0412,0.47766 -0.87406,2.83253 -1.06452,4.16249 -0.85587,5.9766 0.1186,1.03125 0.38036,2.325 0.58167,2.875 0.78718,2.15057 0.30164,8.95811 -0.74556,10.4532 -0.26103,0.37268 -0.37336,1.18127 -0.37336,2.68765 v 2.15461 l -1.11216,1.1774 c -0.61169,0.64757 -1.17939,1.3892 -1.26154,1.64806 -0.0822,0.25886 -0.63557,0.70601 -1.2298,0.99367 -1.71261,0.82906 -2.03523,1.31151 -1.67687,2.50762 0.22934,0.76545 0.68743,1.30627 1.98007,2.33765 1.57898,1.25984 1.70011,1.42958 1.98313,2.77886 0.27113,1.29264 0.2522,1.53355 -0.18841,2.39721 -0.46585,0.91316 -0.4505,1.73907 0.0323,1.73907 0.12279,0 0.44825,0.225 0.72325,0.5 0.384,0.38399 0.50005,0.83351 0.5002,1.9375 2.5e-4,2.25575 1.01038,4.13224 3.11429,5.78563 1.62887,1.28008 1.67736,1.35041 1.51775,2.2012 -0.12565,0.66978 -0.0137,1.18792 0.47062,2.1778 0.67545,1.38056 0.74935,1.72647 0.68675,3.21441 -0.0454,1.07817 -0.19084,1.16674 -3.78961,2.30692 -3.08672,0.97796 -3.31315,1.15975 -3.11235,2.49876 0.14262,0.95105 0.0728,1.21294 -0.53583,2.01095 l -0.69981,0.9175 0.67241,1.19619 0.67242,1.1962 -0.81092,0.61642 c -0.446,0.33902 -1.14842,0.79179 -1.56092,1.00614 -0.4125,0.21436 -1.07041,0.72683 -1.46202,1.13884 -0.39162,0.412 -1.08888,0.81979 -1.54949,0.9062 -0.4606,0.0864 -1.32144,0.55378 -1.91297,1.0386 -0.59154,0.48483 -1.27239,1.04223 -1.51302,1.23867 -0.29551,0.24126 -0.4375,0.71196 -0.4375,1.4504 v 1.09322 l -1.35971,0.42768 c -0.74784,0.23523 -1.47894,0.57135 -1.62467,0.74695 -0.14573,0.17559 -0.25077,0.93537 -0.23341,1.68839 0.0173,0.75302 -0.10455,1.62347 -0.27092,1.93434 -0.20909,0.39067 -0.25098,1.19532 -0.13568,2.60565 l 0.16682,2.04044 -2.00872,0.59512 c -3.67592,1.08907 -4.28371,1.83218 -4.28371,5.23747 0,1.8107 -0.0611,2.05055 -0.74012,2.90497 -0.40706,0.51222 -0.80742,1.14339 -0.88969,1.4026 -0.19292,0.60782 0.60034,2.39519 1.55227,3.49754 0.40954,0.47426 1.20112,1.54135 1.75907,2.3713 1.21955,1.8141 2.58823,3.09069 4.42508,4.12734 0.75096,0.42382 1.65835,1.07277 2.01643,1.44212 1.16449,1.20112 2.37696,2.72612 2.37696,2.98964 0,0.14163 -0.40464,0.49625 -0.89921,0.78805 -0.49456,0.2918 -1.31019,0.92205 -1.8125,1.40056 -1.66204,1.58327 -3.89014,3.39354 -4.82018,3.91625 -0.9886,0.55562 -1.46811,1.33604 -1.46811,2.3894 0,0.4046 -0.3045,0.978 -0.77974,1.46833 -0.62198,0.64171 -0.77691,1.01055 -0.7657,1.82288 0.008,0.56012 0.0761,1.11883 0.152,1.24158 0.0759,0.12276 -0.0484,0.37656 -0.27623,0.56402 -0.22779,0.18745 -1.19441,1.39592 -2.14803,2.68548 l -1.73386,2.34465 4.57622,13.25713 c 4.88348,14.14723 5.30858,15.10905 7.54987,17.08191 1.0047,0.88437 1.37094,1.04586 2.68291,1.18299 1.29897,0.13577 1.62108,0.0836 2.22038,-0.35946 0.61556,-0.45511 0.8272,-0.48528 1.73659,-0.24757 0.56957,0.14888 1.47052,0.3832 2.0021,0.5207 0.53157,0.1375 1.26282,0.25 1.625,0.25 0.36217,0 0.65849,0.0918 0.65849,0.20401 0,0.44305 2.94784,3.25922 3.94309,3.76695 1.88649,0.96242 1.54514,1.32585 -2.50559,2.66765 -3.45118,1.1432 -5.45637,2.19504 -5.26417,2.76136 0.0513,0.15124 -0.0792,0.41814 -0.29,0.59312 -0.21083,0.17497 -0.38333,0.48638 -0.38333,0.69201 0,0.20564 -0.3375,0.75828 -0.75,1.22809 -0.9156,1.04281 -0.92714,1.43374 -0.10315,3.49339 0.5184,1.2958 0.6145,1.85201 0.48398,2.80106 -0.13648,0.99232 -0.0741,1.29707 0.38513,1.88087 l 0.54801,0.69667 -0.84449,0.71289 c -0.88482,0.74694 -2.84768,1.5421 -5.29437,2.14477 -2.67589,0.65912 -3.39615,1.3103 -3.77712,3.41482 -0.13196,0.72896 -0.40586,1.09573 -1.2541,1.67934 -1.20505,0.8291 -2.69456,2.7547 -3.29861,4.26437 -0.27443,0.68588 -0.74854,1.20974 -1.55741,1.72087 -0.63958,0.40416 -1.75349,1.28944 -2.47537,1.96731 -1.21615,1.14201 -1.3125,1.31728 -1.3125,2.38767 0,1.35151 0.049,1.31466 -3.4097,2.56664 -2.6836,0.97143 -4.83356,2.38269 -6.80424,4.46639 -1.45052,1.53371 -2.1485,2.90773 -1.92646,3.79239 0.1776,0.70761 -0.62684,1.19405 -2.40138,1.4521 -1.05157,0.15292 -1.18369,0.11637 -1.33811,-0.37017 z"
       style="opacity:1;fill:#a0a0a0;fill-opacity:1;stroke:none;stroke-width:0.25;stroke-linecap:butt;stroke-linejoin:round;stroke-miterlimit:4;stroke-dasharray:none;stroke-dashoffset:0;stroke-opacity:1" />
    <path
       inkscape:connector-curvature="0"
       id="Arequipa"
       d="m 577.39511,895.84049 c -0.64029,-0.45458 -1.43579,-1.03542 -1.76777,-1.29076 -0.33198,-0.25534 -0.9218,-0.56249 -1.31071,-0.68256 -0.38891,-0.12006 -1.3435,-0.52602 -2.12132,-0.90212 -1.53144,-0.74052 -3.46259,-1.22071 -4.91711,-1.22267 -0.50408,-7.1e-4 -1.59016,-0.16272 -2.4135,-0.36009 l -1.49697,-0.35885 -1.65076,-1.70254 c -0.90792,-0.93639 -1.8578,-2.05582 -2.11085,-2.48762 -0.25306,-0.43181 -1.18329,-1.41557 -2.06718,-2.18616 -1.39601,-1.21704 -1.78619,-1.45765 -2.97079,-1.83198 -0.75004,-0.23701 -1.82396,-0.50602 -2.38649,-0.59778 -0.56252,-0.0918 -1.23738,-0.24951 -1.49967,-0.35054 -0.69674,-0.26838 -1.85111,-1.3702 -2.6167,-2.49757 -0.7334,-1.07999 -1.98505,-2.2981 -2.36136,-2.2981 -0.13146,0 -0.88286,-0.5236 -1.66978,-1.16355 -1.14984,-0.9351 -1.49025,-1.32558 -1.73367,-1.98874 -0.16659,-0.45385 -0.39733,-1.06472 -0.51275,-1.35749 -0.20283,-0.5145 -1.89982,-2.60006 -3.01825,-3.70939 -0.29996,-0.29751 -1.11047,-0.76264 -1.80115,-1.03362 -0.69067,-0.27097 -1.57205,-0.72179 -1.95861,-1.00181 -1.69716,-1.22942 -3.01865,-1.72006 -5.87442,-2.18102 -1.49883,-0.24193 -3.1229,-0.48866 -3.60904,-0.54829 -0.48613,-0.0596 -1.24185,-0.18568 -1.67937,-0.28013 -0.43753,-0.0944 -1.43742,-0.24067 -2.22199,-0.32494 -1.24885,-0.13413 -1.5316,-0.23344 -2.27044,-0.79741 -0.46417,-0.35431 -1.44519,-0.92199 -2.18004,-1.26152 -0.73485,-0.33952 -1.706,-0.96332 -2.15812,-1.38621 -1.40538,-1.31457 -2.15684,-1.71854 -3.51379,-1.88892 -1.29378,-0.16246 -3.80453,-1.22388 -4.22632,-1.78669 -0.12037,-0.16061 -0.5972,-0.42093 -1.05963,-0.5785 -1.07653,-0.36681 -3.76249,-1.96455 -5.76116,-3.42702 -1.51513,-1.10866 -1.59963,-1.14521 -2.96615,-1.28297 -0.77363,-0.078 -1.8417,-0.23213 -2.37349,-0.34253 -0.83567,-0.17348 -0.98058,-0.265 -1.06775,-0.67437 -0.2047,-0.96135 -0.44592,-1.283 -1.6181,-2.15765 -1.53042,-1.14195 -4.32157,-2.49671 -6.34056,-3.07755 -0.8668,-0.24937 -2.5702,-0.8194 -3.78534,-1.26673 -1.21515,-0.44733 -2.63023,-0.96645 -3.14463,-1.15359 -0.60087,-0.21859 -1.64378,-0.3786 -2.91682,-0.44752 l -1.98154,-0.10728 -2.052,-1.3819 c -1.24922,-0.84128 -2.38228,-1.46507 -2.89623,-1.59448 -0.66585,-0.16767 -1.0999,-0.46424 -2.05435,-1.40365 -0.66557,-0.65509 -2.00271,-1.67813 -2.97142,-2.27343 -1.18119,-0.72587 -2.05854,-1.4241 -2.66377,-2.11995 -0.61934,-0.71207 -1.15372,-1.13355 -1.70325,-1.34342 -0.71867,-0.27446 -0.85828,-0.42613 -1.3616,-1.47921 -0.38641,-0.80845 -0.743,-1.28335 -1.14654,-1.52695 -0.32213,-0.19445 -0.93475,-0.60859 -1.36136,-0.9203 -0.42662,-0.31172 -1.22462,-0.68399 -1.77334,-0.82728 -0.54872,-0.14329 -1.31374,-0.4697 -1.70005,-0.72534 -0.41975,-0.27778 -1.34887,-0.60591 -2.30901,-0.81547 -1.11979,-0.2444 -1.77234,-0.49039 -2.1535,-0.81182 -0.72089,-0.60792 -1.44004,-0.89946 -3.46047,-1.40282 -0.92189,-0.22968 -2.11513,-0.62942 -2.65165,-0.88831 -1.17531,-0.56713 -3.30051,-2.66905 -4.0023,-3.95846 -0.58888,-1.08197 -1.68621,-1.92605 -3.44888,-2.65291 -0.71063,-0.29305 -1.6126,-0.71796 -2.00437,-0.94426 -0.64619,-0.37325 -3.56128,-1.57221 -5.57462,-2.2928 -0.43804,-0.15678 -1.1914,-0.61143 -1.67413,-1.01033 -1.03604,-0.85614 -1.5535,-1.12567 -3.84749,-2.00407 -0.96315,-0.3688 -2.18648,-1.00135 -2.77625,-1.43552 -1.23005,-0.90551 -3.05073,-1.84632 -4.42911,-2.28869 -0.53475,-0.17162 -1.13137,-0.45239 -1.32582,-0.62395 -0.43849,-0.38684 -1.88668,-1.11096 -2.82843,-1.41425 -0.71774,-0.23116 -1.85615,-0.98853 -1.85615,-1.23488 0,-0.0742 0.47729,-0.6182 1.06066,-1.20885 0.61632,-0.62402 1.06066,-1.22888 1.06066,-1.44383 0,-0.20346 0.27842,-0.65661 0.61872,-1.007 0.47877,-0.49298 0.61871,-0.78367 0.61871,-1.28524 0,-0.47937 0.15437,-0.82909 0.59274,-1.3429 0.326,-0.3821 0.73267,-0.97316 0.9037,-1.31345 0.17103,-0.3403 0.60805,-0.97669 0.97114,-1.41422 0.36309,-0.43752 0.79031,-1.0474 0.94938,-1.35529 0.1842,-0.35654 0.50722,-0.63175 0.88962,-0.75796 0.33023,-0.10898 0.74925,-0.36546 0.93116,-0.56995 0.36117,-0.40602 3.91149,-2.79687 4.15324,-2.79687 0.0821,0 0.6222,-0.22906 1.20015,-0.50903 l 1.05082,-0.50902 0.48767,0.50902 c 0.26822,0.27997 0.62178,0.50903 0.78568,0.50903 0.16391,0 0.66092,0.16053 1.10446,0.35673 1.46556,0.64828 7.66383,1.94136 9.30578,1.94136 0.40351,0 0.96835,0.12137 1.2552,0.26971 0.45868,0.23719 0.52155,0.36427 0.52155,1.05411 0,0.43143 0.16878,1.205 0.37505,1.71904 0.20628,0.51404 0.47449,1.30106 0.59603,1.74892 0.31943,1.17716 2.53058,4.3627 3.50356,5.0475 0.55827,0.39292 0.83075,0.72795 0.91907,1.13004 0.1712,0.77946 1.31199,1.97035 2.62296,2.73814 0.59804,0.35025 1.51593,0.9063 2.03977,1.23568 0.52384,0.32937 1.30855,0.65226 1.74379,0.71753 0.80698,0.12101 1.01215,0.0549 2.51593,-0.8105 1.05887,-0.60937 3.05782,-0.39725 4.01495,0.42604 0.44323,0.38125 0.48243,0.52919 0.55008,2.07585 0.0717,1.63974 0.066,1.66847 -0.37323,1.86859 -0.52583,0.23958 -0.74392,0.78621 -0.49742,1.24679 0.26995,0.50441 2.37345,1.49304 3.38313,1.59006 1.03387,0.0993 1.46498,-0.17912 1.87932,-1.21389 0.15651,-0.39085 0.60952,-0.9003 1.17897,-1.32582 1.08892,-0.81371 3.26452,-3.12505 3.68434,-3.91419 0.54674,-1.02773 1.15121,-1.20116 4.03475,-1.15764 2.29598,0.0347 2.70387,-0.006 3.9424,-0.39775 1.20136,-0.37951 1.71196,-0.4364 3.91648,-0.4364 h 2.53502 l 0.89585,-0.80545 c 0.61236,-0.55056 1.1079,-0.83765 1.56592,-0.9072 0.84559,-0.12841 2.9518,-1.08187 4.03276,-1.8256 l 0.82608,-0.56835 2.70712,0.99393 c 3.37292,1.23838 3.56139,1.27487 4.2781,0.82837 1.00806,-0.62802 1.62845,-2.52374 1.63881,-5.00774 0.004,-0.99288 0.11655,-1.02503 1.69042,-0.48354 2.43118,0.83645 3.68252,0.61978 4.22308,-0.73122 0.16334,-0.40822 0.61889,-1.10733 1.01233,-1.55359 0.39344,-0.44626 0.86022,-1.0898 1.03729,-1.4301 0.17707,-0.34029 0.89585,-1.17556 1.59729,-1.85615 2.00056,-1.94109 2.94902,-3.16425 3.25667,-4.19992 0.57583,-1.93845 0.6904,-3.03826 0.47509,-4.56069 -0.11222,-0.7936 -0.15712,-1.51883 -0.0998,-1.61164 0.0573,-0.0928 -0.0306,-1.06115 -0.19551,-2.15188 -0.39548,-2.61623 -0.27447,-3.07668 1.21882,-4.63755 l 1.11872,-1.16936 1.74789,0.0615 c 1.56432,0.0551 1.82182,0.11257 2.45184,0.54765 0.88976,0.61446 1.37883,0.61446 1.86375,0 0.55995,-0.70953 0.43109,-2.20717 -0.27973,-3.25103 -0.28611,-0.42016 -0.58014,-0.8583 -0.65339,-0.97363 -0.086,-0.1354 0.30779,-0.53044 1.11139,-1.11493 0.68451,-0.49787 1.52931,-1.2204 1.87732,-1.60561 0.54422,-0.60238 0.73568,-0.70039 1.36825,-0.70039 0.58337,0 0.93012,0.14625 1.67656,0.70711 1.03732,0.77942 1.57481,0.86444 2.76172,0.43684 0.38891,-0.14011 0.8322,-0.25594 0.98508,-0.2574 0.31738,-0.003 2.22621,0.99616 2.38077,1.24624 0.13796,0.22323 0.9063,0.20926 1.34293,-0.0244 0.19498,-0.10434 0.80169,-0.3062 1.34824,-0.44856 0.54656,-0.14236 1.25685,-0.42144 1.57842,-0.62018 0.32157,-0.19875 0.58468,-0.31901 0.58468,-0.26725 0,0.0518 -0.0857,0.49351 -0.19035,0.98168 -0.13879,0.64716 -0.13536,1.15246 0.0127,1.86551 0.17117,0.82454 0.31752,1.06795 0.93304,1.55181 0.40151,0.31562 1.31099,1.14131 2.02105,1.83486 1.79358,1.75185 3.43194,2.4615 6.26411,2.71328 1.96335,0.17454 2.02699,0.16874 2.86058,-0.26091 0.46891,-0.24168 1.32423,-0.51538 1.90072,-0.60822 0.57649,-0.0928 1.2248,-0.29252 1.44068,-0.44373 0.39559,-0.27708 1.95744,-0.37932 2.51663,-0.16474 0.46831,0.17971 0.9901,1.38209 0.86696,1.99778 -0.13723,0.68615 0.27435,1.34199 1.08467,1.72841 0.50784,0.24217 0.64634,0.24972 0.88883,0.0485 0.452,-0.37513 2.1314,-3.32973 2.81807,-4.9579 0.82999,-1.968 0.81721,-2.50954 -0.0832,-3.52314 -0.58448,-0.658 -0.70666,-0.92318 -0.70686,-1.53417 -1.4e-4,-0.43611 0.11354,-0.85246 0.27755,-1.01647 0.3173,-0.3173 1.00222,-0.36205 1.49606,-0.0978 0.5787,0.30971 5.47399,6.73192 5.47399,7.18142 0,0.72033 0.52474,1.7514 1.04891,2.06104 0.27953,0.16512 0.83406,0.30023 1.23227,0.30023 0.39821,0 0.72405,0.0597 0.72409,0.13258 3e-5,0.0729 -0.40005,0.49056 -0.88907,0.92808 -0.88107,0.78827 -0.89104,0.80913 -1.09887,2.2981 -0.21803,1.56206 -0.26272,3.01026 -0.12526,4.059 0.0663,0.50545 0.0187,0.62405 -0.27335,0.68194 -0.91082,0.18052 -1.04836,0.87463 -0.30936,1.56125 0.6656,0.61841 1.58286,1.05519 2.44826,1.1658 0.41262,0.0527 1.05111,0.32908 1.48273,0.64175 1.03242,0.74788 1.67082,0.90172 4.25889,1.0263 2.59834,0.12507 3.24523,0.0336 4.16181,-0.58839 0.64696,-0.43904 0.74542,-0.45349 2.30857,-0.33874 1.10364,0.081 1.75511,0.0544 2.01027,-0.0822 0.45117,-0.24146 0.93305,-1.29159 1.24295,-2.70873 0.12441,-0.56889 0.32389,-1.07183 0.44328,-1.11764 0.26843,-0.10301 1.08179,0.30949 2.21372,1.1227 0.47403,0.34056 1.33703,0.76307 1.91778,0.9389 0.58075,0.17584 1.32554,0.48636 1.65511,0.69004 0.55721,0.34438 0.74518,0.64123 1.68885,2.66718 0.64294,1.38036 1.80017,1.06248 2.76141,-0.75854 0.29168,-0.55258 0.60108,-1.00491 0.68756,-1.00519 0.0865,-3.5e-4 0.5493,0.24074 1.0285,0.5356 l 0.87126,0.5361 1.06003,-0.29743 c 0.98054,-0.27513 1.08166,-0.27579 1.34864,-0.009 0.26701,0.26699 0.26687,0.37832 -0.002,1.48489 -0.15974,0.65795 -0.32727,1.85654 -0.37231,2.66354 -0.0967,1.73358 0.0203,1.93107 1.77586,2.99559 1.59882,0.9695 3.19556,2.26724 3.59403,2.92104 0.19143,0.31408 0.4007,0.9688 0.46505,1.45493 0.0922,0.69651 0.24375,1.00034 0.71492,1.4332 0.73641,0.67653 0.88975,1.45568 0.5004,2.54258 -0.15641,0.43659 -0.33056,1.23563 -0.38698,1.77563 -0.0872,0.83429 -0.0326,1.12004 0.36338,1.90148 0.41733,0.82355 0.44625,0.9982 0.27676,1.67151 -0.26973,1.07157 0.0312,3.90539 0.48076,4.52698 0.18597,0.25715 0.7375,0.66641 1.22563,0.90948 1.27018,0.63249 2.2675,1.47923 2.78759,2.3667 0.51308,0.87551 0.47931,1.15755 -0.32972,2.75411 -0.47249,0.93241 -0.48418,1.02308 -0.36413,2.8268 0.13336,2.0035 0.40484,2.71088 1.2539,3.26721 0.24448,0.16019 0.63426,0.72029 0.86615,1.24468 0.32087,0.72554 0.58361,1.03849 1.09918,1.3093 0.86274,0.45316 1.8229,1.6232 1.93974,2.36374 0.0772,0.48941 -0.0285,0.71141 -0.72592,1.52406 -1.25248,1.45948 -1.35234,1.74934 -1.52449,4.42434 -0.13155,2.04417 -0.11076,2.54474 0.13932,3.35513 0.25394,0.82294 0.26554,1.14881 0.0853,2.39566 -0.11477,0.79374 -0.20867,1.64509 -0.20867,1.89189 0,0.24679 -0.24413,0.93727 -0.54251,1.53438 -0.4954,0.99137 -0.64891,1.14157 -1.76777,1.72951 -0.67389,0.35412 -1.22525,0.70175 -1.22525,0.77251 0,0.0708 -0.46938,0.66036 -1.04307,1.31023 -0.57371,0.64988 -1.09696,1.39622 -1.16281,1.65854 -0.0819,0.32628 0.0639,1.02304 0.46148,2.20557 l 0.58119,1.72862 -0.36853,0.36851 c -0.34491,0.34491 -0.43503,0.35466 -1.40712,0.15223 -0.57124,-0.11896 -1.87389,-0.22354 -2.89477,-0.2324 -1.56213,-0.0136 -1.99274,0.046 -2.71832,0.37594 -0.57618,0.262 -1.20533,0.39204 -1.89678,0.39204 -1.4175,0 -2.3635,0.40886 -2.85568,1.23422 -0.21779,0.3652 -0.7539,0.93411 -1.19137,1.26423 -0.44012,0.33211 -0.97379,0.95442 -1.19478,1.39318 -0.21965,0.43612 -0.83615,1.2139 -1.37002,1.7284 -0.53385,0.5145 -0.97065,1.03913 -0.97065,1.16584 0,0.12671 -0.33158,0.7399 -0.73684,1.36264 -0.40524,0.62274 -0.88977,1.53001 -1.07671,2.01615 -0.18692,0.48613 -0.72068,1.40095 -1.1861,2.03293 -0.46542,0.63197 -1.01849,1.49072 -1.22904,1.90831 -0.56797,1.1265 -1.52085,2.10138 -2.18283,2.23322 -0.65527,0.13051 -1.28931,0.62766 -1.93254,1.51532 -0.96201,1.32757 -0.79279,2.07995 0.88278,3.92513 0.59188,0.65179 1.17593,1.36774 1.29789,1.59099 0.13365,0.24466 0.26676,1.49433 0.33509,3.14594 0.10335,2.49806 0.15819,2.84151 0.62096,3.88909 0.76503,1.73182 0.71102,2.80374 -0.21577,4.28188 -0.39494,0.62989 -0.85247,1.54989 -1.01674,2.04444 -0.4327,1.30276 -1.52918,2.90242 -2.49484,3.63976 -0.46138,0.35229 -0.88709,0.63459 -0.94603,0.62733 -0.0589,-0.007 -0.63103,-0.38511 -1.27132,-0.83969 z"
       style="opacity:1;fill:#a0a0a0;fill-opacity:1;stroke:none;stroke-width:0.176777;stroke-linecap:butt;stroke-linejoin:round;stroke-miterlimit:4;stroke-dasharray:none;stroke-dashoffset:0;stroke-opacity:1" />
    <path
       inkscape:connector-curvature="0"
       id="Moquegua"
       d="m 591.78781,918.9854 c -1.18308,-0.46726 -2.52917,-1.10002 -2.99132,-1.40614 -0.68715,-0.45515 -1.01999,-0.55728 -1.82644,-0.56046 -0.57953,-0.002 -1.2875,-0.14072 -1.71698,-0.33574 -0.72006,-0.32698 -0.72878,-0.34188 -0.59235,-1.01258 0.34626,-1.70226 0.52783,-2.49316 0.70415,-3.06721 0.11125,-0.36222 0.14649,-1.205 0.085,-2.03294 -0.0578,-0.77781 -0.0289,-1.80408 0.0641,-2.28058 0.235,-1.20393 -0.37542,-3.71517 -1.25332,-5.15608 -0.86898,-1.42627 -3.92745,-5.36789 -4.38424,-5.6502 -0.10917,-0.0675 0.12373,-0.35154 0.55282,-0.67432 0.89791,-0.67541 2.32165,-2.78221 2.73756,-4.05094 0.16699,-0.50941 0.45191,-1.1379 0.63316,-1.39664 1.32597,-1.89292 1.52539,-3.50412 0.66204,-5.34906 -0.51661,-1.10395 -0.55696,-1.34174 -0.67085,-3.95313 -0.14168,-3.24845 -0.20655,-3.43209 -1.87415,-5.30584 -0.81647,-0.9174 -1.14798,-1.42902 -1.14798,-1.77168 0,-0.73063 0.93572,-1.7528 1.82129,-1.98955 0.89564,-0.23945 1.9336,-1.26454 2.67736,-2.64419 0.28665,-0.53172 0.89378,-1.48383 1.34919,-2.1158 0.4554,-0.63198 0.92313,-1.44744 1.03939,-1.81215 0.11626,-0.3647 0.49229,-1.07145 0.83562,-1.57057 0.34333,-0.49912 0.76288,-1.21716 0.93234,-1.59566 0.16946,-0.37849 0.64082,-0.97296 1.04747,-1.32103 0.40665,-0.34808 0.90476,-0.96241 1.10691,-1.36518 0.20214,-0.40277 0.85568,-1.21211 1.45231,-1.79853 0.59662,-0.58642 1.20938,-1.25563 1.36169,-1.48712 0.24729,-0.37586 0.42807,-0.42673 1.68957,-0.47547 0.95892,-0.0371 1.68583,-0.17542 2.26322,-0.43083 0.76741,-0.33946 1.06025,-0.36627 2.99501,-0.27416 1.17944,0.0562 2.52668,0.15198 2.99388,0.21295 0.93633,0.1222 1.34823,-0.10905 1.82031,-1.02195 0.34169,-0.66076 0.31347,-1.019 -0.19488,-2.47401 -0.61479,-1.75968 -0.58478,-1.96971 0.44194,-3.09311 0.48614,-0.53191 0.88389,-1.03911 0.88389,-1.1271 0,-0.088 0.45741,-0.39226 1.01646,-0.67616 1.26593,-0.64285 1.84043,-1.24128 2.43077,-2.53203 0.69829,-1.52679 1.02168,-4.83965 0.59779,-6.12403 -0.24687,-0.74801 -0.0744,-5.16482 0.22442,-5.74837 0.10582,-0.20662 0.43286,-0.62982 0.72675,-0.94045 l 0.53436,-0.56478 0.75025,0.77195 c 0.41264,0.42458 1.09574,0.94821 1.51799,1.16363 0.42226,0.21542 1.24819,0.85302 1.8354,1.41689 1.60188,1.5382 2.32814,1.7128 3.96168,0.95239 0.52598,-0.24485 1.26204,-0.72137 1.63569,-1.05894 0.48349,-0.4368 0.84485,-0.6132 1.25337,-0.61184 0.78163,0.003 2.16169,0.43904 2.7796,0.87903 0.92512,0.65875 2.02087,1.05576 2.92477,1.05972 0.80346,0.004 3.14643,0.53195 3.37589,0.7614 0.0514,0.0514 -0.0206,0.31966 -0.16012,0.59607 -0.46713,0.92567 -0.50428,1.88789 -0.12082,3.1294 0.44043,1.42593 0.93659,2.03561 2.1001,2.58057 l 0.89992,0.42149 v 0.91466 c 0,0.71148 -0.084,0.98946 -0.37795,1.25141 -0.58869,0.52453 -0.85958,1.36807 -0.8585,2.67337 10e-4,1.7179 0.26448,2.47688 1.16687,3.3665 0.85692,0.8448 0.95426,1.24084 0.42313,1.72151 -0.21742,0.19676 -0.35355,0.54447 -0.35355,0.90301 0,0.5025 0.17069,0.72995 1.23559,1.64649 0.67958,0.58489 1.45537,1.17709 1.72399,1.316 0.26862,0.13891 0.64712,0.42795 0.84112,0.64231 0.19399,0.21436 0.56474,0.49939 0.82389,0.6334 0.36001,0.18617 0.51587,0.4521 0.66066,1.12719 0.27478,1.28126 0.87125,2.44439 1.68858,3.29279 0.56342,0.58483 0.98247,0.82209 1.96689,1.11361 0.89088,0.26381 1.39128,0.52795 1.73855,0.9177 0.56324,0.63214 1.19461,0.92441 2.63487,1.21971 0.85584,0.17547 1.08535,0.30459 1.36936,0.77036 0.61494,1.00851 0.56942,1.06379 -1.60203,1.94563 -0.34029,0.1382 -1.12986,0.69825 -1.7546,1.24456 -0.62473,0.54632 -1.22135,0.99367 -1.32582,0.99411 -0.42148,0.002 -3.03316,1.10642 -3.23673,1.36897 -0.14493,0.18693 -0.20437,0.82924 -0.17677,1.91014 0.0347,1.36124 -0.011,1.68691 -0.27853,1.98432 -0.17606,0.1957 -0.45806,0.74195 -0.62666,1.2139 -0.24831,0.69505 -0.45359,0.93938 -1.08036,1.28588 -0.7083,0.39157 -0.76246,0.39905 -0.63993,0.0884 0.46467,-1.17809 0.38757,-1.4095 -0.92062,-2.76319 -0.68486,-0.70869 -1.56372,-1.69611 -1.95302,-2.19428 -0.4371,-0.55934 -1.02657,-1.06006 -1.54124,-1.30921 -0.90294,-0.43711 -0.65841,-0.44951 -4.1054,0.20819 -1.34157,0.25598 -1.82301,0.73207 -1.90522,1.88404 -0.10569,1.48106 -0.38819,2.27327 -0.96999,2.72015 -1.45921,1.12083 -1.44797,1.106 -1.53647,2.02705 -0.0696,0.72467 0.0503,1.29085 0.64142,3.02777 0.39989,1.17503 0.72707,2.41405 0.72707,2.75337 0,0.57655 -0.0665,0.64892 -1.01647,1.10556 -1.75405,0.84317 -3.00421,1.7838 -3.5038,2.63629 -0.46755,0.79783 -1.70699,1.76467 -2.91533,2.27415 -0.65118,0.27456 -3.34778,2.75287 -3.34778,3.07678 0,0.10704 -0.35241,0.4892 -0.78313,0.84924 -0.43073,0.36004 -0.82754,0.83154 -0.88181,1.04777 -0.0543,0.21623 -0.29478,0.52164 -0.53447,0.67869 -0.57006,0.37352 -1.19944,1.49403 -1.69555,3.01862 -0.32451,0.99728 -0.60553,1.44718 -1.49655,2.39589 -0.92928,0.98944 -1.16766,1.38284 -1.55902,2.57285 -0.25411,0.77265 -0.50048,1.63047 -0.54751,1.90627 -0.1053,0.61756 -0.32464,0.89056 -1.10102,1.37039 -0.3324,0.20544 -0.92305,0.84279 -1.31254,1.41635 -0.3895,0.57356 -0.78489,1.04283 -0.87866,1.04283 -0.0938,0 -0.44975,0.38873 -0.79109,0.86384 -0.34133,0.47511 -0.75883,0.90344 -0.92778,0.95184 -0.16895,0.0484 -0.92853,0.258 -1.68796,0.46575 -1.54047,0.42141 -5.12265,1.96944 -5.63929,2.43699 -0.18387,0.1664 -0.61359,0.83403 -0.95494,1.48362 -0.59668,1.13548 -1.72739,2.29248 -2.22348,2.27517 -0.12723,-0.004 -1.1993,-0.39038 -2.38237,-0.85764 z"
       style="opacity:1;fill:#a0a0a0;fill-opacity:1;stroke:none;stroke-width:0.176777;stroke-linecap:butt;stroke-linejoin:round;stroke-miterlimit:4;stroke-dasharray:none;stroke-dashoffset:0;stroke-opacity:1" />
    <path
       inkscape:connector-curvature="0"
       id="Tacna"
       d="m 638.50212,948.71807 c -1.18497,-0.16758 -1.98702,-0.38541 -2.47752,-0.67286 -0.54185,-0.31754 -1.03918,-0.43783 -1.96629,-0.47555 -1.19211,-0.0485 -1.27687,-0.0242 -2.15203,0.61827 l -0.91105,0.66877 -0.83296,-0.63582 c -0.45813,-0.3497 -1.12039,-0.78245 -1.47169,-0.96167 -0.35129,-0.17922 -1.21822,-0.84548 -1.9265,-1.48058 -0.70828,-0.6351 -1.74133,-1.40841 -2.29566,-1.71845 -0.55432,-0.31005 -1.32606,-0.82145 -1.71497,-1.13645 -0.38891,-0.31499 -1.3918,-1.01893 -2.22864,-1.56429 -1.00731,-0.65646 -1.76375,-1.31239 -2.23822,-1.94081 -0.94959,-1.25773 -2.90234,-2.68122 -4.54674,-3.31442 -1.79479,-0.69111 -2.11956,-0.87353 -3.41897,-1.92037 -1.41053,-1.13636 -2.40733,-2.39099 -2.8592,-3.59873 -0.3807,-1.0175 -1.04683,-1.7487 -2.29751,-2.52192 -0.43753,-0.27049 -1.19841,-0.79541 -1.69085,-1.16649 -0.49245,-0.37108 -1.46077,-0.90785 -2.15184,-1.19283 -0.69107,-0.28497 -1.55953,-0.72405 -1.92992,-0.97574 -0.37038,-0.25168 -0.91621,-0.4576 -1.21295,-0.4576 -0.69338,0 -2.18423,-1.48474 -2.70851,-2.69741 l -0.36371,-0.84126 0.89295,-0.83525 c 0.49112,-0.45939 1.12368,-1.29233 1.40569,-1.85099 0.28201,-0.55866 0.69141,-1.13007 0.90977,-1.26981 0.84015,-0.53767 3.64078,-1.69083 4.96745,-2.04536 1.49121,-0.3985 2.7658,-0.97014 2.7658,-1.24043 0,-0.0917 0.46061,-0.66681 1.02358,-1.27803 0.56296,-0.61123 1.15693,-1.32324 1.31992,-1.58224 0.163,-0.25901 0.66483,-0.73553 1.11518,-1.05895 0.86829,-0.62356 1.31388,-1.28527 1.31493,-1.9527 3.5e-4,-0.22358 0.2284,-1.01615 0.50677,-1.76126 0.40187,-1.07567 0.70378,-1.54905 1.46566,-2.29809 0.82384,-0.80997 1.04205,-1.17553 1.5431,-2.58512 0.59719,-1.68005 1.18178,-2.58553 1.79489,-2.78013 0.20914,-0.0664 0.34579,-0.268 0.34579,-0.51019 0,-0.25617 0.26081,-0.61003 0.72392,-0.9822 0.39815,-0.31996 0.80255,-0.80732 0.89866,-1.08302 0.0961,-0.2757 0.3269,-0.54956 0.51287,-0.60859 0.18597,-0.059 0.66319,-0.49282 1.06049,-0.96399 0.39729,-0.47118 0.90185,-0.90173 1.12123,-0.95679 0.21938,-0.0551 1.00465,-0.49557 1.74505,-0.9789 0.96328,-0.62885 1.44718,-1.07679 1.70131,-1.57492 0.40455,-0.79298 1.53195,-1.67413 3.18088,-2.48609 0.62331,-0.30693 1.23729,-0.69497 1.3644,-0.8623 0.32059,-0.42208 0.29951,-2.21326 -0.0354,-3.00577 -0.39651,-0.93833 -0.91432,-2.50538 -1.04826,-3.17234 -0.16353,-0.81437 0.007,-1.18433 0.77953,-1.69588 0.95045,-0.62898 1.38615,-1.43031 1.65969,-3.05247 l 0.23584,-1.39861 0.87226,-0.20546 c 3.14933,-0.74184 3.43979,-0.6718 4.98061,1.20103 0.58939,0.71639 1.38912,1.60862 1.77718,1.98274 0.67259,0.64844 0.69732,0.71036 0.52942,1.32583 -0.0969,0.35508 -0.25293,0.73996 -0.3468,0.85528 -0.25219,0.30983 0.11441,0.87771 0.65406,1.01315 0.30849,0.0774 0.79142,-0.0361 1.4932,-0.35105 1.11879,-0.50208 1.65702,-0.97932 1.86105,-1.65015 0.12502,-0.41104 0.15738,-0.39382 0.99699,0.53033 0.47728,0.52534 1.10269,1.35623 1.38981,1.84643 0.28712,0.49019 0.76058,1.11981 1.05214,1.39914 0.29157,0.27934 0.90568,1.27038 1.36469,2.20233 0.45902,0.93194 1.17682,2.11517 1.59511,2.6294 0.41829,0.51422 0.76053,1.01363 0.76053,1.10978 0,0.0962 0.98183,1.15382 2.18184,2.35035 1.42488,1.42075 2.48282,2.32021 3.0494,2.59258 0.47715,0.22938 1.22788,0.80461 1.66828,1.27829 1.13597,1.2218 1.85501,1.27963 4.36999,0.35144 0.12154,-0.0449 0.22097,0.0497 0.22097,0.2101 0,0.1604 0.34784,0.6661 0.77298,1.12376 0.42513,0.45767 0.93801,1.15882 1.13973,1.55811 0.51442,1.0183 1.09785,1.23037 2.63561,0.95801 0.65831,-0.11659 1.58894,-0.39862 2.06807,-0.62674 l 0.87114,-0.41475 0.88865,0.79898 c 0.48876,0.43943 1.26771,0.99105 1.73099,1.22581 0.46328,0.23477 1.42281,0.93311 2.13228,1.55187 l 1.28995,1.12503 0.0371,1.74732 c 0.0647,3.04134 -0.0317,3.46883 -1.04189,4.62324 -0.50175,0.57339 -1.6507,1.52111 -2.65832,2.19274 -2.17553,1.45011 -2.4839,1.73425 -3.28005,3.02235 -0.37574,0.6079 -0.79144,1.06035 -1.02903,1.11999 -0.64939,0.16298 -2.70863,-0.0127 -4.32704,-0.36921 -1.48565,-0.32724 -1.52103,-0.3271 -2.20971,0.009 -0.52198,0.25475 -0.85714,0.61871 -1.31859,1.43185 -0.3403,0.59965 -0.85737,1.4747 -1.14905,1.94455 -0.41264,0.66469 -0.53033,1.0593 -0.53033,1.77817 0,0.916 0.0117,0.9357 1.37002,2.30201 0.75351,0.75795 1.37002,1.46032 1.37002,1.56082 0,0.10049 -0.19888,0.45227 -0.44194,0.78173 -0.52629,0.71334 -0.55839,1.21684 -0.114,1.78812 0.18036,0.23187 0.38189,0.71483 0.44784,1.07324 0.0659,0.35841 0.39566,1.05255 0.73271,1.54253 0.33705,0.48999 0.61282,1.01554 0.61282,1.1679 0,0.15236 -0.30943,0.69123 -0.68762,1.1975 -0.37819,0.50628 -0.89063,1.32634 -1.13875,1.82237 -0.24811,0.49603 -0.89235,1.41873 -1.43163,2.05046 -0.53928,0.63172 -1.18465,1.61019 -1.43415,2.17437 -0.24951,0.56418 -1.03851,1.76631 -1.75333,2.6714 -0.78105,0.98894 -1.41628,1.99667 -1.59189,2.52537 -0.34686,1.0443 -1.34446,2.02805 -2.33574,2.30331 -0.37149,0.10315 -1.15273,0.18844 -1.73609,0.18952 -1.55602,0.003 -2.2896,0.27283 -3.41346,1.25606 -0.55328,0.48405 -1.21198,1.05574 -1.46379,1.27042 -0.25181,0.21469 -0.4949,0.50311 -0.54021,0.64095 -0.11511,0.3502 -2.57545,0.38435 -4.82004,0.0669 z"
       style="opacity:1;fill:#a0a0a0;fill-opacity:1;stroke:none;stroke-width:0.176777;stroke-linecap:butt;stroke-linejoin:round;stroke-miterlimit:4;stroke-dasharray:none;stroke-dashoffset:0;stroke-opacity:1" />
    <path
       inkscape:connector-curvature="0"
       id="Callao"
       d="m 81.869461,466.67324 c -0.072,-0.021 -0.25879,0.077 -0.58985,0.30469 -0.95739,0.65857 -1.75937,0.88903 -3,0.86133 -1.32024,-0.0295 -1.94505,0.12762 -2.33398,0.58984 -0.62624,0.74424 -1.39814,1.00929 -3.88867,1.33594 -0.47539,0.0624 -0.52452,0.1005 -0.44922,0.33594 0.0465,0.14555 0.15558,0.53234 0.24218,0.85937 0.0866,0.32703 0.35707,0.86141 0.60157,1.1875 1.12708,1.50323 2.06035,2.94418 2.64648,4.0918 0.35113,0.6875 0.78605,1.53125 0.96875,1.875 0.34479,0.64869 0.59034,1.22163 1.46484,3.4375 0.47995,1.21616 0.52061,1.41802 0.56641,2.75 0.0272,0.79063 0.10714,1.63483 0.17774,1.875 0.18587,0.63215 0.15807,1.68847 -0.0586,2.20703 -0.1085,0.25972 -0.1875,0.83363 -0.1875,1.36133 0,0.8339 0.0626,1.06021 0.73828,2.64648 0.68704,1.61289 0.75034,1.83848 0.88672,3.22852 0.0807,0.82213 0.22165,1.66289 0.31445,1.86914 0.0928,0.20625 0.19788,1.02188 0.23438,1.8125 0.0365,0.79063 0.12396,1.91563 0.19336,2.5 0.0694,0.58438 0.18235,1.82188 0.25195,2.75 0.0696,0.92813 0.18822,1.9405 0.26172,2.24805 0.24136,1.01021 0.1825,2.10737 -0.16992,3.21093 -0.25018,0.78343 -0.34641,1.40986 -0.41211,2.6875 l -0.0859,1.66602 -0.48047,0.44922 c -0.42136,0.39305 -0.48242,0.52147 -0.48242,1.01367 0,0.43129 -0.0915,0.6919 -0.39258,1.11328 -0.60381,0.84492 -2.25572,2.40715 -3.0664,2.90039 -0.40496,0.24639 -0.83497,0.6262 -0.96875,0.85742 -0.13221,0.22852 -0.72363,0.89415 -1.31446,1.47852 -1.03288,1.0216 -1.11473,1.07495 -2.10742,1.36133 -0.8101,0.2337 -1.0876,0.37528 -1.28906,0.6582 l -0.25586,0.35937 0.44336,0.18555 c 0.84201,0.35181 1.4835,0.21383 2.0332,-0.43945 0.5697,-0.67708 0.91453,-0.75 3.58008,-0.75 2.46145,0 4.50465,0.14072 5.65039,0.38867 1.3851,0.29976 3.32603,1.04742 3.97461,1.53125 0.22028,0.16432 0.68164,0.39112 1.02539,0.50391 0.34375,0.11278 0.70938,0.25947 0.8125,0.32617 0.10313,0.0667 0.25283,0.12205 0.33203,0.12305 0.15616,0.002 0.41797,-0.63965 0.41797,-1.02344 0,-0.75951 0.52529,-1.11472 2.18164,-1.47656 0.91741,-0.20043 0.94336,-0.24323 0.94336,-1.57618 0,-0.64471 0.022,-1.17187 0.0488,-1.17187 0.0268,0 0.59541,0.1125 1.26367,0.25 1.5711,0.32327 1.6875,0.32107 1.6875,-0.0371 0,-0.15812 0.067,-0.35415 0.14844,-0.43555 0.21318,-0.21319 0.11502,-0.26045 -0.7168,-0.34375 -1.28261,-0.12835 -1.33276,-0.1486 -1.25976,-0.53125 0.0356,-0.18652 0.0994,-0.5747 0.14257,-0.86133 l 0.0781,-0.51953 -1.13281,-0.0898 c -0.62385,-0.0488 -1.13477,-0.13405 -1.13477,-0.18945 0,-0.0554 0.0561,-0.24858 0.125,-0.42969 0.10221,-0.26884 0.0683,-0.42564 -0.18359,-0.85547 -0.27143,-0.46316 -0.32461,-0.76615 -0.44141,-2.51172 -0.12675,-1.89419 -0.14907,-2.00958 -0.51367,-2.57226 -0.35436,-0.54688 -0.44995,-0.609 -1.31836,-0.86133 -0.71107,-0.20661 -1.0722,-0.39669 -1.5,-0.79102 -0.30972,-0.28549 -0.82524,-0.60623 -1.14648,-0.71289 -0.7492,-0.24874 -1.02124,-0.74233 -1.02149,-1.85352 v -0.78515 l 0.75,-0.80664 c 0.60203,-0.64714 0.74905,-0.88622 0.74805,-1.21485 -0.003,-0.66946 -0.12722,-0.94405 -0.49805,-1.09765 -0.47309,-0.19596 -0.8576,-0.62354 -0.99805,-1.11328 -0.0843,-0.29405 -0.0494,-0.71783 0.125,-1.55078 l 0.24024,-1.14649 -0.5,-0.50976 c -0.32126,-0.32734 -0.52647,-0.66712 -0.57227,-0.94922 -0.0505,-0.3111 -0.26376,-0.62984 -0.73047,-1.0918 -0.66746,-0.66066 -1.46113,-1.99697 -1.61914,-2.72461 -0.11404,-0.52522 0.28903,-0.97509 0.76563,-0.85547 0.53122,0.13332 1.64945,1.04667 2.07422,1.69531 0.5452,0.83252 1.67599,1.47044 2.21289,1.24805 0.71118,-0.29455 1.29303,-0.36396 1.83594,-0.21875 0.29301,0.0782 0.55834,0.11549 0.58984,0.084 0.15616,-0.15616 -0.49377,-1.60277 -0.93555,-2.08204 -0.41423,-0.44944 -0.48828,-0.61355 -0.48828,-1.08203 0,-0.47475 0.0615,-0.60537 0.4375,-0.93554 0.24062,-0.21127 0.4375,-0.49422 0.4375,-0.62891 0,-0.13469 0.0749,-0.32091 0.16602,-0.41211 0.0912,-0.0911 0.20405,-0.36026 0.25195,-0.59961 0.0479,-0.23934 0.26033,-0.65033 0.4707,-0.91211 0.27137,-0.33768 0.41118,-0.68338 0.48438,-1.18945 0.13952,-0.96466 0.56059,-2.43849 0.82422,-2.88477 0.21284,-0.36032 0.20834,-0.38359 -0.40821,-1.9707 -0.61458,-1.58202 -0.77188,-2.14574 -1.06445,-3.83398 -0.11295,-0.65137 -0.11336,-0.9819 -0.002,-1.39844 0.13961,-0.522 0.12884,-0.57212 -0.27344,-1.16992 -0.23109,-0.3434 -0.58221,-1.13698 -0.7793,-1.76368 l -0.35742,-1.13867 -0.89453,-0.43164 c -0.59635,-0.28747 -1.02972,-0.60071 -1.29492,-0.93554 -0.42799,-0.54039 -0.61177,-1.31761 -0.40039,-1.69532 0.10226,-0.18274 0.0415,-0.32848 -0.30664,-0.73437 -0.23858,-0.27819 -0.49783,-0.74965 -0.57813,-1.04883 -0.0999,-0.372 -0.2886,-0.65676 -0.59375,-0.89844 -0.24541,-0.19438 -0.55568,-0.56739 -0.68945,-0.83008 -0.13376,-0.26269 -0.39687,-0.66284 -0.58594,-0.88867 -0.18906,-0.22583 -0.34375,-0.49383 -0.34375,-0.5957 0,-0.0328 -0.0111,-0.0535 -0.0351,-0.0605 z m -26.62891,53.25391 c -0.44124,0 -1.0122,0.28681 -1.41992,0.71094 -0.56434,0.58707 -0.58421,0.97014 -0.11914,2.27539 0.1808,0.50743 0.32812,1.13098 0.32812,1.38672 0,0.83474 0.22478,1.19467 1.3711,2.19335 0.98521,0.85831 1.11329,1.01955 1.18359,1.48829 0.0694,0.46288 0.14116,0.55571 0.60547,0.78515 0.28985,0.14324 1.01732,0.65421 1.61719,1.13477 0.59986,0.48055 1.33111,1.01482 1.625,1.1875 0.29388,0.17268 0.66093,0.48475 0.81445,0.69336 0.15352,0.2086 0.67585,0.5873 1.16015,0.84179 1.06055,0.55731 1.41399,0.95235 1.68165,1.87305 0.1115,0.38356 0.24271,0.67915 0.29101,0.65625 0.51599,-0.24487 1.02784,-0.67875 1.15039,-0.97461 0.1856,-0.44809 0.65949,-0.62855 1.23633,-0.4707 0.34732,0.0951 0.48349,0.0711 0.75,-0.13086 0.43282,-0.32796 0.38137,-0.72074 -0.23633,-1.76758 -0.26617,-0.45109 -0.52502,-0.9857 -0.57422,-1.1875 -0.0523,-0.21435 -0.46133,-0.73408 -0.98242,-1.25 -0.94155,-0.93222 -2.27385,-2.62874 -2.68164,-3.41406 -0.25109,-0.48354 -2.06347,-2.31303 -3.54687,-3.58203 -0.77292,-0.66125 -0.8841,-0.71833 -1.27735,-0.64453 -0.55079,0.10333 -0.89217,-0.0776 -1.97461,-1.04493 -0.46735,-0.41765 -0.91885,-0.75976 -1.00195,-0.75976 z"
       style="opacity:1;fill:#a0a0a0;fill-opacity:1;stroke:none;stroke-width:0.125;stroke-linecap:butt;stroke-linejoin:round;stroke-miterlimit:4;stroke-dasharray:none;stroke-dashoffset:0;stroke-opacity:1" />
    <path
       inkscape:connector-curvature="0"
       id="Metropolitan-Lima"
       d="m 160.55628,627.06892 c -1.15791,-1.38584 -1.59596,-2.46688 -1.31474,-3.24457 0.11117,-0.30745 0.20213,-0.68022 0.20213,-0.8284 0,-0.14817 0.14908,-0.40432 0.33129,-0.56922 0.18221,-0.16491 0.71165,-1.07216 1.17652,-2.01613 0.46487,-0.94399 0.98764,-1.92143 1.16171,-2.17208 0.52146,-0.75093 0.86699,-1.91023 1.18136,-3.96367 0.40357,-2.63609 0.34039,-4.9837 -0.20696,-7.68978 -1.08118,-5.34527 -1.12144,-5.49903 -1.56614,-5.98108 -0.23911,-0.25921 -0.69813,-0.86902 -1.02005,-1.35516 -0.32191,-0.48613 -0.95524,-1.28163 -1.40738,-1.76776 -0.45214,-0.48614 -1.16814,-1.48051 -1.59111,-2.20971 -1.37546,-2.37134 -2.3909,-3.51841 -5.31552,-6.00458 -0.5109,-0.4343 -1.19992,-1.19002 -1.53116,-1.67937 -2.94377,-4.34894 -4.23566,-5.70238 -8.44251,-8.84467 -0.781,-0.58337 -2.13594,-1.78059 -3.01098,-2.66049 -0.87505,-0.87991 -2.50718,-2.25038 -3.62696,-3.04549 -1.11978,-0.79512 -2.51189,-1.851 -3.09359,-2.3464 -0.58169,-0.49541 -1.58443,-1.21069 -2.22831,-1.58952 -0.64387,-0.37883 -1.83711,-1.18619 -2.65165,-1.79414 -2.134,-1.59277 -3.39524,-2.44003 -3.63294,-2.44051 -0.11409,-1.8e-4 -0.59139,-0.29382 -1.06066,-0.65241 -0.46928,-0.35859 -1.23658,-0.79788 -1.70511,-0.97618 -0.46853,-0.17831 -1.0472,-0.45218 -1.28594,-0.60861 -0.23873,-0.15642 -0.80998,-0.3089 -1.26944,-0.33884 -1.34757,-0.0878 -3.52503,-0.37758 -3.71369,-0.49418 -0.0958,-0.0592 -0.76014,-0.18792 -1.47635,-0.28606 -1.5005,-0.20561 -3.79013,-0.96704 -4.30866,-1.43288 -0.19515,-0.17531 -0.61608,-0.42861 -0.9354,-0.56287 -0.3466,-0.14573 -0.70231,-0.4876 -0.88262,-0.84826 -0.18005,-0.36014 -0.60835,-0.7721 -1.06045,-1.02 -1.19667,-0.65617 -2.68874,-2.87969 -2.68874,-4.00682 0,-0.64109 -0.53364,-1.59496 -1.57732,-2.81941 -0.49365,-0.57915 -0.89755,-1.16408 -0.89755,-1.29983 0,-0.13575 0.48532,-0.80931 1.07849,-1.4968 1.5535,-1.80051 1.91473,-2.41604 2.10717,-3.59067 0.26712,-1.63039 -0.30339,-3.964 -1.13854,-4.65712 -0.15225,-0.12635 -0.36287,-0.55856 -0.46804,-0.96044 -0.10517,-0.40189 -0.38492,-1.02845 -0.62165,-1.39235 -0.23674,-0.36391 -0.61565,-1.08045 -0.84203,-1.59232 -0.32719,-0.73984 -0.89777,-1.384 -2.782559,-3.14136 -3.6066,-3.36278 -4.24153,-3.82308 -5.98936,-4.34213 -0.45817,-0.13606 -1.44635,-0.53076 -2.19596,-0.8771 -1.05558,-0.4877 -1.34288,-0.69734 -1.27403,-0.9296 0.0489,-0.16494 0.13913,-0.51089 0.20052,-0.76878 0.0909,-0.38183 0.26476,-0.50596 0.93647,-0.66858 0.45367,-0.10984 1.03804,-0.28404 1.29859,-0.38712 0.51387,-0.20329 1.02887,-1.09877 1.02887,-1.78898 v -0.43172 l 1.19324,0.23096 c 1.69045,0.3272 1.63519,0.34465 1.63519,-0.51618 0,-0.41808 0.085,-0.84512 0.18883,-0.94898 0.10386,-0.10386 0.16353,-0.49763 0.13259,-0.87504 -0.0561,-0.68442 -0.0586,-0.68644 -0.94014,-0.7746 l -0.88389,-0.0884 0.0495,-0.92807 0.0495,-0.92808 -0.66821,-0.002 c -1.70488,-0.006 -2.06714,-0.54917 -2.23628,-3.35206 -0.11439,-1.89558 -0.15975,-2.0837 -0.69139,-2.86791 -0.48496,-0.71535 -0.72837,-0.89304 -1.64868,-1.20357 -0.59385,-0.20037 -1.26183,-0.55816 -1.4844,-0.79508 -0.22258,-0.23692 -0.66209,-0.51571 -0.97668,-0.61954 -0.43629,-0.14398 -0.59804,-0.31895 -0.68174,-0.73743 -0.0954,-0.47713 -0.006,-0.65963 0.68639,-1.39977 0.69839,-0.74664 0.79611,-0.94828 0.79611,-1.64267 0,-1.1158 -0.22788,-1.58939 -0.97761,-2.03175 -0.56604,-0.33397 -0.63782,-0.44861 -0.54193,-0.86553 0.0608,-0.26431 0.16058,-0.94227 0.22174,-1.50658 0.10502,-0.96899 0.0816,-1.05743 -0.42212,-1.59099 -0.29332,-0.31074 -0.58551,-0.78698 -0.64931,-1.05833 l -0.116,-0.49335 0.55841,0.28877 c 0.39877,0.20621 0.76666,0.25458 1.28681,0.16919 0.40062,-0.0658 1.20081,-0.11169 1.7782,-0.10206 1.43428,0.0239 2.22057,-0.25067 2.22057,-0.77547 0,-0.22362 -0.11875,-0.50514 -0.2639,-0.6256 -0.14514,-0.12046 -0.35074,-0.54784 -0.45689,-0.94973 -0.10615,-0.40189 -0.43842,-0.98706 -0.73837,-1.30039 l -0.54536,-0.56969 0.42967,-0.33798 c 0.23632,-0.18589 0.58119,-0.7648 0.76639,-1.28647 0.18519,-0.52166 0.52241,-1.22549 0.74936,-1.56404 0.22696,-0.33856 0.41265,-0.80438 0.41265,-1.03515 0,-0.62911 0.52231,-2.52072 0.80907,-2.93012 0.35932,-0.51301 0.32377,-0.76819 -0.35483,-2.54642 -0.33354,-0.87401 -0.74451,-2.23168 -0.91328,-3.01705 -0.26161,-1.21744 -0.27314,-1.53005 -0.0782,-2.1207 0.21661,-0.65634 0.20264,-0.72685 -0.26562,-1.34077 -0.27184,-0.3564 -0.70751,-1.25928 -0.96815,-2.0064 -0.46403,-1.3301 -0.49543,-1.37002 -1.50732,-1.9165 -1.22284,-0.66041 -1.55314,-1.0352 -1.311,-1.48763 0.28999,-0.54185 0.19014,-0.96235 -0.35182,-1.48157 -0.28695,-0.27493 -0.5752,-0.7433 -0.64055,-1.04083 -0.0654,-0.29754 -0.42719,-0.84628 -0.80409,-1.21943 -0.3769,-0.37316 -0.68527,-0.78238 -0.68527,-0.9094 0,-0.12701 -0.15909,-0.37491 -0.35355,-0.55089 -0.19445,-0.17598 -0.35355,-0.52858 -0.35355,-0.78356 0,-0.51322 -0.4404,-1.24937 -0.74744,-1.24937 -0.10838,0 -0.5347,0.35238 -0.94737,0.78308 -0.85262,0.88984 -1.58736,1.15901 -3.16772,1.16047 -1.42043,10e-4 -2.15843,0.23662 -2.85269,0.90952 -0.50397,0.48847 -0.81358,0.60215 -2.39795,0.88045 -1.00059,0.17576 -1.90605,0.32244 -2.01213,0.32595 -0.10609,0.004 -0.39619,-0.37147 -0.64467,-0.8333 -0.59988,-1.11492 -0.81675,-3.34817 -0.43517,-4.4812 0.21093,-0.62632 0.23624,-1.27814 0.12986,-3.34497 -0.14791,-2.87384 -0.2925,-3.31759 -1.38979,-4.26529 -0.65053,-0.56184 -1.27819,-1.87664 -1.38119,-2.89326 -0.0199,-0.19605 -0.0622,-0.4617 -0.0941,-0.59033 -0.0395,-0.15952 0.43473,-0.3635 1.49186,-0.64166 1.76825,-0.46527 2.37749,-0.8018 2.52652,-1.39558 0.0575,-0.22895 0.33715,-0.5883 0.62152,-0.79855 0.32806,-0.24254 0.51705,-0.54137 0.51705,-0.81755 0,-0.2608 0.21259,-0.62471 0.53033,-0.90781 0.43055,-0.38362 0.53033,-0.61265 0.53033,-1.21722 0,-0.40957 -0.12283,-1.03866 -0.27296,-1.39797 -0.15013,-0.3593 -0.2251,-0.80406 -0.16662,-0.98834 0.0646,-0.20351 -0.14055,-0.83623 -0.52253,-1.6116 -0.34588,-0.70209 -0.62888,-1.40363 -0.62888,-1.55896 0,-0.15533 -0.40417,-0.67717 -0.89816,-1.15965 -1.05151,-1.02701 -1.34796,-1.55932 -2.28808,-4.10857 -0.79825,-2.16455 -0.80304,-2.19667 -0.41553,-2.78807 0.20588,-0.31422 0.25539,-0.63813 0.17468,-1.14283 -0.10341,-0.64674 -0.0799,-0.70439 0.28721,-0.705 0.73338,-0.001 2.90648,-1.68686 3.39665,-2.63475 0.31179,-0.60293 1.62999,-1.98984 2.25608,-2.37367 0.29706,-0.18212 0.83589,-0.2901 1.41421,-0.28342 0.88887,0.0103 0.96045,0.0468 1.47216,0.75131 0.42224,0.5813 0.65026,0.7405 1.06066,0.7405 0.4667,0 0.54178,-0.0786 0.69968,-0.73286 0.26879,-1.11364 0.68852,-1.47685 1.70667,-1.47685 1.00838,0 1.56359,-0.42957 1.56359,-1.20977 0,-0.38596 -0.20519,-0.67568 -0.88388,-1.24796 -0.68528,-0.57784 -0.88388,-0.86023 -0.88388,-1.25679 0,-0.78136 -0.33575,-1.35324 -1.08596,-1.84971 -0.41086,-0.27189 -0.68181,-0.5907 -0.68181,-0.80224 0,-0.40885 0.28005,-0.43001 2.27065,-0.17156 1.48891,0.19331 1.89051,0.0632 2.05051,-0.66415 0.062,-0.2819 0.36614,-0.66486 0.7209,-0.90775 0.3375,-0.23107 0.77694,-0.68437 0.97655,-1.00734 0.1996,-0.32296 0.51939,-0.63686 0.71065,-0.69757 0.40174,-0.1275 0.91998,-1.0637 1.2217,-2.20697 0.21746,-0.82404 1.54336,-3.26166 2.23392,-4.10701 0.52349,-0.64084 0.89404,-1.96901 1.14646,-4.10929 0.24475,-2.07525 0.52363,-2.84225 1.08093,-2.9728 0.22222,-0.0521 1.1434,-0.0724 2.04707,-0.0451 1.53676,0.0464 1.69683,0.0874 2.47487,0.63515 0.45752,0.32207 1.2296,0.95449 1.71573,1.40538 0.48614,0.45089 1.46444,1.16426 2.174,1.58526 0.767099,0.45514 1.395519,0.96929 1.550099,1.26822 0.50887,0.98404 1.31479,1.7168 2.21826,2.01689 0.58873,0.19554 0.95189,0.43568 1.07824,0.71297 0.16629,0.36496 0.0947,0.54222 -0.56272,1.39443 -0.89405,1.15885 -1.22467,2.00253 -1.23521,3.15199 -0.004,0.4837 -0.15934,1.14387 -0.36131,1.53976 -0.19445,0.38116 -0.35355,0.79638 -0.35355,0.9227 0,0.12633 -0.1526,0.32499 -0.33911,0.44146 -0.52756,0.32947 -1.650839,2.13492 -1.873259,3.0109 -0.13082,0.51523 -0.14687,1.07543 -0.0461,1.61044 0.0849,0.45122 0.2366,1.41702 0.337,2.14622 0.20956,1.52203 0.425159,2.04341 1.349219,3.26281 0.52088,0.68736 0.81294,0.90725 1.35435,1.01974 0.37964,0.0789 1.65533,0.63194 2.83485,1.22902 2.5154,1.2733 2.66415,1.27201 3.97071,-0.0346 l 0.88359,-0.88359 0.71414,0.28574 c 0.68708,0.27492 0.71414,0.31607 0.71414,1.08597 0,0.6265 -0.0959,0.88914 -0.44194,1.2098 -0.24307,0.22527 -0.44194,0.57503 -0.44194,0.77725 0,0.53821 0.42647,1.45632 0.85293,1.83619 0.35043,0.31215 0.35576,0.36105 0.0944,0.86635 -0.34255,0.66242 -0.22868,1.51266 0.39006,2.91239 0.70554,1.59609 1.24894,2.04341 2.93322,2.4146 0.31783,0.07 0.79275,0.53247 1.46717,1.42857 0.54847,0.72874 1.14545,1.40432 1.32661,1.50128 0.18117,0.0969 0.47066,0.54618 0.64332,0.99828 0.27018,0.70744 0.43861,0.8787 1.20863,1.22888 0.4921,0.22379 1.13336,0.57022 1.42505,0.76985 1.08651,0.74361 3.01172,0.28629 3.48377,-0.82755 0.11341,-0.2676 0.43952,-0.73882 0.7247,-1.04715 0.52262,-0.56508 0.80712,-1.50683 0.82196,-2.72088 0.006,-0.46294 0.14823,-0.76448 0.53803,-1.13793 0.29168,-0.27945 0.53033,-0.60689 0.53033,-0.72765 0,-0.12077 0.37292,-0.47125 0.8287,-0.77886 l 0.8287,-0.55928 0.91287,0.9887 c 0.50207,0.54379 1.0497,0.9887 1.21694,0.9887 0.16725,0 0.63645,0.18999 1.04267,0.42219 0.40622,0.2322 1.02049,0.47138 1.36505,0.5315 0.45416,0.0793 0.80907,0.32778 1.29044,0.90366 0.36519,0.43689 0.89584,0.91424 1.17922,1.06078 0.45774,0.2367 0.59979,0.23699 1.27282,0.003 0.41667,-0.14513 0.92225,-0.26504 1.12351,-0.26646 0.20126,-0.001 0.69327,-0.28276 1.09335,-0.62521 0.6471,-0.5539 0.80417,-0.61038 1.42248,-0.51151 0.69279,0.11078 1.27124,-0.0768 1.76761,-0.57315 0.38939,-0.38939 0.96319,-0.27607 2.37901,0.46986 0.80754,0.42546 1.58292,0.70711 1.94664,0.70711 0.36445,0 0.72247,0.13034 0.90154,0.32821 0.26515,0.29299 0.26809,0.35222 0.0274,0.55197 -0.1483,0.12308 -0.26963,0.40058 -0.26963,0.61667 0,0.21609 -0.1591,0.53688 -0.35355,0.71286 -0.19446,0.17598 -0.35355,0.42118 -0.35355,0.5449 0,0.12371 -0.18412,0.36992 -0.40916,0.54712 -0.22503,0.17721 -0.55238,0.54096 -0.72744,0.80833 -0.17505,0.26737 -0.41157,0.48614 -0.5256,0.48614 -0.11402,0 -0.47766,0.22568 -0.80807,0.50153 -0.49773,0.41552 -0.60269,0.62555 -0.61204,1.2247 -0.0121,0.77285 -0.17575,0.94262 -2.37518,2.46333 -1.39969,0.96775 -1.43681,1.0218 -1.43681,2.09222 0,1.1295 -0.32237,1.74286 -1.04921,1.99623 -0.28917,0.10081 -2.03285,0.14242 -4.18678,0.0999 -3.58378,-0.0707 -3.71166,-0.0611 -4.39311,0.3293 -0.89643,0.51361 -1.38405,1.24411 -1.66325,2.49171 -0.12218,0.54593 -0.29629,1.03844 -0.38691,1.09444 -0.34316,0.21209 -0.14074,0.96495 0.52621,1.95713 l 0.69099,1.02794 -0.44849,0.53669 c -1.23204,1.47435 -1.66357,1.82982 -2.97541,2.4509 -0.77287,0.36592 -1.68274,0.80086 -2.02193,0.96654 -0.33919,0.16568 -0.72107,0.51932 -0.84862,0.78588 -0.202,0.42213 -0.18516,0.59034 0.13057,1.3041 0.19937,0.4507 0.36249,0.87526 0.36249,0.94345 0,0.0682 -0.22766,0.47573 -0.50592,0.90561 -0.27825,0.42989 -0.64454,1.33846 -0.81397,2.01905 -0.30421,1.22199 -0.30317,1.25033 0.0829,2.27055 0.22998,0.60774 0.69823,1.35381 1.13722,1.81197 0.64521,0.67337 0.8447,0.77884 1.47327,0.77884 0.62368,0 0.8411,-0.11248 1.5297,-0.79133 0.86395,-0.85172 0.99508,-0.9015 2.78618,-1.05766 0.64987,-0.0567 1.51503,-0.22066 1.92258,-0.36445 0.40754,-0.14379 0.81053,-0.26144 0.89554,-0.26144 0.085,0 0.15455,0.70524 0.15455,1.56719 v 1.56719 l -0.7513,0.92562 c -0.41322,0.50909 -1.02973,1.06846 -1.37002,1.24306 -0.87761,0.45026 -1.55656,1.12732 -1.6988,1.69405 -0.0672,0.26758 -0.0225,0.98768 0.0993,1.60022 0.20804,1.04661 0.19797,1.15157 -0.16701,1.74213 -0.43081,0.69706 -0.43206,1.63855 -0.004,3.10609 0.22712,0.77892 0.21513,0.84642 -0.35682,2.00821 -0.3435,0.69774 -0.84467,1.39803 -1.19435,1.66887 -0.33138,0.25666 -0.75023,0.58598 -0.93078,0.73182 -0.4234,0.342 -1.23702,2.52688 -1.05229,2.82579 0.0769,0.12435 0.56608,0.29291 1.08716,0.37456 0.84947,0.13312 1.03878,0.25 1.83129,1.13066 0.53944,0.59943 1.10814,1.04444 1.45933,1.14194 0.8143,0.22606 3.16013,-0.0592 4.10914,-0.49974 0.43752,-0.20309 1.1284,-0.371 1.53529,-0.37314 0.96302,-0.005 1.45793,-0.20391 3.0609,-1.2299 0.72921,-0.46673 1.91025,-1.14241 2.62455,-1.5015 0.7143,-0.35909 1.74844,-1.00594 2.2981,-1.43745 1.07007,-0.84006 1.63796,-0.9645 2.46656,-0.54051 0.75253,0.38506 1.90554,0.51482 2.58427,0.29082 0.50466,-0.16655 0.66262,-0.34697 0.90307,-1.03139 0.74077,-2.10858 1.06822,-2.44102 2.91203,-2.95639 0.53475,-0.14947 1.26286,-0.39696 1.61803,-0.54996 0.35516,-0.15301 1.33323,-0.33166 2.17349,-0.397 l 1.52775,-0.11879 0.90532,-0.96695 c 1.64827,-1.76048 2.57346,-2.93115 3.03258,-3.83718 0.2495,-0.49236 0.75463,-1.25592 1.12251,-1.69679 0.36788,-0.44088 0.82927,-1.06481 1.02533,-1.38652 0.19605,-0.3217 0.99154,-1.0384 1.76776,-1.59266 1.1204,-0.80001 1.49283,-1.18285 1.80678,-1.85729 0.21752,-0.46726 0.39827,-1.00866 0.40168,-1.20312 0.006,-0.34147 0.0167,-0.34035 0.31164,0.0326 0.16798,0.21238 0.89839,0.74934 1.62312,1.19325 1.22749,0.75185 1.40074,0.80711 2.53069,0.80711 1.36745,0 1.89686,0.20153 1.89686,0.7221 0,0.89761 2.01705,3.83157 3.13198,4.5557 0.46502,0.30203 1.23259,0.993 1.70571,1.5355 0.47312,0.54249 1.16918,1.18139 1.5468,1.41977 0.59404,0.375 0.68658,0.52082 0.68658,1.08189 0,0.66376 0.91875,2.21584 2.80127,4.73229 0.71028,0.94947 0.80252,1.1865 0.92868,2.38649 0.077,0.73277 0.14436,1.42136 0.1496,1.53019 0.005,0.10884 0.33738,0.60963 0.73807,1.11289 0.4007,0.50325 0.69901,0.93459 0.66291,0.95853 -0.0361,0.0239 -0.62908,0.21951 -1.31775,0.4346 -1.2292,0.38392 -1.4347,0.56023 -1.72637,1.48119 -0.0516,0.1628 -0.36974,0.42697 -0.70707,0.58704 -0.33732,0.16007 -0.7522,0.44451 -0.92195,0.63208 -0.16975,0.18757 -0.4235,0.34104 -0.56388,0.34104 -0.49871,0 -1.49368,0.5926 -1.67942,1.00026 -0.27396,0.60128 -0.78228,0.51123 -1.65494,-0.29316 -0.42191,-0.38891 -0.93361,-0.7071 -1.1371,-0.7071 -0.47911,0 -2.02386,1.30307 -2.28118,1.92428 -0.21438,0.51757 -1.47663,1.43447 -1.97475,1.43447 -0.16754,0 -0.54096,0.19888 -0.82983,0.44194 -0.28887,0.24307 -0.60084,0.44195 -0.69327,0.44195 -0.0924,0 -0.31233,0.15942 -0.48866,0.35427 -0.50032,0.55284 -0.13589,1.10969 1.04714,1.60003 1.01,0.41862 1.17483,0.58723 0.73794,0.75488 -0.40074,0.15378 -0.50907,1.11909 -0.26396,2.35221 0.18781,0.94487 0.18685,1.24736 -0.005,1.71129 -0.42187,1.01793 -0.42623,1.65334 -0.0171,2.49839 0.92273,1.90611 1.94871,2.32457 3.26237,1.33061 1.16811,-0.88384 1.81095,-0.70709 3.88099,1.06711 1.68371,1.44309 1.71184,1.47025 2.45451,2.37085 0.31432,0.38115 0.97848,0.95352 1.47592,1.27193 0.87594,0.5607 1.21409,0.98957 3.84911,4.88181 0.28099,0.41506 0.73392,1.04272 1.0065,1.3948 l 0.4956,0.64014 -0.74133,-0.0163 c -0.40774,-0.009 -0.95375,0.0481 -1.21337,0.12678 -0.42683,0.12935 -0.61192,0.006 -1.93267,-1.28844 -1.15584,-1.13278 -1.53689,-1.40846 -1.82606,-1.32113 -0.51006,0.15404 -1.09406,0.72226 -1.65511,1.61038 -0.28241,0.44705 -0.61233,0.75694 -0.80608,0.75712 -0.18039,1.8e-4 -0.99495,0.20376 -1.81012,0.4524 -1.47113,0.44872 -1.4927,0.46387 -2.90734,2.04163 -1.14159,1.27324 -1.40332,1.66697 -1.31527,1.9786 0.25679,0.90871 3.7688,3.95179 5.89942,5.1117 0.66755,0.36342 1.24275,1.57415 1.38411,2.9134 0.0856,0.8108 0.0423,0.98344 -0.36873,1.47197 -0.25613,0.30439 -0.46569,0.70899 -0.46569,0.8991 0,0.49203 0.43666,1.47253 0.96322,2.16289 0.24805,0.32521 0.45129,0.74287 0.45165,0.92815 10e-4,0.5055 0.54488,1.2615 1.89568,2.63497 1.49486,1.51995 3.12045,2.56326 3.99383,2.56326 0.72927,0 0.91367,0.33234 0.72941,1.31455 -0.0967,0.51544 -0.0221,0.76598 0.43248,1.45225 0.30214,0.45614 0.54934,0.89249 0.54934,0.96968 0,0.0772 0.23023,0.50335 0.51161,0.94706 0.28139,0.4437 0.56327,1.08205 0.6264,1.41856 0.0737,0.39309 0.45065,0.97589 1.05422,1.63009 0.51669,0.56004 1.07213,1.27679 1.2343,1.59278 0.16217,0.31599 0.36163,0.57452 0.44324,0.57452 0.0816,0 0.61652,0.31801 1.1887,0.70669 0.57218,0.38868 1.12671,0.70687 1.23229,0.70711 0.10557,1.7e-4 0.56298,0.28948 1.01646,0.64278 l 0.82451,0.64237 v 1.17843 c 0,0.64814 -0.0718,1.25401 -0.15964,1.34637 -0.17819,0.18746 -0.36573,1.41363 -0.45196,2.95507 -0.0314,0.56065 -0.13529,1.1175 -0.23095,1.23744 -0.38385,0.48129 -0.74859,1.37697 -0.7511,1.84448 -0.003,0.55317 -0.29526,1.43882 -0.76423,2.31571 -0.17159,0.32085 -0.26371,0.73548 -0.2047,0.9214 0.15714,0.4951 -0.18199,0.99754 -0.74999,1.11114 -0.27318,0.0546 -0.80006,0.34042 -1.17084,0.63508 -0.37078,0.29466 -0.82379,0.58324 -1.00668,0.64128 -0.47398,0.15044 -0.69497,1.13909 -0.69611,3.11428 -8.8e-4,1.62829 -0.0207,1.71618 -0.44991,1.99738 -0.24692,0.16179 -0.58103,0.57116 -0.74248,0.90973 -0.16996,0.35641 -0.46614,0.6589 -0.7035,0.71847 -0.46233,0.11604 -2.41891,2.43369 -2.60459,3.08525 -0.0666,0.23361 -0.33433,0.82251 -0.59501,1.30864 -0.42807,0.79831 -0.47242,1.05504 -0.458,2.65165 0.0133,1.47255 0.0955,1.9732 0.49208,2.99785 0.57394,1.48282 0.83352,1.79395 1.61975,1.94145 0.63003,0.1182 1.14258,0.65911 1.14258,1.20583 0,0.17667 -0.29831,0.61794 -0.66292,0.9806 -0.3646,0.36267 -0.90277,0.93624 -1.19593,1.27463 -0.29316,0.33839 -0.74045,0.74966 -0.99396,0.91394 -0.56362,0.36523 -2.17457,0.78586 -3.59954,0.93985 -1.62308,0.17539 -3.19389,0.74601 -3.90817,1.41965 -0.34621,0.32653 -1.00062,0.71447 -1.45424,0.86209 -1.02221,0.33268 -3.46395,0.6295 -4.20648,0.51135 -0.96122,-0.15295 -2.54977,0.28165 -3.12236,0.85425 -0.44212,0.44212 -0.50138,0.61038 -0.41345,1.17387 0.0565,0.36177 0.21726,1.54353 0.35734,2.62612 0.14008,1.0826 0.42566,2.57767 0.63463,3.3224 l 0.37995,1.35404 -0.54177,0.61704 c -0.29797,0.33937 -0.54176,0.72913 -0.54176,0.86613 0,0.13702 0.27842,0.93975 0.61872,1.78384 0.70524,1.74936 0.72244,1.87477 0.33762,2.46207 -0.23416,0.35737 -0.24629,0.53443 -0.0727,1.06059 0.38239,1.15865 -0.15943,3.24864 -0.84654,3.26539 -0.34365,0.008 -1.53152,0.64839 -1.79691,0.96817 -0.12842,0.15473 -0.50336,0.40939 -0.83319,0.56591 -0.32983,0.15652 -0.77628,0.52232 -0.99211,0.81289 -0.78899,1.06223 -1.68532,1.90122 -2.03116,1.90122 -0.19499,0 -0.75927,0.27842 -1.25398,0.61871 -0.4947,0.3403 -0.92475,0.61872 -0.95567,0.61872 -0.0309,0 -0.46337,-0.4873 -0.96101,-1.0829 z"
       style="opacity:1;fill:#a0a0a0;fill-opacity:1;stroke:none;stroke-width:0.176777;stroke-linecap:butt;stroke-linejoin:round;stroke-miterlimit:4;stroke-dasharray:none;stroke-dashoffset:0;stroke-opacity:1" />
  </g>
  <g
     style="display:inline"
     inkscape:label="Meta"
     inkscape:groupmode="layer"
     sodipodi:insensitive="true">
    <g
       style="fill:#ffffff;fill-opacity:1"
       transform="translate(-292.52977,-128.16942)">
      <circle
         r="8.1317282"
         cy="479.82263"
         cx="338.53259"
         id="Overseas"
         style="opacity:1;fill:#049ad7;fill-opacity:1;stroke:#000000;stroke-width:0.75;stroke-linecap:butt;stroke-linejoin:round;stroke-miterlimit:4;stroke-dasharray:none;stroke-dashoffset:0;stroke-opacity:1" />
    </g>
  </g>
</svg>