<svg xmlns="http://www.w3.org/2000/svg" version="1.1" width="1917px" height="1278px" style="shape-rendering:geometricPrecision; text-rendering:geometricPrecision; image-rendering:optimizeQuality; fill-rule:evenodd; clip-rule:evenodd" xmlns:xlink="http://www.w3.org/1999/xlink">
<g><path id="Pasir Ris–Punggol GRC" fill="#ffaec9" stroke="#ffaec9" stroke-width="0.5" d="M 1202.28,299.74 c -0.68,1.77 -0.24,3.19 1.32,4.23 c 0.25,1.28 0.93,2.24 2.04,2.91 c 0.39,1.75 1.36,3.1 2.91,4.05 c 0.34,0.68 0.63,1.39 0.87,2.12 c 1.88,1.81 3.74,3.62 5.59,5.46 c 0.75,0.44 1.55,0.6 2.41,0.45 c 1.79,1.27 3.51,2.62 5.16,4.05 c 0.15,1.01 0.62,1.84 1.41,2.49 c 1.67,1.01 3.35,1.98 5.07,2.92 c 0.3,0.36 0.61,0.72 0.93,1.08 c 1.25,0.45 2.81,1.99 4.04,1.78 c -0.14,0.13 -0.27,0.26 -0.41,0.4 c 0.05,1.58 0.22,3.15 0.51,4.71 c 0.93,1.09 1.85,2.18 2.77,3.29 c -0.28,0.94 -0.61,1.89 -0.97,2.83 c -0.04,0.98 0,1.96 0.1,2.94 c 2.07,3.07 3.91,2.8 7.39,2.48 c 1.07,-0.63 2.15,-1.24 3.24,-1.84 c 0.95,-0.06 4.68,-0.93 4.08,-2.37 c 1.38,0.58 2.62,0.38 3.71,-0.58 c 2.68,1.21 5.2,2.65 7.56,4.33 c 1.12,1.22 2.28,2.39 3.5,3.52 c 0.32,0.69 0.61,1.39 0.89,2.11 c 0.78,0.56 1.48,1.21 2.11,1.94 c 0.9,1.69 1.87,3.32 2.92,4.89 c 0.59,0.31 1.21,0.55 1.85,0.71 c -0.19,0.57 -0.25,1.15 -0.18,1.75 c 1.83,3.27 3.51,6.6 5.06,10 c 0.63,1.12 1.58,1.76 2.85,1.95 c -0.03,1.15 5.25,4.23 5.99,5.3 c 1.08,2.29 0.81,1.93 3.13,2.83 c 1.2,1.44 3.26,2.79 5.24,2.41 c 0.09,0.07 0.19,0.14 0.28,0.22 c 0.12,0.99 0.57,1.79 1.37,2.39 c 1.66,1.01 3.32,2 4.98,2.96 c 1.01,1.48 2.36,2.49 4.06,3.01 c 0.69,1.36 1.78,1.87 3.26,1.54 c 3.09,1.61 6.17,3.25 9.24,4.91 c 0.25,0.21 0.38,0.47 0.4,0.79 c 1.21,1.72 2.41,3.45 3.59,5.19 c 1.5,0.44 2.85,0.18 4.06,-0.79 c 1.8,-0.42 3.49,-0.17 5.07,0.75 c 1.46,0.15 2.91,0.3 4.37,0.45 c 3.11,-0.44 2.12,5.08 4.64,3.74 c 1.89,0.38 2.15,-1.02 3.77,-1.06 c 7.7,-0.04 15.41,-0.03 23.11,0.02 c 0.73,-0.17 1.4,-0.49 2,-0.96 c 1.68,0 3.35,0 5.03,-0.01 c 0.96,-0.44 1.94,-0.81 2.95,-1.1 c 2.24,0.56 4.01,1.8 5.29,3.73 c 0.21,1.59 0.24,3.19 0.09,4.78 c -0.98,2.37 -1.91,4.74 -2.82,7.13 c -0.08,0.61 -0.16,1.22 -0.21,1.83 c -1.12,1.49 -1.77,3.16 -1.94,5 c -0.76,1 -1.36,2.08 -1.81,3.25 c -0.26,1.32 -0.65,2.59 -1.15,3.82 c -0.8,3.73 3.86,3.55 2.99,0.15 c 1.53,-3.24 2.85,-6.57 3.97,-9.99 c 0.14,-0.38 0.39,-0.6 0.77,-0.66 c 0.22,-0.02 0.44,-0.03 0.65,-0.05 c 1.05,-1.28 1.61,-2.74 1.71,-4.37 c 0.56,-1.4 1.16,-2.79 1.79,-4.16 c -0.12,-1.16 0.21,-2.18 0.99,-3.04 c 0.1,-0.92 0.17,-1.85 0.21,-2.79 c 0.68,-0.53 1.49,0.52 1.82,1.04 c 0.23,2.12 1.11,3.93 2.64,5.41 c 0.33,0.67 0.64,1.36 0.91,2.07 c 1.08,1.23 2.37,2.18 3.86,2.85 c 2.18,1.97 4.29,4.02 6.32,6.16 c -0.03,1.6 1.92,2.75 2.94,3.83 c 0.96,0.25 4.09,-0.66 3.39,1.39 c -9.61,10.1 -19.45,19.97 -29.55,29.59 c -0.38,0.75 -0.51,1.55 -0.37,2.39 c -1.28,1.47 -2.59,2.91 -3.95,4.31 c -0.28,0.14 -0.56,0.28 -0.84,0.41 c -2.48,-0.56 -3.12,1.68 -4.86,2.86 c -0.61,2.2 -0.52,1.93 -2.47,2.55 c -0.8,0.79 -1.58,1.59 -2.33,2.41 c -1.94,-1.7 -3.79,-3.51 -5.53,-5.42 c -0.69,-0.3 -1.37,-0.6 -2.05,-0.89 c -1,-0.99 -1.98,-1.99 -2.96,-3 c -2.96,-1.33 -5.85,-2.82 -8.67,-4.45 c -0.57,-0.06 -1.15,-0.1 -1.73,-0.1 c -3.41,-1.32 -6.83,-2.61 -10.27,-3.85 c -1.49,0.21 -2.82,-0.13 -3.98,-1.04 c -1.74,-0.4 -2.61,0.46 -3.98,-1 c -1.79,-0.4 -2.57,0.5 -4.01,-0.96 c -0.92,-0.07 -1.84,-0.14 -2.76,-0.21 c -0.87,-0.81 -1.89,-1.14 -3.08,-1.01 c -1.41,-0.57 -2.8,-1.17 -4.18,-1.8 c -0.6,-0.07 -1.2,-0.12 -1.79,-0.16 c -1.56,-0.73 -2.99,-1.65 -4.27,-2.75 c -0.59,-0.05 -1.15,0.03 -1.71,0.22 c 0.16,-0.5 0.1,-0.97 -0.18,-1.41 c -1.76,-1.86 -3.56,-3.69 -5.39,-5.47 c -2.29,-1.04 -4.53,-2.18 -6.73,-3.42 c -6.29,-0.13 -12.58,-0.14 -18.87,-0.03 c -0.77,0.07 -1.45,0.36 -2.06,0.86 c -1.27,-0.02 -2.54,0.05 -3.8,0.2 c -2.56,1.2 -5.21,2.18 -7.94,2.93 c -1.02,0.65 -1.89,1.45 -2.62,2.41 c -0.7,0.33 -1.41,0.63 -2.14,0.9 c -0.62,0.73 -1.25,1.45 -1.89,2.17 c -1.24,0.28 -2.22,0.93 -2.96,1.96 c -0.96,0.31 -1.85,0.77 -2.66,1.37 c -1.33,0.1 -2.58,0.46 -3.73,1.09 c -1.5,-0.93 -3.05,-1.78 -4.64,-2.56 c -4.19,-4.12 -8.38,-8.24 -12.56,-12.37 c -0.89,-1.72 -1.85,-3.39 -2.86,-5.03 c -2.13,-1.39 -1.47,-2.12 -1.66,-4.37 c -1.76,-1.85 -0.65,-6.74 -0.88,-9.19 c 0.02,-0.91 -0.4,-1.31 -1.28,-1.19 c 0.22,-1.54 0.27,-3.08 0.14,-4.63 c -0.57,-0.8 -1.04,-1.66 -1.41,-2.57 c -1.64,-1.18 -2.39,-3.79 -4.82,-2.87 c 1.43,-3 -5.25,1.11 -4.84,-3.54 c 1.61,-1.94 3.08,-4.1 1.08,-6.35 c 0.75,-2.69 -2.78,-3.96 -4,-5.86 c -0.55,-0.53 -1.22,-0.79 -1.98,-0.8 c -0.33,-0.44 -0.68,-0.87 -1.03,-1.29 c 0.18,-0.84 0.07,-1.63 -0.35,-2.38 c -1.77,-1.59 -3.48,-3.24 -5.13,-4.96 c -0.34,-0.66 -0.63,-1.34 -0.88,-2.05 c -1.82,-1.27 -4.33,-5.24 -6.48,-5.41 c -0.04,-0.06 -0.09,-0.12 -0.14,-0.19 c 0.1,-0.86 -0.02,-1.68 -0.37,-2.46 c -1.77,-1.56 -3.47,-3.2 -5.09,-4.91 c -0.35,-0.67 -0.65,-1.37 -0.9,-2.08 c -5,-4.69 -9.88,-9.51 -14.62,-14.48 c -0.71,-0.36 -1.47,-0.43 -2.25,-0.21 c -0.47,-0.16 -0.79,-0.47 -0.96,-0.94 c -0.39,-2.46 -2.47,-3.13 -4.34,-4.21 c -1.45,-0.36 -2.36,0.2 -2.72,1.66 c -1.2,0.65 -2.39,1.26 -3.59,1.84 c -0.17,0.51 -0.4,0.99 -0.68,1.45 c -0.8,0.84 -1.59,1.69 -2.38,2.52 c -0.76,2.11 -1.72,4.12 -2.87,6.04 c -0.11,2.31 -0.17,4.63 -0.18,6.95 c 0.05,0.8 0.37,1.49 0.95,2.06 c 0.04,1.59 0.1,3.17 0.19,4.76 c 1.72,1.73 0.61,5.88 0.91,8.17 c -0.62,2.23 -1.45,4.38 -2.48,6.48 c -1.93,1.76 -3.82,3.58 -5.66,5.45 c -0.75,1.55 -1.72,2.96 -2.9,4.23 c -0.45,1.09 -0.22,1.97 0.69,2.63 c 0.29,0.31 0.59,0.59 0.92,0.85 c 0.55,2.56 3.4,3.81 5.76,3.89 c 1.5,0.27 2.96,0.66 4.39,1.16 c 1.5,0.28 8.2,-0.85 9,0.26 c -0.74,0.52 -1.5,0.99 -2.31,1.42 c -1.64,0.14 -3.29,0.22 -4.94,0.26 c -0.97,0.39 -1.97,0.7 -3,0.91 c -2.14,0.03 -5.36,-0.62 -7.13,0.84 c -2.17,0.5 -4.14,-0.56 -5.98,1.03 c -0.61,0.08 -1.21,0.14 -1.82,0.18 c -3.12,2.09 -2.71,2.8 -2.5,6.43 c 0.04,0.58 -0.18,1.03 -0.67,1.34 c -4.93,0.05 -9.86,0.14 -14.78,0.28 c -0.51,0.41 -0.78,0.94 -0.83,1.6 c -0.34,-0.02 -0.68,-0.04 -1.02,-0.05 c -1.39,-0.04 -2.76,0.09 -4.11,0.37 c -1.53,0.86 -3.08,1.65 -4.66,2.38 c -0.71,0.69 -1.39,1.4 -2.04,2.15 c -2.34,0.88 -5.44,2.84 -4.83,5.81 c -0.07,0.1 -0.13,0.19 -0.2,0.29 c -0.91,0.2 -1.73,0.59 -2.47,1.19 c -1.11,-0.75 -0.05,-4 -0.59,-5.28 c -0.73,-1.34 -1.37,-2.71 -1.92,-4.1 c -0.01,-3.3 0.02,-6.6 0.08,-9.91 c 0.02,-0.08 0.03,-0.16 0.04,-0.24 c 3.73,-0.32 5.96,-1.88 8.52,-4.4 c 0.5,-0.01 0.95,-0.16 1.35,-0.46 c 1.46,-1.63 3.58,-2.29 3.02,-4.91 c 2.15,-3.03 4.26,-6.11 6.32,-9.22 c 1.92,-0.32 2.41,-3.65 3.64,-4.99 c -0.11,-1.15 0.22,-2.14 1.01,-2.98 c 0.12,-0.89 0.14,-1.79 0.06,-2.69 c 0.02,-0.99 0.22,-1.91 0.58,-2.76 c 1.29,0.31 1.62,-1.84 2.3,-2.56 c 0.05,-0.61 0.11,-1.23 0.19,-1.84 c 0.61,-1.42 1.22,-2.83 1.85,-4.25 c 0.42,-1.54 0.8,-3.1 1.15,-4.67 c 0.94,-1.5 1.34,-3.15 1.18,-4.94 c -0.08,-2.43 1.21,-5.04 2.06,-7.28 c 1.48,-0.34 2.08,-1.27 1.8,-2.8 c 0.58,-1.41 1.17,-2.8 1.78,-4.18 c 0.19,-1.26 0.11,-2.5 -0.22,-3.73 c 0.47,0.17 0.85,0.04 1.13,-0.38 c 0.03,-1.1 0.41,-2.06 1.12,-2.88 c 0.12,-1.58 0.24,-3.16 0.36,-4.74 c -0.13,-0.46 -0.25,-0.91 -0.37,-1.37 c 0.16,-0.51 0.01,-0.89 -0.44,-1.16 c -2.29,-0.17 -4.59,-0.25 -6.9,-0.24 c -2.03,-1.53 -4.62,-0.68 -6.94,-0.99 c -1.87,-1.59 -3.95,-0.74 -6.18,-0.88 c -0.98,-0.32 -1.97,-0.65 -2.94,-0.98 c -1.99,0 -3.97,-0.03 -5.95,-0.1 c -2.37,-2.85 2.1,-3.19 1.32,-6.35 c 1.36,-2.16 10.34,-7.26 12.79,-9.63 c 0.85,0.12 1.66,-0.02 2.42,-0.41 c 1.06,-1.34 3.32,-2.75 3.13,-4.65 c 6.73,-6.07 10.41,-10.91 14.03,-19.51 c 0.7,-0.09 1.22,-0.44 1.57,-1.06 c 1.45,-3.17 3.04,-6.28 4.77,-9.31 c 0.33,-0.84 0.33,-1.69 0,-2.54 c 0.47,0.26 0.94,0.25 1.41,-0.03 c 2.27,-2.11 4.45,-4.31 6.54,-6.6 c 0.22,-0.41 0.25,-0.84 0.09,-1.28 c 0.55,0.23 1.13,0.31 1.73,0.26 c 2.48,-1.18 4.93,-2.44 7.33,-3.77 c 1.09,0.04 2.07,-0.27 2.92,-0.95 c 2.6,-0.19 5.21,-0.27 7.81,-0.24 c 1.06,-1.09 3.11,-0.94 2.91,-2.93 c 0.24,0.13 0.49,0.25 0.73,0.38 c 1.13,-0.13 2.26,-0.3 3.37,-0.51 c 1.77,-1.53 7.65,-0.84 10.05,-0.82 c 0.65,0.64 1.31,1.26 1.99,1.88 c 0.75,1.6 1.57,3.17 2.46,4.7 c -0.14,1.15 0.18,2.13 0.98,2.96 c 0.04,0.94 0.12,1.87 0.23,2.8 c 1.71,2.22 0.68,5.63 0.81,8.23 c 0.06,0.79 0.39,1.46 1,1.99 c 0.12,1.25 0.18,2.5 0.19,3.75 c 0.64,1.15 1.08,2.36 1.32,3.65 c 0.55,0.85 1.05,1.71 1.51,2.6 c -0.27,1.84 0.5,2.88 2.32,3.14 Z"/></g>
<g><path id="Jurong GRC" fill="#ec1d25" stroke="#ec1d25" stroke-width="0.5" d="M 529.37,509.05 c 0.79,-0.23 1.34,0 1.65,0.71 c 0.23,0.97 0.74,1.72 1.53,2.27 c 1.45,0.52 2.84,1.15 4.17,1.9 c 0.53,0.16 1.08,0.2 1.63,0.11 c 1.42,0.64 7.29,4.65 7.68,5.64 c 0.49,0.8 0.95,1.61 1.39,2.43 c 1.93,1.23 2.23,3.4 4.96,2.8 c 1.37,0.21 7.68,8.4 8.94,10.07 c 0.58,1.01 1.62,4.71 -0.1,5.06 c -0.89,0.03 -1.76,-0.02 -2.63,-0.16 c -1.42,-0.92 -3.1,-2.31 -4.87,-1.42 c 0.13,-0.49 0.07,-0.95 -0.19,-1.39 c -1.93,-1.54 -3.43,-3.42 -4.49,-5.64 c -0.07,-0.96 -0.12,-1.92 -0.15,-2.89 c -1.29,-2.08 -2.41,-4.25 -3.35,-6.51 c -0.71,-0.94 -1.63,-1.26 -2.77,-0.95 c -0.79,0.1 -1.37,-0.17 -1.74,-0.8 c 0.08,-0.52 -0.11,-0.91 -0.58,-1.17 c -2.32,0 -9.56,-1.52 -8.22,3.02 c 0.01,0.33 0.02,0.66 0.02,0.99 c -0.88,-0.03 -1.3,0.42 -1.26,1.34 c -0.03,6.31 0,12.63 0.1,18.95 c 1.24,0.29 2.4,0.8 3.48,1.53 c 1.28,0.06 2.55,0.11 3.83,0.12 c 1.7,1.6 3.69,2.21 5.96,1.85 c 0.76,-0.1 1.35,0.15 1.77,0.74 c 0.7,2.6 0.9,1.77 2.93,2.84 c 1.04,0.91 2.74,3.75 4.25,3.45 c -0.15,3.18 -0.23,6.37 -0.24,9.55 c 0.42,3.95 2.76,5.72 3.94,9.15 c -0.32,1.53 0.2,2.66 1.56,3.4 c 0.35,0.66 0.62,1.35 0.82,2.07 c 1.36,0.98 2.57,2.12 3.63,3.42 c 0.71,0.39 1.46,0.44 2.25,0.15 c -0.29,0.99 2.85,4.11 3.65,4.92 c 0.75,0.34 1.53,0.44 2.36,0.32 c 4.21,2.9 8.33,5.94 12.36,9.11 c 1.11,0.19 1.91,0.76 2.39,1.73 c 0.26,0.65 0.56,1.29 0.91,1.9 c 2.31,1.38 4.79,1.79 7.45,1.24 c 0.47,-0.17 0.84,-0.45 1.11,-0.87 c 0.38,-1.78 1.39,-3.1 3.03,-3.94 c 0.35,-0.78 0.36,-1.57 0.04,-2.38 c 3.08,0.38 3.36,-3.68 5.33,-5.32 c 0.01,-0.25 0.01,-0.5 0.02,-0.75 c -2.27,-2.43 -4.59,-4.83 -6.95,-7.21 c -0.39,-0.28 -0.81,-0.36 -1.27,-0.24 c -0.43,-0.19 -0.74,-0.5 -0.93,-0.94 c 0.22,-0.8 0.14,-1.56 -0.24,-2.28 c -2.87,-3.15 -5.88,-6.14 -9.03,-8.98 c -0.55,-0.37 -1.16,-0.57 -1.83,-0.6 c 0.1,-1.22 0.33,-2.4 0.71,-3.53 c 1.86,-0.78 1.24,-1.39 2.03,-2.98 c 1.77,-0.88 1.17,-1.39 1.99,-2.96 c 1.6,-0.9 2.62,-2.25 3.03,-4.02 c 1.47,-0.72 1.88,-1.83 1.22,-3.33 c 2.29,0.17 3.18,-1.77 3.82,-3.58 c 1.57,-0.77 2.4,-3.9 0.26,-3.94 c -4.07,-2.47 -12.55,-5.36 -17.04,-5.25 c -0.4,0 -0.62,-0.17 -0.68,-0.53 c 0.51,-2.03 -3.44,-0.98 -4.42,-1.36 c -0.85,-0.48 -1.65,-1.02 -2.4,-1.61 c -0.43,-3.85 -0.78,-6.45 2.43,-9.07 c 2.25,-0.19 4.5,-0.31 6.76,-0.37 c 0.89,-0.72 1.92,-1.03 3.08,-0.93 c 0.8,-0.6 1.69,-1.04 2.65,-1.32 c 0.93,-1.07 1.85,-2.15 2.76,-3.23 c 2.06,-1.43 4.29,-2.51 6.69,-3.25 c 3.29,-0.11 6.58,-0.14 9.87,-0.08 c 1.09,0.73 2.27,1.24 3.55,1.53 c 0.83,1.21 1.96,1.66 3.37,1.36 c 0.97,0.81 1.83,1.73 2.57,2.75 c 1.25,3.62 3.27,3.37 6.59,3.37 c 1.66,0.42 3.47,-3.38 5.14,-3.93 c 1.36,-0.13 2.64,-0.5 3.85,-1.12 c 1.19,0.21 2.22,-0.08 3.1,-0.88 c 3.89,-0.16 7.79,-0.19 11.69,-0.1 c 1.87,0.28 1.4,3.35 1.76,4.7 c -0.08,2.91 -0.05,5.82 0.1,8.72 c 0.24,0.43 0.61,0.59 1.09,0.5 c 0,0.31 0,0.63 0,0.94 c 0.03,0.75 0.42,1.13 1.2,1.13 c 5.36,-0.02 10.73,-0.01 16.09,0.01 c 0.79,-0.05 1.47,-0.35 2.05,-0.92 c 1.3,-0.05 2.6,-0.12 3.9,-0.21 c 0.39,-0.4 0.46,-0.85 0.21,-1.35 c 2.02,0.78 3.92,0.56 5.69,-0.67 c 0.41,-0.32 0.52,-0.72 0.33,-1.21 c 1.14,0.42 2.25,0.39 3.33,-0.1 c 1.34,-0.99 2.67,-1.99 4.01,-2.98 c 0.37,-0.64 0.7,-1.3 0.99,-1.98 c 0.07,-1.16 2.38,-0.26 2.94,0.03 c 8.68,9.04 17.65,21.94 25.61,32.01 c 0.99,1.21 1.78,2.53 2.39,3.96 c 0.18,2.45 -0.71,2.95 -2.67,1.52 c -0.57,-0.12 -1.12,-0.07 -1.65,0.14 c 0.15,-0.46 0.13,-0.91 -0.09,-1.35 c -1.61,-1.42 -3.12,-2.94 -4.54,-4.56 c -0.41,-0.28 -0.87,-0.42 -1.37,-0.4 c -1.08,-0.29 -1.95,-0.84 -2.63,-1.67 c 0.04,-0.54 -0.17,-0.95 -0.64,-1.22 c -2.29,-0.14 -4.6,-0.14 -6.9,-0.01 c -0.79,-0.08 -1.47,-0.4 -2.06,-0.95 c -0.89,-0.12 -1.78,-0.16 -2.68,-0.12 c -5.77,-1.48 -7.7,1.47 -12.47,1.98 c -0.94,-0.01 -1.87,-0.03 -2.81,-0.03 c -0.94,0.45 -1.92,0.82 -2.92,1.11 c -3.39,0 -6.77,-0.01 -10.16,-0.05 c -0.93,-0.07 -1.39,0.34 -1.38,1.24 c -0.09,1.07 -1.99,0.18 -2.62,0.57 c -4.59,1.15 -6.72,4.33 -10.76,6.25 c -1.42,1.49 -2.53,3.16 -3.33,4.99 c -2.04,-0.4 -4.66,8.95 1.12,7.95 c 1.38,0.81 9.39,4.77 9.7,5.6 c 0.21,0.71 0.48,1.4 0.83,2.05 c 1.6,1.03 2.36,2.5 2.28,4.4 c -0.18,1.77 -0.27,3.55 -0.27,5.33 c -0.38,-0.22 -0.66,-0.14 -0.86,0.26 c -0.14,5.58 -0.11,11.17 0.08,16.76 c -0.11,0.39 -0.36,0.66 -0.75,0.79 c -1.62,-0.2 -3.24,-0.22 -4.86,-0.05 c -0.9,0.65 -1.92,0.98 -3.04,0.97 c -0.48,0.32 -0.65,0.75 -0.52,1.31 c -0.24,0.77 -4.57,0.46 -5.42,0.43 c -1.96,-0.64 -3.93,-1.26 -5.91,-1.85 c -0.38,-0.07 -0.63,-0.28 -0.77,-0.63 c 0.18,-0.53 0.04,-0.96 -0.43,-1.27 c -1.11,0.13 -8.01,-1.01 -7.45,1.17 c -3.63,1.93 -7.19,4.06 -10.69,6.38 c -10.2,1.3 -21.3,-2.2 -30.43,-6.3 c 0.47,-1.46 -3.79,-2.44 -4.6,-3.27 c -0.56,-0.13 -1.12,-0.15 -1.7,-0.06 c -0.99,-0.42 -1.9,-0.96 -2.71,-1.64 c 0.07,-0.79 -0.18,-1.45 -0.77,-1.99 c -1.76,-0.45 -4.59,-2.68 -6.36,-2.32 c -0.79,0.13 -1.4,-0.11 -1.85,-0.72 c 0.17,-0.53 0.03,-0.95 -0.41,-1.28 c -2.68,-0.04 -5.36,-0.08 -8.04,-0.12 c -0.92,-0.02 -1.44,0.42 -1.58,1.31 c -3.49,0.66 -7,1.23 -10.52,1.72 c -1.6,-0.03 -3.2,-0.01 -4.79,0.08 c -1.56,1.5 -2.19,0.6 -4.09,1.1 c -0.41,0.3 -0.49,0.68 -0.25,1.13 c -1.55,-0.29 -3.12,-0.38 -4.7,-0.25 c -0.4,0.27 -0.79,0.55 -1.16,0.86 c -1.03,0.35 -3.86,-0.51 -3.34,1.51 c -0.1,0.33 -0.34,0.48 -0.72,0.45 c -1.36,-0.26 -2.67,-0.12 -3.94,0.43 c -2.21,-0.24 -3.24,-0.92 -5.02,0.67 c -0.99,0.31 -3.77,-0.6 -3.41,1.31 c 0.04,1.14 -1.95,0.05 -2.51,0.38 c -2.59,0.91 -5.27,1.43 -8.02,1.56 c -2.06,-0.3 -4.02,0.27 -3.39,-2.69 c 0.51,-1.24 0.92,-2.51 1.22,-3.82 c 1.77,-3.34 3.32,-6.75 4.66,-10.25 c 0.1,-3.33 0.13,-6.67 0.11,-10.01 c -0.35,-1.5 -1.01,-2.86 -1.97,-4.08 c 0.25,-1.88 -0.55,-3.01 -2.41,-3.39 c -0.73,-0.06 -2.29,-3.87 -2.73,-4.66 c 0.16,-0.82 0.07,-1.62 -0.26,-2.38 c -1.71,-2.65 -3.42,-5.3 -5.12,-7.95 c -0.52,-0.64 -1.17,-0.87 -1.96,-0.71 c 1.1,-1.92 -1.26,-3.88 -1.71,-5.69 c -0.39,-0.38 -0.84,-0.43 -1.33,-0.17 c 0.46,-1.96 0.63,-3.95 0.5,-5.97 c -0.44,-0.95 -0.81,-1.91 -1.11,-2.91 c 0.05,-4.38 0.1,-8.76 0.12,-13.14 c -0.02,-0.92 -0.48,-1.36 -1.39,-1.33 c -0.74,-1.37 -1.3,-2.83 -1.71,-4.39 c -0.81,-1 -1.47,-2.08 -1.98,-3.25 c 0.66,-2.58 -2.45,-4.38 -3.99,-5.95 c -0.39,-0.3 -0.83,-0.44 -1.32,-0.41 c -0.91,-0.62 -1.45,-1.5 -1.62,-2.64 c -0.13,-0.86 0.08,-1.62 0.61,-2.27 c 1.38,-0.99 2.83,-1.87 4.36,-2.63 c 1.35,-1.95 4.56,-2.17 6.44,-3.65 c 0.39,-0.38 0.47,-0.83 0.24,-1.33 c 0.89,0.32 1.8,0.46 2.73,0.4 c 1.34,-0.73 2.74,-1.33 4.2,-1.78 c 1.24,-0.12 2.49,-0.2 3.74,-0.24 c 0.57,-0.59 1.26,-0.91 2.06,-0.95 c 3.04,0.03 6.08,0.03 9.12,0.02 c 1.02,0.25 2,0.59 2.95,1.02 c 0.96,-0.05 1.92,-0.04 2.87,0.04 c 0.9,0.67 1.91,1.01 3.04,1.02 c 2.33,1.2 3.1,2.35 5.98,1.98 Z"/></g>
<g><path id="Bishan–Toa Payoh GRC" fill="#7193bf" stroke="#7193bf" stroke-width="0.5" d="M 875.77,461.41 c 0.88,0.31 1.79,0.48 2.73,0.5 c 4.05,-0.03 8.09,-0.03 12.14,0.03 c 0.99,-0.09 1.38,-0.62 1.15,-1.59 c 0.6,-0.74 1.18,-1.49 1.75,-2.26 c 7.5,-2.24 38.4,10.26 48.21,12.49 c 16.96,0.73 25.26,5.52 36.73,17.51 c 3.32,3.78 6.28,10.36 10.55,12.95 c 1.03,1.09 1.9,2.3 2.63,3.61 c 1.86,11.98 8.87,25.74 10.63,36.77 c 0.03,0.74 -0.28,1.2 -0.93,1.37 c -1.44,-0.01 -2.86,0.14 -4.27,0.44 c -3.87,-0.18 -7.75,-0.27 -11.64,-0.29 c -0.93,0.1 -1.42,0.63 -1.46,1.56 c -1.53,-0.62 -2.72,-0.26 -3.56,1.1 c -0.32,3.76 -1.29,7.3 -2.14,10.92 c -0.48,1.63 3.35,2.33 4.36,2.72 c 0.49,0.47 1.09,0.69 1.8,0.66 c 4.28,0.04 8.56,0.11 12.83,0.23 c 0.69,-0.12 1.38,-0.12 2.08,-0.01 c 1.15,0.76 2.23,1.6 3.25,2.5 c 1.94,-0.27 3.89,-0.57 5.84,-0.91 c 0.62,0.03 1.1,0.31 1.43,0.83 c 0.41,3.65 0.55,7.31 0.43,11 c 0.03,0.75 0.2,1.48 0.52,2.17 c -0.59,0.83 -0.9,1.76 -0.92,2.79 c 0.14,3.8 0.14,7.61 0,11.41 c -5.26,1.88 -10.58,3.55 -15.95,5 c 0.43,-1.24 -1.85,-0.78 -2.44,-0.92 c -3.3,-0.14 -6.59,-0.02 -9.86,0.36 c 0.26,-0.49 0.19,-0.92 -0.21,-1.29 c -3.15,-0.12 -6.31,-0.07 -9.47,0.16 c -2.41,-0.14 -4.82,-0.23 -7.24,-0.26 c -0.07,-0.69 -0.48,-1.02 -1.21,-0.97 c -5.01,0.03 -10.03,0.02 -15.05,-0.03 c -1.13,-0.22 -1.98,0.14 -2.54,1.07 c -1.48,-0.08 -2.92,0.12 -4.31,0.58 c -3.27,1.44 -6.82,2.38 -8.85,-1.39 c 0.36,-0.83 0.36,-1.67 0.02,-2.52 c -1.36,-2.39 -2.59,-4.85 -3.69,-7.36 c -0.54,-2.21 -1.57,-4.16 -3.08,-5.86 c -0.07,-1.66 -0.06,-3.34 0.04,-5.01 c 0.07,-0.8 -0.27,-1.22 -1.03,-1.24 c -0.1,-2.76 -0.2,-5.53 -0.3,-8.3 c 0.66,-1.6 0,-8.39 -2.86,-6.86 c -1.07,-0.33 -2.09,-2.48 -2.01,-3.56 c 7.07,-4.02 6.57,-2.96 8.44,-11.17 c 0.17,-0.38 0.35,-0.76 0.53,-1.13 c 0.8,-0.26 1.2,-0.82 1.2,-1.67 c 0.01,-2.3 -0.06,-4.58 -0.23,-6.86 c -0.17,-0.33 -0.44,-0.46 -0.79,-0.41 c 0.33,-1.39 -0.19,-2.18 -1.56,-2.38 c -3.27,-0.25 -6.54,-0.24 -9.81,0.04 c -2.48,0.27 -15.4,-9.5 -18.25,-11.04 c -0.19,-0.93 -0.66,-1.69 -1.39,-2.29 c -2.62,-1.04 -8.71,-4.83 -11.25,-4.78 c -2.16,0.33 -14.14,-6.43 -16.81,-7.84 c 0.14,-0.75 -0.06,-1.37 -0.58,-1.88 c -3.15,-1.58 -6.38,-2.97 -9.69,-4.17 c -1.78,-0.88 -3.53,-1.82 -5.25,-2.82 c -0.81,-0.17 -1.63,-0.26 -2.46,-0.27 c -0.33,0.03 -0.66,0.05 -0.99,0.08 c 0.16,-0.74 -0.04,-1.35 -0.58,-1.85 c -3.63,-0.95 -5.67,-3.46 -9.73,-3.25 c -3.01,-0.57 -5.09,-2.04 -7.84,-3.2 c -0.71,-0.43 -0.99,-1.05 -0.84,-1.86 c 5.96,-8.11 10.47,-20.49 17.66,-27.37 c 1.54,-2.44 0.98,-4.88 3.4,-6.91 c 2.89,-1.95 13.39,2.84 7.69,7.68 c -5.29,2.09 -5.47,4.19 -9,8 c -1.83,0.94 -3.8,1.46 -2.17,4.03 c 1.25,0.43 2.53,0.71 3.86,0.86 c 1.06,0.56 1.94,1.34 2.65,2.33 c 1.23,1.25 2.4,-0.88 3.28,-1.51 c 0.71,-3.58 3.5,-5.48 5.88,-8.03 c 1.13,-0.65 2.25,-1.31 3.36,-1.98 c 2.24,-0.97 0.84,3.65 0.7,4.52 c 2.87,1.35 4.15,-1.9 6.47,-2.97 Z"/></g>
<g><path id="Tampines GRC" fill="#eee4b1" stroke="#eee4b1" stroke-width="0.5" d="M 1292.03,447.39 c 1.79,-0.47 5.43,3.92 7.44,4.58 c 0.31,0.28 0.38,0.61 0.21,0.99 c -0.04,2.06 1.77,2.87 3.38,3.5 c 1.05,1.51 2.49,2.06 4.33,1.66 c 1.85,0.53 7.16,2.25 8.2,3.28 c 0.67,2.25 4.96,1.67 6.74,1.61 c 10.1,2.5 23.55,4.86 31.34,12.06 c 0.18,0.68 0.51,1.29 0.97,1.82 c 2.54,2.74 5.91,6.99 9.3,8.54 c 2.58,2.19 3.13,4.35 4.32,7.49 c -0.5,1.36 -0.27,2.57 0.7,3.63 c -0.09,1.06 0.87,4.59 2.31,4.38 c -0.61,1.69 -0.37,3.23 0.72,4.61 c 0.27,1.31 -0.22,3.67 1.72,3.78 c 1.02,2.89 1.29,5.86 0.81,8.89 c -0.55,0.58 -1.22,0.94 -2.01,1.07 c -0.87,-0.35 -1.73,-0.7 -2.59,-1.05 c 0.15,-0.47 0.02,-0.83 -0.4,-1.08 c -4.3,-0.28 -8.59,-0.25 -12.87,0.09 c -0.42,0.25 -0.59,0.61 -0.53,1.09 c -2.36,0.92 -4.71,1.99 -7.05,3.19 c -10.76,7.12 -20.87,17.01 -30.92,25 c -0.38,0.16 -0.78,0.21 -1.18,0.15 c -2.22,0.89 -3.46,-2.19 -5,-3.22 c -0.83,-0.84 -1.79,-1.42 -2.9,-1.74 c -2.94,-1.99 -5.59,-6.99 -8.59,-8.36 c -2.67,1.57 -5.48,2.86 -8.41,3.87 c -2.84,-0.21 -5.68,-0.25 -8.53,-0.12 c -1.03,-0.33 -2.04,-0.72 -3.03,-1.16 c -0.88,-0.01 -1.74,0.09 -2.59,0.29 c -1.31,-0.11 -2.5,-0.52 -3.58,-1.24 c -0.48,-0.48 -0.94,-0.99 -1.35,-1.54 c -2.16,-0.72 -2.42,-2.03 -5.09,-1.19 c -8.26,-2.88 -15.11,-6.87 -22.58,-11.23 c -0.88,-1.72 -0.68,-3.29 0.6,-4.7 c 0.14,-0.88 0.21,-1.76 0.22,-2.65 c 0.11,-0.87 0.45,-1.65 0.99,-2.34 c 1,-0.12 1.78,-0.6 2.32,-1.45 c 0.42,-1.84 2.03,-3.18 1.75,-5.15 c -0.12,-0.95 0.18,-1.77 0.89,-2.44 c 0.95,-0.19 1.74,-0.66 2.37,-1.41 c 1.41,-3.18 2.91,-6.31 4.48,-9.39 c 0.03,-3.35 0.04,-6.7 0.02,-10.05 c 0.09,-0.76 0.37,-1.44 0.84,-2.05 c 0.31,-7.3 0,-14.63 0.11,-21.94 c 0.63,-1.21 1.03,-2.5 1.2,-3.86 c 0.64,-1.01 1.42,-1.9 2.34,-2.68 c 0.34,-0.64 0.65,-1.29 0.94,-1.95 c 0.2,0.12 0.39,0.23 0.58,0.34 c 1.96,-0.01 3.82,-0.42 5.58,-1.22 c 1.99,-0.16 3.98,-0.28 5.98,-0.37 c 0.96,-0.33 1.95,-0.57 2.96,-0.73 c 4,0.14 8.66,-0.44 12.54,0.4 Z"/></g>
<g><path id="Potong Pasir SMC" fill="#368391" fill-opacity="0.996" stroke="#368391" stroke-width="0.5" stroke-opacity="0.996" d="M 1015.14,545.05 c 0.55,0.07 1.1,0.17 1.64,0.29 c 3.54,-0.43 7.08,-0.44 10.62,-0.03 c 1.39,-0.57 2.49,-0.22 3.32,1.06 c 0.01,2.71 6.82,2.96 8.63,2.88 c 3.03,-0.83 2.92,2.45 2.33,4.42 c -0.58,0.44 -0.83,1.03 -0.75,1.78 c 0.36,1.31 -0.56,5.87 0.62,6.52 c 4.02,0.05 8.04,0.07 12.07,0.09 c 0.79,-0.07 1.92,0.01 1.4,-1.1 c 0.78,0.24 1.51,0.59 2.17,1.06 c 10.01,6.92 10.82,11.87 12.92,23.41 c 3.15,10.6 6.07,21.25 8.76,31.97 c -0.11,0.83 -0.52,1.5 -1.22,1.98 c -5.34,2.86 -10.88,4.95 -16.39,7.31 c -0.71,0.27 -2.42,0.74 -1.99,-0.65 c 0.16,-1.69 -0.44,-3.04 -1.78,-4.06 c -0.38,-1.78 -1.44,-2.87 -3.21,-3.28 c 0.11,-1.57 -0.49,-2.78 -1.81,-3.64 c -0.29,-0.72 -0.57,-1.44 -0.83,-2.18 c -1.66,-0.86 -2.68,-2.19 -3.05,-4 c -1.62,-1.4 -3.17,-2.88 -4.65,-4.44 c -0.45,-0.43 -0.98,-0.69 -1.58,-0.77 c -0.48,-1.25 -1.25,-2.31 -2.31,-3.17 c -1.43,-0.5 -2.65,-1.31 -3.67,-2.4 c -0.9,-0.19 -1.81,-0.31 -2.72,-0.36 c -1.35,0.41 -5.33,-1.02 -6.39,-1.98 c -0.65,-1.68 -2.6,-1.58 -3.81,-2.66 c -1.18,-0.17 -2.38,-0.27 -3.58,-0.3 c -2.48,0.41 -6.41,-4.09 -5.5,-6.4 c 0.43,-0.55 0.64,-1.18 0.65,-1.88 c -0.03,-6.05 -0.02,-12.1 0.03,-18.15 c 0.11,-0.88 -0.23,-1.22 -1.03,-1.01 c -0.1,-0.44 -0.2,-0.89 -0.29,-1.33 c 0.39,-1.41 0.31,-2.78 -0.24,-4.11 c -1.95,-1.24 -2.28,-3.61 -5.09,-2.82 c -0.37,0.04 -0.64,0.22 -0.82,0.52 c -2.91,0.78 -5.68,0.47 -8.31,-0.93 c -0.13,-0.28 -0.35,-0.45 -0.68,-0.52 c -5.29,-0.26 -10.58,-0.29 -15.88,-0.1 c 0.27,-1.26 0.71,-2.46 1.32,-3.61 c 0,-1.92 -0.51,-3.41 1.54,-4.43 c 6.32,-0.02 12.64,-0.01 18.97,0.02 c 0.93,0.03 1.34,-0.41 1.25,-1.32 c 2.89,0.28 5.79,0.34 8.69,0.2 c 0.44,-0.29 0.58,-0.69 0.41,-1.19 c 0.08,-0.23 0.16,-0.46 0.24,-0.69 Z"/></g>
<g><path id="Sengkang West SMC" fill="#818028" stroke="#818028" stroke-width="0.5" d="M 1070.06,337.61 c 1.22,-0.02 2.45,0.03 3.67,0.12 c 7.81,0.33 15.63,0.39 23.46,0.2 c 0.33,-0.1 0.66,-0.21 0.99,-0.31 c -0.09,0.92 0.34,1.39 1.28,1.4 c 2.39,0.35 6.32,-0.79 8.22,0.76 c 1.94,0.09 3.88,0.17 5.83,0.23 c 1.01,0.29 2.01,0.61 3,0.97 c 1.34,0.06 2.67,0.06 4,0 c 1,0.3 1.97,0.64 2.94,1.01 c 1.36,0.24 3.6,-0.74 4.53,0.58 c -0.23,1.49 -0.28,2.98 -0.14,4.48 c 0.15,2.36 -0.9,5.56 -2.15,7.59 c -1.89,0.11 -1.53,1.39 -1.78,2.79 c -0.68,1.36 -1.24,2.78 -1.69,4.23 c -0.1,0.91 -0.21,1.81 -0.34,2.72 c -0.74,0.88 -1.08,1.9 -1.01,3.06 c -0.77,0.82 -1.1,1.8 -0.98,2.93 c -0.55,1.45 -1.15,2.88 -1.8,4.28 c -0.08,0.59 -0.13,1.19 -0.17,1.78 c -0.65,1.05 -1.24,2.13 -1.78,3.24 c -0.36,1.53 -0.87,3.01 -1.52,4.46 c -0.81,1.24 -2.52,0.73 -3.7,0.47 c -3.11,-0.05 -23.76,-14.21 -26.55,-15.92 c 0.15,-2.54 -3.34,-1.56 -4.85,-1.62 c -1.26,0.63 -0.08,5.03 -0.66,6.32 c -1.76,2.54 0.25,4.68 -3.47,6.6 c -2.31,0.04 -4.63,0.03 -6.94,-0.02 c -0.88,-0.05 -1.39,0.35 -1.53,1.19 c -0.55,-0.14 -1.1,-0.1 -1.62,0.12 c -2.87,-0.99 -3.22,0.84 -5.66,0.93 c -0.57,0.35 -0.91,0.85 -1.01,1.52 c -0.21,-0.02 -0.43,-0.05 -0.64,-0.07 c -2.27,0.12 -6.86,1.23 -8.63,-0.54 c -1.89,-0.28 -2.42,0.4 -3.97,-0.99 c -2.56,0 -4.8,-0.07 -4.49,-3.49 c 4.29,-5.12 9.27,-8.86 10.12,-16 c 0.09,-0.35 0.3,-0.55 0.63,-0.61 c 2.94,-1.62 6.66,-0.98 9.89,-0.97 c 0.59,0.11 1.05,-0.07 1.38,-0.56 c 0.06,-6.96 0.13,-13.92 0.2,-20.88 c 1.26,-1.97 6.7,1.04 6.94,-2 Z"/></g>
<g><path id="Yuhua SMC" fill="#fa802c" fill-opacity="0.996" stroke="#fa802c" stroke-width="0.5" stroke-opacity="0.996" d="M 542.44,527 c 1.51,0.41 1.58,4.33 1.6,5.61 c -0.35,2.06 -0.01,3.99 1.04,5.78 c 0.59,0.57 1.31,0.87 2.16,0.9 c -0.03,0.12 -0.06,0.23 -0.08,0.35 c 1.64,0.98 3.33,1.89 5.07,2.74 c 1.39,1.3 2.76,2.26 4.72,2.35 c 0.33,0.88 0.84,1.61 1.52,2.19 c 2.63,-0.08 7.15,1.1 6.55,-3.21 c 0.42,-1.13 0.16,-3.36 1.6,-3.76 c 1.09,0.02 2.09,0.34 3,0.94 c 1.93,0.05 3.85,0.11 5.78,0.18 c 1.57,1.83 4.82,0.64 6.94,0.89 c 0.83,0.15 3.66,-0.54 3.6,0.81 c -0.03,0.51 0.19,0.88 0.66,1.09 c 1.08,0.09 4.83,0.9 4.36,2.48 c -0.46,1.39 -4.95,7.23 -5.61,7.67 c -1.79,0.18 -2.52,1.99 -3.85,2.93 c -0.63,1.65 -1.68,2.98 -3.17,3.98 c -0.29,0.81 -0.26,1.61 0.1,2.41 c -1.21,0.14 -2.21,0.68 -3.03,1.61 c -1.05,2.54 -2.25,2.65 0.63,4.59 c 2.44,1.15 4.73,2.5 6.85,4.05 c 0.07,0.52 0.23,1.02 0.47,1.49 c 1.85,1.8 4.34,3.35 5.05,5.97 c 2.29,2.39 4.65,4.71 7.08,6.96 c 0.54,0.69 0.8,1.48 0.8,2.36 c -1.1,-0.35 -3.13,1.88 -3.91,2.56 c -0.34,0.78 -0.42,1.59 -0.26,2.43 c -0.29,0.68 -0.8,0.9 -1.52,0.64 c -6.93,-5.06 -14.33,-9.85 -20.63,-15.56 c 0.01,-0.79 -0.26,-1.47 -0.83,-2.04 c -2.15,-1.87 -4.2,-3.84 -6.16,-5.93 c -0.37,-0.33 -0.81,-0.48 -1.3,-0.46 c -1.57,-2.16 -6.13,-7.59 -5.33,-10.3 c 0.42,-2.23 3.59,-7.68 2.18,-9.64 c -4.29,-3.3 -10.7,-8.62 -15.43,-10.74 c 0.02,-0.53 -0.2,-0.93 -0.66,-1.19 c -1.96,-0.18 -3.92,-0.21 -5.89,-0.09 c -0.15,-0.18 -0.31,-0.36 -0.47,-0.54 c -0.05,-4.96 -0.15,-9.91 -0.31,-14.87 c 0.61,0.1 1.17,-0.05 1.69,-0.45 c 1.66,0.95 3.32,1.89 4.99,2.82 Z"/></g>
<g><path id="Hougang SMC" fill="#e75a65" fill-opacity="0.988" stroke="#e75a65" stroke-width="0.5" stroke-opacity="0.988" d="M 1097.76,462 c -0.22,-3.39 1.17,-2.92 3.24,-4.53 c 2.93,-4.92 7.2,-7.77 10,-13.02 c 2.05,-1.47 6.12,6.07 6.36,7.74 c 1.9,3.23 4.29,-1.05 6.31,-1.86 c 1.63,-0.58 2.5,1.33 3.79,1.9 c 2.13,0.22 3.64,-1.95 5.19,-3.08 c 7.47,-7.21 15.07,-14.29 22.78,-21.25 c 4.52,-4.1 10.3,-4.48 6.11,3.32 c -7.85,9.1 -12.11,18.43 -17.88,28.77 c -3.22,3.82 -6.64,7.46 -10.26,10.92 c -2.62,2.71 -3.87,9.64 -8.95,6.1 c -1.31,-2.93 -2.76,-5.79 -4.34,-8.59 c -1.53,-1.89 -3.47,-6.19 -6.53,-4.39 c -2.8,2.22 -5.45,4.61 -7.95,7.16 c -2.77,2.62 -7.59,-6.96 -7.87,-9.19 Z"/></g>
<g><path id="Punggol East SMC" fill="#ffc90f" stroke="#ffc90f" stroke-width="0.5" d="M 1186.63,392.28 c 0.25,-0.44 0.19,-0.83 -0.19,-1.16 c -4,-0.15 -8,-0.21 -12.01,-0.2 c -1.93,0.71 -3.87,1.43 -5.82,2.15 c -0.93,0.45 -1.45,1.19 -1.57,2.2 c -0.69,1.07 -1.56,1.98 -2.59,2.74 c -0.78,0.03 -1.44,0.33 -1.97,0.91 c -0.26,1.07 -0.58,2.13 -0.96,3.16 c -0.62,0.72 -1.31,1.35 -2.08,1.89 c -3.75,0.07 -7.49,0 -11.24,-0.2 c -0.57,0.18 -1.01,0.03 -1.32,-0.46 c 0.55,-1.1 1.13,-2.2 1.73,-3.29 c 1.35,-1.3 2.68,-2.62 3.98,-3.97 c 0.8,-1.45 0.44,-1.94 1.98,-2.89 c 0.75,-1.49 0,-2.43 1.34,-3.78 c 0.12,-4.92 0.12,-9.85 -0.01,-14.77 c -0.2,-0.4 -0.51,-0.53 -0.93,-0.38 c -0.07,-1.57 -0.06,-3.15 0.03,-4.72 c -0.44,-0.96 -0.77,-1.96 -0.99,-2.99 c 0.13,-1.19 0.23,-2.37 0.29,-3.56 c 0.03,-1.2 0.49,-2.19 1.38,-2.96 c 2.42,-0.03 4.62,-7.05 7.26,-2.43 c 0.73,0.26 1.46,0.52 2.19,0.78 c 3.51,3.83 7.17,7.51 10.98,11.04 c 0.64,0.78 1.07,1.67 1.29,2.67 c 1.76,1.94 3.67,3.7 5.75,5.29 c 0.54,0.83 0.98,1.72 1.33,2.66 c 1.68,1.67 3.39,3.3 5.13,4.9 c 0.25,0.74 0.51,1.46 0.8,2.18 c 0.69,0.33 1.2,0.84 1.53,1.51 c -0.1,1.13 1.89,2.58 0.47,3.3 c -1.93,0.04 -3.86,0.17 -5.78,0.38 Z"/></g>
<g><path id="Whampoa SMC" fill="#a14ba6" fill-opacity="0.996" stroke="#a14ba6" stroke-width="0.5" stroke-opacity="0.996" d="M 1009.77,599.06 c 0.88,4.71 -11.86,13.77 -14.13,18.56 c 0.01,2.25 2.16,3.34 3.29,5.01 c 2.31,0.93 4.55,2.02 6.72,3.27 c 1.2,0.61 2.48,1.01 3.81,1.21 c 0.48,0.21 0.71,0.57 0.72,1.08 c -2.6,4.33 -6.3,8.23 -9.26,11.99 c -1.14,0.81 -2.32,0.82 -3.53,0.05 c -4.36,-2.72 -8.7,-5.46 -13.05,-8.21 c 0.01,-0.44 -0.08,-0.86 -0.27,-1.26 c -0.71,-0.75 -1.39,-1.53 -2.05,-2.33 c -0.02,-1.59 -0.06,-3.19 -0.12,-4.79 c -0.3,-0.38 -0.58,-0.79 -0.84,-1.2 c 0.07,-2.52 -0.79,-4.66 -2.6,-6.4 c -0.74,-2.25 -2.25,-3.73 -4.53,-4.43 c 0.03,-0.44 0.06,-0.89 0.09,-1.33 c 1.03,-0.01 1.86,-0.44 2.5,-1.27 c 0.77,-1.51 1.56,-2.99 2.36,-4.44 c 0.52,-2.38 -0.04,-5.5 -3.25,-4.25 c 0.26,-0.93 0.88,-1.39 1.85,-1.39 c 5.7,0.04 11.4,0.03 17.1,-0.05 c 0.73,-0.12 1.4,-0.4 2.01,-0.84 c 0.93,-0.09 1.87,-0.16 2.81,-0.22 c 2.31,-1.11 4.68,-2.03 7.12,-2.78 c 4.17,-0.86 3.72,0.61 3.25,4.02 Z"/></g>
<g><path id="Bukit Panjang SMC" fill="#e741f7" fill-opacity="0.996" stroke="#e741f7" stroke-width="0.5" stroke-opacity="0.996" d="M 682.55,389.94 c 1.84,-0.08 3.53,1.14 5.11,1.93 c 1.32,1.41 2.37,3 3.16,4.78 c 0.21,3.91 0.28,7.84 0.2,11.76 c 0.69,1.27 5.01,0.12 6.36,0.67 c 1.17,0.55 2.33,1.08 3.47,1.59 c 0.05,1.08 0.39,2.07 1.02,2.94 c 0.14,0.94 0.21,1.89 0.21,2.84 c 0.67,1.36 1.29,2.76 1.83,4.18 c 0.4,2.24 0.81,4.48 1.25,6.72 c 0.61,0.91 0.95,1.92 1,3.02 c 0.31,0.42 0.71,0.54 1.2,0.37 c -0.37,1.22 -0.43,2.45 -0.18,3.69 c 0.62,1.37 1.19,2.78 1.69,4.22 c 0.14,1.25 0.22,2.5 0.24,3.76 c 0.73,1.32 1.32,2.71 1.77,4.16 c 0.51,2.24 0.96,4.51 1.32,6.79 c 0.28,0.38 0.53,0.78 0.73,1.21 c 0.17,2.68 0.56,5.31 1.18,7.88 c 0.5,0.57 0.92,1.19 1.25,1.87 c -2.28,-0.32 -5,-0.85 -7.02,0.55 c -0.77,0.07 -1.54,0.04 -2.31,-0.08 c -0.72,-0.18 -1.06,-0.67 -1.04,-1.46 c 0.04,-3.3 0.02,-6.6 -0.08,-9.9 c -0.1,-0.74 -0.39,-1.41 -0.86,-2 c -0.49,-0.9 0.84,-6.14 -1.33,-5.23 c 0.05,-0.35 0.1,-0.69 0.15,-1.04 c 0.5,-2.95 -0.37,-2.82 -1.38,-5.13 c -0.57,-0.32 -1.17,-0.57 -1.79,-0.78 c 0.29,-0.78 0.24,-1.52 -0.17,-2.23 c -2.61,-2.19 -4.1,-5.12 -7.93,-5.01 c -5.37,-3.26 -10.72,-6.54 -16.07,-9.84 c -0.27,-0.22 -0.44,-0.5 -0.49,-0.84 c -0.45,-0.88 -0.76,-1.78 -0.95,-2.72 c 0.65,-1.41 2.26,-3.3 1.92,-4.9 c 1,-3.64 -4.77,-4.81 -3.56,-6.97 c 3.18,-5.4 6.28,-10.83 9.3,-16.3 c 0.2,-0.28 0.47,-0.44 0.8,-0.5 Z"/></g>
<g><path id="West Coast GRC" fill="#880116" stroke="#880116" stroke-width="0.5" d="M 219.36,527.66 c 0.72,3.24 1.91,2.86 4.23,4.27 c 0.61,0.05 1.22,0.1 1.83,0.16 c 0.8,0.55 1.65,1.03 2.53,1.43 c 0.71,0.64 2.26,2.75 3.37,2.07 c -0.18,0.59 -0.23,1.2 -0.16,1.81 c 0.9,1.48 1.64,3.04 2.2,4.68 c 1.72,1.3 3.22,2.81 4.5,4.54 c 0.84,0.35 1.69,0.39 2.56,0.1 c -0.27,0.46 -0.22,0.85 0.16,1.2 c 2.64,0.1 5.28,0.14 7.92,0.1 c 1.85,-0.82 3.81,-1.28 5.88,-1.4 c 0.41,0.88 0.6,1.79 0.57,2.74 c -0.39,0.62 -0.88,1.15 -1.48,1.59 c -0.33,0.94 -0.79,1.82 -1.36,2.63 c -0.12,1.99 -0.17,3.99 -0.16,5.99 c 0.14,1.45 0.94,2.27 2.39,2.46 c 0.35,0.03 0.57,0.22 0.66,0.55 c 0.14,1.86 0.79,3.52 1.97,5 c -0.06,0.87 0.09,1.68 0.46,2.43 c 0.98,0.7 1.81,1.56 2.48,2.58 c 1.61,0.65 3.16,1.42 4.67,2.3 c 1.59,0.09 3.19,0.12 4.78,0.09 c 0.71,-0.69 1.48,-1.31 2.3,-1.86 c 1.05,-0.16 4.77,-0.93 4.21,-2.49 c 0.12,-0.42 0.39,-0.72 0.8,-0.88 c 1.36,-0.44 2.64,-1.02 3.82,-1.76 c 4.65,0.05 9.29,0.03 13.93,-0.07 c 0.84,-0.52 1.72,-0.95 2.65,-1.29 c 0.92,-1.72 2.22,-2.09 3.9,-1.11 c 0.81,0.87 1.65,1.69 2.52,2.45 c 2.6,0.16 5.21,0.1 7.8,-0.2 c 0.43,0.2 0.71,0.52 0.86,0.96 c -0.52,1.11 3.32,3.67 3.77,4.83 c 0.79,0.42 1.61,0.49 2.48,0.2 c 0.51,1.49 0.74,3.05 0.7,4.66 c 0.53,0.86 0.95,1.77 1.25,2.72 c 0.9,0.75 1.74,1.56 2.51,2.43 c 2.28,1.11 4.55,2.23 6.82,3.36 c 0.54,0.09 1.08,0.07 1.61,-0.06 c 0.48,0.09 0.78,0.38 0.92,0.85 c -0.72,2.9 3.31,5.24 5.5,6.14 c 0.71,0.02 1.34,-0.22 1.88,-0.71 c 1.77,-0.18 3.74,-0.78 5.09,0.74 c 1.89,0.51 3.27,-0.54 4.89,0.91 c 2.98,0.13 5.97,0.19 8.95,0.17 c 0.98,0.4 1.98,0.76 2.99,1.07 c 3.17,0.02 6.34,-0.08 9.5,-0.29 c 0.75,0.17 1.51,0.26 2.28,0.26 c -0.08,0.79 0.29,1.13 1.13,1.02 c 4.37,-0.03 8.74,-0.03 13.11,-0.01 c 0.87,-0.06 1.27,-0.52 1.22,-1.38 c 0.77,0.27 1.53,0.21 2.25,-0.17 c 1.57,-1.74 4.61,-2.92 3.97,-5.71 c 0.19,-0.81 5.96,-9.1 7.62,-9.76 c 0.95,-0.39 1.91,-0.74 2.89,-1.05 c 12.37,0.1 24.74,0.13 37.1,0.11 c 0.94,-0.39 1.87,-0.77 2.81,-1.14 c 2.05,0.1 4.11,0.15 6.16,0.14 c 1.16,-0.51 2.35,-0.98 3.56,-1.42 c 0.64,-0.85 0.94,-1.82 0.92,-2.9 c 0.56,-7.65 5.09,-13.32 11.61,-16.64 c 0.76,-1.39 0.7,-2.77 -0.2,-4.13 c -2.22,-3.73 -4.62,-7.35 -7.19,-10.84 c -2.89,-1.38 -6.19,1.81 -7.76,3.94 c -1.03,1.9 -2.07,3.76 -3.13,5.6 c -6.92,1.49 -13.9,2.71 -20.92,3.66 c -1.65,0.15 -2.83,-0.52 -3.53,-2.01 c -0.09,-0.83 0.07,-1.61 0.49,-2.33 c 1.71,-1.02 2.91,-2.47 3.6,-4.34 c 0.62,-0.99 10.66,-7.48 12.68,-7.67 c 0.56,0.1 1.11,0.09 1.66,-0.04 c 2.12,-1.34 4.36,-2.44 6.72,-3.29 c 0.38,-0.62 0.7,-1.27 0.96,-1.95 c 0.09,-0.95 3.67,-2.37 4.59,-2.78 c 1.97,0.47 2.73,-0.88 4.47,-1.34 c 0.69,-1.09 1.68,-1.73 2.97,-1.92 c 0.4,-0.64 0.7,-1.34 0.9,-2.07 c 0.68,-0.85 1.56,-1.4 2.62,-1.65 c 1.48,0.32 2.6,-0.17 3.36,-1.47 c 1.63,-0.71 3.16,-1.55 4.59,-2.53 c 2.46,-0.12 4.69,5.33 7.74,5.84 c 0.44,0.14 0.74,0.43 0.9,0.86 c -0.62,2.48 0.67,2.32 1.72,3.94 c 0.35,1.04 2.1,5.68 3.55,4.96 c -0.26,0.98 -0.41,1.97 -0.46,2.98 c 0.01,6.31 0.04,12.62 0.09,18.93 c 0.3,0.45 0.72,0.63 1.26,0.55 c 0.97,0.42 1.36,2.75 1.67,3.71 c -0.08,0.54 -0.05,1.07 0.07,1.59 c 0.86,1.54 1.61,3.13 2.27,4.75 c 0.62,0.37 1.28,0.57 2,0.61 c -0.57,1.45 -0.19,2.57 1.13,3.37 c 0.63,1.9 1.89,3.22 3.77,3.95 c 0.86,0.67 1.43,1.54 1.71,2.62 c -0.2,2.01 2.34,5.89 3.17,7.85 c 0.38,0.39 0.82,0.44 1.29,0.16 c -0.56,2.9 -0.57,5.81 -0.02,8.71 c -0.48,-0.23 -0.91,-0.16 -1.27,0.23 c -0.73,1.88 -1.63,3.66 -2.7,5.36 c -0.38,0.8 -0.37,1.6 0.05,2.39 c -1.43,-0.75 -2.25,2.3 -2.52,3.18 c 0.09,2.69 0.09,5.38 0,8.07 c 0.02,0.95 0.5,1.32 1.42,1.09 c -1.26,3.83 2.51,3.66 5.05,3.25 c 0.6,-0.55 1.3,-0.87 2.1,-0.96 c 0.95,-0.06 3.89,0.62 3.2,-1.35 c 1.53,0.48 3.08,0.59 4.66,0.32 c 1.48,-1.46 2.21,-0.7 4.06,-0.99 c 1.21,-0.95 2.58,-1.23 4.11,-0.83 c 0.78,-0.14 1.47,-0.47 2.08,-1 c 1.11,-0.32 3.71,0.56 3.4,-1.46 c 0.32,-0.92 2.73,-0.44 3.55,-0.63 c 1.6,0.01 3.19,-0.01 4.78,-0.07 c 0.42,-0.26 0.84,-0.54 1.24,-0.84 c 1.28,-0.05 2.56,-0.12 3.84,-0.2 c 0.37,-0.29 0.75,-0.56 1.14,-0.82 c 0.97,-0.38 5.71,0.82 5.15,-1.28 c 2.57,0.76 3.38,-0.76 5.67,-0.91 c 0.4,-0.15 0.5,-0.42 0.31,-0.8 c 1.9,-0.1 3.8,-0.19 5.69,-0.27 c 1.26,-0.77 2.63,-1.07 4.11,-0.9 c 1.24,0.57 2.53,0.97 3.89,1.2 c 1.6,0.72 3.18,2.36 5.04,1.88 c 1.75,0.57 3.29,1.47 4.62,2.72 c 0.45,1.09 1.1,2.05 1.93,2.88 c 1.58,0.55 2.52,1.91 4.3,1.03 c -0.68,1.51 3.43,2.59 4.3,3.33 c 0.94,0.03 1.87,0.09 2.8,0.18 c 1.58,1.54 3.91,0.78 5.87,0.64 c -0.83,1.81 2.33,1.01 3.13,1.34 c 1.8,1.54 3.83,1.01 5.96,0.57 c -0.27,0.47 -0.21,0.9 0.18,1.26 c 1.85,0.37 2.58,-0.53 4.09,0.93 c 1.44,-0.07 2.78,0.27 4,1.02 c 1.6,0.18 3.19,0.18 4.78,-0.02 c 1.6,-1.39 3.11,-2.88 4.54,-4.45 c 2.2,-0.76 2.34,-0.3 2.91,-2.8 c 1.25,-0.73 2.52,-1.46 3.81,-2.2 c 3.23,-2.08 11.63,5.05 15.33,5.23 c 4.67,4.33 12.91,18.23 15.94,24.01 c 0.13,1.64 2.29,1.55 3.44,1.3 c 1.35,-1.25 3.21,-0.76 2.67,-3.21 c 2.77,-6.32 1.52,-7.96 6.21,-14.08 c 1.76,-2.16 3.71,0.61 4.82,1.93 c 1.09,2.14 2.61,3.9 4.58,5.3 c 0.53,0.09 1.06,0.04 1.57,-0.14 c 0.77,2.12 2.65,4.59 5.16,4.28 c 5.39,3.72 10.65,7.61 15.77,11.66 c 0.86,2.15 3.42,5.9 6.11,5.05 c 0.04,3.08 2.77,1.44 4.4,3.24 c 1.21,0.1 2.42,0.1 3.63,0.01 c 1.14,0.04 5.36,0.47 5.74,1.74 c -0.06,0.49 0.12,0.88 0.54,1.15 c 2.69,1.36 5.51,2.59 8.1,4.06 c 0.54,0.13 1.09,0.13 1.64,0.01 c 3.97,2.49 7.87,5.06 11.68,7.7 c -0.25,1.26 1.26,1.46 2.02,1.98 c 1.76,0.85 3.01,-0.22 4.67,1.21 c 2.23,0.27 4.44,0.2 6.63,-0.23 c 0.08,0.69 0.3,1.33 0.67,1.92 c 1.45,0.48 2.71,1.26 3.77,2.34 c 0.55,0.04 1.09,-0.02 1.62,-0.17 c 0.07,2.36 3.38,4 4.59,5.9 c 0.72,0.37 1.49,0.46 2.29,0.26 c 1.28,0.91 3.84,3.15 1.07,4.19 c -2.76,-0.33 -5.23,0.7 -6.38,3.31 c 0.78,5.25 3.77,10.04 5.08,15.24 c -0.25,1.95 0.91,2.74 1.34,4.49 c 1.13,1.22 2.47,2.11 4.02,2.66 c -0.27,0.78 -0.26,1.56 0.04,2.33 c 0.85,0.84 1.69,1.67 2.53,2.49 c 0.03,1.26 0.08,2.53 0.15,3.79 c 0.49,0.62 0.8,1.33 0.92,2.1 c -0.01,4.38 -0.04,8.75 -0.06,13.12 c -0.09,1.76 1.6,1.28 0.34,2.88 c 1.51,1.48 0.24,6.01 0.79,8.04 c 0.26,0.48 0.66,0.66 1.19,0.55 c 0.62,1.06 1.22,2.16 1.8,3.31 c 0.96,0.68 1.86,1.43 2.7,2.26 c 0.86,0.19 1.61,0.54 2.26,1.04 c -0.08,0.55 0.12,0.97 0.59,1.25 c 1.94,0.08 3.88,0.13 5.83,0.17 c 0.56,0.51 1.21,0.81 1.93,0.92 c 3.91,0.14 7.8,0.04 11.68,-0.3 c 0.42,0.1 0.84,0.19 1.26,0.29 c -0.12,0.79 0.25,1.12 1.11,0.99 c 3.99,0.14 7.98,0.05 11.96,-0.27 c -0.25,0.45 -0.19,0.85 0.17,1.19 c 2.28,0.12 4.55,0.16 6.83,0.13 c 2.23,1.4 8.58,5.21 11.04,4.96 c 2.21,0.7 4.08,1.91 5.62,3.62 c 0.15,0.91 0.05,1.81 -0.31,2.67 c -0.78,1.62 -1.57,3.19 -2.36,4.71 c -1.44,-0.39 -2.39,3.84 -3.29,4.67 c -0.12,0.58 -0.12,1.17 0,1.75 c -0.37,1.39 -1.59,2.8 -2.68,3.61 c -1.71,-0.46 -6.46,5.96 -7.93,7.01 c -0.3,0.33 -0.48,0.73 -0.53,1.18 c -1.28,1.56 -2.48,3.18 -3.59,4.85 c -0.54,-0.11 -0.94,0.08 -1.2,0.56 c -0.17,2.7 -2.64,3.98 -0.25,6.88 c 1.64,0.71 2.43,1.93 4.4,1.47 c 5.48,2.82 15.34,7.85 19.67,11.5 c 0.74,0.71 2.84,0.24 3.01,1.31 c 1.26,2.68 2.16,2.84 4.54,4.09 c 3.66,0.18 7.31,0.2 10.97,0.05 c 0.77,-0.05 1.46,-0.33 2.06,-0.83 c 3.11,-0.96 3.17,1.49 5.83,1.58 c 3.22,3.56 6.61,6.93 10.16,10.13 c 3,-1.69 6.03,-3.29 9.09,-4.81 c 6.31,0.02 12.61,0 18.91,-0.05 c 2.82,-0.12 1.88,3.78 5.79,2.99 c 0.81,0.75 3.53,2.87 3.66,3.8 c 0.11,1.64 9.79,10.5 11.56,12.19 c 0.1,0.17 0.19,0.35 0.28,0.52 c -0.8,0.81 -1.4,1.76 -1.78,2.82 c -0.09,0.37 -0.33,0.63 -0.69,0.76 c -5.18,2.44 -10.34,4.93 -15.48,7.46 c -1.85,0.67 -5.13,-1.41 -7.24,-1.42 c -0.39,-0.13 -0.6,-0.39 -0.63,-0.79 c 0.06,-0.51 -0.13,-0.88 -0.59,-1.12 c -1.14,0 -2.15,-0.36 -3.02,-1.08 c -1.26,-0.12 -2.51,-0.12 -3.77,0.01 c -1.28,0.08 -2.47,-0.19 -3.56,-0.83 c 0.26,-1.99 -2.42,-1.05 -3.48,-1.32 c -0.41,-0.29 -0.8,-0.59 -1.19,-0.91 c -1.98,-0.11 -3.92,-0.45 -5.79,-1 c -3.27,-0.57 -7.05,-1.26 -9.63,-3.44 c -1.32,-0.66 -5.9,4.96 -6.8,6.03 c -0.27,1.65 3.58,2.42 3.77,4.11 c 0.94,2.42 1.81,1.92 3.67,3.17 c 1.54,0.24 3.07,0.16 4.58,-0.23 c -0.17,0.95 0.23,1.42 1.21,1.41 c 6.3,-0.22 12.6,-0.18 18.9,0.12 c 0.58,-0.02 1.13,0.1 1.65,0.36 c 1.03,0.7 2.02,1.4 2.98,2.09 c -0.24,1.38 1.85,1.48 2.64,2.18 c 2.62,0.24 5.24,0.27 7.86,0.1 c 1.94,-1.18 3.95,-2.18 6.03,-3.01 c 0.98,0.41 1.98,0.77 3,1.06 c 1.99,0.03 3.97,0.06 5.95,0.07 c 1.25,0.69 0.36,5.1 0.47,6.41 c -0.59,0.79 -1.04,1.67 -1.34,2.61 c -1.45,0.7 -1.95,1.82 -1.48,3.36 c 1.92,1.87 4.01,0.08 5.43,-1.34 c 0.78,-2.31 2.07,-2.55 1.1,-5.37 c 0.98,-0.15 1.93,-0.4 2.87,-0.75 c 1.5,0.29 2.87,0 4.1,-0.87 c 1.94,0.22 3.03,-0.6 3.3,-2.45 c 0.58,-2.73 7.14,0.7 8.59,1.26 c 0.37,0.17 0.55,0.46 0.53,0.86 c 0.34,0.85 0.6,1.73 0.77,2.61 c -0.8,1.61 -3.23,5.28 -2.49,7.02 c -0.72,-0.11 -1.33,0.11 -1.82,0.65 c -0.56,2.09 -2.91,2.98 -2.45,5.36 c -0.14,1.09 -6.98,10.6 -7.67,10.66 c -1.42,-0.26 -4.57,4.08 -5.86,4.77 c -0.98,-0.65 -0.11,-5.03 -0.6,-6.28 c -1.05,-1.05 -1.03,-2.1 0.06,-3.16 c 0.54,-2.4 0.03,-4.52 -1.52,-6.37 c -1.56,-0.41 -3.07,-0.29 -4.51,0.37 c -1.51,1.73 -2.16,3.73 -1.96,6 c -0.57,0.6 -0.88,1.31 -0.95,2.12 c 0.03,2.3 -0.01,4.59 -0.13,6.87 c -0.58,1.75 -1.23,3.47 -1.95,5.16 c 0.13,1.42 0.9,1.9 2.3,1.44 c 1.57,0.08 2.46,0.87 2.68,2.37 c -1.14,1.61 -3.57,4.39 -5.6,4.66 c -1.1,0.2 -1.99,-0.1 -2.68,-0.92 c 1.08,-0.16 1.85,-0.72 2.32,-1.69 c -0.18,-2.3 1.14,-7.16 -1.56,-8.33 c -3.11,-0.47 -5.49,-0.15 -6.31,3.27 c -0.07,0.39 -0.29,0.65 -0.67,0.78 c -3.17,0.81 -3.79,2.21 -5.97,3.97 c -2.26,-0.48 -1.26,3.3 -1.34,4.44 c 1.44,1.48 4.52,-0.73 5.72,1.08 c -1.04,1.32 -5.41,-0.88 -4.81,1.66 c -0.74,0.94 -1.57,1.82 -2.5,2.65 c -0.4,0.71 -0.39,1.41 0.03,2.1 c 3.63,6.03 7.3,12.03 11.03,18.01 c 4.53,4.69 23.33,35.01 25.16,35.72 c 0.02,0.51 0.26,0.88 0.71,1.1 c 0.8,-0.52 1.54,-1.12 2.22,-1.82 c 1.54,-0.3 1.01,1.06 1.82,1.93 c 1.66,1.58 1.5,2.1 3.97,2.07 c 1.72,1.55 3.77,0.89 5.88,0.9 c 7.11,6.84 9.35,3.09 17.04,0.86 c 0.39,-0.16 0.64,-0.44 0.74,-0.85 c 0.62,0.11 1.16,-0.01 1.65,-0.36 c -0.98,-1.86 -2.17,-3.54 -3.58,-5.05 c 1.08,-2.01 1.03,-4.01 -0.16,-5.99 c -1.49,-0.37 -2.95,-0.87 -4.36,-1.5 c 0.15,-1.6 2.42,-0.79 3.44,-1.45 c 0.82,-0.88 0.68,-1.52 -0.42,-1.92 c 0.36,-1.11 0.67,-5.51 -0.58,-5.95 c -0.13,-0.26 -0.26,-0.53 -0.4,-0.79 c 0.45,-1.51 -3.36,-0.65 -4.06,-1.07 c -0.16,-0.17 -0.32,-0.33 -0.49,-0.49 c 0.04,-1.15 -0.2,-2.22 -0.72,-3.2 c -0.31,0.12 -0.43,0.36 -0.37,0.71 c -0.74,0.03 -1.39,0.29 -1.95,0.76 c -0.3,0.88 -0.81,1.58 -1.56,2.08 c -1.57,-0.46 0.08,-2.31 -0.04,-3.35 c -1.84,-3.87 -7.17,-3.15 -9.49,-6.98 c 0.02,-2.34 2.49,-1.5 3.61,-0.48 c 0.89,0.14 1.79,0.16 2.69,0.05 c 0.69,0.73 1.24,1.56 1.66,2.51 c 1.34,0.6 2.58,1.37 3.7,2.33 c 0.41,1.25 1.05,1.36 1.92,0.32 c 1.54,0.06 3.05,-0.09 4.53,-0.45 c 0.83,-0.86 1.16,-1.9 0.99,-3.12 c 2.15,-1.98 3.69,-1.53 6.49,-1.58 c 0.95,-0.41 1.92,-0.73 2.92,-0.96 c 2.67,-0.09 5.35,-0.08 8.02,0.04 c 0.81,-0.11 1.52,-0.44 2.13,-1 c 0.93,0.21 1.81,0.57 2.65,1.08 c -0.24,0.87 -1,4.82 -2.02,4.85 c -1.46,0.75 -2.76,1.71 -3.91,2.89 c -1.17,-0.05 -2.18,0.31 -3.03,1.1 c -1.57,-0.63 -3.16,-1.25 -4.76,-1.86 c -0.7,0.78 -2.94,0.86 -2.65,2.17 c -2.13,3.01 -2.6,6.27 -1.39,9.78 c 1.12,1.32 2.29,2.56 3.5,3.7 c -0.17,2.31 3.55,1.4 4.56,0.32 c 0.37,1.42 0.54,2.89 0.51,4.41 c 0.32,0.44 0.75,0.58 1.28,0.43 c 0.57,0.57 1.04,1.23 1.4,1.97 c 1.62,1.2 3.2,2.41 4.74,3.65 c 1.17,-1.03 2.43,-1.92 3.8,-2.7 c 0.45,-0.39 0.67,-0.9 0.65,-1.51 c -0.76,-4.06 2.02,-1.16 3.55,-0.37 c 1.61,0.04 3.23,0.07 4.84,0.09 c 1.54,0.39 1.45,3.52 2.97,2.5 c -0.24,4.08 -1.31,1.09 -3.72,1.54 c -1.72,-0.05 -3.39,-0.34 -5.01,-0.87 c -1.09,0.95 -2.3,1.72 -3.65,2.3 c -3.66,2.99 3.33,5.31 -2.69,8.48 c -2.76,-0.62 0.31,5.73 -2.65,4.94 c -0.82,-0.64 -1.73,-1.1 -2.73,-1.38 c -0.6,-1.05 -1.22,-2.08 -1.86,-3.11 c -1.71,-1.64 -3.38,-3.33 -5.01,-5.06 c -0.73,-0.23 -1.19,0.06 -1.37,0.85 c -1.62,-0.57 -11.14,2.92 -12.4,4.14 c -0.45,-0.25 -0.85,-0.2 -1.19,0.17 c -0.07,1.66 -0.11,3.33 -0.12,5 c 0.62,2.32 1.42,4.59 2.41,6.8 c -2.14,-1.01 -1.09,3.23 -1.4,4.11 c -1.37,1.69 -3.5,-0.29 -4.52,-1.38 c -1.35,-2 -2.63,-4.05 -3.85,-6.15 c -1.25,-1.06 -2.15,-2.47 -3.95,-2.5 c 0.27,-0.85 0.22,-1.67 -0.17,-2.46 c -1.82,-2.12 -3.82,-4.03 -6.01,-5.75 c -0.33,0.16 -0.49,0.43 -0.47,0.82 c -4.43,1.26 -27.3,15.66 -32.72,19.23 c -1.69,-0.56 -2.53,2.03 -3.87,2.71 c -0.53,1.07 -0.57,2.18 -0.12,3.32 c -0.98,-0.67 -2,-1.28 -3.07,-1.82 c 0.76,-0.72 1.42,-2.48 -0.26,-2.43 c -0.37,-1.45 -6.59,-3.38 -7.02,-4.74 c -0.14,-1.27 1.97,-1.53 2.71,-2.23 c 2.03,-0.12 0.53,1.8 2.39,1.94 c 0.28,1.11 2.58,1.82 3.57,1.97 c 4.31,-1.01 33.7,-19.04 35.31,-20.84 c 0.44,-0.04 0.75,-0.25 0.94,-0.64 c -0.94,-0.95 -1.87,-1.94 -2.77,-2.96 c -0.73,-0.47 -1.51,-0.76 -2.37,-0.88 c -0.11,-3.57 -19.9,-29.91 -23.31,-35.61 c -4.52,-5.46 -9.5,-14.64 -12.97,-21.09 c -0.88,-0.49 -1.71,-1.03 -2.49,-1.62 c 0.25,-1.46 -4.51,-5.07 -5.39,-6.32 c -0.63,-0.8 -0.26,-3.47 -1.9,-2.62 c 0.9,-2.45 -0.74,-3.24 -2.71,-3.85 c -0.55,-1.11 -1.21,-2.13 -1.98,-3.07 c -0.45,-0.24 -0.92,-0.31 -1.41,-0.22 c 0.24,-1.02 -0.14,-1.74 -1.13,-2.16 c -1.94,-0.08 -3.87,-0.14 -5.81,-0.18 c -1.09,-1.01 -2.21,-2.01 -3.34,-3 c -0.39,-0.2 -0.8,-0.31 -1.24,-0.33 c -1.24,-0.91 -2.26,-2.02 -3.06,-3.33 c -0.42,-1.92 1.01,-2.11 1.06,-3.76 c 0.05,-0.98 0.01,-1.95 -0.12,-2.92 c -0.95,-1.05 -1.93,-2.09 -2.93,-3.11 c -2.02,-0.66 -4.15,-3.2 -6.37,-2.12 c 1.08,-2.44 -1.67,-3.91 -3.26,-5.36 c -0.91,-0.28 -1.85,-0.38 -2.8,-0.3 c -1.76,0.06 -3.4,0.46 -4.93,1.22 c -1.37,-0.87 -2.05,-2.43 -3.99,-1.97 c -1.45,-0.12 -5.11,-6.38 -6.73,-7.37 c -1.39,-0.75 -2.73,-1.52 -4.03,-2.29 c 0.57,-2.55 -1.92,-4.04 -3.93,-4.79 c -0.82,-1.21 -1.94,-1.92 -3.37,-2.12 c -0.07,-1.65 -0.93,-2.63 -2.6,-2.94 c -1.45,-1.1 -2.09,-2.96 -4.29,-2.42 c -1.15,-0.22 -2.3,-0.23 -3.45,-0.03 c -1.92,-0.73 -3.16,-2.09 -3.73,-4.06 c -0.91,-1.23 -2.11,-1.97 -3.58,-2.22 c -0.31,-0.45 -0.61,-0.9 -0.92,-1.35 c 0.14,-1.35 -0.31,-2.46 -1.35,-3.35 c -0.26,-0.3 -0.28,-0.6 -0.04,-0.9 c 2.3,-0.03 4.6,-0.09 6.9,-0.16 c 0.78,0.05 1.46,0.36 2.02,0.94 c 0.95,0.03 1.91,0.09 2.86,0.17 c 1.83,1.64 3.5,0.87 5.73,0.69 c 0.31,-0.04 0.62,-0.07 0.94,-0.11 c -0.14,0.52 0,0.93 0.43,1.24 c 2.29,0.6 5.34,-0.76 7.17,1.05 c 1.81,0.61 3.23,0.14 4.27,-1.42 c 0.96,-0.37 1.86,-0.85 2.7,-1.44 c 1.14,0.12 2.12,-0.22 2.94,-0.99 c 1.28,0 2.54,-0.16 3.77,-0.47 c -0.67,2.21 2.1,2.18 3.2,3.33 c 1.25,0.15 2.51,0.14 3.77,-0.04 c 0.41,0.09 0.7,0.33 0.88,0.71 c 0.24,1.87 1.31,2.7 3.19,2.49 c 1.82,0.74 3.55,2.66 5.64,1.94 c 1.96,-1.51 3.77,-3.2 5.43,-5.05 c 0.53,-1.05 0.33,-1.94 -0.6,-2.68 c -0.01,-0.52 0.17,-0.96 0.55,-1.32 c 2.56,-1.97 5.29,-3.64 8.21,-5.02 c 0.27,-0.79 -0.04,-1.24 -0.93,-1.36 c -1.12,-1.41 -4.82,-6.24 -6.59,-6.21 c -0.17,-0.86 -0.69,-1.33 -1.57,-1.42 c -1.39,0.1 -2.72,0.45 -3.97,1.07 c -3.01,-0.05 -6.02,-0.06 -9.03,-0.03 c -1.51,0.01 -2.27,-1.65 -3.9,-0.65 c 1.54,-4.47 -4.57,-3.32 -7.08,-3.38 c -0.51,-0.66 -0.77,-1.43 -0.77,-2.3 c -0.29,-0.39 -0.66,-0.51 -1.12,-0.37 c -0.35,-0.45 -0.77,-0.8 -1.27,-1.06 c -3.08,0.41 -1.69,2.31 -3.86,3.54 c -0.82,-0.7 -1.76,-0.97 -2.83,-0.8 c -2.08,-2.02 -4.3,-3.87 -6.66,-5.57 c 0.37,-2.45 -6.17,-1.64 -7.52,-1.38 c -0.51,0.28 -0.7,0.71 -0.59,1.27 c 0.09,0.97 -1.83,2.27 -2.58,2.73 c -1.43,-0.35 -2.71,-0.07 -3.82,0.83 c -0.86,-0.78 -1.84,-0.97 -2.93,-0.59 c 0.69,-1.51 -1.93,-2.7 -2.54,-3.89 c -0.71,-0.44 -1.48,-0.57 -2.31,-0.41 c -3.75,-3.1 -7.56,-6.87 -10.79,-10.62 c 0.2,-1.15 -0.09,-2.15 -0.87,-3.01 c 0.04,-1.41 -0.28,-2.72 -0.98,-3.93 c -0.08,-1.3 -0.12,-2.59 -0.12,-3.89 c -0.97,-0.87 -1.95,-0.88 -2.93,-0.01 c -0.13,3.64 -0.12,7.28 0.02,10.92 c 1.09,1.12 4.75,5.72 6.23,5.46 c 0.46,0.08 0.75,0.34 0.88,0.8 c -0.19,0.79 -0.1,1.55 0.25,2.27 c 1.71,1.23 2.64,3.67 5.03,3.62 c -0.59,1.05 -0.48,2.01 0.32,2.89 c -0.73,1.16 -0.92,2.42 -0.58,3.76 c -0.18,0.47 -0.5,0.79 -0.96,0.98 c -3.53,-1.13 -2.34,2.6 -4.5,2.83 c -1.05,-0.44 -3.43,-2.73 -3.78,-3.65 c 0.26,-1.47 -2.15,-2.84 -2.94,-3.9 c -0.73,-0.43 -1.53,-0.61 -2.39,-0.52 c -0.67,-0.12 -8.86,-11.36 -12.97,-11.86 c -0.41,-0.15 -0.64,-0.43 -0.7,-0.85 c 0.08,-0.55 0.06,-1.08 -0.05,-1.62 c -0.62,-1.16 -1.12,-2.36 -1.48,-3.58 c -0.96,-0.15 -1.93,-0.14 -2.89,0.04 c -0.8,0.73 -1.74,1.14 -2.82,1.23 c 0.89,-2.97 -0.47,-3.02 -1.19,-5.41 c -0.8,-0.85 -1.78,-1.18 -2.95,-0.97 c -3.81,-0.34 -2.98,1.16 -5.27,3.01 c -0.92,0.06 -1.83,0.03 -2.74,-0.07 c -1.47,-0.83 -3.12,-2.2 -4.92,-1.79 c -16.2,-9.53 -32.32,-19.16 -48.35,-28.89 c -0.51,-0.07 -0.93,0.08 -1.27,0.46 c -1.01,1.27 -7.09,12.28 -7.64,12.33 c -0.79,0.08 -1.48,0.38 -2.07,0.9 c -0.54,1.78 -2.65,4.59 -2.37,6.38 c -0.23,2.48 -8.16,14.31 -9.58,17.61 c -0.6,1.24 -1.57,2.01 -2.89,2.29 c -2.04,-1.03 -4.11,-2.05 -6.2,-3.06 c -9.01,-5.58 -17.91,-11.38 -26.89,-16.95 c -0.26,-0.24 -0.42,-0.53 -0.48,-0.88 c -0.06,-2 -1.49,-2.07 -2.94,-2.74 c -0.76,-1.28 -1.87,-1.8 -3.33,-1.54 c -2.3,0.1 -5.79,-5.19 -8.07,-6.14 c -5.23,-3.41 -10.54,-6.66 -15.95,-9.75 c -0.39,-0.19 -0.58,-0.5 -0.59,-0.92 c -0.07,-2.21 -3.63,-2.02 -1.13,-4.94 c 0.14,-0.56 0.17,-1.11 0.1,-1.68 c -0.03,-1.26 3.73,-7.54 4.61,-7.62 c 1.63,-0.7 3.3,-1.28 5,-1.76 c 1.26,-0.13 2.52,-0.24 3.78,-0.34 c 0.81,-0.79 1.8,-1.18 2.94,-1.14 c -0.18,0.44 -0.14,0.87 0.11,1.27 c 1.16,1.32 2.51,0.79 3.51,2.57 c 1.53,0.44 2.73,1.58 4.39,1.52 c 1.09,0.08 4.34,1.58 4.64,2.53 c -0.17,2.37 3.5,3.01 5.08,3.8 c 0.76,1.36 3.72,2.74 5.24,2.56 c 1.75,0.48 3.49,1.47 4.78,2.65 c 0.19,0.71 0.47,1.38 0.84,2.02 c 1.35,0.59 2.69,1.23 4.01,1.92 c 1.83,0.43 3.63,0.92 5.4,1.48 c 1.33,0.73 3.41,2.4 4.99,1.7 c -0.16,0.88 0.22,1.32 1.14,1.29 c 2.18,-0.72 3.87,-1.8 3.59,-4.38 c 0.02,-1.19 4.94,-9.7 5.61,-9.8 c 0.7,-0.15 1.35,-0.43 1.94,-0.83 c 0.48,-1.64 4.84,-7.28 0.06,-6.41 c 0.08,-0.29 -0.03,-0.51 -0.33,-0.64 c -11.92,-7.3 -23.87,-14.57 -35.85,-21.8 c -0.29,-0.2 -0.44,-0.48 -0.45,-0.83 c -0.3,-0.92 -0.6,-1.83 -0.92,-2.74 c 0.83,-1.54 1.62,-3.11 2.37,-4.7 c 1.46,-1.33 2.95,-3.23 2.17,-5.32 c 0.74,0.24 1.39,0.08 1.93,-0.48 c 0.92,-1.41 1.88,-2.77 2.9,-4.1 c 0.72,-0.79 1.2,-4.9 -0.77,-3.92 c -1.36,0.68 -2.72,1.3 -4.09,1.88 c -2.16,-1.89 -4.16,-3.93 -6.02,-6.11 c -1.07,-1.18 -2.37,-1.93 -3.89,-2.24 c -0.71,-0.84 -1.48,-1.69 -2.31,-2.54 c -0.53,-0.75 -0.62,-1.55 -0.25,-2.39 c 1.98,-1.13 3.22,-3.27 5.42,-3.67 c 2.34,-0.19 4.7,-1.04 5.35,-3.53 c -0.68,-1.63 -4.01,-0.47 -5.3,-0.37 c -1.34,1.18 -3.65,0.75 -3.34,3.22 c -3.31,-1.27 -2.86,3.49 -5.99,0.8 c -0.55,-0.1 -1.09,-0.05 -1.61,0.15 c -0.4,-1.62 -1.02,-3.19 -1.86,-4.7 c -0.27,-0.47 -0.68,-0.67 -1.22,-0.59 c -1.12,-0.1 -2.47,-4.13 -3.17,-4.99 c -1.33,-2.3 -2.37,-4.71 -3.12,-7.24 c 1.35,-3.82 8.59,-7.55 9.52,-11.14 c -0.48,-0.33 -0.96,-0.28 -1.43,0.14 c -2.25,1.85 -4.62,3.54 -7.11,5.06 c -0.73,0.28 -1.5,0.43 -2.29,0.45 c 0.43,-1.8 -0.09,-3.2 -1.56,-4.2 c -1.89,0.06 -6.72,-1.16 -6.15,2.24 c -2.25,-0.42 -2.23,1.43 -2.34,3.06 c -0.91,1.05 -1.83,2.1 -2.77,3.13 c 0.93,1.85 1.89,2.72 1.86,4.92 c 0.91,0.38 1.82,0.72 2.75,1.01 c -0.59,0.69 -1.18,1.38 -1.76,2.09 c -0.36,3.14 3.36,2.42 5.3,2.49 c 0.66,0.25 1.33,0.46 2,0.64 c -0.26,0.9 -0.36,1.82 -0.31,2.75 c 1.39,2.68 2.68,5.41 3.86,8.2 c 0.06,0.58 0.13,1.16 0.22,1.74 c 1.02,1.21 1.56,3.33 0.34,4.55 c -1.72,-0.03 -3.33,0.32 -4.84,1.04 c -0.9,-0.68 -1.92,-1.04 -3.06,-1.06 c -1.14,-1.02 -2.45,-1.29 -3.93,-0.82 c -0.95,0.76 -1.7,1.68 -2.25,2.77 c -0.89,0.54 -1.83,0.97 -2.82,1.26 c -1.3,-0.05 -2.61,-0.11 -3.91,-0.18 c -2.4,-0.98 -4.8,-1.94 -7.2,-2.87 c -0.96,-0.04 -1.91,-0.1 -2.87,-0.17 c -0.84,-0.73 -1.81,-1.06 -2.93,-0.97 c -1.8,-0.88 -3.55,-1.85 -5.25,-2.92 c -0.08,-0.16 -0.16,-0.32 -0.24,-0.48 c 1.26,-1.87 2.23,-3.86 2.93,-5.97 c 0.41,-1.99 -0.37,-2.84 -2.36,-2.55 c -1.27,0.28 -3.76,-1.31 -4.67,-0.44 c -0.98,1.01 -5.83,6.34 -6.74,6.44 c -1.09,-0.22 -2.02,0.06 -2.82,0.83 c -1.14,-0.94 -2.42,-1.14 -3.84,-0.58 c 1.02,-1.86 -2.28,-0.99 -3.05,-1.34 c -1.51,-1.37 -2.1,-0.66 -3.95,-0.98 c -1.53,-1.37 -2.12,-0.83 -4.05,-1.01 c -0.42,-0.24 -0.82,-0.5 -1.21,-0.79 c -1.26,-0.14 -2.53,-0.22 -3.8,-0.24 c -1.61,-1.49 -3.95,-0.79 -5.89,-0.55 c 0.73,-1.87 -2.24,-1.16 -3.12,-1.47 c -1.37,-0.59 -2.74,-1.17 -4.11,-1.74 c -0.91,-0.09 -1.82,-0.1 -2.73,-0.03 c -0.48,-0.02 -0.78,-0.27 -0.89,-0.74 c -0.38,-1.38 -0.96,-2.69 -1.72,-3.92 c -0.39,-0.93 0.5,-4.06 -1.54,-3.05 c 0.69,-1.71 0.55,-3.33 -0.4,-4.85 c 0.69,-1.23 1.23,-2.5 1.61,-3.83 c -0.63,-0.95 -0.93,-2 -0.88,-3.15 c -0.77,-0.64 -1,-2.81 -2.19,-2.57 c -1.65,-0.12 -2.55,-1 -2.7,-2.64 c -0.07,-2.91 -0.04,-5.82 0.08,-8.72 c 0.29,-0.41 0.56,-0.83 0.8,-1.27 c 0.33,-1.59 0.73,-3.16 1.2,-4.73 c 0.85,-0.82 1.12,-1.79 0.78,-2.92 c 0.04,-0.46 0.27,-0.78 0.7,-0.96 c 1.19,-0.19 2.16,-0.76 2.9,-1.72 c 0.63,-1.59 1.85,-2.55 1.15,-4.4 c 0.76,0.25 1.42,0.1 1.98,-0.47 c 0.52,-1.95 2.84,-4.51 2.06,-6.54 c 0.69,-0.02 1.35,-0.2 1.95,-0.53 c 1.08,-1.23 2.16,-2.45 3.24,-3.65 c -0.13,-1.18 0.22,-2.18 1.06,-3.01 c 0.29,-1.62 0.68,-3.22 1.16,-4.79 c 0.26,-0.42 0.52,-0.84 0.79,-1.26 c 0.05,-1.27 0.12,-2.54 0.19,-3.82 c 1.31,-1.58 0.76,-2.02 1.06,-3.97 c 1.23,-1.58 0.68,-2.09 0.93,-3.97 c 1.19,-0.89 1.5,-3.89 -0.35,-3.27 c -1.03,-0.52 -2.92,0.75 -3.93,1.05 c -0.97,1.15 -1.78,2.38 -2.4,3.68 c -0.54,-0.12 -0.95,0.06 -1.24,0.52 c -0.84,1.9 -1.58,3.84 -2.23,5.82 c -1.05,0.97 -1.99,2.04 -2.82,3.22 c -0.16,0.57 -0.22,1.15 -0.18,1.74 c -1.16,2.15 -2.32,4.32 -3.48,6.5 c -0.79,1.43 -1.75,2.7 -2.89,3.82 c -1.42,-0.72 -9.39,-5.17 -9.54,-6.35 c -0.15,-2.32 -2.1,-2.19 -3.63,-3.23 c -1.18,0 -2.55,-0.73 -3.37,0.44 c -0.95,3.07 2.68,3.76 4.01,5.97 c 0.77,0.42 1.56,0.43 2.36,0.03 c 0.34,2.09 1.55,3.41 3.63,3.94 c 0.59,0.79 1.27,1.49 2.04,2.1 c 0.72,0.2 1.36,0.52 1.92,0.97 c -0.42,1.75 -1.38,1.83 -0.52,3.85 c -0.75,-0.11 -1.4,0.08 -1.97,0.57 c -0.75,1.59 -1.55,3.15 -2.41,4.68 c -0.06,0.59 0.02,1.15 0.24,1.69 c -0.71,-0.04 -1.34,0.16 -1.89,0.63 c -0.93,1.32 -1.43,2.78 -1.5,4.37 c -0.6,1.08 -1.19,2.17 -1.78,3.26 c 0,1.11 -0.33,2.1 -0.99,2.99 c -0.04,0.93 -0.12,1.87 -0.23,2.8 c -1.62,3.06 -3.22,6.14 -4.81,9.22 c -0.09,2.06 -1,3.28 -2.05,4.97 c -0.1,1.31 -0.15,2.63 -0.14,3.95 c -0.34,1.64 2.57,1.94 3.61,2.42 c 0.97,0.05 1.95,0.02 2.92,-0.09 c 1.58,-0.9 3.27,-1.17 5.08,-0.81 c 0.49,1.79 1.02,3.59 1.6,5.4 c 0.32,0.39 0.7,0.47 1.16,0.25 c -0.59,1.32 0.32,5.51 -0.76,6.15 c -3.03,-1.65 -6.09,-3.22 -9.19,-4.71 c -0.56,-0.16 -1.13,-0.21 -1.7,-0.15 c -2.32,-0.02 -13.27,-9.15 -13.6,-10.63 c 0.02,-1.5 -3.13,-3.65 -3.99,-4.89 c -0.74,-0.44 -1.54,-0.6 -2.4,-0.48 c -1.16,-0.67 -2.08,-1.58 -2.75,-2.73 c -0.47,-1.8 -2.18,-3.05 -3.47,-4.25 c -3.25,-0.01 -6.5,0.01 -9.75,0.06 c -0.95,-0.5 -2.55,-1.63 -3.47,-0.44 c -0.28,3.38 -0.26,6.77 0.04,10.16 c -0.4,1.7 2.29,0.94 3.14,1.25 c 0.4,0.3 0.8,0.6 1.22,0.87 c 1.61,0.42 3.22,0.81 4.83,1.19 c 0.61,0.35 1.11,0.82 1.51,1.4 c 0.72,0.31 1.44,0.63 2.15,0.96 c 1.82,1.48 3.55,5.15 6.3,4.45 c 1.27,0.82 3.28,2.17 3.62,3.74 c 0.04,0.76 0.35,1.38 0.96,1.86 c 1.06,0.75 3.03,3.6 4.36,3.45 c 1.4,0.25 0.18,2.79 -1.01,2.95 c -0.59,0.13 -3.65,-0.33 -3.05,1.01 c -0.84,0.04 -1.68,0.05 -2.52,0.05 c 0.24,-0.41 0.15,-0.72 -0.26,-0.92 c -7.99,-0.05 -15.98,-0.08 -23.96,-0.09 c -0.5,-0.33 -0.7,-0.81 -0.6,-1.42 c 0.04,-5.03 0.06,-10.06 0.06,-15.09 c 0.34,-0.97 0.67,-1.94 0.99,-2.92 c -0.49,-1.23 -0.92,-2.48 -1.29,-3.77 c 0.46,-2.3 0.57,-6.35 -0.07,-8.53 c 0.66,-1.42 -1.13,-1.58 -2.02,-1.19 c -1.74,0.9 -3.47,1.83 -5.18,2.81 c -0.59,0.06 -1.18,0.13 -1.78,0.2 c -1.14,0.7 -2.35,1.2 -3.61,1.52 c -0.02,6.27 -0.06,12.53 -0.13,18.79 c -1.22,1.84 -8.15,-0.91 -8.03,1.95 c -0.86,-0.01 -1.72,-0.04 -2.58,-0.07 c -2.59,-0.24 -5.18,-0.34 -7.77,-0.32 c -1.76,-1.33 0.71,-6.26 -1.05,-7.91 c -0.63,-0.02 -1.27,-0.06 -1.9,-0.13 c -2.8,-1.08 -5.55,-2.33 -8.26,-3.73 c -0.56,-0.16 -1.12,-0.19 -1.7,-0.11 c -2.32,-1.53 -2.82,-4.57 -6.29,-2.27 c -1.35,0.8 -1.42,1.74 -0.22,2.83 c -0.35,1.48 0.12,2.61 1.43,3.41 c 0.27,0.99 0.73,1.86 1.39,2.63 c 0.44,0.21 0.9,0.22 1.36,0.04 c -1.05,3.14 3.34,4.52 0.81,6.96 c -0.33,1.57 -0.34,3.15 -0.04,4.72 c 1.22,1.04 1.07,1.62 -0.46,1.72 c -2.71,-0.17 -5.42,-0.17 -8.13,0.01 c -1.72,0.21 -1.57,-1.67 -2.34,-2.64 c -0.1,-2.61 -0.19,-5.23 -0.24,-7.84 c -0.73,-1.2 -1.13,-2.51 -1.18,-3.93 c 0.91,0.25 1.83,0.33 2.77,0.24 c 0.58,-1.07 1.09,-2.17 1.54,-3.28 c -1.51,-1.75 -4.63,0.29 -5.77,-1.22 c 0.67,-0.83 0.91,-1.77 0.73,-2.83 c 0.31,-1.74 5.76,-2.37 7.08,-3.15 c 0.45,-1.01 2.91,-1.44 2.65,-2.42 c 2.25,-0.72 3.01,-2.21 2.29,-4.47 c -0.83,-1.19 -3.15,-0.81 -2.95,0.69 c -0.5,1.33 -1.43,1.81 -2.8,1.45 c -2.55,-0.07 -5.09,0.05 -7.62,0.35 c -0.77,0.61 -1.5,1.26 -2.21,1.95 c -0.73,1.56 -1.52,3.1 -2.37,4.61 c -0.06,0.6 -0.11,1.2 -0.14,1.81 c -0.45,0.61 -0.74,1.29 -0.87,2.02 c -0.07,4.37 -0.07,8.74 0.02,13.1 c 0.33,0.95 0.63,1.9 0.9,2.86 c -1.14,1.67 -6.46,-0.67 -5.93,1.81 c -0.59,-0.11 -1.17,-0.05 -1.73,0.16 c -2.61,-0.34 -5.23,-0.49 -7.86,-0.44 c -0.95,-0.02 -1.35,0.43 -1.19,1.34 c -0.24,11.24 -0.32,22.48 -0.24,33.73 c 0.1,0.34 0.21,0.67 0.31,1 c -0.12,0.82 0.26,1.18 1.14,1.06 c 6.37,-0.04 12.75,-0.07 19.12,-0.08 c 0.49,0 0.89,0.18 1.21,0.53 c -0.81,1.4 -2.34,1.86 -1.53,3.79 c -0.17,0.44 -0.47,0.74 -0.91,0.91 c -1.4,-0.37 -2.79,2.11 -3.91,2.74 c -0.42,0.73 -0.57,1.53 -0.46,2.38 c -0.79,1.01 -3.64,5.54 -4.67,5.75 c -2.72,0.04 -1.85,2.01 -3.15,3.55 c -0.16,1.26 -0.2,2.52 -0.13,3.78 c 0.55,1.84 -2.41,5.26 -3.72,5.49 c -1.42,0.32 -1.26,-1.39 -1.46,-2.25 c -0.5,-1.14 -1.08,-2.22 -1.74,-3.25 c -0.46,-0.27 -0.95,-0.35 -1.46,-0.24 c -1.98,1.17 -2.24,2.65 -0.78,4.44 c 0.07,0.94 0.12,1.88 0.16,2.83 c 0.88,0.78 1.22,1.75 1.04,2.91 c -5.46,5.57 -10.96,11.12 -16.51,16.65 c -0.87,0.9 1.46,1.65 1.52,2.76 c -0.13,1.29 4.11,4.61 4.88,5.88 c 0.76,0.42 1.57,0.54 2.43,0.37 c 2.11,1.93 4.23,3.88 6.37,5.83 c 1.23,0.99 1.73,-0.82 2.99,-0.79 c 1.02,-0.54 1.96,-1.2 2.81,-1.98 c 0.99,-1.36 2,-2.7 3.02,-4.03 c 0.3,-0.67 0.6,-1.36 0.88,-2.04 c 1.38,-0.72 1.82,-1.83 1.29,-3.32 c 0.43,-0.03 0.81,-0.16 1.17,-0.39 c 1.38,-1.38 3.76,-2.54 3.78,-4.74 c 0.53,0.25 1.08,0.35 1.65,0.3 c 1.24,-1.19 2.66,-2.11 4.28,-2.76 c 1.59,-1.1 2.38,-2.61 2.36,-4.51 c 0.12,-1.2 0.69,-2.1 1.71,-2.68 c 2.27,-0.9 5.69,-3.51 5.33,-6.25 c 0.11,-2.33 2.9,-2.72 4.59,-3.58 c 2.74,0.4 5.43,-3.18 6.37,-5.44 c 0.48,-1.73 1.54,-2.16 3.17,-1.3 c 5.95,4.95 10.94,17.44 13.39,24.71 c 3.2,2.77 6.53,5.4 9.99,7.87 c 0.3,0.22 0.47,0.51 0.5,0.88 c -0.52,1.71 2.59,1.25 3.42,1.16 c 1.93,-1.4 3.42,-3.17 4.48,-5.29 c 0.78,-1.29 2.11,-3.18 3.62,-3.65 c 1.55,-0.15 4.42,-2.21 2.97,-3.94 c -0.99,-1.07 -2.01,-2.08 -3.06,-3.03 c -1.49,-0.37 -2.83,-0.1 -4.03,0.81 c -1.34,-1.28 -2.67,-2.57 -4,-3.87 c -0.38,-0.64 -0.68,-1.32 -0.92,-2.03 c -2.12,-1.37 -1.03,-2.91 -2.42,-4.57 c -0.13,-2.29 -0.15,-4.6 -0.06,-6.9 c -0.41,-0.93 -0.74,-1.88 -0.99,-2.85 c 0.29,-1.17 3.71,-2.46 2.59,-3.63 c -1.38,-2.66 -2.73,-5.34 -4.05,-8.03 c -1.17,-0.85 -2.24,-1.81 -3.19,-2.9 c -2.56,-0.87 -3.85,-3.49 -6.01,-5.01 c -0.85,-0.97 0.72,-1.25 0.69,-2.39 c -0.01,-0.38 0.17,-0.64 0.54,-0.77 c 1.51,-0.27 2.85,-0.89 4.02,-1.86 c 0.5,0.01 0.94,-0.15 1.32,-0.48 c 2.75,-2.78 2.58,-3.17 6.48,-1.58 c 0.99,-0.02 1.98,0.03 2.96,0.14 c 1.3,0.81 2.67,1.45 4.11,1.91 c 3.83,0.15 7.66,0.02 11.46,-0.4 c 0.44,0.14 0.87,0.28 1.31,0.42 c -0.18,0.4 -0.06,0.69 0.34,0.85 c 1.16,-0.1 2.17,0.23 3.03,0.98 c 2.01,0.31 2.34,-0.39 3.97,1.06 c 2.48,-0.01 6.3,1.03 8.43,-0.22 c 0.63,-0.81 1.18,-1.66 1.64,-2.57 c 1.23,-0.14 2.47,-0.17 3.71,-0.09 c 1.34,-0.04 -0.28,1.91 -0.97,1.96 c -2.81,-0.29 -2.42,5.72 1.62,3.56 c 0.53,-0.5 0.77,-1.11 0.71,-1.83 c 1.4,0.43 2.48,0.01 3.22,-1.27 c 2.33,-1.91 6.51,2.93 9.38,2.56 c 1.76,0.16 5.2,2.74 5.73,4.6 c -0.08,0.59 -0.07,1.16 0.04,1.74 c 1.21,1.98 2.13,4.06 2.77,6.26 c 0.34,0.83 -0.67,5.04 1.39,4.06 c -0.3,1.2 -0.36,2.42 -0.19,3.64 c 1.03,1.4 0.97,3.54 3.17,3.58 c 3.32,2.46 5.31,6.53 8.52,8.95 c 0.75,0.89 3.18,0.68 3.25,1.86 c -0.19,2.76 -0.09,3.01 1.9,4.79 c 1.63,0.38 2.51,1.9 4.32,1.22 c -0.13,0.91 0.27,1.36 1.2,1.36 c 2.6,-0.05 5.2,-0.11 7.81,-0.16 c 3,0.24 5.92,3.59 7.75,5.68 c -0.08,1.58 5.84,6.33 6.92,7.89 c 0.6,0.83 1.39,1.34 2.38,1.53 c 0.33,0.02 0.63,0.13 0.9,0.33 c 1.19,0.92 1.63,2.09 1.32,3.51 c -1.99,2.53 -4.37,4.58 -7.14,6.16 c -0.57,-0.08 -1.13,-0.06 -1.69,0.07 c -1.46,0.59 -2.91,1.19 -4.35,1.8 c -1.15,-0.11 -2.11,0.24 -2.9,1.07 c -0.96,0.07 -1.92,0.11 -2.89,0.11 c -3.63,2.27 -4.7,2.88 -8.23,0.02 c -0.57,-0.08 -1.13,-0.01 -1.66,0.21 c 1.22,-2.13 -4.39,-1.15 -5.2,-1.29 c -0.79,-0.06 -1.5,-0.35 -2.11,-0.87 c -0.92,-0.06 -1.83,-0.13 -2.75,-0.22 c -3.74,-1.68 -7.51,-3.28 -11.3,-4.78 c -2.85,-0.09 -2.36,3.21 -2.27,5.13 c -2.09,2.33 -4.27,4.6 -6.55,6.8 c -0.67,0.75 -0.83,1.59 -0.47,2.52 c -0.09,0.53 0.09,0.95 0.53,1.25 c 2.21,0.7 5.43,-0.79 7.1,1.01 c 0.87,0.13 1.76,0.18 2.64,0.14 c 1.29,0.5 2.21,1.38 2.77,2.65 c 0.1,0.84 -0.06,1.64 -0.48,2.37 c -1.7,1.67 -3.41,3.33 -5.15,4.97 c -0.42,0.76 -0.54,1.57 -0.34,2.43 c -0.73,2.28 -3.98,5.13 -5.8,6.64 c -2.24,-0.47 -3.45,1.5 -4.83,2.89 c -0.16,0.46 -0.18,0.92 -0.04,1.39 c -1.59,-0.23 -3.17,-0.41 -4.77,-0.52 c -1.5,-0.93 -3.09,-1.68 -4.76,-2.24 c -1.43,-1.73 -3.82,-4.07 -6.24,-3.18 c 0.53,-1.44 -0.77,-1.32 -1.61,-1.83 c -1.85,-1.94 -3.41,-3.96 -6.42,-3.26 c -0.02,-0.7 -0.2,-1.36 -0.52,-1.98 c -2.04,-1.29 -5.72,-1.89 -7.08,-3.89 c -1.35,-0.62 -2.68,-1.28 -4,-1.96 c -0.84,-1.31 -1.98,-1.69 -3.42,-1.14 c 1.18,-3 -0.87,-3.23 -0.71,-5.75 c -0.82,-1.53 -1.61,-3.07 -2.36,-4.62 c -2.29,-3.06 -4.04,1.36 -3.91,3.45 c 0.09,0.87 -0.33,1.4 -1.25,1.6 c -0.59,0.08 -1.17,0.05 -1.74,-0.1 c -2.43,-1.19 -4.78,-2.47 -7.03,-3.85 c -1.04,0.96 -2.08,1.93 -3.12,2.92 c -0.42,0.76 -0.55,1.57 -0.37,2.44 c 0,2.93 -3.64,7.17 -2.94,9.81 c 7.52,4.52 15.1,8.95 22.74,13.3 c 3.13,1.8 6.13,3.79 9,5.98 c 1.21,1.63 0.91,2.97 -0.91,4.04 c -0.84,0.59 -1.72,1.09 -2.64,1.53 c -1.65,-0.37 -4.18,1.32 -5.73,1.95 c -0.91,0.49 -1.34,1.26 -1.3,2.29 c -0.91,-0.25 -1.84,-0.35 -2.78,-0.3 c -0.77,0.55 -1.51,1.16 -2.2,1.81 c -3.39,1.56 -6.71,3.24 -9.97,5.04 c -0.58,0.13 -1.18,0.22 -1.77,0.26 c -2.82,1.14 -5.57,2.4 -8.26,3.81 c -2.06,0.03 -3.2,0.98 -4.92,1.97 c -2.33,0.22 -3.8,1.45 -5.84,2.22 c -0.42,0.34 -0.5,0.76 -0.24,1.25 c -3.19,-1.08 -4.38,-0.1 -6.91,1.55 c -1.64,0.35 -3.27,0.75 -4.9,1.18 c -3.75,2.53 -1.56,-0.85 -3.39,-2.71 c -0.09,-0.93 -0.17,-1.86 -0.25,-2.78 c -0.8,-0.83 -1.15,-1.83 -1.05,-2.98 c -0.53,-1.44 -1.12,-2.84 -1.79,-4.2 c -0.02,-0.95 -0.08,-1.9 -0.17,-2.84 c -0.82,-0.84 -1.17,-1.84 -1.04,-3.02 c -0.64,-1.98 -1.31,-3.96 -2,-5.93 c -0.57,-1.1 -1.15,-2.19 -1.73,-3.29 c -0.15,-1.87 -0.83,-3.54 -2.04,-4.99 c 0.08,-1.13 -0.24,-2.12 -0.96,-2.97 c -0.13,-4.92 -0.21,-9.85 -0.25,-14.77 c -1.35,-1.57 -1.79,-3.05 -4.27,-2.58 c -1.6,0.65 -1.98,1.75 -1.13,3.3 c -1.61,-0.3 -3.24,-0.45 -4.87,-0.47 c -0.36,-0.62 -0.73,-1.23 -1.14,-1.82 c -1.93,0.04 -4.33,-0.62 -5.96,0.71 c -1.18,-1.07 -2.33,-2.18 -3.47,-3.32 c -0.8,-0.31 -1.62,-0.35 -2.46,-0.13 c 0.22,-0.42 0.2,-0.83 -0.05,-1.22 c -1.53,-1.55 -3.05,-3.1 -4.57,-4.65 c -1.09,-0.75 -1.71,-0.48 -1.85,0.79 c -1.39,1.44 -2.69,2.93 -3.92,4.48 c -2.78,-0.28 -3.63,2.92 -5.71,4.25 c -0.45,0.74 -0.61,1.54 -0.49,2.41 c -1.99,2.66 -4.11,5.23 -6.36,7.72 c -0.28,0.38 -0.39,0.8 -0.34,1.27 c 1.94,2.33 4.01,4.56 6.2,6.7 c 2.74,2.58 5.45,5.12 8.12,7.6 c 0.1,0.84 0.39,1.6 0.89,2.29 c 1.55,1.47 3.03,3.01 4.41,4.62 c 0.06,0.58 0.13,1.16 0.21,1.74 c 0.61,1.42 1.2,2.84 1.75,4.27 c 0.07,0.94 0.12,1.88 0.17,2.81 c 0.61,1.41 1.25,2.8 1.94,4.16 c 0.05,0.93 0.08,1.86 0.1,2.79 c 0.6,1.43 1.22,2.85 1.87,4.26 c 0.08,0.94 0.14,1.88 0.19,2.83 c 0.66,0.87 0.98,1.86 0.96,2.97 c 0.79,0.85 1.12,1.86 1,3.02 c 0.36,0.42 0.8,0.53 1.32,0.33 c -0.74,2.3 -4.28,2.76 -6.03,4.09 c -2.14,0.09 -3.21,1.06 -5.02,1.97 c -0.58,0.1 -1.16,0.18 -1.74,0.25 c -1.07,0.64 -2.15,1.25 -3.24,1.84 c -1.82,0.25 -3.49,0.91 -5,1.97 c -1.86,0.16 -3.52,0.82 -4.99,1.99 c -2.12,0.02 -3.24,1.12 -5.02,2.04 c -0.58,0.06 -1.17,0.11 -1.75,0.15 c -2.19,0.64 -4.28,1.57 -6.27,2.78 c -1.57,0.5 -3.16,0.91 -4.78,1.24 c -1.36,0.63 -2.73,1.24 -4.12,1.83 c -1.86,0.68 -3.8,1.09 -5.81,1.23 c -1.23,0.92 -2.6,1.15 -4.09,0.68 c -1.73,-1.09 -3.58,-1.87 -5.54,-2.35 c -2.22,-2.1 -4.39,-4.26 -6.5,-6.46 c -0.77,-1.41 -0.66,-2 -2.05,-2.97 c -1.4,-2.87 -2.9,-5.68 -4.5,-8.42 c -0.41,-0.62 -0.91,-1.16 -1.51,-1.61 c -1.48,-2.82 -2.99,-5.62 -4.53,-8.39 c -0.6,-0.75 -1.22,-1.48 -1.86,-2.2 c -0.38,-1.22 -0.87,-2.4 -1.47,-3.53 c -1.12,-0.65 -1.76,-1.62 -1.91,-2.91 c -1.7,-2.16 -3.07,-4.52 -4.09,-7.07 c -2.21,-1.6 -1.84,-4.56 -4.13,-5.95 c -0.43,-1.14 -0.93,-2.26 -1.5,-3.36 c -1.51,-2.47 -3.14,-4.86 -4.89,-7.18 c -2.1,-3.34 -3.94,-6.84 -5.53,-10.49 c -0.54,-0.45 -1.03,-0.95 -1.46,-1.51 c -0.42,-1.75 -1.31,-3.22 -2.67,-4.38 c -1.21,-2.99 -2.66,-5.87 -4.35,-8.64 c -0.75,-1.92 -1.47,-2.44 -0.97,-4.78 c 0.72,-1.32 1.41,-2.66 2.06,-4.02 c 1.59,-1.39 2.9,-3 3.92,-4.85 c -0.05,-0.4 0.07,-0.73 0.37,-1 c 3.24,-2.29 6.44,-4.64 9.58,-7.05 c 0.49,-0.29 1.01,-0.53 1.56,-0.7 c 1.51,0.32 2.66,-0.17 3.45,-1.48 c 2.21,-1.01 3.02,-1.41 3.95,-3.88 c -0.02,-0.99 2.83,-2.37 3.68,-2.76 c 1.49,0.37 2.63,-0.11 3.41,-1.41 c 1.98,-0.6 3.18,-1.9 3.61,-3.9 c 1.47,0.71 2.58,0.34 3.34,-1.1 c 1.84,-0.78 3.33,-1.76 3.98,-3.77 c 0.03,-0.38 0.19,-0.7 0.48,-0.95 c 3.48,-1.4 5.37,-4.61 9.08,-5.73 c 1.52,0.3 2.66,-0.2 3.43,-1.52 c 1.83,-0.82 3.43,-1.77 4,-3.88 c 0.2,-0.86 4.43,-3.38 5.56,-3.72 c 3.24,0.51 2.86,-1.76 5.57,-2.36 c 0.84,-0.79 1.43,-1.74 1.77,-2.85 c 0.57,-0.95 18.91,-13.14 21.76,-13.74 c 0.56,0.11 1.12,0.1 1.68,-0.01 c 3.81,-1.86 7.57,-3.82 11.29,-5.87 c 1.15,0.13 2.15,-0.2 3,-0.97 c 1.05,-0.48 4.74,0.64 4.45,-1.37 c 0.75,-0.01 1.05,-0.41 0.89,-1.21 c -0.1,-8.16 0.4,-26.27 -0.27,-33.26 c 0.99,-2.18 -4.33,-0.96 -5.26,-1.32 c -0.95,0.39 -1.92,0.76 -2.89,1.11 c -1.61,-0.07 -3.22,-0.1 -4.83,-0.07 c -0.77,-0.29 -1.04,-0.85 -0.82,-1.67 c 0,-2.18 0.72,-5.13 -0.82,-6.93 c -0.13,-0.63 -0.18,-1.27 -0.13,-1.91 c 0.11,-1.38 0.47,-2.69 1.07,-3.94 c 0.06,-0.9 -0.35,-1.37 -1.23,-1.39 c -0.5,-0.04 -0.82,-0.3 -0.96,-0.78 c -0.02,-0.58 0.05,-1.16 0.19,-1.73 c 0.59,-0.75 1.22,-1.46 1.89,-2.15 c 0.08,-1.27 0.13,-2.55 0.15,-3.84 c 0.21,-0.76 0.19,-1.52 -0.06,-2.28 c 0.2,-1.56 -1.25,-1 -1.94,-1.94 c 0.05,-0.76 0.33,-1.43 0.86,-2.02 c 0.43,-3.53 0.19,-3.61 -3.19,-3.43 c -2.09,0.06 -3.17,-1.95 -3.8,-3.64 c 0.04,-1.76 -1.97,-3.07 -3.27,-1.28 c -0.31,1.07 -0.52,2.17 -0.64,3.29 c -1.73,1.68 -0.83,2.89 -1,5.06 c -0.15,1.33 -2.8,0.52 -3.66,0.5 c -1.44,-0.18 -1.66,1.54 -1.32,2.56 c 1.29,0.72 2.62,1.39 3.98,2.02 c 0.69,1 1.33,2.04 1.92,3.13 c 0.13,2.32 0.14,4.65 0.02,6.98 c 0.13,0.78 0.47,1.46 1.02,2.04 c 0.34,2.05 -0.6,4.18 0.93,5.88 c 0.06,2.98 0.13,5.97 0.19,8.95 c -0.17,1.44 1.19,1.48 0.85,2.91 c -0.97,1.11 -2.14,1.97 -3.52,2.57 c -1.17,0.42 -4.88,-0.82 -4.45,1.48 c -0.67,1.29 -1.69,1.7 -3.07,1.22 c -1.79,-1.7 -3.45,-3.5 -4.98,-5.39 c 0.61,-2.36 -1.73,-3.25 -2.99,-4.8 c -0.36,-0.32 -0.77,-0.46 -1.24,-0.42 c -1.11,0.11 -2.61,-3.27 -3.13,-4.06 c -1.33,-0.74 -2.56,-1.61 -3.69,-2.6 c 0.36,-1.15 0.1,-2.13 -0.78,-2.95 c 0.03,-1.28 -0.05,-2.55 -0.22,-3.82 c -0.28,-0.38 -0.54,-0.76 -0.78,-1.16 c -0.5,-2.44 0.7,-7.12 -1.03,-8.99 c -0.34,-1.08 0.39,-1.72 -0.66,-2.48 c -0.88,0.21 -5.03,-0.67 -4.17,1.32 c -2.5,-0.33 -6.68,-0.98 -8.82,0.59 c -2.61,-0.21 -3.72,1 -3.33,3.62 c 0.28,0.99 0.61,1.97 0.98,2.93 c -0.06,2.03 -0.06,4.07 -0.02,6.1 c 0.46,2.25 2.21,3.75 -0.58,5.48 c -0.7,1.73 -0.09,2.62 1.83,2.69 c -0.28,0.81 -0.23,1.59 0.17,2.34 c 1.57,1.74 3.24,3.38 5.03,4.9 c 0.57,0.47 1.2,0.84 1.89,1.1 c 0.81,0.26 1.39,0.77 1.74,1.55 c -0.19,0.86 -0.08,1.67 0.35,2.42 c 1.92,1.52 4.49,5.44 6.96,5.73 c -0.46,1 -0.33,1.93 0.38,2.78 c -1.07,1.95 -3.45,2.15 -2.79,4.85 c 0.03,1.11 -3.17,2.56 -4.01,3.07 c -3.19,2.56 -6.4,5.09 -9.63,7.61 c -2.54,-0.45 -4.69,2.08 -5.36,4.26 c -0.64,1.25 -2.51,3.06 -3.99,1.98 c -1.98,-2.37 -2.01,-3.37 -2.63,-6.23 c -5.33,-6.83 -15.91,-10.95 -22.95,-16.06 c -0.32,-0.85 -0.29,-1.71 0.08,-2.57 c -0.12,-0.7 -0.3,-1.39 -0.53,-2.06 c 0.19,-2.47 -0.97,-3.63 -3.47,-3.47 c -0.96,-1.16 -0.89,-2.87 -2.9,-2.92 c -0.86,-0.25 -1.4,-0.81 -1.63,-1.67 c 0.12,-0.55 -0.08,-0.95 -0.59,-1.2 c -2.07,-0.31 -3.72,-1.34 -4.94,-3.1 c -0.55,-0.41 -1.17,-0.62 -1.86,-0.64 c 0.62,-1.46 0.23,-2.58 -1.15,-3.35 c -0.6,-1.31 -1.13,-3.24 -2.96,-3.15 c -0.96,0 -1.48,0.46 -1.58,1.39 c -0.08,0.85 -2.73,2.64 -3.46,3.47 c -0.86,0.74 -1.85,1.15 -2.95,1.25 c -1.49,-1.29 -2.82,-2.74 -3.99,-4.34 c 0.2,-1.29 0.89,-2.17 2.09,-2.64 c 0.69,-0.28 1.34,-0.64 1.94,-1.08 c 1.51,-1.75 5.01,-3.48 4.41,-6.22 c 0.18,-1 0.77,-1.61 1.76,-1.81 c 2.22,-0.94 5.78,-3.53 5.13,-6.28 c 0.15,-0.41 0.44,-0.66 0.88,-0.75 c 0.64,-0.19 1.23,-0.49 1.76,-0.89 c 2.13,-1.88 4.17,-3.86 6.12,-5.92 c 0.37,-0.79 0.46,-1.61 0.25,-2.47 c 0.56,-1.22 2.16,-2.08 1.63,-3.64 c -1.1,-1.82 -2.31,-4.4 -4.9,-3.83 c -2.41,1.96 -4.96,3.72 -7.68,5.29 c -2.06,2.8 -3.59,5.16 -6.39,7.47 c -0.24,0.21 -0.32,0.46 -0.23,0.76 c -0.84,0.05 -1.62,0.29 -2.35,0.7 c -1.75,1.99 -3.59,3.86 -5.53,5.64 c -1.64,0.05 -1.77,-1.47 -3.68,-0.94 c -1.22,-0.59 -2.17,-1.49 -2.82,-2.68 c 0.35,-1.39 -3.2,-3.75 -3.97,-4.88 c -0.33,-0.31 -0.72,-0.46 -1.17,-0.46 c -2.67,-0.63 1.14,-5 1.86,-5.08 c 0.68,-0.25 1.32,-0.58 1.91,-1 c 2.09,-1.88 4.1,-3.85 6.02,-5.9 c 0.39,-0.77 0.51,-1.59 0.36,-2.46 c 1.14,-1.37 2.4,-2.6 3.8,-3.67 c 2.23,-1 5.63,-3.44 5.29,-6.2 c 0.35,-2.7 -4.44,-5.67 -3.97,-6.37 c -0.01,-0.52 -0.15,-0.99 -0.42,-1.43 c -1.5,-2.03 -3.39,-2.51 -5.67,-1.44 c -3.29,3.39 -6.59,6.77 -9.92,10.12 c -1.45,0.45 -2.94,0.65 -4.49,0.59 c -0.16,0.16 -0.33,0.31 -0.49,0.47 c 0.09,1.29 0.39,2.54 0.9,3.73 c -0.8,0.84 -1.22,1.82 -1.27,2.96 c -0.13,-0.01 -0.26,-0.02 -0.38,-0.03 c -0.78,1.79 -2.09,3.02 -3.95,3.7 c -3.97,0.77 -3.79,-4.75 -7.75,-3.96 c -0.95,-1.12 -4.11,-2.6 -3.47,-4.34 c 0.78,-1.45 1.88,-3.61 -0.82,-3.7 c -3.9,0.72 -3.72,-4.76 -7.65,-3.97 c -1.53,-1.22 -3.13,-2.38 -4.78,-3.48 c -0.58,-0.38 -1.12,-0.35 -1.62,0.09 c 0.3,1.1 0.8,2.12 1.5,3.05 c 0.11,0.54 0.09,1.07 -0.08,1.6 c -2.04,2.83 -3.84,5.77 -5.39,8.8 c -0.76,0.03 -1.4,0.31 -1.94,0.84 c -0.47,1.17 -0.94,2.34 -1.4,3.5 c 0.15,2.37 -0.68,4.05 2.29,4.25 c -0.89,2.27 2.06,4.8 4.19,4.99 c -1.17,2.07 0.77,3.05 2,4.34 c 0.78,1.7 1.74,3.78 4,3.56 c -0.74,1.52 -0.38,2.64 1.1,3.37 c 0.88,1.8 1.18,4.67 3.78,4.67 c -0.16,0.57 -0.2,1.14 -0.12,1.73 c 1.77,3.57 3.55,7.12 5.33,10.68 c 0.49,0.59 1.1,0.79 1.84,0.6 c -0.22,0.54 -0.29,1.09 -0.19,1.67 c 0.8,1.88 1.98,2.96 1.98,5.12 c 3.47,6.84 6.9,13.7 10.29,20.59 c 0.57,0.38 1.19,0.59 1.88,0.62 c -0.19,0.55 -0.24,1.11 -0.14,1.68 c 1.03,2 1.97,4.04 2.83,6.11 c 1.2,1.91 2.25,3.89 3.14,5.96 c 0.61,0.73 1.17,1.49 1.7,2.29 c 1.11,2.53 2.3,5.02 3.57,7.46 c 0.56,0.58 1.23,0.76 2.01,0.53 c -0.25,0.52 -0.37,1.07 -0.34,1.65 c 1.37,3.36 2.69,6.75 3.98,10.15 c -0.64,1.91 -1.06,3.87 -1.29,5.89 c -0.91,1.68 -2.11,3.01 -1.64,5.06 c -0.75,1.03 -1.66,1.88 -2.71,2.56 c -2.74,-0.09 -3.16,0.23 -5.04,1.95 c -6.64,0.13 -13.29,0.15 -19.94,0.04 c -0.93,-0.01 -1.33,0.45 -1.19,1.36 c -0.78,-0.15 -1.55,-0.16 -2.32,-0.05 c -1.77,-0.83 -0.69,6.91 -0.78,7.85 c 0.07,0.33 0.15,0.66 0.22,0.99 c -0.51,-0.17 -0.93,-0.03 -1.24,0.41 c -0.22,3.66 -0.25,7.33 -0.1,11 c 0.14,1.78 -1.42,1.33 -0.29,2.91 c -1.87,2.44 0.36,7.81 -1.32,9.51 c -1.26,0.04 -2.51,0.11 -3.76,0.19 c -1.36,0.69 -2.73,1.36 -4.11,2 c -0.48,0.29 -0.64,0.71 -0.51,1.26 c 0.03,1.12 -2.02,0.8 -2.7,1.4 c -9.55,4.95 -19.19,9.71 -28.91,14.28 c -0.97,-0.06 -1.94,-0.05 -2.91,0.01 c -2.2,1.07 -4.36,2.21 -6.48,3.42 c -0.44,0.53 -0.78,1.11 -1.02,1.76 c -0.14,1.15 -4.47,2.02 -5.38,2.9 c -2.06,1.37 -4.17,2.65 -6.31,3.86 c -1.45,0.2 -2.25,1.01 -2.41,2.43 c 0.08,3.02 0.11,6.04 0.08,9.07 c 0.31,1.53 1.29,2.03 1.05,3.82 c -0.07,0.38 -0.29,0.64 -0.66,0.77 c -5.03,2.26 -10.04,4.55 -15.03,6.87 c -2.39,0 -4.34,1.32 -5.95,2.99 c -0.49,1.1 -0.54,2.25 -0.17,3.43 c -0.9,-0.27 -1.34,0.06 -1.33,1.01 c 0.03,2.33 0.07,4.67 0.12,7 c 1.67,3.06 3.28,6.15 4.83,9.25 c 0.1,0.58 0.19,1.16 0.25,1.74 c 2.07,3.96 4.02,7.97 5.87,12.02 c 2.88,5.77 5.85,11.5 8.9,17.17 c 0.07,0.59 0.16,1.17 0.26,1.76 c 5.07,10.53 10.33,20.97 15.78,31.32 c 0.11,0.58 0.21,1.16 0.3,1.74 c 1.78,3.51 3.48,7.05 5.1,10.64 c 2.8,5.54 5.63,11.06 8.51,16.55 c 0.11,0.61 0.2,1.23 0.26,1.85 c 0.62,0.71 1.23,1.42 1.85,2.12 c 0.04,0.59 0.09,1.19 0.17,1.77 c 2.76,5.84 5.67,11.59 8.75,17.26 c 0.03,2.47 1.35,4.49 3.79,2.49 c 0.6,-0.06 1.2,-0.1 1.8,-0.13 c 3.27,-1.79 6.58,-3.51 9.93,-5.15 c 0.41,-0.3 0.53,-0.68 0.34,-1.15 c 0.53,0.23 1.07,0.33 1.65,0.28 c 3.48,-1.41 6.89,-3.02 10.23,-4.84 c 0.24,0.01 0.48,0.02 0.72,0.04 c 1.87,3.47 3.74,6.97 5.59,10.49 c 0.67,1.14 1.08,2.36 1.23,3.68 c 1.82,3.84 3.74,7.63 5.76,11.36 c 0.17,0.58 0.14,1.16 -0.09,1.72 c -0.41,1.04 -2.9,2.43 -0.53,2.96 c 0.34,1.06 1.07,1.6 2.19,1.63 c 10.81,-0.06 21.17,2.22 32.03,2.04 c 7.98,2.07 18.05,0.99 25.98,2.96 c 22.98,0.83 46.04,4.2 69.02,5.04 c 8.22,2.02 18.76,0.93 26.98,2.96 c 22.59,0.99 45.38,4.18 68.02,5.04 c 3.17,1.19 3.51,0.97 6.13,-1.11 c 0.86,0.16 1.68,0.06 2.47,-0.31 c 0.83,-0.83 1.65,-1.65 2.46,-2.48 c 1.77,-0.2 4.49,-0.95 5.42,-2.65 c 0.69,-0.31 1.37,-0.62 2.06,-0.93 c 0.7,-0.97 1.53,-1.82 2.5,-2.52 c 0.35,-0.69 0.64,-1.4 0.9,-2.13 c 1.03,-0.92 2.04,-1.87 3.03,-2.84 c 0.35,-0.96 0.83,-1.85 1.43,-2.66 c 2.27,-1.01 4.52,-2.07 6.73,-3.2 c 1.26,-0.15 2.52,-0.25 3.79,-0.3 c 1.49,-1.69 5.84,-0.47 7.95,-1.08 c 1.14,-0.5 2.23,-1.08 3.29,-1.75 c 1.56,-0.12 3,-0.64 4.31,-1.54 c 0.93,-0.73 1.79,-1.52 2.57,-2.38 c 1.62,0.6 3.21,1.27 4.78,2.02 c 0.18,0.17 0.36,0.33 0.54,0.49 c 0.42,0.95 -0.51,3.95 1.54,2.95 c -1.29,2.37 1.32,3.37 2.58,4.87 c 0.94,0.37 1.81,0.86 2.61,1.48 c 2.67,0.02 5.33,0.05 8,0.07 c 1.17,-0.66 2.43,-1.04 3.77,-1.15 c 0.83,-0.89 1.81,-1.55 2.94,-1.96 c 1.48,1.09 2.28,2.57 2.41,4.44 c -1.87,0.23 -3.64,0.77 -5.32,1.62 c -1.97,-0.34 -2.8,0.48 -2.51,2.46 c -0.24,0.32 -0.45,0.66 -0.65,1 c 0.99,2.12 1.25,3.74 4.18,3.68 c 1.21,0.8 2.55,1.11 4.01,0.93 c 0.96,0.27 1.72,0.82 2.28,1.65 c 0.13,1.61 0.89,2.87 2.28,3.79 c 2.23,1.03 2.61,1.73 5.38,1.43 c 0.98,0.72 1.85,1.59 2.59,2.6 c 0.42,0.28 0.87,0.38 1.37,0.27 c 3.93,-1.59 16.59,-2.76 21.18,-2.8 c 3.63,-0.98 24.2,-3.87 28,-4 c 3.62,-0.98 24.2,-3.87 28,-4 c 2.5,-1.78 8.02,0.07 9.17,-2.28 c 0.48,0.22 0.88,0.12 1.19,-0.3 c 0.16,-1.57 0.24,-3.15 0.24,-4.74 c 0.95,-2.42 1.87,-4.86 2.75,-7.3 c 0.07,-1.26 0.15,-2.51 0.24,-3.77 c 1.89,-3.05 0.03,-4.25 -0.27,-7.05 c -0.23,-0.49 -0.6,-0.78 -1.12,-0.87 c 0.11,-0.34 0.11,-0.69 0.01,-1.05 c -0.85,-0.89 -1.42,-1.93 -1.69,-3.12 c 2.41,-7.56 3.74,-16.04 5.17,-23.85 c 1.26,-3.64 2.19,-7.35 2.79,-11.14 c 1.05,-4.43 -2.63,-1.76 -2.96,-3.18 c 0.15,-1.67 -1.1,-3.58 -1.96,-4.95 c -0.15,-0.83 -0.24,-1.67 -0.28,-2.51 c 1.46,0.39 1.38,-1.91 -0.26,-2.25 c -1.14,0.48 -1.62,1.37 -1.43,2.65 c -0.42,-0.22 -0.72,-0.12 -0.92,0.31 c 0.19,1.89 -0.67,2.83 -2.6,2.79 c -1.6,-0.84 -3.15,-1.77 -4.64,-2.79 c -1.83,-0.71 -3.6,-1.52 -5.32,-2.42 c -0.39,-0.12 -0.59,-0.37 -0.6,-0.76 c -0.1,-0.76 -0.43,-1.41 -0.99,-1.95 c -2.2,-1.17 -4.42,-2.31 -6.67,-3.43 c -0.57,-0.02 -1.14,-0.06 -1.71,-0.12 c -1.72,-1.33 -3.08,-0.67 -5.04,-1 c -1.2,-0.99 -2.55,-1.25 -4.05,-0.8 c -0.42,0.34 -0.53,0.76 -0.34,1.27 c -1.63,4.69 -1.2,10.94 -2.29,15.64 c -0.23,2.69 1.79,1.76 3.55,1.85 c 0.95,0.36 1.92,0.66 2.9,0.89 c 1.2,0.42 2.33,0.3 3.37,-0.35 c -0.43,-1.12 -0.24,-2.08 0.56,-2.9 c 1.44,0.66 2.83,1.45 4.17,2.36 c 0.29,0.22 0.49,0.51 0.59,0.87 c 0.05,0.54 0,1.06 -0.17,1.58 c -0.68,1.06 -1.14,2.2 -1.39,3.41 c -0.75,-0.54 -0.38,-1.75 -1.54,-1.33 c -0.31,-0.12 -0.63,-0.23 -0.94,-0.34 c -2.16,-0.12 -4.31,-0.08 -6.45,0.14 c -1.99,1.21 0.5,3.62 -1.16,3.84 c -3.71,-0.36 -1.87,2.68 -5.4,-1.65 c -0.17,-0.6 -0.12,-1.19 0.14,-1.76 c 2.24,-2.97 -1.04,-3.89 -3.07,-5.13 c 0.75,-0.82 2.06,-0.27 1.53,-1.71 c 0.21,-1.82 0.66,-3.58 1.36,-5.27 c -0.72,-3.14 1.2,-8.85 0.84,-11.21 c 0.18,-0.5 0.05,-0.9 -0.39,-1.2 c -1.46,-0.57 -2.91,-1.11 -4.35,-1.64 c 1.23,-0.74 2.38,-1.6 3.47,-2.57 c 0.7,-0.15 1.41,-0.28 2.12,-0.36 c -1.02,-1.37 -0.66,-3.01 -2.96,-2.21 c -2.17,1.18 -4.36,2.18 -5.02,4.77 c -0.46,-0.05 -0.93,-0.09 -1.4,-0.14 c -1.46,-0.25 -2.76,0.08 -3.9,0.98 c -1.63,0.01 -3.27,0.05 -4.9,0.13 c -1.21,-0.61 -2.49,-1 -3.85,-1.18 c -1.48,-0.87 -3.24,-2.26 -5.04,-1.47 c -0.03,-0.49 -0.13,-0.95 -0.32,-1.4 c -1.27,-1.8 -3.42,-5.23 -3.54,-7.38 c 0.5,0.19 1.01,0.25 1.54,0.18 c 1.61,-1.11 5.68,-1.79 5.72,-4.14 c 0.54,-1.08 1.44,-1.63 2.71,-1.65 c 0.53,0.06 1.06,0.02 1.58,-0.12 c 1.4,-0.64 2.81,-1.23 4.25,-1.77 c 1.26,-0.12 2.52,-0.23 3.79,-0.33 c 1.48,-1.59 6.09,-0.34 8.21,-0.83 c 0.99,0.28 1.96,0.63 2.91,1.05 c 1.28,0.09 2.57,0.17 3.85,0.24 c 1.06,-0.56 3.83,3.1 3.69,4.34 c 0.6,3.27 0.12,2.89 -0.77,5.55 c -1.9,-0.74 -2.9,1.24 -4.5,1.83 c -1.33,1.16 1.42,2.18 2.52,1.65 c 0.77,-0.48 3.07,-0.47 2.55,-1.85 c 4.6,1.49 1.7,-4.52 3.59,-5.6 c 1.44,0.54 2.86,1.11 4.26,1.7 c 0.92,0.13 1.82,0.05 2.7,-0.27 c -0.03,0.25 -0.06,0.5 -0.09,0.75 c 0.98,1 2.19,1.79 1.19,3.32 c -3.44,2.2 -1.74,6.53 1.96,7.08 c 0.63,-0.22 1.05,-0.64 1.27,-1.27 c -0.74,-0.75 -1.57,-1.39 -2.48,-1.92 c 2.38,-5.57 3.27,-10.77 9.43,-13.56 c 2.39,-0.2 3.53,0.91 3.42,3.34 c 0.84,0.73 0.89,3.04 2.3,2.68 c 1.49,-0.17 0.42,3.34 1.03,4.23 c 0.72,0.8 3.01,5.63 0.93,5.77 c -1.32,-0.2 -1.22,1.31 -1.71,2.08 c -1.15,0.38 -2.76,2.82 -0.64,2.6 c 0.03,0.66 0.36,1.03 1,1.09 c 0.42,0.05 0.76,-0.09 1.04,-0.41 c 1.1,-2.35 1.88,-2.47 4.42,-2.72 c -0.96,1.51 -1.66,3.12 -2.09,4.82 c 1.51,2.33 3.88,-0.86 3.44,-2.74 c 1.65,0 3.43,1.4 4.87,2.15 c 1.24,0.09 2.48,0.12 3.73,0.09 c 2.09,-0.2 4.17,-0.17 6.24,0.1 c 2.94,-0.04 5.88,-0.1 8.81,-0.16 c 0.3,0.07 0.6,0.13 0.89,0.2 c 1,0.22 2.01,0.42 3.03,0.6 c 0.82,-0.3 1.41,-0.85 1.77,-1.65 c 0.76,-0.15 1.06,-0.62 0.91,-1.42 c -1.24,-0.41 -2.46,-0.93 -3.66,-1.54 c -0.93,-0.11 -1.86,-0.17 -2.8,-0.2 c -1.73,-1.37 -2.92,-0.81 -4.95,-1.07 c -1.65,-1.63 -4.86,-0.49 -6.98,-0.95 c -0.89,-0.64 -1.88,-0.99 -2.98,-1.05 c -1.96,-1.12 -3.98,-2.11 -6.06,-2.98 c -1,-1.26 -1.56,-2.68 -1.7,-4.28 c -0.36,-0.4 -0.78,-0.46 -1.26,-0.18 c 0.36,-1.89 0.98,-4.41 -0.51,-5.98 c -0.36,-1.88 0.29,-2.45 -0.98,-4.05 c -0.19,-2.6 -0.19,-5.2 -0.01,-7.8 c 0.57,-0.8 1.05,-1.66 1.42,-2.57 c 2.06,-3.03 3.79,-1.68 6.98,-2.05 c 1.71,0.69 3.43,1.31 5.16,1.88 c 0.86,0.2 1.74,0.26 2.62,0.16 c 1.06,0.35 3.15,2.56 3.64,3.67 c -0.55,2.54 2.75,4.05 4.08,5.85 c 1.43,0.5 2.64,1.31 3.63,2.42 c 0.58,0.05 1.13,-0.06 1.65,-0.31 c 0.23,2.16 0.96,2.18 2.81,2.8 c 1.06,1.63 2.47,2.83 4.24,3.6 c 0.67,0.52 2.65,1.87 2.66,2.68 c -0.41,1.76 2.11,0.95 3.01,1.79 c 1.9,2.09 3.89,4.1 5.96,6.02 c 0.73,0.41 1.51,0.55 2.34,0.41 c 0.87,0.29 1.44,0.88 1.72,1.75 c -0.14,0.84 -0.02,1.63 0.36,2.39 c 1.59,1.42 3.12,2.9 4.6,4.45 c 0.74,0.46 1.55,0.62 2.42,0.5 c 2.72,0.49 0.99,3.76 1.64,5.65 c 1.33,1.98 2.46,4.1 3.38,6.36 c 0.91,0.75 4.37,5.08 1.17,4.87 c -0.38,-0.29 -0.77,-0.56 -1.17,-0.81 c -2.05,0.22 -2.83,-1.59 -4.88,-0.65 c 0.3,-0.97 -0.06,-1.47 -1.07,-1.52 c -0.96,0.47 -1.94,0.86 -2.96,1.16 c -1.32,-0.05 -2.65,-0.11 -3.97,-0.16 c -1.12,-0.86 -2.4,-1.19 -3.82,-0.98 c -0.38,0.01 -0.63,-0.17 -0.75,-0.55 c -0.66,-2.95 -1.47,-5.4 -1.35,-8.71 c -0.74,-1.64 -3.55,-2.52 -3.61,-4.39 c -0.81,-1.86 -2.15,-3.17 -4.03,-3.94 c -1.18,-0.74 -1.83,-0.44 -1.95,0.91 c -1.53,0.15 -2.91,2.07 -3.73,3.24 c 1.95,0.72 3.81,1.16 4.76,3.17 c 0.36,2.74 -2.62,4.08 -2.12,6.75 c -0.35,1.37 -1.23,2.21 -2.63,2.51 c -4.63,0.06 -9.27,0.07 -13.9,0.03 c -0.75,-0.06 -1.43,-0.32 -2.03,-0.79 c -2.15,-0.4 -4.26,0.53 -6.03,-1.07 c -1.74,-0.27 -2.42,0.32 -3.91,-0.85 c -0.81,0.38 -1.29,1 -1.44,1.88 c -0.41,5.81 -3.54,14.78 -4.22,21.22 c -1.26,4.53 -3.38,11.31 -2.6,16 c 1.08,2.05 2.04,4.14 2.88,6.27 c 0.35,1.08 0.93,2.02 1.74,2.82 c -1.18,1.76 -1.14,3.47 0.12,5.15 c 0.1,1.66 0.13,3.33 0.11,5 c 0.97,2.81 0.53,3.01 3.51,4.14 c 0.69,-0.66 2.85,-0.72 2.12,-2.07 c 0.81,0.38 1.56,0.31 2.23,-0.21 c 0.23,-2.94 1.27,-3.24 3.11,-0.91 c 0.35,0.31 0.77,0.47 1.24,0.48 c 0.92,0.21 1.49,0.75 1.72,1.63 c -0.08,0.54 0.1,0.95 0.56,1.23 c 2.01,0.13 4.03,0.14 6.05,0.03 c 1.62,0.27 1.86,1.56 3.79,1.04 c 10.44,4.23 10.82,-1.65 19.27,-4.03 c 1.45,0.32 2.77,0.05 3.95,-0.8 c 1.02,-0.3 3.83,0.43 3.37,-1.51 c 0.05,-0.37 0.26,-0.62 0.63,-0.73 c 2.59,-0.7 4.62,0.48 7.09,-0.82 c 1.91,-0.1 3.81,-0.09 5.71,0.03 c 1.78,1.23 2.48,2.4 4.87,2.54 c -0.92,2.1 0.77,2.49 1.67,3.99 c 0.15,1.59 0.25,3.17 0.3,4.76 c 0.45,0.64 0.72,1.33 0.8,2.1 c -0.08,2.97 -0.06,5.93 0.06,8.89 c 0.29,0.43 0.69,0.56 1.19,0.38 c 3.19,0.06 11.05,-1.94 15.22,-1.77 c 4.13,-1.09 20.88,-3.38 25.43,-4.03 c 0.67,0.18 1.25,0.06 1.74,-0.37 c -0.71,-2.41 -1.6,-4.76 -2.67,-7.05 c -0.04,-2.34 -0.03,-4.69 0.01,-7.03 c 0.1,-1.44 0.65,-1.63 1.67,-0.57 c 0.57,0.15 1.15,0.18 1.73,0.1 c 0.88,0.79 4.48,3.67 4.65,4.67 c 0.94,2.04 2.75,4.71 5.34,4.32 c 1.54,0.57 4.7,3.98 4.63,5.64 c -0.36,1.89 0.83,2.69 1.39,4.33 c 1.53,0.83 3.12,4.22 4.89,4 c 1.71,0.48 6.41,6.66 8.18,8.04 c 0.55,0.79 0.49,1.48 -0.2,2.07 c -1.54,-0.5 -3.11,-0.92 -4.71,-1.26 c -0.85,-0.77 -1.86,-1.09 -3.01,-0.96 c -1.59,-1.1 -5.03,-3.18 -6.93,-2.77 c -2.92,-0.99 -12.3,-7.19 -14.44,-9.66 c -4.11,-1.62 -22.65,3.48 -28.72,3.57 c -3.91,1.25 -9.74,1.84 -13.91,2.08 c -0.4,0.22 -0.47,0.51 -0.22,0.89 c -0.53,-0.08 -0.92,0.12 -1.18,0.58 c -0.16,2.28 -0.25,4.55 -0.27,6.84 c -0.71,1.52 -2.36,3.12 -1.84,4.91 c -0.28,0.86 -0.86,1.42 -1.74,1.68 c -1.43,-0.21 -2.52,0.3 -3.27,1.53 c -2.93,0.87 -5.74,2.05 -8.43,3.55 c -1.61,0.66 -3.03,1.59 -4.26,2.8 c -2.3,0.86 -4.1,-2.33 -6.72,-1.81 c -8.86,-3.75 -16.01,-10.2 -23.73,-15.67 c -0.6,-2.3 -2.03,-3.05 -4.29,-2.26 c -2.62,1.68 -5.16,3.48 -7.62,5.4 c -2.27,0.83 -4.23,2.02 -3.96,4.77 c -0.01,0.13 -0.01,0.25 -0.02,0.38 c -0.77,-0.05 -1.44,0.19 -2.03,0.71 c -1.17,1.15 -2.34,2.31 -3.5,3.46 c -1.08,-0.41 -1.54,-2.15 -2.89,-1.58 c -0.04,-1.49 0.4,-2.81 1.32,-3.96 c 0.14,-0.53 0.16,-1.07 0.07,-1.61 c 0.22,-0.9 0.79,-1.47 1.69,-1.7 c 2.33,-0.14 7.71,0.93 5.96,-3.39 c 2.27,0.87 2.71,-2.84 2.45,-4.24 c 0.16,-2.21 -3.58,-2 -2.74,-0.03 c -1.6,-0.87 -1.36,2.2 -3,2.63 c -1.52,0.38 -4.21,-0.64 -5.39,0.5 c -0.91,1.41 -1.72,2.88 -2.44,4.41 c -2.01,-0.77 -1.46,-2.66 -1.52,-4.37 c -0.37,-1.01 -0.74,-2.02 -1.1,-3.04 c 0.1,-1.9 0.56,-4.58 -2.33,-4.3 c -0.42,-0.15 -0.67,-0.45 -0.77,-0.89 c 0.68,-2.19 -0.61,-6.28 1.05,-7.83 c -1.04,-0.68 -1.75,-0.42 -2.14,0.79 c -4.21,-0.72 -31.94,3.89 -36.21,4.73 c -3.8,0.13 -24.37,3.03 -28,4 c -5.12,0.05 -17.45,1.91 -22,3.01 c -3.14,0.01 -4.02,0.51 -5.8,-2.13 c -0.73,-0.44 -1.52,-0.77 -2.35,-0.97 c -2.69,0.07 -2.82,-0.42 -3.85,2.14 c -1.06,1.76 -3.25,0.62 -4.91,1.05 c -2.18,2 -4.3,-0.17 -6.25,1.78 c -1.19,0.13 -2.38,0.2 -3.58,0.2 c -1.11,-0.17 -2.7,-1.69 -2.73,0.42 c 0.78,13.59 -2.17,26.63 -0.71,40.16 c -0.22,0.48 -0.13,0.89 0.28,1.23 c 1.12,-0.05 2.13,0.26 3.02,0.92 c 2.22,0.27 4.44,0.41 6.67,0.42 c 1.42,0.62 0.21,2.96 1.97,2.6 c 1.53,0.44 2.79,0.02 3.76,-1.25 c 1.28,-0.61 1.93,-0.22 1.96,1.18 c -0.05,0.54 -0.01,1.09 0.11,1.62 c 1.07,1.04 1.87,2.26 2.39,3.66 c 0.58,0.39 1.21,0.71 1.86,0.96 c 1.32,0.22 1.13,2.11 0.06,1.99 c -1.29,0.05 -2.58,0.05 -3.88,-0.01 c -1.75,-1.55 -2.6,-1.82 -2.71,-4.42 c -0.37,-0.38 -0.8,-0.43 -1.27,-0.14 c -0.73,-0.36 -1.5,-0.44 -2.3,-0.23 c -4.11,-0.91 -2.67,0.42 -3.68,2.93 c -1.77,1.32 -3.51,0.68 -2.61,3.61 c -0.52,2.7 4.94,-0.54 5.12,3.75 c -0.38,1.67 -0.74,3.34 -1.09,5.02 c -0.17,0.16 -0.34,0.32 -0.51,0.48 c -0.79,0.14 -2.84,-0.35 -2.54,1.13 c 4.75,10.27 9.71,20.46 14.86,30.57 c 0.22,0.65 0.63,1.13 1.22,1.45 c -0.03,0.53 0.1,1.01 0.41,1.43 c 1.38,-0.38 2.73,-0.85 4.05,-1.42 c 0.64,-0.19 1.28,-0.2 1.92,-0.05 c 2.39,1.32 4.8,2.61 7.21,3.87 c 1.23,0.46 2.51,0.74 3.82,0.82 c 2.29,-0.74 4.65,-1.02 7.07,-0.84 c 1.96,0.36 3.92,0.72 5.89,1.08 c 1.91,1.04 4.23,0.82 5.02,3.31 c -2.24,-0.65 -2.84,0.45 -4.82,0.72 c -0.94,0.28 -5.42,-0.95 -4.32,1.36 c -2.19,-0.49 -2.15,2.53 -2,3.93 c 1.33,1.69 3.96,-1.91 3.77,1.12 c -0.04,4.31 -0.06,8.61 -0.06,12.92 c 0.09,0.26 0.18,0.51 0.28,0.77 c -3.6,-0.09 -7.2,-0.1 -10.81,-0.05 c -0.98,-0.39 -1.96,-0.76 -2.95,-1.12 c -1.63,-0.28 -3.27,-0.32 -4.9,-0.12 c -0.59,-0.41 -1.24,-0.58 -1.93,-0.51 c 0.17,-0.54 0.23,-1.08 0.16,-1.64 c -1.84,-3.54 -3.6,-7.12 -5.26,-10.73 c -0.53,-0.56 -1.17,-0.79 -1.93,-0.68 c 0.89,-2.25 -1.35,-4.23 -2.58,-5.82 c -1.51,-1.49 -4.9,0.49 -5.87,-0.87 c 1.24,-1.37 2.52,-2.71 3.83,-4.01 c 0.32,-0.62 0.51,-1.28 0.57,-1.97 c -1.93,-3.97 -14.54,-32.88 -16.5,-33.63 c -0.32,-1.7 -5.32,-0.78 -6.56,-0.96 c -0.39,0.91 -0.9,1.75 -1.55,2.51 c -2.42,0.71 -4.41,2.07 -5.95,4.06 c -0.94,0.29 -1.82,0.71 -2.63,1.28 c -0.61,0.08 -1.22,0.13 -1.83,0.17 c -0.53,0.83 -1.03,1.7 -1.5,2.6 c -2.58,1.98 -1.9,-1.79 -2.2,-3.04 c -1.45,-1.5 -0.54,-3.16 -1.1,-4.99 c -1.35,-1.74 -0.78,-4.97 -0.7,-7.08 c 0.97,-0.35 1.96,-0.66 2.98,-0.93 c 0.7,-1.49 1.84,-2.01 3.4,-1.56 c 1.93,2.01 4.04,-0.11 3.46,-2.41 c 0.4,-1.3 2.01,-0.03 2.77,0.14 c 2.54,0.46 2.3,-3.68 4,-3.73 c 1.3,-0.27 2.04,-1.05 2.22,-2.34 c -0.62,-0.75 -1.19,-1.53 -1.71,-2.35 c 0.23,-0.93 0.5,-1.86 0.82,-2.78 c -0.02,-1.01 -0.11,-2.02 -0.29,-3.01 c -0.21,-14.45 1.97,-28.77 1.08,-43.21 c 0.21,-0.5 0.09,-0.9 -0.35,-1.2 c -3.98,-0.13 -7.96,-0.2 -11.94,-0.2 c -0.94,0.02 -1.32,0.48 -1.15,1.39 c -1.29,-0.29 -2.59,-0.42 -3.91,-0.38 c -0.99,0.33 -1.97,0.67 -2.94,1.03 c -3.35,0.05 -6.69,0.06 -10.03,0.03 c -0.8,-0.1 -1.5,-0.43 -2.1,-0.97 c -2.15,-0.35 -4.24,0.79 -5.93,-1 c -1.9,-0.23 -2.53,0.52 -4.03,-0.92 c -1.25,-0.17 -2.5,-0.1 -3.74,0.2 c -0.21,0.01 -0.41,0.01 -0.62,0.01 c 0.03,-0.53 -0.18,-0.93 -0.64,-1.19 c -2.34,-0.08 -4.67,-0.13 -7.01,-0.15 c -0.96,-0.35 -1.92,-0.69 -2.89,-1.03 c -0.95,0.02 -1.89,0.11 -2.82,0.28 c -11.45,-2.08 -24.51,-2.76 -36.21,-3.27 c -8.21,-2.02 -18.76,-0.93 -26.98,-2.96 c -22.64,-0.86 -45.43,-4.05 -68.02,-5.04 c -8.21,-2.02 -18.76,-0.93 -26.98,-2.96 c -19.05,-0.5 -37.97,-3.54 -57.02,-4.04 c -7.47,-2.72 -15.28,1.34 -22.12,-3.76 c -4.6,-1.18 -9.67,-4.54 -14.32,-4.98 c -0.4,-2.64 -2.4,-2.22 -4.42,-2.32 c -1.51,-1.46 -2.14,-0.64 -4.01,-1 c -1.39,-0.66 -2.81,-1.25 -4.26,-1.78 c -1.59,-0.21 -3.16,-0.14 -4.73,0.23 c 0.27,-0.47 0.21,-0.89 -0.17,-1.26 c -1.14,0.05 -2.16,-0.29 -3.04,-1.01 c -1.77,-0.32 -2.6,0.41 -4.01,-0.99 c -1.85,-0.34 -2.49,0.28 -4.02,-1.03 c -1.97,-0.21 -2.46,0.48 -4.02,-0.98 c -2.26,-0.37 -4.52,-0.78 -6.78,-1.22 c -1.39,-0.6 -2.79,-1.2 -4.19,-1.8 c -2.27,-0.38 -4.54,-0.76 -6.81,-1.15 c -1.57,-1.55 -2.05,-0.71 -4.04,-1.02 c -1.53,-1.5 -2.02,-0.73 -3.96,-0.97 c -0.42,-0.25 -0.81,-0.53 -1.19,-0.84 c -1.83,-0.36 -2.5,0.37 -4.02,-1.02 c -0.92,-0.07 -1.84,-0.12 -2.77,-0.16 c -1.42,-0.56 -2.81,-1.18 -4.18,-1.86 c -1.86,-0.25 -2.53,0.43 -4.02,-0.97 c -1.93,-0.41 -2.4,0.42 -3.99,-1.04 c -0.94,-0.08 -1.89,-0.15 -2.83,-0.2 c -1.42,-0.54 -2.8,-1.14 -4.17,-1.79 c -1.89,-0.25 -2.47,0.45 -3.97,-0.96 c -0.95,-0.06 -1.9,-0.1 -2.84,-0.13 c -1.43,-0.65 -2.85,-1.3 -4.26,-1.95 c -0.92,-0.04 -1.84,-0.08 -2.76,-0.1 c -1.5,-0.95 -3.04,-2.49 -4.94,-1.52 c 0.68,-1.49 -2.41,-3.41 -3.28,-4.33 c -0.37,-1.21 -0.82,-2.39 -1.35,-3.54 c 0,-25.34 0.01,-50.67 0.02,-76 c 0.32,-0.52 0.79,-0.73 1.41,-0.65 c 1.58,-0.27 3,0.07 4.26,1.03 c 0.6,0.07 1.16,-0.05 1.68,-0.35 c -1.07,2.3 1.25,4.71 3.2,2.5 c 1.82,-0.17 3.6,-0.58 5.02,0.87 c 1.53,0.22 3.03,0.12 4.5,-0.3 c 0.34,-0.65 0.65,-1.32 0.91,-2.01 c 0.58,-0.92 1.44,-1.45 2.58,-1.58 c 0.97,-0.29 1.73,-0.83 2.3,-1.63 c 0.66,-1.89 0.18,-3.35 -1.43,-4.4 c -0.35,-0.92 -0.8,-1.79 -1.36,-2.61 c -0.44,-1.79 0.96,-5.49 -2.35,-4.1 c 0.16,-0.94 -0.24,-1.41 -1.21,-1.42 c -2.69,0.19 -5.39,0.24 -8.09,0.14 c -0.58,0.11 -1.06,-0.07 -1.41,-0.52 c -0.05,-4.36 -0.1,-8.72 -0.14,-13.08 c 0.11,-1.79 1.57,-1.7 0.72,-3.79 c 1.87,0.76 4.93,-1.25 6.75,-1.71 c 0.8,-0.51 1.25,-1.24 1.35,-2.2 c 1.03,0.01 1.77,-0.43 2.22,-1.32 c 0.05,-2.62 0.07,-5.24 0.08,-7.86 c 0.16,-0.16 0.32,-0.33 0.48,-0.49 c 1.07,-0.4 5,0.76 4.36,-1.47 c 2.39,-1.26 3.88,-2.68 5.8,-4.62 c 1.53,0.42 2.37,-3.77 3.22,-4.62 c 0.08,-0.61 0.01,-1.19 -0.21,-1.76 c 1.11,0.37 1.9,0 2.37,-1.11 c 1.32,-0.69 2.66,-1.29 4.04,-1.83 c 0.61,-0.56 0.8,-1.25 0.58,-2.05 c 2.79,0.59 2.23,-2.26 2.43,-3.96 c 0.54,-0.6 0.85,-1.3 0.94,-2.1 c 0.03,-4.97 -0.03,-9.94 -0.18,-14.9 c -0.64,-1.17 -1.09,-2.41 -1.35,-3.71 c -0.55,-0.52 -1.19,-0.82 -1.93,-0.93 c -0.78,-0.06 -3.56,0.66 -3.52,-0.66 c 0.07,-0.56 -0.14,-0.99 -0.62,-1.28 c -2.3,0 -4.61,0 -6.92,0.02 c -0.97,-0.45 -1.97,-0.83 -2.99,-1.14 c -0.95,0.09 -1.9,0.24 -2.83,0.44 c 0.21,-0.49 0.1,-0.88 -0.32,-1.2 c -1.95,-0.18 -3.92,-0.27 -5.9,-0.27 c -1.43,0.17 -2,0.99 -1.7,2.44 c 0,0.15 0,0.3 0,0.45 c -1.81,-0.13 -3.63,-0.09 -5.47,0.13 c -1.11,0.2 -4.53,3.22 -4.28,4.5 c -0.87,-0.55 -1.33,-1.36 -1.38,-2.43 c 1.23,-1.41 1.38,-1.41 1.43,-3.38 c 1.19,-1.47 1.86,-3.14 2,-5 c 0.28,-0.41 0.56,-0.83 0.83,-1.25 c 0.37,-1.58 0.76,-3.16 1.16,-4.73 c 0.72,-1.02 1.31,-2.11 1.77,-3.27 c 0.69,-2.62 1.46,-5.2 2.3,-7.73 c 0.69,-1.03 1.28,-2.11 1.78,-3.25 c 0.02,-1.09 0.35,-2.08 0.99,-2.96 c 0.42,-1.61 0.82,-3.22 1.21,-4.83 c 0.72,-0.98 1.3,-2.04 1.74,-3.17 c 0.41,-1.59 0.84,-3.18 1.28,-4.76 c 0.56,-1.12 1.14,-2.23 1.74,-3.32 c 0.56,-1.53 0.97,-3.09 1.23,-4.69 c 0.98,-1.17 1.2,-2.49 0.65,-3.94 c 1.83,0.61 4.08,-0.87 5.22,-2.24 c 1.95,-0.56 3.61,-1.58 4.96,-3.07 c 2.52,-1.01 4.89,-2.25 7.1,-3.73 c 0.38,-0.62 0.59,-1.29 0.64,-2.02 c 1.59,0.34 3.01,-0.03 4.27,-1.1 c 1.34,-2.36 3.6,-0.72 3.75,-3.78 c 2.76,0.92 2.48,-1.29 2.2,-3.19 c -1.28,-2.12 -2.42,-4.32 -3.42,-6.59 c -0.5,-0.54 -1.11,-0.84 -1.84,-0.89 c -1.26,-0.67 -7.72,-12.3 -7.64,-14.82 c -0.05,-1.89 0,-3.79 0.13,-5.68 c 0.61,-0.79 1.04,-1.67 1.29,-2.64 c 1.1,-0.89 2.15,-1.84 3.14,-2.86 c 0.38,-0.91 0.83,-1.79 1.34,-2.64 c 0.34,-1.65 0.75,-3.27 1.22,-4.88 c 0.99,-1.81 1.94,-2.78 1.95,-4.94 c 0.67,-1.39 1.28,-2.81 1.84,-4.26 c 0.03,-0.59 0.09,-1.19 0.17,-1.78 c 1.15,-1.98 2.1,-4.05 2.85,-6.21 c 0.71,-2.59 1.43,-5.18 2.16,-7.75 c 0.58,-1.1 1.14,-2.2 1.69,-3.31 c -0.07,-1.16 0.31,-2.13 1.14,-2.93 c 0.07,-0.58 0.12,-1.15 0.16,-1.73 c 0.64,-2.19 1.54,-4.29 2.71,-6.3 c 0.83,-2.56 1.61,-5.12 2.32,-7.71 c 1.14,-2.01 2.08,-4.09 2.82,-6.25 c -0.2,-1.17 0.13,-2.15 0.97,-2.96 c 0.41,-1.61 0.81,-3.21 1.2,-4.82 c 1.18,-1.99 2.12,-4.08 2.8,-6.27 c 0.49,-1.55 0.89,-3.12 1.2,-4.72 c 0.79,-0.85 1.1,-1.86 0.94,-3.03 c 1.11,-1.49 1.8,-3.14 2.07,-4.96 c 1,-2.4 1.94,-4.82 2.82,-7.26 c -0.09,-1.16 0.25,-2.18 1,-3.07 c -0.14,-1.1 0.16,-2.06 0.9,-2.87 c -0.02,-1.17 0.34,-2.21 1.08,-3.11 c 1.36,-3.98 2.66,-7.98 3.91,-12 c 0.13,-1.25 0.22,-2.49 0.27,-3.75 c 0.3,-0.39 0.58,-0.8 0.85,-1.22 c 0.39,-1.59 0.77,-3.17 1.15,-4.75 c 0.54,-1.44 1.14,-2.85 1.8,-4.23 c 0.15,-0.95 0.06,-1.87 -0.27,-2.78 c 2.02,0.87 1.1,-2 1.49,-2.97 c 0.74,-0.87 1.07,-1.89 0.98,-3.05 c 0.61,-2.18 1.54,-4.26 2.79,-6.22 c 0.41,-1.59 0.81,-3.18 1.22,-4.76 c 0.21,-0.43 0.46,-0.84 0.75,-1.22 c 0.12,-1.28 0.21,-2.57 0.27,-3.87 c 1.33,-1.49 0.59,-2.12 0.92,-3.95 c 0.92,-0.8 1.13,-1.76 0.63,-2.87 c 2.23,-0.44 4.88,-2.57 4,-5.09 c 1.06,0.24 1.79,-0.15 2.18,-1.18 c -0.01,-1.44 1.71,-8.81 -1.25,-8.45 c -1.42,-0.32 -2.31,-1.19 -2.66,-2.63 c 0.11,-0.55 0.1,-1.09 -0.05,-1.63 c -1.8,-1.99 -0.51,-4.87 -0.94,-7.27 c 0.52,-1.42 1.17,-2.8 1.94,-4.14 c 0.16,-0.51 0.21,-1.03 0.17,-1.56 c 0.14,-0.95 0.69,-1.52 1.66,-1.7 c 1.45,0.23 2.74,-0.11 3.88,-1.01 c 1.17,0.61 2.43,0.98 3.77,1.11 c 0.62,0.63 0.87,1.4 0.75,2.32 c -0.37,1.01 -0.75,2.02 -1.15,3.02 c -0.17,1.26 0.01,2.45 0.53,3.59 c 1.1,1.55 6.14,0.78 7.86,0.58 Z M 563.09,633.36 c -0.2,0.88 -0.74,4.42 -1.71,4.57 c -2.08,-0.31 -1.12,2.33 -1.4,3.45 c -1.81,1.6 -0.64,4.92 -1.05,7.05 c -1.57,1.73 -0.68,3.98 -0.86,6.1 c 0.12,0.75 0.4,1.45 0.83,2.09 c 0.22,2.37 -0.43,3.6 2.37,4.41 c 2.39,0.6 9.57,5.97 10.74,8.69 c -0.48,2.53 2.41,4.25 4.31,5.25 c 0.71,-0.01 7.29,8.72 8.65,9.63 c -0.03,1.21 2.31,2.84 2.92,4.01 c 2.44,1.06 2.32,1.89 5.42,1.2 c -0.19,0.84 0.17,1.23 1.07,1.16 c 2.05,0.11 4.09,0.11 6.13,0.01 c 1.22,-0.55 2.5,-0.95 3.83,-1.22 c 0.44,-0.27 0.64,-0.66 0.61,-1.17 c 3.04,-3.33 9.56,-9.06 5.69,-13.86 c -2.28,-2.87 -4.46,-1.63 -7.29,-0.72 c -1.58,0.37 -3.16,0.67 -4.75,0.91 c -1.22,-0.71 -2.37,-1.5 -3.46,-2.37 c 0.55,-0.79 0.99,-1.63 1.33,-2.53 c 1.42,-0.76 1.82,-1.91 1.19,-3.42 c 2.39,0.1 2.42,-1.03 2.46,-2.95 c 0.52,-0.59 0.82,-1.27 0.89,-2.04 c -0.02,-2.02 -0.02,-4.05 0.01,-6.08 c 1.08,-1.71 3.4,-4.76 2.91,-6.87 c 0.29,-1.21 0.18,-3.3 1.67,-3.71 c 0.54,0.09 0.97,-0.09 1.28,-0.54 c 0.13,-1.93 0.16,-3.87 0.1,-5.81 c -0.66,-0.52 -1.41,-0.69 -2.25,-0.5 c -0.91,-0.23 -1.78,-0.51 -2.64,-0.83 c 0.07,-0.56 -0.15,-0.95 -0.66,-1.19 c -1.14,0.1 -2.12,-0.23 -2.95,-0.99 c -1.29,-0.15 -2.56,-0.05 -3.82,0.28 c -3.32,-0.78 -6.68,-1.23 -10.09,-1.36 c -0.37,-0.11 -0.55,-0.35 -0.54,-0.72 c 0.13,-0.51 -0.05,-0.89 -0.53,-1.12 c -1.2,0.08 -2.24,-0.29 -3.1,-1.11 c -1.23,-0.15 -2.46,-0.08 -3.68,0.19 c -1.98,-0.01 -3.88,-0.37 -5.71,-1.07 c 0.32,-2.09 -4.35,-0.93 -5.42,-1.04 c -1.55,0.95 -2.97,2.19 -2.5,4.22 Z M 629.77,953.26 c 1.68,3.41 4.41,8.04 8.53,8.57 c 0.81,-1.19 3.01,-3.55 0.22,-4.1 c -2.4,1.18 -1.92,1.82 -4.22,-0.45 c -0.07,-2.36 -1.64,-5.76 -4.53,-4.02 Z"/></g>
<g><path id="East Coast GRC" fill="#99d9ea" fill-opacity="0.996" stroke="#99d9ea" stroke-width="0.5" stroke-opacity="0.996" d="M 1713.21,223.45 c -3.6,0.21 -7.2,0.43 -10.8,0.66 c -1.49,0.52 -2.6,1.48 -3.32,2.9 c -1.47,4.31 -3.2,5.52 -7.26,7.33 c -3.18,3.64 -1.54,1.64 -4.98,1.34 c -2.64,-1.52 -5.42,-2.79 -8.34,-3.79 c -3.13,-0.62 -6.3,-0.99 -9.49,-1.11 c -3.49,-0.41 -5.38,-3.32 -8.51,-4.58 c -1.27,-0.56 -2.57,-0.65 -3.88,-0.25 c -0.41,1.1 -0.64,2.25 -0.7,3.46 c -0.4,0.63 -0.74,1.3 -1.01,2.01 c -0.84,1.13 -1.8,2.15 -2.9,3.05 c -1.09,2.5 -2.4,4.87 -3.94,7.11 c -1.12,0.88 -2.15,1.85 -3.1,2.91 c -2.87,1.8 -5.79,3.45 -8.77,4.97 c 0.64,0.58 1.39,0.75 2.25,0.52 c 1.04,-0.89 2.24,-1.4 3.62,-1.52 c 1.26,-0.83 2.51,-1.67 3.74,-2.53 c 1.39,0.14 2.2,-0.46 2.43,-1.81 c -0.02,-0.21 -0.05,-0.42 -0.07,-0.62 c 1.02,-0.91 1.94,-1.92 2.75,-3.04 c 1.48,-3.18 3.58,-6.47 6.03,-8.98 c 0.44,-1.42 0.97,-2.8 1.57,-4.14 c 0.66,0.07 1.27,0.29 1.82,0.67 c 2.15,1.52 4.25,3.08 6.29,4.68 c 1.71,0.25 3.38,0.67 5.01,1.26 c 0.84,-0.06 1.65,-0.29 2.41,-0.68 c 1.23,-0.06 2.43,0.12 3.59,0.53 c 2.64,1.31 5.35,2.45 8.14,3.4 c 1.27,0.46 2.56,0.83 3.87,1.13 c 2.47,0.84 4.16,-4.33 7.12,-4.42 c 1.35,0.23 2.17,-0.3 2.47,-1.61 c 0.37,-1.31 0.72,-2.62 1.04,-3.94 c 2.98,-3.95 7.34,-3.1 11.6,-2.25 c 7.54,2.1 12.73,4.35 18.83,9.08 c 0.7,1.71 0.77,3.43 0.23,5.17 c -0.8,-0.08 -1.61,-0.22 -2.45,-0.44 c -0.83,0.05 -1.14,0.46 -0.94,1.23 c 1.5,2.68 3.75,3.72 6.77,3.1 c 1.49,0.17 3.03,5.02 2.92,6.27 c -1.14,1.89 -2.94,5.47 1.15,5.16 c 1.76,0.16 4.59,-6.85 5.33,-8.31 c 0.59,-3.12 -3.48,-6.07 -6.19,-6.58 c -1.22,-0.27 -2.52,0.79 -3.34,-0.46 c -0.11,-1.54 -2.07,-4.4 -0.19,-5.44 c 0.66,0.36 1.3,0.75 1.93,1.17 c 22.61,5.58 37.5,23.83 55.96,36.55 c 5.92,9.13 10.65,18.72 15.52,28.42 c 1.93,5.12 -0.86,8.18 -5.73,9.13 c -9.78,1.26 -18.07,4.21 -27.07,7.94 c -1.55,1.08 -17.13,7.02 -10.11,9.74 c 1.57,-1.29 6.48,-3.84 8.64,-5.1 c 4.3,-1.96 24.91,-11.22 28.2,-7.22 c 0.23,0.22 0.34,0.49 0.32,0.81 c -3.67,16.79 -8.19,33.29 -11.03,50.17 c -0.88,5.91 -10.81,6.93 -15.28,9.13 c -0.44,0.07 -0.79,-0.08 -1.05,-0.46 c -2.05,-3.27 -4.98,-5.31 -8.79,-6.12 c -5.94,-0.91 -25.98,9.08 -32.88,11.16 c -0.72,0.58 -0.74,1.18 -0.07,1.79 c 9.98,-3.56 19.97,-7.18 29.96,-10.84 c 9.14,-1.52 8.45,7.01 11.92,7.49 c 2.6,-1.14 5.27,-2.13 8,-2.98 c 5.85,-4.11 9.86,-1.1 10.05,-10.67 c 1.99,-2.74 1.7,-4.14 1.93,-7.31 c 1.39,-2.32 2.48,-4.38 1.13,-7.08 c 1.31,-2.09 1.97,-4.39 1.98,-6.9 c 2.62,-7.67 3.98,-18.58 6.74,-26.51 c 0.48,-0.83 1.21,-1.27 2.17,-1.31 c 5.94,0.9 9.15,5.33 10.2,10.96 c 0.43,6.7 0.39,13.39 -0.11,20.08 c 0.25,15.47 -6.96,27.99 -10.73,42.5 c -16.4,44.16 -30.87,90.04 -48.31,133.83 c -0.72,1.48 -1.56,2.9 -2.52,4.24 c -1.98,0.7 -4.25,-1.07 -5.76,-2.19 c -28.56,-24.12 -57.03,-48.33 -85.42,-72.63 c -1.25,-0.72 -2.6,-2.69 -4.14,-2.41 c -5.98,4.91 -11.7,11.25 -16.64,17.25 c -4.14,4.06 -14.67,13.08 -16.55,17.95 c 0.28,1.11 2.76,1.67 3.6,2.46 c -0.11,0.7 -0.36,1.32 -0.76,1.89 c -1.45,0.07 -2.9,0.13 -4.35,0.19 c -3.45,-1.58 -5.77,-0.21 -8.19,2.22 c -1.81,2.39 0.31,2.81 1.94,3.6 c 1.65,2.54 -0.98,9.29 0.03,12.72 c 4.06,3.66 8.58,10.94 4.22,15.9 c -3.03,5.27 -11.14,-7.92 -13.68,3.48 c -5.72,8.92 -9.11,19.98 -13.41,29.62 c -0.98,4.64 -4.63,10.35 -2.06,14.98 c 0.55,2.11 -3.18,1.07 -4.24,1.58 c -0.97,0.78 -2.01,1.46 -3.11,2.01 c -6.93,0.01 -18.02,-8.51 -25.41,-9.7 c -2.88,-0.68 -17.96,-10.31 -19.05,-6.89 c -0.21,0.91 0.02,1.68 0.69,2.3 c 13.2,5.56 26.42,11.03 39.65,16.43 c 1.99,1.41 2.86,2.34 2.08,4.98 c -1.5,5.83 -11.74,27.42 -0.32,28.42 c 0.07,0.82 0.52,1.23 1.38,1.24 c 10.98,-0.13 21.97,-0.08 32.96,0.14 c 0.48,0.35 0.68,0.82 0.59,1.42 c 0.03,6.03 -0.01,12.06 -0.09,18.09 c -0.05,0.7 0.23,1.21 0.82,1.53 c 0.22,1.37 0.62,2.67 1.2,3.9 c 1.06,0.5 1.61,1.33 1.65,2.48 c -1.14,1.88 -2.59,3.46 -4.38,4.75 c -3.23,0.26 -6.46,0.21 -9.69,-0.14 c -0.53,-0.36 -0.77,-0.86 -0.72,-1.51 c 0.14,-2.6 0.17,-5.2 0.08,-7.8 c 0.46,-2.06 0.76,-5.28 -0.33,-7.14 c -1.79,-0.9 -4.54,0.48 -6.55,0.36 c -0.34,-0.59 -0.85,-0.82 -1.54,-0.7 c -4.63,0.02 -9.25,0.01 -13.87,-0.02 c -0.16,0.13 -0.33,0.26 -0.49,0.39 c -0.28,4.62 -0.33,9.25 -0.15,13.89 c 0.11,0.58 -0.07,1.04 -0.54,1.37 c -9.32,0.39 -18.65,0.5 -27.99,0.33 c -0.97,0.34 -1.94,0.69 -2.91,1.05 c -0.58,0.19 -2.67,-0.6 -2.54,0.61 c -19.58,1.01 -31.39,27.1 -50.87,16.55 c -0.61,-1.12 -1.17,-2.26 -1.67,-3.42 c -1.69,0.05 -3.11,1.54 -4.89,0.71 c -4.2,-1.76 -20.92,-9.39 -24.3,-8.24 c -3.92,1.34 -12.77,4.8 -16.59,4.35 c -0.16,-0.17 -0.32,-0.34 -0.48,-0.51 c -0.81,-4.34 -1.84,-8.62 -3.09,-12.85 c 0.13,-2.38 0.48,-4.7 1.05,-6.97 c -0.19,-0.82 -0.7,-1.26 -1.53,-1.3 c -1.59,1.66 -2.65,3.62 -3.18,5.88 c -0.25,0.61 -0.65,1.08 -1.2,1.42 c -6.85,-0.37 -14.02,-0.52 -20.17,3.02 c -2.97,0.46 -2.2,-0.52 -3.27,-2.85 c -0.92,-1.45 -2.73,0.27 -3.56,0.87 c -3.55,0.09 -4.87,1.73 -8.73,0.69 c -2.12,0.24 -4.19,0.66 -6.21,1.26 c -4.55,-1.82 -20.67,4.73 -25.83,5.63 c -7.86,-1.67 -11.83,2.06 -18.47,5.36 c -4.85,1.06 -9.21,4.61 -14.35,3.73 c -8.15,3.18 -17.2,3.42 -25.7,5.1 c -10.18,2.62 -19.74,6.91 -29.64,10.36 c -1.64,0.25 -2.86,-0.37 -3.66,-1.87 c -0.9,-2.14 -1.74,-4.28 -2.52,-6.44 c -2.89,-2.03 -7.27,0.99 -9.63,-1.3 c -1.67,-8.21 -4.29,-16.21 -5.44,-24.57 c -1.82,-2.35 0.13,-5.33 -1.87,-7.16 c -5.8,-1.81 -9.66,3.49 -15.29,-1.93 c -2.05,-4.77 -3.42,-9.73 -3.62,-14.94 c 0.01,-1.2 -0.36,-2.26 -1.13,-3.18 c 0.45,-1.91 0.4,-3.83 -0.16,-5.73 c -1.45,-1.88 -1.33,-1.78 -0.63,-4.06 c -0.35,-2.82 -0.85,-4.88 -0.14,-7.75 c 6.96,-1.59 13.92,-3.24 20.89,-4.94 c 1.83,-0.55 3.56,-1.28 5.2,-2.18 c 0.01,-3.06 0.76,-5.6 -1.15,-8.31 c 1.1,-4.1 -3.79,-12.15 -0.07,-14.75 c 9.87,-6.04 11.97,-13.96 17.09,-23.73 c 1.98,-0.22 3.96,-0.56 5.93,-1.01 c 2.18,-0.07 7.04,-3.82 8.75,-2.97 c 3.78,4.16 7.44,8.42 10.98,12.79 c 2.15,2.28 2.53,3.07 5.4,1.04 c 11.71,-8.9 23.33,-21.24 35.64,-28.84 c 0.89,0.13 1.79,0.1 2.68,-0.08 c 3.71,-1.68 9.1,-1.23 13.07,-0.7 c 0.53,0.02 1.04,-0.08 1.52,-0.3 c 1.74,0.32 5.35,2.34 6.71,0.58 c 3.86,-10.52 -3.55,-26.84 -8.22,-36.29 c -0.36,-0.74 -0.45,-1.51 -0.28,-2.31 c 13.67,-13.6 27.21,-27.35 40.64,-41.23 c 2.08,-2.24 4.11,-4.55 6.1,-6.92 c 1.95,-2.38 -1.79,-5.31 -3.52,-6.65 c -9.51,-3.63 -17.56,-14.31 -20.04,-24 c -0.92,-1.95 -2.21,-2.59 -0.85,-4.92 c 4.36,-3.88 8.73,-7.75 13.11,-11.61 c 1.69,-1.27 3.54,-1.66 5.57,-1.17 c 5.08,8.25 10.07,16.52 14.97,24.82 c 0.36,0.64 0.83,1.17 1.41,1.6 c 2.66,0.84 -0.37,-3.77 -0.54,-4.34 c -2.55,-4.68 -5.15,-9.35 -7.78,-14 c -0.64,-1.63 2.89,-3.7 3.4,-5.22 c 1.92,-4.52 -2.49,-5.06 -5.76,-4.86 c -8.16,-7.88 -1.82,-10.68 4.68,-15.77 c 11.74,-2.27 31.13,-4.62 41.18,3.99 c 4.64,1.66 0.54,-4.98 -0.44,-6.17 c -0.13,-0.8 0.21,-1.2 1.01,-1.2 c 4.99,2.07 10.01,4.05 15.07,5.93 c 13.06,5.53 25.16,3.75 29.99,19.73 c 2.09,2.68 3.99,5.48 5.7,8.41 c 1.6,7.51 9.9,31.06 16.94,35.31 c 1.8,0.56 3.61,1.02 5.44,1.38 c 0.24,0.66 0.07,1.18 -0.5,1.57 c -6.2,0.53 -7.49,0.75 -8.99,7.09 c -0.09,7.17 -3.91,13.89 -6.52,20.4 c -6.15,14.92 -12.22,29.88 -18.21,44.88 c -0.28,0.53 -0.45,1.1 -0.49,1.71 c 0.12,2.53 1.85,0.96 2.21,-0.31 c 6.37,-14.71 12.62,-29.47 18.76,-44.28 c 2.17,-5.84 4.57,-11.55 7.2,-17.12 c 1.44,-0.77 2.71,-0.55 3.81,0.65 c 6.71,3.09 12.25,3.01 17.89,-1.98 c 2.97,-2.09 4.62,0 5.5,2.74 c 2.61,2.37 16.11,9.2 19.19,8.04 c 2.44,-2.15 4.74,-0.03 4,2.82 c -1.85,4.81 -3.72,9.62 -5.62,14.43 c -0.53,1.58 0.49,3.54 1.72,1.56 c 1.4,-3.35 4.2,-7.7 5.12,-11.87 c 1.59,-1.81 1.78,-5.19 4.95,-3.29 c 7.94,3.19 15.66,6.83 23.16,10.95 c 2.57,1.75 13.61,10.03 16.21,7.62 c 11.18,-11.25 21.9,-22.69 32.9,-34.12 c 0.29,-0.86 0.06,-1.56 -0.67,-2.11 c -24.09,-21.11 -50.31,-41.48 -72.63,-64.38 c -10.36,-11.15 -15.63,-21.47 -20.75,-35.56 c 0.14,-0.92 0.12,-1.84 -0.06,-2.77 c -1.3,-3.14 -1.6,-6.37 -0.9,-9.7 c 10.2,-0.04 20.39,0.14 30.58,0.53 c 2.27,-0.02 4.47,-0.42 6.58,-1.21 c 0.23,-0.31 0.5,-0.59 0.8,-0.82 c 3.81,-0.4 7.12,-3.68 10.28,-5.69 c 2.27,-0.66 5.03,1.06 7.32,1.36 c 2.34,0.29 4.66,0.67 6.97,1.16 c 4.8,1.11 8.25,7.32 10.68,11.2 c 2.05,5.19 3.77,10.47 5.17,15.84 c 1.89,1.9 4.18,2.82 6.89,2.77 c 0.75,0.29 1.43,0.7 2.04,1.23 c 0.99,2.99 0.97,5.55 2.99,8.19 c 9.79,12.98 18.57,26.55 28.07,39.72 c 5.03,8.97 15.48,1.77 22.31,-1.04 c 0.37,-0.46 0.52,-0.99 0.46,-1.58 c -0.62,-2.24 -0.86,-4.51 -0.74,-6.82 c 2.6,-7.59 16.89,-11.31 24.02,-13.94 c 0.93,-1.09 0.69,-1.66 -0.71,-1.71 c -7.35,2.89 -14.59,6.04 -21.72,9.45 c -3.18,2.54 -4.06,8.26 -3.8,12.06 c 0,2.22 -2.11,1.88 -3.62,2.36 c -2.16,1.8 -6.4,1.96 -8.1,3.75 c -3.84,1.25 -4.66,-1.85 -6.25,-4.39 c -9.87,-13.76 -19.84,-27.45 -29.93,-41.07 c -1.22,-1.52 -0.89,-2.4 1,-2.64 c 6.54,-2.4 12.79,4.2 18.19,4.41 c 3.06,-1.07 16.02,-8.11 17.52,-10.56 c 1.26,-2.75 -1.13,-2.87 -2.94,-1.92 c -4.99,2.52 -9.86,5.24 -14.59,8.17 c -1.28,0.05 -2.39,-0.39 -3.32,-1.3 c -3.8,-1 -6.77,-2.8 -11,-3.1 c -1.94,0.18 -3.88,0.2 -5.81,0.06 c -3.31,-2.75 -3.51,-2.31 -7.74,-2.44 c -0.74,-0.09 -1.34,-0.44 -1.78,-1.04 c -1.24,-5.58 -3.84,-12.71 -6.27,-17.9 c -5.54,-6.48 -4.88,-6.74 -2.63,-14.33 c -0.36,-2.09 -1.52,-3.54 -2.63,-0.72 c -0.51,1.23 -0.67,6.24 -2.73,5.99 c -4.63,-0.43 -13,-1.42 -16.1,-5.11 c -1.4,-2.19 -2.67,-4.45 -3.8,-6.79 c -3.52,-4.68 4.19,-13.28 6.07,-17.72 c 3.99,-5.21 2.91,-11.79 1.01,-17.58 c -1.95,-4.15 -3.71,-8.38 -5.26,-12.68 c -0.8,-3.28 -1.25,-6.61 -1.35,-9.99 c -0.59,-3.25 -0.24,-6.37 1.03,-9.38 c 3.24,-1.21 4.23,2.22 7.07,1.45 c 0.18,0.63 0.63,0.91 1.34,0.84 c 3.78,0.22 7.54,0.25 11.29,0.08 c 0.36,0.02 0.71,0.03 1.07,0.05 c 0.29,0.57 0.77,0.85 1.43,0.83 c 1.06,0.01 0.58,-1.73 -0.11,-2.08 c -1.42,-1.02 -12.94,-1.39 -14.35,-0.52 c -3.5,-2.9 -8.45,-6.28 -10.74,0.22 c -0.05,2.83 -0.05,5.65 0.01,8.48 c -0.23,8.37 3.77,16.77 7.33,24.16 c 1.37,4.29 1.34,8.57 -0.1,12.84 c -0.37,0.54 -0.87,0.92 -1.49,1.12 c -4.73,0.5 -9.83,-1.48 -13.41,2.83 c -1.89,2.4 -6.2,7.85 -9.39,8.14 c -6.84,0.29 -13.69,0.27 -20.54,-0.07 c -1.03,-0.02 -1.98,0.26 -2.83,0.86 c -3.57,-0.34 -7.14,-0.75 -10.69,-1.26 c -8.99,-3.23 -12.73,-23.42 -15.93,-32.03 c -1.66,-1.97 -9,0.91 -11.55,0.47 c -9.16,2.14 -19.77,2.67 -28.98,4.95 c -2.99,-0.07 -17.16,2.26 -20,3 c -3.54,0.16 -5.14,-0.93 -4.26,3.49 c -2.14,5.02 -2.67,9.93 -3.76,15.05 c 0.56,1.28 0.7,2.62 0.42,3.99 c 1.34,1.28 2.79,2.44 4.35,3.47 c 0.19,0.55 0.13,1.06 -0.18,1.54 c -10,-0.9 -17.85,1.27 -27.56,3.37 c -3.13,-0.95 -5.25,-3.94 -8.43,-0.49 c -2.14,0.87 -4.02,-1.66 -5.95,-2.22 c -7.34,-1.8 -14.47,3.9 -20.68,6.36 c -2.89,0.58 -4.19,-4.32 -6.43,-1.9 c 0.16,0.97 0.41,1.92 0.76,2.86 c -0.5,1.03 -2.02,3.63 0.48,3.32 c 3.91,-2.39 4.92,1.09 2.98,4.07 c -2.05,1.61 -7.32,4.97 -9.75,5.16 c -9.4,-2.13 -7.16,3.6 -12.02,4.78 c -7.66,-0.09 -11.95,-0.15 -19.06,2.74 c -3.14,0.67 -17.78,4.61 -14.32,-3.02 c 4.1,-3.71 3.75,-7.27 9.98,-7.96 c 1.98,-0.61 2.56,-6.15 3.1,-8.09 c -0.09,-2.6 -2.78,-2.52 -4.27,-1.06 c -1.05,2.08 -1.3,5.36 -4.38,5.28 c -1.33,-0.5 -2.66,-1.01 -3.99,-1.54 c -3.51,-0.86 -0.1,6.14 -2.44,7.45 c -3.83,3.44 -4.63,-1.38 -7.59,-1.59 c -1.62,0.66 -7.61,1.73 -7.38,4.1 c 0.74,1.43 2.2,6.94 0.64,7.91 c -2.48,0.86 -3.09,0.07 -5.07,-1.32 c -3.59,-4.58 -9.77,-7.56 -11.58,-13.28 c -0.07,-0.87 0.32,-1.18 1.15,-0.92 c 3.64,2.3 7.29,3.18 11.21,4.58 c 1.94,-0.97 9.27,-2.58 9.23,-5.19 c -1.1,-2.26 -2.78,-3.93 -5.04,-5.01 c -1.13,-2.32 -0.05,-4.45 -1.77,-6.66 c -0.91,-2.37 -0.13,-3.56 2.34,-3.57 c 1.81,1.18 4.13,-0.23 2.42,-1.83 c -2.04,-1.3 -4.03,-2.68 -5.97,-4.13 c -1.89,-1.31 -2.88,-0.81 -2.97,1.51 c -0.85,0.53 -1.74,1 -2.67,1.41 c -0.77,1.13 -1.01,2.38 -0.74,3.74 c 1.43,1.82 1.56,3.35 -1.01,4.21 c -3.02,1.32 -3.55,-3.24 -5.63,-2.5 c -1.95,1.06 -3.84,2.21 -5.68,3.44 c -1.46,1.43 0.96,2.95 0.66,4.74 c -0.49,0.48 -1.02,0.49 -1.58,0.03 c -1.2,-1.7 -5.16,-4.39 -4.84,-6.56 c 1.02,0.05 2.07,0.08 3.14,0.09 c 2.2,-1.48 4.42,-2.93 6.65,-4.36 c 1.45,-1.06 1.84,-4.66 -0.49,-4.57 c -5.64,0.35 -7.15,-1.87 -11.13,-4.72 c -7.51,-1.71 -14.13,-4.62 -18.83,-10.95 c -2.06,-3.86 1.57,-6.48 2.35,-10.04 c 2.45,-3.56 3.11,-4.15 6,-0.63 c 0.44,0.32 0.83,0.26 1.16,-0.16 c 0.37,-1.38 -2.66,-3.69 -3.69,-4.42 c -1.18,0.4 -2.33,0.92 -3.44,1.57 c -5.21,5.45 -15.29,12.76 -22.72,7.6 c -0.44,-1.51 -0.85,-3.05 -1.24,-4.61 c -1.39,-3.15 -7.83,-0.74 -10.46,-0.82 c -1.3,-0.55 -2.6,-1.05 -3.91,-1.53 c -8.88,6.85 -16.86,15.08 -25.11,22.77 c -0.6,0.69 -0.7,1.43 -0.31,2.23 c 5.06,4.69 10.08,9.4 15.06,14.12 c 2.24,4.03 19.56,16.08 9.23,18.87 c -5.13,0.32 -4.04,-6.86 -10.01,-6.96 c -13.51,0.24 -12.39,-9.48 -22.81,-13.29 c -13.56,-8.46 -13.12,-18.16 -18.45,-31.48 c -0.28,-1.36 0.99,-3.95 2.57,-2.56 c 5.53,5.28 10.78,11.42 17.03,15.81 c 1.66,0.77 3.29,3.23 5.21,1.77 c 4.86,-4.38 8.95,-10.03 14.5,-13.47 c 3.46,-3.38 6.81,-6.85 10.03,-10.43 c -0.9,-1.28 -1.97,-2.43 -3.19,-3.45 c -1.35,-2.34 -2.55,-4.74 -3.59,-7.22 c -1.33,-2.38 -3.86,-3.69 -1.98,-6.72 c 6.84,-2.17 9.05,-1.99 13.73,-8.09 c 3.09,-2.52 4.61,-0.96 7.82,-2.22 c 1.14,-1.47 2.24,-2.97 3.33,-4.47 c 2.56,-0.76 4.68,0.99 7.29,1.14 c 8.41,3.72 17.22,6.65 25.58,10.53 c 5.13,1.89 24.54,5.21 19.47,14.53 c -0.01,0.52 0.23,0.85 0.73,1.01 c 3.53,0.53 6.94,1.49 10.25,2.88 c 2.12,0.91 3.79,3.52 6.4,2.33 c 5.26,-3.19 5.84,-2.11 9,2.3 c 3.87,2.59 18.83,3.35 22.99,1.71 c 9.14,-6.75 23.15,-5.26 33.92,-6.7 c 2.52,2.16 5.42,1.45 7.18,4.61 c -1.08,4.22 -1.9,4.61 -6.02,5.07 c -1.48,1.2 -1.95,2.73 -1.42,4.59 c 1,0.75 2.1,1.31 3.32,1.65 c 0.67,1.67 1.43,3.28 2.29,4.82 c 1.54,0.49 1.74,-2.96 2.91,-3.72 c 2.41,-1.57 5.62,-3.49 3.65,-6.8 c -0.21,-2.16 0.42,-4 1.88,-5.54 c 4.96,-1.14 9.37,3.25 13.44,3.08 c 5.39,-2.45 8.14,-2.09 13.9,-2.22 c 3.23,-0.04 7.49,-3.58 10.34,-2.04 c 0.29,0.8 0.86,1.21 1.72,1.22 c 2.95,-0.18 5.89,-0.25 8.82,-0.21 c 2.71,1.39 5.01,3.28 6.89,5.67 c 0.33,0.36 0.72,0.48 1.19,0.36 c 4.34,-1.71 10.4,-1.16 15.09,-2.65 c 7.08,-0.37 16.5,-2.91 23.02,-3.05 c 6.84,-2.02 15.36,-1.96 21.98,-3.95 c 0.88,-0.27 4.67,0.62 4.39,-1.13 c -1.44,-7.87 -0.6,-13.25 3.75,-19.79 c 14.86,-14.7 30.31,-30.56 47.29,-42.72 c 2.66,-0.7 9.96,-2.46 11.7,-4.23 c 10.32,-2.3 22.61,-5.38 33.2,-8.61 c 16.27,-3.34 31.62,3.31 47.28,6.96 c 8.31,2.38 37.29,7.98 32.11,21.95 Z M 1643.13,276.99 c 1.17,3.86 1.18,7.52 1.18,11.53 c -0.22,1.56 -1.88,3.63 -0.5,5.11 c 2.64,3.22 6.98,8.48 11.71,6.54 c 4.81,-3.98 5.72,-3.94 7.64,2.15 c 1.8,1.84 3.99,-1.71 6.32,-1.23 c 1.71,0.91 3.39,1.87 5.03,2.89 c 1.15,-0.38 2.18,-0.98 3.09,-1.8 c 0.85,-0.17 1.71,-0.36 2.56,-0.57 c 1.37,-2.02 0.06,-3.72 -2.14,-4.12 c -5.54,-0.47 -9.41,-2.79 -12.93,-7.04 c -2.03,-1.98 1.05,-3.36 1.77,-5.04 c 1.06,-3.18 0.04,-7.42 4.66,-7.78 c 1.92,0.19 3.84,0.25 5.76,0.16 c 2.03,-1.98 1.54,-2.73 5.02,-3.03 c 0.6,-0.73 1.11,-1.52 1.53,-2.38 c 1.03,-0.18 1.96,-0.59 2.76,-1.24 c 0.3,-1.05 -0.09,-1.72 -1.16,-1.99 c -5.14,-0.51 -8.7,-2.59 -13.95,-1.38 c -1.3,-0.41 -2.58,-0.83 -3.86,-1.26 c -1.1,-0.13 -1.69,2.2 -2.65,2.69 c -4.23,0.97 -2.28,-7.66 -1.95,-9.7 c 0.2,-2.07 0.3,-5.68 -2.43,-6.13 c -1.71,1.04 2.24,8.18 -4.83,9.95 c -0.46,0.23 -0.65,0.59 -0.57,1.1 c 1.08,1.6 1.98,3.31 2.7,5.12 c 0.41,2.04 0.89,4.06 1.42,6.06 c -0.01,0.55 -0.24,0.95 -0.7,1.21 c -0.75,-0.85 -1.58,-1.62 -2.48,-2.31 c -2.61,-0.46 -2.73,2.96 -3.58,4.6 c -1.18,0.98 -2.07,0.78 -2.69,-0.58 c -0.26,-1.74 -3.19,-10.96 -5.91,-8.99 c -1.45,1.93 -0.15,5.19 -0.82,7.46 Z"/></g>
<g><path id="Chua Chu Kang GRC" fill="#7e7f80" stroke="#7e7f80" stroke-width="0.5" d="M 513.41,157.01 c 1.49,-0.27 0.85,2.81 0.81,3.53 c -0.69,1.39 -1.37,2.76 -2.04,4.12 c -1.44,0.81 -1.87,2 -1.3,3.59 c 1.37,1.27 4.65,1.45 4.34,-1.23 c 2.35,-0.51 4.71,-0.97 7.09,-1.37 c 4.02,-1.51 10.37,-8.18 14.41,-3.93 c 1.67,1.65 -3.25,6.38 -3.43,8.23 c -0.51,-0.07 -0.87,0.12 -1.11,0.58 c -0.95,3.09 0.12,4.19 3.22,3.3 c 1.5,-2.13 2.85,-4.35 4.06,-6.65 c 0.42,0.34 0.63,0.78 0.63,1.34 c -0.98,3.85 3.87,3.08 3.04,0.17 c 0.13,-0.75 0.6,-1.06 1.38,-0.94 c 1.45,0.91 2.39,2.18 2.82,3.83 c -0.43,0.98 -0.78,1.99 -1.04,3.03 c -0.31,3.07 4.55,-2.09 6.82,0.85 c 0.08,0.79 0.25,1.54 0.5,2.27 c 1.47,0.32 2.96,0.58 4.46,0.79 c 2.56,2.34 6.45,5.07 8.59,7.37 c 1.6,1.72 -1.47,3.6 -2.32,4.84 c -1.11,1.89 -2.64,7.37 1.5,6.15 c 1.05,-0.61 2.17,-0.8 3.35,-0.57 c 2.02,3.07 0.97,3.61 -1.27,6.01 c -0.64,0.44 -1.23,0.4 -1.78,-0.14 c -0.24,-1.57 -1.18,-3.16 -2.79,-1.57 c 0.02,1.43 -0.36,6.19 0.35,7.17 c 1.87,1.48 5.78,3.11 3.61,5.95 c -0.52,3 0.37,3.28 2.21,5.28 c 0.64,1.11 -1.4,2.53 -2.12,3.04 c -1.45,0.12 -2.88,0.32 -4.29,0.59 c -1.89,2.3 -4.52,3.44 -2.01,6.8 c 1.72,1.36 3.69,2.05 5.92,2.07 c 1.9,0.99 0.33,3.31 -0.35,4.58 c -0.74,0.6 -1.52,1.14 -2.33,1.61 c 0,3.09 0.24,4.61 -1.97,7.01 c 0.81,4.99 -4.8,6.35 -7.61,8.89 c -0.14,0.67 0.07,1.19 0.62,1.56 c 1.27,0.6 2.83,-0.93 3.58,0.42 c 0.18,2.93 0.1,5.86 -0.24,8.78 c 0.14,1.47 -12.39,11.7 -14.05,13.79 c -0.99,0.77 -2.08,1.29 -3.27,1.55 c -0.42,2.68 -1.97,4.25 -4.65,4.72 c -1.26,1.19 -2.72,2.07 -4.38,2.63 c -1.48,-0.62 -3.04,-0.92 -4.67,-0.9 c -0.33,-0.16 -0.47,-0.43 -0.43,-0.79 c 0.06,-0.89 -0.21,-1.66 -0.8,-2.29 c -1.67,-0.1 -3.33,-0.11 -5.01,-0.03 c -1.39,-0.54 -2.74,-1.18 -4.07,-1.92 c -1.15,-0.24 -2.3,-0.21 -3.44,0.1 c 0.27,-1.78 -2.38,-1.13 -3.27,-0.84 c 0.91,-1.96 -1.93,-1.41 -2.8,-0.99 c 0.62,-1.57 -2.02,-1.96 -2.92,-0.8 c 0.03,0.91 0.5,1.49 1.4,1.72 c -0.04,0.11 -0.07,0.22 -0.11,0.33 c 5.55,2.47 11.26,2.14 14.87,7.87 c 1.46,7.61 -2.16,6.83 -8,6.82 c -3.47,-0.2 -6.95,-0.39 -10.44,-0.58 c -0.59,0.37 -1.15,0.32 -1.68,-0.15 c -1.87,-1.03 -8.93,-9.74 -10.51,-9.35 c -3.36,0.24 -4.44,-0.78 -6.87,1.89 c -1.25,6.03 -10.77,6.09 -15.49,6.15 c -5.47,-0.31 -10.95,-0.43 -16.43,-0.34 c -0.37,0.02 -0.73,0.04 -1.1,0.07 c -2.44,-2.14 -4.8,-4.38 -7.1,-6.71 c -1.08,1.64 1.81,2.99 2.53,4.2 c 1.01,2.84 3.39,3.37 1.94,6.86 c -0.82,1.04 -1.57,2.13 -2.25,3.26 c 0.1,1.79 1.06,2.5 2.87,2.12 c 1.56,-0.68 3.16,-1.29 4.8,-1.84 c 1.07,-0.61 2.14,-1.22 3.21,-1.82 c 3.26,-0.24 6.51,-0.19 9.77,0.14 c 1.67,-1.28 4.26,2.82 5.26,3.75 c 2.05,2.23 -1.59,2.45 -2.92,2.43 c -1.79,1.12 -3.54,2.29 -5.24,3.53 c -0.41,0.08 -0.78,-0.01 -1.11,-0.26 c -2.9,0.27 -5.81,0.43 -8.72,0.47 c -0.54,0.61 -0.76,1.34 -0.66,2.17 c 1.24,2.48 -1.49,3.59 -1.99,5.73 c -0.24,0.05 -0.48,0.1 -0.71,0.16 c -1.32,-0.34 -1.22,1.26 -0.74,1.97 c -1.29,-0.08 -1.78,0.53 -1.45,1.82 c -1.74,0.51 -1.4,2.02 -3.74,2.02 c -0.82,-0.18 -2.65,-0.12 -2.1,1.25 c -1.22,-0.5 -1.95,-0.15 -2.21,1.07 c -0.57,-0.23 -0.87,-0.03 -0.89,0.58 c -0.85,0.09 -1.22,0.58 -1.12,1.47 c 0.69,1.19 2.07,0.37 2.23,-0.7 c 1.11,-0.28 2.23,-0.51 3.38,-0.68 c 0.93,0.05 1.85,0.02 2.77,-0.08 c 1.81,-1.6 2.72,-0.32 3.36,-3.23 c 0.2,-0.44 0.51,-0.78 0.93,-1.02 c 0.43,0.1 0.78,-0.03 1.04,-0.39 c 2.42,-3.86 1.18,-4.59 6.81,-4.33 c 1.65,0.09 1.93,1.56 3.74,0.77 c 1.97,0.64 0.99,2.84 3.42,3.34 c 0.74,1.74 5.11,0.59 6.7,0.91 c 0.17,-0.17 0.33,-0.33 0.5,-0.49 c -0.01,-2.69 0.02,-5.38 0.11,-8.07 c -0.13,-0.8 -0.48,-1.5 -1.04,-2.11 c 0.44,-1.01 0.87,-2.04 1.31,-3.08 c 3.08,-0.38 4.4,-2.11 3.95,-5.18 c -0.38,-1.23 1.53,-2.51 1.78,-3.73 c 0.4,-0.04 0.78,-0.14 1.14,-0.31 c 1.01,-0.96 2.14,-1.73 3.38,-2.32 c 1.6,0.12 3.19,0.33 4.77,0.64 c 1.17,-0.41 2.26,1.59 2.79,2.33 c -0.18,0.98 -0.47,1.93 -0.87,2.86 c -0.14,2.7 0.24,7.01 4.1,6.17 c 2.65,-1.3 4.5,-2.26 7.55,-2.42 c 3.88,-0.31 7.72,-0.72 11.53,-1.23 c 1.32,0.67 0.25,3.94 0.62,5.21 c 0.2,1.49 0.36,2.97 0.48,4.46 c 1.8,-0.7 3.82,-8.35 5.45,-7.32 c 3.17,-1.05 4.27,-0.37 5.98,2.23 c -0.05,2.83 0.06,5.66 0.34,8.48 c 0.55,5.86 -7.89,4 -4.01,10.39 c 0.67,2.37 -2.13,3.47 -2.93,5.32 c 0,1.91 -0.07,3.81 -0.21,5.71 c -1.12,1.84 -2.39,3.55 -3.82,5.15 c -0.08,3.71 6.83,0.56 4.79,7.86 c -1.29,1.69 -0.31,3.22 -2.37,4.7 c -1.72,1.17 -3.62,1.96 -5.67,2.36 c -0.59,0.85 -0.92,1.8 -0.99,2.86 c -0.72,1.21 -6.08,4.22 -7.53,3.84 c -5.15,-1.63 -9.43,-9.51 -12.84,-13.54 c -1.76,-1.44 -3.18,0.26 -1.98,2.07 c 1.76,2.53 3.71,4.92 5.84,7.18 c 1.12,1.46 2.1,2.99 2.95,4.6 c -0.42,2.21 -2.93,1.53 -4.49,1.9 c -2.08,1.62 -8.94,6.22 -8.98,8.94 c -0.68,1.25 -3.12,2.25 -2.71,3.9 c 0.83,1.02 1.76,1.09 2.8,0.2 c 1.89,-3.5 4.9,-5.5 7.48,-8.37 c 0.95,-0.78 1.93,-1.45 2.95,-2.01 c 2.97,-0.06 5.95,-0.12 8.93,-0.17 c 1.22,0.86 0.05,3.4 1.72,3.3 c 0.22,1.21 0.05,2.35 -0.54,3.43 c 0.21,3.87 0.43,7.74 0.66,11.61 c -0.18,1.18 -0.82,2.02 -1.92,2.53 c -0.26,0.23 -0.29,0.49 -0.1,0.77 c -0.7,0.32 -1.19,0.83 -1.49,1.53 c 0.11,0.22 0.21,0.44 0.32,0.66 c -1.85,-0.02 -1.52,6.47 -0.03,6.4 c -0.11,2.12 -0.04,4.24 0.22,6.37 c -0.3,1 -0.99,1.5 -2.06,1.52 c -0.79,0.01 -1.3,0.38 -1.53,1.11 c -0.9,-0.13 -4.58,0.67 -4.66,1.48 c -1.08,0.55 -1.23,1.26 -0.44,2.13 c 1.31,0.14 2.62,0.2 3.93,0.19 c 0.79,-0.01 3.8,-1.16 3.04,-2.3 c 2.56,0.88 4.11,-0.01 4.65,-2.68 c 0.18,-2.34 0.02,-4.67 -0.47,-6.97 c 0.12,-1.82 0.22,-3.64 0.29,-5.45 c 0.4,-1.31 2.38,-3.49 2.21,-4.65 c 0.78,-1.16 1.43,-2.39 1.97,-3.68 c 0.89,-0.67 1.25,-1.58 1.07,-2.75 c -0.31,-3.37 -0.46,-6.74 -0.45,-10.13 c 0.01,-1.84 -1.52,-3.41 -0.57,-5.2 c -0.13,-0.71 0.16,-1.02 0.89,-0.92 c 2.52,-0.57 4.98,-1.3 7.39,-2.2 c 1.25,-0.03 2.49,-0.14 3.72,-0.34 c 1.13,-1.79 2.09,-2.37 1.92,-4.75 c -0.46,-1.12 1.59,-1.41 2.09,-2.15 c 0.5,-0.77 2.27,-5.19 3.63,-4.6 c 1.21,0.04 1.9,-0.54 2.07,-1.74 c -0.03,-3.98 -0.03,-7.97 -0.01,-11.95 c -0.18,-0.42 -0.48,-0.54 -0.9,-0.36 c -0.1,-0.41 -0.2,-0.82 -0.29,-1.23 c 0.19,-1.18 0.55,-2.3 1.06,-3.38 c 0.2,-1.2 0.34,-2.41 0.42,-3.63 c 0.38,-0.95 0.83,-1.88 1.36,-2.81 c 1.52,-1.22 2.12,-4.2 4.62,-2.96 c 1.71,2.92 3.48,5.81 5.31,8.68 c 0.63,0.68 5.75,8.58 5.77,8.98 c -0.41,2.17 -0.49,4.36 -0.26,6.57 c 0.62,0.5 1.32,0.63 2.11,0.39 c 0.94,0.35 1.32,1.03 1.14,2.04 c -0.28,2.87 -0.42,5.75 -0.4,8.64 c 0.06,0.82 0.37,1.53 0.94,2.14 c 0.1,1.29 0.17,2.57 0.22,3.86 c 0.24,0.45 0.62,0.64 1.13,0.54 c 0.29,9.94 -2.14,18.64 -4.62,28.08 c -1.97,2.48 -3.58,1.97 -0.01,3.91 c 1.28,1.08 0.59,5.85 0.75,7.53 c -0.21,1.06 -0.56,2.07 -1.06,3.03 c 1.11,0.64 2.04,0.46 2.8,-0.54 c 0.41,0.01 0.67,-0.19 0.78,-0.6 c -0.14,-1.82 0.11,-3.57 0.77,-5.26 c 0.19,-4.37 0.38,-8.73 0.58,-13.09 c -0.02,-0.32 -0.03,-0.64 -0.05,-0.96 c 0.71,-0.44 1.21,-1.06 1.51,-1.85 c 0,-1.98 0.39,-3.88 1.18,-5.68 c 0.11,-1.33 0.21,-2.67 0.3,-4 c 0,-0.07 0,-0.14 0,-0.21 c 1.39,-0.4 3.05,2.09 3.55,3.22 c 0.41,2.57 1.46,2.85 3.18,0.85 c -0.05,-0.88 0.17,-1.66 0.65,-2.35 c 2.96,-0.05 5.91,-0.14 8.86,-0.28 c 0.4,-0.31 0.51,-0.71 0.33,-1.2 c 0.74,0.06 1.12,-0.28 1.14,-1.03 c -0.66,-0.49 -1.4,-0.59 -2.22,-0.31 c 0.21,-0.92 -0.17,-1.37 -1.13,-1.36 c -2.64,0.27 -5.26,0.2 -7.88,-0.2 c -1.56,0.87 -2.71,-1.28 -3.77,-2.07 c -1.36,-2.26 0.73,-7.09 1.43,-9.53 c 0.11,0.02 0.21,0.05 0.32,0.08 c 1.26,-0.09 2.52,-0.21 3.77,-0.36 c 2.53,-1.01 2.37,-4.6 -0.73,-4.08 c -2.43,2.75 -4.37,0.52 -2.67,-2.43 c 1.97,-2.48 4.14,-1.11 1.45,-5.11 c 0.21,-0.53 0.34,-1.09 0.41,-1.66 c -0.67,-1.26 -1,-2.63 -0.99,-4.08 c -0.45,-0.64 -1.06,-0.93 -1.85,-0.86 c -1.86,-3.1 -4,-6.64 -6.35,-9.6 c -0.21,-1.4 -0.22,-2.81 -0.01,-4.22 c -1.56,-1.05 -2.95,-2.31 -4.16,-3.76 c -0.52,-1.67 -1.18,-3.28 -1.97,-4.83 c 0.21,-0.52 0.29,-1.05 0.26,-1.61 c -0.87,-0.85 -1.49,-1.87 -1.88,-3.03 c -0.59,-0.7 -1.35,-1 -2.27,-0.88 c -0.12,0 -0.23,0.01 -0.35,0.02 c -0.34,-1.65 -0.96,-3.18 -1.87,-4.61 c -0.18,-0.59 -0.22,-1.19 -0.12,-1.8 c -0.89,-3.44 -0.55,-6.76 1.02,-9.94 c 1.68,0.52 3.42,0.72 5.22,0.6 c 0.82,0.02 1.47,-0.3 1.95,-0.97 c 0.57,-1.14 1.07,-2.29 1.5,-3.46 c -0.18,-1.87 -0.43,-3.73 -0.75,-5.57 c 0.14,-0.74 0.41,-3.15 1.65,-2.7 c 2.59,0.21 4.94,-0.43 7.04,-1.91 c 0.21,-0.56 0.3,-1.14 0.27,-1.73 c -0.14,-0.39 -0.25,-0.78 -0.31,-1.18 c 1.41,-0.51 2.64,-1.29 3.7,-2.36 c 2.27,-0.11 4.55,-0.15 6.83,-0.12 c 1.13,-0.96 0.66,-3 0.75,-4.35 c -0.18,-1.4 5.49,-3.27 6.05,-6.28 c -0.21,-2.35 -0.54,-4.68 -1.01,-6.99 c 2.78,-0.1 5.74,0.13 6.12,-3.39 c -0.11,-0.36 -0.02,-0.68 0.25,-0.95 c 2.21,-2.07 4.35,-4.22 6.41,-6.45 c 0.3,-0.28 0.65,-0.36 1.04,-0.23 c 2.23,-0.28 2.78,-2.4 3.88,-3.98 c 0.08,-1.49 0.19,-2.97 0.35,-4.46 c -0.5,-1.21 3.25,-3.82 3.76,-4.65 c 4.57,0.61 5.4,-5.57 3.04,-7.59 c 0.06,-0.24 0.13,-0.48 0.2,-0.72 c 0.19,-3.11 0.04,-6.21 -0.45,-9.29 c -0.83,-1.18 -0.83,-3.13 -2.72,-3.04 c -3.6,-4.31 -9.25,-13.21 -10.5,-18.41 c 1,-1.68 -1.32,-2.78 0.32,-3.77 c 2.21,-1.91 2.11,-2.88 5.44,-2.16 c 2.82,0.18 7.17,2.62 8.74,5.11 c 0.83,0.18 1.52,0.59 2.07,1.21 c 0.24,0.91 0.71,1.66 1.41,2.24 c 1.95,0.72 2.36,1.61 4.82,1.33 c 1.03,0.13 2.07,0.18 3.1,0.16 c 1.9,-0.88 5.12,-3.24 6.68,-0.55 c -0.66,2.57 0.19,2.64 0.95,4.67 c 0.93,1.25 3.16,0.78 3.09,-0.86 c -0.24,-2.11 -0.18,-4.22 0.17,-6.31 c 8.71,-0.23 17.43,-0.34 26.15,-0.3 c 1.36,0.11 1.9,0.86 1.65,2.25 c -1.7,1.74 -3.31,3.57 -4.83,5.49 c -0.07,1.3 -0.1,2.6 -0.1,3.91 c 2.66,4.67 3.01,9.17 3.13,14.67 c 1.93,5.26 0.51,11.07 4.23,15.59 c 1.25,2.26 -8.28,6.71 -10.01,7.36 c -9.09,0.49 -12.55,7.94 -15.34,15.43 c -0.83,0.24 -1.24,0.81 -1.24,1.72 c -0.11,4.37 -0.14,8.75 -0.1,13.13 c -0.25,1.35 0.23,2.27 1.45,2.78 c 0.34,1.16 0.67,2.35 1,3.56 c -0.62,1.37 -0.43,2.61 0.56,3.71 c 0.06,1.58 0.12,3.17 0.16,4.75 c 0.08,0.24 0.16,0.48 0.24,0.71 c -0.48,-0.1 -0.83,0.08 -1.04,0.53 c -0.4,3.6 -0.43,7.2 -0.08,10.81 c -1.65,-0.67 -1.24,2.13 -0.94,2.88 c -1.78,-0.52 -1.27,2.29 -0.92,3.13 c -1.86,-0.72 -1.37,2.15 -1.05,3.02 c -1.72,-0.75 -1.35,2.05 -1.28,2.88 c 0.06,0.51 0.13,1.01 0.22,1.52 c -1.11,0.3 -1.59,1.04 -1.43,2.23 c 0.15,0.34 0.3,0.68 0.45,1.02 c -1.07,0.18 -1.58,0.84 -1.54,1.98 c 0.18,0.33 0.35,0.66 0.53,0.99 c -1.23,0.25 -1.72,1 -1.49,2.26 c -0.22,1.46 -0.36,2.94 -0.41,4.46 c -1.23,0.41 -1.71,1.26 -1.45,2.55 c 0.11,0.47 0.22,0.93 0.34,1.4 c -2.12,0.04 -1.37,7.83 -0.87,9.29 c -0.42,2 -0.93,5.01 0.55,6.67 c 0.06,1.93 0.13,3.86 0.22,5.79 c 0.25,0.46 0.64,0.64 1.15,0.54 c -0.14,2.05 1.76,3.73 0.99,6.63 c -0.18,0.96 -0.29,1.93 -0.33,2.92 c 0.78,2.25 1.49,4.52 2.16,6.82 c 1.19,1.96 2.2,4.01 3.03,6.15 c 0.6,0.71 1.33,0.84 2.16,0.4 c -0.02,0.29 -0.04,0.58 -0.06,0.87 c -0.12,0.7 0.16,1.11 0.84,1.23 c -0.4,1.16 0,1.79 1.2,1.9 c -0.45,1.82 0.26,2.79 2.13,2.94 c -0.63,1.82 0.01,2.83 1.94,3.03 c -0.79,1.53 1.37,4.04 1.8,5.55 c 0.61,0.65 1.35,0.84 2.21,0.59 c -0.19,0.32 -0.39,0.64 -0.58,0.96 c 0.26,0.68 0.77,1.03 1.52,1.08 c -0.2,0.3 -0.4,0.6 -0.59,0.9 c -0.16,2.35 1.81,4.21 2.39,6.44 c 0.47,0.94 1.24,1.38 2.29,1.32 c -0.41,0.8 -0.52,2.58 0.95,1.94 c -0.65,1.69 -0.08,2.51 1.69,2.45 c -0.21,2.21 3.17,0.99 4.32,0.66 c -0.22,0.51 -0.28,1.04 -0.21,1.59 c 0.64,1.4 1.21,2.82 1.72,4.27 c 0.33,0.74 -0.35,4.02 1.41,3.09 c 0,0.92 -1.29,7.16 1.06,6.06 c -0.3,1.55 -0.38,3.1 -0.25,4.66 c 1.6,1.76 0.64,2.89 1.05,5.02 c 0.28,0.42 0.64,0.53 1.11,0.32 c -0.19,0.88 -0.25,1.76 -0.16,2.65 c 0.84,2.38 1.84,4.72 3.01,7.01 c 0.62,0.58 1.36,0.8 2.23,0.68 c 0.03,0.25 0.06,0.51 0.09,0.77 c -0.55,1.69 0.05,2.66 1.79,2.92 c 0.06,0.73 0.41,1.22 1.07,1.47 c 0.29,0.47 0.47,0.96 0.54,1.5 c 0.18,0.69 0.63,1.11 1.34,1.26 c -0.03,0.24 -0.07,0.47 -0.1,0.71 c -0.42,2.36 0.65,2.4 2.36,3.28 c 0.27,-0.01 0.55,-0.02 0.82,-0.03 c -0.37,1.66 2.96,4.45 3.12,6.43 c -0.28,0.93 0.7,5.77 -0.92,5.63 c -0.9,0.07 -1.39,0.57 -1.45,1.48 c 0.02,3.69 0.01,7.37 -0.02,11.05 c -0.02,0.95 0.42,1.4 1.34,1.36 c 1.87,-0.24 0.54,3.89 1.4,4.95 c 3.34,5.48 7.78,14.02 7.64,20.37 c 0.43,0.66 0.75,1.36 0.96,2.12 c 0.06,2.35 -0.01,4.69 -0.22,7.02 c -1.68,1.08 -3.35,2.15 -5.02,3.23 c -5.46,2.4 -6.9,3.11 -13.38,2.76 c -1.33,1.03 -2.79,1.26 -4.38,0.67 c -1.35,-0.35 -5.58,0.57 -6.26,-0.77 c -0.27,-2.48 -0.41,-4.97 -0.43,-7.47 c -0.29,-0.94 -0.84,-1.66 -1.65,-2.17 c -0.66,-1.77 -1.24,-3.57 -1.74,-5.39 c 0.25,-1.39 -0.32,-2.16 -1.71,-2.3 c -2.32,0.02 -4.64,0.06 -6.95,0.12 c -0.46,0.29 -0.63,0.71 -0.51,1.25 c -2.13,-0.13 -3.52,1.98 -5.7,0.44 c -2.31,0.09 -4.62,0.18 -6.93,0.27 c -0.95,0.01 -1.53,0.44 -1.76,1.31 c -0.56,-0.11 -1.07,0.01 -1.52,0.35 c -1.13,1 -2.02,2.15 -2.69,3.47 c -0.64,0.22 -1.26,0.18 -1.86,-0.11 c -2.78,-2.64 -5.7,-5.09 -8.79,-7.37 c -1.27,-0.27 -2.4,-0.83 -3.38,-1.67 c -0.95,-2.6 -2.09,-5.13 -3.41,-7.59 c -0.68,-1.55 -0.38,-2.86 0.91,-3.92 c 1.34,-0.59 2.68,-0.97 4.03,-1.16 c 0.61,-0.41 0.98,-0.98 1.11,-1.71 c 1.73,1.01 0.61,-5.44 0.92,-6.18 c 0.47,-4.68 5.92,-0.93 7.93,-3 c 0.1,-7.62 0.12,-15.25 0.07,-22.87 c -0.24,-0.39 -0.58,-0.5 -1,-0.31 c -0.14,-0.68 -0.5,-1.19 -1.09,-1.55 c -0.56,-4.76 -5.63,-8.2 -9.11,-11.05 c -0.65,-0.37 -1.33,-0.46 -2.06,-0.26 c -7.34,5.64 -13.56,11.92 -20.04,18.77 c -1.29,2.31 -2.92,4.34 -4.89,6.11 c -1.33,1.08 -2.25,0.78 -2.79,-0.92 c -1.65,-6.95 -6.21,-13.04 -7.61,-20.35 c -4.09,-4.78 -7.93,-12.17 -7.52,-18.59 c 0.1,-3 0.15,-6.01 0.15,-9.02 c 0.02,-0.87 -0.39,-1.3 -1.25,-1.3 c -0.32,-0.15 -0.64,-0.29 -0.96,-0.44 c -3.48,-3.31 -6.92,-6.71 -10.32,-10.2 c -6.6,3.84 -12.91,10.54 -19.34,14.83 c -11.23,-0.28 -22.46,-0.4 -33.71,-0.35 c -0.91,-0.06 -1.31,0.34 -1.21,1.21 c -1.82,0.87 -3.73,1.5 -5.71,1.91 c -9.63,1.21 -15.9,4.15 -23.74,10.07 c -9.83,6 -9.86,-2.41 -17.4,-3.87 c -0.16,-0.49 -0.47,-0.84 -0.94,-1.06 c -3.45,-0.26 -6.91,-0.26 -10.36,0.03 c -0.45,-0.13 -0.89,-0.25 -1.34,-0.38 c 0.13,-0.38 0.01,-0.64 -0.37,-0.8 c -2.92,-0.12 -5.82,-0.03 -8.72,0.26 c -1.05,0.07 -2.08,-0.05 -3.08,-0.34 c -2.48,-0.78 -4.91,-1.65 -7.31,-2.64 c -2.56,-0.65 -2.89,1.67 -3.79,3.37 c -0.77,2.42 -1.49,4.82 -2.16,7.2 c -2.3,-0.03 -1.12,7.09 -0.97,8.49 c 0.31,5.99 -2.75,8.34 -3.12,13.06 c -0.13,0.48 -0.44,0.74 -0.93,0.76 c -0.85,-0.04 -1.29,0.36 -1.32,1.22 c 0.11,1.69 0.11,3.37 0,5.05 c 0.11,1.36 0.86,1.97 2.24,1.82 c 0.7,3.96 5.96,21.37 10.97,24.01 c 2.69,2.02 21.88,15.07 21.82,16.29 c 0.11,0.55 -0.07,0.98 -0.54,1.28 c -4,0.12 -8.01,0.14 -12.02,0.05 c -0.83,-0.13 -1.21,0.19 -1.14,0.96 c -0.67,0.29 -1.22,0.72 -1.65,1.31 c -0.85,-0.06 -1.68,1.77 -2.24,2.41 c 0.69,2.15 -2.7,10.71 -0.37,11.75 c 0.95,0.31 1.82,0.75 2.64,1.31 c 3.56,-0.69 4.08,2.16 6.1,4.12 c 1.64,1.77 -1.2,3.21 -2.2,4.33 c -6.45,4.53 -10.69,9.34 -15.87,15.06 c -1.05,0.67 -2.12,1.32 -3.2,1.95 c -2.89,0.06 -2.28,0.8 -2.2,3.31 c 0.05,1.49 1.59,2.46 0.89,4.06 c -5.74,6.59 -10.84,13.37 -15.86,20.44 c -1.07,1.7 -2.44,3.11 -4.11,4.24 c -4.84,-0.27 -9.67,-0.25 -14.5,0.05 c -1,-0.1 -1.99,-0.16 -3,-0.18 c 0.1,-0.85 -0.3,-1.22 -1.2,-1.13 c -4.98,0.11 -9.95,0.09 -14.92,-0.06 c -3.77,1.34 -6.94,0.22 -10.32,-1.52 c -2.64,-0.44 -6.85,1.02 -8.56,-1.6 c -1.64,-4.44 -4.85,-4.13 -8.33,-6.58 c 0.04,-2.19 -2.37,-2.96 -3.26,-4.75 c -0.37,-0.94 0.4,-3.8 -1.4,-3.43 c -0.28,-0.12 -0.56,-0.24 -0.84,-0.37 c 0.15,-0.89 -3.41,-2.42 -4.09,-2.89 c -2.62,-2.25 -2.96,-4.12 -6.49,-5.31 c -1.86,-0.46 -6.32,0.89 -6.64,-1.97 c 0.54,-1.98 -0.17,-2.75 -2.11,-2.31 c -0.64,0.6 -1.33,1.11 -2.07,1.53 c -2.2,0.01 -4.35,0.37 -6.42,1.11 c -4.16,0.36 -8.33,0.37 -12.49,0.03 c -1.79,-1.07 -3.47,-2.26 -5.02,-3.58 c -0.65,-0.03 -1.29,0.02 -1.93,0.16 c -1.56,0.96 -3.07,1.99 -4.54,3.1 c -1.44,0.12 -2.44,-0.52 -3.02,-1.93 c -0.16,-0.39 -0.13,-0.77 0.08,-1.13 c -0.16,-2.65 -0.22,-5.31 -0.19,-7.97 c -0.1,-0.78 -0.39,-1.49 -0.87,-2.13 c 0.01,-0.91 0.05,-1.81 0.11,-2.72 c -3.38,-7.48 -22.89,-19.27 -24.68,-24.4 c 0.38,-0.77 0.37,-1.52 -0.04,-2.27 c -1.21,-0.72 -3.34,-2.32 -4.72,-2.23 c -1.64,0.43 -0.98,-2.58 -0.82,-3.34 c 0.8,-2.5 -2.37,-2.85 -0.07,-4.9 c 1,-0.71 2.18,-0.39 2.43,-1.85 c 0.6,-0.23 1.15,-0.58 1.66,-1.04 c 2.49,0.06 3.47,2.37 5.03,3.87 c 3.05,3.2 5.24,-0.52 7.99,1.01 c 1.21,2.04 2.57,3.97 4.06,5.81 c 1.97,0.57 3.85,1.36 5.63,2.36 c 6.14,0.09 15.58,4.01 20.68,7.47 c 2.26,1.5 -0.38,3.06 -1.25,4.38 c -0.61,-0.01 -1.2,-0.16 -1.77,-0.44 c -0.35,-1.32 -2.43,-1.47 -3.24,-0.43 c 0.05,0.94 -0.96,5.99 1.27,5.04 c 0.18,-0.01 0.36,-0.02 0.55,-0.02 c 0.1,0.38 0.21,0.76 0.32,1.14 c -0.14,0.9 0.26,1.33 1.19,1.3 c 2.45,-0.35 7.69,0.47 9.72,-0.5 c 4.18,4.86 7.75,10.23 11.84,15.13 c 0.91,1.23 1.49,2.59 1.73,4.07 c 3.25,1.51 2.08,-3.18 1.73,-4.7 c -4.26,-4.17 -7.19,-10.73 -11.95,-14.98 c 0.1,-1.79 0.15,-3.59 0.13,-5.41 c -1.44,-0.8 -2.88,-1.63 -4.31,-2.48 c -5.03,-6.51 -15.87,-11.63 -23.88,-11.92 c -1.94,-1.16 -6.29,-2.03 -7.56,-3.58 c -2.05,-3.96 -2.43,-6.25 -7.56,-5.73 c -4.36,0.75 -2.32,-4.43 -6.51,-4.24 c -1.69,0.36 -3.39,0.58 -5.11,0.66 c -0.38,0.16 -0.52,0.44 -0.42,0.84 c -3.09,1.01 -3.46,0.52 -4.93,-2.12 c -1.27,-1.11 -2.63,-2.07 -4.06,-2.88 c -1.33,-3.94 1.77,-3.88 4.04,-5.85 c 1.05,-0.96 2.28,-1.32 3.69,-1.08 c 1.09,0.05 2.07,-0.24 2.92,-0.86 c 0.08,-2.65 0.13,-5.3 0.16,-7.95 c 0.16,-0.15 0.32,-0.3 0.48,-0.45 c 0.85,-0.09 2.74,0.14 2.28,-1.35 c 0.18,-0.46 0.5,-0.63 0.97,-0.51 c 3.37,0.58 3.27,-2.58 6.43,-1.95 c 0.69,0.16 1.37,0.31 2.05,0.47 c 1.41,-0.84 1.49,-1.64 3.42,-1.52 c 1.44,0.13 2.73,-0.26 3.85,-1.15 c 5.81,-0.98 3.61,0.48 4.3,4.52 c 0.21,0.45 0.57,0.65 1.06,0.6 c -0.23,0.71 -0.04,1.29 0.56,1.74 c 5.91,1.47 1.94,-3.49 4.83,-2.98 c 0.91,0.53 4.57,1.2 4.39,2.46 c -1.86,1.75 -3.76,3.48 -5.7,5.2 c -0.7,0.64 -1.31,3.06 -2.63,2.26 c -0.55,0.01 -0.96,0.25 -1.24,0.73 c -0.31,2.55 -0.22,5.1 0.27,7.63 c -0.52,-0.19 -0.93,-0.05 -1.24,0.41 c -1.59,3.6 3.54,2.26 5.27,2.15 c 0.8,-0.61 0.4,-5.94 0.58,-7.15 c -0.02,-0.09 -0.03,-0.18 -0.05,-0.26 c 1.02,-0.18 1.97,-0.49 2.85,-0.95 c 0.69,-1.96 1.09,-3.97 1.2,-6.03 c 1.55,-0.1 2.82,-0.73 3.82,-1.89 c 0.24,-1.95 0.84,-4.64 -1.87,-4.87 c -0.33,0.23 -0.67,0.45 -1,0.68 c 1.05,-2.45 0.29,-3.61 -2.26,-3.48 c -0.89,-0.63 -1.87,-1 -2.95,-1.11 c -1.06,0.08 -1.72,-0.41 -1.96,-1.49 c -0.32,-3.8 3.73,-1.08 3.21,-3.51 c 0.42,-1.54 0.93,-4.52 -1.23,-4.94 c -1.74,-1.87 -3.55,-3.75 -5.43,-5.62 c -1.76,-2.55 -0.06,-7.22 2.65,-8.69 c 2.25,-0.2 7.12,-6.51 4.02,-7.39 c -1.5,-2.57 -4.17,-1.31 -6.48,-0.76 c -0.74,0.88 -1.43,1.8 -2.07,2.76 c -3.49,1.23 -4.76,-1.05 -6.59,-3.4 c -0.86,-0.25 -1.6,-0.69 -2.21,-1.33 c 0.13,-0.92 0.25,-1.85 0.36,-2.78 c 0.92,-1.28 3.08,-0.02 4.4,-0.56 c 2.87,-1.08 0.21,-5.06 2.77,-5.2 c 0.79,0.4 1.3,1.04 1.53,1.91 c 3.49,0.38 0.78,-3.45 2.81,-4.43 c 1.15,0.74 2.37,1.39 3.66,1.94 c 1.98,1.44 1.55,2.29 1.04,4.36 c 0.44,1.23 0.73,2.5 0.88,3.82 c 0.52,0.53 1.17,0.78 1.94,0.73 c 0.15,0.71 0.58,0.98 1.31,0.81 c 1.55,-1.16 1.72,-2.01 4.01,-2.2 c -1.26,2.31 6.46,1.91 7.17,1.96 c 2.59,-0.75 5.24,-0.99 7.96,-0.72 c 2.36,-0.05 4.67,-0.38 6.94,-0.99 c 2.25,-0.1 4.51,-0.2 6.77,-0.31 c 1.08,-0.34 2.13,-0.77 3.14,-1.26 c 0.42,-0.2 0.85,-0.24 1.29,-0.12 c 2.78,-0.31 5.55,-0.33 8.33,-0.08 c 0.23,-0.03 0.47,-0.05 0.7,-0.08 c 0.12,0.66 0.46,1.14 1.02,1.46 c 2.65,-0.15 1.89,1.4 3.21,3.02 c 0.09,1.59 0.18,3.19 0.26,4.79 c -0.28,0.96 -0.58,1.9 -0.91,2.85 c 1.25,0.71 2.42,1.56 3.49,2.55 c 0.47,1.68 0.73,3.41 0.79,5.16 c 1.26,1.83 2.99,2.63 5.2,2.38 c -0.01,0.08 -0.02,0.16 -0.03,0.23 c 0.86,3.75 1.72,7.49 2.59,11.24 c -0.33,2.17 -0.42,4.35 -0.29,6.55 c -0.64,3.64 -5.8,13.84 -5.79,16.49 c 0.07,0.76 0.49,1.14 1.27,1.15 c 2.39,-0.36 2.2,-1.94 3.37,-3.53 c 0.04,-2.12 1.07,-3.26 2.1,-4.99 c 0.15,-1.23 0.26,-2.45 0.33,-3.69 c 0.36,-1.72 0.82,-3.42 1.38,-5.1 c 0.44,0.12 0.81,0 1.09,-0.36 c 0.5,-1.79 0.3,-5.8 0.14,-7.78 c -0.25,-0.48 -0.65,-0.67 -1.18,-0.58 c -0.81,-2.92 -1.41,-5.89 -1.8,-8.9 c 1.16,0.05 2.3,-0.06 3.42,-0.32 c 2.32,-0.75 1.77,-7.67 1.94,-9.68 c 0,-0.29 0,-0.57 0.01,-0.85 c 2.71,0.71 1.38,-4.34 1.65,-5.71 c -0.35,-1.52 -1.26,-2.51 -2.74,-2.99 c 0.76,-1.28 2.15,-5.6 -0.23,-5.85 c -0.33,0.21 -0.65,0.43 -0.98,0.64 c -1.02,-0.08 -1.87,-0.5 -2.54,-1.26 c -0.09,-1.5 -0.23,-3 -0.42,-4.5 c -0.97,-0.35 -1.95,-0.66 -2.94,-0.95 c 0.25,-0.38 0.51,-0.77 0.78,-1.14 c 0.2,-4.97 0.84,-4.42 5.51,-4.55 c 1.99,-1.83 -1.37,-7.09 2.53,-7.14 c 0.44,0.1 0.88,0.19 1.32,0.28 c -0.08,0.8 0.31,1.14 1.16,1.03 c 3.68,0.05 7.33,-0.09 10.97,-0.41 c 1.61,1.24 3.01,2.67 4.2,4.3 c 0.75,1.49 2.34,1.91 2.36,3.76 c 0.02,2.6 0.08,5.18 0.18,7.76 c 0.32,0.4 0.72,0.48 1.19,0.26 c -0.67,1.63 -0.15,2.42 1.57,2.39 c 0.59,0.94 1.28,1.81 2.09,2.62 c -0.15,1.09 0.16,2.03 0.92,2.83 c 0.05,1.3 0.12,2.61 0.18,3.91 c 1,0.99 2.01,1.02 3.04,0.09 c 0.14,-1.66 0.15,-3.32 0.03,-4.98 c 0.55,-0.45 0.68,-0.98 0.41,-1.62 c -1.98,-2.81 -5.62,-4.16 -6.25,-7.73 c -0.16,-1.55 0.42,-4.59 -1.12,-5.46 c 0.74,-2.14 -1.4,-2.94 -1.88,-4.68 c -0.26,-0.79 -0.8,-1.26 -1.62,-1.41 c -1.13,-1.41 -2.19,-2.92 -3.18,-4.53 c -0.2,-0.28 -0.26,-0.58 -0.19,-0.91 c -0.55,-2.56 0.42,-2.23 1.52,-3.91 c 0.49,-1.01 1.07,-3.43 2.4,-3.59 c 0.92,0.35 1.28,1.01 1.08,1.98 c -0.07,0.51 -0.08,1.02 -0.02,1.53 c 0.94,0.34 1.88,0.72 2.83,1.17 c 1.25,0.67 0.66,2.61 2.18,2.48 c 1.27,2.38 5.65,10.43 9.16,9.13 c 0.34,-0.35 0.36,-0.71 0.05,-1.08 c -2.74,-2.52 -5.6,-4.95 -6.62,-8.68 c 0.09,-1.24 0.09,-2.48 -0.01,-3.72 c 0.06,-0.45 0.32,-0.75 0.76,-0.88 c 1.63,-0.17 3.22,-0.51 4.78,-1.02 c 0.99,-0.96 -0.28,-1.91 -1.18,-1.07 c -0.7,-0.51 -2.53,-0.8 -2.21,0.63 c -3.62,0.48 -2.76,-0.55 -3.78,-3.06 c -1.05,-0.72 -4.4,-3.14 -5.55,-2.84 c -2.26,2.08 -2.02,-1.39 -2.08,-2.65 c -0.28,-0.5 -0.66,-0.92 -1.14,-1.25 c -2.07,1.5 -3.14,3.52 -3.2,6.09 c -1.13,1.86 -2.32,7.16 -4.99,7.12 c -3.41,0.88 -4.34,-0.03 -7.09,-1.68 c -0.47,-0.19 -0.95,-0.27 -1.45,-0.23 c -1.01,-0.52 -2.02,-1.05 -3.05,-1.6 c -0.3,-0.15 -0.43,-0.4 -0.39,-0.73 c -0.42,-2.23 -0.62,-4.47 -0.6,-6.73 c -0.46,-0.5 -1.04,-0.7 -1.74,-0.61 c 0.08,-0.42 -0.08,-0.71 -0.49,-0.89 c -2.59,-0.14 -5.19,-0.25 -7.79,-0.33 c -1.27,0.41 -2.57,0.57 -3.91,0.48 c -2.45,2.19 -3.73,-0.34 -6.3,-0.02 c -3.29,1.36 -5.29,1.44 -8.87,0.72 c -0.84,-0.42 -0.39,-2.04 -1.37,-1.75 c -0.21,-4.89 -0.39,-9.77 -0.54,-14.66 c -0.4,-0.81 -1.94,-0.58 -2.44,0.06 c -0.26,5.59 -0.35,11.2 -0.27,16.82 c -0.73,0.39 -1.44,0.82 -2.12,1.3 c -0.19,0.5 -0.21,1.01 -0.08,1.53 c -0.7,0.49 -1.44,0.96 -2.24,1.41 c -0.89,-0.23 -1.64,-0.69 -2.27,-1.36 c -1.87,-0.51 -4.94,0.65 -6.49,-0.58 c -0.46,-0.92 -0.92,-1.83 -1.39,-2.75 c -1.35,-1.34 -2.94,-2.26 -4.75,-2.76 c -2.27,1.88 -5.96,0.2 -4.25,-2.41 c 1.42,-1.3 2.94,-2.46 4.56,-3.51 c 1.12,-0.46 4.21,0.03 4.73,-1.06 c -0.06,-1.23 -0.27,-2.43 -0.61,-3.6 c 0.8,-1.02 1.21,-2.19 1.22,-3.49 c 0.7,0.02 1.37,-0.09 2.02,-0.32 c 0.78,-0.65 1.64,-1.14 2.57,-1.48 c -0.02,-2.81 0.09,-5.61 0.33,-8.4 c -0.29,-1.73 1.33,-3.08 2.04,-4.56 c 0.95,-0.25 1.5,-0.86 1.63,-1.82 c -0.08,-6.05 0.06,-12.09 0.42,-18.12 c 0.08,-1.2 -0.34,-2.18 -1.25,-2.92 c -2.25,-2.75 -1.27,-4.84 0.72,-7.18 c -0.17,-4.15 2.16,-6.73 1.42,-11.05 c -0.46,-2.11 0.59,-5.39 -1.09,-6.96 c -0.14,-0.44 -0.17,-0.89 -0.1,-1.34 c 1.17,0.13 2.31,0.02 3.44,-0.32 c 1.27,-1.31 2.62,-2.53 4.06,-3.67 c 0.61,-2.11 1.1,-4.25 1.46,-6.43 c 0.22,-0.46 0.53,-0.85 0.93,-1.17 c 1.47,-0.27 2.97,-0.38 4.49,-0.34 c 0.95,-0.3 1.93,-0.42 2.93,-0.36 c 0.66,-1.04 1.48,-1.93 2.47,-2.67 c 1.46,-0.44 2.84,-1.03 4.16,-1.77 c 1.41,-2.17 5.03,-2.99 4.32,-5.99 c -0.27,-0.95 -0.48,-1.9 -0.62,-2.87 c 0.26,-1.63 2.06,-1.8 1.72,-3.58 c 1.81,-0.16 3.6,-0.32 5.37,-0.48 c 0.27,-1.86 -1.63,-1.52 -1.76,-3.16 c -0.41,-2.62 -0.36,-5.25 0.13,-7.87 c 0.71,-2.08 0.62,-2.82 2.66,-4.02 c 0.19,-1.58 0.31,-3.17 0.35,-4.77 c 1,-1 1.73,-2.17 2.2,-3.5 c -0.03,-0.3 -0.06,-0.6 -0.1,-0.9 c 1.94,-0.78 0.63,-4.05 0.87,-5.6 c 1.64,-2.11 1.13,-6.33 1.19,-8.9 c -1.04,-2.88 5.17,-3.84 6.59,-5.36 c 1.41,-2.01 3.98,-10.07 6.7,-10.4 c 0.97,0.42 1.94,0.8 2.93,1.13 c 2.31,-0.2 4.61,-0.11 6.89,0.28 c 0.88,-0.36 3.91,3.3 4.81,3.86 c 0.68,1.24 1.08,3.3 -0.05,4.39 c -1.1,0.98 -2.26,1.9 -3.47,2.76 c -4.61,3.36 -4.81,-4.47 -8.99,-5.09 c -0.72,0.56 -1.29,1.27 -1.72,2.1 c -4.1,1.09 -3.32,0.02 -4.66,4.25 c 0.3,1.1 0.92,2 1.87,2.7 c 1.92,0.99 8.68,4.64 7.8,7.32 c 0.27,1.12 -0.53,2.5 0.6,3.25 c 2.56,-0.01 5.11,0.11 7.66,0.34 c 0.83,-0.27 4.68,3.43 4.48,4.46 c 0.04,1.82 3.56,0.99 4.67,1.42 c 1.2,0.94 2.55,1.22 4.05,0.84 c 1.57,-1.84 0.55,-3.43 -1.83,-3.1 c -1.74,-1.88 -3.64,-3.63 -5.71,-5.25 c -0.49,-0.71 -0.72,-1.49 -0.7,-2.35 c 0.04,-1.61 -0.04,-3.21 -0.25,-4.81 c -0.06,-3.07 2.45,0.59 3.41,0.89 c -0.48,3.1 1.44,2.71 2.55,5.15 c 2,1.39 2.5,-0.49 2.44,-2.1 c -0.01,-3.63 -0.23,-7.25 -0.66,-10.85 c 0.42,-2.99 3.8,-1.37 5.71,-1.32 c 5.55,0.36 8.53,2.43 12.15,6.43 c 1.62,0.05 0.74,-3.14 2.61,-2.25 c 0.71,0.63 1.23,1.4 1.56,2.29 c 2.54,0.68 2.98,1.71 4.83,3.2 c 1.45,0.16 2.62,-0.33 3.52,-1.47 c 1.79,-0.52 1.21,-3.47 0.93,-4.78 c -1.18,-2.14 -2.98,-3.01 -5.38,-2.59 c -2.04,0.45 -6.53,-4.4 -2.73,-4.66 c 1.25,-0.4 3.2,0.14 4.06,-1 c 0.81,-2.91 -0.21,-3.93 -3.07,-3.06 c -4.52,-0.16 -6.57,4.32 -11.59,0.97 c -1.61,0.07 -3.21,0.04 -4.81,-0.09 c -1.99,-1.74 -3.83,-3.62 -5.53,-5.65 c -1.51,-1.11 -2.29,0.98 -3.51,1.52 c -2.97,0.87 -5.2,-0.06 -6.69,-2.79 c -0.04,-2.17 1,-3.21 3.13,-3.12 c 0.27,-0.05 0.54,-0.1 0.82,-0.16 c 0.13,0.26 0.26,0.51 0.39,0.77 c -0.11,0.51 0.05,0.89 0.49,1.17 c 1.5,-0.11 5.27,0.5 6.3,-0.57 c 0.1,-3.04 0.01,-2.85 2.07,-5 c 0.14,-0.74 -0.15,-1.19 -0.87,-1.36 c -1.86,-2.3 -2.52,-4.56 -5.1,-6.41 c -4.76,-0.74 -0.74,-4.63 1.3,-3.39 c 1.9,2.2 5.03,7.09 7.32,8.86 c 3.02,1.38 3.25,-3.5 6.05,-1.86 c 1.61,-0.36 6.63,0.27 7.61,-0.86 c 2.4,-0.02 4.78,-0.18 7.16,-0.49 c 0.45,-0.28 0.61,-0.68 0.49,-1.19 c 3.31,-1.98 6.59,-4.09 9.83,-6.31 c 3.02,-3.3 6.11,-6.54 9.28,-9.72 c 0.28,-0.3 0.62,-0.4 1.02,-0.3 c 1.83,-0.13 5.16,-3.36 5.13,-5.26 c -0.06,-0.45 0.11,-0.8 0.5,-1.04 c 1.68,-0.43 3.69,-2.9 5.25,-2.78 c 1.12,0.05 2.16,-0.18 3.12,-0.71 c 1.77,-2.16 3.2,-2.33 3.34,-5.57 c -0.15,-4.33 10.6,-10.26 13.99,-12.14 c 1.8,-1.36 3.66,-2.55 5.58,-3.6 c 1.34,-0.54 2.7,-1.11 4.06,-1.68 c 1.65,-1.76 2.73,-3.11 5.02,-3.98 c 0.44,-0.6 0.96,-1.11 1.57,-1.52 c 1.88,-0.53 3.46,-1.51 4.75,-2.94 c 0.21,0.05 0.42,0.11 0.63,0.16 c 1.97,0.16 3.82,-0.23 5.54,-1.19 c 1.76,-0.01 3.44,-0.34 5.04,-0.99 c 1.29,-0.1 2.58,-0.16 3.86,-0.2 c 4.33,-2.8 11.06,-2.41 16,-1.88 Z M 342.88,309.37 c 0.2,-0.87 0.07,-1.69 -0.38,-2.45 c -1.52,-1.97 -3.48,-2.56 -5.88,-1.76 c -0.41,0.26 -0.58,0.63 -0.5,1.11 c -2.43,1.82 -4.67,3.88 -6.73,6.17 c 0.84,0.84 0.97,1.77 0.38,2.81 c -1.52,0.72 -2.88,1.67 -4.09,2.86 c -1.53,2.08 -6.67,5.74 -4.97,8.68 c 2.06,1.55 2.81,1.51 2.6,4.48 c 0.24,0.45 0.69,1.62 1.38,1.35 c 0.37,2.59 0.48,5.18 0.33,7.79 c 0.91,1.18 3.33,-0.11 3.08,1.91 c -0.73,1.36 -1.37,2.76 -1.92,4.19 c 0.37,1 1.14,4.71 2.77,2.96 c 0.56,-1.67 1.56,-3.06 2.98,-4.15 c 1.39,-0.96 2.2,-0.6 2.45,1.07 c -0.27,1.66 -0.6,3.28 -1.01,4.87 c 0.71,0.67 2.79,3.09 0.2,2.76 c -1.71,-1.34 -2.67,0.85 -2.18,2.28 c 2.58,3.69 0.08,6.44 -2.64,8.91 c -2.7,3.22 -0.88,4.03 -0.33,7.04 c 0.37,0.88 1.5,0.17 1.92,-0.24 c 0.98,-2.02 3.45,-5.88 6.16,-5.37 c 0.91,0.46 1.86,0.81 2.83,1.04 c 1.35,-1.75 -0.53,-2.99 -1.37,-4.4 c -0.97,-1.79 0.93,-5.65 2.73,-3.56 c 1.06,3.43 0.93,3.13 3.85,5.18 c 2.22,3.3 -0.01,6.1 -3.81,5.39 c -1.31,1.91 0.39,2.71 1.47,4 c 3.1,1.57 4.14,-0.65 6.53,-2.02 c 1.82,-0.5 1.66,1.1 3.06,1.43 c 0.1,0.31 0.2,0.61 0.3,0.92 c -0.7,2.17 4.36,1.15 5.36,1.34 c 1.17,-0.83 0.35,-2.08 0.25,-3.22 c 3.84,0.89 5.44,-0.32 8.66,-1.95 c 0.45,-0.25 0.61,-0.63 0.49,-1.12 c 0.18,-0.42 0.5,-0.6 0.95,-0.55 c 2.61,0.09 7.59,0.37 9.77,-1.11 c 0.99,0.26 1.95,0.6 2.9,1.01 c 1.39,-0.4 4.93,0.99 4.53,-1.54 c 0.01,-2.12 -0.2,-4.19 -0.64,-6.21 c -2.56,-0.18 -5.11,-0.35 -7.67,-0.54 c -1.47,-1.99 -1.05,-4.6 -0.98,-7.02 c -0.79,-0.55 -1.59,-0.55 -2.4,-0.01 c -0.78,1.66 -3.02,8 -5.49,7.03 c -1.11,-1.87 -1.52,-3.89 -1.24,-6.06 c -0.69,-1.7 -1.96,1.69 -2.2,2.07 c 0.1,3.28 -0.32,4.5 -2.23,7.07 c -2.88,2.4 -4.29,-7.09 -6.75,-2.11 c -0.25,1.41 0.38,4.43 -1.83,4.52 c -1.2,-0.12 -2.09,-0.7 -2.67,-1.74 c 0.28,-2.08 0.51,-4.18 0.72,-6.3 c 0.3,-1.39 -1.43,-2.72 1.76,-2.35 c 0.84,0.07 1.63,0.33 2.36,0.77 c 1.73,-0.13 2.36,-1.07 1.88,-2.82 c -0.69,-1.34 -1.22,-2.73 -1.62,-4.17 c 1.18,-1.36 2.66,-2 4.46,-1.9 c 1.23,0.51 2.33,1.14 3.31,1.9 c 0.41,1.28 1.29,1.73 2.63,1.36 c 0.48,-0.69 0.71,-1.47 0.69,-2.35 c 0.63,-0.74 1.23,-1.5 1.79,-2.3 c 0,-2.39 0.27,-2.22 2.57,-2.09 c 0.77,-0.29 1.5,-0.69 2.16,-1.19 c 0.4,-1.79 0.62,-3.61 0.65,-5.48 c -0.11,-0.83 -0.52,-1.43 -1.23,-1.8 c -0.81,-1.14 -1.91,-1.62 -3.3,-1.44 c -0.82,0.86 -0.76,2.6 -2.25,2.69 c -3.68,-1.59 -1.05,-3.66 -2.17,-4.69 c -1.58,-0.26 -3.02,0.08 -4.3,1.01 c -0.5,-0.36 -0.94,-0.79 -1.32,-1.29 c 1.09,-2.1 0.38,-3.34 0.36,-5.49 c 1.21,-1.66 3.24,0.85 3.25,-2.49 c 0.58,-0.92 1.33,-1.66 2.26,-2.23 c 1.26,0.37 2.2,1.15 2.81,2.36 c 0.24,0.35 0.56,0.52 0.97,0.5 c 1.17,-0.95 0.54,-2.26 2.26,-2.8 c 0.97,-0.04 1.52,-0.53 1.66,-1.5 c -0.15,-1.75 0.64,-5.83 -1.21,-6.73 c -0.4,-0.63 -1,-0.96 -1.79,-0.99 c -1.84,0.08 -5.61,1.3 -6.85,-0.65 c -0.75,-1.1 0.05,-3.11 -1.66,-3.32 c -1.22,-1.81 -1.19,-4.01 -2.03,-6.01 c -0.66,-0.3 -1.31,-0.64 -1.94,-1 c -1.25,-2.31 -2.26,-1.21 -4.1,-0.35 c -2.55,2.01 3.56,6.42 3.62,9.05 c 0.51,2.26 -0.2,4.04 -2.12,5.33 c -2.14,1.17 -2.28,-3.62 -4.99,-0.05 c -1.77,0.97 -2.34,-2.05 -3.36,-2.89 c -1.54,-0.68 -4.54,-0.95 -3.95,-3.41 Z M 304.38,496.67 c -1.01,2.06 3.14,1.21 3.99,1.25 c 2.11,-1.14 3.1,-2.91 2.99,-5.31 c -0.57,-1.71 4.15,-1.84 5.2,-1.91 c -0.01,1.23 0.33,2.32 1.03,3.28 c 1.6,0.02 3.21,0.01 4.81,-0.03 c 0.16,-0.17 0.33,-0.33 0.49,-0.5 c -0.11,-1.21 1.09,-5.85 -1.25,-5.5 c -0.17,-0.02 -0.34,-0.04 -0.51,-0.06 c -1.32,-3.26 2.51,-4.23 4.3,-6 c 0.36,-0.83 0.76,-1.63 1.21,-2.41 c -1.43,-1.4 -4.26,-3.31 -5.99,-1.32 c -0.51,2.45 -2.01,5.68 -5.08,4.84 c -2.45,-4.03 -3.86,-5.47 -8.9,-4.6 c -1.21,1.09 -2.52,2.01 -3.95,2.76 c -1.35,4.18 -3.96,6.43 -1.1,10.78 c 1.74,1.13 2.66,2.7 2.76,4.73 Z"/></g>
<g><path id="Holland Bukit Timah GRC" fill="#23b14e" stroke="#23b14e" stroke-width="0.5" d="M 794.67,285.56 c 1.24,-0.61 8.67,-1.05 9.57,-0.35 c 3.13,3.29 4.75,7.21 4.87,11.75 c -0.21,1.14 -0.26,2.3 -0.14,3.48 c -0.85,1.19 -3.07,0.29 -4.36,0.91 c 0.34,-1.27 0.4,-2.56 0.18,-3.86 c 0.24,-1.53 1.56,-1.84 1.16,-3.55 c -0.17,-0.34 -0.37,-0.67 -0.6,-0.97 c -1.93,-1.01 -3.34,-2.53 -4.24,-4.55 c -0.42,-0.35 -0.88,-0.43 -1.39,-0.25 c -0.26,1.69 -0.69,3.35 -1.29,5 c -0.51,0.82 -1.19,1.46 -2.04,1.92 c -1.12,0.15 -3.62,-0.66 -4.26,0.55 c -0.93,2.9 1.22,2.48 3.15,2.13 c 1.29,0.45 1.98,1.35 2.04,2.72 c -0.6,1.33 -1.28,2.6 -2.04,3.81 c 0.68,0.85 5.76,2.24 5.51,3.27 c -0.23,1.53 0.15,2.87 1.15,4.02 c 0.07,1.19 -0.02,2.37 -0.28,3.54 c 0.36,2.23 -5.49,5.14 -5.62,2.19 c 0.15,-1.18 -0.15,-7.82 -2.43,-7.13 c -0.75,0.49 -1.03,1.17 -0.84,2.06 c -1.41,-0.39 -1.5,4.14 -4.87,3.31 c -2.1,-1.85 -0.42,-3.7 0.53,-5.59 c 0.86,-2.17 1.47,-4.38 1.83,-6.65 c 0.22,-2.19 -0.71,-4.99 -3.14,-2.71 c -0.01,1.84 -0.16,3.67 -0.44,5.49 c 0.15,0.34 0.08,0.63 -0.21,0.87 c -0.93,0.41 -1.77,0.95 -2.51,1.62 c -1.27,2.28 -3.06,5.02 -6.08,3.91 c -3.42,-0.74 -3.55,-2.57 -5.87,-4.07 c -0.39,-0.95 -0.52,-1.94 -0.41,-2.97 c 0.26,-0.79 0.62,-1.5 1.08,-2.12 c 0.9,-0.17 1.39,-0.7 1.48,-1.6 c -1.04,-0.44 -2.07,-0.87 -3.1,-1.29 c -0.38,-1.5 -0.12,-2.87 0.75,-4.11 c 0.11,-0.58 0.07,-1.14 -0.11,-1.7 c 0.81,0.15 1.25,-0.19 1.32,-1 c 0.52,-0.72 0.63,-1.48 0.33,-2.26 c -0.95,0.27 -1.8,0.74 -2.56,1.41 c -0.52,0.31 -0.86,0.75 -1.03,1.34 c -0.26,-0.11 -0.52,-0.21 -0.78,-0.32 c -0.35,0.03 -0.69,0.07 -1.04,0.1 c -0.25,0.04 -0.5,0.08 -0.75,0.13 c -3.12,-0.37 0.07,3.45 -1.71,4.96 c -0.94,0.06 -1.87,0.03 -2.81,-0.08 c -1.83,-0.09 -1.77,-3.93 -3.11,-1.95 c -0.51,2.23 -0.36,4.42 0.46,6.56 c -0.27,1.18 -0.98,1.51 -2.12,0.99 c -2.02,-1.57 -4.01,-3.19 -5.98,-4.83 c -0.96,-0.11 -1.86,0.12 -2.7,0.68 c -1.12,-0.48 -1.15,1.07 -1.92,1.53 c -0.93,-0.21 -1.84,-0.5 -2.74,-0.87 c -0.43,0.17 -0.63,0.49 -0.57,0.95 c -0.75,-0.05 -2.18,0.09 -1.7,1.25 c 2.16,1.56 4.09,3.37 5.8,5.42 c 0.17,1.42 -0.45,2.11 -1.84,2.07 c -2.92,0.29 -5.85,0.38 -8.79,0.29 c -0.87,0.03 -1.36,0.48 -1.47,1.33 c -0.03,0.37 -0.06,0.74 -0.08,1.11 c 0.75,0.63 1.59,1.14 2.53,1.56 c 0.78,1.27 1.85,2.23 3.2,2.88 c 0.53,1.56 0.93,3.16 1.18,4.81 c 0.07,0.31 0.14,0.63 0.21,0.94 c -0.44,1.67 2.03,2.03 2.93,0.82 c -0.07,-2.39 0.04,-4.76 0.34,-7.12 c 0.57,-0.24 1.11,-0.2 1.64,0.11 c 0.61,0.75 1.18,1.52 1.71,2.31 c 1.89,0.36 2.77,-0.44 2.64,-2.41 c 0.06,-1.22 0.05,-2.44 -0.05,-3.66 c -0.21,-0.4 -0.1,-0.65 0.31,-0.74 c 2.67,0.03 5.34,0.04 8,0.05 c 1.72,0.84 -0.82,2.25 -0.99,3.35 c -0.08,-0.03 -0.16,-0.06 -0.24,-0.09 c -0.9,3.39 1.56,3.02 3.37,4.78 c 0.24,0.76 0.76,1.13 1.54,1.12 c 1,-1.45 2.11,-2.81 3.34,-4.07 c 1.58,0.01 3.17,0.05 4.77,0.13 c 2.36,-0.17 5.13,2.44 2.89,4.57 c -0.92,0.77 -1.89,1.43 -2.92,1.99 c -0.11,1.08 0.16,2.06 0.8,2.94 c -0.52,1.88 2.38,0.98 3.3,1.34 c 1.19,0.87 0.42,2.24 0.67,3.48 c 0.04,0.53 -0.12,0.96 -0.5,1.31 c -1.14,-1.01 -4.5,-1.81 -4.48,0.56 c 0.38,1.91 -1.97,2.29 -3.18,1.19 c -0.96,-1.25 -2.63,-3.66 -2.91,-5.16 c 0.25,-3.67 0.19,-2.85 -2.61,-4.27 c -1.98,-0.14 -3.97,-0.26 -5.95,-0.36 c -1.16,0.93 -0.32,2.33 0.92,2.51 c 0.73,0.76 1.5,1.54 2.3,2.34 c 0.19,0.29 0.23,0.6 0.11,0.92 c -0.02,1.28 0.1,2.54 0.37,3.79 c 1.37,1.51 1.13,2.71 -0.74,3.6 c -1.26,-0.07 -2.52,-0.12 -3.78,-0.16 c -1.12,0.58 -2.25,0.6 -3.39,0.07 c -0.31,0.03 -0.63,0.06 -0.94,0.08 c -0.88,0.21 -1.61,0.67 -2.2,1.39 c -0.31,-1.29 -1.14,-1.8 -2.48,-1.53 c -1.23,-0.05 -3.03,-2.31 -3.71,-3.29 c -0.2,-1.38 -0.33,-2.75 -0.39,-4.13 c -0.95,1.58 -2.01,3.08 -3.19,4.48 c -1.51,0.52 -1.61,-2.04 -2.83,-2.52 c -1.17,0.49 -2.87,3.22 -3.73,0.89 c 0.18,-0.52 0.23,-1.06 0.14,-1.61 c -0.64,-1.17 -1.12,-2.38 -1.44,-3.63 c -1.63,-0.14 -4.26,-0.44 -3.12,2.14 c -0.06,0.42 -0.07,0.85 -0.05,1.27 c 0.16,0.59 1.85,2.76 0.06,2.57 c -0.78,0.02 -3.87,-0.44 -3.13,1.25 c -0.46,-0.23 -0.83,-0.13 -1.12,0.3 c -0.37,0.92 -0.23,1.73 0.43,2.42 c 3.94,0.07 7.89,0.06 11.83,-0.03 c 0.51,0.38 2.59,0.86 2.27,1.69 c 0,1.17 0.44,2.16 1.3,2.97 c -1.01,0.2 -1.95,0.54 -2.83,1.03 c -0.2,1.58 -0.17,3.16 0.09,4.74 c -2.95,-0.61 -7.45,-0.41 -10.52,-0.16 c 0.58,-1.89 -0.08,-2.64 -1.98,-2.24 c -1.73,2.77 -0.92,1.77 -4.1,2.21 c -0.41,0.3 -0.56,0.7 -0.47,1.19 c -0.26,2.15 -2.78,2.03 -4.39,1.96 c -0.78,0.58 -1.58,1.12 -2.4,1.64 c -1.53,-0.28 -3.08,-0.5 -4.66,-0.64 c -0.98,1.14 -2.02,2.24 -3.11,3.3 c -0.14,1.43 0.49,2.23 1.88,2.4 c 1.7,-0.02 3.39,-0.04 5.08,-0.08 c 0.94,-0.44 1.92,-0.75 2.94,-0.94 c 1.22,-0.17 4.71,1.09 4.72,-1.09 c -0.12,-0.55 0.11,-0.8 0.67,-0.74 c 3.53,-0.23 7.06,-0.25 10.59,-0.06 c 1.36,0.63 1.85,1.69 1.5,3.17 c 0.1,2.48 -7.84,5.7 -9.56,7.69 c -2.16,1.21 -4.82,-1.51 -6.95,-1.88 c -1.16,-0.32 -2.18,-0.06 -3.05,0.77 c -1.24,0.17 -2.48,0.27 -3.73,0.3 c -2.54,2.85 0.01,4.95 3.25,3.82 c 0.04,1.17 -0.41,4.45 1.51,4.28 c 3.56,0.22 1.83,-2.27 4.22,-3.14 c 1.47,0.55 3.01,0.87 4.61,0.96 c 1.33,0.31 2.23,1.14 2.7,2.48 c 0.45,1.25 -1.47,2.92 -1.77,4.1 c -3.39,0.85 0.66,7.33 -2.05,9.93 c -0.2,1.6 -0.32,3.2 -0.36,4.81 c 0.32,0.85 0.2,1.63 -0.37,2.34 c -1.04,1.92 -2.38,3.59 -4.02,5.01 c 0.15,0.66 0.38,1.3 0.69,1.92 c -0.92,3.68 4.24,2.89 4.63,0.57 c 0.11,-1.9 0.32,-3.79 0.61,-5.67 c -0.57,-4.33 6.88,-6.38 6.39,-3.95 c -0.43,3.57 3.8,2.96 3.36,0.9 c 0.55,-4.08 -5.07,-4.82 -5.08,-7.93 c 0.69,-0.68 1.33,-1.4 1.93,-2.15 c 0.08,-1.37 0.4,-2.68 0.94,-3.94 c -0.03,-1.31 0.04,-2.62 0.2,-3.92 c 0.93,-1.5 1.32,-3.14 1.15,-4.94 c 0.5,-1.07 1.25,-1.97 2.25,-2.67 c 2.54,-1.75 4.22,0.76 4.96,2.96 c 0,0.57 -0.01,1.15 -0.02,1.72 c -0.16,1.02 -1.43,7.08 0.94,6.33 c 0.03,0.62 0.28,1.15 0.78,1.57 c 0.1,1.59 0.18,3.19 0.24,4.79 c 0.7,2.12 1.18,4.25 1.45,6.4 c 0.99,0.41 1.48,-2.39 2.53,-2.79 c 1.37,-0.88 3.71,-1.46 1.55,-3.27 c -2.44,-0.99 -3.84,-2.78 -4.19,-5.39 c 0.53,-3.08 2.13,-3.52 3.85,-5.76 c -2.2,-2.46 -4.67,-4.03 -1.5,-7.21 c 4.49,-0.93 2.87,-5.05 -0.29,-4.22 c -2.05,0.06 -1.43,-2.68 -0.84,-3.77 c 0.45,0.02 0.87,-0.07 1.27,-0.27 c 2.25,-2.17 4.94,-3.1 8.06,-2.77 c 0.85,0.02 1.13,0.46 0.85,1.33 c -0.18,0.51 -0.05,0.91 0.41,1.2 c 0.92,0.35 1.75,0.22 2.48,-0.4 c -0.05,-3.83 -0.47,-4.06 2.61,-6.38 c 2.6,-0.04 5.2,-0.01 7.78,0.09 c 1.25,-0.95 0.44,-2.24 0.59,-3.56 c 0.22,-1.4 5.82,-2.17 4.13,2.85 c -1.34,1.25 -2.55,2.61 -3.63,4.08 c 0.76,0.89 1.37,1.86 1.85,2.93 c 0.61,4.59 -1.19,7.83 -4.6,10.76 c -0.63,0.86 -0.65,1.71 -0.08,2.55 c 1.83,0.49 4.84,2.84 4.07,5 c 0.23,2.55 0.36,5.11 0.38,7.66 c 0.28,0.48 0.7,0.67 1.25,0.57 c 0.59,0.43 0.99,1 1.2,1.72 c 0.13,-0.45 0.2,-0.91 0.21,-1.38 c 0.87,0.03 1.57,-0.29 2.1,-0.97 c 0.46,-1.14 1.15,-2.11 2.06,-2.93 c 0.55,-2.64 -0.26,-3.27 -1.81,-5.08 c -0.66,-1.31 -1.31,-2.63 -1.95,-3.94 c -0.13,-1.21 -0.18,-2.43 -0.16,-3.65 c 0.3,-3.76 1.08,-7.88 4.12,-10.41 c 0.69,-0.09 1.31,-0.37 1.84,-0.83 c 1.54,-1.52 3.11,-2.98 4.71,-4.39 c 2.76,-0.87 -0.32,3.72 3.55,2.88 c -0.16,1.68 2.15,1.09 1.56,0.08 c 1.15,-0.04 2.3,-0.05 3.45,-0.03 c 0,1.7 2.02,1 1.46,0 c 1.1,0.05 4.47,-3.68 5.36,-4.57 c 1.11,-0.37 1.88,-1.08 2.3,-2.14 c 1.03,-0.51 1.26,-2.35 2.42,-2.31 c 0.71,-0.1 1.31,-0.44 1.78,-0.99 c 0.51,-1.48 1.33,-2.76 2.48,-3.82 c 0.15,-0.41 0.22,-0.83 0.19,-1.26 c -0.1,-0.37 0.01,-0.67 0.31,-0.9 c 3.35,-2.54 6.87,-2.5 10.52,-0.48 c 1.66,0.76 6.7,12.67 9.26,14.39 c 1.14,2.08 2.16,3.8 2.17,6.29 c 3.04,9.72 5.43,19.51 8.73,29.16 c 3.1,11.36 6.32,25.81 11.5,36.38 c 3.57,2.5 2.32,7.01 4.67,10.49 c 2.19,4.56 11.5,10.39 14.64,4 c 0.4,-0.4 0.87,-0.55 1.43,-0.44 c 2.46,1.85 4.96,5.16 7.46,6.73 c 1.91,2.31 1.45,3.59 0.19,5.93 c -1.88,3.42 -4.12,3.71 -6.72,0.87 c -2.17,-0.39 -3.23,0.41 -5.08,0.65 c -2.58,0.47 -0.27,-4.63 -1.77,-5.99 c -0.87,-1.54 -2.17,-2.22 -3.9,-2.03 c -3.27,-0.14 -10.48,-5.16 -13.97,2.02 c -0.63,4.18 -8.96,13.09 -10.63,18.41 c -0.96,1.17 -1.82,2.4 -2.58,3.68 c -0.62,0.12 -1.1,-0.08 -1.46,-0.6 c -0.49,-2.31 -3.98,-8.84 -2.76,-10.86 c 0.71,-2.46 3.46,-4.98 2.18,-7.61 c -1,-0.71 -2.77,-4.02 -0.33,-3.63 c 3.11,0.2 1.56,-4.1 2.01,-5.95 c -0.24,-1.27 -0.95,-2.22 -2.12,-2.83 c -0.22,-3.85 -2.27,-4.49 -3.99,-7.31 c -0.47,-2.07 -1.14,-4.08 -2.02,-6.01 c 0.09,-0.49 -0.08,-0.86 -0.51,-1.12 c -2.6,-0.3 -5.21,-0.3 -7.82,0 c -0.43,0.24 -0.65,0.61 -0.66,1.1 c -0.63,1.77 -2.17,5.37 -3.8,6.33 c -1,0.26 -1.95,0.63 -2.83,1.12 c -0.22,0.69 -0.89,4.39 -1.89,4.2 c -2.15,-0.05 -1.33,3.24 -1.36,4.51 c 0.96,0.38 1.92,0.77 2.88,1.18 c 0.18,0.55 0.25,1.12 0.2,1.7 c -0.95,1.08 -3.08,2.25 -4.62,1.84 c -1.81,-1.55 -3.54,-3.17 -5.18,-4.86 c -1.66,0.15 -2.35,1.05 -2.06,2.69 c -1.27,-0.04 -1.05,1.22 -1.79,1.88 c -1.19,-0.94 -2.54,-1.23 -4.03,-0.86 c -0.87,0.02 -1.23,0.44 -1.08,1.27 c -1.12,-0.45 -2.49,0.12 -3.31,-0.93 c 0.38,-1.12 0.81,-2.23 1.28,-3.34 c 0.16,-0.02 0.32,-0.03 0.48,-0.04 c 2.45,0.12 3.5,-1.05 3.16,-3.49 c 0.33,-3.46 -10.31,0.35 -10.15,-2.69 c 0.43,0.08 0.83,0 1.2,-0.24 c 1.17,-1.64 4.2,-3.2 3.28,-5.54 c 1.04,-0.33 1.34,-2.33 0.03,-2.78 c -1.62,0.94 -3.26,1.88 -4.93,2.83 c -1.26,0.26 -2.53,0.36 -3.81,0.31 c -0.24,1 -0.4,2.05 -0.48,3.14 c -0.65,1.04 -3.09,4.02 -4.27,1.99 c -0.64,-1.42 -0.54,-3.43 -2.52,-3.38 c -0.93,-0.1 -1.38,-0.62 -1.36,-1.53 c 1.09,-1.18 1.29,-2.51 0.61,-4 c 0.47,0.23 0.89,0.15 1.23,-0.25 c 0.44,-1.94 2.25,-2.32 3.13,-3.96 c 0.22,-2.44 -0.87,-3.57 -3.27,-3.37 c -1.32,-0.43 -1.8,-1.33 -1.44,-2.72 c -0.2,-2.24 -0.29,-4.48 -0.28,-6.73 c -1.54,-1.48 -3.51,-0.58 -2.74,1.75 c -2.17,-0.79 -0.95,5.31 -1.23,6.24 c -0.11,0.81 0.2,1.18 0.94,1.12 c -0.16,0.87 -0.26,1.75 -0.3,2.64 c -1.07,0.08 -2.13,0.08 -3.2,-0.01 c -1.73,-0.65 -3.45,-1.32 -5.16,-2 c -1.25,-0.39 -1.25,1.8 -0.48,2.41 c 1.88,0.64 3.6,1.56 5.17,2.79 c 2.52,1.82 1.12,5.44 -1.51,6.32 c -0.68,-0.34 -1.4,-0.59 -2.15,-0.74 c -1.91,-0.14 -3.81,-0.13 -5.71,0.02 c -1.02,0.96 -1.21,4.03 0.8,3.95 c 0.99,-0.31 5.2,6.06 1.16,6.28 c -2.42,-0.52 -4.27,-1.84 -5.54,-3.95 c -0.68,-2.39 -1.45,-4.75 -2.32,-7.07 c -0.12,0.02 -0.24,0.04 -0.36,0.05 c 0.08,-1.48 -0.53,-2.53 -1.84,-3.16 c -0.73,0.54 -1.02,1.28 -0.87,2.22 c 0.18,1.96 0.35,3.91 0.52,5.86 c 0.38,4.34 -4.37,1.98 -5.48,3.81 c -0.33,0.92 -0.76,1.8 -1.29,2.62 c 0.08,1.33 -0.13,2.61 -0.64,3.83 c 0.24,3.29 0.34,6.58 0.29,9.88 c 0.25,0.49 0.65,0.7 1.2,0.62 c 1.23,0.32 1.9,-0.14 2.01,-1.4 c -0.32,-0.67 -0.61,-2.52 0.35,-2.75 c 1.18,-0.3 2.18,-0.9 3,-1.8 c 1.57,-0.11 3.14,-0.14 4.72,-0.07 c 4.51,0.47 -0.13,10.17 -2.11,11.73 c -3.48,1.47 -7.03,2.66 -10.65,3.57 c -2.45,-0.05 -4.84,-0.34 -7.16,-0.89 c 0.81,1.21 1.34,2.51 1.59,3.91 c -0.2,0.99 -0.77,1.4 -1.7,1.23 c -2.55,0.4 -5.11,0.57 -7.68,0.52 c -0.85,0.96 -0.87,1.92 -0.05,2.89 c 0.93,0.08 1.85,0.05 2.77,-0.09 c 1.52,-0.28 2.88,0.1 4.08,1.14 c 1.55,1.12 1.01,3.68 0.33,5.16 c -1.18,1.19 -2.52,2.19 -3.99,2.99 c -1.5,2.63 0.22,3.61 2.62,3.78 c 5.06,3.92 3.43,0.28 3.4,-3.37 c 0.55,-1.55 1.33,-2.98 2.33,-4.29 c -0.11,-1.21 -1.09,-6.97 1.87,-5.91 c 1.1,-0.13 2.08,-0.84 2.93,0.21 c 0.05,2.6 0.14,5.2 0.25,7.79 c 0.27,0.4 0.62,0.48 1.04,0.26 c -0.07,0.87 0.32,1.22 1.18,1.04 c -0.49,2.09 2.04,1.49 1.37,0.02 c 0.46,0.21 0.84,0.12 1.15,-0.27 c 0.1,-2 0.14,-4.01 0.11,-6.01 c 0.21,-1.67 1.41,-1.89 0.79,-3.86 c 0.21,-0.4 0.54,-0.66 0.97,-0.78 c 1.06,0.31 2.01,0.08 2.82,-0.68 c 0.95,0.73 0.23,3.02 0.68,4.13 c -1.8,-0.48 -1.84,4.18 0.08,3.52 c 2.57,-0.9 4.46,-2.57 5.66,-5.01 c 0.9,0.05 0.77,-1.76 1.02,-2.34 c 0.16,-1.11 -0.13,-2.08 -0.87,-2.92 c 0.97,-1.06 0.66,-2.52 2.27,-2.86 c -0.68,1.74 -0.18,3.04 1.51,3.9 c 0.7,0.44 1.34,0.38 1.91,-0.19 c -0.05,-1.17 1.16,-5.89 -1.23,-5.39 c -1.38,-0.5 -1,-2.43 -0.61,-3.52 c 2.93,-0.11 1.69,-3.01 2.14,-4.87 c 0.76,-0.81 1.07,-1.76 0.91,-2.86 c 0.13,-0.78 0.57,-1.04 1.3,-0.76 c 1.35,1.65 2.35,3.49 3,5.53 c 0.28,0.94 -0.99,3.34 0.3,3.74 c 0.96,0.26 1.73,0.01 2.31,-0.77 c 0.53,-2 1.4,-2.44 0.7,-4.82 c 0.79,-0.03 5.13,0.93 3.95,2.43 c -1.21,0.86 -1.99,2.01 -2.33,3.46 c 1.3,1.62 2.75,3.06 4.36,4.34 c 2.8,0.36 3.48,0.74 3.45,-2.26 c 0.85,-0.8 1.46,-1.77 1.83,-2.9 c 0.11,-0.37 0.37,-0.61 0.77,-0.71 c 2.99,-0.72 8.77,-2.98 6.34,3.44 c -2.2,4.46 -6.45,10.18 -12.13,7.16 c -0.81,-0.75 -1.6,-1.51 -2.38,-2.26 c -0.25,0.67 -0.34,1.38 -0.28,2.11 c 0.24,0.73 0.37,1.46 0.41,2.2 c -0.16,1.65 0.32,2.92 -1.96,2.37 c -0.95,-0.46 -3.87,-1.37 -3.34,-2.69 c 0.16,-2.07 -0.11,-4.07 -0.83,-6 c -1.47,0.97 -2.98,0.64 -2.5,2.96 c 0.38,1.26 -0.81,2.94 -1.62,3.78 c -3.2,0.16 -3.17,1.61 -5.22,3.63 c -2.34,-0.14 -5.88,5.89 -6.86,5.25 c -1.19,0.43 -1.63,1.3 -1.3,2.6 c 0.03,0.93 0.51,1.37 1.45,1.34 c 1.48,-0.6 3,-1.08 4.58,-1.45 c 0.87,-0.73 1.18,-1.66 0.92,-2.8 c 0.46,-1.54 4.88,-3.8 6.53,-3.99 c 1.13,-0.39 5.55,0.76 4.26,2.47 c -1.4,2.07 -5.04,0.45 -6.04,3.61 c 0.2,1.26 -0.03,2.43 -0.71,3.51 c 0.18,1.15 -3.72,2 -4.44,2.79 c -0.38,0.14 -0.75,0.15 -1.13,0.02 c -0.53,-0.06 -0.93,0.14 -1.21,0.58 c -0.78,4.59 -0.38,4.72 4.04,4.52 c 0.51,-0.15 0.84,0.02 0.99,0.51 c -0.52,2.51 0.5,3.62 3.09,3.34 c 0.66,-0.36 1.32,-0.74 1.96,-1.14 c 0.68,-0.05 1.35,-0.12 2.02,-0.19 c 0.6,-1.01 0.3,-3.1 2.16,-2.81 c 0.9,0.53 3.54,2.83 3.53,3.83 c 0.17,1.39 0.81,1.65 1.92,0.79 c 0.09,-3.29 0.1,-6.58 0.03,-9.88 c 0.78,-2.27 2.97,0.57 2.88,2.03 c 0.07,0.96 0.58,1.52 1.53,1.7 c 2.84,-0.55 4.48,-4.37 1.25,-5.67 c -1.95,0.5 -0.54,-5.92 2.44,-3.23 c 0.83,1.29 4.81,5.1 4.63,1.08 c 0.07,-1.35 -2.05,-3.57 -0.2,-4.35 c 1.09,0.44 2.15,0.94 3.18,1.52 c 0.96,0.21 5.37,-0.6 5.31,1.03 c 0.37,1.18 1.17,1.55 2.38,1.11 c 1.8,-0.4 1.12,-1.65 2.14,-2.75 c 0.88,0.82 0.35,2 1.89,1.67 c 0.47,0.14 0.72,0.45 0.77,0.95 c -0.42,2.48 3.1,1.25 3.67,-0.32 c 0.16,-2.49 0.11,-4.97 -0.15,-7.44 c 2.92,0.14 5.83,0.14 8.75,-0.02 c 0.96,-0.77 1.68,-1.72 2.16,-2.86 c 0.88,-0.22 3.8,0.51 3.02,-1.38 c 2.23,1.03 3.67,0.4 4.33,-1.88 c 2.27,0.85 -0.35,-4.31 2.51,-3.8 c 0.34,-0.01 0.62,0.12 0.83,0.38 c 1.47,3.81 6.92,7.39 4.44,11.83 c -10.04,16.08 -19.69,34.18 -30.37,49.56 c -1.61,2.15 -1.07,7.51 -3.92,8.35 c -1.45,-0.01 -7.62,1.17 -5.69,3.75 c 3.79,4.4 7.64,8.74 11.55,13.03 c -0.27,0.76 -0.23,1.5 0.11,2.21 c 1.16,0.88 2.25,3.02 3.9,2.84 c 0.94,0.21 1.51,0.78 1.73,1.71 c -0.38,0.74 -0.63,1.51 -0.75,2.31 c -3.6,-0.12 -7.2,-0.19 -10.81,-0.19 c -0.94,0.17 -1.55,0.71 -1.83,1.61 c -3.6,-0.33 -6.74,3.42 -10.01,4.8 c -0.62,1.71 -1.1,3.45 -1.45,5.24 c -0.16,0.42 -0.45,0.65 -0.88,0.71 c -1.83,-0.26 -1.14,2.29 -1.39,3.3 c -0.54,0.6 -0.85,1.29 -0.96,2.07 c -0.06,2.66 0.08,5.31 0.43,7.93 c -0.41,1.46 -0.18,2.77 0.7,3.94 c 4.2,1.59 8.42,3.16 12.65,4.7 c 0.1,0.72 0.41,1.33 0.91,1.83 c 1.99,1.07 7.64,4.41 9.63,4.13 c 4.16,0.41 19.53,13 24.45,15.58 c 1.95,1.51 2.69,0.7 4.75,1.24 c 1.41,0.89 1.05,3.24 0.27,4.43 c -7.25,7.47 -16.37,11.88 -23.5,19.47 c -1.87,1.37 -2.92,-0.94 -2.94,-2.46 c -0.31,-2.59 -0.41,-5.2 -0.29,-7.81 c 0.01,-0.91 -0.43,-1.41 -1.3,-1.5 c -0.64,-1.84 -1.22,-3.69 -1.75,-5.57 c 0.63,-2.78 -4.69,-0.38 -5.85,-1.82 c 1.32,-1.53 1.98,-5.62 -1.34,-4.29 c 0.22,-0.49 0.12,-0.89 -0.31,-1.21 c -3.66,-0.08 -7.32,-0.11 -10.99,-0.08 c -0.88,0.02 -1.36,0.46 -1.43,1.32 c -0.06,0.43 -0.3,0.72 -0.72,0.86 c -1.77,0.24 -3.42,0.82 -4.96,1.75 c -0.55,0.1 -1.07,0.02 -1.57,-0.25 c -3.64,-3.01 -7.29,-6 -10.96,-8.97 c -1,-0.61 -2.07,-1.06 -3.19,-1.36 c -5.12,4.05 -9.83,13.89 -14.28,19.4 c -0.69,1.26 -1.42,2.48 -2.19,3.66 c -0.17,0.4 -0.45,0.51 -0.83,0.32 c -3.9,0.18 -7.81,0.31 -11.73,0.4 c -0.96,0.87 -1.3,3.97 0.65,3.82 c 2.35,2.99 4.78,5.98 7.27,8.99 c 0.6,0.31 0.28,2.13 1.15,1.74 c -0.1,2.48 3.13,5.59 5.61,5.2 c 3.51,0.83 15.07,19.89 5.11,18.37 c -2.55,-1.06 -5.03,-2.29 -7.43,-3.68 c -3.25,-2.57 -6.59,-4.94 -10.02,-7.13 c -0.81,-2.83 -1.28,-2.08 -3.54,-3.42 c -0.93,-0.08 -1.86,-0.09 -2.79,-0.01 c -8.94,-2.19 -15.63,-3.46 -22.31,-10.66 c -3.19,-2.38 -20.8,-14.56 -21.38,-17.08 c 0.42,-1.52 -2.15,-2.73 -2.89,-3.81 c -0.67,-0.42 -1.39,-0.49 -2.15,-0.21 c -1.63,-0.4 -2.51,-2.94 -3.67,-3.97 c -1.07,0.33 -2.09,0.81 -3.06,1.44 c -3.39,3.36 -6.13,5.28 -7.74,9.99 c -0.02,1.63 -0.11,3.26 -0.27,4.88 c -0.98,1.26 -2.02,0.65 -2.93,-0.32 c -4.2,-5.86 -8.24,-11.82 -12.13,-17.88 c -0.94,-1.21 -1.97,-4.2 0.54,-4.12 c 2.19,-0.17 4.39,-0.27 6.59,-0.31 c -0.04,0.81 0.38,1.17 1.25,1.07 c 1.33,-0.39 3.53,0.71 4.46,-0.56 c 0.07,-11.32 0.09,-22.63 0.06,-33.95 c -0.08,-0.9 -0.56,-1.38 -1.44,-1.45 c -4.4,-2.79 -10.6,-5.31 -14.32,-8.84 c -1.36,-1.86 1.56,-6.88 4.44,-6.33 c 2.54,0.82 3.63,-2.12 5.27,-3.46 c 0.76,-0.33 1.56,-0.51 2.4,-0.54 c 1.25,-0.89 2.65,-1.19 4.18,-0.88 c 0.92,-0.53 1.9,-0.88 2.94,-1.05 c 3.66,0.03 7.32,0.02 10.98,-0.02 c 0.64,-0.5 0.96,-1.16 0.94,-1.99 c 5.04,-2.21 8.87,-2.82 14.4,-1.85 c 0.06,0.21 0.12,0.42 0.19,0.64 c 0.06,0.88 0.55,1.32 1.45,1.3 c 2.31,-0.05 4.61,-0.07 6.92,-0.06 c 1.24,-0.19 5.29,5.56 6.72,6.34 c 2.28,1.21 4.58,2.34 6.87,3.4 c -0.08,0.53 0.12,0.91 0.62,1.14 c 1.4,0.09 2.72,0.48 3.94,1.16 c 1.23,0.24 2.08,-0.2 2.53,-1.3 c -0.46,-5.5 0.11,-6.34 -3.34,-11.04 c -9.33,-12.26 -19.02,-26.03 -29.29,-37.37 c -0.21,-0.28 -0.32,-0.6 -0.32,-0.95 c 0.53,-2.66 -3.71,-0.28 -4.95,-1.97 c -0.34,-0.98 0.46,-3.79 -1.4,-3.44 c -0.48,-2.13 -2.93,-7.68 -2.57,-9.61 c 0.36,-3.37 -0.84,-4.89 -2.26,-7.71 c -0.29,-0.44 -0.7,-0.62 -1.22,-0.54 c -1.77,-0.38 -2.12,-3.38 -2.35,-4.87 c -0.26,-4.91 -0.38,-9.84 -0.37,-14.77 c 0.36,-0.99 0.73,-1.97 1.12,-2.95 c -0.34,-2.97 0.68,-5.39 -1.18,-8 c -0.53,-0.69 -1.22,-0.99 -2.1,-0.91 c -0.37,-0.86 -0.87,-1.6 -1.5,-2.23 c -0.02,-0.32 -0.03,-0.63 -0.05,-0.95 c -0.1,-0.7 -0.49,-1.17 -1.16,-1.4 c -0.16,-0.63 -0.52,-1.1 -1.09,-1.41 c -0.15,-1.7 -3.04,-3.93 -2.69,-5.36 c 0.12,-1.21 -0.39,-1.96 -1.53,-2.24 c -0.42,-0.06 -0.73,-0.29 -0.92,-0.67 c -0.53,-2.13 -5.53,-10.26 -4.56,-11.88 c 0.12,-1.22 -0.33,-2.15 -1.35,-2.78 c 0.04,-0.48 0.13,-0.95 0.28,-1.41 c 0.14,-1.08 -0.21,-1.95 -1.05,-2.61 c -0.27,-0.77 -0.24,-1.52 0.1,-2.26 c 0.25,-1.41 -0.06,-2.66 -0.92,-3.74 c -0.58,-0.79 -0.58,-1.58 -0.01,-2.38 c 0.1,-1.08 -0.27,-1.92 -1.11,-2.53 c -0.12,-0.5 -0.1,-1 0.07,-1.49 c 0.26,-2.33 -0.66,-8.17 -3.76,-8.32 c -1.29,-0.01 -2.58,0.02 -3.87,0.11 c -0.23,0.08 -0.47,0.17 -0.7,0.25 c -0.06,-0.75 -0.41,-1.33 -1.05,-1.72 c -0.27,-0.73 -0.48,-1.47 -0.64,-2.22 c -0.21,-0.79 -0.73,-1.23 -1.54,-1.34 c 0.2,-0.33 0.39,-0.67 0.59,-1 c -0.32,-0.68 -0.83,-1.15 -1.52,-1.43 c -0.48,-1.47 -0.97,-2.91 -1.47,-4.33 c -0.25,-2.68 -0.17,-3.35 -2.7,-4.26 c -0.8,-0.72 -1.28,-1.62 -1.44,-2.7 c 0.31,-1.29 -0.17,-1.97 -1.44,-2.06 c -0.39,-0.21 -0.62,-0.53 -0.69,-0.97 c -0.1,-0.75 -0.53,-1.18 -1.3,-1.28 c 0.03,-0.23 0.06,-0.47 0.09,-0.7 c 0.46,-1.5 -0.01,-2.58 -1.41,-3.25 c -1.57,-3.65 -3.37,-7.19 -5.42,-10.62 c 0.14,-1.15 -0.16,-2.17 -0.9,-3.06 c -0.34,-0.99 0.53,-3.76 -1.39,-3.35 c -1.24,0.06 -0.66,-1.99 -0.61,-2.69 c -0.08,-2.5 0.34,-6.8 -1.07,-8.89 c -0.06,-4.03 -0.43,-8 -1.12,-11.93 c 0.24,-0.99 0.55,-1.95 0.94,-2.89 c 0.05,-1.37 0.13,-2.73 0.24,-4.09 c 0.78,-1.15 0.96,-2.4 0.54,-3.75 c 2.06,0.67 1.13,-2.18 1.44,-3.2 c 0.92,-1.19 1.1,-2.51 0.56,-3.96 c 0.49,0.23 0.91,0.15 1.27,-0.24 c -0.09,-1.14 0.24,-2.15 0.99,-3.01 c 0.07,-0.58 0.12,-1.16 0.18,-1.74 c 0.62,-1.4 1.18,-2.82 1.69,-4.26 c 0.36,-1.58 -0.22,-2.71 1.07,-3.96 c 0.44,-1.75 -0.42,-2.64 1.09,-4.01 c -0.08,-2.8 0.03,-5.59 0.33,-8.39 c 0.39,-0.42 0.85,-0.62 1.37,-0.61 c 4.3,-0.47 8.61,-0.61 12.93,-0.44 c 0.78,0.09 1.46,0.4 2.04,0.94 c 1.27,0.16 2.55,0.27 3.83,0.35 c 1.78,0.36 3.48,0.96 5.1,1.8 c 0.57,0.74 1.29,1.29 2.17,1.65 c 2.85,0.33 5.7,0.35 8.56,0.07 c 0.29,0 0.59,0.01 0.89,0.01 c -0.07,0.88 0.35,1.3 1.27,1.26 c 8.36,-0.03 16.72,-0.06 25.09,-0.1 c 2.29,-0.72 4.63,-1.32 7,-1.79 c 3.02,-0.2 6,-0.56 8.95,-1.1 c 6.03,-0.01 12.06,-0.04 18.09,-0.1 c 2.27,-0.67 4.53,-1.37 6.78,-2.1 c 0.62,-0.73 2.94,-0.91 2.58,-2.09 c -0.08,-1.2 6.31,-0.86 7.41,-0.98 c 2.78,-1.5 8.97,-3.68 12.04,-4.03 c 2.05,-1.72 15.24,-6.72 17.36,-5.49 c 1.23,-0.05 2.45,-0.19 3.66,-0.41 c 1.45,-1.42 2.18,-0.62 3.97,-0.94 c 1.59,-1.49 2.07,-0.7 4.05,-0.97 c 2.23,-1.9 1.74,-0.27 2.99,0.9 c 0.95,0.28 4.17,0.77 3.26,-1.27 Z M 700.02,449.76 c -0.01,4.93 -0.03,9.86 -0.07,14.8 c -0.12,0.83 0.19,1.21 0.95,1.16 c 0.06,1.1 -0.4,3.58 1.46,3.35 c -0.19,0.78 0.15,1.11 1.03,0.99 c 0.94,-0.34 6.54,0.96 5.2,-1.45 c 2.05,0.34 5.32,1.1 7.01,-0.48 c 1.28,-0.11 2.56,-0.2 3.84,-0.25 c 1.06,-1.19 0.67,-4.16 -0.32,-5.46 c -0.08,-1.63 -0.18,-3.25 -0.3,-4.87 c -0.35,-0.41 -0.76,-0.49 -1.25,-0.24 c 0.42,-2 1.03,-4.25 -0.44,-5.96 c -0.37,-0.79 0.33,-3.81 -1.4,-3.12 c 0.65,-1.76 0.42,-3.36 -0.69,-4.81 c -0.26,-0.97 0.58,-3.96 -1.48,-3.15 c 1.28,-3.35 -0.28,-3.88 -0.75,-6.66 c -0.25,-0.46 -0.64,-0.68 -1.17,-0.63 c -0.83,-0.37 -1.99,-6.53 -1.69,-7.63 c 0.11,-1.26 0.07,-2.52 -0.12,-3.78 c -0.65,-0.9 -0.97,-1.92 -0.96,-3.05 c -0.26,-0.49 -0.66,-0.68 -1.2,-0.58 c -1.41,0.17 -0.88,-2.46 -1.02,-3.25 c -0.56,-1.47 -2.06,-6.01 -1.6,-7.4 c 1.13,-4.76 -7.6,-0.62 -9.03,-2.88 c -0.04,-3.31 -0.03,-6.63 0.03,-9.94 c 0,-0.96 -0.48,-1.43 -1.43,-1.41 c -0.88,-0.57 -1.5,-1.35 -1.86,-2.36 c -2.62,-2.33 -6.46,-4.38 -9.37,-6.38 c -0.46,-0.05 -0.86,0.08 -1.2,0.39 c -5.12,7.06 -9.35,14.75 -13.57,22.38 c -1.91,4.32 3.97,4.1 3.33,7.32 c -1.15,1.55 -2.26,3.14 -3.32,4.76 c -0.34,1.4 0.16,2.45 1.53,3.15 c 8.6,5.38 17.13,10.87 25.6,16.45 c 1.65,2.43 5.32,8.07 4.26,10.99 Z"/></g>
<g><path id="Ang Mo Kio GRC" fill="#3f49cc" stroke="#3f49cc" stroke-width="0.5" d="M 1058.66,227.21 c 3.52,-0.26 7.03,-0.46 10.55,-0.61 c 0.48,-0.05 0.95,-0.03 1.42,0.06 c 9.4,5.24 23.83,13.49 30.5,21.85 c 0.2,0.94 0.03,1.81 -0.5,2.62 c -4.8,6.01 -10.31,17.14 -15.31,22.14 c -2.08,-0.08 -6.85,-0.76 -8.59,-0.1 c -6.63,-1.71 -12.01,-5.48 -16.17,-10.96 c 0.31,-0.73 0.3,-1.45 -0.03,-2.16 c -1.26,-1.11 -2.42,-2.32 -3.49,-3.62 c -0.74,-0.4 -1.49,-0.38 -2.23,0.06 c -1.14,-0.78 -2.3,-1.47 -3.48,-2.06 c -1.52,0.7 -2.21,1.85 -2.1,3.46 c -0.26,2.15 -0.24,4.3 0.07,6.44 c 1.11,0.49 2.22,0.41 3.3,-0.22 c 0.9,-0.02 1.81,-0.02 2.71,0.01 c 0.39,0.02 0.67,0.21 0.83,0.58 c -0.03,2.26 0.67,4.27 2.09,6.04 c -0.43,1.08 -0.21,2 0.68,2.75 c 1.67,1.16 1.91,2.96 4.34,2.28 c 3.47,2.2 13.23,10.11 17.18,9.31 c 0.69,-0.75 1.16,-1.61 1.43,-2.61 c 0.58,-0.67 1.29,-1.08 2.12,-1.23 c 3.11,-0.42 6.21,-0.46 9.33,-0.11 c 0.58,0.02 1.15,0.12 1.71,0.29 c 3.26,1.29 6.46,2.66 9.62,4.1 c 1.19,-0.17 1.56,-2.38 2.08,-3.28 c 0.35,-1.61 -2.1,-1.93 -3.12,-2.3 c -1.28,-1.11 -2.7,-2.02 -4.24,-2.73 c -1.19,-0.23 -2.38,-0.34 -3.6,-0.32 c -2.55,0.23 -5.56,-0.3 -4.09,-3.67 c 0.89,-1.73 1.89,-3.34 2.99,-4.84 c 2.77,-0.09 2.78,-1.48 3.81,-3.4 c 1.43,-1.09 2.01,-2.53 1.74,-4.34 c 0.36,-1.7 4.87,-7.9 6.36,-8.57 c -0.02,1.28 2.06,0.64 2.83,0.95 c 2.07,1.14 3.39,2.58 5.99,2.18 c 5.84,2.46 15.23,8.57 20.63,12.27 c 3.1,3.67 1.19,14.16 -3.66,16.85 c -5.89,-0.09 -11.78,-0.28 -17.67,-0.57 c -1.78,0.23 -3.54,0.1 -5.26,-0.4 c -0.34,1.18 -0.77,2.34 -1.29,3.48 c -0.43,2.96 1.8,1.26 3.44,2.81 c 2.28,0.32 4.56,0.48 6.85,0.48 c 1.75,-0.8 5.14,1.53 6.64,2.38 c 7.11,5.47 -3.77,13.55 -7.3,17.76 c -4.43,5.77 -20.64,12.78 -19.42,20.66 c -0.36,0.03 -0.73,0.05 -1.09,0.07 c -0.68,0.2 -1.31,0.5 -1.89,0.91 c -0.86,0.43 -6.79,-0.74 -6.14,1.1 c -3.39,0.1 -6.77,0.34 -10.13,0.73 c -0.32,-0.58 -0.83,-0.84 -1.53,-0.78 c -6.02,-0.02 -12.04,-0.03 -18.06,-0.02 c -0.91,0.08 -1.16,0.52 -0.76,1.33 c -0.48,0.67 -0.72,1.43 -0.72,2.27 c -0.06,5.56 -0.06,11.12 0.01,16.68 c -1.14,-0.2 -0.84,1.28 -1.65,1.71 c -1.92,0.15 -3.84,0.24 -5.77,0.25 c -0.41,0.24 -0.59,0.59 -0.54,1.07 c -0.44,0.91 -1.02,1.75 -1.72,2.49 c -0.18,7.91 -7.13,13.56 -11.58,19.52 c -0.87,1.88 -2.94,4.08 -0.17,5.55 c 6.63,3.2 12.12,3.87 19.39,4.48 c 2.5,-0.51 4.6,0.06 6.31,-2.16 c 0.2,0 0.39,0.01 0.58,0.02 c 4.13,-0.12 8.26,-0.28 12.39,-0.49 c 0.8,-0.24 1.48,-0.67 2.04,-1.28 c 4.56,-1.57 5.21,-9.54 9.15,-9.6 c 7.32,3.53 13.92,8.16 20.93,12.25 c 1.81,0.99 3.69,1.84 5.63,2.53 c 0.37,0.96 0.39,1.93 0.08,2.92 c -3.82,7.09 -9.02,13.76 -14.94,19.22 c -1.85,0.59 -5.09,3.34 -6.95,2.09 c -0.81,0.27 -1.22,0.84 -1.21,1.7 c 0.42,3.57 -0.71,8.9 0.9,12.08 c 0.41,1.45 -0.73,4.41 1.41,4.8 c -0.27,3.02 1.35,6.64 2.33,9.44 c 2.79,2.08 5.93,3.31 9.42,3.67 c 1.19,0.59 1.37,1.43 0.56,2.51 c -1.66,1.15 -5.3,6.23 -7.08,6.33 c -6.79,-0.09 -14.25,-3.64 -21.1,-4.04 c -6.99,-2.15 -13.98,-3.51 -21.02,-4.98 c -7.08,-1.66 -17.42,-5.22 -24.71,-4.93 c -5.34,2.8 -21.64,6.89 -24.38,11.56 c -0.55,6.78 -5.04,14.54 -6.29,21.56 c -3.11,8.53 -6.04,17.13 -8.78,25.81 c -2.69,-0.31 -7.37,-10.97 -9.41,-12.9 c 0.68,-2.77 -2.54,-4.01 -3.86,-5.98 c -0.73,-0.42 -1.51,-0.53 -2.34,-0.34 c -9.14,-6.67 -16.32,-12.07 -28.16,-11.81 c -12.26,-2.66 -24.15,-6.42 -36.2,-10.83 c -2.44,-0.55 -10.24,-2.06 -12.08,-3.01 c -1.57,-0.71 -8.21,-1.48 -8.55,0.84 c -0.74,-0.15 -0.17,2.45 -2.22,2.86 c -4.77,1.18 -6.43,-0.54 -4.99,-5.15 c 1.09,-1.6 1.48,-3.34 1.16,-5.23 c -1.89,-2.47 -3.76,-4.95 -5.6,-7.43 c -0.22,-2.41 -0.4,-4.82 -0.57,-7.24 c -0.7,-0.57 -1.42,-1.13 -2.14,-1.68 c -1.16,0.05 -4.14,-0.55 -4.95,0.32 c -0.29,1.55 0.63,3.4 -0.85,4.5 c -1.17,0.04 -2.31,0.19 -3.42,0.48 c -0.61,1.1 -1.09,2.28 -1.43,3.54 c -1.7,2.45 -6.35,-4.82 -7.15,-6.07 c -0.83,-4.13 -0.42,-4.59 1.84,-7.47 c 2.43,2.5 1.32,-6.45 1.55,-7.19 c -0.76,-1.17 -2.81,-0.62 -3.22,0.66 c -0.92,1.16 -1.99,2.16 -3.23,2.99 c -1.87,0.62 -2.72,-0.01 -2.56,-1.9 c 0.16,-1.19 0.18,-2.38 0.05,-3.58 c -0.74,-0.9 -1.12,-1.93 -1.13,-3.1 c -0.23,-0.49 -0.61,-0.69 -1.14,-0.6 c -0.29,-0.12 -0.58,-0.23 -0.87,-0.35 c -0.37,-3.2 -1.61,-6.61 -2.49,-9.58 c 1.05,-1.64 0.96,-3.19 -0.26,-4.66 c 0.28,-1.63 -0.39,-2.51 -2.03,-2.65 c -3.7,-13.64 -7.29,-26.58 -12.43,-39.99 c -0.43,-0.89 -0.93,-1.71 -1.5,-2.45 c 0.2,-2.76 -5.46,-8.71 -4.97,-9.85 c 0.03,-1.33 -0.35,-2.39 1.33,-2.55 c 7.27,-0.04 14.53,0.08 21.78,0.35 c 1.86,-1.52 3.25,0.91 3.74,2.44 c 1.05,4.91 2.17,9.79 3.38,14.65 c 0.44,0.9 0.87,1.81 1.28,2.72 c 1.74,0.47 3.43,1.13 5.06,1.99 c 0.08,0.66 0.36,1.21 0.84,1.64 c 3.14,-0.12 5.68,2.42 8.79,0.54 c 0.28,0.08 0.55,0.17 0.82,0.25 c -0.53,2.32 3.18,1.32 4.36,1.54 c 4.61,-0.08 9.21,-0.21 13.81,-0.38 c 0.84,-0.2 1.4,-0.69 1.69,-1.46 c 5.55,-0.62 12.36,-2.95 17.67,-3.08 c 1.9,0 3.8,-0.08 5.69,-0.24 c 1.3,-0.76 2.68,-1.35 4.15,-1.75 c 2.24,-0.65 4.52,-1.14 6.84,-1.45 c 2.22,-1.03 4.56,-1.68 7.02,-1.94 c 0.3,-0.68 0.41,-1.41 0.32,-2.18 c -0.58,-1.59 -0.81,-3.22 -0.69,-4.91 c 0.96,-1.08 1.91,-2.17 2.86,-3.27 c 0.08,-1.16 0.24,-2.3 0.48,-3.44 c -0.03,-0.69 0.22,-1.27 0.76,-1.76 c 0.21,-0.05 0.42,-0.11 0.63,-0.17 c 0.44,-0.07 0.76,-0.29 0.98,-0.68 c 0.22,-1.52 0.79,-2.86 1.7,-4.04 c 0.86,0.75 1.84,1.07 2.97,0.96 c 1.14,-0.36 1.2,1.57 2.29,1.9 c 0.23,0.68 0.57,1.28 1.03,1.82 c 2.18,1.02 4.46,1.41 6.86,1.15 c 0.57,-0.28 0.82,-0.74 0.72,-1.38 c -0.51,-1.97 0.44,-4.19 -2.52,-3.64 c 0.17,-0.35 0.35,-0.69 0.52,-1.04 c -0.27,-1.52 -0.48,-3.05 -0.63,-4.58 c -0.28,-3.72 6.39,-6.82 9.3,-7.86 c 0.74,-0.74 1.2,-1.62 1.37,-2.63 c -0.19,-0.45 -0.08,-0.81 0.33,-1.08 c 3.56,-1.85 6.46,-4.64 10.35,-6.25 c 4.44,-5.44 3.45,-8.96 10.91,-12.35 c 3.48,0.19 5.76,-3.48 7.38,-6.05 c 0.68,-0.63 1.43,-1.12 2.28,-1.48 c 2.34,0.57 5.52,-0.09 7.01,2.19 c 0.36,0.93 0.74,1.83 1.14,2.7 c 6.94,-0.83 4.44,3.94 6.75,5.04 c 0.35,-1.08 0.61,-2.21 0.76,-3.37 c -0.11,-2.19 0.29,-4.13 -1.24,-5.91 c -0.34,-1.62 -0.78,-3.21 -1.32,-4.77 c -0.4,-0.51 -0.92,-0.85 -1.56,-1.04 c -0.96,-2.09 -2.07,-4.1 -3.32,-6.03 c 0.22,-2.04 2.92,-4.47 4.95,-3.52 c 1.44,0.02 2.32,-0.7 2.62,-2.15 c 0.33,-1.5 0.82,-2.94 1.48,-4.32 c 0.16,-0.98 0.25,-1.97 0.27,-2.96 c 0.9,-4.89 6.25,-12.73 8.84,-17.34 c 1.52,-1.54 3.08,0.08 4.56,0.59 c 1.52,-0.19 3.04,-0.38 4.57,-0.54 c 2.4,0.13 5.53,-1.15 7.67,0.26 c 2.18,0.14 4.35,0.34 6.52,0.61 c 2.12,-0.15 3.33,1.15 4.36,-1.79 c -2.4,-2.08 -4.9,-4.07 -7.49,-5.99 c -1.9,-2.17 -3.97,-3.27 -2.67,-6.6 c 5.31,-6.38 11.25,-8.85 18.17,-12.79 c 0.7,-0.29 1.37,-0.22 2.02,0.19 Z"/></g>
<g><path id="Sembawang GRC" fill="#b5e61e" stroke="#b5e61e" stroke-width="0.5" d="M 863.42,88.65 c -0.26,0.47 -0.19,0.88 0.22,1.21 c 1.08,0.57 2.16,1.12 3.23,1.64 c -1.05,0.9 -2.01,1.89 -2.9,2.98 c -0.65,0.4 -1.35,0.72 -2.1,0.95 c -2.03,2.31 -4.2,4.48 -6.51,6.52 c -0.23,0.71 -0.5,1.39 -0.81,2.06 c -0.68,0.36 -1.19,0.87 -1.54,1.53 c -0.77,4.71 1.56,4.68 5.41,4.42 c 2.28,-2.04 4.44,-4.19 6.5,-6.46 c 0.44,-0.37 0.94,-0.55 1.52,-0.54 c 2.36,0.28 6.26,-1.13 6.43,2.44 c -2.64,3.51 0.48,7.58 4.61,6.63 c 2.39,-0.51 3.56,-1.98 3.5,-4.4 c 0.91,-1.56 1.81,-3.09 2.68,-4.6 c 0.78,-0.03 1.4,-0.36 1.88,-0.98 c 0.67,-1.94 1.93,-2.83 1.7,-5.1 c -0.13,-1.06 0.32,-1.72 1.37,-1.96 c 2.03,0.94 4.05,1.89 6.06,2.85 c 0.59,0.09 1.17,0.01 1.72,-0.22 c -0.65,2.26 1.35,1.99 2.65,2.83 c 1.2,1.55 3.37,2.89 5.36,2.16 c -0.22,0.49 -0.22,0.97 -0.01,1.46 c 0.75,0.68 1.61,1.17 2.6,1.47 c 0.44,0.57 0.96,1.06 1.56,1.46 c 1.25,0.95 -0.81,2.96 -1.06,4.05 c -0.59,0.4 -1.06,0.91 -1.42,1.52 c -0.86,2.08 -1.84,4.1 -2.94,6.05 c -0.17,1.28 -0.21,2.57 -0.11,3.86 c 0.87,0.4 1.71,0.87 2.52,1.42 c 2.14,0.64 3.79,0.01 4.95,-1.9 c 0.62,-1.77 1.79,-2.38 1.48,-4.47 c 1.08,-2.51 4.16,-7.46 6.61,-8.56 c 1.7,0.64 3.4,1.27 5.1,1.91 c 0.57,0.1 1.14,0.11 1.71,0.02 c 2.99,1.73 6.01,3.43 9.05,5.1 c 0.34,0.14 0.53,0.38 0.56,0.74 c -0.03,0.49 0.17,0.85 0.61,1.08 c 1.34,1.09 2.8,1.97 4.39,2.64 c 1.5,1.53 3.02,3.05 4.56,4.55 c 0.41,0.38 0.55,0.85 0.43,1.39 c -1.02,1.49 -2.38,2.5 -4.09,3.01 c -0.44,0.58 -0.95,1.09 -1.53,1.53 c -1.46,0.86 -2.94,1.69 -4.44,2.47 c -0.34,0.35 -0.64,0.72 -0.92,1.12 c -1.2,0.38 -2.33,0.91 -3.41,1.57 c -1.6,1.07 -3.13,2.22 -4.6,3.44 c -1.93,0.57 -3.59,1.57 -4.98,3 c -0.71,0.33 -1.43,0.62 -2.17,0.89 c -1.02,2.09 -2.8,1.05 -3.83,3.04 c -1.45,0.86 -2.2,0.34 -3.03,2.1 c -0.68,0.32 -1.36,0.62 -2.07,0.9 c -1.05,0.95 -2.02,1.98 -2.88,3.09 c -0.93,2.85 1.51,2.66 3.42,2.31 c 2.08,-1.29 4.25,-2.39 6.52,-3.3 c 0.61,-0.47 0.94,-1.08 0.97,-1.85 c 5.84,-3.49 11.7,-6.99 17.6,-10.5 c 3.34,-2.08 12.08,-8.23 15.18,-9.14 c 1.71,-0.48 2.15,0.65 3.63,1 c 1.46,0.75 1.09,1.96 3.09,2 c 0.74,0.6 1.47,1.21 2.19,1.85 c 2.33,0.94 4.01,2.55 6.69,1.98 c 1.68,0.86 2.95,2.12 3.81,3.79 c -0.56,1.92 0.94,2.59 1.75,3.97 c 0.68,1.6 1.36,3.17 2.05,4.7 c -1.03,1.42 -1.82,2.97 -2.36,4.64 c -0.52,0.51 -1.03,1.03 -1.53,1.55 c -1.58,0.23 -3.08,0.74 -4.49,1.54 c -1.27,1.04 -2.62,1.97 -4.05,2.79 c -0.45,-0.84 -0.93,-1.68 -1.45,-2.5 c -0.63,-1.87 -1.03,-3.79 -1.2,-5.77 c -0.25,-0.4 -0.49,-0.79 -0.74,-1.18 c -0.57,-1.74 0.5,-6.31 -0.5,-7.54 c -2.4,-2.82 -5.41,2.47 -5.58,4.56 c -0.06,6.66 -0.05,13.3 0.04,19.94 c 0.59,0.83 1.04,1.73 1.32,2.7 c 1.61,1.38 3.14,2.84 4.59,4.39 c 0.85,0.81 3.51,0.83 2.69,-0.82 c 0.48,0.24 0.89,0.15 1.22,-0.25 c -0.12,-2.5 1.07,-3.66 3.57,-3.51 c 0.41,-0.33 0.49,-0.73 0.23,-1.2 c 1.22,0.37 2.45,0.46 3.71,0.27 c 0.83,-0.78 1.83,-1.14 3,-1.1 c 0.43,-0.3 0.51,-0.68 0.22,-1.14 c 0.92,0.23 1.84,0.28 2.76,0.15 c 1.29,-0.75 2.64,-1.41 4.03,-1.98 c 0.45,-0.31 0.61,-0.73 0.47,-1.26 c 0.4,0.03 0.8,0.06 1.2,0.09 c -0.11,0.49 0.06,0.86 0.49,1.12 c 3.37,1.31 3.47,4.12 5.31,6.78 c 0.09,0.58 0.16,1.16 0.21,1.75 c 1.21,2.61 2.16,5.3 2.84,8.06 c -3.53,3.46 -7.01,6.99 -10.42,10.59 c -0.76,0.67 -1.62,1.15 -2.6,1.43 c -0.91,1.08 -1.9,2.07 -2.96,2.99 c -3.72,2.03 -7.51,3.88 -11.38,5.57 c -0.61,0.4 -1.14,0.89 -1.59,1.47 c -1.52,0.8 -2.07,0.35 -2.99,2.02 c -0.71,0.3 -1.41,0.62 -2.09,0.96 c -1.6,1.74 -3.36,3.28 -5.28,4.63 c -1,1.64 -0.72,2.09 -2.93,2.19 c 0.24,-0.8 0.18,-1.57 -0.18,-2.31 c -1.71,-1.61 -3.38,-3.26 -5.02,-4.94 c -0.76,-2.34 -2.38,-3.43 -4.05,-5.12 c -1.23,-1.75 -2.34,-3.59 -3.33,-5.53 c -0.21,-0.57 -0.23,-1.16 -0.05,-1.74 c 1.86,-3.33 5.07,-7.16 0.95,-10.24 c -0.74,-0.41 -1.53,-0.55 -2.38,-0.42 c -3.27,-2.23 -6.51,-4.46 -9.71,-6.71 c 0.17,-2.24 -2.2,-2.23 -3.54,-3.26 c -1.18,0.61 -2.45,0.98 -3.8,1.12 c -0.6,0.37 -1.12,0.85 -1.55,1.43 c -1.64,0.75 -4.19,1.22 -5.09,2.98 c -1.41,0.46 -2.75,1.11 -4,1.93 c -0.88,0.82 -1.86,1.47 -2.96,1.95 c -1.08,1.38 -2.42,2.4 -4.01,3.07 c -1.4,1.28 -2.7,2.65 -3.91,4.1 c -0.31,0.69 -0.64,1.36 -0.99,2.03 c -0.07,1.26 -0.14,2.52 -0.2,3.78 c -1.06,1.91 -2.22,3.75 -3.48,5.52 c -2.03,1.96 -4.02,3.95 -5.97,5.97 c -0.4,-1.05 -0.57,-2.16 -0.49,-3.33 c -0.28,-0.42 -0.57,-0.84 -0.88,-1.25 c -0.46,-2.06 0.69,-4.22 -1.02,-5.91 c -0.23,-1.9 0.25,-2.43 -0.89,-4.04 c 0.09,-1.14 -0.26,-2.12 -1.06,-2.92 c -0.29,-1.64 -0.69,-3.25 -1.21,-4.84 c -0.91,-1.23 -1.19,-2.62 -0.86,-4.14 c -0.09,-0.78 -0.39,-1.46 -0.91,-2.06 c -0.04,-0.94 -0.12,-1.88 -0.23,-2.81 c -0.78,-0.83 -1.09,-1.81 -0.96,-2.95 c -0.96,-1.82 -1.96,-2.93 -2.07,-5.07 c -1.1,-1.93 -2.08,-3.93 -2.96,-5.98 c -0.25,-0.48 -0.64,-0.69 -1.18,-0.63 c -0.36,-0.06 -0.63,-0.27 -0.79,-0.61 c -0.94,-2.35 -1.91,-4.69 -2.91,-7.01 c 0.21,-1.93 -0.97,-2.75 -1.37,-4.48 c -0.34,-0.35 -0.71,-0.67 -1.12,-0.94 c -0.33,-0.94 -0.8,-1.79 -1.43,-2.55 c -0.43,-0.24 -0.88,-0.27 -1.34,-0.11 c 0.09,-3.17 4.01,-3.56 3.16,-6.63 c 1.21,-1.26 2.46,-2.47 3.74,-3.64 c 0.92,-0.27 1.73,-0.75 2.43,-1.44 c 1.39,-1.39 3.46,-2.73 2.99,-5 c 0.23,-1.28 -0.15,-2.33 -1.15,-3.16 c -0.13,-1.29 -0.77,-2.26 -1.94,-2.9 c -1.67,-0.54 -2.98,-1.57 -3.92,-3.08 c -1.41,-0.51 -2.62,-1.29 -3.65,-2.33 c -0.62,-0.04 -1.2,0.07 -1.76,0.33 c 0.18,-1.34 -0.37,-2.31 -1.63,-2.91 c -1.68,-1.07 -3.37,-2.1 -5.09,-3.07 c -1,-1.46 -1.48,-1.15 -2.96,-1.86 c -1.2,-1.93 -3.75,-2.32 -5.55,-3.55 c -3.58,-0.04 -7.16,-0.01 -10.74,0.1 c -1.49,0.49 -2.93,1.08 -4.34,1.77 c -0.57,0.06 -1.15,0.11 -1.72,0.16 c -1.52,0.89 -3.1,1.65 -4.73,2.28 c -1.98,2.01 -3.01,3.57 -0.97,6.25 c 0.27,2.93 2.59,6.45 4.04,9.02 c 0.63,2.29 1.35,4.55 2.16,6.78 c 0.3,0.4 0.69,0.5 1.17,0.3 c -0.65,1.77 -0.43,3.41 0.67,4.91 c 0.02,0.93 0.1,1.85 0.23,2.76 c 0.51,0.61 0.79,1.32 0.83,2.11 c 0.08,6.31 0.03,12.61 -0.16,18.9 c -1.79,4.57 -5.77,6.21 -9.95,8.05 c -0.36,0.35 -0.69,0.72 -0.98,1.12 c -2.46,0.83 -3.63,2.12 -2.87,4.87 c 0.38,0.42 0.84,0.52 1.38,0.32 c 0.31,0.28 0.56,0.61 0.74,0.99 c -0.14,0.75 0.08,1.37 0.67,1.85 c 2.31,0.94 4.5,2.09 6.56,3.45 c 0.67,1.39 0.86,2.85 0.57,4.39 c -1.19,1.87 -2.35,3.75 -3.48,5.64 c -1.61,0.84 -1.26,1.49 -1.99,2.95 c -1.76,1.35 -3.09,3.01 -4.01,5 c -1.3,1.37 -2.68,2.65 -4.13,3.86 c -0.27,0.73 -0.55,1.45 -0.86,2.17 c -1.52,1.47 -3.08,2.91 -4.65,4.32 c -0.58,0.8 -1.03,1.67 -1.37,2.59 c -1.38,1.31 -2.75,2.63 -4.12,3.94 c -0.27,0.72 -0.55,1.44 -0.82,2.16 c -2.17,1.82 -4.22,3.77 -6.14,5.85 c -1.17,2.41 -2.83,4.42 -5,6.02 c -0.23,0.73 -0.52,1.44 -0.86,2.11 c -1.74,1.32 -3.09,2.96 -4.03,4.92 c -1.72,1.64 -3.43,3.28 -5.14,4.92 c -0.54,2.73 -4.15,5.02 -5.99,7.01 c -1.3,2.03 -2.59,4.07 -3.86,6.13 c -0.78,0.84 -1.55,1.66 -2.33,2.47 c 0.37,0.88 1.04,1.31 2.02,1.29 c 0.23,1.13 0.8,2.07 1.72,2.83 c 2.18,1.57 4.54,2.87 7.07,3.89 c 0.83,0.94 1.85,1.62 3.04,2.04 c 0.79,1.63 1.69,1.09 2.99,1.97 c 1.11,1.37 2.26,3.01 4.28,2.33 c 0.39,0.12 0.66,0.36 0.82,0.73 c -0.86,2 1.89,3.2 0.46,4.43 c -2.17,0.71 -4.25,1.7 -6.25,2.96 c -0.57,0.07 -1.14,0.11 -1.71,0.12 c -4.43,1.59 -8.86,3.18 -13.29,4.77 c -2.22,0.04 -4.21,0.74 -5.98,2.11 c -0.95,0.02 -1.89,0.05 -2.83,0.09 c -1.31,0.73 -2.68,1.35 -4.09,1.87 c -0.93,0.1 -1.87,0.18 -2.8,0.26 c -1.42,0.55 -2.82,1.15 -4.19,1.78 c -1.74,0.23 -2.53,-0.28 -4.03,0.98 c -1.95,0.26 -2.43,-0.3 -4.06,0.99 c -0.91,0.09 -1.83,0.18 -2.74,0.27 c -1.41,0.55 -2.81,1.12 -4.2,1.7 c -2.28,0.34 -4.54,0.74 -6.79,1.2 c -0.39,0.27 -0.79,0.53 -1.19,0.77 c -2.66,0.19 -5.33,0.26 -8,0.21 c -0.95,0.37 -1.92,0.69 -2.9,0.96 c -5.38,-0.04 -10.75,-0.05 -16.13,-0.02 c -2.29,0.73 -4.6,1.41 -6.93,2.04 c -5.02,-0.09 -10.05,-0.1 -15.07,-0.04 c -0.98,-0.3 -1.95,-0.65 -2.89,-1.05 c -2.5,-0.19 -9.32,0.82 -11.11,-0.81 c -1.96,-0.52 -3.39,0.54 -5.01,-1.01 c -0.95,-0.1 -1.9,-0.19 -2.86,-0.25 c -1.88,-1.22 -3.87,-2.18 -5.97,-2.87 c -4.99,0.01 -9.98,-0.04 -14.95,-0.16 c -2.09,-2.24 -1.52,-3.42 -1.74,-6.29 c -1.86,-1.44 -0.42,-4.91 -1.01,-6.96 c -1.65,-1.76 -0.57,-7.7 -0.92,-10.12 c 0.81,-2.77 1.78,-5.5 2.91,-8.16 c 0.07,-0.57 0.01,-1.13 -0.17,-1.67 c 1.27,0.42 5.36,-3.7 5.3,-4.97 c 0.13,-1.16 3.8,-1.25 4.69,-1.62 c 0.9,0.02 1.79,-0.03 2.68,-0.16 c 1.32,-0.68 2.65,-1.36 3.97,-2.04 c 0.94,-0.47 1.46,-1.22 1.55,-2.26 c 1.42,-1.07 2.8,-2.18 4.12,-3.34 c 0.79,0.06 1.44,-0.21 1.94,-0.82 c 0.5,-1.79 0.05,-3.27 -1.35,-4.44 c -0.79,-1.58 -1.63,-3.12 -2.52,-4.63 c -0.05,-0.93 -0.11,-1.86 -0.18,-2.79 c -0.65,-1.39 -1.26,-2.8 -1.82,-4.23 c -0.07,-1.3 -0.13,-2.6 -0.15,-3.91 c -0.42,-0.94 -0.74,-1.91 -0.99,-2.9 c 0.06,-2.36 0.1,-4.71 0.1,-7.07 c -0.4,-0.98 -0.77,-1.96 -1.12,-2.96 c 0.2,-1.72 1.5,-1.95 1,-3.98 c 2.96,-2.81 5.5,-6.25 7.69,-9.63 c 0.52,0.12 0.93,-0.04 1.23,-0.49 c 0.05,-1.14 0.4,-2.17 1.04,-3.1 c 0.15,-1.23 0.2,-2.47 0.15,-3.71 c 1.26,-3.79 2.8,-6.84 5.51,-9.72 c 1.12,0.08 2.76,-0.22 2.34,1.44 c -0.65,0.71 -1.26,1.44 -1.81,2.21 c -0.08,1.31 -0.09,2.62 -0.05,3.93 c 1.2,1.21 3.61,0.6 5.08,0.17 c 0.92,-0.82 1.11,-1.81 0.59,-2.96 c 3.45,-0.09 1.99,-3.96 2.34,-6.18 c -0.32,-1 -0.68,-1.97 -1.11,-2.93 c 0.05,-1.03 0.06,-2.05 0.05,-3.08 c -0.32,-2.42 3.54,-2 2.84,-5.77 c 0.13,-0.45 0.41,-0.75 0.85,-0.93 c 2.37,0.86 2.86,-1.08 4.38,-2.32 c 2.09,-0.98 4.22,-1.87 6.39,-2.67 c 0.47,-0.26 0.68,-0.66 0.62,-1.2 c 0.37,-0.55 0.91,-0.77 1.62,-0.67 c 1.94,0.42 5.74,-2.42 7.72,-3.08 c 0.35,-0.35 0.4,-0.74 0.14,-1.18 c 0.94,0.28 1.9,0.36 2.87,0.26 c 1.5,-1.39 3.13,-0.89 5,-1.04 c 0.81,-0.58 1.68,-1.04 2.62,-1.37 c 0.71,-1.12 4.23,-3.58 3.99,-4.82 c 6.64,-4.36 13.16,-8.92 19.56,-13.68 c 0.87,0.15 1.68,-0.01 2.42,-0.47 c 1.38,-1.41 3.5,-2.8 3.97,-4.8 c 0.23,-1.87 26.85,-18.55 30.46,-20.85 c 5.72,-3.71 13.66,-10.59 20.31,-11.92 c 0.83,0.12 1.6,-0.03 2.33,-0.43 c 0.78,-0.89 3.11,-2.63 2.88,-3.93 c 0.31,-1.13 3.71,-2.3 4.81,-2.65 c 0.88,0.03 1.76,-0.01 2.64,-0.13 c 1.72,-1.63 4.85,-0.4 7.03,-0.95 c 0.83,-0.55 1.71,-1 2.63,-1.36 c 0.4,-0.63 0.91,-1.12 1.55,-1.48 c 0.7,-0.46 4.9,0.69 4.17,-0.99 c 1.53,-0.07 3.05,-0.11 4.58,-0.15 c -0.17,0.84 0.18,1.24 1.06,1.19 c 0.63,-0.18 4.03,0.51 3.37,-1.04 c 0.44,-0.09 0.88,-0.17 1.31,-0.25 c 2.43,0.15 6.51,0.8 8.52,-0.78 c 2.51,-0.35 5.86,0.73 7.98,-0.94 c 1.85,-0.57 3.21,0.3 4.87,0.8 c 0.99,-0.01 1.97,0.05 2.95,0.18 c 2.37,0.99 4.76,1.93 7.16,2.8 c 0.96,0.12 1.91,0.05 2.85,-0.22 Z"/></g>
<g><path id="Tanjong Pagar GRC" fill="#377d22" stroke="#377d22" stroke-width="0.5" d="M 797.04,627.7 c -0.07,0.52 0.12,0.92 0.57,1.18 c 5.82,-0.48 3.42,4.57 5.6,4.14 c 0.6,2.72 2.77,18.86 8.51,13.96 c 2.93,0.32 4.88,-3.14 6.23,-5.28 c 4.02,-5 8.96,-7.49 14.18,-11.02 c 0.4,-0.78 1,-1.23 1.81,-1.33 c 1.18,-0.34 2.22,-0.93 3.12,-1.77 c 1.22,-2.17 2.37,-4.36 3.45,-6.56 c 1.61,-0.01 3.22,-0.03 4.83,-0.07 c 22.79,1.93 44.21,12.02 65.96,18.35 c 4.7,1.52 6.3,5.32 9.74,8.39 c -0.13,0.84 0.01,1.62 0.4,2.35 c 1.19,0.96 2.69,3.12 4.25,3.26 c 0.02,0.65 0.25,1.22 0.69,1.7 c 1.67,1.13 2.47,3.61 4.88,2.84 c 6.73,4.52 14.88,6.73 21.38,11.24 c 1.05,1.86 2.23,3.63 3.54,5.31 c 0.24,0.43 0.61,0.64 1.1,0.61 c 2.64,2.44 5.38,4.8 8.22,7.06 c 6.76,4.81 -1.52,21.81 -4.38,27.42 c -0.26,3.41 4.75,5.85 4.6,8.09 c 0.29,2.3 0.38,4.61 0.26,6.93 c -0.54,1.38 -1.1,2.77 -1.67,4.17 c -0.25,0.91 -0.36,1.84 -0.31,2.78 c -4.02,8.03 -11.05,14.69 -15.88,22.36 c -1.16,0.93 -1.78,2.13 -1.86,3.58 c 1.04,0.92 2.09,1.84 3.15,2.76 c 9.31,5.56 18.47,11.37 27.47,17.42 c 0.52,0.36 0.9,0.27 1.14,-0.27 c 3.82,-1.27 3.39,-2.75 5.09,-5.75 c 1.49,-2 2.17,-1.62 2.08,-4.56 c -0.06,-0.26 -0.11,-0.52 -0.16,-0.78 c 0.74,0.09 1.34,-0.16 1.79,-0.76 c 0.42,-1.21 1.11,-2.23 2.06,-3.07 c 0.28,-0.72 0.64,-1.4 1.07,-2.04 c 0.16,-0.91 0.26,-1.82 0.29,-2.74 c 0.15,-0.81 0.45,-1.55 0.91,-2.23 c 0.83,-0.35 1.58,-0.83 2.23,-1.45 c 0.81,-1.27 1.54,-2.58 2.17,-3.92 c 3.27,-0.01 6.55,-0.04 9.82,-0.11 c 4.03,-0.42 4.47,3.63 8.32,4.46 c 0.32,1.43 1.23,2.01 2.71,1.75 c 1.15,0.89 2.45,1.17 3.9,0.83 c 7.67,2.75 16.15,8.36 21.69,14.47 c 3.48,3.84 7.59,12.47 1.32,15.74 c -2.56,-0.19 -5.11,-0.44 -7.63,-0.76 c -1.03,0.34 0.85,3.6 1.14,4.18 c -0.95,1.06 -1.91,2.12 -2.9,3.18 c -0.19,0.35 -0.3,0.72 -0.33,1.11 c -4.17,3.71 -19.19,15.5 -24.16,17.25 c -2.65,-0.09 -5.3,-0.1 -7.96,-0.03 c -1.33,-0.61 -2.68,-1.21 -4.06,-1.78 c -1.2,-0.34 -2.42,-0.48 -3.67,-0.42 c -0.13,0.05 -0.26,0.11 -0.39,0.16 c -0.52,-1.34 -1.26,-2.55 -2.2,-3.65 c -0.69,-1.36 0.71,-5.66 -0.75,-6.27 c -2.05,-0.96 -4.06,-1.97 -6.03,-3.03 c -1.71,-0.52 -3.37,-1.15 -4.98,-1.89 c -1.37,-0.22 -2.67,-0.64 -3.91,-1.25 c -0.91,-0.13 -1.81,-0.2 -2.73,-0.2 c -0.48,0.12 -0.97,0.24 -1.46,0.34 c -0.48,-0.05 -0.85,0.13 -1.12,0.54 c -0.79,2.44 -0.16,4.42 1.87,5.93 c 0.44,0.25 0.89,0.26 1.34,0.03 c -0.29,1.3 -0.42,2.61 -0.39,3.94 c -0.01,8.93 0,17.87 0.02,26.8 c 0.08,0.57 0.36,3.05 -0.92,2.32 c -0.8,0.02 -1.44,0.34 -1.91,0.98 c -0.03,0.8 -0.23,1.52 -0.6,2.18 c -1.79,-1.47 -3.52,-3.03 -5.18,-4.7 c -1.37,-1.38 -2.48,-2.94 -3.31,-4.68 c -2.19,-1.76 -4.22,-3.71 -6.07,-5.83 c -1.84,-1.09 -2.97,-0.61 -3.39,1.43 c -5.05,4.08 -3.51,5.39 -0.25,9.78 c -0.04,0.81 -0.31,1.52 -0.82,2.12 c -2.3,-2.32 -4.63,-4.66 -6.97,-7.01 c -0.78,-0.62 -1.66,-0.83 -2.63,-0.63 c -0.6,-1.94 -4.55,-4.95 -5.91,-6.76 c -1,-1.1 -2.18,-1.93 -3.55,-2.49 c -5.7,0.09 -11.4,0.08 -17.1,-0.01 c -1.7,0.02 -3.33,0.37 -4.88,1.04 c -2.01,-0.11 -4.01,-0.13 -6.01,-0.05 c -1.4,0.12 -2.22,0.89 -2.46,2.31 c -4.32,2.66 -8.94,5.83 -13.73,7.8 c -1.19,-0.23 -2.46,0.4 -3.27,-0.77 c 0.18,-1.6 0.51,-3.18 0.99,-4.74 c 0.71,-0.96 1.03,-2.03 0.97,-3.23 c 0.05,-0.59 0.02,-1.17 -0.06,-1.75 c -1.14,-0.97 -1.99,-2.16 -2.58,-3.57 c -0.36,-1.1 -0.49,-2.23 -0.41,-3.4 c 0.32,-1.43 1.2,-2.32 2.65,-2.66 c 2.77,0.53 4.63,-2.6 5.7,-4.67 c 3.77,-1.72 4.27,-3.56 3.96,-7.62 c 0.47,-1.42 0.92,-2.84 1.35,-4.26 c -0.33,-0.86 -0.68,-1.71 -1.05,-2.55 c -2.28,-2.36 -4.65,-4.62 -7.11,-6.8 c -0.54,-0.83 -0.98,-1.7 -1.32,-2.62 c 1.26,-2.63 0.7,-4.78 -1.69,-6.45 c -0.87,-1.31 -0.04,-3.39 -2.32,-3.45 c -0.45,-0.38 -0.83,-0.81 -1.16,-1.3 c -0.23,-0.65 -0.55,-1.24 -0.96,-1.79 c -4.95,-1.89 -9.77,-4.06 -14.48,-6.51 c -0.13,-0.16 -0.26,-0.31 -0.39,-0.46 c 0.48,-0.91 0.75,-1.89 0.8,-2.92 c 0.72,-1.62 1.55,-3.19 2.5,-4.69 c 0.45,-0.88 0.34,-1.69 -0.32,-2.43 c -0.85,-0.23 -1.56,-0.64 -2.14,-1.23 c -0.07,-1.32 -1.81,-1.26 -2.54,-2.15 c -0.81,-1.24 0.15,-4.11 -1.88,-4.15 c -5.24,-1.56 -9.22,-2.17 -14.1,-4.87 c -0.56,-0.11 -1.05,0.02 -1.49,0.38 c -3.46,3.54 -6.7,7.27 -9.72,11.17 c -0.41,1.19 2.47,5.09 2.05,7.32 c -2.95,1.77 -4,2.49 -7.73,1.89 c -0.93,-0.57 -1.93,-0.84 -3.02,-0.82 c -3.24,-0.09 -6.47,0 -9.69,0.28 c -0.35,0.02 -0.7,0.04 -1.05,0.06 c 0.19,-0.5 0.07,-0.91 -0.36,-1.23 c -4.17,-0.02 -9.8,-0.52 -13.81,0.25 c -2.44,-0.1 -4.88,-0.3 -7.3,-0.62 c -1.01,-0.93 -2.15,-1.67 -3.42,-2.24 c -0.99,-1 -1.92,-2.03 -2.8,-3.1 c -0.07,-3.33 -0.41,-6.64 -1.03,-9.92 c -0.15,-6.02 -0.2,-12.04 -0.17,-18.06 c -0.84,-1.8 -1.64,-3.62 -2.41,-5.46 c -0.76,-0.93 -1.73,-1.56 -2.9,-1.9 c -1.3,-0.98 -2.18,-2.25 -2.62,-3.81 c 0.01,-0.53 -0.07,-1.06 -0.26,-1.56 c -1.06,-2.26 -2.19,-4.47 -3.39,-6.64 c -0.64,-1.84 -1.13,-3.71 -1.45,-5.61 c -0.29,-2.13 2,-1.04 3.17,-1.93 c 1.06,-1.43 3.44,-2.75 2.69,-4.85 c 1.51,0.55 1.45,-1.89 0.59,-2.65 c -1.54,-1.47 -2.86,-3.1 -3.95,-4.88 c -0.59,-0.1 -1.17,-0.06 -1.74,0.12 c -0.41,-0.17 -0.68,-0.47 -0.84,-0.88 c -0.21,-1.58 -2.69,-3.76 -3.75,-4.98 c -0.67,-0.39 -1.38,-0.71 -2.12,-0.96 c -1.64,-1.98 -3.74,-3.08 -6.3,-3.28 c -0.36,-0.16 -0.6,-0.42 -0.73,-0.8 c 0.15,-0.86 -0.3,-8.86 -2.19,-7.98 c 0.22,-0.91 0.22,-1.83 0,-2.74 c -1.65,-2.49 -3.07,-4.85 -4.13,-7.67 c -1.79,-1.9 -3.62,-3.76 -5.47,-5.6 c -0.78,-0.35 -1.59,-0.41 -2.42,-0.19 c -1.08,-0.81 -2,-1.76 -2.77,-2.85 c 0.69,-2.99 -1.61,-2.66 -2.53,-4.84 c 0.56,-0.49 1.23,-0.65 2.01,-0.46 c 2.17,-0.92 3.63,-4.52 5.24,-6.12 c 2,-0.65 3.29,-1.98 3.88,-4 c 1.38,-0.95 1.95,-2.26 1.7,-3.94 c -0.12,-0.44 6.09,-9.08 6.78,-10.34 c 1.77,-0.45 3.32,-0.02 4.67,1.28 c 2.55,1.45 8.93,7.96 11.8,7.24 c 4.75,-1.39 8.4,-4.25 13.62,-2.71 c 1.44,2.6 1.65,3.35 3.94,5.25 Z"/></g>
<g><path id="Radin Mas SMC" fill="#02a2e8" fill-opacity="0.996" stroke="#02a2e8" stroke-width="0.5" stroke-opacity="0.996" d="M 859.85,751.42 c 0.46,1.51 3.79,-0.11 4.85,1.29 c -1.11,2.67 -2.23,5.35 -3.36,8.05 c -0.73,3.25 3.53,3.53 5.32,5.33 c 0.17,0.7 0.5,1.29 1.01,1.77 c 2.09,1 4.35,2.28 6.77,2.08 c 4.72,1.13 8.01,5.85 5.98,10.54 c 0.26,2.22 7.09,7.98 8.67,9.95 c 6.26,8.5 -4.01,13.89 -9.47,18.27 c -0.34,0.42 -0.66,0.86 -0.97,1.31 c -0.63,4.35 2.88,8.82 2.07,12.41 c -0.99,1.86 -6.57,1.64 -8.43,1.8 c -2.87,-0.27 -5.74,-0.28 -8.61,-0.04 c -3.26,0.59 -24.36,-13.55 -28.76,-15.63 c -0.56,-0.26 -0.87,-0.69 -0.92,-1.3 c -0.08,-0.81 0.07,-1.57 0.44,-2.29 c 2.62,-2.71 5.3,-5.37 8.03,-7.97 c 1.35,-2.29 2.99,-4.33 4.93,-6.14 c 2.36,-3.68 4.47,-7.5 6.33,-11.46 c 0.37,-1.18 0.53,-2.39 0.5,-3.63 c -0.22,-2.03 1.62,-3.07 0.62,-5.17 c -4.16,-2.48 -8.31,-4.98 -12.46,-7.49 c -0.46,-0.58 -0.49,-1.18 -0.09,-1.8 c 0.62,-1.19 1.17,-2.43 1.66,-3.72 c -0.34,-0.89 0.74,-6.87 -1.14,-6.2 c 0.67,-2.84 3.07,-4.9 5.15,-6.8 c 1.26,-1.24 3.51,0.59 4.66,1.26 c 0.97,0.09 1.93,0.11 2.9,0.06 c 4.45,0.46 0.53,5.08 4.32,5.52 Z"/></g>
<g><path id="Aljunied GRC" fill="#ffaaaa" fill-opacity="0.996" stroke="#ffaaaa" stroke-width="0.5" stroke-opacity="0.996" d="M 1255.66,454.92 c 0.33,0.42 0.47,0.89 0.44,1.43 c -0.25,4.73 -0.15,9.46 0.31,14.18 c -0.21,5.39 -0.36,10.78 -0.44,16.18 c -1.62,7.22 -12.01,23.5 -15.43,31.28 c -1.17,1.74 -0.86,3.1 0.92,4.09 c 5.55,3.19 11.17,6.23 16.87,9.13 c 7.82,3.57 15.69,7.01 23.61,10.32 c 2.54,3.07 -8.45,17.27 -11.33,19.66 c -1.31,1.18 -2.84,1.84 -4.57,1.97 c -0.25,-0.84 -0.29,-1.72 -0.11,-2.65 c -0.83,-1.97 -1.27,-3.94 -1.55,-6.11 c -1.54,-1.17 -2.96,-2.5 -4.24,-3.98 c -1.41,-0.17 -2.76,-0.54 -4.05,-1.1 c -0.45,-2.31 -0.45,-3.71 -2.46,-5.31 c -0.73,-1.61 -0.78,-3.63 -3.11,-3.57 c -3.19,0.61 -2.72,-0.51 -5.02,-1.46 c -5.84,0.32 -3.97,0.39 -4.51,-4.39 c -1.23,-1.27 -2.72,-1.73 -4.48,-1.38 c -3.53,1.48 -16.77,3.37 -17.88,7.08 c -3.12,4.21 0.35,8.53 1.77,12.74 c 2.01,5.87 15.82,8.66 20.66,7.64 c 1.38,-0.65 3.59,-2.6 5.21,-2.15 c 4.19,1.49 8.41,2.89 12.66,4.2 c 1.62,0.41 3.24,0.76 4.85,1.07 c 0.93,4.27 4.89,20.09 3.93,23.42 c -9.78,2.48 -19.56,5.01 -29.35,7.58 c -7.08,1.86 -16.67,-4.81 -20.43,-10.18 c -0.36,-0.4 -0.81,-0.59 -1.34,-0.57 c -13.25,5.72 -26.16,12.14 -38.71,19.28 c -2.15,0.5 -4.28,1.07 -6.4,1.72 c -0.91,0.19 -1.67,-0.05 -2.27,-0.73 c -0.39,-7.76 -7.58,-12.39 -12.37,-17.64 c -8.63,-8.26 -18.78,-19.02 -27.7,-26.51 c -4.53,-2.28 -8.54,-4 -10.67,-8.92 c -0.91,-6.17 -2.14,-12.28 -3.7,-18.33 c -1.2,-2.54 -2.25,-5.14 -3.17,-7.8 c -0.21,-0.55 -0.58,-0.94 -1.13,-1.17 c -3.99,-0.06 -7.98,-0.02 -11.98,0.1 c -1.2,-0.53 -5.34,-0.83 -5.24,-2.6 c -0.51,-1.38 0.5,-5.56 -1.73,-5.55 c -3.35,0.19 -6.69,0.49 -10.02,0.9 c -2.92,-0.47 -5.84,-0.92 -8.75,-1.36 c -2.83,-1.45 -5.71,-2.8 -8.62,-4.04 c -10.78,-13.16 -10.21,-12.59 -27.63,-11.27 c -15.37,1.71 -21.98,12.2 -30.95,23.13 c -1.23,2.06 -2.01,4.3 -2.36,6.69 c -0.47,0.94 -0.9,0.92 -1.28,-0.06 c -3.7,-11.68 -9.84,-22.27 -6.55,-34.92 c 4.03,-12 8.19,-23.95 12.47,-35.86 c 0.61,-2.41 1.11,-4.84 1.5,-7.28 c 3.91,-1.34 7.82,-2.73 11.73,-4.16 c 5.36,-2.68 8.91,-5.67 15.42,-4.33 c 18.61,4.51 37.26,8.8 55.97,12.86 c 1.24,0.3 1.98,1.09 2.21,2.36 c 0.12,2.35 0.1,4.67 -0.06,6.98 c 2.84,3.59 5.9,6.96 9.19,10.11 c 0.7,0.12 1.31,-0.06 1.85,-0.54 c 2.91,-2.88 5.87,-5.67 8.88,-8.39 c 1.66,0.24 4.02,3.96 4.96,5.31 c 1.01,2.64 1.63,5.38 1.87,8.21 c 0.14,0.14 0.29,0.29 0.43,0.44 c 2.57,-0.14 5.15,-0.35 7.73,-0.64 c 4.26,-0.14 2.95,-4.19 5.3,-6.64 c 4.31,-4.09 8.46,-8.33 12.46,-12.71 c 4.01,-9.43 6.34,-16.81 14.06,-23.94 c 2.06,-1.51 7.22,-13.99 3.21,-13.91 c -2.69,-0.01 -6.41,-1.24 -8.75,0.47 c -8.46,8.46 -17.12,16.72 -25.97,24.78 c -3.65,3.02 -2.05,-2.45 -4.43,-2.78 c -1.29,0.55 -2.58,1.1 -3.9,1.64 c -0.97,0.12 -1.93,0.08 -2.89,-0.14 c -1.95,-1.99 -4.03,-3.84 -6.26,-5.55 c -2.62,-1.06 -3.05,3.02 -4.83,2.96 c -2.46,-1.15 -5.04,-2.01 -7.71,-2.57 c -0.54,-0.56 -0.6,-1.18 -0.2,-1.87 c 6.8,-10.42 21.15,-18.11 33.31,-13.03 c 3.62,1.16 3.48,-8.59 4.82,-9.45 c 8.39,-1.43 17.05,-1.82 25.38,-3.52 c 1.24,-0.25 2,-0.99 2.28,-2.21 c -0.43,-12.6 2.66,-17.22 16.11,-17.35 c 4.62,0.72 7.69,2.55 12.58,1.52 c 1.18,-0.39 3.49,-3.02 4.8,-1.92 c 2.53,2.75 5.05,5.5 7.58,8.26 c 1.02,1 1.13,2.09 0.31,3.26 c -2.43,3.53 -4.91,7.03 -7.42,10.5 c -0.68,1.77 -0.09,2.44 1.75,2 c 6.65,-4.31 14.34,-7.4 15.55,3.68 c 1.12,7.56 0.28,16.32 6.36,22.02 c 11.01,10.63 15.95,22.4 32.65,11.39 Z"/></g>
<g><path id="Nee Soon GRC" fill="#b97b59" stroke="#b97b59" stroke-width="0.5" d="M 887.94,209.84 c 2.25,1.71 2.3,0.08 4.15,-1.22 c 1.15,-1.46 2.38,-2.82 3.7,-4.1 c -0.39,-0.58 -0.6,-1.22 -0.63,-1.91 c 1.21,-3.28 3.45,-5.17 2.94,-9 c 0.12,-0.42 0.39,-0.62 0.81,-0.62 c 2.45,0.1 5.12,-3.03 5.31,-5.34 c 2.26,-1.74 4.63,-3.42 7.09,-5.03 c 2.19,-1.02 4.4,-1.96 6.64,-2.79 c 0.54,0.29 1.05,0.64 1.53,1.02 c 0.47,-0.4 0.98,-0.53 1.52,-0.38 c 1.05,2.07 2.82,1.39 1.93,-0.56 c 3.07,2.18 6.92,4.47 8.92,7.81 c 0.03,0.52 -0.09,0.99 -0.35,1.43 c -0.99,0.96 -1.79,2.03 -2.4,3.22 c 0.72,1.62 1.35,3.28 1.89,4.97 c 2.44,3.89 5,7.67 7.67,11.32 c 0.19,0.44 0.39,0.88 0.59,1.32 c -0.76,0.04 -0.99,0.39 -0.7,1.06 c 2.25,2.37 4.55,4.7 6.89,6.98 c 1.06,1.31 2.27,0.03 1.44,-1.06 c 2.18,1.32 2.35,1.05 4.77,0.21 c 0.8,0.31 1.6,0.39 2.41,0.25 c 1.47,-1.97 5.24,-3.86 4.87,-6.62 c 0.45,-0.66 1.07,-1.13 1.85,-1.42 c 3.52,-0.59 2.86,-0.48 5.06,-3 c 2.13,-0.71 4.21,-1.5 6.25,-2.36 c -0.36,1.76 0.16,2.11 1.56,1.04 c 0.58,-0.1 1.16,-0.14 1.75,-0.14 c 1.14,-0.62 2.33,-1.09 3.58,-1.41 c 3.11,-3.22 6.3,-6.35 9.57,-9.39 c 0.39,-0.75 0.63,-1.55 0.7,-2.39 c 0.41,-1.01 1.18,-1.59 2.32,-1.74 c 5.02,-1.62 9.3,7.89 11.83,11.04 c 1.79,1.83 3.51,3.7 5.14,5.63 c 1.46,-0.13 2.61,-0.83 3.43,-2.1 c 1.91,-0.98 5.72,-3.33 4.84,-5.93 c -2.66,-3.41 -5.11,-6.96 -7.37,-10.66 c -1.19,-1.56 -5.44,-4.5 -5.43,-6.46 c 0.02,-7.59 -2.63,-13.9 -6.84,-20.14 c -0.6,-1.8 1.98,-1.62 2.88,-0.84 c 4.62,3.87 8.38,9.47 12.41,13.43 c 3.16,8.6 15.09,17.82 13.35,27.44 c -1.22,2.55 -3.05,3.15 -5.48,1.78 c -0.56,-0.19 -1.13,-0.2 -1.7,-0.01 c -2.18,2.18 -4.54,4.14 -7.09,5.86 c -0.21,0.4 -0.28,0.82 -0.19,1.27 c 1.12,3.29 1.27,6.64 0.44,10.04 c -0.7,0.51 -0.53,2.65 -1.43,2.44 c -2.55,0.19 -3.19,1.6 -4.88,3.16 c -0.52,0.58 -0.57,2.71 0.63,2.03 c -3.44,3.67 -1.3,8.28 -6.98,9.74 c -2.84,4.82 -7.12,12.98 -7.16,18.83 c -1.84,5.16 -4.79,7.7 -9.01,10.9 c -1.12,0.84 -2.08,-0.22 -2.94,1.09 c -0.67,4.02 -3.29,13.82 -7.53,15.14 c -2.15,0.08 -4.23,0.39 -6.24,0.92 c -0.07,0.47 0.07,0.87 0.43,1.2 c 2.46,0.23 5.98,0.75 3.79,4.26 c -0.99,0.96 -1.96,1.93 -2.91,2.92 c -0.36,1.68 -1.28,2.15 -2.75,1.41 c -0.82,-1.19 -3.68,-2.76 -2.37,-4.44 c 0.78,-0.44 1.5,-0.95 2.16,-1.52 c -0.96,-2.59 -3.58,-0.07 -5.1,0.51 c -0.63,0.82 -0.72,1.72 -0.27,2.7 c -1.12,0.47 -1.2,1.12 -0.26,1.94 c 1.55,1.26 3.86,4.6 5.91,4.66 c 0.07,0.34 -0.04,0.6 -0.33,0.8 c -10.23,8.63 -17.79,18.26 -31.42,7.4 c -3.77,-2.31 -0.93,-5.86 -3.77,-7.46 c -2.54,-0.94 -1.23,3.27 -1.6,4.42 c -1.26,3.32 -8.69,1.23 -11,-0.34 c -1.49,-2.43 -1.58,-3.95 -5.13,-2.74 c -2.63,2.25 -15.22,5.78 -16.12,7.84 c -2.79,5.6 -5.91,14.44 -6.63,20.46 c 0.18,2.52 1.54,3.59 4.07,3.19 c 0.47,0.44 0.99,0.78 1.57,1.05 c 1.92,-1.37 3.33,-3.14 4.24,-5.31 c -0.33,-0.5 -0.64,-1.02 -0.91,-1.56 c 0.36,-0.09 0.72,-0.17 1.08,-0.26 c 1.33,-0.07 4.62,-3.47 4.77,-4.72 c 0.17,-0.4 0.34,-0.8 0.51,-1.21 c 2.67,-1.65 5.18,-1.86 8.2,-2.71 c 2.08,-0.1 4.11,-0.44 6.09,-1.02 c 1.56,0.02 1.81,0.58 0.74,1.69 c -2.07,1.55 -3.99,3.28 -5.76,5.18 c -2.81,2.53 -4.75,7.64 -1.85,10.76 c 3.84,1.59 4.72,2.86 1.3,5.88 c -2.74,4.3 -5.36,8.51 -7.64,13.12 c -0.17,0.43 -0.12,0.82 0.17,1.16 c 3.4,-1.45 3.36,-6.1 7.28,-7.61 c 1.96,-0.03 4.92,2.03 4.98,4.07 c -4.6,10.68 -11.33,9.72 -21.13,12.58 c -4.39,0.82 -8.83,1.29 -13.31,1.41 c -0.09,-0.53 -0.38,-0.9 -0.88,-1.12 c -2.91,-0.29 -5.84,-0.44 -8.77,-0.45 c -3.75,0.27 -14.86,-1.78 -15.4,-7.25 c -1.05,-5.01 -2.22,-14.39 -7.77,-16.4 c -3.66,-0.78 -7.36,-1.21 -11.12,-1.28 c -0.38,-0.61 -0.93,-0.95 -1.65,-1.02 c -3.68,0.08 -7.36,0.25 -11.03,0.51 c -0.89,-0.23 -1.79,-0.32 -2.71,-0.29 c 0.48,-1.63 -3.56,-0.65 -4.32,-1.05 c -0.81,-0.58 -1.45,-1.31 -1.92,-2.21 c 1.25,-2.84 2.6,-5.65 4.05,-8.41 c 0.31,-1.65 1.67,-3.03 0.94,-4.79 c -9,-10.09 -9.61,-29.51 -18.32,-38.65 c -5.17,-2.31 -6.39,-1.91 -7.97,-7.81 c -5.03,-6.4 -12.68,-9.97 -18.92,-15.02 c -0.8,-1.28 -0.81,-4.69 1.18,-4.69 c 0.85,-0.13 1.65,-0.39 2.42,-0.78 c 1.33,-1.67 2.84,-3.18 4.51,-4.51 c -0.02,-0.8 -0.14,-1.59 -0.36,-2.4 c -0.14,-0.48 0.03,-0.77 0.53,-0.88 c 2.33,0.91 3.15,-1.63 4.7,-2.8 c -0.09,-0.76 -0.18,-1.53 -0.29,-2.31 c 0.3,-0.82 0.84,-1.45 1.6,-1.89 c 2.37,0.97 3.11,-1.85 4.83,-2.79 c 0.04,-0.75 -0.1,-1.49 -0.4,-2.23 c -0.08,-0.41 0.08,-0.59 0.48,-0.55 c 2.92,0.04 3.78,-2.65 5.81,-4.22 c -0.16,-0.77 -0.25,-1.57 -0.28,-2.38 c -0.07,-0.41 0.08,-0.68 0.47,-0.81 c 2.18,0.79 2.91,-1.16 4.39,-2.28 c 1.32,-0.95 -0.11,-1.51 0.01,-2.73 c 0.02,-0.46 0.26,-0.7 0.72,-0.71 c 2.22,0.24 3.68,-2.19 5,-3.6 c -0.34,-0.54 -0.84,-0.84 -1.49,-0.89 c 0.14,-0.78 0.6,-1.22 1.37,-1.33 c 0.85,-0.03 1.63,-0.26 2.35,-0.7 c 0.7,-1.21 4.82,-3.54 1.29,-3.95 c -0.11,-0.45 0.07,-0.63 0.55,-0.54 c 2.14,0.19 3.65,-2.21 4.95,-3.59 c -0.36,-0.48 -0.85,-0.78 -1.46,-0.88 c -0.14,-0.44 0.04,-0.65 0.55,-0.62 c 2.04,0.45 3.25,-1.93 4.65,-3 c 0.7,-0.94 -0.62,-1.41 -1.34,-1.31 c 1.67,-2.57 3.43,-5.1 5.28,-7.61 c 0.65,-1.32 1.35,-2.63 2.09,-3.91 c 3.42,-10.44 0.86,-9.76 -8.12,-13.18 c -0.56,-0.31 -0.74,-0.75 -0.56,-1.33 c 3.05,-1.25 6.04,-2.65 8.98,-4.19 c 3.69,-2.36 3.81,-6.49 4.1,-10.45 c 1.98,0.12 3.08,-9.01 0.94,-7.7 c 0.04,-0.55 0.07,-1.1 0.11,-1.65 c 1.94,1.17 1.06,-7.57 -1.05,-7.7 c -1.51,-9.54 -5.11,-18.69 -9.25,-27.4 c -0.26,-1.5 2.17,-1.57 2.98,-2.45 c 9.21,-3.29 9.91,-3.45 18.49,0.78 c 6.43,4.69 12.97,9.25 19.6,13.66 c 0.28,0.93 0.2,1.84 -0.24,2.71 c -3.58,4.64 -7.64,8.1 -10.51,13.3 c -0.64,1.93 1.22,5.04 1.96,6.8 c 6.22,10.3 11.92,20.33 14.66,32.1 c -0.01,6.59 3.61,10.84 5.06,17.03 c 0.39,3.22 0.33,12.14 3.84,13.48 c 1.81,-0.61 3.59,-1.33 5.35,-2.14 Z M 914.72,181.63 c 0.09,0.53 0.36,0.92 0.82,1.19 c 0.83,-0.55 -0.52,-1.02 -0.82,-1.19 Z M 912.69,182.64 c 0.06,0.54 0.32,0.93 0.8,1.17 c 0.97,-0.57 -0.42,-1.04 -0.8,-1.17 Z M 964.65,208.62 c 0.06,0.55 0.34,0.93 0.84,1.16 c 1.03,-0.57 -0.48,-1.06 -0.84,-1.16 Z M 820.67,328.64 c 0.09,0.53 0.37,0.92 0.86,1.14 c 0.95,-0.52 -0.62,-0.99 -0.86,-1.14 Z M 819.7,330.73 c 0.08,0.51 0.35,0.86 0.82,1.06 c 0.82,-0.62 -0.42,-0.96 -0.82,-1.06 Z M 818.8,332.63 c 0.05,0.5 0.29,0.87 0.73,1.12 c 0.8,-0.49 -0.45,-0.95 -0.73,-1.12 Z"/></g>
<g><path id="Moulmein-Kallang GRC" fill="#c7bfe7" fill-opacity="0.996" stroke="#c7bfe7" stroke-width="0.5" stroke-opacity="0.996" d="M 896.79,517.76 c 0.92,2.24 10.89,6.81 13.24,8.79 c 4.08,5.09 8.11,5.6 14.43,4.77 c 1.24,0.13 1.81,0.85 1.71,2.16 c 0.1,9.17 -0.38,11.72 -8.33,15.91 c -0.95,1.09 -1.13,2.31 -0.54,3.68 c 1.04,1.93 2.17,3.8 3.4,5.61 c 2.93,5.21 -0.24,12.04 0.67,17.66 c 2.3,4.45 9.36,21.81 14.18,22.12 c 9.78,-2.1 17.08,-2.77 27.26,-2.18 c 1.48,0.77 7.6,5.4 10.19,6.19 c 4.29,2.57 -5.7,6.55 -2.51,10.6 c 5.1,5.69 7.85,7.18 7.71,15.4 c 0.6,5.68 15.52,12.23 19.75,15.96 c 1.33,0.92 2.6,0.86 3.82,-0.17 c 4.96,-5.81 9.6,-11.87 13.92,-18.18 c 0.29,-0.71 0.16,-1.32 -0.4,-1.83 c -2.68,-0.78 -5.39,-1.43 -8.14,-1.95 c -1.36,-0.93 -7.02,-3.98 -6.87,-5.67 c 2.9,-3.02 5.83,-6.03 8.78,-9.04 c 1.76,-2.14 3.09,-4.51 3.99,-7.13 c 0.6,-2.02 1.15,-4.01 1.68,-5.96 c 2.13,0.36 4.09,1.13 5.88,2.31 c 10.12,3.11 16.86,5.67 23.66,14.43 c 4.26,4.16 10.24,16.59 15.36,18.62 c 2.76,0.64 15.23,-6.78 19.73,-6.52 c 1.82,0.6 1.58,8.97 1.6,10.67 c -0.14,5.69 -0.01,11.37 0.39,17.04 c 0.58,3.46 0.85,6.95 0.81,10.47 c 0.05,0.89 -0.27,1.59 -0.95,2.12 c -9.71,2.11 -12.17,1.4 -17.02,10.26 c -2.25,3.41 -12.33,1.8 -16.29,3.3 c -3.98,1.91 -7.76,4.18 -11.34,6.8 c -2.51,2.87 1.37,5.3 3.79,6.09 c 0.34,1.07 0.74,2.11 1.2,3.11 c 1.65,0.94 2.42,-0.57 3.02,-1.76 c 1.12,0.25 0.83,2.18 0.98,2.99 c -0.16,2.28 -2.22,4.32 0.22,6.28 c 1.42,0.54 5.26,1.05 4.5,3.33 c -2.15,-0.04 -4.28,0.1 -6.39,0.42 c -0.68,0.97 -1.28,1.99 -1.81,3.06 c -2.47,0.91 -9.1,1.04 -11.57,-0.54 c -10.12,-1.62 -3.4,14.64 -6.55,16.31 c -1.36,0.76 -2.91,0.38 -3.44,2.14 c 0.28,4.71 0.76,9.4 1.42,14.08 c -0.55,6.73 -6.84,2.48 -10.47,4.14 c -0.51,0.91 -1,1.83 -1.47,2.75 c -3.73,1.52 -12.43,-1.88 -17.02,0.08 c -5.08,8.87 -10.24,17.7 -15.47,26.48 c -1.44,1.41 -3.95,-2.41 -5.39,-2.78 c -3.67,-2.82 -22.03,-11.36 -22.46,-15.28 c 2.6,0.17 14.59,-16.41 16.43,-19.42 c 2.11,-4.28 4.08,-8.61 5.91,-13 c -1.52,-6 -2.64,-7.39 -6.85,-12.06 c -1.33,-1.78 1.78,-3.01 2.29,-4.63 c 4.09,-6.51 1.13,-13.73 5.2,-20.49 c 0.15,-0.48 0.12,-0.95 -0.09,-1.4 c -3.34,-3.32 -6.84,-6.47 -10.5,-9.45 c -7.08,-12.39 -17.7,-12.39 -29.08,-18.9 c -5.43,-5.91 -10.93,-11.76 -16.48,-17.54 c -20.39,-6.49 -44.17,-16.45 -64.99,-19.86 c -6.65,-0.67 -13.25,-1.24 -19.8,-2.56 c -9.16,-6.41 -18.38,-12.73 -27.67,-18.94 c -6.45,-2.49 -12.89,-4.96 -19.34,-7.43 c 0.23,-0.78 0.37,-1.58 0.43,-2.39 c 0.07,-2.88 0.09,-5.76 0.05,-8.65 c 0.75,-0.6 1.07,-1.39 0.97,-2.38 c 0.29,-2.96 1.62,-5.31 3.98,-7.06 c 8.14,-5.68 14.22,-2.47 20.71,-3.95 c 0.72,0.01 1.11,-0.34 1.17,-1.07 c 2.17,-0.64 2.88,-2.04 2.12,-4.2 c -5.8,-5.9 -11.48,-11.91 -17.05,-18.04 c -3.12,-3.53 3.93,-2.48 4.92,-5.02 c 0.62,-2.46 1.22,-4.92 1.78,-7.39 c 2.24,-2.73 4.32,-5.59 6.23,-8.57 c 6.57,-11.1 13.19,-22.16 19.83,-33.19 c 0.74,-0.3 1.48,-0.29 2.21,0.04 c 18.75,8.99 37.51,17.93 56.3,26.84 c 2.95,0.53 5.54,3.3 8.46,3.57 Z M 865.96,529.99 c 0.01,1.34 0.02,2.69 0.03,4.03 c 0.17,7.8 -10.92,4.74 -12.85,1.39 c -0.44,-4.48 -3.74,-5.69 -3.11,-10.94 c -0.02,-0.5 -0.22,-0.88 -0.63,-1.14 c -3.59,0.64 0.9,15.69 -4.85,11.57 c -2.51,-2.69 -2.07,-3.96 -5.87,-5.26 c -1.47,-0.82 -6.58,-5.73 -7.94,-3.3 c -0.27,1.07 -0.22,2.12 0.15,3.16 c 2.1,1.88 4,3.94 5.71,6.17 c -0.1,1.28 -0.3,2.56 -0.6,3.84 c -0.31,4.78 6.42,0.77 8.13,3.98 c -0.21,1.7 -0.59,3.37 -1.17,5.01 c -0.15,1.18 0.32,3.04 1.76,1.65 c 3.34,-4.42 6.38,-5.77 11.67,-3.12 c 2.09,4.13 -2.17,10.13 -4.19,13.63 c -0.22,0.99 0.17,1.44 1.17,1.34 c 2.41,-1.78 4.23,-4.05 5.47,-6.8 c 2.37,-1.27 3.36,-0.94 4.42,-3.73 c -0.03,-1.31 -0.27,-2.59 -0.72,-3.82 c 0.54,-2.5 6.62,-3.8 8.82,-3.38 c 1.18,0.29 1.54,1.98 2.93,1.56 c 0.65,-0.99 1.43,-1.85 2.34,-2.58 c 4.66,-2.29 9.91,3.43 14.33,4.47 c 1.36,1.43 2.84,2.71 4.44,3.84 c 0.36,-1.23 0.63,-2.52 0.78,-3.88 c 1.08,-1.07 3.07,0.1 4.34,0.18 c 3.11,0.43 -0.48,7.56 3.82,5.2 c 2.37,-2.81 2.03,-2.84 6.01,-3.31 c 2.02,-0.86 3.92,-1.96 5.68,-3.29 c 0.77,-0.8 0.95,-1.73 0.56,-2.77 c -0.89,-1.07 -1.16,-2.25 -0.82,-3.54 c 1.37,-0.8 2.67,-1.66 3.9,-2.57 c -0.35,-0.63 -0.88,-1.04 -1.6,-1.24 c -1.7,-0.17 -3.37,-0.5 -5,-0.97 c -1.61,-2.12 -1.24,-5.45 -4.47,-5.87 c -0.23,0.23 -0.32,0.51 -0.27,0.84 c 0.78,1.84 1.43,7.63 -1.75,7.51 c -1,-0.48 -1.98,-0.96 -2.95,-1.44 c -2.73,1.29 -3.41,-0.42 -3.59,-2.92 c 0.08,-1.68 0.38,-3.29 0.91,-4.86 c -1.13,-0.47 -2.18,-1.06 -3.15,-1.79 c -1.44,-1.78 -1.14,-3.19 -1.84,-5.21 c -1.12,-0.71 -2.26,-1.41 -3.41,-2.08 c -2,0.53 -2.37,0.27 -4.2,-0.56 c -0.47,-0.07 -0.84,0.08 -1.12,0.44 c 0.89,1.25 1.15,2.6 0.78,4.04 c -1.33,0.51 -2.7,0.87 -4.12,1.07 c -0.36,0.15 -0.57,0.41 -0.63,0.8 c 4.25,2.45 9.86,-2.88 11.51,5.57 c 2.85,9.09 -4.18,8.97 -8.74,3.6 c -0.46,-1.19 -1.01,-2.32 -1.64,-3.39 c -2.18,-0.46 -1.5,6.12 -7.67,4.35 c -1.12,-0.75 -2.24,-1.5 -3.35,-2.25 c -1.14,0.23 -2.28,0.34 -3.42,0.34 c -1.78,-2.42 -2.03,-5.54 -2.79,-8.33 c -0.56,-0.74 -2.13,-1.96 -2.86,-0.74 c 0.41,2.2 1.89,2.83 1.66,5.5 Z"/></g>

<g><path id="Marine Parade GRC" fill="#732cf5" stroke="#732cf5" stroke-width="0.5" d="M 1067.32,516.25 c 0.92,-0.21 1.68,0.05 2.29,0.8 c 0.35,1.32 1.21,1.93 2.58,1.84 c -0.04,0.83 0.37,1.21 1.25,1.12 c 5.33,-0.11 10.65,-0.07 15.98,0.12 c 0.15,0.16 0.31,0.33 0.46,0.49 c 0.17,4.42 -0.3,4.47 3.72,6.27 c 1.11,-0.04 2.1,0.28 2.96,0.97 c 1.12,0.01 7.92,1 7.34,-1.22 c 0.3,0.06 0.6,0.12 0.9,0.17 c 1.15,0.31 2.28,-0.38 3.1,0.73 c 0.85,2.1 1.86,4.11 3.05,6.04 c 0.08,0.94 0.13,1.89 0.17,2.84 c 1.46,1.66 0.33,3.63 2.68,4.72 c -0.02,0.35 -0.04,0.7 -0.06,1.05 c 0,2.16 0.13,4.3 0.42,6.44 c 0.62,1.15 0.96,2.39 1.01,3.72 c 1.27,1.85 1.84,5.7 4.46,6.01 c 0.39,0.79 0.83,1.54 1.33,2.26 c 1.38,0.61 2.76,1.21 4.14,1.79 c 1.65,2.03 3.43,4.05 5.96,4.98 c 2.81,3.23 5.81,6.3 8.98,9.19 c 0.65,0.4 1.33,0.45 2.04,0.16 c -0.04,0.47 0.08,0.88 0.37,1.25 c 5.25,5.12 10.42,10.32 15.53,15.58 c 0.59,0.51 1.28,0.76 2.06,0.77 c 0.36,-0.19 0.66,-0.13 0.92,0.17 c 1.45,1.88 2.92,3.74 4.42,5.59 c 0.43,0.82 0.55,1.69 0.35,2.6 c 0.09,1.92 0.2,3.84 0.33,5.76 c 0.3,0.41 0.71,0.58 1.22,0.51 c -0.19,1.46 2.53,1.46 2.37,0.11 c 0.98,0 1.96,-0.04 2.94,-0.11 c 1.14,-0.71 2.38,-1.1 3.73,-1.17 c 1.24,-0.76 3.1,-0.95 3.04,-2.8 c 1.24,-0.89 5.13,-3.11 6.51,-2.67 c 1.19,-0.05 2.37,-0.2 3.54,-0.45 c 8.35,-4.38 16.74,-8.65 25.19,-12.83 c 2.57,0 4.69,2.76 6.33,4.5 c 1.03,0.22 1.95,0.68 2.74,1.37 c 0.75,0.22 1.52,0.34 2.3,0.36 c 0.24,-0.05 0.47,-0.1 0.7,-0.14 c 0.28,2.26 2.65,1.44 3.93,2.74 c 1.24,0.13 2.48,0.16 3.73,0.08 c -0.99,1.97 4.65,0.17 5.53,1.66 c 0.45,2.58 -0.56,4.75 1.79,6.59 c 1.07,2.92 1.38,5.92 0.95,9 c -1.09,0.52 -2.21,0.99 -3.37,1.42 c -2.06,0.42 -4.11,0.8 -6.16,1.13 c -1.48,-0.04 -2.94,0.07 -4.39,0.35 c -0.86,0.79 -1.87,1.12 -3.03,0.98 c -1.42,0.62 -2.85,1.22 -4.28,1.8 c -2.62,0.71 -5.23,1.44 -7.82,2.21 c -0.38,0.27 -0.77,0.54 -1.15,0.81 c -1.58,0.41 -3.17,0.8 -4.77,1.2 c -0.4,0.28 -0.81,0.55 -1.22,0.81 c -1.6,0.39 -3.19,0.78 -4.78,1.19 c -0.85,0.75 -1.84,1.08 -2.98,1.01 c -0.57,0.42 -0.82,1 -0.76,1.72 c -0.34,-0.07 -0.67,-0.13 -1,-0.2 c -4.89,0.21 -3.81,3.17 -3.81,6.74 c 0.94,1.26 0.89,3.02 2.88,2.95 c 3.7,4.69 -3.81,4.9 -6.52,5.75 c -0.71,0.17 -1.42,0.17 -2.14,0 c -1.96,0.03 -4.31,-0.73 -5.89,0.81 c -1.9,0.38 -4.24,-0.69 -4.8,1.91 c -1.79,0.31 -3.54,0.75 -5.27,1.31 c -1.11,-0.31 -2.06,-0.04 -2.83,0.8 c -1.26,2.95 -0.08,5.19 1.38,7.71 c 0.45,1.58 0.89,3.16 1.31,4.75 c 0.76,1.1 0.81,2.81 2.39,3.08 c 1.27,0.86 1.64,2.02 1.12,3.5 c -0.02,1.17 0.08,2.34 0.29,3.5 c 0.75,1.46 1.22,3 1.41,4.63 c 1.75,1.13 2.1,3.25 3.03,4.98 c 2.26,1.75 2.49,3.78 5.95,2.72 c 1.42,-0.52 2.81,-1.09 4.18,-1.72 c 0.93,-0.08 1.85,-0.15 2.78,-0.21 c 0.64,-0.56 1.33,-1.04 2.07,-1.46 c 1.15,-1.69 3.54,-1.22 5.31,-1.24 c 1.96,0.05 3.92,-0.01 5.88,-0.2 c 1.49,-0.46 3.86,-1.94 5.22,-0.29 c 1.91,2.47 0.5,4.47 2.07,6.85 c 0.08,2.37 0.43,4.66 1.04,6.87 c -1.28,3.83 -8.44,-0.41 -7.81,3.04 c -1.29,0.69 -2.58,1.42 -3.89,2.21 c -3.22,0 -9.95,4.59 -12.15,4.11 c -1.18,0.03 -2.36,0.16 -3.52,0.39 c -2.13,0.75 -4.2,1.67 -6.2,2.76 c -1.56,-0.07 -2.8,0.52 -3.74,1.77 c -1.28,0.96 -2.71,1.37 -4.3,1.22 c -1.58,0.03 -3.16,0.04 -4.74,0.04 c -0.77,-0.53 -1.58,-0.96 -2.43,-1.32 c -1.42,-1.17 -2.03,-2.66 -1.81,-4.46 c 0.11,-1.72 -0.3,-3.29 -1.22,-4.71 c -0.3,-1.03 0.54,-3.76 -1.39,-3.43 c -0.7,-0.37 -0.84,-0.94 -0.42,-1.7 c -0.04,-1.91 -1.25,-6.13 -3.6,-6.24 c -0.67,-0.38 -0.91,-0.96 -0.73,-1.75 c 0.46,-1.89 -1.75,-3.93 -2.17,-5.8 c -0.4,-0.68 -0.98,-0.93 -1.75,-0.76 c -1.35,-1.97 -2.4,-4.09 -3.15,-6.37 c 0.58,-1.66 -1.56,-4.11 -2,-5.75 c -0.5,-0.61 -1.11,-0.75 -1.85,-0.43 c -1.42,-0.18 -2.85,-0.24 -4.28,-0.18 c 0.06,-0.38 -0.09,-0.66 -0.44,-0.85 c -3.57,-0.2 -7.14,-0.21 -10.71,-0.02 c -0.36,0.22 -0.45,0.52 -0.27,0.9 c -0.62,0.05 -1.17,0.28 -1.63,0.69 c -5,-0.26 -11.03,3.02 -15.68,1.65 c -1.55,-0.95 -2.51,-7.58 -2.77,-9.41 c -0.3,-1.13 -1.89,-1.23 -2.84,-1.33 c -1.99,0.33 -4,0.49 -6.02,0.48 c -1.56,0.8 -3.22,1.11 -4.98,0.95 c -1.58,0.89 -3.28,1.2 -5.1,0.94 c -0.67,0.2 -1.29,0.49 -1.87,0.88 c -0.9,0.09 -1.79,0.1 -2.69,0.03 c 0.22,-2.47 0.29,-4.96 0.22,-7.45 c 0.02,-0.85 -0.39,-1.35 -1.2,-1.49 c 0.13,-0.52 0.08,-1.03 -0.13,-1.52 c 0.25,-5.34 0.38,-10.68 0.38,-16.03 c -0.01,-0.86 -0.43,-1.32 -1.28,-1.38 c 0.15,-0.56 0.08,-1.08 -0.21,-1.58 c 0.79,-2.86 0.21,-6.1 0.39,-9.07 c -0.28,-1.07 -0.85,-1.96 -1.72,-2.67 c -0.68,-4.82 -5.26,-17.6 -4.97,-21.49 c -0.36,-2.1 0.28,-4.15 -1.15,-5.92 c -0.36,-1.41 0.22,-3.61 -1.88,-3.76 c -0.19,-0.77 -0.29,-1.54 -0.3,-2.33 c 0.04,-0.9 0.07,-1.81 0.08,-2.71 c -0.33,-0.99 -0.69,-1.98 -1.09,-2.95 c -0.09,-1.49 0.77,-4 -1.63,-3.91 c -1.77,-3.93 -0.94,-8.75 -5.44,-10.96 c -0.42,-0.4 -0.7,-0.88 -0.81,-1.45 c -0.09,-1.18 -2.34,-2.88 -3.07,-3.82 c -0.68,-0.38 -1.38,-0.42 -2.11,-0.11 c -0.16,-0.1 -0.33,-0.21 -0.49,-0.31 c 0.11,-1.96 -1.77,-2.01 -2.95,-2.98 c -2.98,-0.05 -5.97,-0.06 -8.95,-0.02 c -0.58,0.04 -1.04,-0.16 -1.37,-0.62 c -0.11,-2.96 -0.13,-5.94 -0.05,-8.91 c 0.14,-0.88 -0.2,-1.27 -1.02,-1.16 c -0.02,-0.62 -0.24,-1.14 -0.66,-1.56 c -0.53,-1.16 -2.34,-0.62 -3.31,-0.51 c -1.5,-0.21 -3.01,-0.33 -4.52,-0.35 c -1.36,-0.63 -2.74,-1.22 -4.14,-1.78 c -0.91,-0.12 -1.82,-0.15 -2.74,-0.1 c -0.42,-0.08 -0.84,-0.14 -1.27,-0.19 c -0.68,-1.11 -1.66,-1.75 -2.93,-1.9 c -2.37,0.47 -7.25,-0.66 -8.99,1 c -0.96,0.03 -1.91,0.08 -2.86,0.14 c -1.17,0.95 -3.5,1.8 -4.58,0.37 c 0.19,-1.46 -0.13,-2.8 -0.97,-4 c -0.09,-1.27 -0.16,-2.55 -0.21,-3.83 c -0.72,-0.9 -1.01,-1.94 -0.86,-3.1 c 0.56,-1.26 0.92,-2.59 1.1,-3.97 c 0.61,-0.7 1.21,-1.43 1.78,-2.18 c 0.1,-0.55 0.11,-1.11 0.05,-1.67 c 0.04,-0.12 0.08,-0.24 0.12,-0.36 c 1.13,-0.32 2.13,-0.9 3,-1.74 c 1.2,-1.69 3.47,-2.54 2.88,-4.98 c 0,-1.02 2.08,-3.69 3.03,-3.26 c 1.34,-0.64 2.71,-1.24 4.12,-1.82 c 1.13,-0.92 1.91,-2.06 2.35,-3.43 c 0.16,0.04 0.32,0.08 0.48,0.11 c 1.38,0.05 2.62,-0.33 3.71,-1.16 c 2.31,-0.64 4.59,-1.34 6.84,-2.12 c 1.37,-0.02 2.74,-0.02 4.1,0 c 0.96,-0.36 1.92,-0.68 2.89,-0.97 c 2.67,0.06 5.33,0.1 7.99,0.12 c 0.48,0.19 0.85,0.5 1.12,0.93 c 0.43,1.41 1.19,2.61 2.31,3.58 c 2.83,2.52 5.51,5.18 8.03,8 c 1.43,0.44 2.91,0.66 4.42,0.65 Z"/></g>
<g><path id="Mountbatten SMC" fill="#8e413b" stroke="#8e413b" stroke-width="0.5" d="M 1153.48,688.97 c 0.91,0.32 1.32,0.96 1.21,1.91 c -0.18,1.45 0.25,2.68 1.27,3.7 c 0.06,1.28 0.13,2.55 0.2,3.83 c 0.28,0.41 0.64,0.49 1.09,0.27 c -0.24,0.89 -0.3,1.78 -0.18,2.69 c 1.2,3.01 2.49,6.01 3.85,9 c -0.51,2.26 -2.7,1.37 -4.33,1.7 c -0.38,0.28 -0.77,0.55 -1.18,0.79 c -1.6,-0.24 -2.55,0.41 -2.86,1.95 c -5.52,3.58 -12.11,4.05 -16.91,8.6 c -4.87,2.13 -9.38,0.4 -14.06,3.49 c -4.96,4.83 -9.18,8.98 -16.17,10.03 c -0.86,-0.11 -1.65,0.07 -2.35,0.56 c -1.3,1.45 -2.68,2.8 -4.15,4.06 c -0.18,0.47 -0.24,0.95 -0.17,1.44 c 0.1,0.45 -0.05,0.78 -0.45,1.01 c -3.18,1.92 -6.7,4.3 -10.22,5.73 c -2.65,-0.16 -3.55,1.29 -5.13,3.03 c -0.17,0.4 -0.26,0.82 -0.28,1.26 c -0.64,0.34 -1.11,0.87 -1.4,1.58 c -4.81,3.85 -11.15,3.83 -14.82,9.29 c -1.24,1.25 -2.28,2.6 -3.14,4.04 c -1.14,0.02 -2.27,1.71 -3.26,0.64 c -3.96,-4.1 -7.98,-8.14 -12.05,-12.14 c -0.58,-0.45 -1.24,-0.67 -1.97,-0.65 c -0.01,-0.13 -0.03,-0.27 -0.04,-0.4 c 0.44,-2.49 -1.21,-2.78 -2.53,-4.38 c -0.98,-1.68 -1.97,-3.36 -2.96,-5.05 c -1.78,-1.14 -1.69,-3.37 -2.97,-4.98 c -1.23,-0.77 -1.79,-1.88 -1.66,-3.34 c -1.42,-2.69 -2.67,-5.45 -3.76,-8.26 c -0.07,-0.59 -0.14,-1.18 -0.22,-1.76 c -0.6,-1.05 -1.18,-2.11 -1.74,-3.18 c -0.06,-0.95 -0.13,-1.9 -0.21,-2.84 c -1.57,-1.5 -0.63,-3.16 -1.01,-5.03 c -0.2,-0.45 -0.51,-0.55 -0.94,-0.33 c 0.09,-1.91 -0.78,-4.33 1.57,-5.18 c 4.33,-0.04 8.65,-0.04 12.98,0 c 0.81,-0.12 1.51,-0.46 2.12,-1.02 c 1.92,0.01 3.84,-0.04 5.75,-0.15 c 0.41,-0.21 0.53,-0.53 0.36,-0.96 c 1.11,0.11 2.17,-0.04 3.19,-0.43 c 0.78,-1.51 1.76,-2.88 2.92,-4.13 c 0.15,-0.58 0.15,-1.16 -0.01,-1.74 c -1.26,-2.18 -0.81,-4.08 -4.28,-3.61 c -0.86,-0.27 -1.41,-0.84 -1.65,-1.71 c 0.62,-1.8 -0.99,-2.13 -1,-3.78 c 0.1,-2.88 -0.02,-5.73 -0.36,-8.55 c -1.6,-2.38 -4.92,0.18 -6.44,-1.45 c 1.5,-0.8 3.01,-1.58 4.54,-2.35 c 0.58,-0.13 1.17,-0.21 1.76,-0.25 c 1.82,-1.39 2.93,-0.83 5.02,-1.1 c 1.65,-1.53 4.84,-0.52 6.91,-0.97 c 1.21,-0.55 2.45,-0.96 3.74,-1.23 c 0.35,-0.37 0.66,-0.76 0.93,-1.19 c 0.6,-0.34 1.2,-0.69 1.79,-1.05 c 0.72,-1.28 1.62,-2.42 2.72,-3.42 c 1.09,-3.41 1.66,-2.31 4.09,-3.86 c 0.91,-0.07 1.81,-0.12 2.72,-0.15 c 1.75,-1.7 2.94,-0.63 5.1,-1.08 c 0.63,-0.44 1.32,-0.73 2.07,-0.87 c 2.29,-0.29 4.56,-0.67 6.82,-1.13 c 1.66,-1.4 3.13,-0.73 5.11,-0.97 c 1.51,-0.83 3.14,-1.19 4.89,-1.07 c 0.91,-0.77 1.96,-1.1 3.16,-0.98 c 1.69,-0.23 1.45,1.83 2.4,2.75 c 0.08,0.94 0.16,1.87 0.22,2.81 c 1.58,1.58 0.1,3.41 2.46,4.47 c 2.21,-0.05 7.28,0.77 8.96,-0.73 c 1.34,-0.16 2.69,-0.22 4.04,-0.18 c 0.93,-0.43 1.89,-0.76 2.89,-0.99 c 5.67,0.02 11.34,0.06 17,0.12 c 0.43,0.19 0.78,0.49 1.05,0.88 c 2.63,5.35 5.25,10.71 7.87,16.07 c 0.58,0.59 1.27,0.89 2.09,0.92 Z"/></g>
<g><path id="Joo Chiat GRC" fill="#694444" stroke="#694444" stroke-width="0.5" d="M 1245.66,629.36 c 1.31,1.98 2.14,4.06 3.92,5.74 c 0.03,1.97 1.83,1.9 3.1,2.79 c 1.99,-0.15 5.41,0.58 6.97,-0.84 c 5.65,-1.32 1.92,2.85 4.2,5.55 c 0.43,2.09 -0.59,4.27 1.06,5.93 c 0.14,2.87 -0.24,2.79 1.76,4.95 c 0.56,1.02 0.93,2.09 1.1,3.22 c -1.15,0.55 -0.78,2.66 -0.59,3.64 c 0.54,1.44 1.11,2.86 1.71,4.26 c 0.09,0.94 0.15,1.87 0.2,2.81 c 0.55,0.84 1.01,1.72 1.37,2.66 c 1.29,1.47 3.7,1.05 5.17,0.09 c 0.92,-0.14 1.86,-0.22 2.8,-0.24 c 0.62,-0.35 1.25,-0.68 1.88,-0.99 c 0.52,0.22 0.8,0.63 0.85,1.22 c -0.8,-0.11 -1.14,0.25 -1.03,1.09 c 0.59,1.76 1.21,3.49 1.86,5.19 c -0.79,0.9 -2.3,0.76 -2.41,2.24 c -3.13,0.99 -6.21,3.12 -9.56,3.13 c -2.51,0.42 -5.02,0.39 -7.52,-0.07 c -0.85,0.13 -1.47,0.55 -1.87,1.28 c -0.99,1.44 -4.84,1.54 -6.36,2.82 c -2.48,-0.23 -1.09,-1.27 -3.89,0.96 c -0.44,0.09 -0.88,0.05 -1.3,-0.09 c -1.81,0.29 -3.63,0.42 -5.46,0.37 c -1.48,1.85 -4.02,0.56 -6.02,1 c -0.83,0.75 -1.81,1.12 -2.94,1.11 c -0.43,0.25 -0.64,0.61 -0.61,1.11 c -0.05,0.36 -0.28,0.55 -0.67,0.57 c -1.66,-0.26 -3.31,-0.19 -4.94,0.2 c -3.3,0.89 -6.58,1.84 -9.84,2.83 c -0.68,-0.3 -1.1,-0.83 -1.26,-1.57 c -0.24,-2.39 -0.6,-4.75 -1.07,-7.07 c 1.26,0.03 0.46,-3.05 0.71,-3.79 c -0.09,-0.75 -0.4,-1.41 -0.92,-1.97 c -0.24,-1.85 -0.26,-5.87 -3.01,-5.74 c -0.55,0.13 -1.1,0.13 -1.65,-0.03 c -2.04,0.34 -5.4,-0.24 -6.97,1.23 c -1.96,0.25 -2.47,-0.51 -4.01,0.98 c -1.93,0.25 -2.51,-0.48 -4.06,0.99 c -1.9,0.3 -2.41,-0.43 -3.99,0.96 c -2.5,0.22 -2.96,-0.24 -4.73,1.81 c -1.37,0.18 -3.83,2.26 -4.65,0.35 c 0.99,0.38 1.01,-0.6 0.93,-1.31 c -1.71,-3.06 -3.32,-6.18 -4.84,-9.34 c -0.77,-2.57 -1.49,-5.16 -2.16,-7.77 c -0.68,-2.2 -1.63,-4.28 -2.83,-6.24 c 0.12,-0.84 -0.77,-2.74 -0.39,-3.32 c 1.96,-0.21 3.21,0.34 4.9,-0.96 c 0.92,-0.11 1.83,-0.19 2.75,-0.22 c 1.67,-1.38 3.04,-0.7 5,-1.05 c 1.22,-0.76 2.55,-1.08 3.99,-0.98 c 1.27,-0.86 2.67,-1.14 4.21,-0.82 c 1.01,-0.29 1.99,-0.64 2.96,-1.07 c 2.73,0.32 4.83,-0.15 4.52,-3.52 c -0.35,-1.23 -0.93,-2.33 -1.73,-3.31 c -0.43,0.09 -0.65,0.35 -0.66,0.79 c -0.94,0.05 -0.38,-1.56 -0.28,-2.05 c -0.18,-1.08 -0.33,-2.15 -0.45,-3.23 c -1.02,-1.15 -0.78,-1.98 0.72,-2.49 c 6.61,-2.06 13.19,-4.17 19.72,-6.32 c 1.14,-0.5 2.23,-1.09 3.26,-1.78 c 1.63,-0.26 3.22,-0.67 4.78,-1.21 c 0.84,-0.74 1.83,-1.07 2.96,-0.99 c 1.68,-0.64 3.38,-1.27 5.08,-1.88 c 0.98,-0.03 1.95,-0.09 2.92,-0.17 c 1.2,-0.93 2.52,-1.15 3.96,-0.68 c 0.45,0.87 0.97,1.71 1.56,2.5 c 0.11,1.58 0.2,3.15 0.26,4.73 c 0.45,0.72 0.96,1.39 1.53,2.01 Z"/></g>
<g><path id="Hong Kah North SMC" fill="#751640" stroke="#751640" stroke-width="0.5" d="M 556.35,426.88 c 1.89,1.92 4.4,20.9 7.84,25.41 c 5.52,8.12 9.26,21.07 12.87,30.49 c 0.02,1.6 2.06,1.37 2.97,0.67 c 2.12,-2.51 4.47,-4.78 7.05,-6.82 c 0.64,-0.8 1.1,-1.7 1.36,-2.69 c 2.4,-2.26 4.76,-4.55 7.09,-6.88 c 0.41,-0.72 0.59,-1.5 0.53,-2.34 c 0.21,-0.89 0.75,-1.49 1.63,-1.79 c 2.79,0.76 4.5,-2.95 6.24,-4.5 c 0.96,-0.31 1.88,-0.72 2.75,-1.24 c 1.34,-0.24 2.1,1.67 3.6,1.86 c 0.35,-0.01 0.65,0.13 0.89,0.39 c 1.98,2.78 3.01,5.87 3.1,9.27 c -0.26,4.55 -0.33,9.11 -0.21,13.68 c -0.05,2.03 -2.37,1.59 -3.79,1.95 c -1.98,-0.82 -2.56,0.46 -3.86,1.61 c -0.93,1.11 -0.22,3.19 -0.03,4.47 c -0.22,0.49 -0.28,1 -0.19,1.54 c -1.42,-0.26 -1.26,1.92 -2.13,2.64 c -0.8,0.31 -1.63,0.48 -2.5,0.51 c -0.35,0.33 -0.4,0.71 -0.13,1.14 c -0.53,-0.18 -0.98,-0.07 -1.35,0.33 c -0.04,2.64 -0.09,5.29 -0.15,7.94 c -0.02,0.93 0.42,1.38 1.32,1.35 c 1.04,0.73 1.89,2.79 1.11,3.92 c -2.95,1.91 -7.38,1.39 -10.74,2.33 c -4.32,1.45 -6.54,5.92 -10.51,7.09 c -2.54,-0.21 -5.09,-0.29 -7.65,-0.24 c -0.84,-0.03 -1.35,0.35 -1.5,1.16 c -1.42,0.1 -2.63,0.62 -3.64,1.58 c -0.01,2.24 -0.23,4.46 -0.66,6.66 c -0.75,2 -2.08,2.44 -3.99,1.34 c -1.31,-0.67 -2.4,-1.6 -3.29,-2.76 c 0.05,-2.33 -6.75,-7.55 -8.29,-9.59 c -0.81,-0.34 -1.65,-0.42 -2.52,-0.24 c -9.62,-7.92 -20.49,-15.11 -33.24,-16.33 c -0.2,-1.05 -3.14,-0.69 -4.05,-1.55 c -2.56,-0.31 -5.11,-0.33 -7.67,-0.08 c -0.4,0.29 -0.57,0.68 -0.51,1.17 c -0.1,0.3 -0.31,0.45 -0.66,0.45 c -14.94,0.22 -36.59,19 -49.68,26.43 c -5.83,3.27 -11.2,6.9 -17.37,9.59 c -0.91,0.45 -1.84,0.53 -2.79,0.23 c -0.97,-1.39 -2.03,-2.71 -3.18,-3.98 c -0.87,-0.5 -1.71,-1.03 -2.51,-1.6 c -0.59,-1.33 -1.24,-2.64 -1.94,-3.93 c -0.64,-4.51 2.25,-4.51 5.51,-5.51 c 3.96,0.14 7.92,0.07 11.88,-0.2 c 0.89,-0.38 1.71,-0.86 2.46,-1.44 c 0.14,-0.84 0.85,-4.87 -1.12,-4.07 c 1.05,-2.94 -1.36,-2.77 -2.61,-4.82 c -0.75,-0.44 -1.56,-0.6 -2.43,-0.46 c -10.6,-8.12 -25.53,-17.33 -27.78,-31.64 c 0.1,-0.93 0.1,-1.85 0.01,-2.77 c -1.74,-1.91 -0.96,-5.78 -0.95,-8.15 c 1.29,-2.52 2.27,-5.17 2.94,-7.92 c 0.53,-4.63 0.87,-9.29 1.01,-13.96 c -0.22,-1.42 -0.11,-2.81 0.33,-4.17 c 0.41,-0.08 0.79,-0.22 1.14,-0.44 c 0.26,-1.03 0.64,-2.01 1.12,-2.92 c 0.96,-0.12 1.92,-0.15 2.89,-0.09 c 0.41,-0.01 0.82,0 1.23,0.04 c 0.16,1.07 0.78,1.68 1.85,1.84 c 2.28,0.37 4.57,0.5 6.87,0.37 c 0.79,-0.08 1.57,-0.04 2.35,0.12 c 0.64,0.54 1.33,0.99 2.08,1.36 c 3.27,0.17 6.54,0.26 9.8,0.28 c 0.76,0.1 1.43,0.41 2.01,0.94 c 1.29,0.07 2.58,0.08 3.88,0.04 c 2.56,0.24 4.79,2.22 6.62,3.74 c -0.1,0.54 0.08,0.95 0.56,1.22 c 2.25,0.09 4.51,0.11 6.78,0.05 c 0.69,-0.41 2.63,-1.19 2.31,-2.24 c 0.51,0.12 1.04,0.13 1.56,0.03 c 1.72,-1.11 4.77,-1.4 5.61,-3.38 c 2.16,-0.71 4.19,-1.71 6.09,-3 c 0.92,-0.56 3.34,0 2.84,-1.75 c 0.24,-0.33 0.56,-0.5 0.97,-0.5 c 2.67,0.25 5.23,-0.12 7.69,-1.1 c 0.99,0.02 1.97,-0.03 2.95,-0.14 c 0.59,-0.51 1.27,-0.81 2.04,-0.89 c 2.7,-0.02 5.4,-0.07 8.1,-0.14 c 0.95,-0.34 1.9,-0.64 2.87,-0.91 c 8.03,0.06 16.05,0.07 24.07,0.01 c 2.78,-0.6 4.91,-2.12 6.39,-4.56 c 2.41,-0.55 3.53,-2.18 5.02,-4.01 c 0.68,-0.32 1.36,-0.62 2.06,-0.9 c 1.43,-1.17 2.75,-2.46 3.94,-3.87 c 0.59,-0.06 1.12,0.08 1.6,0.42 c 1.58,1.69 3.56,4.18 5.84,4.85 Z"/></g>
  <g><path id="Pioneer SMC" fill="#fff200" stroke="#fff200" stroke-width="0.5" d="M 459.39,546.91 c 0.41,0.12 0.68,0.38 0.82,0.79 c -0.16,0.53 -0.19,1.07 -0.09,1.62 c 0.69,1.36 1.35,2.73 1.99,4.12 c 0.28,0.42 0.67,0.64 1.17,0.65 c -0.97,3.31 -3.38,1.16 -4.52,3.12 c -1.54,2.81 -2.99,5.67 -4.33,8.58 c -0.77,2.18 -1.53,4.36 -2.29,6.54 c -0.1,0.41 -0.35,0.66 -0.73,0.75 c -1.67,-0.06 -3.35,-0.09 -5.02,-0.11 c -0.92,0.42 -1.87,0.78 -2.85,1.07 c -11,-0.02 -22,-0.05 -32.99,-0.11 c -0.55,-0.3 -0.72,-0.74 -0.52,-1.33 c 1.09,-1.67 2.06,-3.4 2.9,-5.21 c 0.02,-1.25 -0.16,-2.46 -0.54,-3.61 c 2.72,-2.21 5.25,-4.62 7.61,-7.22 c 0.74,-0.44 1.53,-0.68 2.39,-0.71 c 0.4,0.18 0.69,0.46 0.88,0.86 c -0.56,1.47 -0.13,2.52 1.3,3.17 c 2.08,0.07 5.38,0.74 7.06,-0.76 c 1.27,-0.12 2.54,-0.21 3.82,-0.27 c 1.7,-1.62 2.89,-0.43 4.93,-0.99 c 0.38,-0.3 0.77,-0.57 1.17,-0.83 c 1.97,-0.22 3.63,0.43 5.36,-0.96 c 0.83,-0.02 1.65,-0.07 2.47,-0.15 c 0.86,-0.5 1.75,-0.96 2.66,-1.36 c 1.57,-2.41 3.23,-1.48 2.96,-5.03 c 1.33,-1.52 1.98,-3.02 4.39,-2.62 Z"/></g>
</svg>