<svg xmlns:inkscape="http://www.inkscape.org/namespaces/inkscape" xmlns:sodipodi="http://sodipodi.sourceforge.net/DTD/sodipodi-0.dtd" xmlns="http://www.w3.org/2000/svg" xmlns:svg="http://www.w3.org/2000/svg" x="0px" y="0px" width="1525.7004" height="865.04498" viewBox="0 0 1525.7004 865.045" enable-background="new 0 0 1348.869 865.045" xml:space="preserve"><defs id="defs206">
</defs><sodipodi:namedview id="namedview204" pagecolor="#ffffff" bordercolor="#000000" borderopacity="0.25" inkscape:showpageshadow="2" inkscape:pageopacity="0.0" inkscape:pagecheckerboard="0" inkscape:deskcolor="#d1d1d1" showgrid="false" inkscape:zoom="1.8074402" inkscape:cx="812.75167" inkscape:cy="428.22995" inkscape:window-width="1920" inkscape:window-height="1057" inkscape:window-x="-8" inkscape:window-y="-8" inkscape:window-maximized="1" inkscape:current-layer="layer5"/>
  <g inkscape:groupmode="layer" inkscape:label="Fills" transform="translate(176.83145)" sodipodi:insensitive="true">
    <path id="Graubünden" style="fill:#26d97e;fill-opacity:1;stroke:#ffffff;stroke-width:1;stroke-dasharray:none;stroke-opacity:1" d="m 1029.6934,337.29102 -6.2403,2.40039 -7.4082,1.21875 -2.7304,2.23046 6.25,11.43946 0.75,2.43164 2.5,5.35937 3.25,3.40039 3.25,5.35938 -4.75,2.42969 -2.5,6.82031 -3.5,1.2207 -1.75,4.37891 -2.5,1.46094 -0.25,3.16992 c 0,0 -1.5,1.69891 -2,4.1289 -0.5,2.44 2.25,3.41016 2.25,3.41016 l -3.5,1.71094 -1,2.18945 v 3.65039 c 0,1.7 -0.75,2.67969 -0.75,2.67969 l -3.5,-0.25 v 3.90039 l -2,0.9707 -4.00005,-4.38086 c 0,0 -3,-1.69945 -4,-2.18945 -1,-0.49 -5.75,-1.2207 -5.75,-1.2207 0,0 -2,-1.93946 -4.25,-1.93946 -2.24999,0 -9,-0.49023 -9,-0.49023 l -4.25,-1.2207 -4.25,0.49023 -2,-1.94922 -9.25,-0.73047 -3.5,1.94922 -1.5,-1.70898 -0.25,-1.70117 -2.5,-1.94922 -2.75,3.41015 -3,0.24024 -2.25,4.6289 -3.75,4.38086 -4.5,2.67969 -9,-0.73047 v 2.91992 c 0,0 -1.25,0.49071 -2.75,1.22071 -1.5,0.73 -0.5,2.91992 -0.5,2.91992 l -8.75,4.14062 -2.25,-0.49023 -1,-3.65039 -1.75,-3.16992 -5.25,-2.18946 -4,-0.24023 -1,2.67969 -3.5,0.73047 0.75,6.57031 -1.75,0.72851 -1.75,2.43165 0.5,3.89843 -2.5,0.49024 -2.25,5.83984 -3,1.46094 -11.5,2.67969 -6.25,2.43164 -2.5,1.94922 -4.25,-0.49024 -0.25,-4.37891 -4,-1.70117 -6.75,-0.73047 -0.0801,-0.0273 -0.66993,1.96875 c 0,0 -1.5,2.19141 -3,2.19141 -1.5,0 -2,1.70898 -2,1.70898 l -2.5,0.48828 0.5,2.91992 -4,-0.72851 -2.25,2.66992 2,9.00977 h -2.5 l -1.75,1.46093 -2,6.33008 -0.25,4.37891 -6.75,2.91992 -5,-6.80859 -1.75,0.49023 c 0,0 -2.5,1.45944 -4,3.39844 -1.5,1.95 1.25,5.35937 1.25,5.35937 l -1.75,1.95117 -4.5,3.64844 h -3 l -0.75,3.16016 -2.25,0.25 -1,-1.95117 -3.25,0.73046 -0.25,2.18946 -1.25,1.45898 h -3 l -0.25,7.79102 0.75,3.41015 -2.75,3.41016 c 0,0 -1.5,0.47946 -2.25,1.93945 -0.75,1.47 0.5,3.41016 0.5,3.41016 l -2.5,0.97852 -0.25,2.42968 2,1.22266 0.25,2.1875 c 0,0 1.25,1.70164 2.25,2.43164 1,0.729 3,0.72852 3,0.72852 l -0.25,7.06054 1.24024,8.67188 3.75976,-0.15039 5.25,2.43945 3.5,-1.94922 4.25,1.69922 2.5,-1.46094 13,6.33008 7.75,-4.14062 1.5,3.90039 3.75,0.23828 c 0,0 0.75001,-3.64867 3.5,-3.88867 2.75,-0.25 5.25,-0.49024 5.25,-0.49024 0,0 1.25001,-2.92016 3.75,-3.16016 2.5,-0.24999 3.5,-0.72851 3.5,-0.72851 l 3,-3.41016 v -2.91992 l -2.5,-2.19141 0.25,-4.86718 2.03907,-2.72266 2.46093,-0.44922 c 0,0 4,2.43994 5,1.71094 1,-0.73 2,-2.18945 2,-2.18945 v -2.67969 h 2.25 l 3,5.10742 -2.25,3.16016 1.25,2.67968 1.75,-0.23828 5.75,-3.41015 3.75,0.24023 1.5,2.19922 5,3.16016 0.25,2.68164 3.5,0.96875 v 3.16992 h -2.5 v 2.66992 l -2.25,1.95117 -2.5,8.03907 0.75,4.13085 -1.75,3.41016 2,4.62891 -0.75,4.62109 4.5,3.41016 0.25,3.89844 2.25,0.96874 0.25,3.9004 h 9.5 l 3.5,7.54101 -1.25,4.62891 -0.25,5.60156 4.25,8.51953 -4,2.19141 1,3.64844 -2,3.16015 2.25,5.84961 v 7.53906 l -1.5,0.98047 -0.25,1.93945 -5.5,2.68165 -1.25,7.78906 2,1.71094 0.75,3.39843 -2.25,2.18946 -1,2.92968 -2.25,0.73047 v 4.38086 l 2.75,5.34961 4,5.11914 -1.5,10.2207 2,0.49024 1.75,8.0293 8.5,4.38086 4.5,8.03906 3,3.40039 4,0.72851 6.75,-0.47851 1.25,-1.94922 3.25,-12.66016 4.25,-2.91992 1.5,-1.95117 0.5,-3.41016 3,-1.69922 3,-0.23828 1.5,-12.90039 2.75,-1.71093 v -3.6504 l 2.5,-1.69726 1,-2.44141 2.5,-3.16015 v -5.35742 l 2.5,-2.68165 0.25,-6.08007 1.25,-5.35938 -4.75,-4.3789 -1,-5.8418 2,-5.11914 -1.75,-4.13086 0.75,-5.59961 -5.25,-4.63086 -3.5,-4.61914 v -7.06055 l 4.75,-0.73047 2,-2.67968 1,-11.43946 1.5,-3.66015 9.75,-4.13086 h 11 l 2.25,-1.21875 3.5,1.69922 v 3.16992 l -1.25,1.70117 4.5,4.37891 1,3.16992 5,2.67969 3.5,-3.66016 0.25,-6.31836 4.00008,-3.41016 6.75,-2.91992 0.75,3.89063 -0.75,5.83984 1,7.31055 -1.25,2.67968 -1.75,15.58008 2.25,2.91992 2,10.22071 -2.25,3.90039 8.5,3.88867 2.5,2.44141 3.25,10.45898 2.5,5.35938 6.25,6.81054 3.25,-0.73047 3,1.95118 4,1.94921 6.75,0.24024 3,2.91992 h 6 l 10,-5.83984 2.5,2.67968 4.5,1.95118 2.5,-0.73047 1,-4.39063 2.5,-4.61914 -2.5,-1.95117 v -2.42969 l 2,-3.41015 v -2.67969 l 3.25,-3.89063 h 3 l 3,2.18946 1,2.42968 4,1.46094 4,-2.91992 5,-0.9707 4.25,-2.91993 3,-3.16992 3.25,-1.45898 6.5,0.24023 3.75,-1.46289 0.5,-2.66992 6.5,-2.92969 6,4.8711 c 0,0 1,-2.66916 2.75,-3.16016 1.75,-0.491 5.75,-0.9707 5.75,-0.9707 l 0.5,2.91992 3,4.13086 4.25,2.67969 2.75,0.49023 0.25,5.35938 -3.75,7.54101 3.5,2.1875 c 0,0 2.5,4.14085 2,6.08984 -0.5,1.95 -1.25,5.8418 -1.25,5.8418 l 7.25,2.42969 8.75,5.12109 c 0,0 3,2.42962 2.75,5.34961 -0.25,2.92 -0.75,6.82031 -0.75,6.82031 l -2,3.16016 4.5,3.66016 c 0,0 2.75,-5.36039 7.75,-3.90039 4.9999,1.46 6.75,1.70898 6.75,1.70898 l 4.25,-1.21875 10,-10.23047 -0.5,-3.89062 -3.25,-1.94922 -0.25,-4.38086 -2.5,-0.96875 0.25,-3.66016 -2.75,-0.48047 -1.75,-3.41015 -5.25,-3.89844 -1.5,-4.62109 -2.5,-4.37891 1,-7.79102 5.25,-3.66015 v -7.04883 l 5.75,-3.90039 4.25,0.9707 c 0,0 0.25,-2.19062 0.25,-3.89062 0,-1.71 -0.5,-6.08985 -0.5,-6.08985 l -3.25,0.73047 -1,-3.65039 -1.5,-2.91992 -3.5,-0.24023 -4,1.20898 -1.25,1.71094 -7.5,-0.25 -1.5,-1.93945 h -2.75 l -3.25,-5.35938 -4,-1.70117 0.5,-4.86914 3,-3.16992 -2.5,-4.6211 v -14.11914 l 2.25,-2.43945 -0.25,-5.83985 -2,-1.45898 0.5,-3.41016 4.75,-2.42968 2.75,-5.11133 2.75,-1.70899 -2,-2.1914 0.5,-3.16016 4.75,-0.48828 1.25,-2.68164 -0.25,-7.29883 1.75,-3.16992 7.5,1.94922 2.75,-2.42969 6.75,-1.70898 4.5,-4.14258 8.5,2.68164 1.75,-3.41016 6.5,-2.91992 0.75,5.35938 4.75,5.60156 -4.75,8.75976 2,6.82032 3.75,-3.17188 7.25,3.65039 1.75,2.67969 0.75,4.86914 7.25,-0.72852 4.25,4.14063 2.5,-5.83984 h 4.25 l 8,4.3789 5.75,-2.43945 9.75,6.0918 4.5,-3.41016 1.25,-4.14258 -0.5,-3.39844 2.25,-5.35937 1,-3.64844 0.5,-9.74023 -3.75,-6.08008 -5.0704,-4.50977 -9.9296,0.60742 -1.5,2.19141 -3.25,-1.46094 c 0,0 -0.75,-2.42962 -1.25,-4.14062 -0.5,-1.7 -1.5,-3.89063 -1.5,-3.89063 0,0 0.25,-5.84906 -1,-8.03906 -1.25,-2.19 -2,-4.38086 -2,-4.38086 l 4.25,-5.10937 2,-3.40821 2.25,0.23828 c 0,10e-6 1.5,-3.15984 0,-5.58984 -1.5,-2.44 -3,-4.14062 -3,-4.14062 v -3.41016 c 0,0 2.75,-2.44039 5.25,-3.65039 2.5,-1.22 5.5,-4.37891 5.5,-4.37891 l -0.25,-5.84961 -4.5,-5.35156 1,-5.84961 3.75,0.25 2.5,-3.90039 1.5,-7.78906 2.25,-6.33008 2.75,-3.40039 1.75,-1.46094 -1,-5.35937 -2,-5.35938 1.5,-5.60156 2,-5.58984 2,-3.41016 1,-7.05859 -2,-3.16993 -6.75,-4.87109 -6.5,-1.21094 -3.25,-2.43945 -0.5,-3.65039 -6,-5.10938 -0.5,-1.95117 -3.25,-1.94922 -3.25,3.66016 h -6 l -4,6.81055 -1,3.16992 -1,1.69922 -0.5,3.41015 -3,1.45899 -1.25,4.38086 1.5,2.18945 0.25,3.65039 -3.25,-0.48047 -2.25,1.94141 -6,-2.43164 -9.25,-1.69922 -1.75,8.0293 -2.5,6.09179 1.75,3.15821 -0.5,9.01172 -7.25,0.23828 h -3.5 l -3.5,4.87109 -7.25,3.16016 -0.5,-2.18946 -7.5,1.45899 -2.25,1.94922 -5,0.24023 v -1.93945 l -2.75,-1.45899 -0.25,-3.41015 -10.25,-1.71094 0.5,-4.61914 -7.25,-7.55078 -3.25,-1.93946 -3.6309,-0.57031 -5.6289,-2.06055 -2.1113,-5.04882 -3.7793,1.6289 -6.2383,-0.34961 -6.9512,-2.99023 -9.4004,-5.14063 -3.1699,-12.5 5.541,-9.16015 -0.2598,-4.35938 -4.58,-2.74023 v -2.74024 l 1.4101,-3 -3.8711,-1.01953 -2.3691,2.39063 -5.6309,1.6289 -3.4297,-3.33984 -3.5117,-1.0293 -4.1289,-2.74023 -2.8183,-3.33008 -5.8926,1.3711 -4.5684,-0.69141 -1.6699,-2.40039 -6.3301,-0.67969 -3.4316,-2.39844 -4.5684,-0.9414 -2.3691,-2.74024 -7.3008,1.3711 -4.2207,2.65039 h -3.4297 l -4.9199,-3.68164 -7.3008,2.06054 -4.1309,2.31055 -3.1582,-0.33984 -1.0625,-3 z m 72.6679,235.3457 1.002,0.17773 -2.1153,4.24805 -0.2988,4.5957 -0.7031,1.29297 -1.2734,0.11133 -2.4122,2.41992 -2.3457,1.31641 -0.373,-0.8125 0.3437,-1.47266 3.2071,-3.90429 2.1601,-1.59376 0.4961,-3.31445 z m -17.0117,16.04883 1.2754,0.25586 -0.6113,1.29492 0.9179,0.62305 -0.3378,1.9414 -2.4356,0.76953 -2.8555,3.34766 -4.7871,1.26953 -1.3594,0.11133 -0.916,-0.54688 4.2149,-3.36718 1.084,-0.28907 3.0156,-4.17382 z"/>
    <path id=" 	Appenzell-Innerrhoden" d="m 1037.0742,183.55273 -2.8105,2.64844 2.8105,2.40039 2.3789,0.33985 -1.0586,3.08007 2.459,0.34961 0.711,4.36133 3.5097,-1.03125 3.0801,-1.70898 -3.0801,-1.2793 -1.0508,-2.74023 3.4297,-1.72071 3.8711,-2.99023 v -0.01 l -3.8711,0.60938 -4.1289,0.33984 h -3.1699 l -1.7598,-0.33984 z m -7.6406,3.67969 v 3.41992 h -3.8691 l -0.3497,4.36914 3.1602,1.3711 -2.8105,1.36914 -4.1309,0.33984 0.6113,4.01953 h 4.2188 l 3.7812,-1.27929 2.461,1.9707 1.5488,-0.58008 -3.791,-4.13086 2.9511,-1.02929 2.1094,1.49023 2.1094,-1.15039 0.2598,-2.74023 -3.4297,-1.95899 -0.6992,-3.0918 -2.1114,-2.04882 z m -44.92774,17.96875 -2.8125,0.35156 -2.01953,1.36915 2.01953,7.0996 0.35156,2.4004 -2.36914,2.31054 -3.16992,0.67969 0.34961,3.76953 -3.16016,0.68945 -1.31836,5.05079 -3.52148,0.33984 -2.81055,2.40039 2.46094,2.31055 1.4082,3.76953 -2.10937,1.70898 v 5.39063 l 5.26953,7.09961 0.36133,5.05078 1.66992,1.7207 -0.36133,2.39844 2.11133,1.71094 h 3.86914 l 6.24023,5.04882 1.75977,-2.05859 h 3.78125 c 0,0 1.05899,-3.67953 2.45898,-4.01953 1.41,-0.34 4.48828,-0.68164 4.48828,-0.68164 l 4.92188,-2.0586 2.0195,-2.74023 4.5703,-3.67969 3.4297,-5.05078 1.4102,-7.53906 2.1094,-2.65039 -1.0606,-2.74024 2.4707,-4.01953 -0.3594,-8.82031 -3.8593,-1.71094 -2.0313,1.3711 -3.5097,0.33984 -1.4102,-1.71094 h -2.1074 l -1.6699,-2.05859 h -2.8125 l -1.4102,-5.73047 -3.08008,0.33984 h -3.1582 l -1.76172,-2.74023 -1.75977,-1.61914 -2.01953,1.61914 -3.16016,-1.0293 z" style="fill:#663e00;fill-opacity:1;stroke:#ffffff;stroke-width:1;stroke-dasharray:none;stroke-opacity:1"/>
    <polygon fill="#e8f2ad" points="1037.694,194.672 1034.264,192.712 1033.564,189.622 1031.454,187.572 1029.434,187.232 1029.434,190.652 1025.564,190.652 1025.215,195.022 1028.375,196.392 1025.564,197.762 1021.434,198.102 1022.045,202.122 1019.675,204.522 1018.614,206.572 1020.375,210.602 1017.915,212.652 1018.614,216.672 1018.965,221.812 1015.104,220.102 1013.074,221.472 1009.564,221.812 1008.154,220.102 1006.045,220.102 1004.375,218.042 1001.564,218.042 1000.154,212.312 997.074,212.652 993.915,212.652 992.154,209.912 990.394,208.292 988.375,209.912 985.215,208.882 984.505,205.202 981.694,205.552 979.675,206.922 981.694,214.022 982.045,216.422 979.675,218.732 976.505,219.412 976.854,223.182 973.694,223.872 972.375,228.922 968.854,229.262 966.045,231.662 968.505,233.972 969.915,237.742 967.804,239.452 967.804,244.842 973.074,251.942 973.434,256.992 975.104,258.712 974.744,261.112 969.915,262.482 966.045,259.732 966.394,257.342 961.915,257.342 959.804,255.372 956.724,253.662 953.215,255.622 950.514,254.112 946.965,255.372 941.074,252.972 937.564,249.892 943.104,243.812 941.074,241.072 941.434,237.742 939.675,232.002 945.564,228.572 943.104,223.872 937.915,225.152 936.854,221.472 938.614,218.392 935.104,219.412 934.394,215.742 940.024,215.392 942.394,212.312 942.394,209.912 941.694,206.232 945.215,206.232 945.215,203.152 950.744,201.092 956.724,200.502 964.724,203.152 970.965,200.502 972.724,201.442 976.854,199.812 980.375,199.812 983.104,197.072 988.024,197.762 988.024,199.812 992.854,199.812 995.324,198.102 999.454,197.412 999.804,193.052 1000.505,187.572 1002.614,185.862 1005.074,188.602 1008.854,186.882 1009.915,184.232 1014.045,184.232 1020.375,180.462 1025.915,179.442 1026.264,174.052 1029.074,172.332 1031.804,172.332 1031.804,174.732 1035.675,174.052 1040.505,175.412 1045.074,176.792 1048.505,179.442 1054.045,181.492 1053.434,184.922 1051.324,185.252 1047.454,185.862 1043.324,186.202 1040.154,186.202 1038.394,185.862 1037.074,183.552 1034.264,186.202 1037.074,188.602 1039.454,188.942 1038.394,192.022 1040.854,192.372 1041.564,196.732 1037.074,201.092 1034.054,202.232 1030.264,198.102 1033.215,197.072 1035.324,198.562 1037.434,197.412 " id="Appenzell-Ausserrhoden" style="fill:#17824c;fill-opacity:1;stroke:#ffffff;stroke-width:1;stroke-dasharray:none;stroke-opacity:1"/>
    <path id="St.-Gallen" style="fill:#26d97e;fill-opacity:1;stroke:#ffffff;stroke-width:1;stroke-dasharray:none;stroke-opacity:1" d="m 970.61328,147.5918 -2.46094,0.68945 v 4.11133 l -4.1289,-2.40039 -4.57032,2.05078 0.35157,2.05859 -4.83985,2.31055 5.53907,1.36914 3.51953,-0.68945 2.02148,-2.04883 2.81055,1.36914 -1.51953,2.76953 2.22851,1.67969 -1.36133,3.41992 -3.1289,5.40039 -3.85938,-0.33984 -2.4707,-2.06055 -4.47852,3.68164 -4.83007,-0.68164 -2.82032,-2.30859 -5.17968,-0.69141 -1.75977,2.06055 -3.52148,-1.72071 1.06054,-2.38867 -5.53906,-2.06054 -2.46094,-1.0293 -0.70898,-2.99024 h -2.46094 l -0.9707,5.73047 -3.50977,1.71875 h -3.87109 l -3.08008,2.40039 -3.86914,-2.40039 -1.66992,1.3711 h -2.46094 l -2.45898,-4.80078 -4.13086,0.33984 -3.16992,2.06055 -3.41993,-2.74024 -3.86914,2.05078 -2.46093,-1.02148 -4.13868,4.45117 2.46875,1.36914 -0.70898,2.65039 4.83984,1.0293 0.69922,3.77148 2.46094,1.95899 4.49023,1.37109 v 2.73828 l -4.49023,1.03125 -2.11133,2.65039 -3.79883,-2.4707 -1.5,1.70898 h -3.75 l -1.75,2.19141 -2,0.49023 1,3.39844 -1.25,3.65039 -2.75,0.25 -1,1.70117 0.5,3.64844 -2,2.44141 -0.25,2.42969 h -2.75 l -2.75,3.41015 -0.20117,0.2793 1.95117,1.42969 2,7.30078 h 2.5 l 1.75,2.91992 -1,3.16016 2.25,0.74023 -0.75,4.12891 2.5,2.91992 -3.75,5.60156 -4,0.48828 -1.5,2.19141 -0.75,2.91992 -3.75,1.45898 1,3.41016 2.5,0.49024 -3.5,7.79101 -5.75,1.69922 -7.25,0.98047 -3.25,0.24023 -1.25,2.67969 -4.75,0.96875 -1.5,-3.16016 -2.25,1.94141 -4.5,-2.19141 -4.75,1.46094 -4.08984,2.44922 v 0.004 l 0.002,-0.002 4.43555,0.81446 0.38281,0.0664 0.4961,1.36133 -1.07813,2.29883 2.51563,2.72461 1.54101,-0.22461 2.44336,1.67187 4.24414,0.53711 1.52735,-1.50586 1.00781,-0.21289 4.46875,1.90625 6.45898,-1.57031 3.23633,-0.78125 1.53516,-1.13867 5.78906,-0.42188 1.77148,0.79102 -2.23633,2.74805 10.54883,0.41406 -0.5,6.58008 -3.75,0.7207 1.75,8.76953 6.25,-2.18945 5.25,3.65039 5.58985,5.92969 c 0,0 4.83023,7.78851 6.24023,8.47851 1.41,0.68 5.62891,3.08008 5.62891,3.08008 l 5.1914,-0.33984 3.77735,-1.61914 h 0.006 l 3.26172,-2.27344 2.9375,0.44531 3.88867,0.60352 0.85351,1.34961 4.21485,-0.73633 10.23242,1.43945 5.91016,1.42773 4.33007,0.27735 2.92383,-0.61328 13.06445,0.46875 3.13868,0.94726 -0.25782,0.64844 -0.96289,2.13086 -0.19726,0.0664 -2.72656,0.90234 -7.64454,-0.84766 -2.09179,0.86914 -7.23828,1.07032 -10.08399,-0.86133 -0.17773,3.46484 v 7.79102 l 1.67187,6.08008 -0.35156,2.99023 -2.72852,4.79883 -3.16015,2.99023 -3.43164,0.33985 -5.63086,3.76953 c 0,0 4.32047,3.68109 5.98047,4.37109 1.66999,0.68 6.59961,0.67969 6.59961,0.67969 l 4.83007,-3.33984 c 0,0 3.96126,0.93929 5.28125,1.27929 1.309,0.35 2.36914,2.40039 2.36914,2.40039 0,0 2.81055,1.37024 2.81055,2.74024 0,1.37 0.70899,6.08008 0.70899,6.08008 l 2.37109,3.42968 -2.01953,1.96094 0.34961,4.79883 0.0391,2.81055 -0.75,3.16992 1.75,1.45898 -0.75,2.19141 h -2.25 v 3.65039 l 0.75,3.1582 3,1.47071 -0.25,4.38085 -0.5,3.16016 2.5,1.94922 0.25,1.69922 1.5,1.71094 3.5,-1.95118 9.25,0.73047 2,1.95117 4.25,-0.49023 4.25,1.21875 c 0,0 6.75,0.49023 9,0.49023 2.25,0 4.25,1.94141 4.25,1.94141 0,0 4.75,0.72875 5.75,1.21875 1,0.49 4,2.18945 4,2.18945 l 3.99997,4.38086 2,-0.9707 v -3.89844 l 3.5,0.25 c 0,0 0.75,-0.98164 0.75,-2.68164 v -3.64844 l 1,-2.1914 3.5,-1.70899 c 0,0 -2.75,-0.97015 -2.25,-3.41015 0.5,-2.43 2,-4.13086 2,-4.13086 l 0.25,-3.16992 2.5,-1.45899 1.75,-4.38086 3.5,-1.21875 2.5,-6.82031 4.75,-2.42969 -3.25,-5.36133 -3.25,-3.40039 -2.5,-5.35937 -0.75,-2.42969 -6.25,-11.43945 2.7305,-2.23047 -0.9395,0.15039 -1.0215,0.16016 -1.3398,-2.6211 -0.3809,-0.73047 -0.5,-0.96875 -0.1699,-0.33007 -0.3086,-0.59961 0.1289,-0.3711 0.3594,-1.01953 0.1309,-0.35937 2.0605,-2.24024 6.5293,-4.71094 2.7109,-2.70898 0.6797,-2.08008 0.1895,-0.58008 0.019,-0.33007 0.031,-0.33008 0.1699,-2.19922 -2.291,-9.2207 -1.0899,-4.38086 -0.4394,-1.00977 -3.92,-9.28906 -0.2011,-0.57031 -0.1485,-0.42969 -0.1093,-0.63086 -0.6094,-3.67969 0.08,-5.14062 4.3105,-15.94922 7.5195,-16.73047 3.3008,-3.71875 -0.1601,-0.65039 0.83,-0.0996 3,-7.68164 1.3008,-1.76953 0.4102,-0.53907 4.5488,-3.10156 2.1895,-3.35937 0.5507,-3.29883 2.3907,-5.64063 5.1386,-8.60937 0.6817,-1.13086 c 0,0 5.541,-0.0995 7.291,-0.43945 1.76,-0.35 3.4298,-1.11985 4.8398,-3.08985 1.41,-1.96 2.11,-4.79172 0,-6.76172 -2.111,-1.95999 -4.2207,-2.42968 -4.2207,-2.42968 l 0.9493,-4.74024 -1.2207,-7.19922 -0.2188,-1.31054 0.5898,-3.39844 1.2793,-2.36133 0.3301,-0.60937 -0.8203,-1 -1.959,-2.39063 -1.7597,-0.16016 -3.5704,-0.80859 -3.8496,-3.79101 -0.9414,-0.0801 -1.539,1.5 -1.4707,0.21093 -2.2598,-2.35156 -1.8301,-3.91992 -2.8301,-3.16992 -1.9589,-2.58985 -0.4903,0.0703 v -0.002 l -1.4395,-1.36718 -0.7187,-0.70118 -1.3301,3.41016 -2.1797,2.06055 -2.75,1.24023 -9.6113,0.79883 -4.2793,-1.47852 v -0.004 0 l -0.4688,-0.63477 -0.6679,-0.90234 -4.0586,2.92969 -1.4004,-2.74024 -2.7285,-0.33984 -0.3516,-2.64844 1.0488,-1.7207 0.2403,-0.25977 -2.6602,-2.39062 -4.25974,1.9707 -2.01953,3.08008 -2.46094,-0.33985 -2.46094,2.64844 0.70118,3.77149 -2.46094,2.64843 -1.66992,-3 -2.45899,-2.38867 -3.51953,1.0293 v -2.75 l 2.45899,-1.36914 -0.35157,-2.65039 -4.47851,0.33984 -5.2793,1.0293 -0.34961,-2.74024 2.45899,-0.33984 2.81836,-1.36914 -0.70899,-3.33984 -3.16016,-1.3711 -0.3496,-3.41992 -2.73047,1.02148 z m 58.46092,24.74023 h 2.7305 v 2.40039 l 3.8691,-0.67969 4.8301,1.35938 4.5684,1.38086 3.4316,2.64844 5.541,2.05078 -0.6113,3.42969 -2.1094,0.33007 v 0.01 l -3.8711,2.99023 -3.4297,1.72071 1.0508,2.74023 3.0801,1.2793 -3.0801,1.70898 -3.5097,1.03125 -4.4903,4.35938 -3.0195,1.14062 -1.5527,0.58008 -2.459,-1.9707 -3.7813,1.27929 h -4.2187 l -2.3711,2.40039 -1.0606,2.05079 1.7598,4.02929 -2.459,2.05078 0.6992,4.01954 0.3516,5.14062 0.3574,8.82031 -2.4687,4.01953 1.0605,2.74024 -2.1094,2.65039 -1.4101,7.53906 -3.4297,5.05078 -4.5703,3.67969 -2.0215,2.74023 -4.91993,2.0586 c 0,0 -3.07828,0.34164 -4.48828,0.68164 -1.4,0.34 -2.46094,4.01953 -2.46094,4.01953 h -3.77929 l -1.75977,2.05859 -6.24023,-5.04882 h -3.8711 l -2.10937,-1.71094 -4.83008,1.37109 -3.86914,-2.75 0.34961,-2.39062 h -4.47852 l -2.10937,-1.97071 -3.08008,-1.70898 -3.50977,1.95898 -2.70117,-1.50976 -3.54883,1.25976 -5.89257,-2.39843 -3.50977,-3.08008 5.54102,-6.08008 -2.03125,-2.74023 0.36132,-3.33008 -1.75976,-5.74024 5.88867,-3.42968 -2.45898,-4.70118 -5.18946,1.28125 -1.06054,-3.67968 1.75976,-3.08008 -3.50976,1.01953 -0.71094,-3.66992 5.63086,-0.34961 2.36914,-3.08008 v -2.40039 l -0.69922,-3.67969 h 3.52148 v -3.08008 l 5.52735,-2.06054 5.98047,-0.58985 8,2.65039 6.24023,-2.65039 1.75977,0.93946 4.13086,-1.62891 h 3.51953 l 2.73047,-2.74023 4.91992,0.68945 v 2.05078 h 4.83008 l 2.46875,-1.71094 4.13085,-0.68945 0.35157,-4.35938 0.69921,-5.48046 2.1094,-1.71094 2.459,2.74023 3.7812,-1.71875 1.0606,-2.65039 h 4.1308 l 6.3281,-3.76953 5.5411,-1.02148 0.3496,-5.38868 z"/>
    <path id="Thurgau" style="fill:#1fad65;fill-opacity:1;stroke:#ffffff;stroke-width:1;stroke-dasharray:none;stroke-opacity:1" d="m 796.66406,82.292969 -5.34961,2.408203 0.0703,-1.058594 -0.19922,-0.0098 -0.17969,0.808594 -1.19141,5.28125 3,1.939453 0.5,4.869141 2,3.650394 3.75,0.98047 1.25,1.69922 3.5,0.49023 2.75,-0.49023 4.5,0.98047 3.25,-0.98047 2.5,-2.67969 h 3.25 l 2.25,-2.429691 1,-3.900391 h 4 l 0.5,5.361329 4.5,1.458993 1.25,3.16992 -0.5,1.70117 -3,2.91992 c 0,0 -0.5,0.48992 -0.5,2.91992 0,2.44 -2.75,3.16992 -2.75,3.16992 l -0.25,5.10938 -3.5,-0.9707 -0.25,-2.43946 -7.25,-3.65039 -3.75,-0.96875 -2,6.08008 2.75,1.94922 -0.75,3.41016 h 4 l 11.25,4.61914 1.25,4.14062 7.5,-0.73047 3.75,4.38086 -2.5,1.70899 -2.75,0.73047 1.75,4.62109 2.25,4.86914 h 7 l 2.25,1.69922 5.5,0.49023 v 9.25 l -1.75,4.14063 1.25,4.14062 -3.25,0.96875 -0.25,2.91992 2.75,2.20118 1.75,4.85937 2,1.2207 0.25,1.94922 -1,1.94922 1.5,2.43164 5,0.48828 v 1.94141 l -5.25,0.25 2,3.65039 -0.75,3.4082 -2,3.16016 0.25,2.19141 3.75,0.72851 2.25,2.44141 4,2.42969 -0.25,2.91992 1.05078,0.76953 0.19922,-0.2793 2.75,-3.41015 h 2.75 l 0.25,-2.42969 2,-2.44141 -0.5,-3.64844 1,-1.70117 2.75,-0.25 1.25,-3.65039 -1,-3.39844 2,-0.49023 1.75,-2.19141 h 3.75 l 1.5,-1.70898 3.80078,2.4707 2.10938,-2.65039 4.49023,-1.03125 v -2.73828 l -4.49023,-1.37109 -2.45899,-1.95899 -0.70117,-3.77148 -4.83984,-1.0293 0.71094,-2.65039 -2.47071,-1.36914 4.14063,-4.45117 2.45898,1.02148 3.8711,-2.05078 3.41992,2.74024 3.16992,-2.06055 4.12891,-0.33984 2.46093,4.80078 h 2.45899 l 1.66992,-1.3711 3.87109,2.40039 3.08008,-2.40039 h 3.86914 l 3.50977,-1.71875 0.97266,-5.73047 h 2.45898 l 0.71094,2.99024 2.45898,1.0293 5.54102,2.06054 -1.0625,2.38867 3.52148,1.72071 1.75977,-2.06055 5.17968,0.69141 2.82032,2.30859 4.83007,0.68164 4.47852,-3.68164 2.47266,2.06055 3.85742,0.33984 3.13086,-5.40039 1.35937,-3.41992 -2.22851,-1.67969 1.51953,-2.76953 -2.80859,-1.36914 -2.02149,2.04883 -3.51953,0.68945 -5.54102,-1.36914 4.83985,-2.31055 -0.35157,-2.05859 4.57032,-2.05078 4.13086,2.40039 v -4.11133 l 2.45898,-0.68945 1.76172,1.71093 2.72852,-1.02148 0.3496,3.41992 3.16016,1.3711 0.71094,3.33984 -2.81836,1.36914 -2.46094,0.33984 0.34961,2.74024 5.28125,-1.0293 4.47852,-0.33984 0.35156,2.65039 -2.46094,1.36914 v 2.75 l 3.51953,-1.0293 2.46094,2.38867 1.66992,3 2.45899,-2.64843 -0.69922,-3.77149 2.46094,-2.64844 2.46093,0.33985 2.01953,-3.08008 4.25974,-1.9707 v -0.004 l -0.5957,-0.51562 -2.27146,-0.46289 -0.22852,-0.0469 h -0.004 l 1.27348,-1.03711 0.2441,-1.5625 -0.2324,-0.35156 -0.6211,-0.91992 -3.10158,-1.84961 -1.48828,-0.90039 -5.56054,-4.93946 -1.8711,-0.9707 -2.19531,-3.00781 -0.18359,-0.25196 -0.002,-0.002 -0.41797,-2.55664 -0.002,-0.01 0.83985,-4.41406 v -0.002 l -1.16797,-2.44531 -14.14844,-7.99024 -6.95117,-6.23047 -5.29688,-3.5625 -1.79297,-1.20703 h -0.002 l -0.63281,-0.22656 -4.69531,-1.67383 -3.56055,-2.1289 -3.57422,-1.10157 -0.35547,-0.10937 h -0.002 l -4.23828,-3.39844 h -0.002 l -5.23828,-1.7207 -1.79101,-1.482428 -0.46875,-0.388672 -0.006,-0.0039 -0.65039,-1.335938 -4.55469,1.541016 -3.42969,-2.740235 -2.78906,-2.269531 -0.006,-0.002 -2.32422,-0.587891 -0.004,-0.002 -5.01757,-0.06836 -6.42969,-1.236328 -2.93164,-2.310547 -1.39844,-0.34375 -1.64844,1.134765 -8.20898,-1.828125 -0.71875,1.025391 -6.31445,-0.121094 -4.71094,0.835938 -1.91602,1.33789 -4.78125,1.761719 -1.08398,1.126953 -1.5332,1.595703 -2.77149,0.435547 -1.36719,0.947266 -3.70312,0.458984 -7.8125,2.841797 -3.41211,0.54688 -2.05469,-0.40039 -2.75781,-2.408209 -3.81641,-0.546875 -0.002,-0.002 -2.59766,2.097654 -4.49023,-2.308591 1.66992,-1.710938 -2.31055,-1.390625 -2.51953,-3.410156 -4.2207,-1.279297 h -2.72852 l -3.15039,-0.669922 0.11914,-1.230469 -2.68945,-0.519531 -4.55078,-3.359375 -3.45898,-0.890625 -4.67969,-1.199219 -2.23047,0.228516 -1.66992,0.169922 -1.09961,0.121094 -2.40039,0.240234 -2.55078,-1.210937 z m 208.65044,76.939451 -0.2403,0.25977 -1.0508,1.7207 0.3516,2.64844 2.7285,0.33984 1.4024,2.74024 4.0586,-2.92969 -6.1797,-3.82031 z"/>
    <path id="Glarus" style="fill:#1fad65;fill-opacity:1;stroke:#ffffff;stroke-width:1;stroke-dasharray:none;stroke-opacity:1" d="m 882.56445,291.04492 -4.25,6.32813 -2.25,2.92187 -1,3.64844 -1.75,2.91992 -0.75,6.08984 2,1.22071 -0.5,5.34961 -2.75,0.98047 -2.25,2.66992 v 2.43945 l 5.5,1.95117 -3,3.16016 v 3.16992 l -4,4.85938 -1.5,3.90039 -1.5,1.69922 -5.75,2.67968 -1.5,-1.69922 -3.25,1.21094 0.25,4.13867 -1.75,2.91993 4.75,1.95117 1.5,5.83984 2.25,0.49024 3.25,4.3789 0.5,2.18945 -2,1.46094 3.5,5.11914 2,0.24024 1,2.67968 4,1.21094 -2.75,2.67969 -1.25,4.87109 1.5,3.64844 v 1.95117 c 0,0 -0.75,0.49047 -2.5,0.73047 -1.75,0.24 -4.75,1.94922 -4.75,1.94922 l 2.75,6.57031 3,1.70899 0.75,4.62109 -0.5,4.62891 -4.5,2.42968 -2,2.19141 -3.25,1.45899 -3.75,0.25 -3.25,4.38086 -6.25,3.16015 2.5,5.59961 -1.58007,4.59961 0.0801,0.0293 6.75,0.73047 4,1.69921 0.25,4.38086 4.25,0.49024 2.5,-1.95117 6.25,-2.42969 11.5,-2.68164 3,-1.45899 2.25,-5.83984 2.5,-0.49023 -0.5,-3.90039 1.75,-2.42969 1.75,-0.73047 -0.75,-6.57031 3.5,-0.72852 1,-2.68164 4,0.24023 5.25,2.19141 1.75,3.16992 1,3.64844 2.25,0.49023 8.75,-4.13867 c 0,0 -1,-2.18992 0.5,-2.91992 1.5,-0.73 2.75,-1.2207 2.75,-1.2207 v -2.91992 l 9,0.73046 4.5,-2.68164 3.75,-4.3789 2.25,-4.63086 3,-0.24024 2.75,-3.4082 0.5,-3.16016 0.25,-4.38085 -3.00195,-1.46876 -0.75,-3.1582 v -3.65039 h 2.25 l 0.75,-2.19141 -1.75,-1.45898 0.75,-3.16992 -0.0391,-2.81055 -0.34961,-4.79883 2.01953,-1.96093 -2.37109,-3.42969 c 0,0 -0.70899,-4.71008 -0.70899,-6.08008 0,-1.37 -2.81055,-2.74023 -2.81055,-2.74023 0,0 -1.05914,-2.05039 -2.36914,-2.40039 -1.31999,-0.34 -5.28125,-1.2793 -5.28125,-1.2793 l -4.83007,3.33984 c 0,0 -4.92962,3.1e-4 -6.59961,-0.67968 -1.66,-0.69 -5.98047,-4.3711 -5.98047,-4.3711 l 5.63086,-3.76953 3.43164,-0.33984 3.16015,-2.99024 2.72852,-4.79883 0.35156,-2.99023 -1.67187,-6.08008 v -7.79101 l 0.17773,-3.4668 -1.14258,-0.0977 -5.64843,-1.89648 -3.8711,-0.36719 -3.2539,-1.58398 -5.70313,-0.42383 -3.92969,-2.94141 -0.01,-0.002 -3.77735,1.61914 -5.1914,0.33984 c 0,0 -4.21891,-2.40008 -5.62891,-3.08008 -1.41,-0.68999 -6.24023,-8.47851 -6.24023,-8.47851 z"/>
    <path id="Ticino" style="fill:#a1c9f7;fill-opacity:1;stroke:#ffffff;stroke-width:1;stroke-dasharray:none;stroke-opacity:1" d="m 867.06445,510.38281 v 2.67969 c 0,0 -1,1.46141 -2,2.19141 -1,0.729 -5,-1.71094 -5,-1.71094 l -2.46093,0.44922 -2.03907,2.7207 -0.25,4.86914 2.5,2.18945 v 2.91993 l -3,3.41015 c 0,0 -1,0.47852 -3.5,0.72852 -2.49999,0.24 -3.75,3.16015 -3.75,3.16015 0,0 -2.5,0.24024 -5.25,0.49024 -2.74999,0.241 -3.5,3.89062 -3.5,3.89062 l -3.75,-0.23828 -1.5,-3.90039 -7.75,4.13867 -13,-6.32812 -2.5,1.46094 -4.25,-1.70118 -3.5,1.95118 -5.25,-2.44141 -3.75976,0.15039 -2.49024,0.0977 -7.75,6.08007 -3.25,-0.48046 -0.5,-4.38868 -4.25,-0.9707 -3.25,1.95117 -5,-0.73047 -2.25,-2.91992 -6.75,0.24024 -2.5,-1.70118 -2.75,0.72852 -2,1.46094 -2.25,8.52148 v 3.65039 l 1.25,4.37891 -3.75,1.69922 c 0,0 -2.5,0.49047 -5,0.73047 -2.49999,0.25 -4,3.16992 -4,3.16992 l -7.25,8.75976 -0.75,2.68165 -10.5,1.70898 -3.75,-0.73047 v 4.13086 l -1.75,2.43945 1.25,3.64844 -1.75,0.73047 -1.22851,4.55078 2.22851,0.0801 6.5,-3.16992 7.25,-1.70117 2,0.48046 1.75,1.46094 v 2.4375 c 0,0 2.25,0.49164 3,2.43164 0.75,1.949 0.5,4.86914 0.5,4.86914 l -1.75,0.49024 0.25,6.08008 2.5,2.67968 -0.5,2.18946 -1,2.1914 2,2.1875 -0.25,2.20117 -1.75,1.45899 1.5,12.41015 -2.25,1.95118 1.5,8.75976 -7,7.78906 -0.25,4.38086 h -1.75 c 0,0 -1,3.41062 0.5,5.84961 1.5,2.431 4,4.86914 4,4.86914 l 1.5,4.6211 -2.25,1.21875 -1.5,2.43164 3.75,1.94922 2.25,1.71093 1.25,3.89063 4,0.72851 4.5,1.45899 3.25,1.95117 5,0.9707 2.71875,7.47071 3.53125,4.94922 3.75,3.1582 4,6.0918 2.5,3.64843 2.25,0.49024 0.25,6.81054 3.25,3.41016 1,3.41016 h 8.75 l 3.75,4.61914 h 4.5 l 2,3.41015 2.09766,0.39454 0.006,-0.0606 0.84765,-1.79492 5.4668,-11.61133 2.60352,-3.83594 3.07812,-3.12305 5.17774,-2.34179 1.98437,0.13281 5.39844,2.41992 2.32812,-0.79101 0.84766,-2.05274 2.47461,-2.17578 0.0234,-0.79101 0.0684,-2.41993 0.60351,-1.30664 5.45117,-2.17383 2.52149,-0.51367 3.74023,4.95313 1.85547,1.69336 -1.13867,1.5957 1.11523,1.24805 2.35157,-0.0547 0.39062,1.00195 -17.83008,5.69922 -3.16211,3.22461 -0.26757,0.26758 -5.93946,4.11523 -4.09179,4.21289 2.49804,4.33789 3,0.97071 5,2.42968 3,-0.23828 2.75,-2.1914 8,7.30078 4.75,3.16992 0.5,2.91992 -0.5,3.65039 -2,4.86914 -3,-0.24023 c 0,0 -2,6.33102 -2.25,7.54102 -0.25,1.21999 -1.75,2.19068 -3,2.67968 -1.25,0.49 -2.5,0.49024 -2.5,0.49024 l -4,6.57031 -0.75,3.41016 11.5,2.42968 3.5,3.41016 3.75,4.37891 4.5,6.08984 h 3.1211 l 0.006,-0.0898 -0.59571,-2.36524 -1.69531,-2.41016 -0.0527,-0.0762 -0.4043,-0.59179 0.96094,-1.02539 0.008,-3.3125 1.93359,-1.88672 0.84766,-2.22852 -0.51953,-2.55664 0.6875,-1.39258 3.12305,-1.28125 1.26757,0.1543 0.29102,1.00391 -3.24609,6.88281 -0.44336,3.86914 1.06445,6.40039 -0.88867,4.25 1.14062,2.17578 3.60352,3.85742 2.88672,-3.46875 1.77148,-1.14844 2.15234,-5.62109 0.29883,-0.7793 1.31836,-1.3164 0.11524,-0.41211 0.0762,-0.25586 v -0.0117 l 0.48047,-1.76172 0.0469,-0.16797 2.25196,-8.12109 -0.34376,-3.03125 -0.39648,-0.69336 -1.58008,-2.74219 1.57227,-1.97461 1.36719,0.33399 1.45703,0.70312 3.33789,0.37891 3.42187,-0.26758 3.74805,-1.47266 2.88672,-2.39648 -0.0781,-0.22852 -3.25,-5.10937 2,-3.65039 1.75,-3.88867 8.25,-5.36133 4.5,0.73047 3.5,-1.45899 v -3.41015 l 3.25,-3.89258 -4.5,-11.6875 0.25,-2.68164 5,-2.42969 2.75,-2.67969 5.25,-2.1914 2.5,-4.86914 4.75,-4.38086 2.75,-0.96875 1,-3.66016 -4,-0.72851 -3,-3.4004 -4.5,-8.04101 -8.5,-4.37891 -1.75,-8.03125 -2,-0.49023 1.5,-10.21875 -4,-5.1211 -2.75,-5.34961 v -4.3789 l 2.25,-0.73047 1,-2.92969 2.25,-2.1914 -0.75,-3.39844 -2,-1.70899 1.25,-7.79101 5.5,-2.68164 0.25,-1.9375 1.5,-0.98047 v -7.54102 l -2.25,-5.84961 2,-3.16015 -1,-3.64844 4,-2.18945 -4.25,-8.51953 0.25,-5.60157 1.25,-4.63086 -3.5,-7.53906 h -9.5 l -0.25,-3.90039 -2.25,-0.9707 -0.25,-3.89844 -4.5,-3.41016 0.75,-4.61914 -2,-4.63086 1.75,-3.41015 -0.75,-4.12891 2.5,-8.04101 2.25,-1.94922 v -2.66992 h 2.5 v -3.16993 l -3.5,-0.9707 -0.25,-2.68164 -5,-3.16016 -1.5,-2.19726 -3.75,-0.24024 -5.75,3.41016 -1.75,0.23828 -1.25,-2.67969 2.25,-3.16015 -3,-5.10938 z m 18.70508,251.09571 -0.92969,0.58007 -6.61328,1.99805 -4.94922,4.17188 -0.32031,0.70312 -0.67187,1.48047 -0.66407,1.46484 1.94336,0.19532 -0.75,7.06054 -3.22851,0.0293 h -0.006 v 0.0176 l 0.36719,3.53515 0.10742,1.02539 1.80859,3.99219 1.4668,0.98242 1.70312,3.35547 0.21289,1.46094 -1.35742,3.43555 -1.05273,0.84961 -0.94727,-1.90625 -0.0918,-3.58204 -1.52149,-3.35546 -1.74805,-1.61914 -2.45898,-1.03711 -1.6875,0.87109 -4.27539,5.43164 -0.30664,0.21289 -2.25977,1.50586 -0.63086,0.67969 c 0.29351,0.38169 1.15625,1.64062 1.15625,1.64062 l 3.5,5.60157 v 3.64843 l 1.25,2.68164 0.75,5.10938 2.5,3.41016 -4.5,5.60156 -2.5,3.64844 -1,3.90039 5.25,-0.25 1.75,-2.91993 5.5,-0.73046 3,3.41015 4.75,-1.70117 2.5,2.43164 v 2.67969 l 3,2.18945 2.50977,0.73047 1.24023,-2.67969 1.75,-5.35156 2.75,-3.41016 v -3.89843 l 2.75,-7.54102 3.5,-0.98047 4,-5.83984 -2.5,-5.10938 -5.25,-5.59961 h -2.5 l -1.25,-2.43945 -6.25,-1.21094 1,-2.67968 -2.75,-2.18946 0.5,-5.60156 -6.25,-5.10742 1.5,-4.39258 3.75,-0.72852 0.25,-2.18945 3.25,-0.72851 0.75,-4.6211 z"/>
    <path id="Schaffhausen" style="fill:#22c372;fill-opacity:1;stroke:#ffffff;stroke-width:1;stroke-dasharray:none;stroke-opacity:1" d="m 762.61719,36.912109 -1.39844,5.390625 2.80859,1.708985 0.70118,3.679687 -2.81055,0.691406 -4.8418,-1.03125 -5.26953,1.371094 -3.08008,2.398438 -2.45898,-1.71875 -6.24024,2.060547 -4.2207,4.359375 -2.36914,3.429687 -2.4707,5.050781 0.71093,3.080078 -0.35156,3 -4.58008,4.449219 -5.52929,1.029297 -3.52149,4.361328 3.16016,1.71875 2.11133,3.669922 -1.05078,2.740234 -3.52149,1.03125 1.41016,4.019532 2.81054,-0.679688 2.82032,2.048828 3.77929,3.089844 3.8711,-0.339844 v 4.021486 l 5.17968,2.04883 -0.70117,-3.41992 3.16016,1.01953 c 0,0 2.72986,-1.01914 4.83984,-1.369144 2.111,-0.34 6.58985,1.369144 6.58985,1.369144 l -0.69922,-6.070316 9.40039,-3.679688 1.06055,2.650391 3.1582,0.339844 3.08008,-2.990235 3.47265,-0.46875 0.9375,-1.25 1,-2.560547 2,-1.949218 0.8711,-4.140625 2.1289,-1.820313 4.3711,0.119141 2.8789,0.851562 3.75,3.898438 1.44141,0.320312 0.17969,-0.808594 0.19922,0.0098 0.0684,-1.021484 v -3.078125 l -2.72851,-3.091797 0.71094,-2.648438 5.52929,0.689454 4.48828,-1.029297 1.4004,3.679687 2.8496,3.769531 0.95118,2.369141 1.66992,-0.169922 0.41992,-2.199219 1.06445,-8.480468 -4.13086,-1.029297 -2.45898,-3.330078 v -3.769532 l 3.67969,-2.509765 4.66992,-1.851563 -5.89063,-6.169922 -5.27929,2.740235 -4.22071,-1.96875 -0.25976,-4.451172 -0.69922,-3.769531 -4.49023,-2.990235 -1.75977,-3.769531 -2.46094,2.400391 -0.35156,4.019531 1.41016,4.109375 -1.0586,3.679687 -6.58984,3.771485 v -3.431641 l -2.11133,-1.279297 1.41016,-3.429687 -1.76172,-3.419922 0.35156,-4.710938 -2.73047,-2.40039 -7.02734,0.351562 z m 63.64648,24.990235 -2.8125,3.769531 2.11133,2.990234 -2.46094,0.34961 -4.83984,4.791015 0.70117,3.339844 5.88867,0.679688 2.47071,4.11914 -1.75977,1.021485 -1.41016,4.36914 -0.10937,1.539063 -0.10938,-0.01953 -0.12109,1.230469 3.15039,0.669922 h 2.72852 l 4.2207,1.279297 2.52148,3.410156 2.3086,1.390625 -1.66992,1.710938 4.49023,2.308589 2.59961,-2.097652 -2.45703,-1.960937 -3.57227,-1.5625 -3.00976,-3.378907 -0.90821,-1.015624 -5.98046,-1.740235 1.65039,-0.535156 3.71875,0.369141 1.08398,0.568359 1.08398,0.568359 2.48829,3.054688 4.16211,2.923828 3.00195,1.02539 2.88476,0.08789 c -0.59979,-0.489063 -1.21484,-1.015625 -1.21484,-1.015625 l -2.7207,-7.441406 -3.86914,-1.029297 1.05859,-2.740234 -1.75977,-2.650391 5.63086,-0.689453 -0.71093,-4.449219 h -5.98047 l -2.71875,-2.65039 -4.22071,1.36914 -0.69921,-4.109375 -2.38086,-2.400391 1.32031,-2.308593 z m -66.81055,58.298826 -1.75976,2.99024 -3.42969,1.37109 -0.69922,3.42969 1.75977,2.06054 3.07031,6.06836 1.41992,-1.11914 0.25,-2.92968 0.5,-1.70118 2.5,-2.91992 1.75,-3.4082 0.75,-1.95117 z"/>
    <path id="Zug" style="fill:#26d97e;fill-opacity:1;stroke:#ffffff;stroke-width:1;stroke-dasharray:none;stroke-opacity:1" d="m 718.31445,261.46289 -2.25,4.13867 -0.25,2.56055 1.5,3.89062 c 0,0 1.5,6.56907 1.75,8.03907 0.25,1.46 -0.25,2.92062 -0.75,3.89062 -0.5,0.97 0,2.19016 0,3.16016 0,0.98 1.5,2.92867 2.25,4.13867 0.75,1.22 0.75,1.95016 0.75,3.41016 0,1.45999 -1.5,7.79101 -1.5,7.79101 l -1.25,3.16992 2,1.45899 -1.5,4.38086 1.75,0.9707 h 3.75 l 4.5,-3.41016 2,7.3086 3.75,-3.16992 0.77735,-0.50391 -0.42383,-0.42578 -1.29883,-0.42188 -0.58008,-1.08398 -0.12109,-3.84766 1.65625,-2.81054 -0.21289,-1.0918 -1.4668,0.23242 -0.57226,-0.53516 -0.78711,-1.81835 0.97851,-3.88086 -1.25976,-5.10743 0.39648,-1.80664 0.084,-0.40234 2.44335,-1.35938 1.23438,-1.50585 1.33789,1.33789 6.13281,1.89648 2.77735,0.85742 1.82617,2.4336 -1.16016,2.60937 -0.99219,2.2207 -1.67968,8.12891 -1.81055,4.00391 0.0664,2.19922 1.68164,3.80273 5.23828,6.08984 0.13086,2.51368 5.35351,0.44531 2,-1.20899 4.75,0.24024 0.75,5.10937 3.5,-0.9707 3.25,-0.72852 0.75,-1.95117 3,-0.49023 1.5,-1.93945 4.75,0.73046 h 4.5 c 0,0 0,-3.65109 1.25,-4.87109 1.25,-1.22 2.75,-1.70898 2.75,-1.70898 l 0.5,-1.93946 2.75,-0.49023 4.25,-6.33008 v -4.14062 c 0,0 0.25,-1.93969 2,-2.42969 1.75,-0.49 2.75,-1.71094 2.75,-1.71094 l -2.5,-5.34961 -3.5,0.73047 -2.5,1.69922 -3.5,-1.20899 0.25,-2.92968 -3,-0.97071 -2,1.22071 -1.75,-1.22071 -3.75,-0.73047 1.5,-2.42968 -2.5,-3.90039 -1.5,-5.59961 h -3.5 l 0.25,-1.69922 -1.25,-1.71094 -3.75,0.73047 v -2.91992 l -7.5,-1.93946 -5.5,-0.25 -1.25,1.94922 -2.5,-1.2207 -2.75,0.24023 -0.75,1.95118 -2.25,1.21875 h -2.75 l -2.75,1.2207 -1.75,-0.25 -3.5,-2.66992 -3.75,-1.22071 -1.75,-2.43945 -5.5,0.49024 -1.25,-3.89063 -0.5,-2.43945 z m 53.39063,42.9375 2.26172,2.04102 3.71289,1.09179 2.34375,1.4961 3.1914,5.4082 -1.40429,2.43164 -1.89649,1.24805 -1.70117,-1.78321 -0.72656,-2.74218 -5.6875,-2.95703 -2.03125,-0.22266 -0.85547,-0.89258 0.60351,-1.48242 -0.47265,-3.4707 z"/>
    <path id="Zürich" style="fill:#51e198;fill-opacity:1;stroke:#ffffff;stroke-width:1;stroke-dasharray:none;stroke-opacity:1" d="m 778.56445,79.251953 -2.1289,1.820313 -0.8711,4.140625 -2,1.949218 -1,2.560547 -0.9375,1.25 2.07813,-0.28125 0.10937,1.291016 0.0215,0.298828 2.04101,4.951172 1.35743,3.298828 -0.67969,2.13086 -1.62891,1.24023 -2.32031,-0.21093 0.74023,-2.76953 -0.21093,-2.189458 -2.83985,2.369138 -0.75,2.95117 2.3086,9.09961 -0.57032,2.5 -2.10742,3.83008 -0.11133,1.40039 -0.0996,0.97852 -1.24023,1 -2.16016,-0.76953 -0.75,1.95117 -1.75,3.4082 -2.5,2.91992 -0.5,1.70118 -0.25,2.92968 -1.41992,1.11914 -3.07031,-6.06836 -1.75977,-2.06054 0.70117,-3.42969 3.42969,-1.37109 1.75977,-2.99024 3.16015,-5.72851 -4.56835,-4.1211 -3.43165,-0.33984 -0.69921,-2.40039 -4.8418,-0.25 -1.39844,2.65039 -2.10937,3.08984 -7.30079,1.71094 -2.10937,4.01953 -3.42969,2.06055 2.72852,4.35937 4.92187,-1.36914 2.21875,3.16016 -2.54882,0.75 -0.73047,0.20898 -3.31055,0.97071 -5.06055,1.25976 -2.76953,0.25977 -2.08984,1.08008 -1.67188,0.1289 -0.68945,-0.20898 -0.32031,-0.0996 -0.58985,1.16992 -1.25,2.67969 -0.75,2.91992 0.75,2.91992 -1.75,0.73047 -2.25,1.94922 v 3.16016 l -1.75,0.49023 -0.75,3.16992 -2.75,-1.71094 -1.25,2.92188 -0.5,3.16992 h -4 l -1.5,2.67969 1.25,2.66992 -1,1.94922 0.75,5.59961 2.75,-0.24024 0.5,3.65039 -2.25,1.21094 1.25,3.90039 3,0.48828 1,3.40039 -1.5,2.20118 0.75,3.16015 -2.25,3.16992 4.25,1.45899 -1.25,2.42969 -1,1.71093 -0.75,3.65039 -3.5,0.47852 v 2.19141 h 3.75 l 1,1.70898 2.75,0.48047 0.25,6.33008 3.25,3.90039 0.5,3.65039 c 0,0 -0.25,1.94844 -0.75,3.89844 -0.5,1.93999 0.25,2.19039 1.75,3.65039 1.5,1.46 1,2.19062 0,4.14062 -1,1.94 1,2.18945 2,1.93946 1,-0.24 3.50001,-0.96899 5.5,-1.20899 2,-0.25 4,-2.44141 4,-2.44141 0,0 0,2.9204 -0.75,3.9004 -0.75,0.96999 -2.25,2.43015 -3.25,3.16015 -1,0.73 -2.25,2.91992 -2.25,2.91992 l -0.25,3.41016 -2.25,0.73047 -1.5,2.43945 -2.75,-0.25 -1.75,1.94922 -4,-0.72852 3.75,3.64844 0.5,5.11133 c 0,0 1,1.94992 1,3.16992 0,1.21 0.75,3.41016 0.75,3.41016 v 1.82031 l 2.25,3.5293 0.5,2.43945 1.25,3.89063 5.5,-0.49024 1.75,2.43945 3.75,1.22071 3.5,2.66992 1.75,0.25 2.75,-1.2207 h 2.75 l 2.25,-1.21875 0.75,-1.95118 2.75,-0.24023 2.5,1.2207 1.25,-1.94922 5.5,0.25 7.5,1.93946 v 2.91992 l 3.75,-0.73047 1.25,1.71094 -0.25,1.69922 h 3.5 l 1.5,5.59961 2.5,3.90039 -1.5,2.42968 3.75,0.73047 1.75,1.22071 2,-1.22071 3,0.97071 -0.25,2.92968 3.5,1.20899 2.5,-1.69922 3.5,-0.73047 -0.5,-2.18945 -2.25,-1.46094 -0.5,-3.89844 1.25,-2.68164 3.75,-2.66992 4.49805,-4.64648 h -0.002 l -2.57422,-3.0586 -1.30469,-0.68945 -2.30664,-3.42578 -3.83203,-2.00782 -0.30078,-0.23242 -2.90039,-2.24218 -2.80274,-4.42774 -1.30664,-0.6914 -1.65625,-3.16797 -3.30664,0.54687 -3.23633,-0.45703 -0.8164,-0.38086 -5.34571,-2.47461 -3.96484,-3.72656 -0.20508,-0.18945 -0.97851,-1.80665 -1.14454,-4.5625 -4.8496,-7.92968 -0.4961,-1.33985 -0.80859,-2.17382 -3.11524,-8.37696 -1.33007,-1.24804 -0.54102,-2.64454 -1.64258,-2.43164 1.39063,-4.95117 0.18945,-0.6914 0.58008,-0.16602 1.03125,1.53906 1.07617,1.93946 0.60352,0.56836 2.05468,1.92968 1.73242,3.73438 1.62696,3.5039 0.26758,2.92188 1.16015,1.80664 1.12305,3.63672 2.10547,2.60937 1.00976,3.3125 1.74805,2.47461 7.2168,7.14063 4.12304,2.45312 1.13868,0.35742 7.22851,2.25 2.54297,1.78711 1.84961,1.29297 4.06836,2.85352 4.51367,3.16797 1.29102,0.46875 2.64258,0.95898 0.53515,0.18945 2.96875,0.83594 8.10352,0.0664 2.73242,-0.99219 1.75586,0.0449 1.51953,-1.5039 v -0.004 l 4.08984,-2.44922 4.75,-1.46094 4.5,2.19141 2.25,-1.94141 1.5,3.16016 4.75,-0.96875 1.25,-2.67969 3.25,-0.24023 7.25,-0.98047 5.75,-1.69922 3.5,-7.79101 -2.5,-0.49024 -1,-3.41016 3.75,-1.45898 0.75,-2.91992 1.5,-2.19141 4,-0.48828 3.75,-5.60156 -2.5,-2.91992 0.75,-4.12891 -2.25,-0.74023 1,-3.16016 -1.75,-2.91992 h -2.5 l -2,-7.30078 -1.94922,-1.42969 -1.05078,-0.76953 0.25,-2.91992 -4,-2.42969 -2.25,-2.44141 -3.75,-0.72851 -0.25,-2.19141 2,-3.16016 0.75,-3.4082 -2,-3.65039 5.25,-0.25 v -1.94141 l -5,-0.48828 -1.5,-2.43164 1,-1.94922 -0.25,-1.94922 -2,-1.2207 -1.75,-4.85937 -2.75,-2.20118 0.25,-2.91992 3.25,-0.96875 -1.25,-4.14062 1.75,-4.14063 v -9.25 l -5.5,-0.49023 -2.25,-1.69922 h -7 l -2.25,-4.86914 -1.75,-4.62109 2.75,-0.73047 2.5,-1.70899 -3.75,-4.38086 -7.5,0.73047 -1.25,-4.14062 -11.25,-4.61914 h -4 l 0.75,-3.41016 -2.75,-1.94922 2,-6.08008 3.75,0.96875 7.25,3.65039 0.25,2.43946 3.5,0.9707 0.25,-5.10938 c 0,0 2.75,-0.72992 2.75,-3.16992 0,-2.43 0.5,-2.91992 0.5,-2.91992 l 3,-2.91992 0.5,-1.70117 -1.25,-3.16992 -4.5,-1.458989 -0.5,-5.361329 h -4 l -1,3.900391 -2.25,2.429687 h -3.25 l -2.5,2.67969 -3.25,0.98047 -4.5,-0.98047 -2.75,0.49023 -3.5,-0.49023 -1.25,-1.69922 -3.75,-0.98047 -2,-3.65039 -0.5,-4.869141 -3,-1.939453 1.19141,-5.28125 -1.44141,-0.320312 -3.75,-3.898438 -2.8789,-0.851562 z m 8.71094,130.548827 3.35938,1.3711 0.97851,1.89453 1.99219,1.875 1.45898,2.62109 0.13672,1.50586 0.27539,3.07812 0.58008,0.99219 4.22852,2.82227 0.41211,1.54883 -1.52539,1.3164 -2.71876,1.72852 -1.60351,-4.44922 -2.3125,-3.51367 -2.94727,-2.85547 -1.26757,-2.35352 -1.60352,-1.14843 -1.39063,-3.44532 0.39649,-2.39648 0.77148,-0.29102 z m 31.33008,4.64844 3.04687,0.11133 2.26954,5.35351 -1.2168,2.6875 -3.25977,-1.01367 -0.45898,-3.28906 -1.25195,-1.89649 0.0625,-1.2832 z"/>
    <path id="Uri" style="fill:#663e00;fill-opacity:1;stroke:#ffffff;stroke-width:1;stroke-dasharray:none;stroke-opacity:1" d="m 766.60547,364.85156 -1.78906,1.0293 0.49804,4.52148 -4.5,6.57032 -0.25,4.86914 0.75,4.38086 -4.25,0.49023 1,2.67969 -3.75,3.65039 -3.5,-0.24024 -2,2.42969 -3.5,1.45899 -1.75,-1.94922 -3,0.25 -0.25,3.89062 -5.25,1.45899 -1.5,2.92968 3.75,1.46094 1.85938,4.16992 -3.35938,2.89063 1.5,2.18945 -0.75,2.91992 -0.5,3.41016 4,-0.73047 1.75,0.9707 3,0.24024 1.75,2.43945 -0.25,2.66992 -2.75,0.98047 -2.75,2.91992 v 3.88868 l -1.5,2.67968 c 0,0 0.5,2.6804 0.5,3.65039 0,0.98 -1.75,0.98047 -1.75,0.98047 h -2.5 v 3.40821 l 3.75,0.48046 0.25,2.91993 2.5,2.67968 1.5,1.95118 -2,2.42968 -3.25,1.22071 c 0,0 -1.25,-0.24071 -3.5,-0.97071 -2.24999,-0.73 -2.5,2.18946 -2.5,2.18946 h -1.91015 l -0.33985,3.16015 -2,1.22071 1,2.91992 -0.75,3.16992 1.5,2.91992 -0.25,5.83985 2.75,2.92187 -0.25,8.51953 -9.25,0.25 -6.25,-2.67969 -0.25,7.78907 3,2.91992 0.25,4.87109 2.75,1.69727 0.25,13.39258 -2.75,5.83984 -1.5,7.05859 3.75,6.0918 2.25,10.2207 7.25,3.41016 3.25,0.23828 2.25,3.90039 c 0,0 1.50001,-2.91983 4,-3.17383 2.5,-0.24 5,-0.73047 5,-0.73047 l 3.75,-1.69921 -1.25,-4.38086 v -3.64844 l 2.25,-8.52149 2,-1.46093 2.75,-0.72852 2.5,1.70117 6.75,-0.24023 2.25,2.91992 5,0.72852 3.25,-1.94922 4.25,0.9707 0.5,4.38867 3.25,0.48047 7.75,-6.08008 2.49024,-0.0996 -1.24024,-8.67187 0.25,-7.05859 c 0,0 -2,-10e-4 -3,-0.73047 -1,-0.731 -2.25,-2.42969 -2.25,-2.42969 l -0.25,-2.18945 -2,-1.22071 0.25,-2.42968 2.5,-0.98047 c 0,0 -1.25,-1.93821 -0.5,-3.40821 0.75,-1.45999 2.25,-1.9414 2.25,-1.9414 l 2.75,-3.41016 -0.75,-3.41016 0.25,-7.78906 h 3 l 1.25,-1.46094 0.25,-2.1875 3.25,-0.73046 1,1.94922 2.25,-0.25 0.75,-3.16016 h 3 l 4.5,-3.64844 1.75,-1.94922 c 0,0 -2.75,-3.41133 -1.25,-5.36133 1.5,-1.93899 4,-3.39843 4,-3.39843 l 1.75,-0.49024 5,6.81055 6.75,-2.91992 0.25,-4.38086 2,-6.33008 1.75,-1.45898 h 2.5 l -2,-9.00977 2.25,-2.66992 4,0.72851 -0.5,-2.91992 2.5,-0.48828 c 0,0 0.5,-1.71094 2,-1.71094 1.5,0 3,-2.18945 3,-2.18945 l 0.66993,-1.9707 1.58007,-4.59961 -2.5,-5.59961 6.25,-3.16016 3.25,-4.38086 3.75,-0.25 3.25,-1.45898 2,-2.19141 4.5,-2.42969 0.5,-4.6289 -0.75,-4.6211 -3,-1.70898 -2.75,-6.57031 -3.5,1.45898 -4.5,2.91992 -5.5,2.43164 -2.75,3.41016 h -3.75 l -2,4.13867 -2.25,-2.42968 0.5,-9.25 -4.25,1.93945 -1.5,-4.61914 -0.25,-5.59961 -3.5,-2.44141 -4,0.49024 -1.75,3.16992 -4.5,-0.72852 -1.5,-3.41015 -5.5,2.18945 -3.75,1.2207 -5,5.10938 -3.25,0.9707 c 0,0 -1.25,-0.73164 -2.25,-2.43164 -1,-1.71 0.75,-3.89844 0.75,-3.89844 l -2.25,-5.83984 -3,0.96875 c 0,0 -3,0.25 -4.5,0.25 -1.5,0 -4.75,-1.45899 -4.75,-1.45899 l -4.25,-0.73046 -2.75,-1.22071 -3.9082,0.20117 v 0.002 l -1.65625,5.92187 0.0527,1.82813 2.85547,3.6914 -0.20508,2.38868 0.83985,3.55859 -0.61914,0.93555 -1.8086,0.51367 -0.8164,0.39062 -1.63477,3.44532 -0.83203,-0.25586 -1.94726,-3.89454 -0.4961,-7.51757 0.35156,-0.55664 -2.00976,-2.69922 -1.27539,-2.98828 2.91015,-11.44141 0.61915,-2.43359 -0.80274,-2.45313 0.71094,-3.6914 -0.40625,-1.46094 z"/>
    <path id="Nidwalden" style="fill:#995d00;fill-opacity:1;stroke:#ffffff;stroke-width:1;stroke-dasharray:none;stroke-opacity:1" d="m 730.55859,359.15039 -5.46679,0.48047 -0.27735,2.25195 -7.5,0.23828 -4.25,0.73047 -0.28711,-3.54687 -0.1875,0.0469 -1.90039,0.47852 -2.3125,-0.65625 -1.54492,0.41211 -2.23633,1.64062 -1.80078,3.99219 -1.8789,1.4375 -3.34571,1.39453 -4.67969,-0.21094 -0.8789,-1.44922 0.80859,-3.23632 -0.3125,-0.91992 -1.94336,0.37695 -2.75,1.46094 -3.75,-0.97071 -3,-0.73047 -3.25,3.89063 -3.25,0.73047 -0.5,-2.18946 h -4.25 l -1.75,5.10938 3,1.94922 1.19922,0.0703 2.80078,0.17188 3,-2.42969 3.75,0.23828 5,0.98047 4,-0.98047 1.2461,2.29101 2.22265,-0.73828 1.52149,-1.33789 0.86328,0.0898 0.51172,0.0547 1.2207,0.88086 -0.0996,0.17969 -1.71875,3 -3.61719,1.39453 -2.08593,1.35547 1.93554,4.52149 -3.25,2.67968 -1.75,3.65039 4.5,4.13868 4,-0.25 4.75,-2.18946 1.25,1.46094 c 0,0 0,0.72945 -1.25,2.18945 -1.25,1.46 1.5,2.67969 1.5,2.67969 0,0 -1,2.68039 -2.25,3.65039 -1.25,0.98 1,2.91992 1,2.91992 v 2.92969 l -2,0.9707 -0.25,2.18946 -1.25,1.69922 0.25,2.93164 1.5,3.1582 -1.25,3.41016 -0.25,3.65039 0.25,3.41015 1.5,0.73047 v 2.91992 l -3.75,1.22071 0.5,1.93945 5.25,5.11914 1.25,3.41016 3.75,1.46093 3,3.64844 v 0.24024 h 1 l 2,3.65039 1.5,0.25 2,2.42968 4.25,-2.42968 4,0.72851 -2,-5.59961 -2.25,-0.49023 -3.5,-3.16016 -3.75,-3.41015 v -3.16993 l -2,-0.23828 -1.25,-1.46093 -0.5,-2.67969 -2,-3.41016 -1.75,-4.38086 -0.25,-3.1582 -1.25,-0.49024 0.25,-2.4414 1.5,-1.20899 0.5,-3.65039 2.75,-0.49023 2.5,0.24023 0.75,2.91993 -2.5,2.67968 -0.4707,4.16016 2.9707,-2.20899 2,-0.49023 2.5,-3.16016 2.25,-0.25 0.25,-2.18945 h 2.25 l 1.5,3.4082 -0.5,3.65039 4,0.73047 4.25,-1.45898 5.25,-0.48047 0.5,-3.41016 0.75,-2.91992 -1.5,-2.18945 3.35938,-2.89063 -1.85938,-4.16992 -3.75,-1.46094 1.5,-2.92968 5.25,-1.45899 0.25,-3.89062 3,-0.25 1.75,1.94922 3.5,-1.45899 2,-2.42969 3.5,0.24024 3.75,-3.65039 -1,-2.67969 4.25,-0.49023 -0.75,-4.38086 0.25,-4.86914 4.5,-6.57032 -0.49804,-4.52148 -0.55469,0.32031 -4.55078,1.14844 -1.95508,2.07617 -14.77539,5.39649 -5.62109,-0.84766 -4.65821,-2.41992 -1.77734,-0.0117 -7.71094,-1.44922 -1.69531,-1.59766 -1.07031,-1.71679 0.41992,-1.38282 2.96289,-1.92968 6.79687,-1.90625 1.35938,-1.28321 z"/>
    <path id="Luzern" style="fill:#ffc366;fill-opacity:1;stroke:#ffffff;stroke-width:1;stroke-dasharray:none;stroke-opacity:1" d="m 678.06445,245.0332 -2.75,0.49024 -2.5,2.1914 -0.25,2.42969 -1.75781,0.17578 0.35547,1.35742 -1.25977,6.2793 -0.96875,1.13867 -1.4082,-3.13867 -1.46094,3.19727 -3,2.18945 -0.75,7.79102 -7.75,1.69921 -0.5,-1.93945 -3,-0.98047 -1.5,-3.65039 5.75,-0.73047 -0.5,-1.94922 1.25,-1.93945 -3.25,-1.46094 -3.75,1.93946 c 0,0 -3.25,0.73047 -4.5,0.73047 -1.25,0 -1.75,0.25093 -3,1.71093 -1.25,1.46 -3,-0.49023 -3,-0.49023 0,0 -0.75,-0.24024 -2.5,-0.24024 -1.75,0 -1.25,-1.46093 -1.25,-1.46093 v -2.67969 l -4,-2.67969 c 0,0 -1,0.24024 -2,0.49024 -1,0.24 -2.75,1.93945 -2.75,1.93945 l -4.5,0.49023 1.25,3.65039 c 0,0 -4.25,0.73047 -5.75,0.98047 -1.5,0.24 -3,1.45899 -3,1.45899 l -3.75,-1.45899 0.25,-5.36133 -3.5,-4.86914 v -2.67968 l -2.5,-1.93946 -2.5,2.18946 -2.75,0.24023 -1.5,-1.21094 -3.5,0.48047 -1.75,1.70899 3.5,7.06054 -6.75,8.03125 -4.75,-0.98046 c 0,0 -0.25,-0.96946 -1.5,-1.93946 -1.25,-0.98 -3.5,-0.73023 -5,-0.49023 -1.5,0.24 -8.75,2.42969 -8.75,2.42969 0,-10e-6 -2.25,1.70921 -3.25,1.94921 -1,0.25 -2.75,-0.23898 -4,-1.45898 v 4.86914 l 2.25,2.18945 3.25,7.31055 1.5,4.62109 c 0,0 1.75,0.96899 2.75,1.45899 1,0.49 1.5,1.95039 2.25,3.90039 0.75,1.94 -0.25,2.43039 -1,3.40039 -0.75,0.98 -0.75,1.22016 -0.75,3.41016 0,2.18998 1.5,3.64914 2.5,4.86914 1,1.22 1.5,3.16992 1.5,3.16992 l -1,4.62109 -4.25,2.43946 -0.25,3.40039 1.25,2.43945 v 4.14062 l 1.5,3.88868 -1.25,7.55078 c 0,0 -0.75,4.61984 -1.5,5.83984 -0.75,1.22 0,2.67969 0,2.67969 l 1.25,3.16015 2.5,0.25 0.5,3.6504 2.5,0.49023 v 3.16016 l 1.75,0.96875 -0.5,3.66015 -0.5,1.21094 1.5,1.70898 h 2 l 4,-1.21875 3,2.42969 4.25,-1.21094 1.25,1.70118 -1.75,2.91992 0.5,6.08984 -2,1.20899 0.25,4.63086 -3.5,1.21874 0.25,5.35157 -3.25,0.97851 -1,5.60157 -3.75,0.96875 -2.5,-0.96875 c 0,0 -2.75,0.96923 -4,1.69921 -1.25,0.73 -2.75,5.35938 -2.75,5.35938 l 3.5,2.66992 -3.25,8.04102 -3.25,0.96875 -1,1.46093 0.5,5.10938 h 2.25 l 0.75,2.67969 -0.25,5.60156 1.75,4.62891 6.75,2.91992 8.5,5.11133 6.5,4.61914 1.75,3.4082 -1.25,2.44141 3,1.93945 2,3.4082 6,-0.96875 2,-3.16992 h 2.25 c 0,0 1.75002,-1.70141 3.75,-2.19141 2,-0.48 4.5,0.49024 4.5,0.49024 l 3,0.24023 2,-1.69922 0.5,-3.64843 2.25,-1.22266 -1.5,-4.13867 -2,-3.89063 c 0,0 -1,-1.21992 -2,-3.16992 -1,-1.94 0,-4.61914 0,-4.61914 l 3.5,-2.19141 0.25,-3.41015 2.75,-0.72852 1,-9.01172 -1,-2.42968 0.75,-3.41016 3.75,-0.72852 0.75,-3.41015 2.25,-1.70117 3.75,1.21093 c 0,0 -1,1.95016 -0.75,3.41016 0.25,1.46 1.5,3.16992 1.5,3.16992 0,0 4.00002,-9.50117 6,-11.20117 2,-1.71 8.5,-6.58008 8.5,-6.58008 l 1,-2.91992 -4,-2.91992 c 0,0 -0.49998,-2.91867 1.5,-4.13867 2,-1.21 8,-4.13086 8,-4.13086 l 3.75,1.46093 7.5,0.24024 1.69922,-2.61133 -1.19922,-0.0703 -3,-1.94922 1.75,-5.10938 h 4.25 l 0.5,2.18946 3.25,-0.73047 3.25,-3.89063 3,0.73047 3.75,0.97071 2.75,-1.46094 1.94336,-0.37695 -1.10742,-3.26172 0.67188,-2.03125 1.71093,-0.97852 2.8418,2.66602 1.55664,-0.0586 0.80274,-0.66797 0.29687,-2.01757 -0.41211,-1.46289 0.95508,-1.59571 -0.58008,-1.03711 -0.77734,-1.39453 0.83203,-2.50976 -1.10742,-3.07813 -0.6875,-1.27148 -4.89649,-3.79102 -0.0215,-0.60156 -0.008,-0.21289 3.94727,-0.13477 0.97852,1.30664 0.16797,0.22071 3.56445,2.27734 0.375,0.71289 1.09179,2.07422 1.21485,0.70312 2.28125,-0.53515 8.4668,-8.1836 -1.35157,-3.72851 5,-4.6211 0.25,-4.6289 3.25,-1.95117 v -2.42969 l 2.25,-0.73047 1.75,-0.23828 1.25,-2.20117 4,-0.48047 -2,-7.3086 -4.5,3.41016 h -3.75 l -1.75,-0.9707 1.5,-4.38086 -2,-1.45703 -9.75,-0.98047 -2.75,-1.93945 -2.75,-6.08985 -4,-5.59961 -0.25,-5.8418 -2,-1.94921 -0.5,-7.06055 -1.75,-1.69922 -1,-7.06055 -1,-6.08984 -4.75,-4.14063 -0.75,-3.88867 1,-2.91992 -4,-2.92969 -3.5,-0.9707 z m 53,71.32813 5.44922,0.79101 0.006,-0.004 3.39063,-3.19141 -0.39649,-1.0918 -2.91797,0.82618 -1.0039,-1.00391 -0.77735,0.50391 z m -56.06054,-43.97071 3.05468,0.54688 1.44336,1.7832 2.86328,8.53321 -0.4414,3.41211 -1.27539,0.22265 -1.91016,-2.03906 -4.55078,-9.4043 z m -33.65235,17.1836 3.75782,2.17578 1.77148,3.24609 1.6875,1.03711 2.88672,3.58008 4.99219,3.31445 2.07031,4.16016 -2.03711,4.83984 -9.00391,-5.64453 -1.42773,-0.89062 -5.76563,-7.04883 V 290.625 Z m 83.21289,46.25781 -1.49609,0.29883 -0.83398,2.86523 -1.63282,3.63672 -4.82617,4.00391 -0.67969,1.67187 1.04688,1.16211 2.18945,-0.24804 1.87109,1.03906 2.76563,-2.65625 3.03125,0.2793 4.29883,2.54492 1.74805,0.10937 4.62695,4.27149 0.89453,1.99804 -1.64844,3.07813 0.32031,1.55078 0.89649,0.38867 0.92773,-0.18359 7,-1.46094 2.25,-1.70898 c 0,0 0.75,-1.45969 0.75,-2.67969 0,-1.21 -0.25,-3.16016 -0.25,-3.16016 h -3 l -4,-4.87109 -3.75,-2.42969 -1,-2.43945 -2.25,-0.24024 -5.25,-3.65039 0.25,-1.94922 z m -10.14062,23.0625 -1.64649,0.41016 0.28711,3.54687 4.25,-0.73047 7.5,-0.23828 0.27735,-2.25195 -3.66602,0.32226 z"/>
    <path id="Valais" style="fill:#ff9b00;fill-opacity:1;stroke:#ffffff;stroke-width:1;stroke-dasharray:none;stroke-opacity:1" d="m 719.56445,501.13281 -3.25,0.47852 -4,6.08984 -3.5,2.43164 -0.25,7.79102 -2.25,3.89844 v 4.86914 3.89062 l -6.5,7.55078 -6,0.97071 -4.25,5.35937 -3.5,0.9707 -2,2.67969 -4.5,0.24024 -1.5,2.19921 -12.25,1.93946 -10.75,1.45898 -1,-4.13867 -5.5,-0.24023 -7.25,-2.18946 -3.25,-4.14062 -11.25,-3.64844 -3.75,1.69922 -2.5,-1.93945 c 0,0 -1,-0.25 -2.75,-0.25 -1.75,0 -2,-1.94141 -2,-1.94141 h -5.25 l -2.25,1.46094 -3.75,0.48047 -1.5,3.41015 -4.75,0.25 -2.5,3.39844 -0.25,0.98047 c 0,0 1.25,1.45969 1.5,2.42969 0.25,0.98099 1.5,5.60156 1.5,5.60156 l -3.5,5.10742 -5,0.49023 -3.25,4.63086 -7.25,4.37891 -8.5,2.91992 h -7.25 l -5.25,3.41016 c 0,0 -3.5,2.92015 -6,3.41015 -2.49999,0.481 -8,7.05079 -8,7.05079 l -11.25,8.27929 -3.25,0.25 -1.75,2.42969 h -3.25 l -3.75,-3.89844 -17.75,-7.53906 -2,1.69922 -2.75,0.97851 -0.25,3.4004 -2.75,2.18945 0.5,3.16992 c 0,0 -1.25,1.4597 -2.5,0.9707 -1.25,-0.48 -2.25,-1.69922 -2.25,-1.69922 l -2.5,0.23829 -3.25,0.98046 -7.5,0.96875 -2.25,5.11133 8,3.41016 -3.75,1.94922 -2,3.4082 -4.75,0.24024 -3.25,-0.72852 -1,2.42969 -5.25,-0.24024 v -2.91992 l -1.5,-2.91992 -2.25,0.24023 -0.25,2.67969 -3.75,0.9707 -0.75,-2.67968 -4.5,-1.21094 -2.5,1.70117 -8.75,2.1875 -11.5,9.5 -11.75,3.16016 c 0,0 -1.5,-1.45868 -1.5,-4.13868 0,-2.66999 1.25,-3.89062 1.25,-3.89062 l -0.75,-4.38086 -3.75,3.16016 -4.25,0.49023 -5.75,2.66992 -0.25,8.2793 c 0,0 -2.25,3.16944 -5.75,3.89844 -3.49999,0.731 -5.24023,-0.72852 -5.24023,-0.72852 h -0.01 l -8.5,9.25 v 4.6211 l 2.25,0.72851 -0.25,2.18945 -2.75,0.72852 -0.25,2.44141 1.5,2.67968 -4,1.45899 -2.5,3.65039 c -1,1.46 -3.75,2.91992 -3.75,2.91992 l -0.5,2.91992 -2,2.44141 -5.75,0.47851 -0.25,5.83985 -9.75,8.52929 -5.25,0.24024 -6.83984,4.9707 -6.75,-7.99023 -2.4707,-8.89063 -5.38086,-9.70898 -4.01953,-4.90039 -5.26954,-8.30078 -3.57031,-3.94922 -1.96875,-11.75977 -3.43164,-6.95117 h -6.60937 l -3.66993,-5.55859 c 1.46,-2.35 1.83047,-3.57133 0.98047,-6.36133 -0.37,-1.22 -0.92968,-2.38867 -0.92968,-2.38867 l -5.91211,-6.27344 -2.06641,0.38867 -0.49609,0.94922 -0.60352,0.66992 -0.79492,-0.16797 -2.04492,-0.42382 -4.07032,0.39062 -6.01757,-2.26953 -0.31446,1.11523 -0.25,8.03125 c 0,0 -2.25,3.40768 -4,4.13867 -1.75,0.731 -5,2.42969 -5,2.42969 l 4,9.01172 2.25,-0.49023 2,2.67968 v 2.42969 l 4,1.71094 4.5,4.14062 0.25,2.66993 c 0,0 1.25,0.74217 3,2.20117 1.75,1.459 2.5,0.47851 2.5,0.47851 l 4.5,4.37891 -3.25,12.91016 -3.5,2.66992 -2.5,5.36133 -3,0.96875 -0.75,4.14062 c 0,0 -1.25,1.46264 -1.75,2.68164 -0.5,1.219 -1.75,5.10938 -1.75,5.10938 l 1.25,8.27929 -3.25,4.86914 c 0,0 -2.25,2.92087 -2.5,4.38086 -0.25,1.46 2.25,7.54883 2.25,7.54883 l 2.5,-0.48828 1,2.42969 2.25,-0.73047 h 6.25 l 1.75,2.19141 14.25,1.70898 -1,8.03125 -2.75,3.41016 1.75,4.3789 -0.5,5.10938 -2.75,2.68164 -1.25,5.83984 3.25,1.94922 2.5,-2.18945 2.75,-0.97071 3.25,-5.60156 5.25,1.22266 -1,3.1582 1.5,1.94922 2.42969,-1.75 4.32031,9.54102 4.75,5.60156 1,3.88867 2.5,3.16992 3,-0.25 1.75,5.1211 3.75,4.3789 -4.25,2.91992 2.75,4.14258 4.5,0.96875 1,1.95117 -0.25,6.8086 1.25,5.12109 6.5,4.61914 0.5,4.14063 2.25,2.43945 0.5,2.91992 c 0,0 3.75,1.93992 4.75,2.91992 1,0.969 0.75,2.4294 0.75,3.65039 0,1.22 1.25,3.89063 1.25,3.89063 0,0 3.25001,0.2493 5.75,-0.9707 2.5,-1.221 3.25,-4.38086 3.25,-4.38086 l 7.5,-2.67969 3,5.10937 c 1,1.71 6.75,2.43946 6.75,2.43946 l -0.75,-4.86914 4.75,-4.14063 2,-3.41015 10.25,-0.47852 4,-3.41016 2.75,-7.31054 7.5,2.18945 1.75,2.92969 4.75,-1.94922 4.75,1.2207 0.25,2.66992 7.25,2.91993 4.75,-5.34961 2.5,0.72851 5.25,-3.41015 4.75,-5.83985 6.25,-0.72851 0.75,-5.36133 6.75,-5.10938 5.75,-0.23828 6.5,2.42969 v -7.30078 l 2.25,-4.37891 7.75,-0.98047 1.75,3.65039 0.5,2.92969 16.25,0.24024 c 0,0 3.00001,-3.17041 5.75,-2.19141 2.75,0.97 4,3.89258 4,3.89258 l 0.75,3.89844 4.75,0.73046 3.75,2.67969 0.25,5.83985 1.75,3.41015 4.25,0.47852 3.75,-6.07813 5.75,0.47852 5.25,4.38867 3.75,3.89258 5.25,-3.41016 c 0,0 4.5,1.45899 5.75,1.70899 1.25,0.24 6.5,1.70117 6.5,1.70117 l 3,-2.19141 c 0,0 -3.5,-4.13836 -2,-6.56836 1.5,-2.441 1.75,-5.8418 1.75,-5.8418 l 1.25,-7.54882 c 0,0 3.5,-1.70944 5,-3.64844 1.5,-1.95 3.5,-6.33008 3.5,-6.33008 l 15.5,0.23828 5.75,-0.23828 0.75977,-1.46094 1.24023,-4.86914 3,-0.73047 0.5,-7.55078 5,-5.34961 c 0,0 -2.5,-4.14055 -2.5,-7.06054 v -5.35938 l 1.5,-2.43164 1.5,-7.78906 7.25,-0.72852 3.5,-1.46093 5.5,-0.49024 4,-1.94922 2,-2.18945 -0.25,-4.37891 4.75,-3.17187 h 3.75 l 3.25,-4.61914 -2.25,-2.18946 c 0,0 0.75,-3.90109 1.75,-5.12109 1,-1.21 3.25,-4.37891 3.25,-4.37891 l -2.5,-4.38086 -3.25,-7.29882 0.25,-3.16992 -9,-8.27149 v -3.66016 l -8.5,-3.16015 0.5,-4.63086 9,-8.02734 2.25,-3.6504 5.25,-3.90039 2.5,0.49024 4,2.18945 5.25,-1.45898 c 0,0 2,-0.97266 3.25,-0.97266 1.25,0 2.25,-0.72852 2.25,-0.72852 l 2.25,-2.18945 2.5,-5.12109 0.5,-3.39844 3.25,-3.66016 h 4.25 c 0,0 0,-1.94068 1.75,-2.42968 1.75,-0.49 2.25,-1.94922 2.25,-1.94922 l -0.75,-2.66992 0.75,-1.71094 3.5,-2.18945 3.25,0.73046 3.75,-3.41015 3,-1.21094 0.25,-7.54883 -6.25,-3.16992 4.5,-8.03125 h 4.5 l 7.75,-6.33008 4.75,-4.86914 5.02149,0.16992 1.22851,-4.55078 1.75,-0.73047 -1.25,-3.64843 1.75,-2.43946 v -4.13086 l 3.75,0.73047 10.5,-1.70898 0.75,-2.68164 7.25,-8.75977 -2.25,-3.90039 -3.25,-0.23828 -7.25,-3.41016 -2.25,-10.21875 -3.75,-6.09179 1.5,-7.06055 2.75,-5.83984 -0.25,-13.39063 z m -415.38086,220.6211 0.84766,0.77929 1.85547,4.59571 -0.35156,2.05273 -2.55078,-2.17383 -1.10547,-2.34375 z"/>
    <path id="Schwyz" style="fill:#22c372;fill-opacity:1;stroke:#ffffff;stroke-width:1;stroke-dasharray:none;stroke-opacity:1" d="m 863.01562,273.09766 -1.33789,1.64648 -2.65039,0.71484 -2.71679,1.7168 -2.19336,0.68945 -4.62696,-0.97851 -3.09961,0.90234 -4.13867,0.20117 -1.44336,1.22852 -0.93945,2.49805 -1,0.66797 -7.48242,-1.09375 -1.60938,-1.88672 -2.77929,-0.65625 -1.34571,-1.89453 1.25391,-1.59571 0.1543,-1.13476 -1.375,-0.85157 -1.33008,0.24219 -3.03125,3.08008 -1.39063,-0.32227 -2.46679,0.70313 -3.34571,-1.10547 L 810,276.53906 808.94531,275 l -3.21484,3.58203 -2.41797,-0.94726 -4.49805,4.64648 -3.75,2.66992 -1.25,2.68164 0.5,3.89844 2.25,1.46094 0.5,2.18945 2.5,5.34961 c 0,0 -1,1.22094 -2.75,1.71094 -1.75,0.49 -2,2.42969 -2,2.42969 v 4.14062 l -4.25,6.33008 -2.75,0.49023 -0.5,1.93946 c 0,0 -1.5,0.48898 -2.75,1.70898 -1.25,1.22 -1.25,4.87109 -1.25,4.87109 h -4.5 l -4.75,-0.73046 -1.5,1.93945 -3,0.49023 -0.75,1.95117 -3.25,0.72852 -3.5,0.9707 -0.75,-5.10937 -4.75,-0.24024 -2,1.20899 -5.35351,-0.44531 0.0976,1.88086 1.00782,3.0996 -1.65821,2.88868 -1.08398,0.40234 -1.23438,-1.42773 -4.19336,-1.9961 -1.54101,-2.15234 -5.96485,-5.6875 -0.5957,-1.46094 0.41992,-1.38477 2.04883,-1.92382 v -0.002 l -5.44922,-0.79101 -4,0.48047 -1.25,2.20117 -1.75,0.23828 -2.25,0.73047 v 2.42969 l -3.25,1.95117 -0.25,4.6289 -5,4.6211 1.35157,3.72851 3.01757,-2.91601 1.35938,-0.75781 0.89453,-0.50196 4.86328,-5.84375 -0.084,3.12305 -1.64844,5.65625 1.49609,-0.29883 4.25,1.2207 -0.25,1.94922 5.25,3.65039 2.25,0.24024 1,2.43945 3.75,2.42969 4,4.87109 h 3 c 0,0 0.25,1.95016 0.25,3.16016 0,1.22 -0.75,2.67969 -0.75,2.67969 l -2.25,1.70898 -7,1.46094 -0.92773,0.18359 3.84375,1.66406 5.76562,-0.44726 7.09571,1.25976 2.29101,-0.24414 4.4043,-2.80078 3.91016,-1.11523 1.82421,-0.33203 1.41016,1.1582 2.34375,1.76367 1.81836,2.51953 0.46484,6.59375 1.84766,9.95703 3.9082,-0.20117 2.75,1.22071 4.25,0.73046 c 0,0 3.25,1.45899 4.75,1.45899 1.5,0 4.5,-0.25 4.5,-0.25 l 3,-0.96875 2.25,5.83984 c 0,0 -1.75,2.18844 -0.75,3.89844 1,1.7 2.25,2.43164 2.25,2.43164 l 3.25,-0.9707 5,-5.10938 3.75,-1.2207 5.5,-2.18945 1.5,3.41015 4.5,0.72852 1.75,-3.16992 4,-0.49024 3.5,2.44141 0.25,5.59961 1.5,4.61914 4.25,-1.93945 -0.5,9.25 2.25,2.42968 2,-4.13867 h 3.75 l 2.75,-3.41016 5.5,-2.43164 4.5,-2.91992 3.5,-1.45898 c 0,0 3,-1.70922 4.75,-1.94922 1.75,-0.24 2.5,-0.73047 2.5,-0.73047 v -1.95117 l -1.5,-3.64844 1.25,-4.87109 2.75,-2.67969 -4,-1.21094 -1,-2.67969 -2,-0.24023 -3.5,-5.11914 2,-1.46094 -0.5,-2.18945 -3.25,-4.37891 -2.25,-0.49023 -1.5,-5.83985 -4.75,-1.95117 1.75,-2.91992 -0.25,-4.13867 3.25,-1.21094 1.5,1.69922 5.75,-2.67969 1.5,-1.69922 1.5,-3.90039 4,-4.85937 v -3.16992 l 3,-3.16016 -5.5,-1.95117 v -2.43945 l 2.25,-2.66993 2.75,-0.98047 0.5,-5.3496 -2,-1.22071 0.75,-6.08984 1.75,-2.91992 1,-3.64844 2.25,-2.92188 4.25,-6.32812 -5.25,-3.65039 -6.25,2.18945 -1.75,-8.76953 3.75,-0.7207 0.5,-6.58008 z m -43.31835,24.83398 3.15429,0.92578 0.39453,1.0918 -0.31836,5.24219 1.73047,6.10156 -0.3125,2.11914 1.26758,2.72266 0.25195,2.38671 4.22461,3.46875 0.41211,1.64063 -0.30664,2.20703 -1.09179,0.30078 -8.63477,-10.22851 -0.17578,-2.84571 -1.23633,-2.27539 -3.79687,-6.95898 0.89453,-4.23828 2.02343,-0.24414 z m 35.90429,19.46094 2.97656,1.29492 2.10157,3.25586 -0.50391,1.85352 0.79297,2.17578 -0.83984,3.14257 -3.85547,3.49024 -0.58789,-1.16992 1.11523,-3.06836 0.11133,-2.9336 -0.73828,-3.83593 -2.75586,-3.42383 z m -88.87304,23.85937 2.32031,0.85743 0.88672,2.08593 4.9082,1.41602 1.73242,2.88867 -2.44922,0.89453 -0.92578,-0.24805 -1.32031,-1.1582 -1.83984,-0.3125 -3.55079,-2.09766 -0.32031,-1.46289 z"/>
    <path id="Aargau" style="fill:#22c372;fill-opacity:1;stroke:#ffffff;stroke-width:1;stroke-dasharray:none;stroke-opacity:1" d="m 663.93555,110.22852 c -1.09375,0.0613 -2.1861,0.48796 -2.6211,0.79296 -0.88,0.61 -3,3.64977 -3.5,4.25977 -0.5,0.61 -2.13,2.80063 -4,3.89063 -1.87999,1.09999 -6.00086,2.43968 -7.63086,2.67968 -1.61999,0.24 -4.31054,2.96094 -4.31054,2.96094 l -1.42969,0.98047 -4.25,0.50976 -1.7793,1.79883 -2.17968,6.5 -1.16993,1.05078 -1.66015,0.15039 -3.43946,-1.60156 -2.21093,-1.04883 -1.14063,0.2793 -0.60937,0.15039 -2.38086,3.21094 -1.60938,0.56836 -0.3789,0.13086 -3.33008,0.76953 -3.48047,1.2207 -2.13086,-0.0195 -2.85938,-2.0918 -1.86914,-0.57812 -2.86132,0.37891 -4.2793,0.0508 -3.40039,0.0391 -0.72071,0.66992 -1.01953,2.41992 -0.99023,0.8711 -2.0293,0.25 -3.36914,-1.07032 -2.76172,-1.83007 -0.79882,-1.63086 -0.41016,-2.92969 -0.16016,-1.12891 -0.34961,-2.45117 -0.0996,-0.68945 -1.70117,-3.42969 -0.76953,-0.61133 -0.55078,-0.16992 -2.35938,-0.72852 -2.78906,-0.27148 -10.21094,2.12109 -3.00976,-1.34961 -1.58008,-0.0312 -2.35937,1.19141 -0.22071,1.46875 -1.09961,2.80078 -2.4707,3 -1.50977,1.83008 -1.52929,1.07031 -2.03125,0.66992 -1.96875,0.60938 -0.20117,0.0703 -3.79883,1.16016 -1.44141,0.32031 -0.38867,0.0898 -11.27149,2.54883 2.11133,3.84961 4.25,0.73047 1,2.67969 5,-0.25 7.75,2.68164 0.5,5.10937 1.5,2.43946 -1.5,1.46093 -0.25,1.69922 6,-2.18945 2,-3.65039 2.25,-0.9707 2.5,-3.16993 -0.75,-6.08007 6,-0.72852 3.25,5.59961 2.75,-0.49023 0.75,3.16015 1.75,2.43946 2.75,0.9707 0.5,3.41015 2,2.18946 -0.5,2.67969 6.5,0.49023 2.25,0.9707 3,-1.2207 -1,8.03906 2.25,0.24024 2,2.42968 3.25,-2.18945 3,1.95117 -1,2.67969 2.25,2.18945 v 2.67969 l 1.5,1.93945 v 2.93164 l -1.25,1.45899 -2.75,-1.21875 -3.5,0.48828 4.75,4.13086 2.5,0.25 3.75,1.69922 1.25,2.1914 0.75,4.38868 4.92969,0.36132 -0.42969,9.85938 -4.75,4.38086 1.25,2.43945 c 0,0 -0.75,1.20946 -1.75,1.93946 -1,0.72999 -0.75,1.70992 -0.5,3.16992 0.25,1.46 -0.5,1.93945 -2.25,2.18945 -1.75,0.24 -2.25,1.95117 -2.25,1.95117 h -2.25 l -0.5,2.42969 -7.5,1.94922 -1.25,-3.16992 1,-2.66993 -7.75,-0.74023 -3.48047,-4.03906 -0.33007,1.68945 -0.57032,1.09961 -1.07031,2.08008 -0.31836,0.62109 -0.24023,2.16992 -0.40039,3.40039 -1.6211,1.5586 -3.14843,0.25 -3.77149,0.29101 -0.83984,0.78907 -2.00977,3.04101 -1.23047,3.16992 -2.50976,6.44922 -5.11914,5.39063 1.66015,4.91015 c 0,0 -0.75,1.95016 -0.5,3.16016 0.25,1.22 1.75,2.20016 3,3.41016 1.25,1.22 3,1.70898 4,1.45898 1,-0.24 3.25,-1.94922 3.25,-1.94922 0,0 7.25,-2.18969 8.75,-2.42969 1.5,-0.24 3.75,-0.48976 5,0.49024 1.25,0.97 1.5,1.93945 1.5,1.93945 l 4.75,0.98047 6.75,-8.03125 -3.5,-7.06055 1.75,-1.70898 3.5,-0.48047 1.5,1.21094 2.75,-0.24024 2.5,-2.18945 2.5,1.93945 v 2.67969 l 3.5,4.86914 -0.25,5.36133 3.75,1.45898 c 0,0 1.5,-1.21898 3,-1.45898 1.5,-0.25 5.75,-0.98047 5.75,-0.98047 l -1.25,-3.65039 4.5,-0.49023 c 0,0 1.75,-1.69946 2.75,-1.93946 1,-0.25 2,-0.49023 2,-0.49023 l 4,2.67969 v 2.67968 c 0,0 -0.5,1.46094 1.25,1.46094 1.75,0 2.5,0.24024 2.5,0.24024 0,0 1.75,1.95023 3,0.49023 1.25,-1.46 1.75,-1.71094 3,-1.71094 1.25,0 4.5,-0.73047 4.5,-0.73047 l 3.75,-1.93945 3.25,1.46094 -1.25,1.93945 0.5,1.94922 -5.75,0.73047 1.5,3.65039 3,0.98047 0.5,1.93945 7.75,-1.69922 0.75,-7.79101 3,-2.18946 1.45899,-3.19726 -2.26953,-5.05664 -0.90821,-2.01953 -2.02343,-10.58399 -0.34375,-4.67383 1.11328,-2.33007 1.52734,1.41601 2.8418,4.86133 3.34375,12.75 1.75976,-0.17578 0.25,-2.42969 2.5,-2.19141 2.75,-0.49023 2.75,1.46094 3.5,0.9707 4,2.92969 -1,2.91992 0.75,3.88867 4.75,4.14063 1,6.08984 1,7.06055 1.75,1.69922 0.5,7.06054 2,1.94922 0.25,5.8418 4,5.59961 2.75,6.08984 2.75,1.93946 9.75,0.98046 1.25,-3.16992 c 0,0 1.5,-6.33102 1.5,-7.79101 0,-1.46 0,-2.19016 -0.75,-3.41016 -0.75,-1.21 -2.25,-3.15867 -2.25,-4.13867 0,-0.97 -0.5,-2.19016 0,-3.16016 0.5,-0.97 1,-2.43062 0.75,-3.89062 -0.25,-1.47 -1.75,-8.03907 -1.75,-8.03907 l -1.5,-3.89062 0.25,-2.56055 2.25,-4.13867 v -1.82031 c 0,0 -0.75,-2.20016 -0.75,-3.41016 0,-1.22 -1,-3.16992 -1,-3.16992 l -0.5,-5.11133 -3.75,-3.64844 4,0.72852 1.75,-1.94922 2.75,0.25 1.5,-2.43945 2.25,-0.73047 0.25,-3.41016 c 0,0 1.25,-2.18992 2.25,-2.91992 1,-0.73 2.5,-2.19016 3.25,-3.16015 0.75,-0.98 0.75,-3.9004 0.75,-3.9004 0,0 -2,2.19141 -4,2.44141 -1.99999,0.24 -4.5,0.96899 -5.5,1.20899 -1,0.24999 -3,5.4e-4 -2,-1.93946 1,-1.95 1.5,-2.68062 0,-4.14062 -1.5,-1.46 -2.25,-1.7104 -1.75,-3.65039 0.5,-1.95 0.75,-3.89844 0.75,-3.89844 l -0.5,-3.65039 -3.25,-3.90039 -0.25,-6.33008 -2.75,-0.48047 -1,-1.70898 h -3.75 v -2.19141 l 3.5,-0.47852 0.75,-3.65039 1,-1.71093 1.25,-2.42969 -4.25,-1.45899 2.25,-3.16992 -0.75,-3.16015 1.5,-2.20118 -1,-3.40039 -3,-0.48828 -1.25,-3.90039 2.25,-1.21094 -0.5,-3.65039 -2.75,0.24024 -0.75,-5.59961 1,-1.94922 -1.25,-2.66992 1.5,-2.67969 h 4 l 0.5,-3.16992 1.25,-2.92188 2.75,1.71094 0.75,-3.16992 1.75,-0.49023 v -3.16016 l 2.25,-1.94922 1.75,-0.73047 -0.75,-2.91992 0.75,-2.91992 1.25,-2.67969 0.58985,-1.16992 -3.47852,-1.09961 -1.04101,-0.53125 -2.44922,-1.39063 -1.48047,0.14063 -3.14063,3.21094 -3.21875,0.64843 -5.20117,-0.38867 -5.33008,-1.38086 -1,-0.55859 -0.67968,-0.37109 -1.15039,-0.62891 -3.76954,-4.76172 -3.40039,-1.98828 -0.51953,-1.54102 0.35938,-3.13086 -1.45118,-1.88867 -2.44726,-1.09961 -4.72266,0.41992 -3.1582,-2.83007 -1.31055,0.13867 c 0,0 -0.88086,0.84984 -1.38086,1.08984 -0.5,0.24 -1.86914,0.61156 -3.36914,1.10156 -1.5,0.48 -2.63,-0.60992 -3.5,-2.91992 -0.44,-1.16 -1.53515,-1.46554 -2.6289,-1.40429 z"/>
    <path id="Obwalden" style="fill:#0f5733;fill-opacity:1;stroke:#ffffff;stroke-width:1;stroke-dasharray:none;stroke-opacity:1" d="m 678.06445,369.67188 -3,2.42968 -2.80078,-0.16992 -1.69922,2.60938 -7.5,-0.24024 -3.75,-1.45898 c 0,0 -6,2.9189 -8,4.1289 -1.99998,1.22 -1.5,4.14063 -1.5,4.14063 l 4,2.91992 -1,2.91992 c 0,0 -6.5,4.87008 -8.5,6.58008 -1.99998,1.7 -6,11.19922 -6,11.19922 0,0 -1.25,-1.70992 -1.5,-3.16992 -0.25,-1.46 0.75,-3.41016 0.75,-3.41016 l -3.75,-1.20898 -2.25,1.69921 -0.75,3.41016 -3.75,0.73047 -0.75,3.41016 1,2.42968 -1,9.00977 -2.75,0.73047 -0.25,3.41015 -3.5,2.18946 c 0,0 -1,2.67914 0,4.61914 1,1.95 2,3.17187 2,3.17187 l 2,3.88867 1.5,4.14063 -2.25,1.2207 -0.5,3.64844 1.25,2.19141 2.75,-1.46094 2,1.94922 3.25,-0.72852 4.25,5.59961 c 0,0 4.75,0.47947 6.25,2.18945 1.5,1.701 4.75,5.34961 4.75,5.34961 l 5.75,-4.3789 3.25,0.24023 3.25,-1.70117 5.5,0.24023 1,1.71094 4.25,1.20899 4,-2.66993 4.25,1.70118 2.75,4.13867 5.25,0.24023 9.5,-7.53906 4,-2.91992 h 6 l 2.25,-2.44141 h 1.75 v -0.24023 l -3,-3.64844 -3.75,-1.46094 -1.25,-3.41015 -5.25,-5.11914 -0.5,-1.93946 3.75,-1.2207 v -2.91992 l -1.5,-0.73047 -0.25,-3.41016 0.25,-3.65039 1.25,-3.41015 -1.5,-3.15821 -0.25,-2.93164 1.25,-1.69922 0.25,-2.18945 2,-0.9707 v -2.92969 c 0,0 -2.25,-1.93992 -1,-2.91992 1.25,-0.97 2.25,-3.65039 2.25,-3.65039 0,0 -2.75,-1.21969 -1.5,-2.67969 1.25,-1.46 1.25,-2.18945 1.25,-2.18945 l -1.25,-1.46094 -4.75,2.18945 -4,0.25 -4.5,-4.13867 1.75,-3.65039 3.25,-2.67969 -1.93554,-4.51953 -2.22266,1.44531 -2.04492,-0.76172 -3.47461,0.30079 0.33594,-1.11524 2.32226,-1.72851 1.57813,-2.0625 2.65039,-0.2793 2.03711,-0.67774 -1.2461,-2.29296 -4,0.98046 -5,-0.98046 z m -6.56445,35.49804 0.63477,2.55469 -0.1836,2.57617 -0.87109,1.49414 -3.56641,2.77539 -5.19922,5.77735 -1.34375,0.6914 -2.8789,-1.09375 -0.67188,-0.99219 0.12891,-1.4707 1.46679,-2.62109 2.03907,-1.99805 3.44336,-1.03711 3.38281,-2.77539 1.91602,-2.91211 z m 37.56445,7.5918 -2.75,0.49023 -0.5,3.65039 -1.5,1.20899 -0.25,2.4414 1.25,0.49024 0.25,3.1582 1.75,4.38086 2,3.41016 0.5,2.67969 1.25,1.46093 2,0.23828 v 3.16993 l 3.75,3.41015 3.5,3.16016 2.25,0.49023 2,5.59961 -4,-0.72851 -4.25,2.42968 -0.5,2.18946 h 3 l 3,-1.94922 2.5,0.72851 3,-0.9707 2.5,0.49023 v 2.91993 h 0.58985 1.91015 c 0,0 0.25002,-2.91846 2.5,-2.18946 2.25,0.731 3.5,0.97071 3.5,0.97071 l 3.25,-1.22071 2,-2.42968 -1.5,-1.95118 -2.5,-2.67968 -0.25,-2.91993 -3.75,-0.48046 v -3.40821 h 2.5 c 0,0 1.75,-4.7e-4 1.75,-0.98047 0,-0.96898 -0.5,-3.65039 -0.5,-3.65039 l 1.5,-2.67968 v -3.88868 l 2.75,-2.91992 2.75,-0.98047 0.25,-2.66992 -1.75,-2.43945 -3,-0.24024 -1.75,-0.9707 -4,0.73047 -5.25,0.48047 -4.25,1.45898 -4,-0.73047 0.5,-3.65039 -1.5,-3.4082 h -2.25 l -0.25,2.18945 -2.25,0.25 -2.5,3.16016 -2,0.49023 -2.9707,2.20899 0.4707,-4.16016 2.5,-2.67968 -0.75,-2.91993 z"/>
    <path id="Solothurn" d="m 472.56445,160.5625 -1.75,1.20898 -2.25,2.67969 -2.25,2.91992 -5,0.49024 -10.75,-6.81836 -3,5.59961 8.75,3.65039 -2.25,4.62891 -1.33007,0.46093 4.08007,5.13867 4.75,-2.67968 3.25,-0.24024 2,-1.70898 3.5,0.72851 3.75,-0.96875 4,-0.24023 -1.75,-3.66016 v -2.42968 l 1.5,-0.49024 0.5,-4.86914 -1,-2.19141 z m 38,0.48047 -1.25,1.94922 2.5,0.73047 0.25,1.70898 h -3.25 l -2.25,1.70117 -8,-2.68164 0.5,3.41016 -0.75,1.95117 0.25,2.42969 3.25,1.2207 0.75,2.91992 -2.25,5.83985 0.5,4.3789 -6.25,0.25 c 0,0 -1,1.46117 -2.5,1.70117 -1.5,0.25 -1.75,-2.68164 -1.75,-2.68164 l -2.75,-0.72851 v 5.11914 l 1,1.93945 2.5,2.44141 -11.25,-0.24024 -2.5,0.24024 -2.25,1.94922 2,2.66992 -2.25,5.12109 c 0,0 -2.25,0.23828 -3.75,0.23828 -1.5,0 -2,1.95118 -2,1.95118 l -4.25,-0.98047 -2.25,-1.45899 -0.5,-4.38086 -5.25,-0.24023 -3.25,-0.49024 -2,1.95118 1.5,1.69922 v 2.43945 l -1.5,0.73047 0.5,2.66992 6,3.90039 c 0,0 8.5,-0.24024 9.5,-0.49023 1,-0.24 7.25,-0.73047 7.25,-0.73047 l 0.5,3.90039 3.75,0.9707 1,1.70898 -1.25,1.46094 0.75,1.93946 h 2.25 c 1.25,-10e-6 2.5,1.71093 2.5,1.71093 l 1.5,1.20899 c 0,0 2,3.17062 2.25,4.14062 0.25,0.98 -0.25,2.43946 -0.25,2.43946 0,-10e-6 -1.75,0.9707 -2.75,0.9707 -1,0 -3.25,-0.49024 -3.25,-0.49024 v 2.19922 4.6211 l -2.25,1.45898 -0.25,1.95117 -1.75,1.69922 h -3.75 c 0,0 -2.75,0.73047 -3.75,0.98047 -1,0.24 -5.25,2.19039 -6.5,3.40039 -1.25,1.22 -3,6.33008 -3,6.33008 l -2.5,1.21875 -6.5,0.24023 -2.5,2.67969 -3,0.98047 -0.25,2.91992 0.75,2.18945 -3.25,0.73047 -1,1.94922 -8,3.65039 -1.25,1.70117 -2.25,0.72852 -2.75,-0.72852 -3,1.70899 v 2.91992 l 3.75,7.06055 h 3.25 l 2.5,1.45898 4,7.06055 -3,0.9707 0.5,2.43946 2.25,0.9707 3.5,-0.9707 3.25,-0.25 1.25,-3.41016 3.75,-0.48047 -0.75,-3.89844 2.25,-0.49023 1.25,2.43945 2.5,-1.69922 -0.5,-2.68164 h 4 l 2,-0.97851 1.5,1.45898 -1.25,1.95117 2.25,3.89844 3.75,0.73047 -1,2.91992 -1.25,1.95117 -4.75,3.16016 -3.5,-1.95117 h -2.75 l -2,1.95117 0.5,3.64844 h -3.5 l -1.75,2.4414 0.75,1.69922 3,0.24024 0.75,3.41015 -3,-0.24023 -6.75,1.94922 -4.5,-2.18946 -4.25,0.73047 v 3.40039 l 1.75,3.89844 1.75,3.65039 3.5,1.46094 10.25,-2.67969 1,3.16992 c 0,0 -2.5,1.45844 -1.5,3.64844 1,2.19 2.25,2.91992 2.25,2.91992 h 3.75 l 3.5,-1.45898 2.5,-3.16016 -2.5,-3.66015 -1.5,-3.16016 v -2.43945 l 4.75,-1.70118 3,-1.21875 7.25,-4.62109 -0.25,-4.37891 4,-4.63086 -2.25,-3.16015 1.25,-2.43945 7,0.73046 2.5,-2.42968 2.75,1.94922 2,-0.73047 3.5,5.83984 5.5,-0.72852 2.25,-2.1914 1.5,2.1914 5,-0.73046 v 1.69921 h 2.75 v -3.65039 l 2.25,-3.64843 3,-0.49024 2.5,-5.11133 -2,-1.21875 v -1.70117 l 1.25,-1.21875 -4.25,-3.65039 -3.5,-0.49023 1,-2.91992 -2.75,-7.30079 -4.5,-0.25 -8.5,-6.80859 v -7.79102 l -4.75,-4.3789 c 0,0 5,-1.71117 6.25,-1.95117 1.25,-0.25 8.50001,-0.72852 11.25,-0.72852 2.75,0 4.75,-0.98047 4.75,-0.98047 l 1.75,-1.46094 h 3.5 l 1.5,-1.93945 h 2 l 1.75,2.18945 2,0.73047 2,3.89063 2.75,0.97851 3,5.60157 2.25,-0.74024 1.25,1.45899 3.5,-0.24024 0.75,-2.67969 4,-1.45898 0.5,3.66016 2.75,0.47851 4.25977,-3.83008 0.79883,0.0117 1.92187,1.39844 3.35938,-0.53906 5.11914,-5.39063 2.50976,-6.44922 1.23047,-3.16992 2.00977,-3.04101 0.83984,-0.78907 3.77149,-0.29101 3.14843,-0.25 1.6211,-1.5586 0.40039,-3.40039 0.24023,-2.16992 0.31836,-0.62109 1.07031,-2.08008 0.57032,-1.09961 0.33007,-1.68945 3.48047,4.03906 7.75,0.74023 -1,2.66993 1.25,3.16992 7.5,-1.94922 0.5,-2.42969 h 2.25 c 0,0 0.5,-1.71117 2.25,-1.95117 1.75,-0.25 2.5,-0.72945 2.25,-2.18945 -0.25,-1.46 -0.5,-2.43993 0.5,-3.16992 1,-0.73 1.75,-1.93946 1.75,-1.93946 l -1.25,-2.43945 4.75,-4.38086 0.42969,-9.85938 -4.92969,-0.36132 -0.75,-4.38868 -1.25,-2.1914 -3.75,-1.69922 -2.5,-0.25 -4.75,-4.13086 -1.5,2.43164 -0.25,2.18945 -2.75,-0.73046 -2.75,0.98046 v 2.66993 l -7.5,2.91992 -5,-2.66992 -5.5,4.1289 2.25,2.93164 0.25,2.42969 -9.25,2.18945 -2.5,1.69922 -1,3.41016 -8.25,1.46094 -2.25,3.16992 v 4.61914 l -2,1.46094 -4.5,-0.24024 -1.25,-1.46094 h -3.25 l -2.5,-2.18945 -5.25,-8.75976 -3.25,-0.73047 c 0,0 -2.5,-0.49024 -4.25,-0.49024 -1.75,0 -6,0.73047 -6,0.73047 l -2.5,0.9707 -6.5,0.73047 -1,-4.87109 -2.25,-2.18945 1.5,-1.21094 -1.5,-8.76953 h 8.5 l 4.75,-3.65039 1.25,-6.33008 -0.75,-4.13867 2,-3.16016 3.5,-1.95117 1,-2.91992 1.5,-1.21875 -3.75,-5.60157 h -3.5 l -1.25,-1.69921 h -2.5 l -2.25,-4.62891 z m 85,28.48828 3.5,-0.48828 2.75,1.21875 1.25,-1.45899 v -2.93164 l -1.5,-1.93945 v -2.67969 l -2.25,-2.18945 1,-2.67969 -3,-1.95117 -3.25,2.18945 -0.5,3.17188 -2.25,2.18945 1,4.61914 0.75,1.71094 z m -143.5,-7.05859 -2.75,0.72851 -3.78125,-0.68945 -2.21875,2.39062 c 0,0 -1.5,0.96875 -3.5,1.21875 -1.99999,0.24 -2.5,2.19141 -2.5,2.19141 l -1.30078,-0.81055 -0.19922,0.32032 -0.5,3.90039 -1.25,2.67968 3,0.71875 c 0,0 3.75,0.49047 5.5,0.73047 1.75,0.25 4.25,0.49024 4.25,0.49024 l 1.75,-1.93946 h 2 l 2.5,0.96875 c 0,0 2,-1.70992 2.5,-2.91992 0.5,-1.22 0.75,-3.4082 0.75,-3.4082 l -1,-3.17188 z m 68.75,111 -1,1.70898 -2,0.73047 -1.25,2.91992 4.25,0.9707 1.25,-1.9414 2.75,-1.94922 z" style="fill:#51e198;fill-opacity:1;stroke:#ffffff;stroke-width:1;stroke-dasharray:none;stroke-opacity:1"/>
    <path id="Basel-Landschaft" d="m 484.06445,134.27148 -4,1.21094 -6,6.33008 h -3 l -3.25,3.16992 1.25,2.91992 h 3 l 2.5,-1.2207 2.75,2.67969 -2,3.89062 -2.5,-0.48047 h -4.25 l 2.5,1.70118 0.25,2.67968 1.25,3.41016 4.75,1.20898 1,2.19141 -0.5,4.86914 -1.5,0.49024 v 2.42968 l 1.75,3.66016 -4,0.24023 -3.75,0.96875 -3.5,-0.72851 -2,1.70898 -3.25,0.24024 -4.75,2.67968 -4.08007,-5.13867 -2.91993,1 -1.75,3.41016 -2.53125,2.71875 3.78125,0.68945 2.75,-0.72851 3.25,3.39843 1,3.17188 c 0,0 -0.25,2.1882 -0.75,3.4082 -0.5,1.21 -2.5,2.91992 -2.5,2.91992 l -2.5,-0.96875 h -2 l -1.75,1.93946 c 0,0 -2.5,-0.24024 -4.25,-0.49024 -1.75,-0.24 -5.5,-0.73047 -5.5,-0.73047 0,0 0.5,1.95016 0.75,3.41016 0.25,1.46 3.75,3.16992 3.75,3.16992 l 3,0.73047 1,5.83984 6.5,0.24024 -0.5,-2.66992 1.5,-0.73047 v -2.43945 l -1.5,-1.69922 2,-1.95118 3.25,0.49024 5.25,0.24023 0.5,4.38086 2.25,1.45899 4.25,0.98047 c 0,0 0.5,-1.95118 2,-1.95118 1.5,0 3.75,-0.23828 3.75,-0.23828 l 2.25,-5.12109 -2,-2.66992 2.25,-1.94922 2.5,-0.24024 11.25,0.24024 -2.5,-2.44141 -1,-1.93945 v -5.11914 l 2.75,0.72851 c 0,0 0.25,2.93164 1.75,2.68164 1.5,-0.24 2.5,-1.70117 2.5,-1.70117 l 6.25,-0.25 -0.5,-4.3789 2.25,-5.83985 -0.75,-2.91992 -3.25,-1.2207 -0.25,-2.42969 0.75,-1.95117 -0.5,-3.41016 8,2.68164 2.25,-1.70117 h 3.25 l -0.25,-1.70898 -2.5,-0.73047 1.25,-1.94922 h 3 l 2.25,4.62891 h 2.5 l 1.25,1.69921 h 3.5 l 3.75,5.60157 -1.5,1.21875 -1,2.91992 -3.5,1.95117 -2,3.16016 0.75,4.13867 -1.25,6.33008 -4.75,3.65039 h -8.5 l 1.5,8.76953 -1.5,1.21094 2.25,2.18945 1,4.87109 6.5,-0.73047 2.5,-0.9707 c 0,0 4.25,-0.73047 6,-0.73047 1.75,0 4.25,0.49024 4.25,0.49024 l 3.25,0.73047 5.25,8.75976 2.5,2.18945 h 3.25 l 1.25,1.46094 4.5,0.24024 2,-1.46094 v -4.61914 l 2.25,-3.16992 8.25,-1.46094 1,-3.41016 2.5,-1.69922 9.25,-2.18945 -0.25,-2.42969 -2.25,-2.93164 5.5,-4.1289 5,2.66992 7.5,-2.91992 v -2.66993 l 2.75,-0.98046 2.75,0.73046 0.25,-2.18945 1.5,-2.43164 -2.5,-1.21875 -0.75,-1.71094 -1,-4.61914 2.25,-2.18945 0.5,-3.17188 -2,-2.42968 -2.25,-0.24024 1,-8.03906 -3,1.2207 -2.25,-0.9707 -6.5,-0.49023 0.5,-2.67969 -2,-2.18946 -0.5,-3.41015 -2.75,-0.9707 -1.75,-2.43946 -0.75,-3.16015 -2.75,0.49023 -3.25,-5.59961 -6,0.72852 0.75,6.08007 -2.5,3.16993 -2.25,0.9707 -2,3.65039 -6,2.18945 0.25,-1.69922 1.5,-1.46093 -1.5,-2.43946 -0.5,-5.10937 -7.75,-2.68164 -5,0.25 -1,-2.67969 -4.25,-0.73047 -2.11133,-3.84961 -1.23828,0.71094 -4.52148,3.10938 -3.86914,0.71093 -2.51953,-0.73047 -1.97071,-1.75 -1.83984,-1.65039 -2.43945,-2.18945 -1.66016,-1.48047 -1.13086,-1.01953 -0.51953,-0.88086 -0.48047,-0.81055 -0.68945,-0.56836 -1.50977,1.14844 -1,1.22071 v 2.18945 3.41015 l -4.5,3.4004 -2,4.87109 -2.25,0.25 -0.25,-3.17188 -1.75,-2.18945 1.25,-2.91992 -1.75,-1.94922 -2.5,-0.24023 -4.25,0.24023 v -2.91992 l 2,-1.95117 z m -60.74804,49.62696 c -1.05304,-0.034 -2.00196,0.27344 -2.00196,0.27344 l -0.25,3.89062 h 2.75 c 0,0 0.5,1.70969 2,2.67969 1.5,0.98 3.25,1.94922 3.25,1.94922 v 1.95117 l 5,-0.24024 1.25,-2.67968 0.5,-3.90039 0.19922,-0.32032 -1.44922,-0.90039 h -6 c 0,0 -1.75,7.8e-4 -3,-1.69922 -0.54687,-0.74375 -1.42901,-0.97745 -2.24804,-1.0039 z" style="fill:#51e198;fill-opacity:1;stroke:#ffffff;stroke-width:1;stroke-dasharray:none;stroke-opacity:1"/>
    <path fill="#ffcccc" d="m 523.564,117.952 -3.25,3.17 -4,2.92 2.25,3.17 c 0,0 0.75,1.7 0.5,3.16 -0.25,1.46 -2.75,2.68 -2.75,2.68 l -3.75,-0.24 -1.75,1.94 -4.25,-0.73 -1.99,1.53 -1.51,1.15 -1,1.22 v 2.19 3.41 l -4.5,3.4 -2,4.87 -2.25,0.25 -0.25,-3.17 -1.75,-2.19 1.25,-2.92 -1.75,-1.95 -2.5,-0.24 -4.25,0.24 v -2.92 l 2,-1.95 -2,-2.67 1.75,-4.63 2.5,-0.97 3.5,0.48 1.25,-5.6 4.25,0.73 0.75,4.14 5.5,-0.73 5.5,-7.06 5.25,0.98 5.5,-2.92 z" id="Basel-Stadt" style="fill:#ff3359;fill-opacity:1;stroke:#ffffff;stroke-width:1;stroke-dasharray:none;stroke-opacity:1"/>
    <path id="Bern" style="fill:#26d97e;fill-opacity:1;stroke:#ffffff;stroke-width:1;stroke-dasharray:none;stroke-opacity:1" d="m 484.31445,222.88281 -3,1.45899 -3,2.18945 -1.25,2.43164 -0.5,2.43945 2,0.96875 3.25,-1.21875 c 0,0 2.25,0.49024 3.25,0.49024 1,0 2.75,-0.9707 2.75,-0.9707 0,0 0.5,-1.45946 0.25,-2.43946 -0.25,-0.97 -2.25,-4.14062 -2.25,-4.14062 z m -2.5,10.46875 -5.08984,2.23047 -3.73047,1.25977 -5.42969,3.08008 h -2.75 c 0,0 -1.25,-0.98071 -2.25,-1.22071 -1,-0.24 -2.75,-0.72875 -5.75,-1.21875 -2.99997,-0.48 -8.5,0.25 -8.5,0.25 l -3,-0.98047 -0.75,-1.69922 -10,-0.24023 c 0,0 -2.25,1.20945 -3.75,2.18945 -1.5,0.97 -6.25,0.97071 -6.25,0.97071 l -5.25,5.35937 c 0,0 -2,1.93945 -4,2.18945 -1.99997,0.24 -9,0.97071 -9,0.97071 0,0 -4.5,-0.24024 -5.75,-0.24024 -1.25,0 -4.25,-0.2507 -6.5,-1.2207 -2.24997,-0.97 -6.25,0.49023 -6.25,0.49023 v -2.91992 l -10.75,0.48047 -0.25,7.55078 -5.75,2.91992 v 4.37891 c 0,0 1,1.45945 1.75,2.43945 0.75,0.97 0.5,1.46094 -0.75,1.46094 -1.25,0 -2.75,1.46094 -2.75,1.46094 l -4,-0.98047 -6.75,1.21875 -1.25,1.46094 -2.75,0.49023 -1,-3.65039 -7.25,1.21094 0.5,5.35937 -3.5,1.45899 -2.25,5.60156 -3.5,6.08984 -7.75,1.69922 -3.5,6.57032 -2.25,0.49023 -2,-2.67969 h -3.25 l -1,-2.91992 -4.5,2.42969 0.25,2.43945 -1.25,2.67969 -4.75,1.93945 -4.75,4.14063 -4,1.46093 -2.5,-4.86523 v -2.67969 l -1.5,-1.94922 -3.66992,3.24024 3.41992,4.54883 3,5.59961 2.5,4.38085 -1.75,7.30079 c 0,0 -1.75,2.92914 -3,4.86914 -1.25,1.94997 -0.75,6.82031 -0.75,6.82031 l 2.5,-1.95117 2.25,-0.48828 2.25,-1.94141 6.5,-3.41016 3.25,-2.67968 2.25,0.24023 2,-0.73047 c 0,0 9.00003,-1.93945 11.5,-1.93945 2.5,0 5.5,-3.65039 5.5,-3.65039 l 3,0.9707 3.5,-1.71094 3,0.98047 -5,4.6211 3,4.6289 2.5,-2.43945 5.5,3.66016 4.5,1.20898 1,3.16992 0.75,3.41016 -2.5,2.66992 2.11914,5.27539 6.07422,-2.92773 4.8711,-5.64454 2.10742,-0.95898 0.5957,-0.26953 2.72656,-2.21875 0.63477,-0.51367 0.91602,-0.45703 5.73437,-2.87696 3.29883,-4.09375 2.93164,-2.16211 6.14062,-6.42773 1.13672,-0.64453 3.79492,-2.15235 0.23829,0.95899 0.13671,0.55859 0.0762,0.30078 -0.50391,1.12696 -4.18555,4.87304 -1.51953,5.01953 -2,2.38672 -1.41211,5.22071 -2.79492,3.15625 -2.52734,4.88476 -1.93946,-0.17773 -0.76367,1.31445 0.50391,0.89453 -3.79492,3.38867 -3.5586,0.44727 -4.82617,2.88867 -5.91016,1.19336 -1.95507,-2.48633 -1.59571,-0.74804 -2.85547,-0.14649 -1.07812,-0.78711 -0.31641,0.57422 -4,4.14063 -5.25,0.73046 -3.5,4.14063 c 0,0 0.25,2.92008 0,6.08008 -0.25,3.16997 -2,3.89844 -2,3.89844 l 0.0234,0.0566 2.33203,-0.0742 2.43555,2.91015 0.72656,3.63672 -0.33594,0.56836 -1.39062,-0.21289 -0.29883,1.43555 2.00781,0.20117 2,0.7793 3,1.16015 13,0.73047 22.5,-7.06055 2.25,-2.18945 4.5,-2.43164 2.75,0.24024 2,3.41015 -1.25,1.95117 3,3.16016 -5,4.86914 -2.25,2.43945 -2.75,1.21094 0.25,1.94922 h 3.5 l -1.25,2.91992 1,2.91992 -2,2.19141 2.25,4.38867 -1.5,1.70117 -0.5,5.59961 -3.75,2.18946 0.25,2.18945 5.75,-0.48828 2.5,1.46875 2.01953,-1.73047 4.48047,0.73047 1.83985,1.68945 1.66992,0.21094 0.56055,0.0703 2.14843,1.42969 2.23047,0.0293 2.82031,-1.33008 1.44922,-0.0684 1.6211,1.33008 1.33984,1.09961 1.64063,-0.83985 0.8789,-0.45117 1.46094,-0.74023 4.26953,0.80078 0.4707,0.4707 0.70899,0.68945 0.98047,5.84961 1.31054,1.51953 -0.0918,0.75 -1.60938,2.3711 -3.23047,1.13867 -0.70898,2.51172 -1.50977,-0.49024 v -3.41015 h -2.75 l -2.5,4.61914 1.75,1.71094 2.73047,2.51953 -0.33008,2.03906 -1.49023,0.44141 -1.37109,2.29882 0.70117,1.17969 -2.02149,0.4707 0.99024,2.18946 -2.16992,3.33008 -0.37891,2.98046 -1.39063,1.33008 -0.58984,3.71875 0.75,0.97071 -0.69922,0.32031 -0.71094,1.40039 -1.18945,0.55859 -0.83008,2.59961 3.34961,6.30274 0.42969,0.78906 0.41992,1.66992 -2.50976,8.36914 3.33984,6.01172 2.7207,0.35742 11,2.68164 -1.5,4.6211 5.75,0.48828 1.25,2.91992 2.75,0.49023 c 0,0 0,2.43116 -1,3.16016 -1,0.731 -1.25,1.70992 0,3.16992 1.25,1.46 -0.75,2.66914 -1,4.61914 -0.25,1.95 0.5,3.90039 0.5,3.90039 0,0 -0.5,0.96946 -1.75,2.18946 -1.25,1.22 -2.75,3.41015 -2.75,3.41015 l -1.5,-3.41015 -1.5,-2.91993 -6.75,-0.25 2.25,5.35938 -1.5,2.18945 -3.25,-0.24023 v 5.8418 l 2,1.45898 c 0,0 -0.25,1.70069 -0.5,2.67969 -0.25,0.97 -2,4.14062 -2,4.14062 l 2.25,3.40039 -2.5,1.45899 -1.75,3.66015 -3.5,0.24024 -3,-1.94922 c 0,0 -5,6.57906 -6,7.78906 -1,1.22 -2.25,2.43916 -3.5,3.41016 -1.19,0.92 -3.29023,1.85922 -3.49023,1.94922 l 3.24023,5.10937 c 0,0 0.25,3.41159 0.5,5.60156 0.25,2.19 -0.5,5.11079 -0.75,7.55079 -0.25,2.42997 -2.75,4.61914 -2.75,4.61914 l -0.25,2.43945 h -2.5 v 4.86914 l 2,4.13086 c 0,0 -1.5,2.44039 -1.25,3.90039 0.25,1.46 -0.75,2.91992 -0.75,2.91992 l -1,2.67969 c 0,0 -0.75,0.72975 -2.75,0.96875 -1.99997,0.241 -5,-0.72852 -5,-0.72852 l -0.5,3.16992 1.25,1.70118 0.75,2.1875 2,2.1914 -0.25,6.08985 c 0,0 -1,2.42867 -2,3.88867 -1,1.46 -2.25,6.0918 -2.25,6.0918 l 4.33008,0.56054 0.91992,3.08985 1.25,1.94921 3.75,0.48047 -2.5,2.67969 0.75,5.35938 -1,5.60156 h 0.01 c 0,0 1.74026,1.45851 5.24023,0.72851 3.5,-0.72897 5.75,-3.89843 5.75,-3.89843 l 0.25,-8.28125 5.75,-2.66993 4.25,-0.49023 3.75,-3.16016 0.75,4.38086 c 0,0 -1.25,1.22063 -1.25,3.89063 0,2.68 1.5,4.14062 1.5,4.14062 l 11.75,-3.16015 11.5,-9.5 8.75,-2.18946 2.5,-1.69921 4.5,1.20898 0.75,2.67969 3.75,-0.96875 0.25,-2.67969 2.25,-0.24023 1.5,2.91992 v 2.91992 l 5.25,0.24023 1,-2.42968 3.25,0.72851 4.75,-0.24023 2,-3.41016 3.75,-1.94922 -8,-3.41015 2.25,-5.10938 7.5,-0.9707 3.25,-0.98047 2.5,-0.23828 c 0,0 1,1.21922 2.25,1.69922 1.25,0.489 2.5,-0.97071 2.5,-0.97071 l -0.5,-3.16992 2.75,-2.1875 0.25,-3.40039 2.75,-0.98047 2,-1.69922 17.75,7.54102 3.75,3.89844 h 3.25 l 1.75,-2.42969 3.25,-0.25 11.25,-8.28125 c 0,0 5.50003,-6.56883 8,-7.04883 2.5,-0.49 6,-3.41016 6,-3.41015 l 5.25,-3.41016 h 7.25 l 8.5,-2.91992 7.25,-4.38086 3.25,-4.62891 5,-0.49023 3.5,-5.10938 c 0,0 -1.25,-4.62156 -1.5,-5.60156 -0.25,-0.97 -1.5,-2.42969 -1.5,-2.42969 l 0.25,-0.98047 2.5,-3.39843 4.75,-0.25 1.5,-3.41016 3.75,-0.48047 2.25,-1.45898 h 5.25 c 0,0 0.25,1.93945 2,1.93945 1.75,0 2.75,0.25 2.75,0.25 l 2.5,1.93945 3.75,-1.69922 11.25,3.64844 3.25,4.14258 7.25,2.1875 5.5,0.24023 1,4.14063 10.75,-1.46094 12.25,-1.9375 1.5,-2.20117 4.5,-0.24023 2,-2.67969 3.5,-0.96875 4.25,-5.36133 6,-0.96875 6.5,-7.55274 v -3.88867 -4.87109 l 2.25,-3.89844 0.25,-7.78906 3.5,-2.43164 4,-6.08984 3.25,-0.47852 -0.25,-4.87109 -3,-2.91993 0.25,-7.78906 6.25,2.67969 9.25,-0.25 0.25,-8.51953 -2.75,-2.92188 0.25,-5.83984 -1.5,-2.91992 0.75,-3.16992 -1,-2.91993 2,-1.2207 0.33985,-3.16016 h -0.58985 v -2.91992 l -2.5,-0.49023 -3,0.9707 -2.5,-0.72852 -3,1.94922 h -3 l 0.5,-2.18945 -2,-2.42969 -1.5,-0.25 -2,-3.65039 h -1 -1.75 l -2.25,2.43946 h -6 l -4,2.91992 -9.5,7.54101 -5.25,-0.24023 -2.75,-4.14063 -4.25,-1.69922 -4,2.66993 -4.25,-1.21094 -1,-1.70899 -5.5,-0.24023 -3.25,1.69922 -3.25,-0.24023 -5.75,4.38085 c 0,0 -3.25,-3.64961 -4.75,-5.34961 -1.5,-1.70997 -6.25,-2.1914 -6.25,-2.1914 l -4.25,-5.59961 -3.25,0.72851 -2,-1.94726 -2.75,1.45898 -1.25,-2.18945 -2,1.69922 -3,-0.24023 c 0,0 -2.5,-0.96924 -4.5,-0.49024 -1.99997,0.49 -3.75,2.19141 -3.75,2.19141 h -2.25 l -2,3.16992 -6,0.96875 -2,-3.41016 -3,-1.9375 1.25,-2.4414 -1.75,-3.40821 -6.5,-4.61914 -8.5,-5.11133 -6.75,-2.91992 -1.75,-4.6289 0.25,-5.60157 -0.75,-2.67968 h -2.25 l -0.5,-5.10938 1,-1.46094 3.25,-0.96875 3.25,-8.04101 -3.5,-2.66992 c 0,0 1.5,-4.62938 2.75,-5.35938 1.25,-0.73 4,-1.69922 4,-1.69922 l 2.5,0.96875 3.75,-0.96875 1,-5.60156 3.25,-0.97852 -0.25,-5.35156 3.5,-1.21875 -0.25,-4.63086 2,-1.20898 -0.5,-6.08985 1.75,-2.91992 -1.25,-1.70117 -4.25,1.21094 -3,-2.42969 -4,1.21875 h -2 l -1.5,-1.70898 0.5,-1.21094 0.5,-3.66016 -1.75,-0.96875 v -3.16015 l -2.5,-0.49024 -0.5,-3.65039 -2.5,-0.25 -1.25,-3.16015 c 0,0 -0.75,-1.45969 0,-2.67969 0.75,-1.22 1.5,-5.83985 1.5,-5.83985 l 1.25,-7.55078 -1.5,-3.88867 v -4.14062 l -1.25,-2.43946 0.25,-3.40039 4.25,-2.43945 1,-4.62109 c 0,0 -0.5,-1.94993 -1.5,-3.16993 -1,-1.22 -2.5,-2.67914 -2.5,-4.86914 0,-2.19 0,-2.43015 0.75,-3.41015 0.75,-0.97 1.75,-1.46042 1,-3.40039 -0.75,-1.95 -1.25,-3.41042 -2.25,-3.90039 -1,-0.49 -2.75,-1.45899 -2.75,-1.45899 l -1.5,-4.62109 -3.25,-7.31055 -2.25,-2.18945 v -4.86914 c -1.25,-1.21 -2.75,-2.19016 -3,-3.41016 -0.25,-1.21 0.5,-3.16016 0.5,-3.16016 l -1.66015,-4.91015 -3.35938,0.53906 -1.92187,-1.39844 -0.79883,-0.0117 -4.25977,3.83008 -2.75,-0.47851 -0.5,-3.66016 -4,1.45898 -0.75,2.67969 -3.5,0.24024 -1.25,-1.45899 -2.25,0.74024 -3,-5.60157 -2.75,-0.97851 -2,-3.89063 -2,-0.73047 -1.75,-2.18945 h -2 l -1.5,1.93945 h -3.5 l -1.75,1.46094 c 0,0 -2,0.98047 -4.75,0.98047 -2.74997,0 -10,0.47852 -11.25,0.72852 -1.25,0.24 -6.25,1.95117 -6.25,1.95117 l 4.75,4.3789 v 7.79102 l 8.5,6.80859 4.5,0.25 2.75,7.30079 -1,2.91992 3.5,0.49023 4.25,3.65039 -1.25,1.21875 v 1.70117 l 2,1.21875 -2.5,5.11133 -3,0.49024 -2.25,3.64843 v 3.65039 h -2.75 v -1.69921 l -5,0.73046 -1.5,-2.1914 -2.25,2.1914 -5.5,0.72852 -3.5,-5.83984 -2,0.73047 -2.75,-1.94922 -2.5,2.42968 -7,-0.73046 -1.25,2.43945 2.25,3.16015 -4,4.63086 0.25,4.37891 -7.25,4.62109 -3,1.21875 -4.75,1.70118 v 2.43945 l 1.5,3.16016 2.5,3.66015 -2.5,3.16016 -3.5,1.45898 h -3.75 c 0,0 -1.25,-0.72992 -2.25,-2.91992 -1,-2.19 1.5,-3.64844 1.5,-3.64844 l -1,-3.16992 -10.25,2.67969 -3.5,-1.46094 -1.75,-3.65039 -1.75,-3.89844 v -3.40039 l 4.25,-0.73047 4.5,2.18946 6.75,-1.94922 3,0.24023 -0.75,-3.41015 -3,-0.24024 -0.75,-1.69922 1.75,-2.4414 h 3.5 l -0.5,-3.64844 2,-1.95117 h 2.75 l 3.5,1.95117 4.75,-3.16016 1.25,-1.95117 1,-2.91992 -3.75,-0.73047 -2.25,-3.89844 1.25,-1.95117 -1.5,-1.45898 -2,0.97851 h -4 l 0.5,2.68164 -2.5,1.69922 -1.25,-2.43945 -2.25,0.49023 0.75,3.89844 -3.75,0.48047 -1.25,3.41016 -3.25,0.25 -3.5,0.9707 -2.25,-0.9707 -0.5,-2.43946 3,-0.9707 -4,-7.06055 -2.5,-1.45898 h -3.25 l -3.75,-7.06055 v -2.91992 l 3,-1.70899 2.75,0.72852 2.25,-0.72852 1.25,-1.70117 8,-3.65039 1,-1.94922 3.25,-0.73047 -0.75,-2.18945 0.25,-2.91992 3,-0.98047 2.5,-2.67969 6.5,-0.24023 2.5,-1.21875 c 0,0 1.75,-5.11008 3,-6.33008 1.25,-1.21 5.5,-3.16039 6.5,-3.40039 1,-0.25 3.75,-0.98047 3.75,-0.98047 h 3.75 l 1.75,-1.69922 0.25,-1.95117 2.25,-1.45898 z m 39,60.1211 4,2.43945 -2.75,1.94922 -1.25,1.9414 -4.25,-0.9707 1.25,-2.91992 2,-0.73047 z m -150.66406,35.59765 -4.77148,5.82227 -6.3086,4.51758 -0.25195,0.55859 1.29687,0.22266 4.4668,-2.6875 4.54492,-4.80664 1.23633,-3.00196 z m 40.50781,41.96875 5.02344,1.61719 1.96289,0.24609 5.36719,0.65821 3.09375,0.3789 1.96289,-1.09375 2.83984,-0.13281 2.45118,1.55078 1.87109,-1.36133 3.44336,-0.80468 0.0371,0.82617 -5.83203,2.83398 -3.45899,-1.41601 -3.1543,1.14648 -3.07812,-0.0332 -1.87695,-0.0215 -5.38477,-1.41601 -2.05469,1.19336 -3.375,-1.32813 -0.17578,-0.0645 -0.19726,0.12109 -1.4043,0.85743 -0.9707,-0.53321 -0.72657,-0.40234 1.47461,-1.80664 z m -15.34375,15.67383 -1.75,4.13867 -1,-0.96875 0.5,-2.1914 z m -31.25,7.54883 -2,1.46094 -0.75,2.42968 2.5,0.25 -1,2.42969 2.25,0.49024 1.5,-1.71094 2.5,-1.20899 -1,-4.14062 z m -8.5,6.08008 -2.75,3.41015 2.75,2.18946 3.5,-3.41016 z m 253.35938,58.69922 2.38281,0.0879 3.49805,0.79297 0.74023,0.16601 2.05469,1.30664 0.77734,1.34961 -1.05273,1.13867 -1.09375,0.47852 -4.29883,1.91992 -5.16797,3.57813 -3.87305,1.42773 -4.23632,3.92773 -7.54492,3.21094 -1.7793,1.35156 -3.13086,3.96875 -4.41406,1.64063 -4.16797,0.70312 -1.33008,-1.41601 -3.02344,-0.25977 12.46289,-8.36523 8.76563,-7.30664 4.29883,-4.75 3.62695,-3.06641 z m -104.25195,1.41406 1.76367,2.86719 0.57226,0.24609 0.82422,0.3457 1.8418,2.58789 4.33594,3.3125 3.71093,1.50391 0.26758,0.35742 3.29883,4.3711 7.33008,2.92382 3.10156,2.26368 2.20703,2.67773 0.66406,3.08984 1.42774,1.41602 2.39062,0.45508 2.61133,-0.83594 4.59766,0.92773 3.99219,-0.61328 4.31445,0.7461 1.35937,2.15234 2.74024,2.37695 -2.34375,3.1211 -1.63477,0.15625 -2.7793,-1.18164 -6.23046,1.71679 -3.3125,1.50586 -3.11524,-0.43359 -5.05469,-3.29102 -3.52148,-1.41601 -1.26758,0.23242 -1.48242,-0.58984 -3.13086,-3.00196 -0.47266,-2.55273 -3.2832,-2.25196 -0.88672,-1.70703 -2.39648,-1.65234 -0.51172,-0.3457 -2.74219,0.0117 -4.75781,-4.86133 -2.35938,-4.03711 -0.72461,0.0312 -2.03906,-0.7461 -0.46484,-0.83789 -0.42969,-0.77929 0.80274,-0.58008 0.48828,-1.49414 -1.0918,-4.36133 z m 190.08007,70.51172 2.60938,1.04687 0.33789,0.13477 0.58008,0.99218 -0.79492,0.86133 -0.39649,-0.0137 -2.87891,-0.0664 -9.8125,3.44531 -2.74804,-0.7461 -1.41992,-1.50586 6.62695,-0.59179 z"/>
    <path id="Fribourg" style="fill:#51e198;fill-opacity:1;stroke:#ffffff;stroke-width:1;stroke-dasharray:none;stroke-opacity:1" d="m 390.31445,358.96289 -4.5,2.42969 -2.25,2.18945 -22.5,7.06055 -13,-0.73047 -3,-1.1582 v 1.88867 l 2.25,2.67969 -0.75,6.08984 1,2.68164 -0.95898,2.79883 2.75976,-2.76367 3.89454,-1.01758 8.62109,-3.80274 1.8418,0.0996 2.29687,2.00977 0.81055,1.61523 -0.29102,1.66211 -8.9707,8.05274 -2.89453,0.77148 -2.25977,2.49414 4.15039,4.62891 -1,1.70117 3.5,2.18945 -3.5,3.41016 -2.75,-2.18945 -5,5.83984 3.5,3.16992 -9,10.94922 -3.25,-1.93945 3,-4.63086 -3.5,-1.94922 2,-3.16016 -4.75,-2.67968 -3.25,1.70898 -3,-2.67969 3.25,-3.41015 -7.25,-7.06055 2.75,-2.67969 -2.25,-2.42969 -3,0.24024 -4.02148,-4.96289 -4.08203,4.60742 -4.6211,2.99023 -1.55859,1.81836 -1.4043,0.45313 4.1875,4.34375 -1.25,2.18945 3.25,1.2207 3.75,5.35938 3.25,3.65039 2,-1.2207 -2.5,-4.13867 3.25,-2.67969 4,4.86914 -1.5,4.63086 -0.5,3.64844 -1,3.16015 h 3.75 l -0.75,4.39063 1.5,2.18945 -1.5,4.13086 -3,-0.9707 -2,-1.94922 -2.75,2.67968 0.75,4.37891 1.75,3.90039 -2.25,2.42969 0.5,2.19141 -1.25,2.43945 -2.5,-0.25 -3.5,3.4082 0.75,2.44141 -3.75,3.88867 -3,-1.45508 -1.75,2.68164 1,1.69727 2.75,-0.47852 1.25,1.21094 2.75,-1.21094 2.75,3.65039 -1.25,2.18946 -0.25,2.67968 -4,4.61914 -4,1.95118 -3.25,4.3789 -0.25,4.14063 -4.75,5.10937 -1.5,-1.94922 -2.25,1.70899 v 2.1914 l 2,1.69922 -1.25,2.67969 1.25,2.44141 h -2.75 l -1.25,1.9375 -2.75,-0.24024 -1,-1.94726 -3.75,0.72851 -1.75,3.65039 -2.75,-0.73047 -3.5,0.98047 -2,1.69922 -1,6.56836 1.5,1.4707 2.25,7.78907 -2,1.21093 v 4.63086 l -1.5,5.10938 h 3.75 l 1.21875,-3.60938 2.28125,0.68946 2,3.16015 h 3 l 2.75,-2.91992 4.5,2.1875 2.75,3.17188 h 4 l 1.5,-1.46094 h 2.75 l 1,5.60156 -3.5,1.20899 c 0,0 -4.25,4.39032 -5.25,5.36132 -1,0.97 -1.75,3.40821 -1.75,3.40821 l -2.25,0.48047 -1.25,-3.6504 -3.5,1.22071 -3.5,0.48828 -1.75,-2.4375 -2.5,7.78906 1.75,3.64844 2.75,0.98047 0.25,3.16015 2.25,2.67969 c 0,0 2.75,1.46094 4,1.71094 1.25,0.241 2.25,-0.97852 2.25,-0.97852 l 4.5,-6.57031 4.75,-2.91992 -0.25,3.88867 5.25,-1.21875 5.25,4.62891 5.25,-0.49024 c 0,0 2.25,1.94995 3.25,3.16992 1,1.21 2.25,1.70118 2.25,1.70118 v 3.65039 l 2.5,2.1875 -0.75,6.33008 2.75,1.95117 0.5,2.18945 -2.5,3.16992 0.25,2.42969 9.75,-5.34961 0.5,-4.86914 5.75977,-5.08984 1.49023,-3.43164 h 2.75 l 1.75,-2.43946 h 11.5 l 1.75,-2.91992 3.5,-1.45898 2.5,-3.16016 3.25,-9.01172 4.5,0.73047 6,-4.63086 2.25,-2.91992 2.5,0.72851 3.25,5.36133 3.5,-5.83984 2.25,-1.22266 h 0.01 c 0.2,-0.09 2.30023,-1.02726 3.49023,-1.94726 1.25,-0.971 2.5,-2.19016 3.5,-3.41016 1,-1.21 6,-7.79101 6,-7.79102 l 3,1.95118 3.5,-0.24024 1.75,-3.66015 2.5,-1.46094 -2.25,-3.40039 c 0,0 1.75,-3.16867 2,-4.13867 0.25,-0.98 0.5,-2.67969 0.5,-2.67969 l -2,-1.46094 v -5.83984 l 3.25,0.23828 1.5,-2.1875 -2.25,-5.36133 6.75,0.25 1.5,2.91992 1.5,3.41016 c 0,0 1.5,-2.19116 2.75,-3.41016 1.25,-1.219 1.75,-2.1875 1.75,-2.1875 0,0 -0.75,-1.95039 -0.5,-3.90039 0.25,-1.95 2.25,-3.16109 1,-4.62109 -1.25,-1.46 -1,-2.43992 0,-3.16992 1,-0.729 1,-3.16016 1,-3.16016 l -2.75,-0.48828 -1.25,-2.92188 -5.75,-0.48828 1.5,-4.61914 -11,-2.68164 -2.7207,-0.35937 -3.33984,-6.00977 2.50976,-8.36914 -0.41992,-1.66992 -0.42969,-0.79102 -3.34961,-6.30078 0.83008,-2.59961 1.18945,-0.56054 0.71094,-1.4004 0.69922,-0.32031 -0.75,-0.96875 0.58984,-3.7207 1.39063,-1.33008 0.37891,-2.98047 2.16992,-3.33008 -0.99024,-2.1875 2.02149,-0.4707 -0.70117,-1.17969 1.37109,-2.30078 1.49023,-0.43945 0.33008,-2.03906 -2.73047,-2.52149 -1.75,-1.70898 2.5,-4.6211 h 2.75 v 3.41016 l 1.50977,0.49023 0.70898,-2.50976 3.23047,-1.14063 1.60938,-2.36914 0.0918,-0.75 -1.31054,-1.51953 -0.98047,-5.85156 -0.70899,-0.68945 -0.4707,-0.46875 -4.26953,-0.80079 -1.46094,0.74024 -0.8789,0.44922 -1.64063,0.83984 -1.33984,-1.09961 -1.6211,-1.33008 -1.44922,0.0703 -2.82031,1.33007 -2.23047,-0.0293 -2.14843,-1.43164 -0.56055,-0.0684 -1.66992,-0.21094 -1.83985,-1.68945 -4.48047,-0.73047 -2.01953,1.73047 -2.5,-1.47071 -5.75,0.49024 -0.25,-2.18945 3.75,-2.19141 0.5,-5.59961 1.5,-1.69922 -2.25,-4.39062 2,-2.18946 -1,-2.91992 1.25,-2.91992 h -3.5 l -0.25,-1.95117 2.75,-1.20899 2.25,-2.43945 5,-4.87109 -3,-3.16016 1.25,-1.94922 -2,-3.41016 z m 5,27.75 -2.25,0.97852 -0.5,2.1914 1,0.96875 z m -31.25,7.54883 h 4 l 1,4.14062 -2.5,1.20899 -1.5,1.71094 -2.25,-0.49024 1,-2.42969 -2.5,-0.25 0.75,-2.42968 z m -64.03125,10.95117 -1.61328,1.25 -5.98633,6.72461 -6.5664,5.8457 -4.39258,3.625 -3.95508,1.48242 -4.93164,3.74805 -1.0625,2.53321 -3.92578,4.20312 -2.14649,2.29102 c 2.29807,1.97326 4.86133,4.08593 4.86133,4.08593 h 2.25 l -3.5,4.37891 1.5,1.69922 2.25,-1.69922 3.25,3.4082 c 0,0 2.5,-0.97953 3.75,0.73047 1.25,1.701 3.25,2.42969 3.25,2.42969 h 2 l 2.5,-1.9375 2,0.24023 3,-3.65039 1.5,0.72852 -0.25,2.68164 5.5,2.66992 2.5,-1.94141 3.25,-0.48828 1.5,-1.94922 0.5,-4.38085 3,-3.9004 -3,-1.69921 -1.5,1.94921 -2,-1.21875 1.75,-3.41015 v -3.65039 c 0,0 0.25,-5.84055 1.5,-7.06055 1.25,-1.22 3.5,-4.37891 3.5,-4.37891 l -3,-3.65039 -4,1.45899 -2.75,-2.43945 4.5,-1.70118 1.5,0.73047 2.25,-0.9707 -1.25,-2.67969 -2.5,-0.49023 z m -9.71875,47.46875 -5.5,6.58008 0.5,2.18945 -5.08007,6.0918 -2.91993,0.23828 -2.25,0.73047 -1.5,2.42969 2.5,0.9707 3.75,-0.48047 3,-2.43945 h 3.25 l 1.75,1.45898 6,1.95117 1.25,-3.16015 -1.5,-1.46094 4,-7.30859 z m -21.75,9.5 -1.25,3.89063 -3.75,1.45898 -1.75,2.68164 3.25,1.21875 v 3.16211 l 2,1.45898 2.5,-2.66992 0.5,-2.68164 2.25,-2.43945 -0.5,-4.86914 z m 91.68164,11.87109 0.14649,1.18165 -0.82617,1.875 -1.6875,1.0039 -0.18946,1.66211 3.0918,5.55273 1.45117,-0.66796 1.22852,-0.5586 -1.36719,2.53321 -0.3125,0.57812 -1.51953,0.71289 -2.9336,3.53711 0.50391,2.91016 -0.76367,1.23828 -0.24414,2.58789 0.24414,3.20117 2.16797,9.17773 -0.31836,2.95508 0.77734,1.07227 -0.49609,2.86523 -1.69531,-1.11523 -1.26758,0.15625 0.30664,-3.14649 -1.09375,-15.3789 0.35937,-3.97266 -1.36718,0.10156 -1.17579,1.5625 -0.13085,-0.91406 2.71093,-7.55078 2.01563,-1.8418 0.38281,-1.49414 -1.75586,-0.46875 -0.69336,-1.24804 -0.01,-2.01954 -0.77735,-1.07031 1.52539,-2.36523 1.54297,-1.10352 z"/>
    <path id="Vaud" style="fill:#ff6683;fill-opacity:1;stroke:#ffffff;stroke-width:1;stroke-dasharray:none;stroke-opacity:1" d="m 341.05469,367.77148 -0.0664,0.32227 0.39063,0.53711 -1.07618,2.35352 -2.87109,3.25585 -8.75,4.91993 -2.85742,3.44531 -6.52734,5.1875 -0.25391,0.28711 4.02148,4.96289 3,-0.24024 2.25,2.42969 -2.75,2.67969 7.25,7.06055 -3.25,3.41015 3,2.67969 3.25,-1.71094 4.75,2.67969 -2,3.16016 3.5,1.95117 -3,4.6289 3.25,1.94141 9,-10.95117 -3.5,-3.16992 5,-5.83985 2.75,2.18946 3.5,-3.41016 -3.5,-2.18945 1,-1.69922 -4.14843,-4.62891 -0.004,0.004 -4.16992,2.95508 -4.73242,0.59179 -2.35938,-1.45117 -2.30664,-4.11523 1.63281,-2.18555 4.07813,-2.86719 2.05078,-2.05273 0.95898,-2.80078 -1,-2.67969 0.75,-6.08984 -2.25,-2.67969 v -1.89063 l -2,-0.77929 z m -86.99024,20.63868 -12,4.61914 -7.75,5.11132 -4.5,8.03907 -5.75,0.9707 -2.75,1.69922 -3.5,-0.48047 c 0,0 -5.75,3.41111 -8.25,4.62109 -2.49998,1.22 -7.5,5.59961 -7.5,5.59961 0,0 -4.75,1.94993 -7.25,2.91993 -2.49998,0.97998 -8.5,1.95117 -8.5,1.95117 l -3,-0.73047 -5.5,9.49023 c 0,0 0.5,3.90061 -1.25,5.84961 -1.75,1.94 0.25002,3.39914 2.25,4.86914 2,1.46 5,3.16016 5,3.16016 l -2.75,7.79101 -3.25,4.13868 -3.5,3.16015 c 0,0 -6.5,2.20164 -7.75,2.68164 -1.25,0.49 -2.25,2.19063 -2.5,4.14063 -0.25,1.95 -3.25,3.41015 -3.25,3.41016 l -27,15.08984 -3.25,2.91992 -0.75,3.16992 -10.75,10.45899 -13,10.4707 -1.25,2.91992 -11.999997,8.04102 -5,6.07812 5.25,7.0625 6.999997,7.3086 -4.749997,6.33007 -2.5,-0.97851 -5,6.08984 -4.75,13.14063 -6,5.59961 -0.75,4.87109 2.75,2.18945 0.5,3.64844 -5.25,8.52149 8.25,2.92968 1.25,3.16016 2.5,0.9707 9.75,8.76953 2,-1.45898 4.999997,5.34961 -7.999997,13.39062 -4.380859,6.47852 0.130859,0.0898 2.25,5.1211 3.75,2.91992 4.804687,2.11133 0.16211,-1.60938 5.49023,-8.42187 1.39649,-2.56446 1.61719,-5.8457 -2.30078,-1.57031 -0.25,-1.69922 -2.5,2.18945 -1.75,1.69922 -2.16993,-1.58008 2.25,-4.61914 1.75,0.72852 -1,-2.91992 1.75,-2.18946 4.25,1.93946 1.34961,3.02148 0.006,0.002 2.8086,-4.76953 3.30664,-4.05078 2.26172,-1.88281 2.25195,-3.4375 1.74023,-1.30469 4.35938,-1.5293 2.55859,-1.34765 2.92578,-6.14649 1.22071,-4.11523 2.65039,-1.34961 2.57226,-4.2832 7.29297,-7.6836 3.66406,-2.68945 3.4375,-0.4668 7.87305,0.93555 2.55078,0.13477 15.63086,-6.84766 4.4668,-4.8418 2.3125,-0.86914 2.73242,-4.92969 2.03125,-1.21679 2.83398,-3.10157 0.90039,-0.22265 5.62696,3.08789 1.64843,0.19141 4.83399,0.19921 4.61328,-2.18554 4.27539,-0.13282 4.77149,0.75782 3.5664,2.10742 8.23828,0.9375 3.68164,-1.02539 1.73243,0.5918 6.04687,2.03906 5.13281,4.13867 2.13672,0.99219 3.39063,0.38086 3.4375,-0.35938 5.20703,3.96094 3.81836,1.72851 2.17578,-0.0449 0.72656,-0.01 2.58008,0.64648 8.38476,2.10742 2.10743,2.09766 0.30468,0.25586 0.83204,0.69141 2.29101,0.43554 3.50586,2.41992 0.83203,0.58008 0.57227,0.15625 1.72656,0.46875 3.65625,2.67774 0.68945,0.5 0.74805,0.36914 3.81641,1.88476 1,1.73828 0.39062,0.66993 0.32813,0.14648 0.78711,0.35742 1.22265,2.69727 1.4961,4.61914 -0.32032,0.99219 -0.70312,2.17382 -1.44141,1.91797 -11.05078,0.64649 -1.89258,0.35742 5.90821,6.26953 c 0,0 0.55968,1.17063 0.92968,2.39063 0.85,2.78998 0.47953,4.00837 -0.98047,6.35937 l 3.66993,5.56055 h 6.60937 l 3.43164,6.94922 1.96875,11.75976 3.57031,3.95117 5.26954,8.29883 4.01953,4.90039 5.38086,9.71094 2.4707,8.88867 6.75,7.99024 6.83984,-4.96875 5.25,-0.24024 9.75,-8.53125 0.25,-5.83984 5.75,-0.47852 2,-2.43945 0.5,-2.91992 c 0,0 2.75,-1.45994 3.75,-2.91992 l 2.5,-3.65039 4,-1.46094 -1.5,-2.67969 0.25,-2.43945 2.75,-0.72852 0.25,-2.1914 -2.25,-0.72852 v -4.61914 l 8.5,-9.25 1,-5.60156 -0.75,-5.35938 2.5,-2.67969 -3.75,-0.48047 -1.25,-1.94921 -0.91992,-3.08985 -4.33008,-0.56054 c 0,0 1.25,-4.6318 2.25,-6.0918 1,-1.46 2,-3.88867 2,-3.88867 l 0.25,-6.08985 -2,-2.1914 -0.75,-2.1875 -1.25,-1.70118 0.5,-3.16992 c 0,0 3.00002,0.96852 5,0.72852 2,-0.24 2.75,-0.96875 2.75,-0.96875 l 1,-2.67969 c 0,0 1,-1.45992 0.75,-2.91992 -0.25,-1.46 1.25,-3.90039 1.25,-3.90039 l -2,-4.13086 v -4.86914 h 2.5 l 0.25,-2.43945 c 0,0 2.5,-2.18916 2.75,-4.61914 0.25,-2.441 1,-5.36179 0.75,-7.55079 -0.25,-2.19098 -0.5,-5.60156 -0.5,-5.60156 l -3.24023,-5.10937 h -0.01 l -2.25,1.2207 -3.5,5.83984 -3.25,-5.35937 -2.5,-0.72852 -2.25,2.91992 -6,4.62891 -4.5,-0.73047 -3.25,9.01172 -2.5,3.16016 -3.5,1.45898 -1.75,2.92188 h -11.5 l -1.75,2.4375 h -2.75 l -1.49023,3.43164 -5.75977,5.08984 -0.5,4.86914 -9.75,5.35156 -0.25,-2.42968 2.5,-3.17188 -0.5,-2.18945 -2.75,-1.94922 0.75,-6.33008 -2.5,-2.18945 v -3.65039 c 0,0 -1.25,-0.48922 -2.25,-1.69922 -1,-1.22 -3.25,-3.16992 -3.25,-3.16992 l -5.25,0.49023 -5.25,-4.63086 -5.25,1.22071 0.25,-3.89063 -4.75,2.91992 -4.5,6.57031 c 0,0 -1,1.21852 -2.25,0.97852 -1.25,-0.25 -4,-1.70898 -4,-1.70898 l -2.25,-2.67969 -0.25,-3.16016 -2.75,-0.98047 -1.75,-3.64843 2.5,-7.79102 1.75,2.43945 3.5,-0.48828 3.5,-1.22265 1.25,3.65039 2.25,-0.48047 c 0,0 0.75,-2.43821 1.75,-3.40821 1,-0.96998 5.25,-5.35937 5.25,-5.35937 l 3.5,-1.21094 -1,-5.60156 h -2.75 l -1.5,1.46094 h -4 l -2.75,-3.16993 -4.5,-2.18945 -2.75,2.91992 h -3 l -2,-3.16015 -2.28125,-0.6875 -1.21875,3.60742 h -3.75 l 1.5,-5.10742 v -4.63282 l 2,-1.20898 -2.25,-7.79102 -1.5,-1.46874 1,-6.57032 2,-1.69922 3.5,-0.98046 2.75,0.73046 1.75,-3.65039 3.75,-0.72851 1,1.94922 2.75,0.24023 1.25,-1.93945 h 2.75 l -1.25,-2.43946 1.25,-2.67968 -2,-1.70118 v -2.18945 l 2.25,-1.71094 1.5,1.95118 4.75,-5.11133 0.25,-4.13867 3.25,-4.38086 4,-1.94922 4,-4.6211 0.25,-2.67968 1.25,-2.18946 -2.75,-3.64843 -2.75,1.20898 -1.25,-1.20898 -2.75,0.47851 -1,-1.69922 1.75,-2.68164 3,1.46094 3.75,-3.89063 -0.75,-2.43945 3.5,-3.41015 2.5,0.25 1.25,-2.43946 -0.5,-2.18945 2.25,-2.42969 -1.75,-3.90039 -0.75,-4.38086 2.75,-2.67969 2,1.95118 3,0.96875 1.5,-4.12891 -1.5,-2.19141 0.75,-4.38867 h -3.75 l 1,-3.16015 0.5,-3.65039 1.5,-4.62891 -4,-4.87109 -3.25,2.67968 2.5,4.14063 -2,1.2207 -3.25,-3.65039 -3.75,-5.36133 -3.25,-1.21875 1.25,-2.18945 -4.18554,-4.34375 -0.94141,0.30469 -2.89453,2.4082 -1.32813,1.11523 -0.88672,2.43164 -1.29492,1.00391 5.03125,5.59961 2.5,0.49023 1.25,2.67969 -2.25,0.96875 -1.5,-0.72851 -4.5,1.69922 2.75,2.43945 4,-1.45899 3,3.63868 c 0,0 -2.25,3.16086 -3.5,4.38086 -1.25,1.21998 -1.5,7.05859 -1.5,7.05859 v 3.65039 l -1.75,3.41016 2,1.2207 1.5,-1.95117 3,1.70117 -3,3.89844 -0.5,4.38086 -1.5,1.94921 -3.25,0.49024 -2.5,1.93945 -5.5,-2.66992 0.25,-2.68164 -1.5,-0.72852 -3,3.65039 -2,-0.24023 -2.5,1.93945 h -2 c 0,0 -2,-0.7297 -3.25,-2.42968 -1.25,-1.709 -3.75,-0.73047 -3.75,-0.73047 l -3.25,-3.41016 -2.25,1.69922 -1.5,-1.69922 3.5,-4.37891 h -2.25 c 0,0 -2.56074,-2.11039 -4.85547,-4.08007 l -0.60742,0.64843 -1.68945,1.01563 -3.09961,0.24414 -2.13086,-0.52148 -2.34375,-1.08399 -3.02344,-0.12109 -5.29883,1.83984 -4.30859,3.3457 -2.61719,0.69141 -4.09375,2.14258 -3.73437,0.28906 -2.51172,-0.88086 -0.9082,-1.60742 0.60937,-2.14063 1.36719,-1.81836 3.51172,-2.85351 5.88867,-2.87891 3.71875,-4.14648 3.62695,-2.38867 5.57422,-5.44141 2.04688,-1.02539 2.77929,-2.94531 2.94727,-3.13477 0.43359,-0.91992 -0.28125,-0.22852 -4.5,1.22071 2,-10.71094 -5.75,-3.65039 c 0,0 1,-5.35883 1.25,-7.54883 0.25,-2.19 -0.25,-3.89062 -0.25,-3.89062 z m 36.25,64.27148 7.25,7.79102 -4,7.30859 1.5,1.46094 -1.25,3.16015 -6,-1.95117 -1.75,-1.45898 h -3.25 l -3,2.43945 -3.75,0.47852 -2.5,-0.96875 1.5,-2.42969 2.25,-0.73047 2.91993,-0.24023 5.08007,-6.08985 -0.5,-2.18945 z m -21.75,9.5 3.25,1.21094 0.5,4.86914 -2.25,2.43945 -0.5,2.68164 -2.5,2.66992 -2,-1.45898 v -3.16016 l -3.25,-1.2207 1.75,-2.68164 3.75,-1.45898 z M 143.8457,496.125 l -0.72656,1.69336 -7.59766,7.60742 -5.07617,4.38281 -7.69922,6.64649 -0.5039,-2.45117 3.96289,-5.56641 2.68164,-2.54297 12.27148,-8.87695 z"/>
    <path id="Neuchâtel" style="fill:#ff99ac;fill-opacity:1;stroke:#ffffff;stroke-width:1;stroke-dasharray:none;stroke-opacity:1" d="m 291.14453,293.55273 -1.83008,4.3086 -7,5.35156 -7,4.86914 -5.75,3.41016 -4.5,0.49023 -5.5,5.10938 1.75,1.70117 -0.25,5.83984 h -6.5 l -3.25,1.70899 -1,4.14062 -4.75,3.41016 6.5,2.66992 0.75,3.90039 -3,1.45899 -2.5,3.89062 h -4 l -6.75,4.38867 -3.5,5.8418 -0.25,2.42969 v 2.43945 c 0,0 -4.75,3.65086 -6,4.38086 -1.25,0.73 -6.5,0.96875 -6.5,0.96875 l -5.5,2.91992 -18.75,7.06055 -3,-2.66992 -6.75,7.53906 -3,5.11133 -6.5,5.59961 3,4.39062 5,8.75977 -1.5,17.76953 3,0.73047 c 0,0 6.00001,-0.97118 8.5,-1.95118 2.5,-0.96999 7.25,-2.91992 7.25,-2.91992 0,0 5.00001,-4.37961 7.5,-5.59961 2.5,-1.21 8.25,-4.61914 8.25,-4.61914 l 3.5,0.47852 2.75,-1.69922 5.75,-0.9707 4.5,-8.03907 7.75,-5.10937 12,-4.62109 c 0,0 0.5,1.70062 0.25,3.89062 -0.25,2.19 -1.25,7.54883 -1.25,7.54883 l 5.75,3.65039 -2,10.71094 4.5,-1.22071 0.27735,0.22461 1.38672,-2.94531 1.39648,-1.36133 2.42969,-4.43945 3.42773,-2.75391 0.53516,-2.04101 7.1543,-6.98047 1.8164,-0.36914 2.35938,-2.33008 3.24609,-0.98047 0.85352,-2.99023 1.67187,-1.3711 4.23438,-1.58789 2.76953,-3.26953 0.26172,-7.54102 1.6875,-2.93359 4.80273,-1.1582 6.51367,-3.72656 3.20117,-0.24415 8.04688,-6.17968 6.09375,-3.05664 1.10742,0.13476 1.12305,1.04883 2.8164,2.62109 2.79493,0.86914 4.26367,-0.13671 -0.0215,-0.0527 c 0,0 1.75,-0.72844 2,-3.89844 0.25,-3.15999 0,-6.08007 0,-6.08007 l 3.5,-4.14063 5.25,-0.73047 4,-4.13867 0.31836,-0.57812 -0.92578,-0.67579 0.48242,-1.40429 1.74219,-0.83985 -2.11719,-5.27343 2.5,-2.66993 -0.75,-3.41015 -1,-3.16992 -4.5,-1.20899 -5.5,-3.66015 -2.5,2.43945 -3,-4.62891 5,-4.62109 -3,-0.98047 -3.5,1.71094 -3,-0.97071 c 0,0 -3,3.6504 -5.5,3.6504 -2.49999,-10e-6 -11.5,1.93945 -11.5,1.93945 l -2,0.73047 -2.25,-0.24024 -3.25,2.67969 -6.5,3.41016 -2.25,1.9414 -2.25,0.48828 -2.5,1.95118 c 0,0 -0.5,-4.87032 0.75,-6.82032 1.25,-1.93999 3,-4.86914 3,-4.86914 l 1.75,-7.30078 -2.5,-4.38086 -3,-5.59961 z"/>
    <path fill="#e8f2ad" d="m 293.444,287.762 2.62,-2.32 2,-4.87 6,-3.89 2.75,-2.92 4.25,-1.46 1.5,-3.17 3,-0.73 0.75,-2.92 3,-1.46 v -2.68 l -2.25,-2.19 1,-2.68 v -5.84 l -1.75,-4.14 1.5,-2.19 6.5,0.24 2.75,-1.7 3.25,-0.73 3.25,-1.95 -0.75,-2.43 2.5,-4.63 2.5,-2.92 h 6.5 l 2.25,-2.68 2,-4.14 -2.75,-4.13 -1.25,-4.39 -3.25,-0.73 -1.25,-2.67 -5.25,-0.98 -4.25,3.17 h -4.25 l -2.75,1.46 c 0,0 -6.75,0.97 -8.5,0.97 -1.75,0 -2,0 -4.5,0.73 -2.5,0.73 -2.25,0 -4.25,-0.97 -2,-0.98 -2.5,-0.25 -4,0.24 -1.5,0.49 -4.5,1.22 -4.5,1.22 l 1.25,-3.17 0.5,-3.16 3,-3.17 c 0,0 3.5,-0.73 4.25,-1.7 0.75,-0.97 0.75,-3.17 0.75,-3.17 l 1.25,-3.65 5.25,-1.21 1.5,-3.9 0.25,-7.3 4.75,-0.25 1.75,-2.19 0.5,-2.67 c 0,0 2.75,-1.22 4.5,-1.22 1.75,0 4.75,-2.68 4.75,-2.68 l -0.5,-2.43 0.25,-3.17 -3,-2.68 v -6.33 l 3,-2.19 4.75,-2.19 4.5,1.71 3.25,0.24 2.5,1.22 4,0.48 c 0,0 0.75,2.93 3.5,1.47 2.75,-1.47 3.5,-1.71 3.5,-1.71 l 5.75,-0.24 2.5,-2.92 h 3.5 l 5.25,4.87 9.25,-0.74 -1.5,3.41 -2.25,4.63 -0.75,5.84 -2,6.09 4.25,0.48 2.75,1.22 0.25,1.46 h 4.25 c 0,0 1.75,-1.22 3.5,-1.7 1.75,-0.49 3.75,0.73 3.75,2.19 0,1.46 -0.25,2.19 -0.25,2.19 l 3,0.97 -0.25,2.68 c 0,0 4.25,-2.92 6,-3.41 1.75,-0.48 2.75,-2.19 4.25,-2.19 1.5,0 5.25,-1.7 5.25,-1.7 l 7,-1.22 -0.25,3.89 h 2.75 c 0,0 0.5,1.71 2,2.68 1.5,0.98 3.25,1.95 3.25,1.95 v 1.95 l 5,-0.24 3,0.72 c 0,0 0.5,1.95 0.75,3.41 0.25,1.46 3.75,3.17 3.75,3.17 l 3,0.73 1,5.84 6.5,0.24 6,3.9 c 0,0 8.5,-0.24 9.5,-0.49 1,-0.24 7.25,-0.73 7.25,-0.73 l 0.5,3.9 3.75,0.97 1,1.71 -1.25,1.46 0.75,1.94 c 0,0 1,0 2.25,0 1.25,0 2.5,1.71 2.5,1.71 l -3,1.46 -3,2.19 -1.25,2.43 -0.5,2.44 2,0.97 3.25,-1.22 v 2.2 l -5.09,2.23 -3.73,1.26 -5.43,3.08 h -2.75 c 0,0 -1.25,-0.98 -2.25,-1.22 -1,-0.24 -2.75,-0.73 -5.75,-1.22 -3,-0.48 -8.5,0.25 -8.5,0.25 l -3,-0.98 -0.75,-1.7 -10,-0.24 c 0,0 -2.25,1.21 -3.75,2.19 -1.5,0.97 -6.25,0.97 -6.25,0.97 l -5.25,5.36 c 0,0 -2,1.94 -4,2.19 -2,0.24 -9,0.97 -9,0.97 0,0 -4.5,-0.24 -5.75,-0.24 -1.25,0 -4.25,-0.25 -6.5,-1.22 -2.25,-0.97 -6.25,0.49 -6.25,0.49 v -2.92 l -10.75,0.48 -0.25,7.55 -5.75,2.92 v 4.38 c 0,0 1,1.46 1.75,2.44 0.75,0.97 0.5,1.46 -0.75,1.46 -1.25,0 -2.75,1.46 -2.75,1.46 l -4,-0.98 -6.75,1.22 -1.25,1.46 -2.75,0.49 -1,-3.65 -7.25,1.21 0.5,5.36 -3.5,1.46 -2.25,5.6 -3.5,6.09 -7.75,1.7 -3.5,6.57 -2.25,0.49 -2,-2.68 h -3.25 l -1,-2.92 -4.5,2.43 0.25,2.44 -1.25,2.68 -4.75,1.94 -4.75,4.14 -4,1.46 -2.5,-4.86 v -2.68 l -1.5,-1.95 -3.67,3.24 -3.33,-0.08 0.25,-3.16 z" id="Jura" style="fill:#ff6683;fill-opacity:1;stroke:#ffffff;stroke-width:1;stroke-dasharray:none;stroke-opacity:1"/>
    <path id="Genève" style="fill:#ff99ac;fill-opacity:1;stroke:#ffffff;stroke-width:1;stroke-dasharray:none;stroke-opacity:1" d="m 106.06445,615.79297 -1.75,2.18945 1,2.91992 -1.75,-0.72851 -2.25,4.61914 2.16993,1.57812 1.75,-1.69726 2.5,-2.19141 0.25,1.69922 2.29882,1.56836 1.38282,-4.99609 h -0.002 l -1.34961,-3.02149 z m -15.380856,18.16015 -1.369141,2.03907 -1,7.55078 -4.75,5.8418 2.5,1.94726 0.5,2.68164 2.25,1.93945 0.75,5.35938 -2.25,3.65039 -3.75,1.71094 -4.5,-2.68164 -7.5,1.2207 -3.25,4.38086 -4,-2.44141 -5.25,3.41016 -4.75,4.63086 -5.5,0.73047 -1.75,7.29883 6.25,3.89062 -2.25,2.43945 -2.5,0.49024 -5,10.71094 -0.5,3.39843 4.25,5.35938 4,-4.86914 9.5,0.25 3.25,2.42969 4.5,-2.18946 1,-3.65039 7,0.48047 2.75,-0.24023 4.75,2.67968 4,-0.25 3.25,1.47071 10.499997,-8.2793 4,-0.9707 1.25,-7.31055 11.75,-9.74023 4,0.74023 2.5,-1.94922 c 0,0 4.5,-1.71045 5.5,-2.43945 1,-0.731 5.75,-3.89063 5.75,-3.89063 l 4,-6.56836 -0.5,-4.39257 h -2.75 l -1.5,-2.91993 -5.75,5.11133 -3.25,-0.48047 -5.75,-11.92968 3,-4.38086 -3.25,-6.33008 -0.24023,-0.14844 -1.20117,2.89844 -0.084,0.13476 -5.25976,8.27539 -0.97071,1.52539 -3.26953,1.48438 -2.39648,2.44336 -0.96875,2.07226 -0.60547,6.74805 -2.0918,4.78516 -0.55078,1.25976 -0.4414,0.57032 -0.008,0.01 -1.15234,1.46094 -2.191408,2.78906 -0.634765,0.32227 -2.619141,1.33984 -0.58789,-0.79297 0.175781,-0.68945 0.412109,-1.65039 -0.236328,-1.875 -0.779297,-6.15625 0.658203,-5.83203 1.595704,-3.76953 2.335937,-1.89649 1.039065,-2.35351 0.875,-8.65625 -4.802737,-2.10938 -3.75,-2.91992 -2.25,-5.11914 z"/></g>
</svg>