<svg
   version="1.1"
   x="0px"
   y="0px"
   width="2383.939"
   height="1683.78"
   viewBox="0 0 2383.939 1683.78"
   enable-background="new 0 0 2383.939 1683.78"
   xml:space="preserve"
   id="svg2"
   inkscape:version="1.4.4 (dcaf3e7, 2026-05-05)"
   sodipodi:docname="svgviewer-output.svg"
   style="display:inline"
   xmlns:inkscape="http://www.inkscape.org/namespaces/inkscape"
   xmlns:sodipodi="http://sodipodi.sourceforge.net/DTD/sodipodi-0.dtd"
   xmlns="http://www.w3.org/2000/svg"
   xmlns:svg="http://www.w3.org/2000/svg"
   xmlns:rdf="http://www.w3.org/1999/02/22-rdf-syntax-ns#"
   xmlns:cc="http://creativecommons.org/ns#"
   xmlns:dc="http://purl.org/dc/elements/1.1/"
   xmlns:ns="http://ns.adobe.com/SaveForWeb/1.0/"><defs
   id="defs163" /><sodipodi:namedview
   pagecolor="#ffffff"
   bordercolor="#666666"
   borderopacity="1"
   objecttolerance="10"
   gridtolerance="10"
   guidetolerance="10"
   inkscape:pageopacity="0"
   inkscape:pageshadow="2"
   inkscape:window-width="2560"
   inkscape:window-height="1334"
   id="namedview161"
   showgrid="false"
   inkscape:zoom="0.39643468"
   inkscape:cx="698.72797"
   inkscape:cy="1096.0191"
   inkscape:window-x="-11"
   inkscape:window-y="-11"
   inkscape:window-maximized="1"
   inkscape:current-layer="layer5"
   inkscape:showpageshadow="2"
   inkscape:pagecheckerboard="0"
   inkscape:deskcolor="#d1d1d1" />
<metadata
   id="metadata4">
	<ns:sfw>
		<ns:slices />
		<ns:sliceSourceBounds
   y="88"
   x="69.8"
   width="2249.92"
   height="1469.2"
   bottomLeftOrigin="true" />
	</ns:sfw>
<rdf:RDF><cc:Work
     rdf:about=""><dc:format>image/svg+xml</dc:format><dc:type
       rdf:resource="http://purl.org/dc/dcmitype/StillImage" /></cc:Work></rdf:RDF></metadata>


<g
   inkscape:groupmode="layer"
   id="layer5"
   inkscape:label="General Shading"
   style="display:inline">
  <path
   style="color:#000000;fill:#ffaacc;stroke:#ffaacc;stroke-width:1.45504167px;stroke-linecap:butt;stroke-linejoin:miter;stroke-miterlimit:4;stroke-opacity:1;stroke-dasharray:none;stroke-dashoffset:0;marker:none;visibility:visible;display:inline;overflow:visible;enable-background:accumulate;fill-opacity:1;fill-rule:nonzero"
   d="m 526.1147,716.30745 c -0.59351,-1.54668 -3.02955,-3.55369 -5.41341,-4.46003 -3.38119,-1.28553 -4.2102,-2.72632 -3.76998,-6.55211 0.55178,-4.79529 0.85404,-4.9159 13.6094,-5.43056 12.28438,-0.49566 13.01246,-0.75481 12.48566,-4.44409 -0.34535,-2.41851 -4.99615,-7.14645 -12.15326,-12.35486 -21.14864,-15.3904 -25.88275,-20.73088 -30.30219,-34.18349 -3.8187,-11.62399 -3.87821,-12.58714 -1.13339,-18.34309 1.59331,-3.34121 2.89693,-8.41614 2.89693,-11.27762 0,-2.86147 0.86262,-9.22494 1.91694,-14.14104 l 1.91693,-8.93835 6.55548,2.47807 c 3.60551,1.36294 13.07512,2.79909 21.04358,3.19145 11.46055,0.5643 15.51767,1.52322 19.41495,4.58882 6.74979,5.30939 10.75265,4.89342 22.46241,-2.33426 13.69238,-8.45141 28.32164,-11.56873 54.44036,-11.60058 l 21.62255,-0.0264 11.22263,-8.97105 11.22262,-8.97104 5.05771,4.84559 c 2.81385,2.69585 5.0577,6.75188 5.0577,9.14244 0,7.01654 5.50696,24.19246 8.98814,28.03354 1.77819,1.96203 3.78938,5.97528 4.46933,8.91832 0.67994,2.94305 2.27931,7.02886 3.55415,9.07958 1.27484,2.05072 3.21692,7.06727 4.31571,11.14791 1.09881,4.08063 3.04548,7.41933 4.32594,7.41933 1.28046,0 6.14144,-4.75437 10.8022,-10.56525 4.66075,-5.81089 12.3162,-13.80499 17.01215,-17.76466 7.93487,-6.69077 8.72585,-6.98397 11.19567,-4.14999 5.12401,5.87947 6.68333,10.93322 6.68333,21.66064 0,9.22943 -0.47178,10.81926 -3.2106,10.81926 -4.63302,0 -7.49139,3.53893 -7.49139,9.27506 0,3.80515 -0.84937,4.99426 -3.56734,4.99426 -2.96386,0 -3.56733,1.18911 -3.56733,7.02939 0,3.86617 0.88834,7.57842 1.97409,8.24945 3.01183,1.86141 -1.85804,4.28212 -8.67906,4.31416 -4.00116,0.0188 -7.5585,1.69526 -11.41246,5.37831 -4.64695,4.44088 -7.07117,5.351 -14.25308,5.351 -8.24476,0 -8.65507,0.23184 -8.6811,4.90508 -0.059,10.58447 -2.52486,10.37394 -14.42189,-1.23133 -20.1381,-19.64423 -38.95092,-28.69649 -59.41047,-28.58684 -15.48644,0.083 -25.7702,4.33496 -50.18228,20.74852 -18.57048,12.48593 -41.34971,25.56855 -44.51953,25.56855 -0.54928,0 -1.48428,-1.26546 -2.0778,-2.81213 z"
   id="Hong-Kah-North-SMC"
   transform="translate(0,-2.7063896e-5)" />
  <path
   style="color:#000000;fill:#cd87de;stroke:#cd87de;stroke-width:2.91008329px;stroke-linecap:butt;stroke-linejoin:miter;stroke-miterlimit:4;stroke-opacity:1;stroke-dasharray:none;stroke-dashoffset:0;marker:none;visibility:visible;display:inline;overflow:visible;enable-background:accumulate"
   d="m 1456.5954,798.21206 c 0,-4.09758 -39.8461,-44.30075 -51.2296,-51.68866 -10.6252,-6.89581 -11.5662,-8.35361 -14.6462,-22.68893 -1.2345,-5.74544 -3.3825,-13.16995 -4.7734,-16.4989 -2.4229,-5.79889 -2.9243,-6.05264 -11.9584,-6.05264 -9.8976,0 -13.7103,-2.10039 -13.7103,-7.55283 0,-2.88578 -1.0309,-3.13529 -8.7324,-2.11365 -12.9492,1.71778 -24.7218,-2.76727 -33.9873,-12.94826 l -7.4587,-8.1957 -14.6835,0.91606 c -9.8762,0.61616 -17.0664,2.13179 -21.9623,4.62952 -6.9781,3.55993 -25.927,23.28963 -27.6669,28.80677 -1.3647,4.3278 -8.5818,-19.59138 -8.5818,-28.44237 0,-5.27479 3.1496,-16.95354 8.9183,-33.06866 4.9051,-13.70264 8.9183,-25.80307 8.9183,-26.88985 0,-1.08678 3.4046,-2.99599 7.5656,-4.24268 4.1611,-1.2467 9.1556,-3.38037 11.0989,-4.7415 1.9433,-1.36113 6.254,-2.47478 9.5794,-2.47478 4.8069,0 35.6673,6.41857 72.9791,15.17872 3.1562,0.741 4.0133,2.19353 4.0133,6.80118 0,7.22366 11.0068,19.23096 14.9652,16.32553 10.7621,-7.89921 11.8401,-8.37811 14.2876,-6.34689 1.364,1.13201 3.0167,4.91905 3.6726,8.41564 1.0235,5.45573 1.7457,6.20912 5.0917,5.3118 2.1445,-0.5751 5.7248,-1.05659 7.9564,-1.06999 2.5389,-0.0152 4.6456,-1.5263 5.629,-4.0376 0.8644,-2.20729 4.9244,-7.22385 9.0221,-11.14791 4.2016,-4.02342 9.7575,-12.19043 12.7408,-18.72849 2.9097,-6.3766 7.6098,-14.00177 10.4447,-16.94482 5.4184,-5.62516 8.9405,-13.04886 8.9405,-18.8446 0,-2.88459 -1.2446,-3.43713 -7.5806,-3.36545 -7.0387,0.0796 -8.7855,1.21694 -24.4343,15.90871 -14.3755,13.49641 -17.1526,15.41409 -18.8869,13.04225 -1.5726,-2.15066 -2.8057,-2.34553 -5.4422,-0.86003 -2.773,1.56243 -4.3117,1.05923 -8.2494,-2.69795 -4.0202,-3.83579 -5.3011,-4.23644 -7.5574,-2.36384 -1.6853,1.39863 -4.5824,1.78655 -7.63,1.02165 l -4.9131,-1.23311 7.3648,-6.86976 c 8.5556,-7.98062 19.3545,-11.48977 30.3047,-9.84769 7.4747,1.12091 7.6622,1.02359 9.1523,-4.7504 l 1.5212,-5.89476 15.9459,-1.83412 c 8.7702,-1.00876 16.9491,-2.46077 18.1754,-3.22668 1.2263,-0.76591 2.2296,-4.85883 2.2296,-9.09538 0,-11.12614 2.6242,-12.57604 23.0178,-12.71757 15.731,-0.10917 17.5014,0.23293 21.8992,4.23148 l 4.7845,4.35024 -6.2598,9.10018 c -7.0483,10.24642 -5.798,12.14989 4.8321,7.35638 9.1601,-4.13062 11.803,-1.87605 13.2751,11.32454 1.648,14.77797 3.3996,18.1149 16.135,30.737 10.5253,10.43182 12.1554,11.40503 19.0844,11.39418 4.1668,-0.007 8.9807,-0.6732 10.6975,-1.48149 2.8702,-1.35136 3.1214,0.0716 3.1214,17.68294 l 0,19.15256 -10.8653,19.73752 c -10.3128,18.73395 -10.6982,19.86659 -7.5805,22.27586 3.4329,2.65287 33.9804,17.62786 45.807,22.45555 l 6.8491,2.79581 -3.9907,6.71277 c -2.1948,3.69203 -6.2309,9.0559 -8.9689,11.91972 l -4.9782,5.20695 -1.253,-5.20695 c -1.218,-5.06156 -6.2941,-11.42725 -9.148,-11.47186 -0.7768,-0.0125 -3.2692,-2.88777 -5.5386,-6.39028 -2.5367,-3.91488 -5.0915,-5.99783 -6.6316,-5.40681 -1.378,0.52877 -3.0136,0.13913 -3.6347,-0.86598 -0.6212,-1.00505 -2.2522,-1.39651 -3.6245,-0.86991 -1.6251,0.62361 -2.4951,-0.28637 -2.4951,-2.60988 0,-5.43485 -3.8537,-5.83602 -17.376,-1.80889 -16.1078,4.7971 -18.5214,8.93006 -12.3944,21.22299 3.9155,7.85557 4.82,8.52341 15.4327,11.39424 8.2773,2.2391 12.1992,2.55408 14.7571,1.18514 2.5571,-1.36852 6.4685,-1.05652 14.7049,1.17297 l 11.2211,3.0374 2.6262,13.198 2.6261,13.198 -4.6509,1.05272 c -2.558,0.579 -10.8046,2.57222 -18.3256,4.42936 -7.5211,1.85715 -15.4771,3.37664 -17.68,3.37664 -4.9708,0 -18.6964,-7.87151 -20.099,-11.5266 -1.2953,-3.37543 -2.2609,-3.02074 -33.2841,12.22562 -13.1908,6.48264 -25.0052,11.78664 -26.2542,11.78664 -1.2489,0 -2.2708,-1.33026 -2.2708,-2.95613 z"
   id="Aljunied-GRC"
   transform="translate(0,-2.7063896e-5)" />
  <path
   style="color:#000000;fill:#87cd61;stroke:#87cd61;stroke-width:1.45504167px;stroke-linecap:butt;stroke-linejoin:miter;stroke-miterlimit:4;stroke-opacity:1;stroke-dasharray:none;stroke-dashoffset:0;marker:none;visibility:visible;display:inline;overflow:visible;enable-background:accumulate;fill-opacity:1;fill-rule:nonzero"
   d="m 829.63705,426.68559 c -12.11925,-0.74624 -19.78833,-2.14274 -23.92532,-4.35671 -4.43267,-2.37219 -8.63433,-3.04732 -15.44839,-2.48224 l -9.35973,0.77618 -1.16636,-6.37641 c -3.37532,-18.45255 -3.11614,-26.58689 1.0853,-34.06235 3.31932,-5.90593 5.59899,-7.71583 11.81138,-9.37739 4.234,-1.13241 10.52712,-4.3908 13.98471,-7.24084 6.23443,-5.13894 6.25853,-5.21334 2.90772,-8.97751 -3.32346,-3.73344 -8.29252,-25.20822 -6.50295,-28.10381 0.5035,-0.81468 0.018,-3.15824 -1.07899,-5.2079 -1.65771,-3.09744 -1.29518,-4.41643 2.14709,-7.81187 6.29022,-6.20464 10.38438,-12.15396 10.38438,-15.0898 0,-4.69294 7.37543,-18.03702 9.96927,-18.03702 2.89937,0 3.36479,2.83245 0.73272,4.45916 -2.7368,1.69144 -2.11658,6.24283 0.85072,6.24283 1.44891,0 3.84636,-1.84972 5.32767,-4.11048 2.21588,-3.38187 2.31398,-5.11539 0.55344,-9.77961 -2.00931,-5.32327 -1.76892,-6.05182 3.94055,-11.9425 3.34422,-3.45036 7.04542,-6.27339 8.22488,-6.27339 1.17946,0 6.72206,-2.40794 12.31689,-5.35099 5.59482,-2.94305 12.05764,-5.351 14.36181,-5.351 2.30418,0 4.83128,-1.11713 5.61579,-2.48252 0.78451,-1.36538 7.04493,-5.9478 13.91204,-10.18315 6.86711,-4.23535 16.40319,-11.16102 21.19128,-15.39037 4.78809,-4.22936 16.02518,-12.20622 24.97131,-17.72636 8.94613,-5.52014 21.08159,-13.31476 26.96768,-17.32139 5.8861,-4.00663 11.42026,-7.06025 12.29816,-6.78583 0.87789,0.27442 3.68716,-1.49537 6.24283,-3.93288 5.41908,-5.16853 13.99384,-8.78543 17.57244,-7.41219 1.37523,0.52773 3.70213,-0.24216 5.17083,-1.71087 2.5638,-2.56378 7.6935,-3.43124 16.2192,-2.74275 2.1964,0.17738 10.0375,-0.59366 17.4245,-1.71341 13.8408,-2.09804 17.3205,-1.58075 32.7991,4.87589 l 6.0581,2.52705 -6.6004,3.9835 c -5.8083,3.50545 -13.4974,12.38517 -13.5306,15.62575 -0.01,0.6308 1.3159,1.65636 2.9385,2.27902 1.9786,0.75925 4.4753,-0.67124 7.5806,-4.34326 3.9858,-4.71323 5.4301,-5.31119 10.3761,-4.29587 4.7551,0.97613 5.4615,1.7108 4.0968,4.26085 -1.0811,2.01996 -0.9406,3.78985 0.4078,5.13825 4.1157,4.11574 7.7006,1.80643 13.4531,-8.66624 3.2268,-5.87445 6.1662,-10.68083 6.5321,-10.68083 1.7193,0 25.9488,14.72153 25.9408,15.76126 -0.01,0.65096 -1.9867,4.39416 -4.4035,8.31823 -5.3592,8.70112 -5.4018,9.2051 -0.9773,11.57299 3.1238,1.67183 4.1659,0.7587 9.0886,-7.96373 3.3489,-5.93397 6.7723,-9.85209 8.608,-9.85209 1.6763,0 6.8448,2.40795 11.4855,5.35099 4.6407,2.94305 8.8646,5.351 9.3865,5.351 1.72,0 13.1966,9.31233 13.1966,10.70796 0,0.75142 -10.8225,7.93524 -24.0501,15.96402 -24.7348,15.01342 -26.8653,16.68633 -25.0309,19.65453 0.5898,0.95419 13.5325,-5.86128 28.7616,-15.14547 l 27.6895,-16.88036 6.5391,4.44348 c 3.5966,2.44392 7.4855,4.44349 8.6421,4.44349 2.5786,0 10.6869,9.40705 12.1899,14.14241 1.1066,3.48668 -3.5747,10.8289 -6.9044,10.8289 -0.931,0 -3.11,1.28261 -4.8423,2.85023 -1.7322,1.56763 -3.9117,2.37914 -4.8433,1.80337 -1.7239,-1.06545 -4.8017,-13.14663 -4.0934,-16.06763 0.2139,-0.88214 -0.062,-2.77849 -0.6127,-4.21413 -0.7895,-2.05737 -1.5451,-2.15921 -3.5675,-0.48082 -1.7094,1.41867 -2.5871,5.80201 -2.6297,13.13245 -0.035,6.05167 -0.1327,12.30406 -0.2168,13.89422 -0.2076,3.92656 8.3487,12.89653 10.8357,11.35949 1.0982,-0.67872 1.6015,-2.26396 1.1184,-3.52276 -0.589,-1.53513 1.5196,-2.67216 6.4043,-3.45324 4.0053,-0.64049 9.5823,-2.52307 12.3932,-4.18351 6.9107,-4.08227 10.3864,-1.63868 14.5717,10.24469 l 3.3037,9.38004 -9.9949,10.10025 c -6.4191,6.48678 -13.2218,11.35247 -19.0146,13.60043 -4.9609,1.9251 -12.3137,6.48114 -16.3396,10.12454 l -7.3199,6.62437 -7.2915,-8.20451 c -11.1439,-12.53936 -12.4534,-15.66517 -8.8599,-21.14949 1.7096,-2.60918 2.304,-5.15634 1.3877,-5.94664 -5.3829,-4.64261 -20.2274,-14.48736 -21.8449,-14.48736 -3.4685,0 -28.7904,16.2532 -30.6054,19.64449 -0.9739,1.81975 -1.7707,4.90955 -1.7707,6.86622 0,1.95668 -2.9697,6.62468 -6.5993,10.37334 l -6.5992,6.81575 -1.2494,-8.91833 c -0.6872,-4.90508 -2.5335,-11.90248 -4.1028,-15.54978 -1.5693,-3.6473 -2.8533,-8.56366 -2.8533,-10.92523 0,-5.07086 -10.2755,-28.23076 -17.1021,-38.54655 l -4.7938,-7.24389 9.5237,-10.06994 c 9.1097,-9.63214 9.3724,-10.17779 6.0429,-12.55043 -31.9303,-22.75375 -33.5797,-23.72792 -40.1733,-23.72792 -7.55,0 -23.0604,5.99568 -23.0604,8.91423 0,1.04849 2.0264,5.90523 4.5031,10.79276 7.1347,14.07954 10.3069,29.06826 8.9108,42.10397 -1.2089,11.2887 -1.2118,11.29339 -9.5411,15.44713 -10.9446,5.45789 -11.5871,9.22478 -2.2131,12.9755 12.7168,5.08825 11.9541,6.4188 -33.54605,58.51826 -18.76008,21.48104 -34.10923,39.6647 -34.10923,40.40812 0,0.74343 4.25231,3.75154 9.44959,6.68471 13.90258,7.84613 21.53491,14.67898 19.10805,17.10651 -2.14372,2.14432 -38.84433,13.94978 -56.20445,18.07921 -5.8861,1.40013 -14.61894,3.76159 -19.40631,5.24769 -5.19645,1.61309 -14.90057,2.6354 -24.07949,2.53673 -8.45633,-0.091 -17.6347,0.71873 -20.39635,1.79918 -2.76166,1.08046 -6.77491,1.82986 -8.91833,1.66534 -2.14342,-0.16454 -11.92362,-0.79338 -21.73378,-1.39741 z"
   id="Sembawang-GRC"
   transform="translate(0,-2.7063896e-5)" /><path
   id="Moulmein-kallang-GRC"
   style="color:#000000;fill:#ffdd55;fill-opacity:1;stroke:#ffdd55;stroke-width:1.45504167px;stroke-linecap:butt;stroke-linejoin:miter;stroke-miterlimit:4;stroke-opacity:1;stroke-dasharray:none;stroke-dashoffset:0;marker:none;visibility:visible;display:inline;overflow:visible;enable-background:accumulate;fill-rule:nonzero"
   transform="translate(0,-2.7063896e-5)"
   d="m 1120.9723,717.81819 c -3.521,-0.81262 -5.6247,-5.27186 -3.1954,-6.77325 2.5892,-1.60023 2.0384,-4.41102 -0.8645,-4.41102 -3.1536,0 -5.1652,-2.93592 -3.6696,-5.35582 1.8525,-2.99742 7.922,1.45451 11.1168,8.15418 3.1001,6.50089 1.8504,9.59475 -3.3873,8.38591 z m 17.0561,12.72817 c 0.6249,-1.62833 0.3027,-3.96481 -0.7159,-5.19216 -1.3611,-1.63999 -0.8964,-2.48147 1.7529,-3.17427 5.3019,-1.38649 4.3881,-4.38856 -1.7461,-5.73585 -8.1327,-1.78624 -6.3886,-4.25213 2.2296,-3.15219 4.1693,0.53213 7.8079,1.15125 8.0856,1.37581 0.2778,0.22457 -0.011,3.63751 -0.6424,7.58432 -0.8501,5.31614 -2.3076,7.70459 -5.6236,9.21548 -3.8941,1.77425 -4.3284,1.65447 -3.3401,-0.92114 z m 58.5334,269.25368 -16.4717,-9.86463 9.5058,-10.99726 c 5.2282,-6.0485 11.6723,-15.52174 14.3204,-21.05167 5.2252,-10.91172 4.8471,-14.98693 -2.0654,-22.26364 -3.1844,-3.35219 -3.2891,-4.08053 -0.9263,-6.44335 1.4652,-1.46516 3.068,-6.18563 3.5619,-10.48991 0.4939,-4.30429 1.7295,-10.02312 2.7457,-12.70851 1.7315,-4.575 1.0617,-5.66863 -10.6323,-17.36272 -9.5223,-9.52229 -15.8068,-14.00757 -26.5161,-18.92481 -11.1356,-5.11293 -15.8789,-8.57875 -22.9543,-16.77245 l -8.9184,-10.32781 -33.8896,-10.81963 c -41.1943,-13.15174 -37.5423,-12.21948 -57.0773,-14.57037 -15.6322,-1.88123 -16.5453,-2.25657 -34.8357,-14.31915 -10.3304,-6.813 -23.70687,-14.05022 -29.72538,-16.08271 l -10.94275,-3.69542 0.51002,-7.56511 c 1.06686,-15.82449 4.7962,-19.3056 22.19239,-20.71523 17.16112,-1.39059 17.75042,-4.07929 4.09388,-18.67821 -11.30468,-12.08474 -13.04641,-15.2442 -8.40372,-15.2442 1.45283,0 3.16352,-2.20729 3.80153,-4.90508 0.638,-2.6978 2.91685,-7.31303 5.06411,-10.25608 2.14722,-2.94305 9.39522,-14.58146 16.10652,-25.86315 6.7113,-11.28168 12.4283,-20.80063 12.7044,-21.15321 0.7083,-0.9045 74.3425,33.50836 76.512,35.75777 1.2239,1.26899 0.4422,1.44285 -2.4907,0.554 -3.708,-1.12374 -4.1459,-0.804 -3.3046,2.41297 0.6841,2.61623 -0.035,4.02711 -2.4403,4.79066 -5.0981,1.61806 -2.2034,4.39279 4.5827,4.39279 6.0733,0 8.1121,2.27811 8.1121,9.06421 0,1.9213 -1.229,3.42145 -2.8029,3.42145 -3.2035,0 -7.8991,-4.16549 -7.8991,-7.00725 0,-2.87137 -3.5309,-2.29782 -4.706,0.76442 -1.1668,3.04064 -6.9939,3.60624 -8.7007,0.84453 -0.6224,-1.00703 -2.4758,-1.60902 -4.1186,-1.33775 -2.0073,0.33147 -3.1921,-0.96915 -3.6126,-3.96594 -0.582,-4.1475 -3.0177,-7.04283 -5.979,-7.10735 -0.6895,-0.015 -0.7804,3.96899 -0.2019,8.85337 1.1847,10.00298 -0.852,12.14749 -8.7023,9.16282 -3.2791,-1.24671 -5.1958,-3.97625 -6.9398,-9.88296 -1.3253,-4.4883 -2.9511,-8.16054 -3.613,-8.16054 -1.7435,0 -3.36,4.90864 -3.4255,10.40195 -0.052,4.33765 -0.2666,4.48272 -2.4262,1.63779 -1.3032,-1.71678 -2.9571,-3.12141 -3.6752,-3.12141 -0.7181,0 -3.3465,-1.6053 -5.8408,-3.56734 -2.4943,-1.96203 -5.6309,-3.56733 -6.9701,-3.56733 -3.8656,0 -2.8295,6.14214 1.7642,10.45767 2.9144,2.73796 3.9421,5.28869 3.3593,8.33741 -0.7458,3.90151 -0.2232,4.39257 4.6747,4.39257 5.1757,0 5.4486,0.32856 4.4441,5.351 -1.2656,6.32814 1.7317,7.19122 6.2245,1.79235 2.05,-2.46341 4.1966,-3.22282 6.9747,-2.46747 4.9447,1.34445 5.087,5.26103 0.4459,12.26894 -4.1221,6.22412 -4.4227,8.02711 -1.3378,8.02491 3.8313,-0.003 16.1132,-13.94333 14.9515,-16.97071 -0.7234,-1.88528 0.4747,-3.34569 3.774,-4.60007 3.3694,-1.28107 5.0253,-1.26377 5.4655,0.0571 0.947,2.84076 4.1149,2.28534 6.6368,-1.1636 2.1019,-2.87449 2.6504,-2.84879 9.1149,0.42709 3.7832,1.91711 8.6636,5.01899 10.8452,6.89308 3.599,3.09155 4.0714,3.13463 5.0959,0.46473 1.5872,-4.13599 6.0986,-3.6739 6.0986,0.62465 0,1.98185 1.1891,3.56734 2.6755,3.56734 1.4715,0 2.6755,-0.72414 2.6755,-1.60918 0,-1.39687 11.0192,-6.29856 11.4371,-5.08761 0.086,0.24968 2.0738,4.13331 4.4169,8.63029 3.4635,6.6473 4.0352,9.67612 3.0575,16.19628 -1.0197,6.79958 -0.4089,9.52892 4.0137,17.9364 2.869,5.45405 7.0173,12.35244 9.2186,15.32977 3.4733,4.69786 4.5962,5.18748 8.4965,3.7046 2.4718,-0.93979 10.5926,-1.84605 18.0462,-2.0139 11.3522,-0.25565 14.6367,0.36099 20.2345,3.79889 l 6.6825,4.10409 -3.5071,4.45849 -3.507,4.4585 5.1728,6.51691 c 2.8451,3.58429 5.7327,9.5979 6.4169,13.36357 1.0995,6.05068 2.6997,7.77971 13.7647,14.87217 6.8863,4.41402 13.4434,8.3796 14.5713,8.81241 1.9507,0.74857 19.6418,-19.6878 21.711,-25.08014 0.6892,-1.79604 -1.0714,-3.11064 -5.9114,-4.41391 -3.7911,-1.02084 -8.4734,-3.0799 -10.4051,-4.5757 -3.4427,-2.66583 -3.4121,-2.80262 1.5449,-6.91347 6.7489,-5.59681 11.8615,-13.59483 11.876,-18.57839 0.011,-3.82122 0.2991,-3.91818 4.9168,-1.65474 2.6978,1.32237 8.2734,3.4639 12.3902,4.75895 8.4384,2.65451 17.8121,11.21443 28.243,25.79097 3.8939,5.44155 8.4187,10.33988 10.0551,10.88517 1.6364,0.54529 7.992,-1.04706 14.1236,-3.53857 6.1316,-2.4915 11.5123,-4.16613 11.957,-3.72139 0.4448,0.44473 1.1209,11.18172 1.5025,23.85998 l 0.6938,23.05138 -8.0164,2.01855 c -5.4639,1.37584 -14.4729,11.36963 -18.3778,11.95026 -7.0125,1.04269 -19.8332,8.46993 -28.6321,10.63748 -5.7453,1.41529 14.0992,-4.49089 6.4539,-23.6551 -2.6593,-6.66601 -4.75,-7.33728 -6.8707,-13.14724 -0.7931,-2.17296 -5.9641,-0.71876 -5.9641,0.51678 0,1.23555 9.3701,16.2708 5.8056,22.56351 -0.9793,1.72889 -7.9562,7.66824 -8.7635,10.21198 -0.8478,2.6712 -5.1281,3.27614 -6.4467,0.22137 l -3.6385,-8.42988 -4.9053,1.28361 c -2.1982,0.57523 -1.1479,2.74804 2.3346,4.57838 2.2158,1.16462 6.1435,8.63542 12.2726,13.61016 1.5891,1.28985 2.7531,6.32527 -1.8008,10.47472 -2.1896,1.99513 -6.3364,4.78341 -13.2924,13.95251 -1.7514,2.30864 2.8395,12.25007 1.7146,15.04967 -1.3257,3.29923 0.078,7.41047 1.3309,15.10412 0.7986,4.90507 1.0916,9.52031 0.651,10.25607 -0.4406,0.73576 -3.563,1.33775 -6.9386,1.33775 -4.1963,0 -26.7317,-1.9741 -27.3186,-0.29008 -0.935,2.68269 -10.2005,-2.22237 -15.0548,0.006 -5.6214,2.58077 -0.8668,7.6946 0.4408,11.89009 l -1.4318,7.01698 c -0.1455,0.71332 -2.6174,15.33461 -3.3851,16.50801 -0.9924,1.5168 -6.1566,-0.7177 -17.8675,-7.73122 v -4e-5 z" /><path
   id="Ang-Mo-Kio-GRC"
   style="color:#000000;fill:#87cdde;fill-opacity:1;stroke:#87cdde;stroke-width:1.02886989px;stroke-linecap:butt;stroke-linejoin:miter;stroke-miterlimit:4;stroke-opacity:1;stroke-dasharray:none;stroke-dashoffset:0;marker:none;visibility:visible;display:inline;overflow:visible;enable-background:accumulate;fill-rule:nonzero"
   transform="translate(0,-2.7063896e-5)"
   d="m 1385.3331,405.1789 c -5.0957,-0.74481 -12.0129,-3.05262 -15.3717,-5.12847 -3.3588,-2.07585 -7.8325,-3.77427 -9.9416,-3.77427 -3.4218,0 -2.7327,-1.63228 6.4,-15.16115 5.6291,-8.33864 10.7974,-15.16116 11.4851,-15.16116 1.4545,0 31.672,17.28283 34.9755,20.00415 3.0221,2.48943 2.8071,9.3786 -0.4917,15.75773 -2.3989,4.63892 -3.614,5.23606 -10.2561,5.0399 -4.1441,-0.12238 -11.7039,-0.83191 -16.7995,-1.57673 z m -44.0859,-12.77291 c -8.9305,-1.97701 -17.8557,-7.50724 -22.3878,-13.87193 -1.9601,-2.75273 -8.7623,-8.51535 -15.116,-12.80583 -6.3538,-4.29048 -12.0076,-8.92026 -12.5641,-10.2884 -1.3921,-3.42227 3.4086,-8.2815 14.117,-14.28906 11.3938,-6.39212 16.7779,-7.64724 23.9637,-5.58637 8.2266,2.35935 41.362,25.19227 39.9762,27.54675 -2.2372,3.801 -18.9611,28.72208 -19.9795,29.77244 -0.5688,0.58662 -4.1731,0.3717 -8.0095,-0.4776 z m -116.8084,270.20575 c -5.926,-9.63093 -20.3104,-21.93929 -30.5932,-26.17787 -3.3841,-1.39492 -11.3701,-3.07284 -17.7467,-3.72872 -6.3766,-0.65589 -19.2555,-3.94477 -28.6197,-7.30864 -25.8185,-9.2747 -44.5106,-12.23701 -44.5106,-7.05402 0,1.637 -1.666,2.6755 -4.2922,2.6755 -4.0848,0 -4.1992,-0.30303 -2.3679,-6.27007 1.7457,-5.68798 1.4874,-6.72616 -2.7828,-11.18326 -2.9716,-3.10165 -4.3918,-6.2155 -3.8518,-8.44519 1.4146,-5.84081 -2.1211,-8.87214 -9.5672,-8.20245 -1.5113,0.13592 -1.947,1.48037 -1.2211,3.76744 0.8648,2.72501 0.4788,3.30674 -1.652,2.48907 -1.8118,-0.69524 -3.2708,0.25788 -4.1873,2.73538 l -1.4066,3.8024 -3.9559,-3.68547 c -4.1332,-3.85066 -5.2281,-9.68432 -2.1722,-11.57299 1.9704,-1.21776 2.4952,-11.59382 0.5864,-11.59382 -0.6585,0 -2.6701,1.33282 -4.4701,2.96184 -1.8,1.62901 -3.6198,2.61486 -4.0439,2.19077 -0.424,-0.42408 -6.2947,-19.62433 -13.046,-42.66724 -9.5416,-32.5671 -13.5702,-43.67926 -18.092,-49.90383 -5.7882,-7.9678 -5.7967,-8.01072 -1.7238,-8.62746 2.2513,-0.34091 9.8928,-0.0764 16.9811,0.58786 l 12.8878,1.20768 3.1979,12.414 3.198,12.414 9.8429,2.97116 c 16.4892,4.97741 36.3266,3.8653 64.2447,-3.60162 l 24.0795,-6.44026 -0.4528,-5.45325 c -0.2489,-2.99929 0.353,-5.45325 1.3378,-5.45325 0.9847,0 1.7905,-1.20398 1.7905,-2.6755 0,-1.47152 0.7023,-2.6755 1.5607,-2.6755 0.8583,0 2.0389,-2.3913 2.6235,-5.31401 l 1.0628,-5.31401 4.5566,4.22294 c 4.2398,3.92931 12.3175,6.87704 14.0627,5.1318 0.4194,-0.4194 -0.3594,-2.9131 -1.7307,-5.54155 -4.0224,-7.70984 -3.15,-11.65374 3.1998,-14.46442 3.1433,-1.39137 8.0223,-4.59724 10.8423,-7.12416 2.8199,-2.52692 6.8699,-5.02825 9.0001,-5.55851 2.1913,-0.5455 5.2343,-3.83692 7.0084,-7.58058 1.7245,-3.63905 3.8871,-6.61646 4.8058,-6.61646 0.9187,0 4.725,-2.81056 8.4584,-6.24568 3.7334,-3.43512 7.8569,-5.84307 9.1635,-5.35099 1.3065,0.49207 3.5137,0.89468 4.905,0.89468 1.3913,0 2.5297,1.29758 2.5297,2.88353 0,1.96549 1.0904,2.59836 3.4252,1.98781 2.5076,-0.65576 3.7113,0.24414 4.4931,3.3593 1.0882,4.3358 4.5673,5.97443 4.5673,2.15117 0,-4.00842 -7.6228,-24.65114 -9.103,-24.65114 -0.8179,0 -1.025,-1.20397 -0.4603,-2.67549 0.5647,-1.47153 2.5461,-2.6755 4.4032,-2.6755 1.9487,0 3.3764,-1.24456 3.3764,-2.9432 0,-2.81658 8.7073,-21.95749 10.8321,-23.81178 0.5621,-0.49051 1.5402,-2.29647 2.1737,-4.01325 1.2889,-3.49346 4.0243,-4.08594 5.7763,-1.25114 0.7949,1.28625 1.9155,1.23984 3.5885,-0.14863 1.338,-1.11041 6.2027,-2.01892 10.8106,-2.01892 10.2182,0 17.9513,4.95335 17.0674,10.93242 -0.4873,3.29628 0.038,3.76538 3.1214,2.78678 2.9032,-0.92145 3.7073,-0.40949 3.7073,2.36045 0,4.25647 11.0868,15.12223 21.4166,20.98966 8.4917,4.82339 12.4731,5.38761 12.4731,1.7676 0,-2.69781 3.7381,-4.64999 8.904,-4.64999 1.7937,0 8.35,2.40675 14.5694,5.34833 6.2194,2.94158 15.0856,5.84961 19.7026,6.46229 4.7999,0.63695 9.6987,2.55499 11.4401,4.47916 2.6476,2.92562 2.7312,3.95236 0.6397,7.86033 -2.9112,5.43971 -18.5997,19.96696 -26.9254,24.93247 -3.6821,2.19606 -6.7816,5.89785 -7.9508,9.49581 l -1.9163,5.89669 -13.2449,0.50507 c -7.2847,0.27779 -18.2615,0.61991 -24.3928,0.76027 l -11.1479,0.25519 v 13.37749 13.37749 h -6.0095 c -5.5163,0 -6.0948,0.52628 -7.0502,6.4135 -0.6932,4.27166 -3.7897,9.35238 -9.2724,15.21373 -4.5273,4.84014 -7.9754,10.13038 -7.6623,11.7561 0.3858,2.00348 4.3814,3.91792 12.4008,5.94178 10.4023,2.62524 12.6643,2.68276 18.7258,0.4762 3.7918,-1.38035 11.3088,-2.69052 16.7044,-2.9115 9.2472,-0.37872 9.9918,-0.75783 12.9753,-6.60605 1.7409,-3.41235 3.8288,-6.04339 4.6399,-5.84676 0.8111,0.19664 8.1478,4.41055 16.3037,9.36425 8.156,4.95369 15.4992,9.00672 16.3182,9.00672 3.0113,0 1.2824,3.36495 -7.7223,15.02922 -6.6519,8.61656 -10.6855,12.22702 -14.5157,12.99307 l -5.3042,1.06082 1.0348,15.97192 c 1.1432,17.64503 3.2595,21.70872 12.3448,23.70418 l 5.3822,1.18214 -4.5338,4.53379 -4.5338,4.53378 -41.2906,-9.40372 -41.2906,-9.40373 -7.4558,3.12887 c -4.1007,1.72088 -11.4691,4.56898 -16.3742,6.3291 -6.0109,2.15694 -9.0933,4.32473 -9.4551,6.64958 -0.2952,1.89714 -4.8123,15.77461 -10.038,30.83884 l -9.5012,27.38948 -5.6062,-9.11132 z" /><path
   style="color:#000000;fill:#87cd61;stroke:#87cd61;stroke-width:1.45504167px;stroke-linecap:butt;stroke-linejoin:miter;stroke-miterlimit:4;stroke-opacity:1;stroke-dasharray:none;stroke-dashoffset:0;marker:none;visibility:visible;display:inline;overflow:visible;enable-background:accumulate;fill-opacity:1;fill-rule:nonzero"
   d="m 1449.5983,927.33086 c -1.6289,-3.31285 -3.1178,-7.72603 -3.3088,-9.80708 -0.191,-2.08105 -1.9581,-6.48787 -3.927,-9.79293 -1.9689,-3.30507 -6.4176,-11.25089 -9.886,-17.65738 l -6.3062,-11.64819 -11.2308,-0.36726 c -6.6755,-0.21828 -15.039,0.42027 -20.6193,1.57431 -5.1636,1.06787 -9.8508,1.65583 -10.4159,1.30658 -0.565,-0.34924 -1.3884,-2.77197 -1.8297,-5.38384 -1.4624,-8.65558 -1.3641,-8.62463 -16.9807,-5.34755 -7.6965,1.61507 -14.2548,2.6753 -14.5741,2.35605 -0.3192,-0.31926 -1.1251,-11.90104 -1.7908,-25.73731 -1.1252,-23.38591 -1.5363,-26.26669 -5.8403,-40.92238 -2.5464,-8.67104 -6.4577,-23.13991 -8.6918,-32.15305 l -4.062,-16.38753 -7.806,-6.63013 c -7.5262,-6.39242 -8.0769,-6.63014 -15.3598,-6.63014 l -7.5536,0 0,-8.23766 c 0,-8.9007 -1.4032,-10.78249 -6.1471,-8.24365 -2.0139,1.07778 -4.3557,0.69463 -10.9693,-1.79474 -9.7976,-3.68783 -11.8208,-3.80863 -21.5115,-1.28452 -3.9709,1.0343 -7.306,1.74375 -7.4112,1.57655 -0.1052,-0.16719 -0.8724,-4.14319 -1.7049,-8.83554 -1.8304,-10.31603 -1.6719,-10.69038 10.0575,-23.75687 10.8042,-12.0357 18.0596,-15.59966 34.2595,-16.8286 l 11.0772,-0.84034 7.7013,8.26723 c 4.2358,4.54697 8.3403,8.26722 9.1213,8.26722 0.781,0 3.6119,1.17478 6.2908,2.61062 4.0488,2.17002 6.6537,2.54253 15.4345,2.20718 l 10.5636,-0.40345 0,3.45149 c 0,4.80038 6.2339,7.35432 15.6014,6.38751 l 6.8783,-0.70991 2.4626,4.89477 c 1.3544,2.69212 3.4541,10.0028 4.6659,16.24594 2.771,14.27547 4.7821,17.7426 12.6015,21.72495 7.5911,3.86605 48.8217,42.91199 51.6854,48.94679 1.076,2.26751 1.9564,5.59776 1.9564,7.40056 0,5.81442 6.388,3.86915 37.5516,-11.43528 l 24.3086,-11.93792 4.8866,3.87023 c 6.8557,5.42982 14.9647,8.84693 21.0715,8.87941 l 5.2069,0.0277 1.4145,9.51084 c 0.7781,5.23095 1.4146,10.00531 1.4146,10.60969 0,0.60437 -2.3181,1.49051 -5.1514,1.96919 -4.2538,0.71867 -46.8513,14.51562 -54.4423,17.63337 -2.7751,1.1398 -2.8036,4.34522 -0.089,10.03734 1.1649,2.44271 1.8238,4.73548 1.4642,5.09504 -0.3596,0.35957 -8.2652,2.25378 -17.5681,4.20937 -19.4511,4.08887 -19.5447,4.1875 -14.6126,15.38966 1.6698,3.79258 3.9405,10.01717 5.046,13.83243 2.7204,9.38844 9.1331,19.39796 11.7774,18.38324 4.9694,-1.90691 33.6864,-8.24479 34.3581,-7.58286 0.4126,0.40656 1.662,5.23728 2.7766,10.73493 2.2205,10.95293 2.2732,10.85692 -5.5249,10.05661 -1.2304,-0.12627 -4.123,0.93597 -6.428,2.36053 -2.305,1.42457 -4.4933,2.28772 -4.8629,1.91811 -0.3696,-0.36962 -4.0039,0.99532 -8.0763,3.03319 -4.0723,2.03787 -12.796,5.26376 -19.386,7.16866 -6.59,1.90489 -12.5711,3.68365 -13.2913,3.9528 -0.7202,0.26915 -2.6421,-2.22114 -4.271,-5.53398 l 0,0 z"
   id="Marine-Parade-GRC"
   transform="translate(0,-2.7063896e-5)" /><path
   style="color:#000000;fill:#ffaacc;stroke:#ffaacc;stroke-width:1.45504167px;stroke-linecap:butt;stroke-linejoin:miter;stroke-miterlimit:4;stroke-opacity:1;stroke-dasharray:none;stroke-dashoffset:0;marker:none;visibility:visible;display:inline;overflow:visible;enable-background:accumulate;fill-opacity:1;fill-rule:nonzero"
   d="m 1383.2561,531.01868 c -1.405,-0.56971 -8.9294,-5.06187 -16.7211,-9.98256 -23.4019,-14.77921 -24.2373,-15.002 -24.2373,-6.46402 0,2.70116 -0.5949,6.21491 -1.3219,7.80833 -1.1701,2.56454 -2.2199,2.89963 -9.144,2.9188 -5.2623,0.0146 -9.9637,0.94383 -14.3662,2.83955 -6.4624,2.78271 -6.6593,2.79118 -15.7656,0.67893 -5.0717,-1.17644 -9.5051,-2.37197 -9.852,-2.65675 -0.3468,-0.28477 1.9962,-2.87026 5.2068,-5.74554 6.153,-5.51035 9.0594,-10.17111 10.4918,-16.82479 0.8621,-4.00452 0.9061,-4.02497 7.0887,-3.29273 4.8034,0.56888 6.2391,0.33746 6.2995,-1.01542 0.043,-0.96372 0.012,-7.2077 -0.069,-13.87549 l -0.147,-12.12327 17.0352,-0.90277 c 9.3693,-0.49652 20.3257,-0.55796 24.3476,-0.13653 22.2773,2.33428 41.4869,4.91178 42.3455,5.68182 0.9866,0.88489 -16.7454,54.35713 -17.9761,54.20822 -0.3634,-0.044 -1.8102,-0.54608 -3.2151,-1.11578 z"
   id="Sengkang-West-SMC"
   transform="translate(0,-2.7063896e-5)" /><path
   style="color:#000000;fill:#87cdde;stroke:#87cdde;stroke-width:1.02886989px;stroke-linecap:butt;stroke-linejoin:miter;stroke-miterlimit:4;stroke-opacity:1;stroke-dasharray:none;stroke-dashoffset:0;marker:none;visibility:visible;display:inline;overflow:visible;enable-background:accumulate;fill-opacity:1;fill-rule:nonzero"
   d="m 1697.6947,643.08822 c -9.1658,-8.92798 -18.488,-13.17622 -41.3427,-18.84033 -23.0905,-5.72253 -25.8328,-6.89488 -34.0022,-14.53646 -7.5418,-7.05446 -10.6134,-8.12875 -23.2415,-8.12875 -13.8544,0 -27.5189,3.59128 -32.7709,8.61275 -2.1742,2.07873 -6.3486,5.01287 -9.2766,6.52032 -8.3152,4.28095 -11.7582,2.85311 -23.9627,-9.93726 -10.7688,-11.28568 -12.9528,-15.83393 -12.9723,-27.01431 -0.019,-11.04671 -4.4805,-17.28 -12.3675,-17.28 l -4.2459,0 3.2737,-3.89051 c 1.8005,-2.13979 2.8771,-4.55191 2.3926,-5.36028 -0.4846,-0.80837 -5.2564,-6.29401 -10.6039,-12.19032 -5.3475,-5.89631 -15.8803,-17.7723 -23.4062,-26.39108 -12.8204,-14.68203 -27.6801,-27.94714 -31.0969,-27.75978 -0.8279,0.0454 -4.2012,3.54739 -7.4962,7.7822 -6.5828,8.46046 -6.9228,10.2847 -4.2647,22.88035 0.8845,4.19087 1.2132,10.14901 0.7564,13.70976 -0.7111,5.54269 -1.6564,7.11947 -7.8851,13.15293 -3.8924,3.77039 -6.8071,7.55877 -6.4772,8.4186 0.9231,2.40558 10.8036,8.39618 13.7087,8.31171 1.422,-0.0414 5.2813,-0.51894 8.5763,-1.0613 4.5282,-0.74534 5.9909,-0.59378 5.9909,0.62082 0,2.15106 -1.9861,2.61772 -18.6858,4.39059 -15.3133,1.62569 -17.888,2.85048 -17.8936,8.51227 l 0,3.37832 -10.4565,0.0397 c -13.02,0.0496 -21.6194,3.81068 -30.5557,13.36427 -5.7806,6.17998 -5.9905,6.28611 -5.2658,2.66257 0.4732,-2.36598 0.087,-4.65539 -1.0344,-6.13656 -1.0488,-1.38507 -1.8056,-5.363 -1.8292,-9.6147 -0.038,-6.8163 0.141,-7.25214 2.9733,-7.25214 3.6918,0 6.3561,-2.22951 14.3182,-11.9818 9.4113,-11.52737 9.4537,-11.61943 21.6742,-47.09543 9.8336,-28.54703 12.6001,-38.00523 11.1286,-38.04743 -0.1734,-0.005 -8.7485,-1.14009 -19.0558,-2.52248 -10.3073,-1.3824 -18.9625,-2.51345 -19.2339,-2.51345 -0.2714,0 -0.4935,-0.77479 -0.4935,-1.72177 0,-2.9673 5.0694,-8.32937 10.4885,-11.09396 2.8628,-1.46049 10.2036,-7.26213 16.313,-12.89254 11.4126,-10.51786 11.3979,-10.49526 23.068,-35.34012 5.1848,-11.03823 19.7924,-20.93232 30.9042,-20.93232 4.1548,0 7.4706,-0.7119 8.7629,-1.88135 2.5981,-2.3513 13.3367,-4.44688 18.0727,-3.52678 2.8519,0.55407 4.1642,2.06443 6.6215,7.62086 1.6856,3.81141 3.0846,8.98756 3.109,11.50255 0.1584,16.34787 9.3128,34.89405 23.4905,47.58994 4.9668,4.44769 12.3451,9.94618 16.3961,12.21887 6.321,3.54609 7.4217,4.70693 7.7608,8.18458 0.2448,2.51097 1.3757,4.57725 2.9732,5.43218 1.8853,1.00902 2.2028,1.75504 1.1814,2.77641 -2.1,2.10005 -1.6851,5.28507 1.0057,7.72025 2.2796,2.06295 2.747,2.03469 9.144,-0.55288 3.7079,-1.49983 7.9652,-3.205 9.4606,-3.78927 5.7863,-2.26075 18.467,8.87731 25.3987,22.3089 9.7525,18.89738 8.9946,18.02543 23.3161,26.82566 7.4188,4.55865 15.3164,9.90149 17.5502,11.87295 2.2338,1.97147 7.8424,5.48853 12.4635,7.81571 5.3858,2.71225 8.652,5.18691 9.0983,6.89334 0.6037,2.30857 1.0286,2.45447 3.1998,1.09856 3.6675,-2.29042 16.6131,0.87944 16.6131,4.06789 0,3.27293 1.8935,3.91991 4.1553,1.41981 2.0772,-2.29613 9.2583,-2.68325 19.1981,-1.03498 2.8663,0.47532 9.7421,0.004 16.0073,-1.09774 8.6057,-1.51303 11.6832,-1.61178 14.2192,-0.45629 5.5203,2.51523 5.3346,6.3197 -1.0903,22.32975 -6.4476,16.0669 -6.5695,16.5497 -4.1791,16.5497 1.8728,0 13.1486,-26.40237 13.7355,-32.16166 0.5341,-5.24228 2.3283,-4.72749 4.3958,1.26124 2.2475,6.51001 18.657,23.33297 22.7595,23.33297 1.5782,0 2.8694,0.4303 2.8694,0.95621 0,0.52593 -12.912,13.72243 -28.6933,29.32555 l -28.6932,28.36934 -5.9488,-5.79438 z"
   id="Pasir-Ris-Punggol-GRC"
   transform="translate(0,-2.7063896e-5)" /><path
   style="color:#000000;fill:#ffaacc;stroke:#ffaacc;stroke-width:1.45504167px;stroke-linecap:butt;stroke-linejoin:miter;stroke-miterlimit:4;stroke-opacity:1;stroke-dasharray:none;stroke-dashoffset:0;marker:none;visibility:visible;display:inline;overflow:visible;enable-background:accumulate;fill-opacity:1;fill-rule:nonzero"
   d="m 712.93803,782.40225 c -16.28383,-11.64367 -20.5187,-15.57997 -26.21725,-24.36889 l -4.46093,-6.88013 2.09605,-5.90156 c 1.15283,-3.24586 2.09605,-6.21789 2.09605,-6.6045 0,-1.07609 -13.98138,-11.56531 -18.54068,-13.90973 -2.22002,-1.14155 -5.76726,-2.07555 -7.88276,-2.07555 l -3.84636,0 0,-10.08993 c 0,-9.1823 0.22249,-10.08994 2.47335,-10.08994 3.74941,0 7.26507,4.61081 8.183,10.73204 0.86136,5.74397 4.78087,11.97032 7.53535,11.97032 0.88686,0 4.28105,1.41889 7.54265,3.1531 8.00785,4.25782 9.44241,4.02104 11.78607,-1.94533 1.4888,-3.79013 2.51461,-4.8893 3.99757,-4.28347 1.09717,0.44823 6.04441,1.28875 10.99386,1.86782 4.94946,0.57907 11.09249,1.92757 13.65118,2.99666 l 4.65216,1.9438 -9.70046,12.65522 c -5.33525,6.96037 -10.17648,12.94943 -10.75829,13.309 -2.01975,1.24828 0.32414,4.20702 3.96651,5.00702 2.01441,0.44243 4.94668,2.56362 6.51616,4.71374 1.56948,2.15012 6.05596,7.11831 9.96995,11.04042 l 7.11635,7.13111 -3.96325,4.54907 -3.96324,4.54908 -13.24304,-9.46937 z"
   id="Yuhua-SMC"
   transform="translate(0,-2.7063896e-5)" /><path
   id="Holland-Bukit-Timah-GRC"
   style="color:#000000;fill:#ffdd55;stroke:#ffdd55;stroke-width:1.45504167px;stroke-linecap:butt;stroke-linejoin:miter;stroke-miterlimit:4;stroke-opacity:1;stroke-dasharray:none;stroke-dashoffset:0;marker:none;visibility:visible;display:inline;overflow:visible;enable-background:accumulate;fill-opacity:1;fill-rule:nonzero"
   transform="translate(0,-2.7063896e-5)"
   d="m 931.91402,425.94996 -4.86561,-4.30728 3.52786,-0.50008 c 1.94032,-0.27505 4.23017,-0.78322 5.08856,-1.12929 1.32436,-0.53392 1.56255,-0.10829 1.57289,2.81058 0.007,1.89189 0.25417,4.34277 0.54993,5.44641 0.79494,2.96631 -0.46314,2.46931 -5.87363,-2.32034 z m 53.69344,21.57298 c -0.61313,-0.24741 -1.11479,-1.74432 -1.11479,-3.32647 0,-1.58215 -0.59261,-3.65566 -1.31692,-4.6078 -1.26977,-1.6692 -1.42409,-1.60593 -4.31107,1.76766 -3.72082,4.34796 -4.9736,3.0457 -2.43367,-2.5298 2.18501,-4.79639 2.31325,-8.33868 0.40073,-11.06918 -1.11997,-1.59899 -1.68062,-1.80674 -2.66687,-0.98822 -0.73407,0.60922 -1.04196,1.86046 -0.74698,3.03572 0.54365,2.1661 -1.53341,4.93124 -3.70416,4.93124 -0.70073,0 -1.27405,0.53979 -1.27405,1.19953 0,1.88969 -3.03774,4.15147 -5.57575,4.15147 -3.05806,0 -7.80174,-4.04875 -7.80174,-6.65883 0,-1.1226 0.60199,-2.5407 1.33775,-3.15133 0.73576,-0.61063 1.33775,-1.71325 1.33775,-2.45026 0,-1.01328 -0.65239,-1.20955 -2.6755,-0.80493 -2.35903,0.4718 -2.67549,0.28984 -2.67549,-1.53838 0,-1.14041 1.23903,-3.78391 2.7534,-5.87444 1.56674,-2.16283 2.5723,-4.49352 2.33319,-5.40789 -0.46294,-1.77028 -0.61284,-1.70599 10.52048,-4.51177 3.92406,-0.98893 7.84706,-2.00874 8.71777,-2.26623 1.01136,-0.29909 1.49449,-0.0413 1.33775,0.71383 -0.1839,0.88588 0.92182,1.12002 4.41363,0.93459 4.37566,-0.23237 4.69483,-0.10462 5.24834,2.10073 0.90075,3.58889 -1.65384,8.20871 -4.73456,8.56216 -3.09517,0.35511 -3.23382,2.20801 -0.27559,3.68285 2.65748,1.32489 3.4279,4.1426 1.43727,5.25662 -2.49323,1.39528 -1.55346,3.39698 2.38803,5.0865 6.00153,2.57256 7.76281,8.20513 3.80371,12.16423 -2.22413,2.22413 -2.73958,2.39859 -4.72266,1.5984 z m -56.89322,437.79963 c -1.5611,-0.62746 -5.83589,-3.40401 -9.49953,-6.17009 -7.88478,-5.95306 -17.65364,-10.60193 -27.82745,-13.24268 -4.69233,-1.21795 -9.04873,-3.42229 -11.9818,-6.06277 -2.53481,-2.28194 -11.24845,-8.82282 -19.36365,-14.53526 -8.11519,-5.71244 -16.58167,-12.65944 -18.8144,-15.43778 -2.23273,-2.77832 -4.98147,-5.05151 -6.10831,-5.05151 -1.12683,0 -4.48105,2.47829 -7.4538,5.5073 -4.0635,4.14041 -5.57857,6.80124 -6.10426,10.72056 -0.38458,2.86729 -1.05018,5.19617 -1.47911,5.1753 -0.42892,-0.0209 -4.56373,-5.83835 -9.18846,-12.92773 -7.6145,-11.67249 -8.21005,-13.04561 -6.30621,-14.54 1.15632,-0.90762 3.23751,-1.36041 4.62487,-1.0062 1.38737,0.3542 4.11371,1.0269 6.05855,1.49487 l 3.53606,0.85086 -0.24577,-15.61018 c -0.13517,-8.5856 0.17483,-18.80372 0.68889,-22.70696 l 0.93466,-7.0968 -10.21585,-5.44323 c -5.61872,-2.99378 -10.21585,-5.93879 -10.21585,-6.54447 0,-2.38883 2.71388,-5.98038 4.51894,-5.98038 1.04924,0 3.15762,-1.3198 4.68529,-2.93288 3.64683,-3.85076 13.10054,-6.39778 19.64344,-5.29237 4.0091,0.67733 6.94189,0.13639 13.51275,-2.49236 6.00861,-2.40383 8.77917,-2.97062 9.75428,-1.99552 0.74907,0.74908 4.53361,1.36196 8.41007,1.36196 6.79205,0 7.21763,0.20278 11.71365,5.58147 3.62968,4.34225 6.18229,6.0224 11.49707,7.56745 10.13827,2.94727 10.85765,2.76319 10.85765,-2.77835 0,-2.62039 -0.94803,-6.16764 -2.10672,-7.88276 -5.76505,-8.53359 -40.02605,-51.67625 -41.03781,-51.67625 -0.64062,0 -2.26257,0.58753 -3.60434,1.30562 -2.15855,1.15522 -2.43956,0.87216 -2.43956,-2.45737 0,-5.58804 -5.89163,-23.20512 -9.14591,-27.34798 -2.59713,-3.30627 -2.83589,-4.93975 -2.83589,-19.4016 V 632.4831 l -8.01509,-12.45978 c -10.13771,-15.75948 -10.92225,-17.70903 -13.89015,-34.51641 -3.02936,-17.15548 -5.39051,-22.30656 -9.72609,-21.2184 -2.84188,0.71327 -3.53453,-0.17218 -9.28809,-11.87342 -3.41946,-6.95429 -8.22424,-15.09349 -10.67729,-18.08711 -7.40662,-9.0388 -10.42727,-17.45029 -13.44091,-37.42837 l -2.75869,-18.28801 6.392,-19.63313 c 3.5156,-10.79822 6.77724,-22.53719 7.24809,-26.08659 l 0.85608,-6.45345 8.19531,-0.87765 c 7.18596,-0.76955 9.20454,-0.46318 16.38961,2.48751 7.2189,2.96458 10.78855,3.49948 29.98852,4.4937 17.75963,0.91963 22.90656,0.79378 27.80298,-0.67983 3.72802,-1.12197 11.5731,-1.80837 20.66836,-1.80837 9.48227,0 17.09518,-0.69404 21.55597,-1.96518 17.6334,-5.02477 17.76874,-5.04111 19.72351,-2.38102 1.59037,2.1642 1.55662,2.50559 -0.28548,2.88793 -1.14896,0.23847 -2.70981,-0.1872 -3.46855,-0.94593 -2.10136,-2.10136 -4.65919,-1.64659 -4.65512,0.82765 0.003,1.21394 1.70303,3.34229 3.78009,4.72965 6.54855,4.37408 4.41364,6.93683 -5.77874,6.93683 -3.06483,0 -5.57243,0.56107 -5.57243,1.24683 0,1.91914 4.14749,6.32062 5.95588,6.32062 0.88637,0 1.61157,1.34941 1.61157,2.99868 0,3.12589 3.22559,6.80857 4.68512,5.34903 0.46225,-0.46224 0.87419,-2.66102 0.91545,-4.88618 0.0521,-2.81015 0.7491,-4.17738 2.28219,-4.47674 1.34944,-0.2635 2.20717,0.34015 2.20717,1.55336 0,1.09138 0.85134,1.98434 1.89187,1.98434 1.26559,0 1.89186,-1.26564 1.89186,-3.82331 0,-4.4944 1.56413,-5.31662 8.99972,-4.73095 5.46091,0.43014 5.47705,0.44553 2.03614,1.94022 -1.90762,0.82865 -3.55354,2.08824 -3.6576,2.7991 -0.51223,3.49936 -0.3388,4.4492 0.81981,4.49025 0.69368,0.0246 2.54361,0.75687 4.11095,1.62731 2.57808,1.43176 2.97077,1.26421 4.11971,-1.75773 1.15689,-3.04282 1.68944,-3.26328 5.97898,-2.4751 6.63074,1.21837 7.8547,2.86119 4.29749,5.7682 -2.06447,1.68713 -2.69339,3.1557 -2.12217,4.95544 0.96949,3.0546 3.25196,3.2294 8.27189,0.63349 4.15945,-2.15093 5.13311,-0.82558 1.19861,1.63155 -1.38737,0.86643 -2.52249,2.71644 -2.52249,4.11115 0,2.07255 -0.57389,2.39178 -3.14135,1.74739 -2.23632,-0.56128 -3.36529,-0.20483 -3.91866,1.23722 -1.27647,3.32642 -2.82333,2.34074 -5.48059,-3.49231 -2.49991,-5.48764 -4.93601,-7.03979 -11.10768,-7.07725 -3.49814,-0.0212 -3.68869,1.96112 -0.35977,3.74271 3.10359,1.66099 6.10658,10.86231 4.17535,12.79354 -0.94264,0.94264 -2.09792,0.93069 -3.91257,-0.0405 -3.78306,-2.02463 -7.4836,-1.68167 -8.94599,0.82909 -0.70706,1.21394 -1.30282,1.52869 -1.32391,0.69944 -0.0211,-0.82925 -1.59914,-2.26653 -3.50677,-3.19396 -2.8805,-1.4004 -3.40129,-2.3741 -3.07242,-5.74441 0.47429,-4.86061 -1.44628,-5.25384 -4.31045,-0.88256 -1.92392,2.93626 -2.201,3.01115 -3.67632,0.99354 -1.38199,-1.88998 -1.87997,-1.94606 -3.72004,-0.41893 -1.82247,1.51251 -2.28737,1.50575 -3.27028,-0.0476 -0.63019,-0.99591 -1.1545,-2.5202 -1.16512,-3.3873 -0.0106,-0.86711 -0.51737,-1.57656 -1.12612,-1.57656 -1.96232,0 -4.00398,3.4059 -3.23808,5.40179 0.48113,1.25381 -0.17894,2.23058 -1.8701,2.76734 -1.43754,0.45625 -2.6137,1.6159 -2.6137,2.577 0,1.34079 1.39415,1.5867 5.9909,1.05669 5.28272,-0.60911 6.62452,-0.22843 11.35117,3.22044 2.94816,2.15116 5.36028,4.56316 5.36028,5.36 0,0.82863 -1.04577,0.5024 -2.44301,-0.76208 -3.09385,-2.7999 -5.36809,-1.48186 -4.36172,2.52785 0.7412,2.95316 0.52044,3.07581 -5.53602,3.07581 -4.44363,0 -6.52257,-0.55915 -7.03398,-1.89186 -1.08086,-2.8167 -3.32762,-2.28664 -3.32762,0.78505 0,2.31654 -0.27307,2.45029 -2.02834,0.99354 -1.71498,-1.4233 -2.27232,-1.34973 -3.60747,0.47619 -0.86851,1.18776 -2.76005,2.15957 -4.20342,2.15957 -1.44338,0 -2.97638,0.56964 -3.40667,1.26587 -0.4303,0.69623 -2.14969,0.92269 -3.82088,0.50325 -3.96273,-0.99459 -7.38869,2.26167 -6.22779,5.91932 0.70695,2.22743 1.47675,2.5135 4.81587,1.78969 2.18593,-0.47384 5.96087,-0.95569 8.38876,-1.07079 2.42789,-0.1151 4.80956,-0.81391 5.2926,-1.55291 0.48305,-0.739 4.17218,-1.28998 8.19808,-1.22439 6.31616,0.10291 7.31981,0.44877 7.31981,2.52245 0,1.59204 -2.43515,3.82612 -7.21454,6.61884 -6.15527,3.59667 -7.57899,3.98802 -9.69679,2.66544 -1.89698,-1.18469 -3.1697,-1.20807 -5.39787,-0.0992 -1.6036,0.79805 -4.04423,1.62867 -5.42363,1.84581 -1.3794,0.21715 -2.70653,1.42569 -2.94918,2.68565 -0.34076,1.76946 0.23004,2.19674 2.508,1.87738 2.25408,-0.31601 3.04417,0.25538 3.35221,2.42433 0.49907,3.51401 2.22674,3.64982 4.01131,0.31531 1.69541,-3.16789 5.16069,-3.22378 8.96337,-0.14456 2.49319,2.01885 2.68607,2.67982 1.27739,4.37718 -0.91257,1.09958 -1.85843,5.654 -2.10189,10.12093 -0.48923,8.97609 -3.18883,16.80911 -6.19005,17.96079 -2.14499,0.8231 -2.69976,4.26168 -0.68757,4.26168 0.69368,0 1.26124,0.89296 1.26124,1.98433 0,2.89641 4.30417,1.66301 4.77461,-1.36819 0.70775,-4.56044 4.41082,-11.96732 5.98306,-11.96732 0.85023,0 2.25243,0.85134 3.11599,1.89186 0.86356,1.04053 2.35195,1.89187 3.30753,1.89187 3.01734,0 1.88535,-3.59885 -2.04629,-6.50564 -4.14587,-3.06518 -4.70374,-5.03438 -2.05011,-7.23669 0.95349,-0.79133 2.01015,-4.31671 2.34813,-7.83418 0.43303,-4.50661 1.50412,-7.28197 3.62666,-9.3973 4.45396,-4.43879 6.29322,-2.38332 7.55273,8.44058 1.60197,13.76697 2.85234,19.11174 4.60798,19.69695 0.8646,0.2882 1.572,-0.38868 1.572,-1.50418 0,-1.11551 1.41889,-2.56765 3.1531,-3.227 3.8006,-1.44498 4.06834,-3.32326 0.62928,-4.41477 -3.77588,-1.19841 -5.59604,-5.35139 -3.93918,-8.9878 0.75017,-1.64646 2.22746,-2.99357 3.28286,-2.99357 1.05539,0 1.9189,-0.85134 1.9189,-1.89186 0,-1.05104 -1.1211,-1.89186 -2.52248,-1.89186 -3.04719,0 -3.41769,-3.96959 -0.63062,-6.75666 2.40501,-2.405 2.40501,-4.12773 0,-5.05062 -2.80787,-1.07748 -2.29109,-5.42745 0.91126,-7.67046 3.53373,-2.47512 6.53241,-2.50021 8.54805,-0.0715 2.56542,3.09113 5.44266,2.38688 4.56326,-1.11693 -1.08369,-4.31783 1.80547,-6.24414 7.83689,-5.22514 4.28014,0.72312 5.00855,0.49247 5.60114,-1.77363 0.41926,-1.60324 1.7136,-2.60486 3.36612,-2.60486 2.31869,0 2.49559,0.35381 1.29682,2.59373 -0.76347,1.42655 -2.20233,2.90617 -3.19748,3.28804 -2.40964,0.92467 -2.29999,4.20195 0.20179,6.03129 1.80289,1.31831 1.81825,1.92044 0.14827,5.81464 -1.0246,2.38922 -3.06473,5.59731 -4.53363,7.12909 -3.30182,3.44314 -3.41198,5.41302 -0.3027,5.41302 3.59886,0 5.7237,3.45572 6.44175,10.47651 0.69998,6.8441 3.01867,9.11529 4.50974,4.41735 0.50664,-1.59631 1.83181,-3.61443 2.94482,-4.48471 1.83628,-1.43581 1.83986,-1.69329 0.0387,-2.78093 -2.81231,-1.69823 -6.01514,-11.68815 -3.96627,-12.37111 0.84525,-0.28176 1.53684,-2.04138 1.53684,-3.91028 0,-3.60891 2.16212,-7.45495 7.36622,-13.10326 3.72798,-4.04618 5.96632,-4.41266 6.82791,-1.11792 0.47536,1.81779 1.8033,2.3505 5.85927,2.3505 4.33228,0 5.69198,-0.62827 7.81639,-3.61174 1.41448,-1.98645 3.62196,-3.61173 4.90551,-3.61173 1.3393,0 3.57206,-2.01538 5.23983,-4.72966 3.8724,-6.30228 7.311,-9.05124 11.3855,-9.10204 5.314,-0.0663 7.3162,1.20674 9.2762,5.89783 1.0049,2.40494 3.5846,6.59169 5.7327,9.30389 3.2135,4.05735 6.1019,12.46947 16.2986,47.46652 9.8011,33.63927 1.7813,20.25043 4.1425,22.25668 1.8817,1.5988 19.8841,31.21844 9.4634,30.74453 -2.3686,-0.10771 -8.4984,-15.6667 -3.0912,-13.10088 5.6224,2.66795 2.6581,12.51958 -6.0507,13.52582 -7.5647,0.87403 -7.9635,-14.98952 -9.5896,-9.52628 -1.7953,6.03161 -0.8522,7.1913 -0.525,12.74618 0.1,1.68852 3.3471,9.8676 2.0063,8.26694 -1.7482,-2.08685 -0.044,2.87476 4.5792,0.19943 2.2312,-1.29105 11.9138,-4.82973 10.6137,2.58 -0.469,2.67305 -1.4824,-1.26544 -2.3645,5.35646 -0.2217,1.66392 0.1763,5.75507 -4.1201,8.79823 -1.0929,0.77412 -0.8314,2.31326 -2.1202,3.11814 -1.2888,0.80486 1.0122,-1.97909 -2.3123,3.6917 l -6.0447,10.31054 -1.702,-4.04789 c -1.998,-4.75178 -2.2431,-12.1037 -0.4408,-13.21762 1.7567,-1.08571 1.5872,-8.19807 -0.1955,-8.19807 -0.8293,0 -0.4799,-1.07928 0.8111,-2.5059 2.1404,-2.36508 2.1531,-2.9091 0.2267,-9.68088 -1.1226,-3.94625 -2.7437,-7.60928 -3.6026,-8.14006 -0.8588,-0.53077 -2.168,-3.12697 -2.9094,-5.76931 -1.3297,-4.73928 -1.4327,-4.80427 -7.6137,-4.80427 -5.8582,0 -6.3832,0.26665 -8.07,4.09903 -1.2887,2.92789 -2.64,4.09904 -4.7297,4.09904 -2.055,0 -2.9254,0.72842 -2.9254,2.44804 0,1.34643 -0.5676,2.79883 -1.2613,3.22755 -0.6937,0.42872 -1.2612,2.44867 -1.2612,4.48878 0,2.99396 0.5472,3.71702 2.8378,3.7494 2.7668,0.0391 2.7765,0.0864 0.3895,1.89186 -3.52836,2.66872 -5.93281,2.29431 -8.86264,-1.38004 -3.40712,-4.27295 -6.97713,-3.06654 -6.97713,2.35774 0,3.03413 -0.33633,3.5647 -1.51349,2.38755 -1.88796,-1.88797 -6.88008,-1.97665 -8.01374,-0.14236 -1.22209,1.97737 -3.33035,-0.52596 -2.42653,-2.88126 0.40775,-1.06256 2.16944,-2.5826 3.91488,-3.37788 3.80747,-1.7348 3.64173,-6.06268 -0.20751,-5.41848 -4.75662,0.79603 -10.67224,1.04403 -10.67224,0.4474 0,-0.33093 1.98646,-3.02589 4.41435,-5.9888 6.36356,-7.76589 5.44313,-11.09222 -1.54771,-5.59323 -1.76374,1.38737 -4.54917,2.52249 -6.18983,2.52249 -2.03171,0 -2.98301,0.724 -2.98301,2.27023 0,1.24863 -0.66508,2.93532 -1.47797,3.7482 -1.12978,1.12978 -1.7983,0.84127 -2.83779,-1.2247 -1.91952,-3.81506 -3.86869,-4.0748 -5.48021,-0.73026 -0.91343,1.89571 -1.41354,2.20439 -1.46985,0.90725 -0.0469,-1.08137 0.74793,-3.06782 1.76639,-4.41435 1.01846,-1.34653 1.8698,-3.77838 1.89187,-5.40411 0.0255,-1.87445 0.96297,-3.19719 2.56259,-3.61551 3.26466,-0.85373 3.28374,-4.14917 0.024,-4.14917 -2.46972,0 -3.29678,-1.78736 -4.08529,-8.82869 -0.20212,-1.805 -1.16194,-3.15311 -2.24494,-3.15311 -1.39852,0 -1.99258,1.76414 -2.27806,6.765 -0.4223,7.39732 -0.15531,7.27821 -10.01905,4.46944 -2.23439,-0.63626 -2.8378,-0.2959 -2.8378,1.60068 0,1.62874 1.32654,2.79955 4.09642,3.61551 4.15086,1.2228 6.05249,4.80538 3.76493,7.09295 -0.66214,0.66214 -3.55316,1.23632 -6.42449,1.27595 -6.0945,0.0841 -6.86461,2.38943 -2.60656,7.80267 l 2.61403,3.32319 H 934.321 c -3.65587,0 -5.38215,-1.80247 -6.65029,-6.94388 -1.1379,-4.61358 -4.15178,-9.45226 -5.88749,-9.45226 -0.76382,0 -0.98716,1.81203 -0.55307,4.48707 0.95495,5.88465 -0.0243,8.12535 -3.55124,8.12535 -2.15055,0 -3.36988,1.20195 -4.79806,4.72966 -1.15893,2.86266 -1.46111,5.20263 -0.76551,5.92783 0.63209,0.659 1.14926,3.88897 1.14926,7.1777 0,7.9963 3.64847,10.52053 4.46428,3.08866 0.47205,-4.30019 1.58706,-5.78895 4.3357,-5.78895 6.58523,0 8.25034,4.56635 4.17858,11.45928 -2.63057,4.45319 -13.49661,8.11611 -20.29372,6.84096 -4.1352,-0.77576 -4.31419,-0.66168 -3.57613,2.27904 0.99596,3.96816 -1.20829,5.74422 -6.38721,5.14648 -2.2195,-0.25618 -4.36375,0.0655 -4.76498,0.71461 -0.9038,1.46239 3.31527,3.82943 6.82567,3.82943 3.83393,0 3.46438,5.45327 -0.54771,8.08209 -3.63919,2.38449 -4.17552,6.81555 -0.94593,7.81509 1.21395,0.37571 3.22348,1.22846 4.46565,1.89501 3.24597,1.74179 5.04015,0.0976 4.24299,-3.88821 -0.40781,-2.03905 0.0705,-4.53249 1.17073,-6.10333 1.07395,-1.53328 1.54564,-3.90927 1.11595,-5.6213 -0.59081,-2.35394 -0.0554,-3.27933 2.59667,-4.48767 3.31136,-1.50876 3.3384,-1.48014 3.05392,3.23083 -0.46596,7.7158 -0.0819,9.16743 2.42554,9.16743 1.88258,0 2.53084,-1.28779 3.20445,-6.36585 0.66026,-4.97723 1.45228,-6.59566 3.63092,-7.41936 3.9409,-1.49001 4.66196,-0.62566 3.04709,3.65259 -1.82686,4.83992 -0.36614,6.1895 3.21273,2.96829 1.55805,-1.40235 3.88753,-2.92387 5.17662,-3.38113 2.20604,-0.78254 2.2218,-1.01764 0.26813,-3.99932 -1.38946,-2.12058 -1.70235,-3.83505 -0.94642,-5.18581 0.98355,-1.75753 1.39498,-1.63854 3.18859,0.92222 1.60101,2.28574 2.39599,2.60347 3.5719,1.42755 1.17591,-1.17591 1.0427,-2.49784 -0.59852,-5.93953 -1.1611,-2.43483 -1.57842,-4.42697 -0.92739,-4.42697 0.65103,0 1.55752,-1.99273 2.01443,-4.42828 0.45691,-2.43555 1.30549,-4.72168 1.88573,-5.08029 1.4683,-0.90746 3.70403,3.63988 3.70403,7.53379 0,4.65789 3.6534,4.20293 4.60878,-0.57395 0.9407,-4.70346 1.95462,-5.40036 4.8145,-3.30917 1.92095,1.40463 1.99761,1.99677 0.5571,4.30339 -1.44013,2.30602 -1.34693,3.03202 0.67633,5.26768 3.01624,3.33291 4.83298,3.28064 6.38629,-0.18372 1.41273,-3.15084 9.0315,-5.70677 11.03594,-3.70233 1.51611,1.51611 -3.20474,9.68672 -6.66764,11.54001 -3.69165,1.97571 -7.38404,1.457 -9.09158,-1.2772 -2.23439,-3.57782 -3.49103,-3.12767 -3.49103,1.25056 0,2.40711 0.91321,4.34334 2.52249,5.34835 1.38736,0.86642 2.52248,2.00636 2.52248,2.53318 0,1.82001 -2.70578,0.94641 -6.84336,-2.20947 -3.31719,-2.53015 -4.02554,-3.83191 -3.52108,-6.47081 0.8278,-4.33038 -2.21918,-3.5101 -4.52398,1.21788 -0.90495,1.8564 -2.39643,3.37528 -3.3144,3.37528 -1.87714,0 -15.85071,12.39678 -15.85071,14.06212 0,2.29503 7.48304,1.06469 8.82981,-1.45178 2.08045,-3.88735 9.653,-6.64271 13.04071,-4.74502 2.59149,1.45169 2.50944,1.55801 -1.69065,2.19049 -3.55126,0.53478 -4.42093,1.229 -4.44799,3.55071 -0.0236,2.02168 -1.59343,3.81611 -5.24195,5.99183 -4.00885,2.39058 -5.05646,3.68657 -4.54892,5.62742 0.36267,1.38685 1.70836,2.52155 2.99041,2.52155 1.28206,0 2.95812,1.17176 3.72459,2.60392 1.14952,2.14792 1.7263,2.32778 3.29359,1.02703 1.52575,-1.26626 2.10177,-1.25047 2.92414,0.0801 1.27313,2.05995 3.82862,0.63848 3.82862,-2.12964 0,-1.57955 0.8163,-1.27132 3.53743,1.33568 1.94557,1.86399 3.95158,3.38907 4.45778,3.38907 0.5062,0 0.55356,-2.76507 0.10519,-6.14461 -0.83575,-6.30019 1.06639,-10.10183 2.61427,-5.22488 0.96687,3.04633 3.49304,3.28575 5.7664,0.54652 1.31816,-1.58828 1.3409,-2.4974 0.11175,-4.46566 -2.52053,-4.03599 -0.30308,-5.15557 2.88055,-1.45438 2.44066,2.83744 3.26379,3.14929 4.84616,1.83605 1.04835,-0.87006 1.63823,-2.60631 1.31083,-3.8583 -0.49557,-1.89503 0.14899,-2.25054 3.84753,-2.12209 2.44356,0.0849 4.85106,0.56252 5.35004,1.0615 1.59186,1.59188 4.27056,0.97427 4.27056,-0.98458 0,-2.75818 2.21835,-2.31452 3.15311,0.63062 0.45747,1.44137 1.90829,2.52248 3.38512,2.52248 2.13696,0 2.47015,-0.5983 1.92406,-3.45499 -1.00421,-5.25324 1.11237,-8.11139 5.81854,-7.85712 6.2113,0.3356 7.1603,0.0943 7.1603,-1.82006 0,-1.09182 1.9318,-2.10739 4.9923,-2.62446 5.2607,-0.88878 7.9239,-4.62391 5.2229,-7.32492 -1.6844,-1.68438 -1.8037,-3.40452 -0.2361,-3.40452 0.6328,0 3.4246,3.33169 6.2042,7.40376 l 5.0538,7.40378 -16.6095,27.63899 c -9.1352,15.20145 -18.19732,29.6951 -20.1381,32.20811 -1.94078,2.51301 -3.85763,6.59616 -4.25967,9.07368 -0.63246,3.89737 -1.29832,4.61101 -4.93977,5.29415 -2.31482,0.43426 -4.87984,1.59817 -5.70007,2.58646 -1.72637,2.08016 -1.0572,2.95522 14.57923,19.06504 5.6782,5.8501 9.28348,10.45046 8.23548,10.50854 -1.0252,0.0568 -5.06888,0.019 -8.98594,-0.0839 -5.65147,-0.14854 -8.67246,0.59553 -14.6319,3.60384 -7.28627,3.6781 -7.57283,4.01499 -9.61924,11.30833 -1.16008,4.13452 -2.00245,9.13513 -1.87192,11.11246 0.13052,1.97734 -0.16597,5.35315 -0.65889,7.50182 l -0.89621,3.90667 13.61631,4.78052 c 11.24067,3.94648 16.82334,6.95071 31.99789,17.21914 10.1098,6.84123 19.6164,12.43861 21.1258,12.43861 1.5093,0 2.7442,0.52401 2.7442,1.16447 0,2.48654 -6.9103,9.19344 -12.4614,12.0947 -3.2046,1.67487 -8.9482,5.9212 -12.7634,9.43628 l -6.9369,6.39106 -1.5196,-3.50739 c -0.83583,-1.92907 -1.54528,-6.37356 -1.57657,-9.87666 -0.0666,-7.4596 -1.56007,-9.39625 -7.24596,-9.39625 -4.32624,0 -5.15371,-1.02637 -2.7585,-3.42159 2.40819,-2.40819 0.13265,-3.86627 -7.39791,-4.74028 -5.76736,-0.66937 -8.45295,-0.33131 -13.06174,1.64425 l -5.80164,2.48688 -8.54956,-6.81333 c -4.70227,-3.74735 -9.29831,-6.81334 -10.21344,-6.81334 -0.91513,0 -6.55334,7.09448 -12.52934,15.76552 -5.97602,8.67104 -11.25296,15.7408 -11.72656,15.7106 -0.4736,-0.0303 -3.26779,-0.52057 -6.20931,-1.08969 -5.81944,-1.12592 -9.34359,0.8693 -7.03411,3.98241 0.64327,0.8671 3.40867,4.59936 6.14534,8.2939 2.73667,3.69454 7.71247,8.68907 11.05736,11.09894 3.71453,2.67619 6.83782,6.19791 8.02451,9.04817 1.0686,2.56662 2.38819,4.95037 2.93241,5.29721 0.98169,0.62564 1.6737,4.22385 1.39471,7.25214 -0.16695,1.81224 -3.28612,1.92853 -7.39793,0.27579 v 0 z M 879.74661,634.17769 c 4.1028,-0.82395 7.56952,-2.25869 7.96824,-3.29773 0.97619,-2.54392 -2.17584,-16.52339 -10.69157,-47.41783 -7.76406,-28.16742 -7.97792,-28.5454 -16.15081,-28.5454 -2.66033,0 -2.95087,-0.44299 -2.32919,-3.55137 0.39065,-1.95324 0.10841,-5.78426 -0.62718,-8.51337 -1.05692,-3.92121 -2.67817,-5.83917 -7.72927,-9.14379 -3.5155,-2.29997 -7.32365,-4.00231 -8.46257,-3.78297 -2.30208,0.44334 -19.08111,26.91077 -19.19616,30.28027 -0.0401,1.1746 1.13,2.97822 2.60025,4.00801 l 2.67317,1.87236 -2.67317,3.75414 c -1.47025,2.06476 -2.67318,4.31973 -2.67318,5.01101 0,0.69129 8.01908,6.23911 17.82016,12.3285 16.68143,10.36413 18.01046,11.48031 20.79817,17.46704 2.43745,5.23455 2.98025,8.47495 2.99033,17.85171 0.007,6.30096 0.3907,11.83466 0.85315,12.2971 1.24846,1.24847 6.65971,1.02307 14.82963,-0.61768 z" /><path
   style="color:#000000;fill:#87cd61;stroke:#87cd61;stroke-width:1.45504167px;stroke-linecap:butt;stroke-linejoin:miter;stroke-miterlimit:4;stroke-opacity:1;stroke-dasharray:none;stroke-dashoffset:0;marker:none;visibility:visible;display:inline;overflow:visible;enable-background:accumulate;fill-opacity:1;fill-rule:nonzero"
   d="m 1631.0026,722.74834 c -4.3756,-5.20262 -8.5404,-9.4416 -9.2551,-9.41995 -0.7148,0.0217 -3.5699,1.43764 -6.3446,3.14664 -7.4219,4.57126 -15.1226,4.19895 -29.0147,-1.4028 -11.7114,-4.72241 -22.8294,-10.06076 -31.7157,-15.22837 l -5.2358,-3.04473 9.6501,-17.2952 9.6501,-17.2952 0.3966,-23.32343 c 0.4527,-26.62358 0.4381,-26.58389 10.7947,-29.47041 8.3398,-2.32444 25.4318,-3.49085 29.346,-2.00267 1.6725,0.63588 6.2957,3.8605 10.2737,7.16584 9.226,7.66587 13.3094,9.37989 35.4044,14.86113 9.9596,2.47073 21.3108,6.1125 25.2249,8.09282 9.1211,4.6148 17.729,12.23214 22.8617,20.23081 4.6482,7.24358 11.3366,27.45016 11.3574,34.31237 0.014,4.63661 0.01,4.64035 -4.0766,3.46841 -2.2499,-0.64526 -6.9731,-1.1732 -10.4959,-1.1732 -11.7714,0 -17.1202,2.90219 -38.7042,21.00039 -11.0439,9.26028 -20.5482,16.83687 -21.1207,16.83687 -0.5724,0 -4.6208,-4.2567 -8.9963,-9.45932 z"
   id="Tampines-GRC"
   transform="translate(0,-2.7063896e-5)" /><path
   style="color:#000000;fill:#ffaacc;stroke:#ffaacc;stroke-width:1.45504167px;stroke-linecap:butt;stroke-linejoin:miter;stroke-miterlimit:4;stroke-opacity:1;stroke-dasharray:none;stroke-dashoffset:0;marker:none;visibility:visible;display:inline;overflow:visible;enable-background:accumulate;fill-opacity:1;fill-rule:nonzero"
   d="m 869.10685,618.38058 c -0.48449,-9.18756 -1.29889,-13.01305 -3.83279,-18.00378 -2.92672,-5.7644 -4.69792,-7.24654 -19.5931,-16.39545 l -16.37552,-10.05817 2.69438,-4.79504 2.69439,-4.79504 -2.8378,-2.34464 c -1.56079,-1.28956 -2.83779,-2.66935 -2.83779,-3.0662 0,-0.63091 6.97003,-12.48585 12.10428,-20.58749 l 1.77112,-2.79474 4.35755,2.57102 c 5.23084,3.08627 6.09565,5.39745 5.53079,14.78096 l -0.43077,7.15614 6.41084,0.37391 6.41083,0.37392 7.6924,28.00402 c 4.23082,15.40222 8.21673,30.63895 8.85757,33.85941 l 1.16518,5.85537 -4.54785,0.75226 c -8.90835,1.47354 -8.56029,1.88389 -9.23371,-10.88646 z"
   id="Bukit-Panjang-SMC"
   transform="translate(0,-2.7063896e-5)" /><path
   style="color:#000000;display:inline;overflow:visible;visibility:visible;fill:#87cd61;fill-opacity:1;fill-rule:nonzero;stroke:#87cd61;stroke-width:1.45504px;stroke-linecap:butt;stroke-linejoin:miter;stroke-miterlimit:4;stroke-dasharray:none;stroke-dashoffset:0;stroke-opacity:1;marker:none;enable-background:accumulate"
   d="m 1196.1587,1083.4635 c -6.4228,-7.2837 -12.0923,-13.243 -12.5991,-13.243 -0.5067,0 -2.5724,1.7233 -4.5903,3.8296 -2.6937,2.8116 -3.3432,4.3116 -2.4432,5.643 0.6743,0.9973 3.1057,4.382 5.4033,7.5215 2.2976,3.1395 3.6828,5.7082 3.0784,5.7082 -0.6045,0 -7.3976,-5.9576 -15.0959,-13.2391 l -13.9969,-13.2391 -17.4594,0.8085 -17.4595,0.8085 -11.7664,6.755 c -6.4714,3.7153 -12.2282,6.755 -12.7927,6.755 -2.4343,0 -2.4787,-4.3357 -0.071,-6.8988 3.167,-3.3712 3.1694,-3.9079 0.036,-7.8919 -3.6081,-4.587 -3.2498,-8.7264 0.9459,-10.9284 1.9077,-1.0011 5.6539,-4.0778 8.325,-6.8371 3.7406,-3.8639 4.6586,-5.6407 3.9949,-7.7319 -0.5015,-1.5799 -0.1877,-3.5274 0.7506,-4.6579 1.3691,-1.6497 0.6144,-2.9048 -5.0013,-8.3182 -5.6995,-5.4943 -6.5075,-6.8589 -5.8455,-9.8728 0.5241,-2.3862 0.1811,-3.8314 -1.0794,-4.549 -1.0161,-0.5784 -2.044,-2.4661 -2.2842,-4.1949 -0.3661,-2.6356 -2.3205,-3.9568 -12.1031,-8.1819 -6.4166,-2.77135 -11.6665,-5.3925 -11.6665,-5.82481 0,-0.43232 1.4189,-2.8769 3.1531,-5.43239 4.2434,-6.25304 4.007,-8.04357 -1.1908,-9.01868 -3.7399,-0.70162 -4.3976,-1.3672 -4.7297,-4.78682 -0.3575,-3.68163 -0.8004,-4.02501 -6.0613,-4.69898 -3.1216,-0.39992 -7.4594,-1.79433 -9.6397,-3.09872 l -3.9641,-2.3716 -7.0441,7.51305 c -3.8743,4.13219 -7.0566,7.9587 -7.0718,8.50337 -0.015,0.54467 0.8366,2.30927 1.8929,3.92133 1.9918,3.03998 1.4939,6.4819 -1.0721,7.41021 -0.8135,0.2943 -6.0195,0.10708 -11.569,-0.4159 -5.5494,-0.52303 -17.3636,-1.3468 -26.2536,-1.83059 -14.27648,-0.7769 -16.55302,-1.21446 -19.49806,-3.74769 -3.24913,-2.79477 -3.34511,-3.29921 -3.7548,-19.73278 -0.23124,-9.27558 -0.67878,-18.09399 -0.99454,-19.59647 -0.31576,-1.5025 -3.11332,-5.70656 -6.2168,-9.34238 -3.10349,-3.63582 -6.59267,-9.501 -7.75374,-13.03373 -1.16108,-3.53273 -2.37288,-7.1326 -2.6929,-7.99971 -0.35407,-0.95936 0.50277,-1.57655 2.18871,-1.57655 3.02639,0 7.4805,-4.51096 7.54729,-7.64362 0.0484,-2.2676 -14.38383,-15.12413 -21.5806,-19.22452 -3.06382,-1.74563 -4.61751,-3.42567 -4.19863,-4.54009 0.8317,-2.21277 -1.73535,-10.20214 -4.00837,-12.47516 -0.93582,-0.93582 -1.70149,-2.43258 -1.70149,-3.32613 0,-0.89355 -2.10162,-3.54892 -4.67027,-5.90081 -14.88968,-13.63323 -20.00494,-20.01379 -13.06907,-16.30183 1.46112,0.78196 3.17842,1.09924 3.81623,0.70505 0.63781,-0.39419 5.52879,-7.08925 10.86883,-14.87792 5.34005,-7.78866 10.18161,-14.68371 10.75901,-15.32232 0.61307,-0.67805 4.08236,1.19777 8.33904,4.50886 10.06531,7.82938 9.53845,7.6706 16.10853,4.85434 6.77793,-2.90536 13.25241,-3.33318 13.25241,-0.8757 0,3.28496 3.37961,6.1915 7.43647,6.39553 4.01842,0.2021 4.1273,0.3597 4.48078,6.48564 0.41009,7.10703 5.32409,18.26032 8.04527,18.26032 0.9914,0 5.6991,-3.67584 10.4615,-8.16852 4.7625,-4.49268 11.0747,-9.38205 14.0271,-10.86527 6.0048,-3.0167 10.4952,-7.62395 12.4814,-12.80619 1.0052,-2.62259 1.9856,-3.32676 4.0436,-2.90412 1.4941,0.30685 6.1219,0.9119 10.284,1.34455 10.7997,1.12262 18.9696,3.33956 51.711,14.03199 l 29.0085,9.47339 10.7206,11.26695 c 10.0878,10.60199 11.5,11.60358 23.9272,16.9711 13.0376,5.63113 18.955,9.59354 18.955,12.69271 0,0.87358 3.4273,4.28098 7.6163,7.57201 5.2619,4.13405 7.3844,6.58792 6.8661,7.93841 -0.4125,1.0751 -1.2355,5.82069 -1.8288,10.54575 -0.7719,6.14755 -2.0073,9.80851 -4.3437,12.87161 -4.1488,5.43933 -4.0988,6.96178 0.3687,11.24196 8.3252,7.97605 5.0607,18.24781 -12.3991,39.01364 -5.5842,6.64162 -10.1532,12.87701 -10.1532,13.85641 0,0.97941 6.1013,5.35457 13.5584,9.72262 7.4571,4.368 16.6184,9.9487 20.3585,12.4015 l 6.8001,4.4596 5.1262,-7.641 c 1.9364,-2.8862 7.2513,6.4391 9.8629,2.5966 l 15.0626,-22.16163 c -0.6415,-3.85274 -3.2391,-7.97619 -0.1449,-7.1246 0.3131,0.0862 9.703,0.70254 9.7055,2.85758 0,1.00237 3.3901,1.49949 7.6424,2.70294 13.9991,3.96199 31.2882,15.36231 36.3731,23.98421 3.8341,6.5011 3.853,10.6682 0.065,14.2272 -2.5971,2.4399 -3.401,2.6024 -6.3116,1.2763 -4.153,-1.8923 -5.6732,-0.6181 -2.9081,2.4373 2.3729,2.622 4.701,0.4753 -20.3908,18.8017 -12.8344,9.3738 -14.8729,10.4432 -19.9065,10.4432 -3.5206,0 -7.9859,-1.205 -11.9967,-3.2374 -6.0396,-3.0605 -6.3493,-3.457 -5.6651,-7.2522 0.722,-4.0047 0.6965,-4.0264 -10.3028,-8.7443 -6.0646,-2.6013 -11.9436,-4.7297 -13.0645,-4.7297 -3.1298,0 -3.8368,4.8717 -0.9671,6.6638 2.2218,1.3876 2.4186,3.1681 2.4186,21.8826 0,16.9451 -0.3182,20.4943 -1.8919,21.0982 -2.7111,1.0403 -2.3329,4.5874 0.8505,7.976 1.5083,1.6055 2.176,2.919 1.4839,2.919 -0.6922,0 -6.5135,-5.9593 -12.9362,-13.243 v 0 z"
   id="Tanjong-Pagar-GRC"
   transform="translate(0,-2.7063896e-5)"
   sodipodi:nodetypes="csssssscccssscssssssssssssssscssssssssssssssssssssssssssssssssssscsssssssssssscsscssssssssssssssssssscc" /><path
   style="color:#000000;fill:#ffaacc;stroke:#ffaacc;stroke-width:1.45504167px;stroke-linecap:butt;stroke-linejoin:miter;stroke-miterlimit:4;stroke-opacity:1;stroke-dasharray:none;stroke-dashoffset:0;marker:none;visibility:visible;display:inline;overflow:visible;enable-background:accumulate;fill-opacity:1;fill-rule:nonzero"
   d="m 1516.4359,902.15998 c -2.1231,-11.9492 -3.2878,-14.82278 -6.0001,-14.80451 -1.2311,0.008 -9.3329,1.70418 -18.0039,3.76864 -8.6711,2.06447 -16.345,3.76036 -17.0531,3.76865 -2.2701,0.0266 -8.3426,-13.64185 -14.0132,-31.54169 -0.4887,-1.54251 2.7583,-2.62656 16.6,-5.5422 11.3937,-2.39997 17.4478,-4.2507 17.9186,-5.47766 0.3911,-1.01918 -0.4176,-4.52464 -1.7972,-7.78991 l -2.5082,-5.93686 25.3361,-8.34178 c 34.0077,-11.19691 31.5888,-11.07526 33.3136,-1.67534 1.1074,6.03464 2.2655,8.44688 5.4246,11.29858 3.6907,3.33157 4.6031,3.57264 11.2432,2.97054 l 7.2265,-0.65528 0.8244,6.48878 c 1.115,8.77736 7.0956,32.57512 8.7034,34.63249 1.2118,1.55068 3.9419,1.38926 8.9397,-0.52859 1.4684,-0.56349 2.5479,0.49964 3.9748,3.91467 1.0774,2.57854 1.7837,4.8236 1.5697,4.98902 -2.5684,1.98483 -19.5898,6.63015 -22.5721,6.16014 -2.1076,-0.33216 -4.5056,-0.0474 -5.3289,0.63274 -0.8232,0.68017 -3.767,1.64524 -6.5418,2.14461 -2.7747,0.49936 -5.6125,1.31994 -6.3062,1.8235 -0.6937,0.50356 -6.3693,1.89145 -12.6124,3.08421 -6.2431,1.19277 -14.51,2.97699 -18.3707,3.96496 -3.8608,0.98796 -7.3172,1.79629 -7.6808,1.79629 -0.3637,0 -1.3923,-4.1148 -2.286,-9.144 z"
   id="Joo-Chiat-SMC"
   transform="translate(0,-2.7063896e-5)" /><path
   style="color:#000000;fill:#87cd61;stroke:#87cd61;stroke-width:1.45504167px;stroke-linecap:butt;stroke-linejoin:miter;stroke-miterlimit:4;stroke-opacity:1;stroke-dasharray:none;stroke-dashoffset:0;marker:none;visibility:visible;display:inline;overflow:visible;enable-background:accumulate;fill-opacity:1;fill-rule:nonzero"
   d="m 1158.5522,787.42414 c -1.4754,-1.58123 -3.9074,-5.99512 -5.4044,-9.80864 -1.4969,-3.81353 -3.3841,-7.73277 -4.1937,-8.70945 -0.8745,-1.05506 -1.4719,-6.25917 -1.4719,-12.82244 0,-9.52134 -0.3972,-11.58435 -2.8768,-14.94061 l -2.8769,-3.89393 4.398,-2.09726 c 5.2843,-2.5199 5.4274,-2.84642 6.5161,-14.86036 1.089,-12.01715 0.024,-13.6582 -8.1698,-12.59482 -5.5802,0.72416 -6.2855,0.42997 -17.1704,-7.16197 -10.0044,-6.97776 -40.2757,-22.02289 -88.6078,-44.03885 l -7.8883,-3.59324 9.7056,-16.15741 c 5.338,-8.88658 10.7323,-16.89905 11.9873,-17.80549 1.255,-0.90644 2.2818,-2.71046 2.2818,-4.00895 0,-1.29848 0.8708,-3.2317 1.9351,-4.29605 1.571,-1.571 2.5798,-1.66282 5.3603,-0.48794 1.8838,0.79598 4.1554,2.09306 5.048,2.8824 2.4368,2.15494 0.4319,5.69722 -3.6913,6.52186 -2.5145,0.50291 -4.2557,2.0221 -5.6252,4.90813 -1.1892,2.50612 -3.0761,4.33545 -4.7124,4.56855 -1.7585,0.25052 -2.7289,1.28576 -2.7289,2.91125 0,1.93327 0.9744,2.61606 4.1714,2.9231 2.2942,0.22033 4.4833,1.21356 4.8646,2.20717 1.3194,3.43848 5.2095,1.9978 6.6861,-2.47617 0.8921,-2.70308 3.2668,-5.50921 6.4382,-7.60798 l 5.0248,-3.32525 -0.8015,3.19363 c -0.7022,2.79762 -0.3991,3.19364 2.4439,3.19364 1.8584,0 3.7753,-0.99001 4.4851,-2.31641 1.0372,-1.93793 2.3744,-2.22231 8.184,-1.74053 9.0051,0.74677 15.8899,-0.54462 15.8899,-2.98049 0,-3.20556 11.3393,-0.94708 35.3148,7.03377 14.6774,4.88574 25.0379,7.58984 30.9257,8.07159 4.8697,0.39845 11.6805,1.56385 15.1352,2.58978 8.8997,2.64293 24.9071,15.74945 30.123,24.66416 2.23,3.81135 5.8436,8.06484 8.0302,9.45221 2.9743,1.88716 3.9928,3.47548 4.0437,6.30621 0.037,2.08105 2.9657,12.01333 6.5073,22.07173 3.5416,10.05841 6.5125,19.42313 6.602,20.81049 0.1513,2.34425 -0.8175,2.56704 -13.7108,3.15311 l -13.8737,0.63062 -0.7563,5.04496 c -0.4159,2.77474 -1.1752,6.55913 -1.6872,8.40975 -1.3279,4.7992 1.9042,6.09454 15.2071,6.09454 9.3781,0 11.4497,0.38727 13.7796,2.57607 2.367,2.22373 3.1983,2.36822 6.0775,1.05636 1.8344,-0.83583 3.7586,-1.09807 4.276,-0.58275 0.5173,0.51533 1.1151,8.12768 1.3284,16.91633 l 0.3878,15.97938 -11.8005,3.59264 -11.8004,3.59264 -18.8572,-1.53865 c -18.4908,-1.50876 -45.9597,-1.23866 -49.8181,0.48989 -1.2347,0.55312 -2.9385,-0.18223 -4.635,-2.00032 l 0,0 z"
   id="Bishan-Toa-Payoh-GRC"
   transform="translate(0,-2.7063896e-5)" /><path
   style="color:#000000;fill:#ffaacc;stroke:#ffaacc;stroke-width:1.45504167px;stroke-linecap:butt;stroke-linejoin:miter;stroke-miterlimit:4;stroke-opacity:1;stroke-dasharray:none;stroke-dashoffset:0;marker:none;visibility:visible;display:inline;overflow:visible;enable-background:accumulate;fill-opacity:1;fill-rule:nonzero"
   d="m 496.05082,764.2487 c 0,-0.41318 1.1631,-2.38466 2.58467,-4.38107 2.05586,-2.88719 2.30483,-4.15273 1.21687,-6.1856 -0.92143,-1.7217 -0.94172,-2.55576 -0.0622,-2.55576 0.71809,0 3.66873,-2.36311 6.55698,-5.25136 l 5.25137,-5.25137 2.65405,3.32849 2.65405,3.3285 16.3396,-3.01672 c 13.08257,-2.41538 16.78633,-3.56839 18.58067,-5.7843 1.23258,-1.52218 2.24106,-3.41953 2.24106,-4.21634 0,-0.79681 1.0795,-2.12291 2.39888,-2.94688 2.10316,-1.31344 2.80865,-0.87895 5.72272,3.52451 3.3555,5.0705 3.35021,7.45678 -0.0165,7.45678 -2.28502,0 -6.20425,6.29751 -8.83793,14.20097 -1.1002,3.3016 -3.05076,6.56507 -4.33458,7.25214 -2.47168,1.32281 -52.94972,1.79756 -52.94972,0.49801 z"
   id="Pioneer-SMC"
   transform="translate(0,-2.7063896e-5)" /><path
   style="color:#000000;fill:#ffaacc;stroke:#ffaacc;stroke-width:1.45504167px;stroke-linecap:butt;stroke-linejoin:miter;stroke-miterlimit:4;stroke-opacity:1;stroke-dasharray:none;stroke-dashoffset:0;marker:none;visibility:visible;display:inline;overflow:visible;enable-background:accumulate;fill-opacity:1;fill-rule:nonzero"
   d="m 1058.5891,1068.267 c -6.571,-3.7118 -15.582,-8.9682 -20.0245,-11.681 l -8.0774,-4.9324 9.5234,-9.3701 c 7.6217,-7.499 10.6818,-11.7152 15.3249,-21.1142 3.1909,-6.4593 5.5193,-12.2008 5.1744,-12.7589 -0.345,-0.5582 -4.296,-3.161 -8.7801,-5.7841 l -8.1529,-4.76922 0.7662,-7.33116 c 0.5938,-5.68105 0.3844,-7.33115 -0.9306,-7.33115 -0.9333,0 0.4918,-2.24144 3.1669,-4.98097 4.4997,-4.60806 5.0592,-4.84412 7.4735,-3.15311 1.4353,1.00533 4.186,1.82787 6.1127,1.82787 2.6125,0 3.5031,0.61508 3.5031,2.41933 0,4.29336 1.4641,6.40936 4.4348,6.40936 l 2.9037,0 -2.4825,5.13826 c -1.3654,2.82605 -2.3071,6.02973 -2.0927,7.1193 0.2246,1.14147 5.3341,4.10589 12.0563,6.99489 8.6077,3.6993 11.6665,5.616 11.6665,7.3106 0,1.2631 0.5559,2.6402 1.2354,3.0602 0.7818,0.4831 0.6888,1.6387 -0.2531,3.147 -1.3004,2.0822 -0.5796,3.2569 5.7014,9.2919 5.9808,5.7466 7.1899,7.6294 7.1899,11.1957 0,4.7339 -3.8571,9.2236 -11.0358,12.8458 -5.1471,2.597 -5.9564,8.5211 -2.2105,16.1812 2.005,4.1001 1.4617,4.5532 -6.5136,5.4323 -3.3526,0.3695 -7.8138,0.8764 -9.9139,1.1266 -2.8213,0.336 -6.938,-1.3074 -15.7655,-6.294 z"
   id="Radin-Mas-SMC"
   transform="translate(0,-2.7063896e-5)" /><path
   style="color:#000000;fill:#ffaacc;stroke:#ffaacc;stroke-width:1.45504167px;stroke-linecap:butt;stroke-linejoin:miter;stroke-miterlimit:4;stroke-opacity:1;stroke-dasharray:none;stroke-dashoffset:0;marker:none;visibility:visible;display:inline;overflow:visible;enable-background:accumulate;fill-opacity:1;fill-rule:nonzero"
   d="m 1307.9161,998.01436 c -12.6201,-12.69578 -18.9011,-22.00449 -24.9272,-36.94272 -5.1342,-12.72743 -7.1078,-23.14048 -5.0548,-26.67013 0.8568,-1.47314 1.3439,-1.67693 1.3686,-0.57263 0.03,1.35416 1.9597,1.55767 9.1823,0.96848 18.3838,-1.49965 19.9067,-1.82757 22.4049,-4.8242 3.3867,-4.06231 3.1351,-5.2419 -2.0978,-9.83643 -4.1257,-3.62242 -4.6156,-4.71372 -4.7296,-10.5359 l -0.1272,-6.49492 -4.9039,-0.63062 -4.9039,-0.63062 4.9672,-2.77685 c 3.0059,-1.68044 8.428,-3.11717 13.7325,-3.63877 10.7466,-1.05674 12.4085,-1.8721 16.2637,-7.97912 1.676,-2.65483 4.3636,-5.10973 5.9725,-5.45532 14.383,-3.08942 40.3333,-8.52788 40.6919,-8.52788 0.2474,0 1.141,2.88134 1.9858,6.40297 0.8448,3.52164 2.3218,6.70447 3.282,7.07297 0.9603,0.3685 5.7872,-0.2426 10.7263,-1.358 4.9392,-1.11541 14.013,-2.02801 20.1641,-2.02801 l 11.1838,0 5.8463,11.66649 c 3.2154,6.41657 6.2635,11.95027 6.7735,12.29711 1.6335,1.11095 4.7344,8.14927 4.2197,9.57784 -0.2734,0.75887 1.2249,5.01556 3.3296,9.45931 l 3.8267,8.07955 -4.1025,0.73948 c -2.2563,0.40672 -8.012,2.53507 -12.7903,4.72966 -4.7783,2.19459 -9.3778,3.99017 -10.2211,3.99017 -0.8433,0 -2.9272,1.27701 -4.6309,2.83779 -2.9448,2.69765 -6.1844,3.49774 -13.9721,3.45075 -2.4544,-0.0148 -5.655,1.99852 -11.0249,6.93523 -5.4135,4.9768 -8.5715,6.9561 -11.0986,6.9561 -2.5435,0 -5.1058,1.62589 -9.155,5.80917 -3.0925,3.19505 -8.1495,6.91313 -11.2377,8.2624 -3.0882,1.34927 -8.6893,5.07976 -12.4469,8.28997 -3.7576,3.21021 -8.1059,5.89252 -9.6629,5.96068 -4.0294,0.17639 -11.8034,6.48546 -14.2101,11.53224 -1.1249,2.359 -2.5483,4.289 -3.163,4.289 -0.6148,0 -5.7722,-4.6824 -11.461,-10.40524 l 0,0 z"
   id="Mountbatten-SMC"
   transform="translate(0,-2.7063896e-5)" /><path
   style="color:#000000;fill:#ffaacc;stroke:#ffaacc;stroke-width:1.45504167px;stroke-linecap:butt;stroke-linejoin:miter;stroke-miterlimit:4;stroke-opacity:1;stroke-dasharray:none;stroke-dashoffset:0;marker:none;visibility:visible;display:inline;overflow:visible;enable-background:accumulate;fill-opacity:1;fill-rule:nonzero"
   d="m 1398.3017,641.71354 c -1.0172,-4.41046 -6.5596,-12.70196 -9.566,-14.31097 -1.8671,-0.99924 -3.4989,-0.11376 -8.6229,4.67911 l -6.32,5.91158 -4.1777,-4.83288 c -4.2963,-4.9702 -4.9827,-10.68078 -1.2837,-10.68078 0.9768,0 2.3024,-1.38438 2.9457,-3.07641 0.6433,-1.69203 2.2812,-3.67131 3.6398,-4.3984 1.3586,-0.72708 3.7545,-3.4001 5.3242,-5.94004 l 2.8542,-4.61806 2.9341,3.4112 c 1.6139,1.87616 2.9342,4.1614 2.9342,5.0783 0,0.9169 0.8275,2.35383 1.8388,3.19317 1.4864,1.23354 2.432,0.93285 4.9335,-1.56863 3.0918,-3.09173 3.0971,-3.09229 5.61,-0.57944 2.8537,2.85368 1.1544,4.13694 28.4122,-21.45618 11.7773,-11.05795 17.2227,-14.12224 17.2227,-9.69171 0,3.10942 -2.4191,7.06941 -7.6541,12.52951 -2.6603,2.77473 -7.3918,10.43677 -10.5144,17.02676 -4.6911,9.89999 -6.9878,13.13216 -13.2186,18.60269 -4.1476,3.64149 -7.9397,7.89819 -8.4269,9.45932 -1.7918,5.74182 -7.6399,6.57424 -8.8651,1.26186 z"
   id="Hougang-SMC"
   transform="translate(0,-2.7063896e-5)" /><path
   style="color:#000000;fill:#ffaacc;stroke:#ffaacc;stroke-width:1.45504167px;stroke-linecap:butt;stroke-linejoin:miter;stroke-miterlimit:4;stroke-opacity:1;stroke-dasharray:none;stroke-dashoffset:0;marker:none;visibility:visible;display:inline;overflow:visible;enable-background:accumulate;fill-opacity:1;fill-rule:nonzero"
   d="m 1230.0472,840.22225 -10.7206,-6.71594 -0.7942,-6.39099 c -0.567,-4.56338 -1.9785,-7.86471 -4.9356,-11.54447 l -4.1414,-5.15347 3.2585,-4.57968 c 3.8189,-5.36742 3.5063,-6.91675 -1.9583,-9.70315 -3.9089,-1.99319 -3.5866,-2.03676 9.8323,-1.32901 12.8716,0.6789 14.5845,0.48416 23.7173,-2.69632 5.414,-1.88543 10.1645,-3.10721 10.5566,-2.71506 0.3922,0.39214 0.313,2.84494 -0.1758,5.45067 -0.6859,3.65592 -2.8803,6.63659 -9.6107,13.05417 -4.7971,4.57408 -8.6998,9.1374 -8.6727,10.14073 0.067,2.50078 9.8699,9.50734 14.8233,10.59528 2.2253,0.48877 4.0461,1.18878 4.0461,1.55556 0,1.12065 -12.7721,16.79154 -13.6669,16.76885 -0.4606,-0.0117 -5.6616,-3.0434 -11.5579,-6.73717 z"
   id="Whampoa-SMC"
   transform="translate(0,-2.7063896e-5)" /><path
   style="color:#000000;fill:#ffaacc;stroke:#ffaacc;stroke-width:1.45504167px;stroke-linecap:butt;stroke-linejoin:miter;stroke-miterlimit:4;stroke-opacity:1;stroke-dasharray:none;stroke-dashoffset:0;marker:none;visibility:visible;display:inline;overflow:visible;enable-background:accumulate;fill-opacity:1;fill-rule:nonzero"
   d="m 1312.5067,822.20959 c -14.4811,-20.38038 -21.6269,-26.90136 -33.1496,-30.2511 -3.7535,-1.09117 -9.2514,-3.05746 -12.2176,-4.36955 -6.4769,-2.86506 -6.9743,-4.53825 -6.9743,-23.4602 0,-7.24257 -0.5844,-14.26023 -1.2987,-15.59481 -1.824,-3.40825 -8.0482,-6.47487 -9.7295,-4.79364 -0.9104,0.91045 -2.1035,0.89061 -3.8884,-0.0646 -1.4162,-0.75794 -7.5934,-1.37808 -13.7271,-1.37808 l -11.1521,0 0.4629,-4.85358 0.4628,-4.85357 18.4891,-0.7726 c 10.6385,-0.44455 21.1659,-1.5845 24.7933,-2.68473 6.1748,-1.87288 6.5081,-1.83351 16.2358,1.91791 5.4624,2.10652 10.6869,3.54023 11.61,3.18602 1.2618,-0.48423 1.771,1.27438 2.0521,7.08758 l 0.3739,7.7316 8.1981,-0.26699 c 8.0387,-0.26181 8.3372,-0.15318 15.3547,5.58912 6.9294,5.6702 7.222,6.162 9.2148,15.49099 1.1319,5.29919 4.615,18.32786 7.7401,28.95261 3.1251,10.62474 5.4881,19.89944 5.2511,20.61042 -0.3094,0.92832 -21.1637,9.94374 -22.8637,9.88415 -0.106,-0.004 -2.463,-3.20183 -5.2377,-7.10692 z"
   id="Potong-Pasir-SMC"
   transform="translate(0,-2.7063896e-5)" /><path
   style="color:#000000;fill:#ffaacc;stroke:#ffaacc;stroke-width:1.45504167px;stroke-linecap:butt;stroke-linejoin:miter;stroke-miterlimit:4;stroke-opacity:1;stroke-dasharray:none;stroke-dashoffset:0;marker:none;visibility:visible;display:inline;overflow:visible;enable-background:accumulate;fill-opacity:1;fill-rule:nonzero"
   d="m 1428.5693,553.96304 c -2.4182,-1.8113 -2.316,-2.05882 3.3559,-8.12245 5.0185,-5.36522 5.9735,-7.24228 6.7185,-13.20544 0.5773,-4.62064 0.1958,-10.20429 -1.138,-16.65377 -2.2351,-10.80776 -1.5572,-13.60194 4.7234,-19.46867 l 3.2071,-2.99586 4.7955,3.84436 c 6.4387,5.16177 16.9709,16.14015 28.6266,29.83922 11.0802,13.02284 10.8414,14.71136 -1.7041,12.04902 -13.5958,-2.88524 -27.7617,2.53915 -29.7021,11.37351 -0.5374,2.44681 -1.604,3.74963 -3.0698,3.74963 -1.2354,0 -4.7375,0.32821 -7.7825,0.72934 -3.8722,0.51012 -6.286,0.16778 -8.0305,-1.13889 l 0,0 z"
   id="Punggol-East-SMC"
   transform="translate(0,-2.7063896e-5)" /><path
   id="Chua-Chu-Kang-GRC"
   style="display:inline;fill:#ffd42a;stroke:#ffd42a;stroke-width:0.993431;stroke-linejoin:miter;stroke-miterlimit:4;stroke-dasharray:none;stroke-opacity:1"
   d="m 639.32812,247.02148 c -1.59618,-0.0119 -3.42848,2.51681 -2.33398,3.22071 0.3528,0.2268 0.84374,1.0567 1.08984,1.8457 0.5151,1.6516 -0.67455,2.73169 -1.78515,1.62109 -0.4053,-0.4054 -0.93835,-0.73632 -1.18555,-0.73632 -0.7529,0 -2.09263,3.84424 -1.61133,4.62304 0.2502,0.4048 1.08847,0.53733 1.88477,0.29883 2.8962,-0.8672 14.96692,-7.26054 14.91992,-7.90234 -0.0508,-0.6887 -8.4126,-2.95171 -10.97852,-2.97071 z m -16.87695,0.2461 c -4.66416,0.0683 -11.05383,1.34129 -14.5957,3.13476 -0.6326,0.3203 -2.15446,0.58204 -3.38086,0.58204 -2.6525,-2e-5 -17.20939,3.71634 -19.80859,5.05664 -1.0017,0.5165 -1.82227,1.22908 -1.82227,1.58398 0,0.3549 -0.38768,0.64453 -0.86328,0.64453 -1.1332,0 -5.18883,2.99867 -4.70703,3.48047 0.2047,0.2047 -0.23863,0.56729 -0.98633,0.80469 -0.7478,0.2373 -2.54248,1.38107 -3.98828,2.54297 -5.0084,4.025 -8.34484,6.32228 -11.74414,8.08398 -1.8784,0.9735 -4.53324,2.79257 -5.89844,4.04297 -1.3651,1.2505 -3.40596,2.71225 -4.53516,3.24805 -1.379,0.6544 -2.29024,1.73491 -2.77734,3.29101 l -2.75195,3.73242 -2.00977,2.39844 c -1.7841,2.1294 -4.26151,3.98272 -7.66601,5.73242 -2.7664,1.4217 -5.20503,3.13756 -5.41993,3.81446 -0.2148,0.6769 -2.48712,2.99604 -5.04882,5.15234 -2.5617,2.1563 -6.22182,5.80377 -8.13282,8.10547 -4.3726,5.2667 -5.03562,5.81753 -10.29492,8.55273 -2.3676,1.2314 -5.31608,2.91253 -6.55078,3.73633 -1.6947,1.1307 -3.19787,1.49805 -6.13477,1.49805 -2.1397,0 -4.47068,0.36189 -5.17968,0.80469 -1.0183,0.6359 -1.78989,0.6247 -3.67969,-0.0586 -2.0677,-0.7477 -2.55044,-0.7231 -3.55664,0.1875 -0.6402,0.5794 -1.92487,1.05274 -2.85547,1.05274 -1.0676,0 -1.80675,0.43679 -2.00195,1.18359 -0.2249,0.86 -1.50097,1.42128 -4.66797,2.05078 -5.255,1.0446 -6.63693,2.31517 -6.32813,5.82227 0.207,2.3507 0.10496,2.52387 -1.43164,2.38867 -4.4097,-0.3882 -7.05904,-1.11472 -8.11914,-2.22852 -1.4837,-1.5588 -2.48168,-1.14941 -5.08008,2.08399 -2.1869,2.7215 -2.17914,3.08678 0.0449,1.89648 1.1105,-0.5944 1.38945,-0.48529 1.68945,0.66211 0.1976,0.7558 0.75498,1.375 1.23828,1.375 0.4832,0 1.26814,0.5474 1.74414,1.2168 1.2812,1.8017 5.431,1.18678 6.4043,-0.94922 0.9719,-2.1332 3.09277,-2.02688 4.54687,0.22851 0.6459,1.00171 2.32959,2.92931 3.74219,4.28321 2.2855,2.1906 2.70733,2.36387 3.83203,1.57617 1.3124,-0.9193 3.5741,-0.45009 6.9668,1.44531 2.1239,1.1866 2.96759,1.02319 6.36719,-1.22851 2.9078,-1.9261 3.17421,-1.98214 4.91601,-1.04492 1.0127,0.54489 2.35698,1.1527 2.98828,1.3496 1.7221,0.5371 0.77826,1.90192 -2.33984,3.38672 -3.3208,1.5812 -3.94556,3.35951 -1.50586,4.28711 0.9371,0.3563 1.70508,0.94008 1.70508,1.29688 0,0.3568 1.01275,0.83791 2.25195,1.07031 2.7737,0.5204 5.83723,3.59196 6.11523,6.13086 0.15851,1.4479 -0.33848,2.42042 -2.11328,4.14062 -2.5256,2.4479 -3.94195,2.28931 -5.25195,-0.58789 -0.4431,-0.9733 -1.2486,-1.43554 -2.5,-1.43554 -1.3042,0 -2.01353,-0.43764 -2.41601,-1.49024 -0.6269,-1.6392 -3.3711,-4.39126 -3.3711,-3.38086 0,0.3479 0.32466,0.95747 0.72266,1.35547 0.5231,0.5234 0.51076,1.12166 -0.0449,2.16016 -0.9487,1.7725 -2.06462,1.47955 -3.19532,-0.83985 -0.4738,-0.9719 -1.51726,-2.10487 -2.31836,-2.51757 -0.8011,-0.4127 -2.09254,-1.32896 -2.86914,-2.03516 -0.7767,-0.7061 -2.41577,-1.30314 -3.64258,-1.32812 -1.2268,-0.0246 -3.97321,-0.89916 -6.10351,-1.94336 l -3.87305,-1.89844 -1.92187,1.36719 c -2.2339,1.5906 -2.38571,2.82706 -0.69141,5.60546 0.9174,1.5042 1.07169,2.41818 0.61719,3.64258 -0.3893,1.0489 -0.32315,3.14351 0.18555,5.84571 0.6587,3.4989 0.63835,4.30881 -0.12305,4.79101 -1.3956,0.8838 -3.23438,0.71011 -3.23438,-0.30469 0,-0.4972 -0.59573,-1.66179 -1.32421,-2.58789 -0.7285,-0.9262 -1.32422,-2.07398 -1.32422,-2.55078 0,-2.1553 -2.22612,-6.53906 -3.32032,-6.53906 -2.1139,0 -2.83823,1.6383 -1.96093,4.4375 1.9262,6.146 3.08246,8.49646 4.53906,9.22266 2.0728,1.0334 7.36523,6.27958 7.36523,7.30078 0,1.3605 -1.24495,1.68782 -2.65625,0.69922 -0.8936,-0.6286 -2.41448,-0.83043 -4.61328,-0.61915 -3.0005,0.2883 -3.34555,0.17356 -4.03515,-1.33984 -0.4147,-0.9101 -2.09212,-2.77272 -3.72852,-4.14062 -2.8123,-2.3507 -3.16822,-2.46866 -6.47852,-2.12696 -3.7194,0.3839 -4.98046,-0.21075 -4.98046,-2.34765 0,-1.131 -3.415,-6.12748 -4.9668,-7.26758 -0.3642,-0.2677 -1.39381,-0.49805 -2.28711,-0.49805 -2.1168,-0.0132 -5.99219,-3.76623 -5.99219,-5.80273 0,-0.8573 0.45602,-2.43702 1.01172,-3.51172 0.8248,-1.5949 1.43235,-1.95313 3.31055,-1.95313 2.0129,0 2.30078,-0.20785 2.30078,-1.65625 0,-1.2772 0.34073,-1.65039 1.49023,-1.65039 1.6623,0.006 6.45703,4.19658 6.45703,5.64258 0,0.5107 0.59572,1.24682 1.32422,1.63672 1.4751,0.7894 2.81263,0.28435 6.45703,-2.43555 3.6968,-2.7588 2.6941,-6.84228 -2.3164,-9.42578 -0.8195,-0.4226 -1.49024,-1.28803 -1.49024,-1.92383 0,-0.9778 -0.53458,-1.12563 -3.45898,-0.95703 -2.0802,0.1199 -4.51819,-0.22579 -6.12109,-0.86719 l -2.66407,-1.0664 -1.87304,2.21289 c -1.0303,1.2164 -2.6472,3.51357 -3.5918,5.10547 -1.4292,2.4085 -1.58288,3.10761 -0.92188,4.16601 0.9046,1.4485 0.45862,2.64301 -0.80468,2.15821 -0.4666,-0.1791 -1.39746,0.28213 -2.06836,1.02343 -0.6909,0.7635 -2.05047,1.34766 -3.13477,1.34766 -3.1612,0 -5.16406,2.59385 -5.16406,6.68555 0,2.2002 -0.51735,4.4702 -1.43945,6.3164 -1.1615,2.3258 -1.29852,3.17016 -0.70704,4.37696 1.68091,3.4296 -0.1379,7.78552 -3.9746,9.51562 -2.5926,1.1691 -2.6247,1.22207 -1.25,2.13477 2.0007,1.3285 1.85901,3.94721 -0.24219,4.47461 -0.9081,0.2279 -1.49308,0.66917 -1.30078,0.98047 0.1924,0.3112 -0.25238,2.9847 -0.98828,5.9414 -1.217,4.8896 -1.2481,5.55045 -0.33789,7.31055 0.55939,1.0817 1.54291,1.93555 2.22851,1.93555 0.6746,0 1.56512,0.40619 1.97852,0.90429 1.2147,1.4636 -0.87619,2.62532 -5.30079,2.94532 -3.047,0.22039 -4.1581,0.59928 -4.9121,1.67578 -1.4373,2.0519 -1.19495,3.47246 0.84765,4.97656 2.1255,1.5653 1.70997,2.85845 -1.62305,5.06055 -1.10259,0.7285 -2.45385,2.10132 -3.00195,3.04882 -0.7246,1.2525 -1.74845,1.84171 -3.75195,2.16211 -2.1597,0.3454 -2.924,0.83306 -3.5332,2.25196 -0.4274,0.9957 -0.8485,1.91868 -0.9375,2.05078 l -0.002,0.002 c -0.13304,0.11825 -1.70435,-0.13254 -3.52929,-0.57031 -1.8951,-0.4549 -4.63738,-0.6188 -6.26368,-0.375 l -2.89257,0.43359 0.0879,3.81055 c 0.0826,3.5943 -0.0625,3.96325 -2.54883,6.53125 -1.7139,1.7702 -3.64152,2.98963 -5.51172,3.48633 -2.4742,0.6572 -2.8259,0.96699 -2.5293,2.21289 0.1897,0.7965 0.70012,3.30587 1.13672,5.57617 0.4366,2.2703 1.20478,4.46761 1.70508,4.88281 1.2841,1.0656 1.12088,3.238 -0.41602,5.5586 -1.4182,2.1414 -1.73011,4.63872 -0.66211,5.29882 1.1158,0.6896 0.73591,1.65625 -0.65039,1.65625 -0.8843,0 -1.45279,0.59282 -1.74609,1.82032 -0.2393,1.0017 -0.7305,2.19569 -1.0918,2.65429 -0.4617,0.586 -0.14001,1.58136 1.08399,3.34766 0.958,1.3824 1.75929,3.24181 1.77929,4.13281 0.002,0.0731 0.0104,0.11852 0.0254,0.13477 l 0.002,0.002 0.002,0.002 c 4e-4,2e-4 0.003,0.002 0.004,0.002 h 0.002 0.002 c 8.9e-4,2e-5 0.005,9e-5 0.006,0 h 0.002 0.002 0.002 c 0.22539,-0.10492 1.16767,-3.30886 2.27149,-7.79102 2.7689,-11.2437 3.82862,-14.18579 6.76172,-18.77539 1.6728,-2.6174 3.02891,-3.87974 5.19921,-4.83984 3.5258,-1.5596 7.75246,-1.43969 8.06836,0.22851 0.1692,0.8934 -0.2953,1.11271 -2.3125,1.09571 -5.017,-0.0421 -7.46315,1.97592 -10.97265,9.04492 -1.5658,3.1538 -3.80274,10.82837 -3.80274,13.04687 0,0.5724 -1.22349,5.00717 -2.71679,9.85547 -2.4006,7.7938 -2.62943,9.09559 -1.98633,11.24219 0.6304,2.1012 0.94721,2.38583 2.38281,2.11133 0.9111,-0.1742 1.6582,-0.53428 1.6582,-0.80078 0,-0.7968 5.1233,-2.8577 5.9043,-2.375 0.3972,0.2455 0.54312,1.1607 0.32422,2.0332 -0.3355,1.3365 -0.10062,1.65691 1.48828,2.03711 1.0372,0.2482 2.25864,0.74607 2.71484,1.10547 0.4563,0.3594 1.74278,0.46939 2.85938,0.24609 1.8194,-0.3639 2.00901,-0.25233 1.82031,1.07617 -0.1792,1.261 -0.6565,1.50223 -3.1914,1.61133 -1.6391,0.0706 -4.18235,0.4648 -5.65235,0.875 -1.4701,0.4103 -3.81333,0.6498 -5.20703,0.5332 -2.0819,-0.1741 -2.76442,0.0926 -3.82422,1.49024 -1.2859,1.6957 -1.28465,1.71298 0.33985,5.95898 0.8962,2.3428 2.71707,6.61951 4.04687,9.50391 2.2874,4.9614 2.43881,5.72172 2.81641,14.07422 0.3189,7.0566 0.59161,8.83008 1.35351,8.83008 0.5244,0 1.10833,0.59571 1.29883,1.32421 0.3329,1.273 1.62035,1.67891 4.46875,1.41211 0.7126,-0.0667 1.45815,-0.33736 1.65625,-0.60156 0.5811,-0.7752 8.48838,-0.92512 8.95508,-0.16992 0.7222,1.1684 2.88417,0.75217 3.32617,-0.64063 0.3606,-1.136 0.81515,-1.27186 3.18945,-0.94335 1.5235,0.2109 3.43109,0.70285 4.23828,1.09374 1.07192,0.51922 1.72021,0.50068 2.40821,-0.0703 1.0548,-0.8754 6.158,-0.32668 6.8125,0.73242 0.217,0.3511 0.47788,1.87723 0.58008,3.39063 0.307,4.5498 0.95199,6.27807 2.21679,5.94726 0.7119,-0.18619 1.99844,0.6761 3.49024,2.3379 2.9813,3.321 6.46877,4.49454 10.29297,3.46484 2.3683,-0.6377 2.92052,-1.17103 4.35742,-4.20313 0.905,-1.9096 1.9891,-4.91348 2.4082,-6.67578 0.9437,-3.9678 2.6126,-6.3519 4.4668,-6.3789 1.5162,-0.0223 2.18923,1.46496 2.24023,4.94726 0.0245,1.6717 0.13708,1.80333 0.70508,0.82813 0.8941,-1.5351 2.10046,-1.46282 5.44336,0.33008 3.3442,1.7935 3.75263,2.29265 3.76562,4.59765 0.014,2.4513 0.74615,2.70685 4.30665,1.49805 1.6893,-0.5736 3.72303,-0.95129 4.51953,-0.83789 2.0185,0.2873 1.85127,2.16321 -0.20703,2.32031 -3.4385,0.2625 -8.60975,1.73391 -8.59375,2.44531 0.0437,1.9997 1.48751,6.77308 2.32031,7.67188 0.5173,0.5584 1.86173,2.1182 2.98633,3.46679 1.1246,1.3485 2.62202,2.63528 3.32812,2.85938 1.1057,0.351 1.92188,2.9668 0.92578,2.9668 -1.4513,0 -5.71824,-3.00932 -6.83984,-4.82422 -0.7535,-1.2191 -1.97465,-2.7636 -2.71484,-3.4336 -0.7403,-0.6699 -1.34571,-1.8518 -1.34571,-2.625 0,-0.7733 -0.62662,-1.9415 -1.39062,-2.5957 -0.8566,-0.7334 -1.26049,-1.67804 -1.05469,-2.46484 0.3433,-1.3127 -0.26981,-1.55028 -3.34961,-1.30078 -1.0797,0.0874 -1.49023,-0.23684 -1.49023,-1.17774 0,-1.8899 -2.23329,-4.39761 -3.48829,-3.91601 -0.6474,0.2486 -0.91643,0.89266 -0.70703,1.69336 0.1978,0.7565 -0.39528,2.39793 -1.42968,3.96093 -1.8262,2.7596 -1.72847,3.91208 0.51953,6.20118 1.4361,1.4624 5.10547,7.0326 5.10547,7.75 0,0.3691 0.62306,1.10702 1.38476,1.64062 1.1292,0.7909 1.46965,1.95725 1.84375,6.31055 0.4002,4.6562 0.70878,5.61504 2.42188,7.49804 2.9618,3.2557 5.23654,5.40763 6.65234,6.29493 1.2257,0.7682 1.21568,0.81494 -0.26172,1.24804 -1.357,0.3978 -1.5117,0.80266 -1.3457,3.50196 0.1449,2.356 -0.0527,3.0982 -0.86133,3.2539 -1.0765,0.2074 -1.88672,-2.22525 -1.88672,-5.66015 0,-1.094 -1.04892,-2.70305 -3.07422,-4.71875 -3.9486,-3.9299 -4.84161,-6.07714 -4.38281,-10.52344 0.3221,-3.1202 0.17156,-3.72735 -1.30664,-5.31446 -0.9178,-0.9855 -1.77942,-2.1255 -1.91602,-2.5332 -0.1365,-0.4076 -1.97323,-2.30991 -4.08203,-4.22851 l -3.83398,-3.48829 -2.54883,1 c -2.2229,0.8728 -3.21396,0.88482 -7.75586,0.0957 -2.864,-0.4976 -6.02228,-1.18679 -7.01758,-1.53321 l -1.80859,-0.63085 0.42383,5.02148 0.42383,5.02344 -2.3711,-0.44531 c -1.4212,-0.26661 -2.54223,-0.16706 -2.79883,0.24804 -0.2354,0.381 -1.45117,1.12038 -2.70117,1.64258 -2.2973,0.9599 -3.07526,2.3418 -1.31836,2.3418 2.3767,0 1.79654,3.09285 -0.69726,3.71875 -1.8946,0.4755 -2.02878,1.294 -0.35938,2.1875 0.8178,0.4374 1.45261,0.42628 1.91211,-0.0332 0.3781,-0.3777 1.39231,-0.58869 2.25391,-0.46679 1.3749,0.1945 1.5664,0.57649 1.5664,3.12109 0,3.767 1.29337,4.71605 4.38477,3.21875 1.2151,-0.5884 2.32289,-0.95455 2.46289,-0.81445 0.1401,0.1401 -0.11084,1.77471 -0.55664,3.63281 -0.7229,3.0135 -1.03437,3.42372 -2.88867,3.79492 l -2.07813,0.41602 1.98633,0.84765 c 1.0927,0.466 2.61832,0.86096 3.39063,0.87696 1.1752,0.025 1.4608,0.53672 1.7539,3.13672 0.2192,1.9453 0.0346,3.61435 -0.49414,4.46875 -0.4644,0.7504 -1.21146,3.73997 -1.66016,6.64257 -0.8698,5.6274 -1.74086,6.91713 -4.69726,6.95313 l -1.70703,0.0215 2.02343,9.85938 2.02344,9.85937 -4.46484,11.16797 c -2.4556,6.1424 -4.70866,11.55193 -5.00586,12.01953 -0.6328,0.9958 -2.75195,0.37281 -2.75195,-0.80859 0,-0.4448 1.93698,-5.45195 4.30468,-11.12695 2.3677,-5.6749 4.30469,-11.26323 4.30469,-12.41993 0,-1.1568 -0.61203,-4.53701 -1.36133,-7.51171 -2.7874,-11.0665 -2.49017,-10.37696 -4.48437,-10.37696 -1.0196,0 -2.78753,-0.80742 -4.01953,-1.83594 -2.0604,-1.7201 -2.15963,-1.98701 -1.54883,-4.19921 0.8144,-2.9495 -0.54383,-5.03205 -3.48633,-5.34375 -1.6115,-0.1708 -2.02726,-0.55405 -2.19727,-2.03125 -0.14299,-1.2428 0.0935,-1.82227 0.7461,-1.82227 2.0954,0 2.45422,-1.57294 1.63672,-7.18164 l -0.78906,-5.41016 -2.15626,0.4043 c -1.60149,0.3005 -2.59538,0.057 -3.86718,-0.94336 -1.7316,-1.3623 -5.0712,-1.38336 -7.6875,-0.0488 -0.5872,0.2996 -3.56775,0.70073 -6.62305,0.89063 -3.0554,0.1899 -7.3437,0.64722 -9.5293,1.01562 -2.1855,0.3685 -5.90964,0.68985 -8.27734,0.71485 -2.3677,0.0255 -6.06625,0.41894 -8.21875,0.87304 -5.0796,1.0717 -10.88707,0.35144 -12.41797,-1.53906 -0.6054,-0.7477 -1.35035,-1.3518 -1.65625,-1.3418 -0.7033,0.0227 -5.51687,4.47 -5.54687,5.125 -0.0124,0.2683 -0.59698,1.67962 -1.30079,3.13672 -0.7038,1.457 -1.29073,3.00114 -1.30273,3.43164 -0.0124,0.4305 -0.94326,1.43904 -2.06836,2.24024 -3.6745,2.6164 -5.90234,6.38573 -5.90234,9.99023 0,2.035 0.28775,3.21289 0.78515,3.21289 1.0834,0 3.85157,2.68774 3.85157,3.74024 0,0.4735 0.89734,1.32538 1.99414,1.89258 1.6341,0.8449 1.92184,1.32378 1.58984,2.64648 -0.2688,1.0709 0.0867,2.41097 1.05664,3.98047 0.9682,1.5664 1.34272,2.97275 1.10742,4.16016 -0.9669,4.87909 -1.12064,4.63766 2.37696,3.75976 2.2963,-0.5763 2.51289,1.10746 0.33789,2.63086 l -1.47266,1.03125 h 1.58594 c 1.869,0 4.01633,1.7514 3.98633,3.25 -0.0287,1.4358 -1.57408,3.37081 -2.70118,3.38281 -2.1894,0.0241 -2.75985,1.0437 -1.90625,3.4043 0.7178,1.985 0.64938,2.52613 -0.57812,4.55273 -1.0144,1.6747 -1.98084,2.38966 -3.55664,2.63086 -2.0647,0.3159 -2.16589,0.46685 -2.21289,3.31055 -0.087,5.2743 -0.0992,5.29883 -2.46875,5.29883 -1.2021,0 -2.51914,-0.33544 -2.92774,-0.74414 -0.9372,-0.9372 -0.35453,-2.56836 0.91797,-2.56836 0.6024,0 0.76967,-0.30757 0.44727,-0.82617 -0.2832,-0.4553 -0.5792,-2.57604 -0.6582,-4.71094 -0.1212,-3.2891 0.0439,-3.92977 1.08203,-4.20117 0.6737,-0.1762 1.39019,-0.97795 1.59179,-1.78125 0.2045,-0.8149 1.40038,-1.95397 2.70508,-2.57618 1.2863,-0.61338 2.34766,-1.49192 2.34766,-1.95312 0.004,-0.4612 1.25751,-1.43556 2.78711,-2.16406 2.757,-1.3131 2.76566,-1.32507 0.88086,-1.54297 -2.2347,-0.2583 -4.84717,-1.82262 -6.53907,-3.91602 -0.6639,-0.8214 -1.6533,-1.49414 -2.19922,-1.49414 -0.86169,0 -0.85654,0.13762 0.0469,1.04102 1.1097,1.1098 1.28677,2.18219 0.63867,3.87109 -0.4186,1.0908 -2.9082,1.48709 -2.9082,0.46289 0,-0.3218 -0.63506,-0.75042 -1.41016,-0.95312 -1.1669,-0.3052 -1.33154,-0.68957 -0.96093,-2.23047 0.24619,-1.0236 0.58831,-2.45705 0.76171,-3.18555 0.5741,-2.4128 -0.59943,-3.25653 -3.45703,-2.48633 -4.8932,1.3188 -9.18006,3.1582 -10.03906,4.3086 -1.1665,1.5622 -3.89637,1.46988 -4.91797,-0.16602 -0.9945,-1.5925 -2.0971,-1.67916 -3.6543,-0.28906 -2.2628,2.02 -6.20308,4.26367 -7.48828,4.26367 -0.7173,0 -1.88274,-0.36123 -2.58984,-0.80273 -1.6895,-1.0552 -2.49868,-0.18598 -1.20508,1.29492 0.5983,0.6849 1.15472,2.99464 1.35352,5.61914 l 0.33789,4.45703 -2.98633,1.66992 c -1.6426,0.918 -4.02126,1.66797 -5.28516,1.66797 -2.254,0 -6.14453,1.76887 -6.14453,2.79297 0,0.7567 -2.49857,0.63722 -2.98047,-0.14258 -0.2251,-0.3642 -0.76346,-0.65358 -1.19726,-0.64258 -1.167,0.0293 4.82703,5.15569 7.29883,6.24219 1.1699,0.5142 2.95705,2.13592 3.97265,3.60352 2.0334,2.9383 3.52997,3.35274 5.38867,1.49414 1.2558,-1.2558 6.30406,-2.42631 7.43946,-1.72461 0.3491,0.2158 1.36882,1.84163 2.26562,3.61133 0.8968,1.7697 1.87167,3.36572 2.16797,3.54882 0.2962,0.1831 1.86061,-0.25786 3.47461,-0.98046 4.1795,-1.8712 5.49675,-1.29224 8.06445,3.54296 1.7982,3.3861 2.5526,4.1911 4.2461,4.5293 1.1327,0.2263 2.7643,0.90491 3.625,1.50781 0.9551,0.6689 2.86881,1.09571 4.91211,1.09571 1.8413,0 3.93579,0.40503 4.65429,0.89843 0.7185,0.4935 3.83935,1.72634 6.93555,2.74024 3.0962,1.0139 6.77965,2.42095 8.18555,3.12695 2.6779,1.3447 7.04883,5.31876 7.04883,6.41016 0,1.0074 3.18913,3.25118 5.27343,3.70898 2.1093,0.4632 2.85719,1.62622 1.95899,3.04492 -1.6895,2.669 -0.53746,4.8832 5.99804,11.5293 1.0746,1.0928 2.3952,3.02979 2.9336,4.30469 0.5385,1.2749 2.18821,3.47557 3.66601,4.88867 3.3768,3.229 3.69924,5.69159 1.58594,12.11719 -1.5279,4.6459 -0.71981,5.71201 3.86719,5.10351 4.1437,-0.5496 7.58984,0.91649 9.68164,4.11719 0.9232,1.4126 2.66023,2.81441 4.42383,3.57031 3.296,1.4129 4.32226,2.88373 4.32226,6.20313 0,3.4595 2.33855,5.72356 8.65625,8.38086 4.1305,1.7372 5.7481,2.78783 6.5293,4.23633 0.5713,1.0592 1.80102,2.81157 2.73242,3.89257 1.6682,1.9362 1.72439,1.94938 3.77539,0.88868 2.738,-1.4158 4.51569,-1.35879 7.08399,0.22851 2.0927,1.2934 10.22584,2.16131 42.74804,4.56641 v 0.002 c 4.1889,0.3098 7.86854,0.60525 8.17774,0.65625 0.3093,0.0513 1.5336,-0.36834 2.7207,-0.93164 2.2294,-1.0579 5.28536,-4.61731 13.44336,-15.66211 2.6085,-3.5316 6.80614,-8.763 9.32812,-11.625 4.16071,-4.7217 4.49983,-5.31822 3.66993,-6.45312 -0.5031,-0.688 -0.91407,-2.53587 -0.91407,-4.10547 0,-2.6279 0.13539,-2.85352 1.7129,-2.85352 1.6825,0 7.55859,-3.68213 7.55859,-4.73633 0,-1.185 8.83632,-9.79336 14.82812,-14.44726 3.5016,-2.7197 6.36329,-5.25436 6.36329,-5.63086 -0.002,-0.3765 -1.12826,-2.17479 -2.50196,-3.9961 -2.3792,-3.15449 -2.69605,-3.33914 -6.68554,-3.93164 l -4.1875,-0.62304 0.44921,-5.00782 c 0.6796,-7.5525 1.41038,-10.14282 3.32618,-11.79492 1.6073,-1.3862 2.384,-1.49564 11.1289,-1.55664 5.1704,-0.0363 10.07865,-0.25919 10.90625,-0.49609 1.4212,-0.4068 1.44688,-0.51434 0.45508,-1.92774 -1.0008,-1.4262 -19.84807,-15.13361 -26.13477,-19.00781 -3.6319,-2.2383 -7.58884,-5.93998 -9.30664,-8.70508 -2.0168,-3.2463 -9.89843,-26.59912 -9.89843,-29.32812 0,-1.5396 1.02331,-4.56074 2.72851,-8.05664 2.5741,-5.2772 2.75985,-6.06152 3.28125,-13.82422 0.421,-6.2674 1.07228,-9.93648 2.73438,-15.39258 2.5759,-8.4555 2.26779,-8.31843 10.96289,-4.89453 5.5279,2.1767 6.48054,2.32938 20.99804,3.36328 8.364,0.5956 15.81415,1.39153 16.55665,1.76953 0.74249,0.3779 3.03786,1.9948 5.10156,3.5918 2.7948,2.1628 4.34496,2.90234 6.07226,2.90234 3.1484,0 7.71599,-2.05834 12.95899,-5.83984 7.5083,-5.4154 8.97862,-6.01541 21.44922,-8.75391 11.6801,-2.565 12.26893,-2.6265 25.58593,-2.6875 7.4967,-0.0345 17.20703,-0.25739 21.57813,-0.49609 l 7.94726,-0.43555 11.54493,-9.27148 c 7.7215,-6.2016 11.16147,-9.34409 10.39257,-9.49219 -0.6323,-0.1217 -1.03187,-0.56944 -0.88867,-0.99414 0.1432,-0.4247 -0.20775,-1.11862 -0.78125,-1.54102 -0.9473,-0.6978 -0.94562,-0.87892 0.0234,-1.98632 0.7371,-0.8423 1.15723,-2.95706 1.36133,-6.84766 0.3946,-7.5233 0.32415,-7.7342 -2.46875,-7.4082 -2.9797,0.3479 -3.07551,-1.15165 -0.16211,-2.52735 2.5257,-1.1927 2.3157,-0.49958 5.8789,-19.39648 2.7226,-14.439 2.80937,-15.28371 2.00977,-19.53711 -1.3314,-7.083 -1.53143,-9.46102 -0.86523,-10.29102 1.1074,-1.3799 0.0346,-4.93233 -2.27149,-7.52343 -2.1803,-2.4497 -2.83036,-4.40713 -1.69726,-5.10743 1.0296,-0.6363 0.0294,-4.23987 -1.27149,-4.58007 -0.6876,-0.1798 -1.52713,-1.05396 -1.86523,-1.94336 -0.3382,-0.8894 -1.1542,-2.15616 -1.8125,-2.81446 -0.6584,-0.6584 -1.22953,-1.97176 -1.26953,-2.91797 -0.0501,-1.1913 -0.48502,-1.78162 -1.41602,-1.91992 -1.2328,-0.1831 -2.85156,-2.55488 -2.85156,-4.17968 0,-0.3715 -0.74565,-1.65181 -1.65625,-2.84571 -0.9107,-1.1939 -1.6543,-2.50596 -1.6543,-2.91406 0,-0.4081 -0.59677,-1.06077 -1.32617,-1.45117 -1.0588,-0.5666 -1.61959,-0.43803 -2.77539,0.63867 -0.7962,0.7419 -1.68888,1.34961 -1.98438,1.34961 -0.2956,0 -0.53711,0.72719 -0.53711,1.61719 0,0.89 -0.61147,2.04651 -1.35937,2.57031 -0.7479,0.5239 -1.39741,1.65878 -1.44141,2.52148 -0.0442,0.8628 -0.47558,2.03954 -0.95898,2.61524 -0.6818,0.812 -0.72723,1.77689 -0.20313,4.30469 0.3715,1.7921 0.77795,6.48874 0.90235,10.43554 0.1933,6.1318 0.0712,7.22973 -0.83985,7.54883 -2.0157,0.7061 -4.06903,3.03978 -3.69921,4.20508 0.37809,1.1913 -2.42485,3.91797 -4.02735,3.91797 -0.4683,0 -1.04164,0.86297 -1.27344,1.91797 -0.6001,2.7324 -2.55062,4.29751 -4.79882,3.84961 -1.0888,-0.2168 -2.364,0.0184 -3.125,0.57617 -0.7071,0.5182 -1.83627,0.9414 -2.50977,0.9414 -1.9666,0 -6.33629,2.51484 -6.77539,3.89844 -0.2219,0.6989 0.0537,4.33172 0.61328,8.07422 0.5596,3.7425 1.01758,8.54723 1.01758,10.67773 0,3.8185 -0.0576,3.93599 -3.97461,8.14649 -4.5355,4.8753 -4.63026,5.33416 -2.94336,14.22656 1.3322,7.0226 0.93946,7.67694 -6.08984,10.11524 -6.209,2.1538 -8.18555,2.30584 -8.18555,0.63086 0,-0.90541 1.33483,-1.62293 5.61133,-3.01563 3.0868,-1.0053 5.77099,-2.08198 5.96289,-2.39258 0.192,-0.3106 -0.0998,-2.90266 -0.64649,-5.75976 -1.6905,-8.8346 -1.45247,-10.60653 1.98633,-14.79883 3.4651,-4.224 3.43936,-3.98045 1.84766,-16.96485 l -1.14649,-9.34961 -4.32422,0.27344 c -8.2726,0.5258 -8.35085,0.56188 -14.59374,6.58008 -3.20651,3.0911 -6.01755,6.37076 -6.24805,7.28906 -0.3724,1.4836 -0.65618,1.62086 -2.54688,1.22266 -3.9252,-0.8267 -3.9458,-2.30567 -0.0664,-4.82617 1.9394,-1.2601 2.29139,-1.82206 1.96289,-3.13086 -0.329,-1.3108 -0.10167,-1.66857 1.27344,-2.01367 0.92038,-0.231 2.78733,-1.66771 4.14843,-3.19141 3.3753,-3.7785 5.9374,-5.44459 9.2168,-5.99219 l 2.76953,-0.46289 -6.64844,-8.59375 c -6.4401,-8.3248 -6.61087,-8.63371 -5.48047,-9.88281 0.6418,-0.7092 1.53097,-1.29102 1.97657,-1.29102 0.4455,0 3.70518,3.80102 7.24218,8.44532 3.5369,4.6443 6.92595,8.64693 7.53125,8.89453 3.8304,1.5667 12.72086,-1.6447 12.19336,-4.4043 -0.3488,-1.8246 1.39928,-3.66211 3.48438,-3.66211 0.8632,0 1.75331,-0.29976 1.97851,-0.66406 0.2251,-0.3642 1.13368,-0.66211 2.01758,-0.66211 1.3529,0 1.72518,-0.47184 2.35938,-2.99024 0.4143,-1.6453 1.01448,-3.15416 1.33398,-3.35156 1.0114,-0.6251 0.62758,-4.00735 -0.57812,-5.09375 -0.6375,-0.5744 -2.20167,-1.14222 -3.47657,-1.26172 -1.9529,-0.1831 -2.34918,-0.49427 -2.52148,-1.98437 -0.1601,-1.385 0.52028,-2.48919 3.14258,-5.08399 2.225,-2.2017 3.21532,-3.66402 2.94922,-4.35742 -0.2203,-0.574 -0.63127,-1.04297 -0.91407,-1.04297 -0.7965,0 -1.29892,-2.64394 -0.89062,-4.68554 0.2451,-1.2256 0.67817,-1.71983 1.29687,-1.48242 0.5109,0.1961 1.40634,-0.0408 1.99024,-0.5254 0.8558,-0.7102 0.98013,-1.66931 0.64453,-4.94531 l -0.41602,-4.06445 2.62696,-1.82031 c 1.4445,-1.0011 3.04474,-2.46019 3.55664,-3.24219 1.3389,-2.0453 1.81356,-12.10955 0.69726,-14.78125 -0.9049,-2.1662 -2.22851,-3.49689 -2.22851,-2.24219 0,1.0426 -1.08101,0.84868 -2.34961,-0.41992 -1.0519,-1.0518 -1.23319,-0.98014 -2.9961,1.16016 -1.0325,1.2535 -2.71196,4.13349 -3.73046,6.40039 -1.3016,2.8973 -2.21879,4.12567 -3.08789,4.13867 -0.9082,0.013 -1.14349,-0.33069 -0.89649,-1.27539 0.186,-0.711 1.9e-4,-1.40362 -0.41211,-1.54102 -0.5419,-0.1806 -0.5089,-0.78116 0.1211,-2.16406 1.3909,-3.0527 1.6663,-8.86193 0.4414,-9.33203 -0.5571,-0.2137 -1.38328,-0.0934 -1.83398,0.26562 -0.4507,0.359 -3.31946,0.8634 -6.37696,1.1211 -3.0574,0.2578 -6.03794,0.69982 -6.62304,0.98242 -0.5852,0.2827 -2.0054,1.00316 -3.1543,1.60156 -1.149,0.5984 -2.68877,1.08789 -3.42187,1.08789 -0.733,0 -1.43656,0.31367 -1.56446,0.69727 -0.1278,0.3835 -1.29981,0.93842 -2.60351,1.23242 -2.0181,0.4552 -2.50607,0.32652 -3.28907,-0.86328 -2.6737,-4.0629 -3.27925,-7.7414 -1.65625,-10.0586 0.8529,-1.2177 0.74645,-1.52379 -1.16015,-3.37109 -1.6321,-1.5814 -2.92246,-2.13398 -5.81836,-2.48828 l -3.7207,-0.45508 -1.41211,2.39258 c -0.7764,1.316 -1.41016,2.67046 -1.41016,3.00977 0,0.33929 -0.51694,1.22148 -1.14844,1.95898 -0.6314,0.7375 -1.46039,2.453 -1.84179,3.8125 -0.5539,1.9741 -1.07525,2.53779 -2.58985,2.80469 -1.0431,0.1837 -2.50098,1.14421 -3.23828,2.13281 -1.231,1.6506 -1.27202,2.08217 -0.51172,5.29687 0.4554,1.9255 0.72832,4.9912 0.60742,6.8125 l -0.21875,3.3125 -3.60742,0.20508 c -4.6626,0.2646 -6.46889,-0.22181 -6.99609,-1.88281 -0.2346,-0.7391 -1.21967,-2.07922 -2.18945,-2.97852 -1.5096,-1.3998 -2.40156,-1.63671 -6.19336,-1.63671 -3.996,0 -4.56239,0.17169 -5.80079,1.74609 -0.7549,0.9597 -1.37304,2.27829 -1.37304,2.92969 0,1.298 -3.05429,5.25976 -4.05469,5.25976 -1.5279,0 -11.46017,4.25499 -12.60547,5.40039 -2.0028,2.0028 -2.68982,0.7892 -1.20312,-2.125 0.9908,-1.9421 1.73921,-2.61328 2.91601,-2.61328 2.2334,0 9.04136,-2.62674 10.75196,-4.14844 0.7888,-0.7016 1.63174,-2.06795 1.87304,-3.03515 0.2413,-0.9671 1.23363,-2.79671 2.20703,-4.06641 0.9733,-1.2698 1.91947,-3.35662 2.10157,-4.63672 l 0.33203,-2.32617 5.29687,-0.35742 c 4.1787,-0.2816 5.95197,-0.74184 8.38867,-2.18164 1.6994,-1.004 3.44888,-2.25916 3.88868,-2.78906 0.4481,-0.5399 1.92994,-0.96485 3.36914,-0.96485 2.6417,0 3.34253,-0.82457 1.55273,-1.82617 -0.558,-0.3122 -1.52654,-1.59376 -2.15234,-2.84766 -1.2853,-2.5751 -2.92326,-3.02467 -12.13868,-3.33007 -4.71078,-0.1561 -5.32923,-0.007 -9.46093,2.26367 -4.7215,2.5953 -6.48676,2.94849 -7.78516,1.55859 -0.6699,-0.7171 -1.43755,-0.64091 -4.34375,0.42969 -1.9413,0.7151 -3.70929,1.11884 -3.92969,0.89844 -1.026,-1.0261 0.65387,-2.25689 4.98047,-3.65039 l 4.7168,-1.51954 v -3.18164 c 0,-2.9962 -0.0914,-3.1635 -1.58008,-2.8789 -0.8695,0.1662 -3.32914,-0.3116 -5.46484,-1.0625 -2.1357,-0.7509 -5.14917,-1.68557 -6.69727,-2.07617 -1.7035,-0.4297 -2.81445,-1.09194 -2.81445,-1.67774 0,-1.3093 0.81556,-1.23427 7.31836,0.67383 8.5492,2.5085 8.85485,2.32695 4.12304,-2.46875 -2.24629,-2.2766 -4.39398,-4.96446 -4.77148,-5.97266 -0.3775,-1.0083 -1.43631,-2.11809 -2.35352,-2.46679 -1.86769,-0.7101 -2.18052,-1.83642 -0.66992,-2.41602 1.3975,-0.5363 4.15547,1.42936 5.13477,3.66016 0.4521,1.0297 3.7703,4.67185 7.375,8.09375 l 6.55469,6.2207 8.34765,-0.0898 c 4.8689,-0.0526 10.69305,-0.56186 13.97657,-1.22266 3.09618,-0.623 6.67236,-1.2002 7.94726,-1.2832 3.9176,-0.2538 7.25633,-2.06331 7.67774,-4.16211 0.73298,-3.6501 1.88788,-4.43736 6.9375,-4.72266 l 4.65429,-0.26172 6.20508,6.36719 c 3.4126,3.5026 6.45206,6.39192 6.75586,6.41992 0.3037,0.0279 2.2013,0.16203 4.2168,0.29883 2.0155,0.1367 4.34819,0.50155 5.18359,0.81055 1.0601,0.3922 2.85435,0.10291 5.93945,-0.95899 2.4308,-0.8367 5.06681,-1.37396 5.85743,-1.19336 2.5909,0.5919 3.53793,-0.24396 3.26953,-2.88476 -0.135,-1.3285 -0.55891,-3.19986 -0.94141,-4.16016 -0.8616,-2.1629 -7.84526,-6.52883 -10.47656,-6.54883 -2.3031,-0.0176 -6.84996,-2.00308 -8.13086,-3.55078 -1.3871,-1.6762 0.12529,-3.03125 1.74609,-1.56445 1.6147,1.4613 4.43669,2.46001 7.95899,2.81641 1.6298,0.1649 4.54225,1.09867 6.47265,2.07617 3.3008,1.6713 3.57621,1.71099 4.63281,0.65429 1.31321,-1.3131 2.13807,-1.14001 8.60157,1.80079 3.9368,1.7912 4.95931,2.01184 6.78711,1.46484 1.4521,-0.4346 2.15234,-1.0549 2.15234,-1.9082 0,-0.9871 0.36021,-1.19643 1.63281,-0.95313 1.8119,0.3464 4.02756,-1.55118 4.43946,-3.80078 0.1334,-0.7285 0.7243,-1.32398 1.3125,-1.33398 0.9991,-0.009 14.77476,-11.96637 19.63086,-17.03907 2.0232,-2.1134 2.19547,-2.64091 2.38085,-7.34961 0.12622,-3.2067 -0.0557,-5.07421 -0.49218,-5.07421 -0.4213,-10e-6 -0.37943,-0.31003 0.10547,-0.79493 1.4089,-1.4089 0.84491,-2.04 -0.83789,-0.9375 -2.0461,1.3405 -4.57465,1.37476 -5.65235,0.0762 -0.6943,-0.83659 -0.44618,-1.15004 1.57422,-1.99414 1.3194,-0.5513 2.39844,-1.4671 2.39844,-2.0332 0,-0.7278 0.38752,-0.90462 1.32422,-0.60742 0.89,0.2825 1.32422,0.11925 1.32422,-0.49805 0,-0.5052 0.74003,-1.56321 1.64453,-2.34961 1.2173,-1.0584 1.58506,-1.94506 1.41406,-3.41406 -0.1725,-1.4811 0.0817,-2.08425 1.00391,-2.37695 0.6797,-0.2157 1.23632,-0.95042 1.23632,-1.63281 0,-0.68251 0.28642,-1.41827 0.63672,-1.63477 0.3823,-0.2363 0.40912,-0.99333 0.0664,-1.89453 -0.7245,-1.9057 0.14005,-3.4857 2.18945,-4 2.2333,-0.5606 2.72235,-2.99936 0.93555,-4.66406 -0.9618,-0.896 -1.50485,-1.06349 -1.68555,-0.52149 -0.362,1.0861 -1.17998,1.00351 -2.42578,-0.24219 -0.9457,-0.9461 -1.04102,-0.92029 -1.04101,0.28321 0,1.4051 -2.87724,4.07031 -4.39454,4.07031 -1.2977,0 -1.11442,-1.73499 0.33008,-3.12109 0.6792,-0.6516 1.58026,-1.84751 2.00196,-2.65821 0.68209,-1.3112 0.58365,-1.51958 -0.90235,-1.89258 -0.9187,-0.2305 -1.67187,-0.65526 -1.67187,-0.94336 0,-0.28818 0.99599,-2.0042 2.21289,-3.8125 1.2169,-1.80829 2.4002,-3.77519 2.6289,-4.37109 0.524,-1.3651 1.70089,-1.40081 2.21289,-0.0664 0.3511,0.91472 0.54736,0.9147 1.94336,0 0.8539,-0.5595 1.97368,-1.01757 2.48828,-1.01757 0.5146,0 1.34275,-0.48899 1.83985,-1.08789 0.8034,-0.968 0.73757,-1.03599 -0.58203,-0.61719 -1.167,0.3704 -1.62473,0.14205 -2.14453,-1.06445 -0.3637,-0.844 -1.03404,-2.06509 -1.49024,-2.7129 -0.5517,-0.7835 -0.60304,-1.33834 -0.15234,-1.65624 0.3727,-0.26282 1.1895,-1.28394 1.8164,-2.26954 l 1.14063,-1.79101 -2.85156,-1.96289 c -1.7334,-1.1926 -3.32932,-3.02068 -4.07032,-4.66406 -0.6705,-1.48681 -1.47225,-2.70313 -1.78125,-2.70313 -0.3089,0 -0.56054,-1.19329 -0.56054,-2.65039 0,-2.4127 0.15331,-2.64844 1.72461,-2.64844 1.6139,0 1.7039,-0.16117 1.3789,-2.48437 -0.191,-1.366 -0.54601,-3.2487 -0.78711,-4.1836 -0.3427,-1.3286 0.0796,-2.37784 1.9336,-4.80664 1.3046,-1.7091 2.37304,-3.25459 2.37304,-3.43359 -0.0332,-0.002 -0.0656,-0.002 -0.0976,-0.004 0.49559,-1.14826 -0.94454,-3.52764 -3.16406,-3.95508 -0.775,-0.1493 -2.92104,-1.92476 -4.76954,-3.94726 -2.9922,-3.2739 -3.64706,-3.67774 -5.97656,-3.67774 -2.3543,0 -2.7119,-0.22843 -3.5664,-2.27343 -1.18962,-2.8473 -2.28741,-3.59302 -2.31641,-1.57422 l -0.0215,1.5293 -1.25586,-1.50391 -1.2539,-1.50391 -0.21484,1.4961 c -0.30761,2.1577 -2.37945,2.34336 -2.90235,0.25976 -0.3242,-1.2916 -0.008,-2.05407 1.39649,-3.35547 l 1.81836,-1.68359 h -1.7129 c -2.4854,0 -2.80905,-1.14225 -0.46875,-1.65625 2.5812,-0.5669 1.90809,-1.74025 -0.69921,-1.21875 -1.6362,0.3272 -1.9018,0.21081 -1.5586,-0.68359 0.4539,-1.1829 -0.21526,-1.37957 -1.63476,-0.48047 -0.5017,0.3179 -0.69956,0.92285 -0.43946,1.34375 0.2602,0.421 0.12899,1.17944 -0.29101,1.68554 -0.6444,0.7765 -0.9463,0.7373 -1.9336,-0.25 -0.6434,-0.6434 -1.17578,-1.59142 -1.17578,-2.10742 -0.003,-0.5161 -0.23056,-1.63864 -0.50586,-2.49414 -0.4269,-1.3264 -0.31588,-1.49695 0.75782,-1.15625 0.6925,0.2198 1.83942,-0.0282 2.54882,-0.55078 1.269,-0.9347 1.26568,-0.9725 -0.19921,-2.3457 l -1.48829,-1.39453 -1.82226,2.8789 c -1.0023,1.5834 -2.71775,4.70806 -3.81055,6.94336 -1.7029,3.4833 -2.24769,4.06961 -3.80859,4.09961 -1.0018,0.0196 -1.81055,-0.18774 -1.81055,-0.46094 0.0316,-1.5596 1.90169,-6.15901 3.43359,-8.44531 0.9762,-1.4571 1.973,-3.469 2.2168,-4.4707 0.3744,-1.5386 0.23254,-1.82032 -0.91406,-1.82031 -0.7465,-2e-5 -1.54053,-0.29791 -1.76563,-0.66211 -0.762,-1.2329 -2.71824,-0.67205 -7.31054,2.09765 -6.3111,3.8064 -10.68006,5.45692 -14.34766,5.41992 -2.0256,-0.0207 -3.23208,0.28013 -3.45508,0.86133 -0.1886,0.4914 -1.24736,0.89258 -2.35156,0.89258 -1.854,0 -2.00781,-0.17762 -2.00781,-2.32422 0,-1.5049 0.46857,-2.72478 1.32617,-3.45898 0.7285,-0.6238 1.32422,-1.9028 1.32422,-2.8418 0,-0.939 0.3226,-2.02963 0.7168,-2.42383 1.17639,-1.1764 -0.75339,-3.47487 -3.55079,-4.23047 -1.00165,-0.27055 -2.3652,-0.38215 -3.91992,-0.35937 z m -160.17969,72.37109 c -0.2648,-0.007 -0.8795,0.30569 -2,0.9668 l -2.46679,1.45508 1.55859,0.86523 c 2.1279,1.1801 2.55078,1.12023 2.55078,-0.35937 0,-0.6987 0.18571,-1.75375 0.41211,-2.34375 0.14543,-0.37901 0.15129,-0.57836 -0.0547,-0.58399 z m -29.76562,104.24414 v 2.34961 c 0,2.2917 0.0517,2.33898 2.08398,1.89258 2.0453,-0.4492 2.07638,-0.41868 1.67188,1.60352 -0.2267,1.1335 -0.16016,2.06054 0.14844,2.06054 0.3086,0 0.75137,1.19329 0.98437,2.65039 0.233,1.457 0.75832,2.64844 1.16602,2.64844 0.4745,0 0.60769,0.81924 0.37109,2.27734 -0.2492,1.5356 -0.0627,2.5316 0.57227,3.0586 1.298,1.0772 5.85795,0.91593 8.28125,-0.29297 1.1035,-0.5505 2.36829,-0.86431 2.80859,-0.69531 1.1309,0.4339 2.28617,4.50639 1.70117,5.99609 -0.2693,0.6856 -0.51111,2.06666 -0.53711,3.06836 -0.0256,1.0017 -0.32381,1.82031 -0.66211,1.82031 -1.2721,0 -2.69531,2.15307 -2.69531,4.07617 0,2.5367 -1.31774,2.22623 -2.58984,-0.60937 -0.5139,-1.1457 -1.37692,-2.25218 -1.91602,-2.45899 -1.2155,-0.46649 -4.10351,1.35008 -4.10351,2.58008 0,1.3242 -1.67919,1.75103 -3.02149,0.76953 -0.9511,-0.6955 -1.08851,-1.46806 -0.75781,-4.25976 0.21496,-1.81689 0.27912,-3.31252 0.14844,-3.4043 -5e-4,-2.7e-4 -0.003,-0.003 -0.004,-0.004 h -0.002 -0.002 -0.002 -0.002 -0.002 c -0.15554,0.0206 -0.86411,1.34638 -1.58007,2.96484 -1.1742,2.6546 -1.2124,3.16496 -0.3711,4.85156 1.2955,2.5967 1.44344,8.02736 0.24024,8.78906 -1.8,1.1393 -5.11947,0.71577 -5.57227,-0.71093 -0.4547,-1.4328 -1.96635,-1.76951 -2.68945,-0.59961 -0.2463,0.3989 -1.13918,0.59118 -1.98438,0.42969 -1.3423,-0.25671 -1.5911,0.0324 -1.9707,2.27929 -0.7308,4.3256 1.80948,5.9982 4.17578,2.75 1.4234,-1.9541 3.46094,-1.78624 3.46094,0.28516 0,2.9525 1.40456,2.61693 5.28515,-1.26367 3.0202,-3.0203 4.32572,-3.88086 5.88282,-3.88086 2.4271,0 3.05944,0.83118 1.96484,2.58398 -0.6858,1.0981 -0.61924,1.54034 0.41016,2.67774 1.8972,2.0964 3.67773,1.78331 3.67773,-0.64649 0,-2.3302 1.79897,-3.46218 2.76367,-1.73828 0.3372,0.6026 1.23043,1.0957 1.98633,1.0957 1.1584,0 1.31665,0.29753 0.99805,1.89063 -0.2079,1.0396 -0.0493,2.22024 0.35351,2.62304 0.5351,0.53511 0.30202,1.54179 -0.86328,3.73829 -1.6494,3.1092 -3.12998,3.75776 -4.58398,2.00586 -1.2453,-1.5006 -2.68055,-0.02 -2.21875,2.28906 0.2862,1.4312 0.0873,1.90967 -0.90039,2.16797 -1.027,0.2684 -1.21258,0.78738 -0.98438,2.74218 0.2426,2.0775 0.0941,2.41211 -1.06836,2.41211 -0.7424,0 -1.7561,-0.37282 -2.2539,-0.82812 -0.4978,-0.4554 -1.64759,-1.48923 -2.55469,-2.29883 l -1.64844,-1.47266 -3.01758,1.52735 -3.01757,1.52734 1.58398,1.84375 c 1.2265,1.4258 1.53947,2.46148 1.38477,4.58008 -0.1875,2.5685 -0.3173,2.72851 -2.11328,2.59961 -1.0528,-0.0756 -2.54205,-0.72441 -3.31055,-1.44141 -1.7383,-1.6219 -4.39133,-2.28418 -5.70313,-1.42578 -1.333,0.8722 -0.12967,2.83866 2.04883,3.34766 1.9534,0.4565 2.58754,3.91306 0.96485,5.25976 -2.13041,1.7681 -1.06006,4.27319 2.11914,4.96289 l 2.15234,0.4668 v -3.29297 c 0,-2.392 0.28597,-3.40331 1.04687,-3.69531 2.1742,-0.8343 3.29789,-0.32322 4.58399,2.08398 0.7292,1.365 1.77266,2.48243 2.31836,2.48243 1.3499,0 3.14713,-1.80024 2.79883,-2.80274 -0.2408,-0.6932 0.13592,-2.26594 2.23632,-9.33984 0.5754,-1.9378 1.9423,-0.13812 2.3418,3.08398 0.6323,5.1001 0.92086,5.61922 2.56836,4.60352 1.4694,-0.9059 4.13628,-5.09928 4.95899,-7.79688 0.53618,-1.7582 1.45684,-2.62362 2.81054,-2.64062 0.5884,-0.007 0.82813,1.40415 0.82813,4.87695 0,3.5352 0.27338,5.11444 0.99218,5.71094 0.5463,0.4535 0.99415,1.24516 0.99415,1.75976 -10e-6,0.6916 0.30703,0.77069 1.17773,0.30469 0.6478,-0.3467 2.57264,-0.63086 4.27734,-0.63086 3.0398,0 3.09152,0.0364 2.72852,1.85156 -0.2036,1.01791 -0.02,2.50253 0.40625,3.29883 0.601,1.1227 0.5865,1.67308 -0.0625,2.45508 -0.8626,1.0394 -2.54111,0.97716 -7.25781,-0.27344 -1.7695,-0.4692 -2.68722,-0.40056 -3.60352,0.26953 -0.6834,0.49971 -2.86571,0.9043 -4.91211,0.9043 -2.9284,0.005 -4.80684,0.54685 -9.18164,2.65235 -3.8486,1.8523 -5.98574,2.52473 -7.11914,2.24023 -1.3946,-0.35 -1.61914,-0.1766 -1.61914,1.25 0,0.9111 -0.47263,1.83749 -1.04883,2.05859 -0.5762,0.2208 -1.24673,0.3625 -1.49023,0.3125 -0.2433,-0.0496 -1.18184,-0.22758 -2.08594,-0.39648 -0.904,-0.1689 -2.67675,-1.21552 -3.93945,-2.32422 l -2.29493,-2.01562 -1.73828,2.08203 c -1.3339,1.5977 -2.26601,2.08226 -4.00781,2.07226 -2.6575,-0.0119 -3.21931,-0.34362 -4.82031,-2.85742 -1.6543,-2.5974 -1.03974,-3.84465 1.63086,-3.31055 1.6162,0.3232 2.32146,0.13512 3.00586,-0.80078 1.9738,-2.6994 0.34978,-6.52983 -3.32032,-7.83203 -0.8219,-0.2915 -1.12233,-0.86851 -0.89843,-1.72461 0.1849,-0.7072 -0.08,-1.82031 -0.58789,-2.47461 -0.8848,-1.1399 -0.96412,-1.13618 -1.91602,0.0957 -1.5212,1.9685 -1.25204,4.80524 0.56836,5.99804 1.1465,0.7512 1.47649,1.46052 1.24609,2.66602 -0.3562,1.8633 -1.62794,2.07594 -4.24414,0.71094 -1.6028,-0.8363 -1.97828,-0.77809 -4.05468,0.63281 -2.3438,1.5927 -3.11915,2.81155 -3.11915,4.90625 0,0.6541 -0.40985,1.52826 -0.91015,1.94336 -1.5236,1.2645 -3.04363,0.10238 -3.48633,-2.66602 -0.2279,-1.4254 -0.67178,-2.75176 -0.98828,-2.94726 -1.0325,-0.6382 -0.60505,-2.71017 0.68555,-3.32227 1.9541,-0.9266 6.01953,-6.1865 6.01953,-7.7793 -0.002,-0.7852 -0.4656,-2.31147 -1.0293,-3.39257 -1.2634,-2.4229 -0.74449,-4.99024 1.00781,-4.99024 0.7001,0 1.45654,0.29976 1.68164,0.66406 0.6011,0.9725 1.65625,0.80518 1.65625,-0.26171 0,-0.50741 -0.44774,-1.09304 -0.99414,-1.30274 -1.1127,-0.427 -1.37564,-4.08246 -0.33984,-4.72266 0.8173,-0.5051 0.43016,-4.50052 -0.46484,-4.79882 -1.054,-0.3513 -4.82422,3.53941 -4.82422,4.97851 0,0.7199 -0.4225,1.65854 -0.9375,2.08594 -0.7413,0.6152 -1.23484,0.45845 -2.36914,-0.74805 -1.834,-1.9506 -1.3717,-5.78761 1.0039,-8.34961 0.9024,-0.9731 1.64063,-2.44508 1.64063,-3.27148 0,-1.3012 -0.16708,-1.39937 -1.23828,-0.73047 -0.6802,0.4245 -1.72532,0.58342 -2.32422,0.35352 -0.8992,-0.345 -1.01703,-1.03313 -0.67383,-3.95313 0.4334,-3.6882 -0.56503,-5.77148 -2.76563,-5.77148 -1.0826,0 -1.316,-3.00428 -0.2832,-3.64258 1.1545,-0.7135 0.71289,-1.76082 -0.57031,-1.35352 -2.2359,0.7096 -3.4046,-0.27232 -3.4043,-2.85742 2e-4,-2.0046 0.61638,-3.08002 3.64258,-6.35742 2.0033,-2.1695 3.64258,-4.32938 3.64258,-4.80078 0,-0.4714 0.60635,-0.85742 1.34765,-0.85742 0.7414,0 2.09246,-0.48809 3.00196,-1.08399 1.5972,-1.0465 1.61255,-1.12698 0.47265,-2.39258 -1.1495,-1.2763 -1.0682,-1.41134 3.125,-5.21484 2.3677,-2.1477 4.96112,-4.07987 5.76172,-4.29297 0.8006,-0.213 2.64797,0.13815 4.10547,0.78125 2.4812,1.0947 3.01666,1.81701 4.31836,5.82031 0.2603,0.8006 0.82995,1.12332 1.62305,0.91602 1.4899,-0.3897 3.39843,0.58839 3.39844,1.74219 0,0.4648 0.73747,1.53826 1.63867,2.38476 1.7419,1.6365 1.59233,1.72738 2.64453,-1.64062 0.4567,-1.4619 1.33614,-1.21319 2.33984,0.66211 1.7663,3.3003 5.29688,1.11555 5.29688,-3.27735 0,-2.5388 -2.95779,-8.23601 -4.30469,-8.29101 -0.7758,-0.0318 -1.1484,-4.65625 -0.375,-4.65625 0.2875,0 1.60584,-0.73712 2.93164,-1.63672 z m -72.97656,88.14844 c -0.33814,0.0156 -0.94461,1.16728 -2.3711,4.05664 -1.9521,3.9543 -2.36353,5.43656 -2.08593,7.50586 0.2757,2.0558 0.0633,2.83499 -1.04493,3.83789 -0.7645,0.6919 -1.39062,1.05218 -1.39062,0.80078 0,-1.2129 -2.78811,1.24552 -3.87891,3.41992 -0.9634,1.9205 -1.09198,2.87848 -0.58398,4.35938 0.7278,2.1214 -0.11175,3.13236 -2.15625,2.59766 -0.7739,-0.20241 -2.46849,0.92472 -4.95899,3.29882 -3.4538,3.2923 -3.70842,3.72593 -2.92382,4.98242 1.0548,1.68891 3.24414,2.39518 3.24414,1.04688 0,-1.8653 2.05907,-1.68903 5.63867,0.48047 2.3045,1.3966 3.63281,2.65049 3.63281,3.42969 0,0.6755 0.32064,1.82333 0.71094,2.55273 0.6613,1.2356 0.81627,1.25666 2.29297,0.28906 1.9841,-1.2998 3.60364,-1.31286 6.02734,-0.0488 2.2116,1.15342 4.21484,1.29609 4.21484,0.30079 0,-0.3828 1.0817,-1.14858 2.4043,-1.70118 l 2.4043,-1.0039 -0.4707,-10.38672 c -0.44921,-9.8963 -0.57541,-10.60397 -2.65821,-15.02149 -1.2022,-2.54979 -2.35881,-5.15385 -2.57031,-5.78515 -0.2115,-0.6313 -0.78554,-0.99339 -1.27734,-0.80469 -1.3021,0.4996 -2.91847,-2.78599 -2.07227,-4.21289 0.3644,-0.615 0.49893,-1.96179 0.29883,-2.99219 -0.12374,-0.63747 -0.22958,-1.01101 -0.42578,-1.00195 z m -43.60547,77.66406 c -0.1171,-3.3e-4 -0.20757,0.0216 -0.26172,0.0703 -0.1206,0.10851 0.12603,0.84282 0.54883,1.63282 0.6281,1.1736 0.55395,1.67533 -0.40625,2.73633 -1.7353,1.9175 -3.7064,1.30408 -5.0586,-1.57422 -0.6418,-1.3659 -1.61275,-2.48438 -2.15625,-2.48438 -1.193,0 -1.21107,0.28142 -0.20117,3.07422 0.6838,1.8911 0.62028,2.35963 -0.48242,3.57813 -0.92,1.0165 -1.81763,1.32072 -3.26953,1.10742 -2.0178,-0.2965 -4.98242,0.63405 -4.98242,1.56445 0,0.2763 0.52265,1.4168 1.16015,2.5332 0.8093,1.4174 1.50746,1.92022 2.31446,1.66602 0.8243,-0.2595 1.55508,0.31445 2.55078,2.00195 1.2969,2.1982 2.05215,2.62788 5.56445,3.17188 0.9721,0.1505 1.50218,-0.32672 1.98828,-1.79492 0.5592,-1.6893 1.04753,-2.03354 3.14453,-2.20704 1.366,-0.1131 2.48438,-0.4654 2.48438,-0.7832 0,-0.3177 0.59532,-0.76665 1.32422,-0.99805 1.9823,-0.6291 2.85629,-2.66456 1.84179,-4.28906 -0.5998,-0.9605 -0.64118,-1.66725 -0.14648,-2.49805 1.0251,-1.7214 0.40639,-3.42445 -1.41211,-3.88085 -0.884,-0.2218 -1.60742,-0.67913 -1.60742,-1.01563 0,-0.52369 -2.1178,-1.60901 -2.9375,-1.61133 z m 71.85742,54.79102 c 0.83498,0.0264 1.94562,0.3265 3.40234,0.88281 2.0386,0.7786 2.90821,1.49076 2.90821,2.38086 0,0.6984 -0.30444,1.26953 -0.67774,1.26953 -0.3733,0 -0.96239,0.74565 -1.30859,1.65625 -0.3462,0.9107 -1.03154,1.65625 -1.52344,1.65625 -0.4919,0 -1.54284,0.6889 -2.33594,1.5332 -1.3416,1.428 -1.38986,1.79538 -0.69336,5.26368 1.0001,4.9796 0.57496,5.91955 -2.56054,5.66015 -2.0934,-0.1731 -2.4815,-0.4405 -2.4375,-1.6875 0.0493,-1.4114 -0.12538,-1.46431 -3.64258,-1.07031 -4.2728,0.4786 -5.11372,0.98738 -5.66992,3.42578 -0.2228,0.9765 -0.78786,2.2848 -1.25586,2.9082 -0.9641,1.2837 -6.0007,2.32413 -6.59571,1.36133 -0.21438,-0.3464 -0.25548,-1.36898 -0.0918,-2.27148 0.2462,-1.3579 -0.11183,-1.83584 -2.07813,-2.77344 -1.993,-0.9485 -2.31132,-1.38872 -1.98242,-2.69922 0.2642,-1.0526 0.0691,-1.69021 -0.5957,-1.94531 -1.3908,-0.5337 -1.22866,-2.88785 0.33594,-4.87695 0.7285,-0.9261 1.32398,-2.46342 1.33398,-3.41602 0.0138,-2.3581 0.74037,-3.31956 2.66797,-3.53516 0.8947,-0.1001 2.01619,-0.70439 2.49219,-1.34179 1.9204,-2.572 9.21559,-0.74558 11.02929,2.76172 0.7139,1.3806 1.54683,2.03906 2.57813,2.03906 1.9941,0 4.24052,-2.46784 4.51562,-4.96094 0.17094,-1.54931 0.79391,-2.26467 2.18555,-2.2207 z m 415.34327,60.58632 c -0.63684,-3.98257 -2.00861,-9.10816 -3.04838,-11.3902 -1.83093,-4.01847 -2.33738,-4.10598 -16.07555,-2.7779 -7.80178,0.75421 -15.72212,2.19391 -17.60076,3.19933 -4.5292,2.42395 -3.9766,2.59475 -11.87738,-3.6712 -9.83126,-7.79695 -14.81295,-17.68843 -8.90851,-17.68843 2.85381,0 4.65,-3.79105 4.65,-9.81431 0,-3.18479 1.26577,-4.44957 5.351,-5.34684 5.18508,-1.13884 5.34967,-1.48888 5.30844,-11.28964 -0.0234,-5.56288 -0.76174,-13.21389 -1.64074,-17.00222 -1.68428,-7.25895 -9.74765,-17.19161 -13.95619,-17.19161 -1.36753,0 -9.6775,7.19108 -18.46661,15.9802 -14.88364,14.88363 -16.08517,15.70979 -17.51017,12.03974 -6.27592,-16.16357 -9.11869,-22.61814 -12.44376,-28.2537 -2.09789,-3.55565 -4.94894,-11.88762 -6.33566,-18.51547 -1.70871,-8.16678 -4.28029,-14.23942 -7.97896,-18.84192 -4.75376,-5.91542 -5.43545,-8.12751 -5.28564,-17.15196 0.25105,-15.12313 3.76504,-30.11118 6.89746,-29.4194 1.39862,0.30888 4.19274,-0.25972 6.20916,-1.26355 2.01642,-1.00383 5.67284,-2.07856 8.12538,-2.38829 3.73996,-0.47233 3.1646,-0.98774 -3.56734,-3.19562 -9.42181,-3.09007 -11.36778,-8.23796 -5.26374,-13.92475 2.25138,-2.09747 3.30364,-4.495 2.52546,-5.7541 -0.7337,-1.18718 -1.52386,-4.6599 -1.7559,-7.71719 -0.49013,-6.45798 -9.5447,-25.56899 -16.99998,-35.88103 -6.43267,-8.89757 -11.38686,-21.27066 -9.98233,-24.93083 0.58453,-1.52324 3.10738,-3.54688 5.60635,-4.49699 2.95464,-1.12336 4.90563,-3.53774 5.57888,-6.90399 0.59683,-2.98415 2.90519,-6.17726 5.45039,-7.53941 2.42831,-1.29958 5.18384,-3.79929 6.12341,-5.5549 0.93957,-1.7556 3.22822,-3.19201 5.08589,-3.19201 5.37401,0 16.49783,-11.53506 15.80917,-16.39361 -0.42875,-3.02484 1.10755,-5.36257 5.78521,-8.80317 3.50294,-2.57655 9.27243,-9.05887 12.82109,-14.40515 3.54866,-5.34628 7.7058,-10.76098 9.23809,-12.03267 5.41403,-4.49324 3.49127,-16.4382 -5.34189,-33.18607 -8.23085,-15.60586 -9.65013,-23.52292 -4.05129,-22.59899 1.6401,0.27065 7.65997,3.32223 13.37749,6.78129 8.30842,5.02653 11.564,6.07446 16.2157,5.21963 4.3118,-0.79238 6.09475,-0.35409 6.87957,1.69112 1.47866,3.85332 4.24505,3.45201 4.24505,-0.61581 0,-4.65714 3.30633,-5.54183 20.71143,-5.54183 h 15.06867 l -3.6427,4.92701 -3.64269,4.92701 3.6984,19.59839 c 2.03412,10.77911 3.84996,20.69128 4.03521,22.02704 0.37522,2.70562 -1.128,3.74863 -13.80735,9.58015 -15.05026,6.92197 -19.96051,21.94084 -15.00976,45.91001 1.91373,9.26535 1.59548,11.80953 -4.47579,35.78068 -7.43534,29.3569 -8.2382,45.14551 -3.26232,64.15489 3.66924,14.01766 27.95275,56.76921 33.44959,58.88862 2.71474,1.0467 4.28102,4.1828 5.91626,11.84587 3.76315,17.63487 7.11822,26.28552 15.41158,39.73694 7.64456,12.39912 7.97775,13.5156 7.97775,26.73231 0,10.68742 1.02933,16.32594 4.57185,25.04416 5.70513,14.04042 7.50838,27.0879 4.10322,29.68907 -3.04677,2.3274 -14.17096,5.4456 -24.91972,6.98521 l -8.21815,1.17713 -1.15789,-7.24104 z" /><path
   id="East-Coast-GRC"
   style="display:inline;fill:#ffd42a;fill-opacity:1;stroke:#ffd42a;stroke-width:0.0878077;stroke-linejoin:miter;stroke-miterlimit:4;stroke-dasharray:none;stroke-opacity:1"
   d="m 2056.1736,292.08678 c -3.44,0 -7.1518,0.4228 -10.6621,1.2422 -6.8798,1.6057 -53.0028,14.2139 -56.1875,15.3593 -3.5656,1.2824 -6.9056,2.9078 -9.6289,4.6856 -2.2676,1.4803 -3.5509,2.4941 -7.1758,5.6699 -2.507,2.1964 -2.9863,2.7197 -2.9863,3.2812 0,0.4596 -0.3318,1.0336 -1.0567,1.8399 -0.5795,0.6446 -1.0449,1.3452 -1.0449,1.5566 0,0.1172 0.01,0.1923 0.033,0.2207 0.043,0.043 0.1342,-0.05 0.3164,-0.291 0.1891,-0.25 0.3437,-0.5214 0.3437,-0.6035 v 0 c 0.029,-0.1734 1.9132,-1.0537 2.7598,-1.2871 0.2938,-0.081 0.9125,-0.5566 1.375,-1.0566 0.6078,-0.6569 1.2701,-1.051 2.3906,-1.4238 1.1495,-0.3825 1.8844,-0.828 2.8399,-1.7207 0.7089,-0.6624 2.2902,-2.0324 3.5137,-3.045 1.5272,-1.264 2.2981,-2.0735 2.4589,-2.582 0.4559,-1.4421 1.0617,-1.8803 4.461,-3.2305 3.4105,-1.3545 4.8201,-1.8185 6.7793,-2.2324 0.6439,-0.136 2.241,-0.614 3.5508,-1.0605 1.3098,-0.4466 3.1009,-0.882 3.9804,-0.9688 1.9735,-0.1947 3.983,-0.7727 7.9219,-2.2812 2.2136,-0.8478 3.4917,-1.2 4.6836,-1.2891 1.1277,-0.084 2.0398,-0.3227 2.9258,-0.7637 0.7084,-0.3525 2.2108,-0.9395 3.3379,-1.3046 1.8613,-0.603 2.1458,-0.6376 3.1054,-0.3809 0.5811,0.1554 1.3623,0.2812 1.7364,0.2812 0.8784,0 2.0319,0.6668 2.3457,1.3555 0.3153,0.6995 0.3121,2.3577 -0.01,3.2813 -0.2452,0.7033 -1.2124,1.4507 -2.3399,1.8086 -0.2985,0.095 -0.7059,0.3662 -0.9062,0.6035 -0.359,0.425 -4.123,2.092 -6.5332,2.8926 l -1.2364,0.4101 0.9805,0.7207 c 1.2424,0.9138 2.631,0.9125 4.1973,0 0.6927,-0.4053 1.3367,-0.5991 1.8906,-0.5664 0.5681,0.034 1.0528,-0.1162 1.4961,-0.4648 0.8455,-0.6651 2.2344,-1.3732 2.6953,-1.3731 0.1981,10e-5 0.9143,0.2112 1.5918,0.4688 0.6775,0.2575 1.5427,0.4687 1.9219,0.4687 0.3792,0 2.5638,-0.7241 4.8554,-1.6094 4.3691,-1.6877 6.8399,-2.3711 8.5743,-2.3711 0.6364,0 1.1512,-0.136 1.33,-0.3515 0.1984,-0.2391 0.7284,-0.3516 1.6621,-0.3516 1.2703,0 1.3826,0.044 1.5196,0.5899 0.081,0.324 0.088,0.8181 0.014,1.0996 -0.089,0.3402 0.1708,1.0646 0.7754,2.1621 0.7138,1.2957 0.9671,2.0801 1.1758,3.6426 0.2429,1.8186 0.9925,3.9908 1.371,3.9726 0.085,0 0.3594,-0.1625 0.6094,-0.3516 0.25,-0.189 0.9397,-0.3437 1.5332,-0.3437 0.5936,0 1.1992,-0.1191 1.3457,-0.2656 0.1982,-0.1979 0.5259,-0.1997 1.2774,0 0.943,0.2456 1.0392,0.2256 1.4765,-0.3047 0.4503,-0.546 0.5315,-0.5598 2.1075,-0.3516 1.1677,0.1543 3.0139,0.1071 6.416,-0.1621 4.3549,-0.3445 4.8492,-0.4271 5.6191,-0.9531 0.8183,-0.5591 0.9471,-0.5739 4.2383,-0.4922 3.2478,0.081 3.4361,0.1108 4.3281,0.7227 0.5128,0.3517 1.1647,0.6406 1.4492,0.6406 0.2845,0 0.5821,0.1056 0.6621,0.2344 0.08,0.1287 0.4677,0.2324 0.8614,0.2324 0.5435,0 1.053,0.3134 2.1152,1.2968 1.9106,1.7689 3.3004,2.4049 8.6152,3.9415 3.4668,1.0022 5.1883,1.3744 7.1426,1.5468 5.1363,0.4532 14.0583,1.6911 14.8106,2.0547 0.6021,0.291 0.8666,0.6573 1.2636,1.7461 0.5308,1.4559 0.7996,1.7001 2.2325,2.0332 v 0 c 0.4906,0.114 1.0972,0.1527 1.3476,0.086 0.7792,-0.2076 2.1377,-2.1592 1.6231,-2.3321 -0.1447,-0.049 -1.2134,-0.7591 -2.375,-1.5781 l -2.1114,-1.4902 -2.8945,-0.3653 c -1.5913,-0.2016 -4.5028,-0.532 -6.4707,-0.7343 -1.968,-0.2024 -5.5502,-0.7246 -7.9609,-1.1602 -2.4108,-0.4357 -5.2803,-0.9022 -6.375,-1.0352 -4.1248,-0.501 -6.8405,-1.925 -9.9512,-5.2168 -1.5318,-1.6209 -1.7986,-2.0728 -4.0977,-6.9863 -2.1023,-4.4928 -2.715,-5.5778 -4.2304,-7.4863 -0.9748,-1.2276 -2.1545,-2.5665 -2.6211,-2.9746 -2.8482,-2.4907 -8.1158,-4.0888 -15.8008,-4.7949 -1.0687,-0.098 -2.1854,-0.1492 -3.332,-0.1504 z m 75.5351,39.7578 c -1.6495,0 -1.8082,0.047 -2.7636,0.8183 -0.5573,0.4501 -1.5133,1.1429 -2.125,1.5411 -0.9735,0.6335 -1.1133,0.8252 -1.1133,1.5351 0,0.4461 0.1625,1.1254 0.3613,1.5098 0.3431,0.6633 0.3299,0.7611 -0.2891,1.8984 -0.4215,0.7744 -0.9022,1.3043 -1.3574,1.4981 -0.3874,0.1648 -1.2603,0.8336 -1.9394,1.4863 -1.1129,1.0694 -1.3399,1.1855 -2.295,1.1855 -1.0752,0 -1.8499,0.3071 -3.4414,1.3594 -0.8043,0.5319 -0.8519,0.618 -0.5273,0.9766 0.1959,0.2165 0.3574,0.5171 0.3574,0.6679 l -0.3125,0.4102 -0.9844,1.1621 c -0.6808,0.8036 -1.0637,1.1308 -1.2422,1.0625 -0.1419,-0.054 -1.0938,-0.5798 -2.1152,-1.166 l -1.8554,-1.0645 h -0.1739 c -0.5666,-0.2393 -1.5306,-0.5923 -1.9355,-0.5937 -1.0501,0 -2.4617,-0.2837 -4.2637,-0.8457 -0.8144,-0.254 -1.1905,-0.5489 -1.6387,-1.2774 -0.8823,-1.4342 -2.341,-2.157 -3.2304,-1.6015 -0.351,0.2192 -0.8276,0.091 -2.6075,-0.6992 -2.5371,-1.1262 -3.0566,-1.1974 -3.0566,-0.4239 0,1.0987 -3.2295,2.17 -3.6035,1.1953 -0.078,-0.2037 -0.1426,-0.5718 -0.1426,-0.8164 0,-0.6154 -0.8322,-0.7736 -2.4707,-0.4707 -0.749,0.1385 -1.8056,0.252 -2.3476,0.252 -0.9065,0 -1.0563,-0.094 -1.8712,-1.1621 -0.4872,-0.6389 -1.44,-1.6401 -2.1171,-2.2246 l -1.2305,-1.0625 h -3.4121 -3.4102 v 0.5625 c 0,1.2805 -2.3015,4.128 -4.998,6.1836 -1.1631,0.8866 -1.3242,1.1078 -1.3242,1.8261 0,0.4496 -0.1766,1.1543 -0.3926,1.5664 -0.2161,0.4122 -0.8233,1.8475 -1.3496,3.1895 l -0.957,2.4394 -2.6895,1.9434 c -1.4792,1.0687 -3.4009,2.5788 -4.2715,3.3555 -1.318,1.1758 -1.725,1.4121 -2.4316,1.4121 -0.4667,0 -1.2824,0.1135 -1.8125,0.2519 -0.5301,0.1385 -1.3508,0.3512 -1.8242,0.4727 -0.8046,0.2064 -2.5613,1.2258 -3.9649,2.3008 -0.3353,0.2567 -0.9128,0.6027 -1.2851,0.7695 -0.3723,0.1668 -1.2578,0.9102 -1.9668,1.6524 -0.8655,0.9059 -1.5377,1.397 -2.043,1.4921 -0.7199,0.1355 -0.7949,0.073 -1.7305,-1.3945 l -0.9785,-1.5332 -1.5215,-0.1641 c -0.8372,-0.09 -2.3758,-0.07 -3.4199,0.043 -2.6535,0.2876 -9.261,0.2441 -13.0215,-0.086 -2.5563,-0.2243 -3.2052,-0.3547 -3.3945,-0.6817 -0.4412,-0.7616 -2.1857,-2.5377 -2.9082,-2.9609 -0.5924,-0.347 -0.7207,-0.3604 -0.7207,-0.082 0,0.3628 -0.4837,0.623 -1.1543,0.623 -0.5473,0 -3.3322,1.3957 -3.711,1.8594 -0.443,0.5422 -0.1895,2.132 0.4122,2.5859 0.4245,0.3202 0.4606,0.4694 0.25,1.0235 -0.3456,0.9086 -0.3065,1.8543 0.098,2.3886 0.4423,0.5849 0.448,1.824 0.016,3.2813 -0.1885,0.6351 -0.3609,2.1026 -0.3829,3.2617 -0.036,1.9116 0.052,2.3802 0.9434,5.0352 0.8363,2.4953 0.9625,3.1106 0.8457,4.1777 -0.1248,1.141 -0.078,1.3199 0.5332,2.0156 0.54,0.615 0.6985,1.061 0.8145,2.3028 0.1721,1.8439 1.1415,3.8972 3.8711,8.1972 1.831,2.8844 1.8324,2.8903 2.8359,6.9707 0.5522,2.2457 1.1366,4.346 1.2969,4.668 0.1604,0.3219 0.3479,1.0332 0.4179,1.5801 0.1194,0.9355 0.072,1.0402 -0.8007,1.7656 l -0.9278,0.7695 0.4883,0.6231 c 0.5428,0.6901 1.0333,3.623 0.6797,4.0683 -0.1137,0.1431 -0.6188,1.0915 -1.1211,2.1075 -0.6041,1.2217 -1.5061,2.4938 -2.6641,3.7558 -1.4109,1.5377 -1.8474,2.1985 -2.25,3.4082 -0.4608,1.3848 -0.5853,1.5432 -1.6074,2.0488 l -1.1074,0.5489 0.7598,0.205 c 0.3924,0.1061 0.7186,0.2372 0.7578,0.3008 5e-4,0 0,0 0,0.01 v 0 0 0 c 0,0.4947 -0.9954,2.4086 -1.9707,3.7891 -3.0758,4.3541 -3.5144,5.192 -3.6114,6.9024 -0.049,0.8752 -0.025,1.8543 0.055,2.1738 0.08,0.3194 0.822,1.2462 1.6485,2.0605 0.9356,0.9219 1.5546,1.7423 1.6406,2.1739 0.076,0.3812 0.253,1.1157 0.3926,1.6308 0.1396,0.5152 0.3071,1.3834 0.3711,1.9317 0.1016,0.8633 0.2717,1.1158 1.2754,1.875 l 1.1601,0.875 -0.125,1.8378 -0.123,1.8379 -2.1485,2.2598 c -2.0417,2.148 -2.3111,2.3436 -5.4492,3.9492 -2.1965,1.1239 -4.515,2.0788 -6.9297,2.8535 -3.4415,1.1042 -3.7873,1.1696 -6.6738,1.2559 -1.6742,0.05 -5.9844,-0.012 -9.5781,-0.1387 -6.0391,-0.2122 -6.6288,-0.1964 -7.7754,0.1934 -1.2391,0.4212 -1.2474,0.419 -7.1973,-0.4199 l -5.957,-0.8399 -1.4707,0.4473 c -1.2707,0.3848 -1.9279,0.4246 -4.7949,0.3008 l -3.3223,-0.1426 -1.2715,0.7266 c -1.7199,0.984 -2.0941,1.7716 -1.6836,3.541 0.7175,3.0929 5.9956,17.751 8.2695,22.9648 4.0154,9.2071 7.0048,14.7312 11.0547,20.4277 7.5666,10.6431 9.1501,12.6037 14.0332,17.3887 7.6551,7.5014 13.3175,12.3209 15.1739,12.9121 1.2805,0.4077 1.4218,0.3762 1.4218,-0.3261 0,-0.5732 -0.2877,-0.8092 -2.6054,-2.1465 -2.0247,-1.1684 -3.626,-2.3978 -7.1992,-5.5274 -11.5596,-10.1243 -19.8398,-20.7864 -28.0508,-36.1172 -1.329,-2.4814 -2.418,-4.5981 -2.418,-4.7031 0,-0.105 -0.4305,-1.0084 -0.957,-2.0078 -0.5868,-1.1138 -1.4514,-3.4889 -2.2344,-6.1367 -0.7025,-2.3757 -1.6306,-5.0954 -2.0625,-6.043 -0.4318,-0.9476 -0.9607,-2.4959 -1.1758,-3.4414 -0.215,-0.9454 -0.5787,-2.0361 -0.8086,-2.4238 -0.2299,-0.3877 -0.6954,-1.7063 -1.0332,-2.9297 -0.5625,-2.0377 -0.5877,-2.3221 -0.3125,-3.3945 0.2611,-1.0174 0.4054,-1.2084 1.1055,-1.4512 1.3246,-0.4595 2.6997,-0.3628 3.9668,0.2793 1.3061,0.6618 3.0054,0.7663 5.2265,0.3203 1.8823,-0.378 3.0824,10e-4 4.4356,1.4004 0.793,0.8201 1.1828,1.4946 1.5762,2.7285 0.644,2.0203 1.0511,2.6934 1.6289,2.6934 0.4339,0 1.3859,0.8369 2.5937,2.2812 l 0.5938,0.709 2.0996,-0.1191 c 2.0036,-0.1136 2.1499,-0.087 3.1933,0.5546 1.0305,0.6335 1.1707,0.8469 2.4102,3.7149 1.2523,2.8973 1.4343,3.1781 3.793,5.7969 l 2.4785,2.75 h 1.2597 c 0.6494,0 1.1872,-0.045 1.252,-0.1016 v 0 0 0 0 0 0 c 0,-0.062 -1.6436,-2.9651 -3.6543,-6.4512 -2.0108,-3.4861 -3.6193,-6.3636 -3.5723,-6.3945 0.047,-0.031 1.3606,-1.0676 2.918,-2.3047 2.1007,-1.6686 3.1748,-2.3574 4.1602,-2.668 1.2716,-0.4011 1.4151,-0.4022 3.373,-0.01 2.0064,0.4041 2.0872,0.4017 4.2695,-0.084 2.8672,-0.638 12.8056,-4.5621 15.6016,-6.1601 2.5627,-1.4648 4.6054,-3.6693 6.7207,-7.252 0.7413,-1.2556 1.4758,-2.2822 1.6309,-2.2812 1.2648,0.01 4.7004,0.7371 5.5547,1.1797 1.1393,0.5901 1.9829,0.761 6.0878,1.2285 1.484,0.169 2.8358,0.3921 3.004,0.4961 0.1682,0.1039 0.7571,0.063 1.3085,-0.092 l 1.004,-0.2813 0.8281,-2.7285 c 0.4555,-1.5015 0.8841,-3.3093 0.9531,-4.0176 0.1752,-1.7905 0.8226,-4.4829 1.0742,-4.5371 0,-1e-4 0.01,0 0.01,0 0,0 0,0 0.01,0 0,2e-4 0,-3e-4 0.01,0 0.01,0 0.011,0.01 0.016,0.012 0.1047,0.1062 0.5666,1.0707 1.0254,2.1446 1.137,2.6616 1.1453,3.9685 0.035,5.1972 -0.5851,0.6477 -0.8684,1.2482 -1.0605,2.252 -0.1441,0.7531 -0.5215,1.9245 -0.8399,2.6035 -0.7518,1.6032 -0.7328,1.9251 0.1934,3.1387 0.4253,0.5572 1.0756,1.5688 1.4453,2.248 0.4262,0.7832 0.8697,1.285 1.2129,1.3711 0.2975,0.075 0.7482,0.4696 1,0.877 0.2517,0.4073 0.7375,1.0025 1.0801,1.3222 0.3425,0.3198 0.835,1.0025 1.0937,1.5176 0.2587,0.5151 0.8223,1.3051 1.2539,1.7559 0.7072,0.7387 0.8554,1.1545 1.5098,4.2148 0.7744,3.6215 1.9401,6.9268 3.0664,8.6953 0.9395,1.4755 1.5761,5.1108 1.0312,5.8887 -0.8594,1.227 0.01,2.2324 2.3477,2.7324 0.6398,0.1366 1.3904,0.3 1.6699,0.3633 0.3316,0.075 0.5634,0.3599 0.6641,0.8184 0.221,1.0062 0.584,0.8659 0.584,-0.2247 0,-0.8876 0.037,-0.9304 0.8789,-1.0722 1.282,-0.216 1.272,-0.2158 2.1777,-0.035 0.905,0.1805 2.4643,1.6004 2.6016,2.3711 0.055,0.309 0.5274,0.6285 1.4765,0.9961 1.7626,0.6827 2.4668,0.7033 2.4668,0.072 0,-0.453 0.1548,-0.4688 4.7695,-0.4688 h 4.7715 l 6.5274,2.7168 c 3.59,1.4944 6.7045,2.77 6.9219,2.834 0.2298,0.068 2.5069,-1.0411 5.4433,-2.6504 l 5.0488,-2.7676 v -0.1718 l 0.9454,-0.2891 c 0.387,-0.2227 3.0129,-1.6592 5.8359,-3.1914 2.823,-1.5322 7.1075,-3.9469 9.5215,-5.3652 6.948,-4.0822 6.4612,-3.9541 10.3476,-2.6953 l 2.9805,0.9648 7.1191,-1.207 c 3.9157,-0.6645 7.2508,-1.21 7.4102,-1.211 0.1594,0 0.2891,0.1191 0.2891,0.2676 0,0.221 0.1129,0.2513 0.6211,0.1621 0.3415,-0.06 0.9586,-0.1537 1.3711,-0.207 l 0.75,-0.098 0.7206,1.5157 c 0.3961,0.8333 0.6913,1.534 0.6563,1.5566 -1.9431,1.275 -1.3251,1.1052 -10.1621,2.8047 l -8.2793,1.5918 -1.5723,-0.4707 c -0.8652,-0.2592 -2.1866,-0.7371 -2.9375,-1.0606 -2.6971,-1.1618 -1.9949,-1.3238 -7.4453,1.7285 -2.6216,1.4682 -7.7278,4.382 -11.3476,6.4766 l -6.5821,3.8086 v 0.1016 c -1.2794,0.703 -3.5144,1.9797 -5.3301,3.0273 l -4.8964,2.8242 -7.5606,-3.3906 -7.5605,-3.3906 h -2.8672 c -2.6681,0 -2.9724,0.048 -4.3633,0.6816 l -1.4961,0.6797 -0.074,-0.5625 c -0.087,-0.666 -0.6319,-0.7441 -0.957,-0.1367 -0.1259,0.2353 -0.3017,0.9655 -0.3887,1.623 -0.1576,1.1882 -0.1501,1.2042 1,2.4414 2.4376,2.6223 7.8511,9.6241 10.7383,13.8887 1.6566,2.4469 4.0758,5.818 5.3769,7.4922 1.301,1.6742 2.8801,3.7821 3.5078,4.6836 0.6278,0.9015 1.8576,2.5495 2.7344,3.6621 0.8768,1.1126 1.5957,2.1285 1.5957,2.2578 0,0.1293 -0.1583,0.2951 -0.3515,0.3692 -0.1932,0.074 -0.3516,0.2507 -0.3516,0.3906 0,0.1399 -0.4041,0.8544 -0.8984,1.5879 -0.4942,0.7334 -1.2818,1.936 -1.75,2.6738 -0.8329,1.3121 -0.8402,1.3475 -0.3692,1.5996 0.2649,0.1418 1.4992,0.3621 2.7442,0.4902 l 2.2636,0.2344 1.9903,-0.9297 c 1.0947,-0.5106 2.0291,-0.8929 2.0761,-0.8496 v 0 0 0 c 0.035,0.071 -0.094,0.5916 -0.2949,1.1797 l -0.375,1.1035 0.7598,1.0215 c 0.6412,0.8622 0.858,1.0028 1.3926,0.9063 0.5695,-0.1028 0.7643,0.072 1.9316,1.7285 0.7141,1.0133 1.2988,1.9447 1.2988,2.0703 0,0.1256 -0.1578,0.3584 -0.3496,0.5176 -0.3069,0.2551 -0.3003,0.3727 0.059,0.9804 l 0.7637,1.0606 v 0.5156 l 0.3984,0.6973 c 0.2188,0.3828 0.8111,1.7695 1.3164,3.082 1.1218,2.9138 2.0354,4.9433 2.3028,5.1133 v 0 c 0.1877,0 0.3761,0.01 0.5644,0.016 l 0.5547,0.7715 c 0.1188,0.2898 0.5929,1.9414 1.0527,3.6699 1.0854,4.0794 2.5361,7.7034 3.3594,8.3906 0.3471,0.2898 1.2625,0.9105 2.0352,1.3809 0.7727,0.4704 1.6682,1.0979 1.9902,1.3926 0.3219,0.2947 1.0591,0.7494 1.6387,1.0117 0.6638,0.3005 1.5565,0.4794 2.4121,0.4824 1.2067,0 1.3333,-0.039 1.1367,-0.3906 -0.156,-0.2787 -0.081,-0.6829 0.2539,-1.3711 0.421,-0.8666 0.6043,-1.0073 1.6387,-1.2461 0.8572,-0.1978 1.7123,-0.2022 3.2305,-0.018 2.5522,0.3103 3.3861,0.093 10.1777,-2.6543 4.5294,-1.8319 4.8223,-1.9924 8.9199,-4.8632 l 4.2364,-2.9668 5.0136,-1.3594 c 1.7901,-0.485 5.714,-1.9309 8.4219,-2.9297 2.2676,-0.3161 4.4863,-0.6939 6.6465,-1.1426 1.7302,-0.7246 4.3014,-1.6716 5.7129,-2.1055 1.4115,-0.4338 3.9442,-1.2966 5.6289,-1.916 2.4191,-0.8894 3.4983,-1.1929 5.1328,-1.4492 3.1597,-0.4954 5.4404,-1.1884 8.125,-2.4668 3.991,-1.9005 6.3504,-3.3943 11.3769,-7.209 2.8666,-2.1755 3.869,-2.5674 6.918,-2.6953 2.6738,-0.1122 2.8878,-0.179 6.1035,-1.9336 4.9746,-2.7143 9.0771,-4.2899 11.6914,-4.4883 1.1552,-0.088 1.4988,-0.2155 4.6348,-1.7324 1.8634,-0.9013 3.8364,-1.9381 4.3828,-2.3027 1.1354,-0.7578 2.3975,-2.0465 2.8145,-2.8731 0.1565,-0.3102 0.4895,-0.7873 0.7402,-1.0605 0.5196,-0.5663 0.9242,-1.9864 1.2324,-4.3301 0.1614,-1.2306 0.1585,-1.5698 -0.018,-1.8105 -0.2799,-0.386 -0.2758,-1.395 0.01,-1.8106 0.131,-0.1906 0.2634,-1.0061 0.3184,-1.957 l 0.094,-1.6289 -1.209,-0.5508 -1.2109,-0.5527 -0.5,-1.3125 -0.502,-1.3125 0.248,-1.3067 c 0.1358,-0.7195 0.305,-1.3833 0.377,-1.4746 0.072,-0.091 0.2226,-0.5618 0.3359,-1.0449 0.1976,-0.843 0.2243,-0.8728 0.668,-0.7754 0.5519,0.1212 0.5924,0.065 1.002,-1.3672 l 0.3164,-1.1074 -0.5782,-0.5918 c -0.5571,-0.5708 -0.5781,-0.6366 -0.5781,-1.8457 v -1.2539 l 0.8887,-0.9238 c 0.4883,-0.5082 1.0761,-0.9715 1.3066,-1.0293 0.3766,-0.095 0.4429,-0.2414 0.668,-1.4571 0.2379,-1.2873 0.2355,-1.3651 -0.059,-1.6015 -0.8413,-0.6763 -1.1053,-2.9707 -0.4668,-4.0528 0.3853,-0.653 1.0594,-1.08 1.7051,-1.08 0.5209,0 0.6657,-0.277 0.9297,-1.7735 0.2457,-1.3924 0.1736,-1.5477 -0.8535,-1.8554 l -0.6856,-0.2051 0.076,-1.6934 0.074,-1.6914 0.7324,-0.6914 c 0.4461,-0.4209 0.8943,-0.6933 1.1465,-0.6973 0.2277,0 0.4988,-0.062 0.6016,-0.1289 0.1495,-0.1255 0.8887,-2.4094 0.8887,-2.7519 v 0 0 0 0 c -0.048,-0.036 -0.3171,-0.1029 -0.6386,-0.1543 l -0.6465,-0.1035 -0.1836,-1.0547 c -0.1508,-0.867 -0.1373,-1.1791 0.07,-1.7676 0.386,-1.0941 1.021,-1.8105 1.9883,-2.2383 l 0.8711,-0.3848 0.1211,-1.205 c 0.1046,-1.042 0.083,-1.2297 -0.1621,-1.377 -0.803,-0.4831 -0.8045,-0.4869 -0.8145,-2.041 -0.01,-1.4337 0.014,-1.5351 0.4922,-2.1348 0.2761,-0.3463 0.9216,-0.852 1.4336,-1.123 0.9275,-0.4908 0.9321,-0.4969 1.1074,-1.5039 0.2368,-1.3597 0.2497,-1.2993 -0.3965,-1.6074 -0.5429,-0.2589 -0.5721,-0.3212 -0.6191,-1.2325 -0.1011,-1.9431 1.0228,-3.8475 2.2754,-3.8535 h 0.5058 l 0.2051,-1.6407 0.2051,-1.6425 -0.5098,-0.7227 c -0.4727,-0.6703 -0.4999,-0.7897 -0.3965,-1.6699 0.087,-0.7436 0.25,-1.1357 0.7579,-1.8164 0.3563,-0.4776 0.819,-0.9573 1.0273,-1.0664 0.2758,-0.1445 0.4813,-0.5427 0.7539,-1.461 0.1996,-0.6721 0.3389,-1.2466 0.3184,-1.3066 v 0 0 0 c -0.032,-0.027 -0.2188,-0.1329 -0.4141,-0.2344 -0.5577,-0.2899 -0.8096,-1.5916 -0.4668,-2.4121 0.3517,-0.8418 1.046,-1.7176 1.5899,-2.0059 0.286,-0.1516 0.4607,-0.4056 0.5097,-0.7382 0.088,-0.5965 0.1295,-0.5806 -2.2871,-0.8321 -1.5352,-0.1598 -1.8614,-0.1382 -3.9746,0.2598 -1.2659,0.2384 -3.2328,0.4926 -4.3711,0.5664 -2.4632,0.1598 -6.7863,1.1405 -9.6504,2.1875 -2.6867,0.9822 -23.9292,9.9549 -25.0058,10.5625 -0.6944,0.3919 -1.2106,0.9028 -2.1875,2.1621 -0.7037,0.907 -1.3382,1.6484 -1.4102,1.6484 -0.072,0 -0.3684,-0.3014 -0.6601,-0.6699 -0.314,-0.3964 -0.5174,-0.5834 -0.5821,-0.5761 0,2e-4 -0.01,-4e-4 -0.01,0 v 0 0 0 0 0 c -9e-4,0 0,0.01 0,0.01 -0.013,0.071 0.092,0.3085 0.3359,0.6953 l 0.4141,0.6562 -5.8301,4.625 -5.832,4.625 -3.3047,0.543 c -2.6914,0.4423 -5.2355,1.0625 -13.6894,3.3438 l -10.3829,2.8027 -1.082,-0.5332 c -0.577,-0.2845 -1.0535,-0.5581 -1.082,-0.6191 v 0 0 c 7e-4,-0.049 5.83,-1.7553 12.9551,-3.7929 7.5507,-2.1594 13.427,-3.9267 14.0859,-4.2363 0.7801,-0.3667 2.8876,-1.9132 6.8027,-4.9883 5.4633,-4.291 5.6662,-4.4689 5.4434,-4.8125 -0.2203,-0.3398 -0.1213,-0.4548 2.0586,-2.377 1.7469,-1.5404 2.6997,-2.2403 4.0234,-2.957 2.693,-1.4581 21.2718,-9.485 23.7559,-10.2637 2.3907,-0.7493 10.2658,-2.2568 15.2324,-2.916 3.5397,-0.4699 4.9746,-0.7674 6.8945,-1.4238 1.3504,-0.4617 1.5183,-0.573 2.9981,-2.0176 1.5741,-1.5366 2.7734,-3.2591 2.7734,-3.9824 0,-0.6237 0.3077,-1.4755 0.6739,-1.8653 l 0.3496,-0.375 -0.3438,-0.1836 c -0.2239,-0.1198 -0.3851,-0.4191 -0.4531,-0.8476 -0.075,-0.4673 -0.2445,-0.7591 -0.5801,-0.9981 -0.2611,-0.1859 -0.4746,-0.4641 -0.4746,-0.6171 0,-0.1531 -0.4507,-1.2478 -1.002,-2.4317 -2.2795,-4.8953 -2.3734,-5.0543 -4.0468,-6.8281 l -1.5742,-1.668 0.33,-0.7734 c 0.4203,-0.9798 0.4163,-1.0781 -0.047,-1.0781 -0.467,0 -1.309,-1.341 -1.5937,-2.5372 -0.1044,-0.439 -0.3753,-1.0907 -0.6016,-1.4492 -0.2758,-0.4365 -0.3785,-0.7819 -0.3125,-1.0449 0.1238,-0.4935 -0.3162,-1.3713 -2.2265,-4.4492 -0.8048,-1.2965 -1.6637,-2.753 -1.9083,-3.2363 -0.2446,-0.4834 -0.7471,-1.374 -1.1171,-1.9786 -0.6011,-0.9827 -0.6623,-1.1754 -0.5723,-1.832 l 0.1016,-0.7344 -0.5704,0.092 -0.5683,0.092 -2.3008,-3.0918 c -1.2655,-1.7008 -2.4656,-3.3327 -2.666,-3.625 -0.2819,-0.4111 -0.5905,-0.5931 -1.3652,-0.8105 -1.359,-0.3813 -2.1553,-0.9237 -8.754,-5.959 -9.7619,-7.4491 -10.4504,-8.0093 -10.9804,-8.9277 -0.3335,-0.578 -0.9017,-1.1464 -1.9004,-1.9004 -0.7839,-0.5919 -3.9353,-3.0217 -7.002,-5.3985 -7.2536,-5.6216 -12.7604,-9.3902 -18.1855,-12.4453 l -4.2363,-2.3847 -5.7129,-1.9551 c -3.1417,-1.0756 -6.1065,-2.1133 -6.5879,-2.3047 l -0.8242,-0.3281 c -0.056,-0.052 -1.5131,-0.6186 -2.3496,-0.9649 -0.8372,-0.3465 -2.6589,-1.2644 -4.0489,-2.041 -2.3132,-1.2924 -2.5603,-1.3814 -2.9277,-1.0488 -0.9867,0.8929 -4.3299,-0.2456 -3.7734,-1.2852 0.1772,-0.3313 0.1456,-0.4698 -0.1368,-0.5781 -0.1915,-0.073 -0.3703,-0.1011 -0.414,-0.064 v 0 0 c -5e-4,7e-4 0,0.01 0,0.01 -0.027,0.048 -0.2101,0.4027 -0.4082,0.7891 -0.215,0.4193 -0.5461,0.7031 -0.8203,0.7031 -0.3929,0 -0.4558,-0.1529 -0.4278,-1.0547 l 0.033,-1.0527 -2.8418,-1.0313 c -1.5632,-0.5666 -3.6658,-1.44 -4.6719,-1.9414 -1.6993,-0.8468 -1.927,-0.9011 -3.1933,-0.7578 l -1.3633,0.1543 -0.2637,-0.7988 c -0.3484,-1.0557 -2.3004,-2.0645 -3.9941,-2.0645 -0.9398,0 -1.1768,-0.084 -1.2969,-0.4629 -0.2762,-0.8702 -3.1224,-1.3194 -5.9316,-0.9355 -1.8107,0.2474 -2.1548,0.2363 -2.7969,-0.096 -0.483,-0.2498 -1.3286,-0.3789 -2.4824,-0.3789 z m -181.6425,11.7851 c -0.3741,0.01 -0.8167,0.03 -1.3731,0.064 -2.2767,0.1395 -2.5712,0.2146 -3.8691,0.9883 -1.5483,0.9229 -10.4244,8.6922 -14.5977,12.7773 -4.3025,4.2116 -7.3335,9.1927 -9.0156,14.8145 -1.0268,3.4314 -1.3195,7.2551 -0.877,11.4355 0.2562,2.4193 0.6781,3.7982 6.9688,22.7129 l 6.6972,20.1367 2.3575,2.459 c 1.8823,1.9636 2.6663,2.6042 3.8906,3.1816 2.2232,1.0487 4.1781,1.4623 7.6191,1.6114 1.6742,0.072 4.9944,0.2914 7.377,0.4883 2.3825,0.1968 7.7031,0.5519 11.8242,0.7871 4.1211,0.2351 7.7813,0.4404 8.1328,0.457 1.7912,0.085 8.0488,-0.5158 9.8965,-0.9492 4.9783,-1.1679 9.0125,-4.647 11.7754,-10.1563 0.843,-1.6808 1.0942,-1.9771 2.3125,-2.7285 3.2629,-2.0125 5.5804,-2.6404 9.1387,-2.4765 2.5304,0.1165 4.5017,0.8011 5.7519,1.998 l 0.6465,0.6191 0.9551,-0.9238 c 0.7752,-0.7498 2.0859,-2.7843 2.0859,-3.2383 v 0 0 0 0 c -0.049,-0.054 -0.5907,-0.094 -1.2441,-0.088 -0.6856,0.01 -1.4834,-0.1163 -1.7735,-0.2715 -0.4561,-0.2438 -0.5065,-0.405 -0.375,-1.1836 0.1284,-0.7596 0.076,-0.9426 -0.33,-1.1602 -0.4038,-0.2161 -0.6765,-0.1231 -1.6817,0.5684 -1.1353,0.781 -1.3062,0.8262 -3.1289,0.8262 -1.0602,0 -3.0252,0.057 -4.3652,0.1269 l -2.4356,0.127 -1.0527,-0.9453 -1.0547,-0.9453 v -4.4043 -4.4043 l -1.6972,-3.3828 c -1.3692,-2.7304 -1.787,-3.8285 -2.1661,-5.6934 -0.3616,-1.7792 -0.6478,-2.5595 -1.2461,-3.3945 -0.4274,-0.5965 -1.2007,-1.9815 -1.7187,-3.0762 -2.1957,-4.64 -3.7457,-6.2261 -6.8535,-7.0195 -1.0715,-0.2736 -2.993,-1.0225 -4.2715,-1.6641 -1.2785,-0.6416 -2.8734,-1.3811 -3.543,-1.6445 -0.6695,-0.2635 -2.1652,-0.9587 -3.3242,-1.543 -1.8719,-0.9437 -2.2685,-1.2622 -3.543,-2.8496 -1.7104,-2.1302 -2.7676,-3.9676 -3.1347,-5.4434 -0.2563,-1.0308 -0.3293,-1.0998 -1.5352,-1.5097 -1.2501,-0.425 -1.2686,-0.4484 -1.7558,-1.9121 -0.412,-1.2383 -1.0441,-2.1489 -3.8516,-5.5665 -1.8466,-2.2477 -3.421,-4.1939 -3.502,-4.3242 -0.081,-0.1302 0.223,-0.4129 0.6758,-0.6289 0.6334,-0.302 0.9068,-0.6368 1.1836,-1.4492 0.8548,-2.5087 0.2502,-4.9791 -1.748,-7.1465 -1.5876,-1.7219 -3.2791,-2.8263 -5.461,-3.5683 -1.1306,-0.3846 -1.6375,-0.5046 -2.7597,-0.4825 z m 124.4257,20.5332 c 0.4557,-0.029 0.9817,0.2253 1.5137,0.7579 1.4646,1.4659 2.8052,3.1034 2.8242,3.4511 0.011,0.1932 0.128,0.7739 0.2617,1.2891 0.1336,0.5151 0.2481,1.9231 0.2481,3.1289 0.01,1.8317 -0.1336,2.6781 -0.8438,5.1504 l -0.8515,2.959 0.5293,2.2246 c 0.6139,2.5845 1.013,3.3728 2.0195,3.9961 1.1399,0.7059 2.0628,0.5964 2.7695,-0.3301 0.3285,-0.4307 0.5977,-0.8926 0.5977,-1.0254 0,-0.1327 0.378,-1.0687 0.8398,-2.082 0.7845,-1.7216 0.8601,-1.8131 1.1661,-1.377 1.2168,1.7345 2.1669,2.6626 2.9804,2.9121 1.114,0.3417 2.6698,0.1304 4.4317,-0.6015 1.7429,-0.7241 2.56,-0.6454 4.8574,0.1308 l 2.1191,0.7149 v 0.09 l 1.5313,0.4414 c 2.1113,0.6099 2.5675,0.6719 4.8769,0.6504 l 2.0196,-0.019 0.5976,0.5254 c 0.752,0.6602 0.69,1.1218 -0.2754,2.0039 -0.6684,0.6107 -0.7027,0.6211 -2.0254,0.6211 -1.3191,0 -1.3533,0.01 -1.7754,0.539 -0.7878,0.9924 -0.9794,1.5045 -0.7968,2.166 0.1287,0.4652 0.108,0.7074 -0.094,1.0977 -0.1403,0.2713 -0.3137,0.4951 -0.3887,0.502 v 0 c -0.072,0 -0.537,-0.2165 -1.0313,-0.4805 -0.9527,-0.5089 -2.1378,-0.3794 -2.6894,-0.2344 0,-0.014 0,-0.025 -0.01,-0.033 0,0 -0.01,-0.01 -0.01,-0.01 0,0 -0.01,-0.01 -0.01,-0.01 -0.065,-0.013 -0.2511,0.1253 -0.5762,0.4278 -0.3963,0.3687 -0.8582,1.1385 -1.0273,1.7109 -0.169,0.5724 -0.4889,1.2053 -0.711,1.4063 -0.5126,0.4639 -1.8732,0.4458 -3.2324,-0.043 -0.5796,-0.2084 -1.7391,-0.4347 -2.5762,-0.5039 -1.348,-0.1114 -1.7026,-0.043 -3.0996,0.5898 -0.8676,0.393 -1.9271,0.779 -2.3554,0.8594 -1.1681,0.2191 -1.6092,1.5401 -1.7911,5.3789 -0.1729,3.6469 -0.5008,4.5122 -2.0996,5.5313 -0.5911,0.3767 -1.3645,0.7486 -1.7187,0.8261 -0.3542,0.077 -0.6445,0.2367 -0.6445,0.3535 0,0.704 0.9065,2.0972 2.3125,3.5567 0.8877,0.9215 1.8364,2.1178 2.1093,2.6601 0.429,0.8526 0.6602,1.0362 1.709,1.3477 0.6672,0.1981 1.3141,0.3594 1.4375,0.3594 0.1233,0 0.8693,0.5585 1.6563,1.2422 2.5488,2.214 2.6401,2.2466 6.0078,2.1152 2.7082,-0.1057 2.9822,-0.077 3.5117,0.3633 0.1529,0.1272 0.3693,0.2352 0.5625,0.3125 0,0.023 -0.01,0.045 -0.01,0.068 l 0.2188,0.01 v 0 c 0.1096,0.035 0.1928,0.055 0.2246,0.057 v 0 0 0 0 c 0,-0.01 0.01,-0.023 0.012,-0.043 l 1.0586,0.033 c 0.999,0.032 1.0948,0.027 0.6445,0.7148 -0.1923,0.2941 -0.2362,0.5999 -0.1602,1.1113 0.2984,1.9927 0.3,2.1277 0.02,2.4375 -0.1521,0.1681 -0.533,0.3534 -0.8457,0.4121 l -0.914,-0.1347 -0.4219,-0.1133 c -1.5503,-0.4155 -3.0904,0.2401 -3.4649,1.4746 -0.4649,1.5329 -1.0008,2.6056 -1.2578,2.5215 -0.1398,-0.046 -0.5548,-0.5283 -0.9219,-1.0723 -0.367,-0.544 -1.0513,-1.232 -1.5214,-1.5312 -0.47,-0.2992 -1.1435,-0.8718 -1.4961,-1.2715 -0.3527,-0.3998 -0.9314,-0.7888 -1.2871,-0.8652 -0.3557,-0.077 -1.1422,-0.256 -1.7481,-0.3985 -1.0451,-0.2456 -1.1634,-0.2214 -2.2988,0.4844 -0.6583,0.4092 -1.3453,0.7441 -1.5254,0.7441 -0.1802,0 -0.687,0.3168 -1.127,0.7032 -0.6096,0.5351 -1.0275,0.7011 -1.7558,0.7011 -1.169,0 -1.3236,-0.2447 -1.5352,-2.457 -0.1496,-1.5648 -0.6746,-3.4186 -1.1426,-4.0352 -0.1202,-0.1584 -0.4426,-0.2852 -0.7187,-0.2812 -0.2762,0 -1.1883,-0.062 -2.0254,-0.1465 -1.5186,-0.1532 -1.5233,-0.1511 -1.9453,0.5742 -0.2851,0.49 -0.6042,0.7266 -0.9785,0.7266 -0.6886,0 -1.0911,0.3937 -1.9258,1.8828 -0.7446,1.3282 -1.1904,1.5511 -2.3848,1.1973 -0.4645,-0.1376 -1.2391,-0.3107 -1.7226,-0.3867 -0.605,-0.095 -1.0386,-0.3541 -1.3907,-0.8301 -0.6238,-0.844 -0.8853,-0.8616 -1.5957,-0.1055 l -0.5507,0.5859 -0.543,-0.5097 c -0.2988,-0.2808 -0.543,-0.6416 -0.543,-0.8028 0,-0.1611 -1.6365,-1.9037 -3.6367,-3.8711 -2.0002,-1.9673 -3.6975,-3.8192 -3.7715,-4.1152 -0.2435,-0.9702 0.091,-1.6522 0.9492,-1.9355 1.3317,-0.4396 1.5438,-1.0045 1.1758,-3.1211 -0.1726,-0.9921 -0.4883,-2.4299 -0.7031,-3.1953 -0.4056,-1.4453 -0.3994,-1.5253 0.3652,-5.2579 0.2658,-1.2976 -0.015,-2.7625 -0.6757,-3.5351 -0.2205,-0.2576 -0.6916,-0.9044 -1.0469,-1.4375 -0.625,-0.9376 -0.6338,-0.9983 -0.2871,-1.8281 0.4022,-0.9625 0.8875,-5.1641 0.8125,-7.0274 -0.059,-1.4486 0.097,-1.7656 0.8633,-1.7656 0.4387,0 0.765,0.2971 1.3808,1.2598 0.4434,0.6931 1.3406,1.6531 1.9941,2.1328 0.6536,0.4797 1.341,1.1667 1.5274,1.5273 0.4727,0.914 1.2182,3.8214 1.4082,5.4922 0.087,0.7693 0.306,1.6098 0.4863,1.8672 0.1803,0.2574 0.3281,0.6486 0.3281,0.8691 0,0.2206 0.1035,0.6708 0.2286,1 0.209,0.5496 0.2797,0.5763 0.8769,0.3243 0.7953,-0.3358 3.2607,-2.6594 3.6953,-3.4825 0.203,-0.3846 0.2405,-0.719 0.1035,-0.9355 -0.4061,-0.6418 -0.057,-2.7684 0.461,-2.8067 0.076,-0.01 0.5972,-0.099 1.1582,-0.207 1.5885,-0.3069 2.1761,-0.043 2.6035,1.168 0.5161,1.4623 0.7197,1.726 1.6055,2.084 0.4295,0.1736 0.9408,0.4759 1.1367,0.6718 0.4778,0.4779 1.101,0.086 1.2012,-0.7558 0.064,-0.5356 -1.1459,-3.4263 -2.3633,-5.6445 -0.1411,-0.2576 -0.235,-1.206 -0.2071,-2.1075 0.034,-1.0831 -0.1086,-2.1892 -0.4199,-3.2617 -0.4142,-1.4267 -0.6584,-1.8125 -2.0312,-3.1914 -1.4889,-1.4954 -2.1676,-2.3989 -2.1856,-2.9121 0,0 0,0 0,0 4e-4,0 0,-0.01 0,-0.01 0.069,-0.1321 1.0363,-0.2294 2.461,-0.2422 2.0813,-0.019 2.5691,-0.097 3.0957,-0.4902 0.7653,-0.5714 1.6625,-2.6688 1.6855,-3.9375 0.01,-0.5151 0.1225,-1.3953 0.252,-1.957 0.1615,-0.6875 0.1605,-1.453 0,-2.3418 -0.2068,-1.1455 -0.3886,-1.4609 -1.3809,-2.375 -1.4608,-1.3457 -1.8829,-2.3353 -1.3437,-3.1582 0.2402,-0.3666 0.5518,-0.5598 0.9062,-0.5821 z m 189.9239,79.9375 c -0.014,0.014 0.4684,0.2326 1.0722,0.4844 0.6037,0.2518 1.1901,0.504 1.3028,0.5606 0.1127,0.057 0.9438,0.6513 1.8476,1.3222 l 1.6446,1.2207 1.4082,1.5293 1.4081,1.5313 1.3145,2.1894 1.3164,2.1914 0.5781,4.3438 v 0 c 0.3179,2.3883 0.5896,4.3418 0.6016,4.3418 0.012,0 0,-1.0728 -0.021,-2.3848 l -0.041,-2.3867 -0.5488,-2.1074 c -0.3022,-1.1591 -0.5783,-2.1734 -0.6133,-2.2539 -0.035,-0.081 -0.7326,-1.2513 -1.5508,-2.6035 l -1.4863,-2.459 -1.6758,-1.6094 -1.6758,-1.6113 -1.4297,-0.8028 c -1.2026,-0.6748 -1.5905,-0.8594 -2.4277,-1.1621 -0.5477,-0.1979 -1.0075,-0.3483 -1.0215,-0.334 z m 12.5234,21.1954 c -0.012,0.012 -0.1657,5.0298 -0.3105,10.1386 -0.048,1.7003 -0.074,2.0316 -0.2911,3.5918 -0.1314,0.9454 -0.2343,1.7637 -0.2343,1.8164 10e-4,0.024 0,0.041 0.01,0.049 v 0 0 0 0 0 0 0 c 0.028,-0.051 0.1052,-0.4516 0.3281,-1.6524 0.2048,-1.1032 0.3471,-2.1021 0.4687,-3.3086 l 0.1739,-1.7285 -0.068,-4.459 c -0.036,-2.453 -0.07,-4.4542 -0.08,-4.4472 z m -4.8965,28.9414 c -0.01,-0.029 -0.8964,1.8094 -1.9707,4.0839 -1.8177,3.8484 -2.1132,4.4324 -4.2734,8.42 -1.2769,2.3569 -2.4558,4.5095 -2.6192,4.7832 -0.3957,0.6628 -3.9812,7.1445 -4.0332,7.291 -0.2356,0.6629 1.6266,-2.3826 4.2617,-6.9688 l 2.7247,-4.7422 2.8242,-6.0585 c 2.7998,-6.0043 3.1199,-6.7084 3.0859,-6.8086 z m -272.4844,12.0566 c -0.096,0.01 -0.171,0.1192 -0.2832,0.2988 -0.1699,0.2716 -0.2156,0.5263 -0.1015,0.5664 1.231,0.432 1.3792,0.6475 1.4492,2.1211 0.06,1.2502 0.133,1.4571 0.5137,1.4571 0.5299,0 1.1718,0.8443 1.1718,1.539 0,0.2734 -0.2233,0.6961 -0.4961,0.9414 -1.4279,1.2841 -4.1413,4.7359 -4.3027,5.4727 -0.2188,0.9986 -0.9211,1.9805 -1.6582,2.3164 l -0.5566,0.2519 0.5215,0.8379 c 0.2867,0.4602 0.8668,1.3611 1.289,2.002 0.4222,0.6409 0.8293,1.4714 0.9043,1.8457 0.1334,0.6673 0.1639,0.6799 1.5977,0.6582 1.7548,-0.027 2.9355,0.6252 2.9355,1.6211 0,0.5237 0.073,0.5759 0.6094,0.4414 0.3349,-0.084 0.9057,-0.3717 1.2695,-0.6406 0.566,-0.4185 0.6293,-0.5732 0.4395,-1.0723 -0.122,-0.3208 -0.1581,-0.9253 -0.08,-1.3418 0.1253,-0.668 0.039,-0.8423 -0.7325,-1.4785 -0.4812,-0.3967 -1.2683,-0.7882 -1.748,-0.8692 -0.5154,-0.087 -1.1335,-0.4214 -1.5137,-0.8183 -0.5893,-0.6151 -0.635,-0.7916 -0.541,-2.0977 0.095,-1.3103 0.1857,-1.5095 1.1309,-2.4726 0.6821,-0.695 1.2303,-1.0481 1.625,-1.0489 0.8935,0 1.7569,-0.8955 2.3027,-2.3828 l 0.4883,-1.332 -1.1855,-2.0059 c -0.8302,-1.4037 -1.3222,-2.0058 -1.6348,-2.0058 -0.6672,0 -1.5016,-0.6274 -2.4981,-1.8789 -0.5405,-0.6789 -0.7566,-0.9419 -0.916,-0.9258 z m 237.0371,51.8203 c -0.01,-0.027 -0.6554,1.4856 -1.4355,3.3613 -0.9966,2.3964 -2.1957,5.4648 -4.0312,10.3184 -2.2353,5.9103 -2.9867,7.9892 -5.2129,14.4004 -2.4551,7.0704 -2.6513,7.6663 -3.4805,10.5644 -0.8066,2.819 -0.9489,3.3028 -0.9082,3.3829 v 0 0 0 0 0 0 0 c 0.012,0 0.029,0 0.047,0 0.053,0 0.1,0.032 0.1,0.072 0.01,0.1076 -0.049,0.2944 1.3418,-4.4023 l 1.2891,-4.3574 3.0117,-8.5488 c 2.9058,-8.2518 3.1196,-8.8336 6.1465,-16.6543 1.7249,-4.457 3.1311,-8.1257 3.121,-8.1524 z m -205.1328,9.5234 c -0.051,0.022 -0.2415,0.2686 -0.4355,0.5645 -0.3484,0.5317 -0.3271,0.6479 0.3496,2.002 0.4856,0.9719 0.6889,1.6816 0.6289,2.1933 -0.086,0.7325 0.1533,0.9656 7.4102,7.2188 4.1242,3.5538 15.3988,13.0179 25.0546,21.0312 l 17.5567,14.5703 0.7754,-0.9023 c 0.4266,-0.496 0.9717,-1.1651 1.2109,-1.4883 l 0.4356,-0.5879 -5.6348,-5.0137 c -4.3775,-3.8946 -6.9472,-5.9489 -11.5098,-9.207 -3.2302,-2.3066 -5.992,-4.2654 -6.1386,-4.3516 -0.1466,-0.086 -0.5994,-0.8934 -1.0059,-1.7949 -0.4065,-0.9015 -1.015,-2.0394 -1.3535,-2.5293 -0.6536,-0.9458 -5.8126,-4.5569 -9.4336,-6.6035 -3.3701,-1.9048 -6.8102,-4.3181 -8.9844,-6.3008 -1.1426,-1.0419 -3.1893,-2.5789 -4.5488,-3.416 -2.2852,-1.4071 -2.4996,-1.6014 -2.8399,-2.5859 -0.3257,-0.9427 -1.3413,-2.7989 -1.5312,-2.7989 v 0 0 z m 190.0586,32.5821 c -0.022,0 -0.04,0 -0.049,0.01 v 0 0 c -0.015,0.015 -0.6045,2.0507 -1.3105,4.5253 -1.2302,4.3125 -1.3236,4.6777 -2.2481,8.7754 l -0.9648,4.2754 -1,7.0528 c -0.5502,3.8784 -1.17,8.2103 -1.377,9.6269 -0.3448,2.3608 -0.3967,2.8464 -0.6171,5.8242 l -0.2403,3.25 0.064,4.711 c 0.035,2.5918 0.084,4.9504 0.1075,5.2402 0.025,0.307 0.057,-1.3171 0.076,-3.8926 l 0.031,-4.4199 0.5371,-6.0293 0.5351,-6.0293 1.1387,-7.7285 1.1406,-7.7266 1.3809,-6.0039 c 1.301,-5.6571 1.428,-6.1626 2.1875,-8.7226 0.7313,-2.4645 0.7953,-2.7188 0.6953,-2.7364 -0.03,-0.01 -0.059,-0.01 -0.084,-0.01 z m -6.5019,65.5547 c -0.072,0 -0.1289,0.025 -0.1289,0.066 0,0.034 0.3476,1.4769 0.7714,3.2051 l 0.7696,3.1425 1.6621,3.9219 1.6621,3.9219 2.9512,5.7207 c 1.9963,3.8696 3.9315,7.5049 5.9785,11.2383 l 3.0254,5.5195 3.6992,5.8828 c 3.6282,5.7688 3.7929,6.0189 8.4824,12.8496 2.8088,4.0913 6.368,9.1812 8.625,12.334 2.1135,2.9525 3.8542,5.3587 3.8672,5.3457 0.1041,-0.1041 -0.7629,-1.3674 -3.9805,-5.7969 -3.0476,-4.1955 -4.4468,-6.1945 -8.4003,-12 l -4.7442,-6.9668 -3.8047,-6.6425 c -3.4505,-6.0259 -4.084,-7.1752 -6.8086,-12.3516 -2.2582,-4.2902 -3.6251,-6.8025 -5.5058,-10.1133 l -2.502,-4.4043 -1.7578,-4 -1.7559,-3.998 -0.8847,-3.334 c -0.4868,-1.8331 -0.899,-3.3793 -0.916,-3.4356 -0.022,-0.072 -0.185,-0.1118 -0.3047,-0.1054 z m -41.666,26.7812 c -0.064,0.014 -0.071,0.1418 -0.031,0.3828 0.029,0.1762 0.085,0.3106 0.2011,0.4766 0.089,0.127 0.2428,0.3476 0.3418,0.4922 0.2393,0.348 0.6376,0.6835 6.9942,5.875 l 5.2324,4.2734 0.4961,0.6153 0.498,0.6152 0.6309,0.4023 c 0.4564,0.2908 1.152,0.8221 2.498,1.9063 1.4903,1.2004 1.9546,1.5502 2.3067,1.7441 0.2423,0.1335 0.4774,0.2548 0.5234,0.2696 0.1857,0.06 0.3234,0.034 0.4824,-0.092 0.18,-0.1424 0.1887,-0.1703 0.096,-0.2637 -0.05,-0.05 -0.1565,-0.064 -0.4531,-0.064 h -0.3867 l -9.3262,-7.9297 c -7.817,-6.645 -9.3807,-7.9894 -9.6504,-8.3086 -0.2347,-0.2777 -0.3802,-0.4098 -0.4531,-0.3945 z m 31.4043,26.9082 c -0.01,0.01 0.3601,0.3898 0.8203,0.8477 l 0.8379,0.832 3.9941,2.9512 c 2.1969,1.6234 4.217,3.1055 4.4902,3.2929 0.2732,0.1875 0.5151,0.3408 0.5371,0.3418 0.066,0 -0.094,-0.1376 -1.5703,-1.3828 -1.2145,-1.0244 -1.9351,-1.5793 -5.2519,-4.0429 -2.114,-1.5703 -3.8474,-2.8479 -3.8574,-2.8399 z M 1665.9895,474.52439 c -2.5173,-0.97793 -16.3961,-14.97108 -16.3961,-16.53118 0,-0.67344 2.2428,-0.14082 4.984,1.18359 2.7412,1.32442 5.7999,2.40803 6.7971,2.40803 3.2792,0 6.9948,4.33121 7.8445,9.144 0.8295,4.69857 0.3986,5.205 -3.2295,3.79556 z m 27.432,-0.0364 c -2.0954,-0.27687 -3.4684,-1.23241 -3.4684,-2.41395 0,-2.80633 9.9331,-12.08051 12.0633,-11.26308 2.1052,0.80784 3.7913,-1.99362 4.9648,-8.24889 0.5344,-2.84846 0.3353,-4.8837 -0.5299,-5.41847 -2.3672,-1.46301 -6.2291,0.55118 -6.6436,3.46501 -0.3405,2.39326 -1.1816,2.77817 -6.0709,2.77817 -5.4848,0 -5.6726,0.12718 -5.5881,3.78372 0.048,2.08105 -0.7752,4.4269 -1.8295,5.213 -2.6938,2.00853 -5.8217,-0.17312 -9.7011,-6.76635 -1.7271,-2.9354 -4.2364,-5.92374 -5.5762,-6.64076 -1.4322,-0.76649 -2.1383,-2.07931 -1.7136,-3.18604 0.3973,-1.0353 -0.2368,-3.34612 -1.409,-5.13516 -2.5396,-3.87589 -1.8753,-5.02976 1.772,-3.0778 1.4611,0.78197 3.2124,1.07824 3.8917,0.65838 2.4225,-1.49718 1.1639,-4.10459 -3.5622,-7.37982 -5.3679,-3.71991 -9.7792,-4.45313 -8.6201,-1.43277 0.4237,1.10427 0.019,1.89187 -0.9719,1.89187 -3.1959,0 -5.0308,3.57139 -3.5287,6.86815 1.1068,2.42933 0.9902,3.15598 -0.6051,3.76814 -2.9698,1.13962 -5.3707,-1.55853 -6.2435,-7.01637 -0.7008,-4.38266 -1.1589,-4.88117 -4.486,-4.88117 -4.1729,0 -8.7142,-2.04259 -10.2238,-4.59846 -0.5547,-0.93926 -2.9061,-1.70775 -5.2253,-1.70775 -2.5847,0 -4.4977,-0.73221 -4.9427,-1.89186 -0.3993,-1.04052 -1.737,-1.91197 -2.9727,-1.93655 -3.2735,-0.0651 -7.1615,-2.57057 -10.8501,-6.99181 -3.0191,-3.61877 -3.1156,-4.12275 -1.4173,-7.3963 1.0024,-1.93211 1.8225,-4.22989 1.8225,-5.10619 0,-0.87629 0.862,-2.30864 1.9156,-3.183 1.5683,-1.3016 2.3738,-1.17497 4.4441,0.69864 1.9222,1.73954 2.8805,1.93654 3.9956,0.82139 1.1152,-1.11515 0.7528,-2.22721 -1.5109,-4.63679 -3.9468,-4.20115 -5.4386,-4.01421 -11.0486,1.38446 -2.6029,2.50486 -6.5772,5.35027 -8.8316,6.32314 -2.2545,0.97287 -4.0991,2.2305 -4.0991,2.79473 0,0.56424 -1.8445,0.80963 -4.099,0.54533 -8.5576,-1.00327 -9.7746,-1.56728 -9.7746,-4.52994 0,-1.58225 -0.6811,-3.5579 -1.5135,-4.39032 -1.855,-1.85496 -8.853,-1.99373 -10.6358,-0.2109 -1.3758,1.37577 -5.5081,0.39076 -5.5081,-1.31295 0,-0.55094 -1.8446,-2.09432 -4.0991,-3.42972 -2.3578,-1.39663 -5.336,-4.91983 -7.011,-8.29409 -1.6016,-3.22634 -3.4462,-6.19621 -4.099,-6.5997 -0.6529,-0.40349 -1.1871,-1.76787 -1.1871,-3.03194 0,-1.66841 1.5421,-2.68662 5.6265,-3.71508 3.929,-0.98933 6.6876,-2.74675 9.144,-5.82528 2.9022,-3.63734 4.3504,-4.40853 8.2784,-4.40856 3.8664,-3e-5 4.9774,-0.56942 5.9131,-3.03063 0.6337,-1.66682 1.6129,-3.29171 2.176,-3.61086 1.5148,-0.85863 18.0747,4.64287 33.3533,11.0806 7.3761,3.10793 14.5824,5.65079 16.0141,5.65079 2.5411,0 13.5502,5.27272 15.8969,7.61369 1.5058,1.50214 1.8878,6.25997 0.5026,6.25997 -0.5778,0 -1.0505,0.91206 -1.0505,2.0268 0,1.25846 0.6979,1.75901 1.8408,1.32041 2.2003,-0.8443 13.1019,2.59766 15.9159,5.02509 2.5205,2.17421 4.9335,2.12403 7.9577,-0.16548 2.6401,-1.99872 7.0779,-0.55366 7.0779,2.30474 0,2.69667 7.8688,4.62334 18.8825,4.62334 8.6701,0 11.6408,-0.55555 17.0055,-3.18027 4.9131,-2.40377 9.8569,-3.47518 20.2477,-4.3881 16.1152,-1.41585 22.8818,-0.65684 24.7171,2.77255 1.534,2.86634 -0.4778,6.05706 -3.8192,6.05706 -5.3093,0 -7.0061,6.92147 -2.1495,8.76793 1.6766,0.63746 3.3614,2.60487 3.8302,4.47273 0.9697,3.86329 3.7096,3.60094 4.3001,-0.41172 0.2216,-1.50645 0.9311,-2.73901 1.5765,-2.73901 2.8513,0 6.1521,-5.06824 5.5274,-8.4871 -1.1873,-6.49763 0.6622,-7.28333 10.0247,-4.25864 7.7518,2.50434 8.6382,2.55799 12.1614,0.7361 2.4291,-1.25614 5.2876,-1.68608 7.923,-1.19168 2.6919,0.505 6.3863,-0.0866 10.6444,-1.70457 5.5788,-2.11976 6.7357,-2.22015 8.0019,-0.69442 0.9332,1.12447 2.4632,1.46021 4.14,0.90852 4.7877,-1.57521 10.1139,-0.41942 13.6414,2.96019 4.3624,4.17941 6.6641,10.67732 4.9052,13.8475 -0.7014,1.26415 -2.1425,6.27136 -3.2025,11.12714 -1.745,7.99391 -1.7398,8.94795 0.056,10.08994 6.5028,4.13625 6.4295,4.33283 -1.6296,4.37423 -4.2946,0.0221 -8.1121,0.53156 -8.4833,1.13221 -0.3712,0.60066 -1.9655,0.85684 -3.5429,0.5693 -1.5773,-0.28754 -5.6743,0.33386 -9.1045,1.3809 -4.5502,1.38895 -6.6846,1.5319 -7.8934,0.52865 -0.9273,-0.76955 -3.635,-1.05403 -6.1491,-0.64604 -2.4708,0.40095 -6.0132,0.0918 -7.8721,-0.687 -5.0285,-2.10671 -9.2381,-2.07174 -13.4697,0.11191 -2.0811,1.0739 -4.2398,1.82571 -4.7973,1.6707 -0.5574,-0.15501 -1.8741,0.57878 -2.9259,1.63065 -2.7468,2.7468 -8.0442,3.78317 -10.7381,2.10079 -3.2263,-2.01481 -6.133,-1.80337 -6.133,0.44612 0,1.04052 0.6811,1.89186 1.5135,1.89186 1.1772,0 1.1772,0.33633 0,1.51349 -0.8324,0.83242 -1.5135,2.25132 -1.5135,3.1531 0,2.05941 4.0366,2.1435 6.054,0.12613 1.1771,-1.17716 1.5135,-0.82633 1.5135,1.57872 0,4.33454 -9.472,9.33209 -16.9534,8.94482 -4.5477,-0.2354 -5.7242,0.22353 -7.4928,2.9228 -1.8447,2.8153 -2.9758,3.20205 -9.3648,3.20205 -3.9968,0 -10.3687,1.06285 -14.1599,2.36188 -7.7878,2.66842 -14.0992,3.64647 -19.1903,2.97381 v 0 z m -136.9929,-12.27252 c -2.3085,-3.91269 -3.1969,-4.41435 -7.8167,-4.41435 -7.1554,0 -13.4132,-3.26616 -17.1888,-8.97143 -2.0076,-3.03375 -4.8049,-5.33233 -7.6198,-6.26131 -8.9242,-2.94528 -20.514,-16.91747 -20.514,-24.731 0,-1.96304 -1.4418,-6.27764 -3.204,-9.588 -3.0346,-5.70042 -3.1923,-8.46538 -0.483,-8.46538 0.6651,0 5.0027,4.02134 9.6392,8.9363 4.6365,4.91497 11.0115,10.24933 14.1667,11.85415 7.6652,3.89881 42.9432,38.30065 42.9432,41.8767 0,2.55669 -2.1947,4.17867 -5.6541,4.17867 -0.9153,0 -2.8362,-1.98646 -4.2687,-4.41435 z m 44.2832,420.50109 -2.6867,-6.35911 -5.5264,0.82874 -5.5264,0.82874 -3.3316,-13.66848 c -1.8323,-7.51767 -3.7138,-16.69651 -4.1809,-20.39742 -0.4672,-3.7009 -1.5253,-6.98828 -2.3513,-7.30527 -0.8261,-0.31699 -4.2636,0.0425 -7.6389,0.79899 -11.2049,2.51107 -13.5032,-1.41128 -17.0019,-29.0164 -0.7473,-5.8963 -1.6078,-11.91257 -1.9122,-13.36946 -0.5098,-2.43989 0.7034,-2.93723 15.374,-6.30269 8.7601,-2.00958 16.7174,-4.23137 17.6828,-4.93731 1.4872,-1.08746 1.3601,-3.30376 -0.8321,-14.5078 -2.461,-12.57762 -2.4788,-13.28595 -0.3641,-14.48552 5.5764,-3.16329 13.8419,-13.20587 17.3595,-21.09189 3.1861,-7.14259 4.2796,-8.48918 6.9356,-8.54108 1.7342,-0.0339 5.6272,-1.18426 8.6511,-2.55639 3.0239,-1.37213 5.6805,-2.49479 5.9035,-2.49479 0.2231,0 3.9266,4.2567 8.23,9.45932 4.3035,5.20262 8.79,9.45931 9.97,9.45931 1.18,0 11.4616,-7.81763 22.848,-17.37252 11.3864,-9.55488 23.0892,-18.42677 26.0062,-19.71529 5.876,-2.59556 15.9731,-2.8849 22.7399,-0.65166 5.9725,1.97111 7.6021,0.86978 8.6046,-5.81516 0.9925,-6.61862 -3.5458,-24.03165 -9.156,-35.1305 l -3.1156,-6.16373 30.3786,-30.47139 c 16.7082,-16.75926 30.3786,-30.98129 30.3786,-31.60451 0,-1.96165 -6.686,-8.20798 -8.7858,-8.20798 -1.1042,0 -5.4857,-3.54725 -9.7367,-7.88276 -5.7988,-5.91416 -8.5788,-10.03747 -11.1318,-16.5107 l -3.4027,-8.62794 5.4926,-5.29324 c 11.8327,-11.4031 17.6349,-14.39893 19.2279,-9.92786 2.0741,5.82138 18.2478,31.26475 20.1023,31.62352 3.2672,0.63207 2.6031,-1.38381 -4.3132,-13.09331 l -6.421,-10.87104 2.7412,-2.91788 c 1.6312,-1.73636 2.5715,-4.11695 2.322,-5.8791 -0.3423,-2.41833 -1.2854,-3.03294 -5.1439,-3.35238 -3.7978,-0.31442 -4.8761,-0.99478 -5.497,-3.46841 -0.4248,-1.6925 -1.26,-3.07727 -1.8562,-3.07727 -2.3216,0 0.9881,-4.96518 6.2063,-9.31059 5.6865,-4.73531 8.6521,-5.34711 22.4456,-4.63048 2.8726,0.14924 5.5554,-0.26674 5.9618,-0.9244 0.4632,-0.74944 2.7506,-0.75624 6.1284,-0.0182 2.9641,0.64765 7.9433,1.74266 11.0649,2.43337 3.1216,0.69071 6.9601,2.46168 8.5301,3.9355 3.8702,3.63317 6.5245,1.38918 4.2531,-3.59578 -1.9003,-4.17086 -1.4981,-4.60602 2.4093,-2.60647 1.7025,0.87124 10.19,4.00023 18.8611,6.95332 28.3121,9.64221 25.9444,8.33505 30.0771,16.60526 2.038,4.07846 5.0086,9.24545 6.6013,11.48219 1.5927,2.23674 4.4943,8.63395 6.448,14.21602 4.977,14.2205 12.181,29.16804 15.6101,32.38948 1.5947,1.49818 4.7811,3.16932 7.0809,3.71365 l 4.1815,0.9897 -4.6582,0.1291 c -5.5611,0.15413 -8.5849,3.65248 -8.5849,9.9322 0,2.30827 -3.376,12.25615 -7.5024,22.10641 -21.597,51.55612 -25.1902,60.76531 -24.1246,61.83088 0.6256,0.6256 1.6589,0.81517 2.2963,0.42126 0.6373,-0.39392 8.4398,-17.91041 17.3388,-38.92555 8.899,-21.01513 16.3229,-38.39594 16.4976,-38.62402 0.1747,-0.22809 3.4086,0.55963 7.1864,1.75048 7.9549,2.50756 14.5606,1.77562 17.9694,-1.99108 3.0483,-3.36824 6.7255,-3.15928 8.1017,0.46037 1.6486,4.33632 22.2394,13.11888 25.6961,10.96015 4.4515,-2.78002 4.5165,0.49924 0.2116,10.67588 -4.8451,11.45377 -5.3998,14.8863 -2.308,14.28145 1.2431,-0.24318 3.8151,-4.46465 6.372,-10.45845 2.3582,-5.52786 4.4588,-10.22185 4.668,-10.4311 1.077,-1.07697 29.0457,12.16729 36.931,17.4882 5.0099,3.38067 9.9915,6.14667 11.0701,6.14667 2.5554,0 24.0324,14.28601 22.3301,14.85343 -0.7148,0.23828 -3.5198,-1.03593 -6.2332,-2.83159 -6.4394,-4.26136 -16.5988,-5.61952 -19.5984,-2.61998 -2.6838,2.6838 -2.7323,5.58087 -0.1103,6.58701 1.6894,0.64831 1.879,2.08332 1.1608,8.78912 -0.5354,4.99945 -0.3911,8.01429 0.3836,8.01429 1.4774,0 7.7876,10.42978 7.7876,12.87168 0,0.93608 -0.8605,2.93055 -1.9123,4.43217 -1.7986,2.56794 -2.1711,2.6221 -6.2657,0.91126 -5.3732,-2.24509 -10.7406,-2.3569 -10.7406,-0.22373 0,0.87737 -1.2195,3.85705 -2.7101,6.62152 -4.6585,8.63962 -14.408,31.12552 -17.4093,40.1521 -2.2879,6.88099 -2.592,9.25587 -1.4936,11.66648 1.2548,2.75408 1.0959,3.02676 -1.7641,3.02676 -1.7288,0 -4.1287,0.60787 -5.3333,1.35081 -1.7386,1.07241 -6.7391,-0.57421 -24.2617,-7.98927 -12.1395,-5.13705 -24.253,-10.37516 -26.919,-11.64025 -4.098,-1.94464 -5.0208,-2.02565 -5.9704,-0.52411 -0.6177,0.97683 -0.9801,2.23289 -0.8053,2.79125 0.3549,1.13323 49.876,22.30322 52.1929,22.31213 0.8093,0.003 1.7138,0.7151 2.01,1.5822 0.5774,1.69016 -1.9165,10.29497 -4.9535,17.0912 -3.8466,8.60779 -3.7262,16.94415 0.3028,20.97317 1.6597,1.65978 5.8417,1.98006 25.8535,1.98006 h 23.8735 v 15.15201 c 0,9.63688 0.5535,16.03826 1.5206,17.58684 1.2523,2.00535 1.1066,2.89219 -0.8261,5.02785 -1.8225,2.01377 -3.886,2.59304 -9.2372,2.59304 h -6.8905 l 0.893,-10.72056 0.893,-10.72056 -4.8429,0.008 c -2.6636,0.004 -9.5252,0.37207 -15.2481,0.81756 l -10.4053,0.81 v 9.27238 9.27238 l -17.342,0.0412 c -29.7755,0.0709 -38.2884,2.14509 -51.3956,12.52306 -12.099,9.57957 -16.9495,11.94767 -24.5447,11.98292 -9.5349,0.0443 -13.9232,-1.31637 -13.9232,-4.31697 0,-3.23959 -1.9877,-4.30015 -4.0073,-2.13816 -1.3865,1.48427 -2.9989,1.13032 -10.5715,-2.32064 -15.204,-6.92869 -20.6444,-7.8414 -30.559,-5.12674 -14.815,4.05641 -13.6352,4.30716 -15.4102,-3.275 -0.8676,-3.7065 -2.0045,-7.541 -2.5262,-8.5211 -0.5218,-0.98011 -0.1875,-3.60392 0.7429,-5.83071 1.826,-4.37013 1.3549,-5.63033 -2.1044,-5.63033 -1.4125,0 -2.7421,1.59866 -3.6714,4.41434 l -1.4568,4.41435 h -8.5724 c -4.7147,0 -10.9852,0.85134 -13.9344,1.89186 -6.533,2.30501 -6.3062,2.30232 -6.3062,0.0744 0,-2.65874 -2.3562,-3.67442 -4.4646,-1.92455 -1.8793,1.55965 -7.3146,2.29821 -19.499,2.64955 -3.8152,0.10998 -8.0719,0.80518 -9.4593,1.5448 -1.3873,0.73963 -2.936,1.22825 -3.4414,1.08583 -0.8872,-0.25002 -9.498,1.9191 -18.6296,4.69293 -2.9164,0.88587 -4.5565,0.91208 -4.8348,0.0773 -0.649,-1.94705 -3.6701,-1.5107 -8.7897,1.2695 -10.1721,5.52403 -22.3657,10.22686 -27.9972,10.798 -1.7342,0.17588 -5.7071,0.96257 -8.8287,1.74818 -5.0245,1.26456 -12.1612,2.21641 -19.4025,2.5878 -2.784,0.14279 -31.4859,9.63397 -36.0921,11.93501 -1.7342,0.86632 -4.6079,1.92278 -6.3861,2.34768 -2.9286,0.69983 -3.4857,0.17411 -5.9195,-5.58657 v -3e-5 z" /><path
   id="West-Coast-GRC"
   style="display:inline;fill:#ffd42a;fill-opacity:1;stroke:#ffd42a;stroke-width:0.496715;stroke-linejoin:miter;stroke-miterlimit:4;stroke-dasharray:none;stroke-opacity:1"
   d="m 269.37431,676.16434 c -1.0518,0 0.1512,2.1699 2.6992,4.8672 1.6435,1.7399 3.6214,4.4124 4.3945,5.9375 0.7731,1.525 1.6817,2.9505 2.0196,3.168 0.3378,0.2175 0.5217,1.2204 0.4082,2.2285 -0.1447,1.2839 0.1894,2.0574 1.1172,2.584 0.7285,0.4135 1.5622,1.1247 1.8535,1.58 0.2913,0.4553 1.247,0.8282 2.123,0.8282 1.3024,0 1.6739,0.431 2.0371,2.3671 0.3955,2.1079 1.8743,3.5141 13.4629,12.8145 7.1597,5.7459 14.2778,11.953 15.8184,13.793 l 2.8008,3.3457 -1.1622,2.0234 c -1.0746,1.8724 -1.081,2.1592 -0.096,3.8731 0.7839,1.3634 0.9807,2.9319 0.7461,5.9531 -0.2657,3.423 -0.078,4.4919 1.1368,6.457 0.8005,1.2953 1.7409,2.3555 2.0898,2.3555 0.3489,0 2.1831,-1.0435 4.0762,-2.3184 4.2764,-2.88 5.9129,-2.9326 7.8203,-0.2539 0.8081,1.1349 2.8405,2.6991 4.5176,3.4766 2.6014,1.2059 3.8788,1.3645 8.6953,1.082 4.5317,-0.2658 6.0189,-0.6242 7.5371,-1.8203 1.4619,-1.1518 2.7532,-1.4902 5.6855,-1.4902 h 3.793 l 1.1191,-3.5567 c 1.3779,-4.3808 0.9282,-6.4276 -1.9726,-8.9746 -1.2214,-1.0723 -2.641,-2.9383 -3.1543,-4.1465 -0.8579,-2.0192 -2.1218,-3.5565 -7.9649,-9.6797 -1.7626,-1.8471 -2.0839,-2.6906 -2.0839,-5.4648 0,-3.7561 -0.6997,-4.2769 -1.5118,-1.127 -0.5304,2.0573 -0.7277,2.17 -4.4882,2.5586 -2.164,0.2234 -5.2365,0.2542 -6.8262,0.066 -2.512,-0.2967 -3.0111,-0.6302 -3.8086,-2.539 -1.204,-2.8816 -1.1602,-4.6514 0.125,-5.1445 1.1742,-0.4506 3.5937,0.6303 3.5937,1.6054 0,1.3314 1.2,0.567 1.5977,-1.0176 0.5278,-2.1028 3.3962,-2.3371 4.0332,-0.33 0.2312,0.7285 0.8473,1.3242 1.3691,1.3242 1.1688,0 1.1682,-0.018 -0.014,-2.3867 -2.2989,-4.6083 -5.9628,-6.9012 -16.748,-10.4786 -3.0013,-0.9956 -5.605,-2.0483 -5.7852,-2.3398 -0.1801,-0.2915 -1.6935,-0.3757 -3.3632,-0.1875 -2.4787,0.2794 -3.4185,0.059 -5.125,-1.2031 -1.2078,-0.893 -2.86,-1.4863 -3.9141,-1.4063 -1.4643,0.1116 -2.1289,-0.3523 -3.3691,-2.3535 -0.8498,-1.3712 -1.937,-3.4626 -2.4141,-4.6465 -0.9884,-2.4523 -2.195,-2.6826 -5.5801,-1.0683 -3.312,1.5794 -5.0851,0.8325 -7.25,-3.0489 -2.1818,-3.9117 -3.8489,-4.2958 -7.0254,-1.623 -2.8189,2.372 -5.4877,1.7517 -7.7265,-1.7949 -1.3485,-2.1361 -3.7311,-3.8887 -5.2871,-3.8887 z m -24.2481,16.5723 c -3.31,0.019 -7.4267,1.9741 -9.6015,4.5586 -2.4027,2.8555 -3.8639,8.0005 -3.3457,11.7812 0.5527,4.0329 3.937,9.0754 6.2714,9.3457 1.584,0.1833 1.8735,-0.1394 2.9512,-3.3105 0.657,-1.933 1.1197,-3.8885 1.0293,-4.3438 -0.09,-0.4553 0.2951,-0.8281 0.8574,-0.8281 0.5706,0 1.0235,-0.5679 1.0235,-1.2852 0,-0.7071 0.2649,-1.4488 0.5879,-1.6484 0.8553,-0.5286 2.1912,1.3321 1.9609,2.7305 -0.1085,0.6591 0.016,1.5385 0.2774,1.955 0.2901,0.4619 -0.1168,0.9057 -1.045,1.1387 -1.175,0.2949 -1.8739,1.4058 -3.0644,4.8731 -0.848,2.4697 -1.9012,5.0859 -2.3418,5.8144 -0.4406,0.7285 -1.0187,2.2025 -1.2832,3.2754 -0.2646,1.073 -1.3732,2.9676 -2.4649,4.2109 -1.0917,1.2434 -1.8375,2.6467 -1.6562,3.1192 0.1813,0.4724 -0.2278,1.3648 -0.9102,1.9824 -0.9999,0.9049 -1.1701,1.728 -0.873,4.2363 0.2764,2.3335 0.023,3.8692 -1.0117,6.1407 -0.7591,1.6664 -1.5784,4.2683 -1.8204,5.7812 -0.2419,1.5128 -1.4013,4.3484 -2.5781,6.3027 -2.1874,3.6326 -2.5296,4.6332 -3.7578,10.9805 -0.3876,2.0034 -1.0794,4.0884 -1.5371,4.6348 -0.4577,0.5464 -1.0404,2.1855 -1.2949,3.6426 -0.2545,1.457 -2.0557,6.6723 -4.002,11.5898 -1.9463,4.9175 -6.684,17.495 -10.5273,27.9492 -3.8433,10.4542 -7.7707,20.8689 -8.7285,23.1446 -0.9579,2.2755 -7.9407,20.992 -15.5176,41.5917 -18.5071,50.3159 -20.3766,55.0059 -21.9375,55.0059 -0.8818,0 -1.2481,0.4755 -1.2481,1.6231 0,0.8925 -0.5207,1.9146 -1.1582,2.2714 -1.5627,0.8747 -1.6035,9.1321 -0.051,10.2676 0.5554,0.4061 1.2219,2.1606 1.4825,3.8985 0.2606,1.7379 1.0093,3.6748 1.6621,4.3046 1.2466,1.2027 6.6738,9.9911 6.6738,10.8067 0,0.2605 -0.8936,0.7869 -1.9863,1.1679 -2.2488,0.7839 -2.4912,2.147 -1.2539,7.0606 1.0699,4.2489 -1.0762,14.4513 -4.0391,19.2012 -1.3256,2.1251 -1.6522,3.51236 -1.6563,7.04676 0,3.2556 -0.3065,4.7338 -1.164,5.6817 -0.029,0.032 -0.056,0.08 -0.084,0.1445 l -4.8711,4.752 c -1.6897,1.4147 -3.2932,2.5722 -3.5645,2.5722 -0.2712,0 -2.4672,1.0054 -4.8789,2.2344 -2.4116,1.2291 -6.5338,2.7561 -9.1601,3.3945 -4.55,1.1058 -4.8115,1.274 -5.545,3.5606 -0.4233,1.3199 -1.1825,2.8749 -1.6875,3.4551 -1.8756,2.1551 -4.2386,9.3957 -3.8105,11.6777 0.2835,1.5111 -0.022,3.2062 -0.9844,5.4434 -0.7686,1.7866 -1.3405,3.9486 -1.2695,4.8066 0.071,0.858 -0.8247,2.9465 -1.9902,4.6406 -1.1656,1.6941 -2.1192,3.5264 -2.1192,4.0703 0,0.5438 -0.7368,1.8657 -1.6387,2.9375 -0.9018,1.0717 -3.9206,7.7242 -6.7089,14.7852 -4.3132,10.9223 -5.08311,13.4667 -5.15041,17.0449 l -0.078,4.2051 8.38471,-0.1 c 6.1142,-0.072 8.5247,0.1284 8.9004,0.7363 0.2834,0.4585 0.4349,5.0915 0.336,10.2969 l -0.1797,9.4648 h 5.3515 5.3536 v 6.9532 6.955 h -7.2852 -7.2852 v 13.9082 13.9082 h 8.2793 8.2793 v 6.9317 6.9316 l -15.2343,-0.414 -15.23251,-0.4141 v 4.5801 4.582 l 4.38281,1.5723 c 4.5861,1.6447 7.3138,1.8534 13.6973,1.0488 3.448,-0.4346 4.0052,-0.3298 5.4414,1.0195 0.8966,0.8423 2.3683,3.809 3.3477,6.75 0.9612,2.8861 2.4312,6.0434 3.2676,7.0157 1.4691,1.7081 1.6255,1.7408 4.5781,0.9511 5.9099,-1.5807 10.0794,-0.5276 11.8886,3.002 2.4454,4.7706 6.541,16.4866 7.0567,20.1875 0.6954,4.9902 0.3455,18.0574 -0.5449,20.3652 -0.3514,0.9106 -1.4926,2.5144 -2.5371,3.5625 l -1.8985,1.9043 2.3164,-0.4922 c 3.5171,-0.7463 3.9711,-1.4091 4.0137,-5.8828 0.021,-2.2321 0.4216,-7.4868 0.8906,-11.6758 0.8515,-7.6049 0.8507,-7.6225 -0.9609,-12.9941 -0.9979,-2.9588 -2.279,-6.0892 -2.8457,-6.9551 -0.5668,-0.8659 -1.2204,-2.7665 -1.4531,-4.2246 -0.3344,-2.0953 -0.1393,-3.0107 0.9277,-4.3672 1.2649,-1.6081 1.8157,-1.7437 8.7519,-2.1406 8.1977,-0.469 9.1604,-0.9791 9.1993,-4.8672 0.014,-1.4071 -4.4632,-11.4199 -13.5254,-30.2461 -13.5452,-28.1391 -13.5492,-28.1458 -13.7403,-33.1211 -0.2334,-6.0791 0.6707,-7.9272 6.2618,-10.6777 l 8.2929,-4.0781 v -0.1446 c 4.3884,-2.0843 12.3315,-5.8499 21.2559,-10.0761 13.395,-6.3434 24.0275,-11.6425 23.6289,-11.7754 -0.3987,-0.1329 -7.2729,2.8244 -15.2754,6.5722 -14.4971,6.7894 -14.5539,6.8094 -15.8594,5.5039 -1.2275,-1.2276 -1.2707,-1.7622 -0.6875,-8.4785 0.3424,-3.943 0.8709,-7.4197 1.1758,-7.7246 0.8508,-0.8508 75.1487,-37.0351 76.0449,-37.0351 0.4331,0 1.32,0.5875 1.9707,1.3066 1.0218,1.1291 1.1223,2.0552 0.7344,6.7891 -0.8487,10.359 -0.1714,9.3369 -9.1465,13.8359 -4.3655,2.1884 -7.8017,4.1142 -7.6347,4.2812 0.1669,0.1669 4.0483,-1.4631 8.625,-3.623 l 8.3222,-3.9277 0.3789,-3.5352 c 0.2091,-1.945 1.131,-13.9677 2.0489,-26.7168 2.0362,-28.2836 2.1726,-29.4726 3.373,-29.4726 0.5122,0 0.9316,-0.4724 0.9316,-1.0508 0,-0.8429 0.4919,-0.974 2.4825,-0.6621 7.2906,1.1421 20.443,1.7232 23.7011,1.0468 9.0873,-1.8865 15.6164,-10.1922 15.4903,-19.70496 -0.062,-4.6436 -0.4832,-5.7646 -5.9102,-15.6914 -7.3446,-13.4346 -9.9173,-18.5508 -9.6699,-19.2383 0.3393,-0.9428 -4.3742,-9.6035 -5.2266,-9.6035 -0.3895,0 -2.7597,-3.7991 -5.2675,-8.4434 -2.5079,-4.6443 -5.083,-8.8176 -5.7227,-9.2734 -0.6397,-0.4558 -1.3665,-1.7545 -1.6152,-2.8868 -0.4333,-1.9726 -2.6423,-7.0247 -4.6016,-10.5234 -0.51,-0.9106 -2.3961,-4.6347 -4.1914,-8.2773 -1.7953,-3.6426 -4.3478,-8.2191 -5.6719,-10.168 -1.3241,-1.949 -2.4062,-4.0391 -2.4062,-4.6465 0,-0.6073 -0.7456,-2.2008 -1.6563,-3.541 -0.9106,-1.3401 -1.6562,-2.7298 -1.6562,-3.0879 0,-0.3581 -3.0921,-3.9729 -6.8711,-8.0332 -6.1182,-6.5735 -6.9162,-7.7131 -7.2832,-10.3906 -0.3734,-2.7238 -0.095,-3.6076 2.9511,-9.3867 1.8498,-3.5089 4.0838,-7.3287 4.9649,-8.4883 1.9933,-2.6233 1.991,-2.9257 -0.053,-4.8457 -1.9035,-1.7883 -2.0644,-2.5322 -0.6621,-3.0703 0.6249,-0.2398 2.5011,1.0148 5.0566,3.3808 2.2351,2.0693 5.2045,4.4818 6.5977,5.3613 2.5737,1.6247 5.5644,5.089 5.5644,6.4454 0,0.4103 1.0435,1.4004 2.3184,2.2011 1.2749,0.8008 3.0385,2.1203 3.9199,2.9317 0.8814,0.8114 2.9017,2.4671 4.4902,3.6797 l 2.8887,2.205 3.211,-3.123 c 1.7654,-1.7174 4.3026,-3.9833 5.6386,-5.0352 l 2.4297,-1.9121 -1.4844,-1.5781 c -1.3241,-1.4094 -1.3742,-1.6862 -0.4785,-2.582 0.8958,-0.8957 1.1836,-0.8607 2.6973,0.33 l 1.6953,1.334 5.5391,-6.1113 c 3.0466,-3.3614 6.3822,-6.9222 7.4121,-7.9121 l 1.873,-1.7988 2.4356,1.5429 c 2.6017,1.6492 8.7285,7.8913 8.7285,8.8926 0,1.3562 -11.4308,14.4498 -18.1621,20.8047 -2.2136,2.0898 -4.844,4.5877 -5.8457,5.5488 -3.1876,3.0584 -2.6012,4.4775 4.7988,11.6035 3.7622,3.623 7.358,6.5193 8.3203,6.7032 1.4635,0.2798 2.1982,-0.3188 5.3828,-4.3926 2.0282,-2.5945 5.2939,-6.2427 7.2578,-8.1074 2.3381,-2.2199 3.4362,-3.7409 3.1817,-4.4043 -0.524,-1.3655 0.8495,-2.1184 2.0488,-1.1231 0.621,0.5153 0.9648,0.5493 0.9648,0.096 0,-0.3873 -0.317,-0.9008 -0.705,-1.1406 -0.4629,-0.286 -0.3207,-0.86 0.414,-1.6719 0.8348,-0.9225 1.4236,-1.0762 2.3106,-0.6015 0.9779,0.5234 1.7719,-0.027 4.455,-3.086 l 3.2637,-3.7207 2.416,0.7969 c 1.3287,0.4385 2.4161,1.2353 2.4161,1.7715 0,0.5362 0.4757,1.8942 1.0566,3.0176 l 1.0566,2.0429 -5.207,5.375 c -2.864,2.9564 -6.2259,6.4898 -7.4707,7.8516 l -2.2637,2.4766 1.4571,1.5507 c 1.4205,1.512 1.4252,1.5802 0.2168,2.6739 -1.0637,0.9626 -1.351,0.9876 -2.0215,0.1796 -1.1678,-1.407 -2.8355,-0.6542 -5.3926,2.4336 -1.2612,1.523 -4.7753,5.3789 -7.8086,8.5684 l -5.5156,5.7988 1.541,1.9512 c 0.8478,1.0732 1.7331,1.9683 1.9668,1.9883 0.2336,0.02 2.8819,-2.0379 5.8848,-4.5742 l 5.4589,-4.6114 1.3008,1.6504 c 1.5569,1.9793 1.5256,2.0258 -4.7929,7.2891 -4.0651,3.3861 -5.1012,4.9199 -3.3243,4.9199 0.3133,0 2.3077,-1.4886 4.4317,-3.3066 2.124,-1.8181 4.0639,-3.3106 4.3105,-3.3106 0.2466,0 1.5879,1.4716 2.9805,3.2774 1.3926,1.8057 2.7878,3.2955 3.0996,3.3105 0.3118,0.015 1.1308,0.7464 1.8203,1.6231 0.8403,1.0682 1.6895,1.4785 2.5781,1.2461 0.9748,-0.2549 2.12,0.5071 4.3204,2.8769 l 2.9921,3.2227 -3.0996,2.7265 c -2.3162,2.0368 -2.9827,3.0246 -2.6406,3.916 0.4133,1.0769 0.6653,1.0041 2.5899,-0.7578 5.2687,-4.8236 4.8863,-4.689 7.166,-2.5195 2.9132,2.7726 3.4298,3.9643 2.4297,5.6016 -1.0562,1.7292 -1.8133,1.1705 13.4081,9.9101 8.6666,4.976 12.4477,7.5177 13.2891,8.9395 0.6468,1.0927 1.7117,2.5239 2.3672,3.1797 0.9796,0.98 1.0285,1.2928 0.2793,1.7558 -0.7153,0.4421 -0.373,1.2194 1.5918,3.6172 1.6374,1.9982 2.7596,2.8545 3.2441,2.4746 0.4075,-0.3195 5.212,-4.2152 10.6758,-8.6582 5.4639,-4.4431 11.4248,-9.0768 13.2461,-10.2969 5.0627,-3.3918 9.3952,-8.3574 8.5176,-9.7597 -0.2949,-0.4713 -0.5427,-1.3032 -0.5527,-1.8496 -0.011,-0.6356 -0.5605,-0.9351 -1.5254,-0.8321 -1.0379,0.1108 -1.6887,-0.302 -2.086,-1.3242 -0.3176,-0.8171 -2.9945,-3.871 -5.9472,-6.7851 -11.8295,-11.6747 -11.0988,-10.6666 -12,-16.5567 -0.7908,-5.1684 -1.4323,-12.8826 -1.5703,-18.8672 l -0.068,-2.9707 7.2851,-0.8008 c 4.0069,-0.4401 8.2283,-0.9749 9.3809,-1.1875 1.8869,-0.3482 2.1317,-0.2023 2.4687,1.4551 0.2059,1.0123 0.4146,4.6724 0.4629,8.1328 0.055,3.9578 0.4745,7.2731 1.1289,8.9395 1.0881,2.7709 3.8899,6.293 5.0078,6.293 1.0407,0 3.0743,2.099 3.0743,3.1738 0,0.8622 14.0365,16.0202 15.3515,16.5781 0.2777,0.1178 1.5827,-0.6082 2.9004,-1.6133 1.8405,-1.4038 2.6504,-1.6717 3.4961,-1.1523 1.3185,0.8098 8.3831,-2.0122 7.7207,-3.084 -0.2244,-0.3631 -0.5296,-3.4165 -0.6777,-6.7852 -0.3497,-7.9501 -1.6679,-17.7148 -2.3926,-17.7148 -0.3125,0 -0.5684,-0.4099 -0.5684,-0.9121 0,-0.5022 -0.8955,-1.2837 -1.9883,-1.7363 -1.2105,-0.5014 -1.9863,-1.3103 -1.9863,-2.0684 0,-1.3997 0.8086,-1.5673 2.6934,-0.5586 1.1783,0.6305 1.2752,0.458 1.2031,-2.1523 -0.1583,-5.7344 -0.6074,-6.5494 -4.3926,-7.9864 -3.7515,-1.4242 -3.9088,-1.6234 -2.6367,-3.3632 0.7779,-1.0639 1.0269,-1.0742 3.3125,-0.1192 2.4397,1.0194 2.4707,1.0129 2.4707,-0.5058 0,-0.846 -0.4378,-2.1152 -0.9726,-2.8223 -1.1437,-1.512 -1.3499,-2.8791 -0.2715,-1.8008 0.5414,0.5416 1.1748,0.547 2.3281,0.022 1.3789,-0.6282 1.5289,-1.0277 1.1621,-3.0938 -0.2317,-1.3052 -0.4593,-2.6535 -0.5059,-2.996 -0.047,-0.3427 0.4368,-0.7376 1.0743,-0.877 0.7113,-0.1556 1.1582,0.1404 1.1582,0.7656 0,0.5603 0.5614,1.3182 1.248,1.6856 0.6866,0.3675 1.4253,1.3707 1.6406,2.2285 0.4285,1.7071 2.8757,3.1113 5.4219,3.1113 1.2913,0 1.6231,0.3402 1.6231,1.6563 0,1.3789 -0.3144,1.6562 -1.8868,1.6562 -1.8544,0 -1.8747,0.04 -1.1621,2.3164 0.6341,2.0259 0.9967,2.3184 2.8809,2.3184 1.7144,0 2.1562,0.2709 2.1562,1.3242 0,0.7285 -0.2978,1.3262 -0.6621,1.3262 -0.3642,0 -0.6621,1.1914 -0.6621,2.6484 0,2.2638 -0.2072,2.6484 -1.416,2.6484 -1.3117,0 -1.3792,0.2294 -0.9453,3.1465 0.2574,1.7303 0.8848,6.2749 1.3965,10.0996 1.1521,8.613 1.9685,13.1462 2.4512,13.6289 0.2034,0.2035 3.9008,-0.2933 8.2167,-1.1035 4.3351,-0.8139 12.2932,-1.6717 17.7813,-1.9179 9.329,-0.4184 10.1462,-0.5642 13.4023,-2.3809 l 3.4668,-1.9355 0.01,-5.7559 c 0,-3.1657 -0.2881,-5.939 -0.6523,-6.1641 -0.8699,-0.5377 -0.844,-4.7223 0.057,-8.9218 0.4543,-2.1182 1.646,-4.5278 3.2265,-6.5274 l 2.5059,-3.1699 5.5488,-0.1621 c 5.3763,-0.1564 5.6266,-0.2346 7.9746,-2.5215 2.2936,-2.2339 3.8672,-2.4896 3.8672,-0.6289 0,0.4614 -0.7456,1.539 -1.6562,2.3945 -2.5896,2.4327 -2.2128,4.9116 1.2402,8.1836 1.592,1.5086 3.0712,3.265 3.2891,3.9024 0.6877,2.0126 1.7636,1.2562 1.7636,-1.2403 0,-1.9643 0.1641,-2.2614 0.9122,-1.6406 0.5024,0.417 1.0904,1.6339 1.3046,2.7051 0.284,1.4197 1.1058,2.3136 3.0332,3.2969 1.4544,0.7419 3.1857,1.3496 3.8477,1.3496 0.662,0 1.8662,0.4641 2.6758,1.0312 1.2571,0.8805 1.4707,1.6418 1.4707,5.2168 v 4.1856 l 10.4316,-0.2754 c 5.7371,-0.1517 11.6231,-0.4199 13.0801,-0.5957 l 2.6504,-0.3204 -0.3633,-11.7402 c -0.1989,-6.4576 -0.2405,-12.113 -0.094,-12.5683 0.1528,-0.4738 1.3633,-0.8282 2.8301,-0.8282 2.2904,0 8.4112,-2.6543 11.0312,-4.7832 0.9761,-0.7931 6.795,-0.066 6.795,0.8496 0,0.3419 2.1599,0.6392 4.8008,0.6602 8.8472,0.07 8.4154,-0.1665 24.4941,13.3769 l 14.7461,12.4219 11.4258,5.5977 c 6.2835,3.0789 11.4238,5.3341 11.4238,5.0117 0,-0.4999 -6.6165,-19.9196 -6.9453,-20.3848 -0.064,-0.09 -2.3169,0.5847 -5.0079,1.5 l -4.8925,1.6641 -2.2051,-2.2051 -2.205,-2.2051 3.4257,-7.9043 c 1.8842,-4.3477 3.7972,-8.352 4.252,-8.8984 0.8876,-1.0664 2.6743,-5.9798 2.4609,-6.7676 -0.071,-0.2622 0.6485,-2.572 1.5977,-5.1328 1.3949,-3.7632 1.9963,-4.656 3.1387,-4.666 1.0534,-0.01 1.1824,-0.1567 0.5078,-0.584 -0.7318,-0.4637 -0.7564,-1.023 -0.1309,-2.918 0.4254,-1.289 1.2046,-2.7026 1.7324,-3.1406 0.5278,-0.438 0.961,-1.1022 0.961,-1.4765 0,-0.3744 1.4892,-3.0026 3.3105,-5.8418 3.4774,-5.421 3.8031,-6.287 2.5313,-6.711 -0.4433,-0.1477 -0.5567,-0.6196 -0.2637,-1.0937 0.2835,-0.4583 0.8809,-0.6943 1.3262,-0.5235 0.4703,0.1805 1.7416,-1.395 3.0351,-3.7617 2.9718,-5.4377 7.2507,-11.6894 8,-11.6894 0.3322,0 0.6035,-0.3407 0.6035,-0.7559 0,-0.4152 0.4059,-1.0858 0.9024,-1.4902 0.4964,-0.4045 1.8823,-3.6311 3.0801,-7.17 1.1978,-3.539 2.4008,-6.2963 2.6718,-6.1289 0.8637,0.5336 1.3068,-1.6939 0.875,-4.3945 -0.3189,-1.9938 -0.6726,-2.5388 -1.4902,-2.2988 -4.2802,1.2568 -56.3881,12.9648 -57.7012,12.9648 -0.9009,0 -1.3767,-1.1939 -2.2754,-5.7187 l -1.1347,-5.7168 1.9004,-3.7207 c 1.0452,-2.0456 3.0208,-5.7083 4.3906,-8.1406 1.9771,-3.511 2.5643,-5.3548 2.8516,-8.9415 0.3455,-4.3122 0.237,-4.7665 -2.3887,-9.9726 -1.5131,-3.0002 -5.6681,-9.3423 -9.2344,-14.0938 -7.059,-9.405 -11.2864,-17.7642 -11.8515,-23.4355 -0.178,-1.7853 0.06,-6.1467 0.5292,-9.6934 0.9207,-6.9564 0.6671,-8.9481 -2.0781,-16.2851 -1.0523,-2.8128 -2.7913,-5.1978 -7.1211,-9.7657 -3.1513,-3.3244 -6.3513,-6.9107 -7.1093,-7.9687 l -1.377,-1.9238 -13.1797,8.9453 c -9.1501,6.2098 -17.284,11.0504 -26.6055,15.832 -10.3464,5.3074 -15.0053,8.135 -20.3105,12.3262 -3.7865,2.9913 -7.0284,5.672 -7.2032,5.959 -0.1747,0.287 0.9561,1.9279 2.5137,3.6445 l 2.832,3.1211 14.1446,-2.6289 c 7.7788,-1.446 14.6154,-2.7795 15.1933,-2.9629 0.578,-0.1835 1.5674,-1.9683 2.1973,-3.9668 1.013,-3.2137 1.5956,-3.9401 5.0488,-6.2852 2.1474,-1.4582 4.1858,-2.6523 4.5293,-2.6523 0.581,0 3.1464,3.784 8.5039,12.5449 3.0101,4.9222 2.892,5.6646 -1.1113,6.9942 -4.9236,1.6354 -6.5928,3.7307 -9.502,11.9336 -3.0479,8.5942 -3.7789,9.8059 -6.789,11.2343 -2.051,0.9773 -5.5391,1.0816 -31.2539,0.9766 -15.9201,-0.065 -29.4713,0.096 -30.1133,0.3594 -0.6421,0.2631 -3.0202,3.0527 -5.2832,6.1992 -6.8085,9.4666 -11.2368,14.5774 -13.6133,15.7051 -2.0738,0.9844 -3.4612,0.9801 -17.5859,-0.043 -30.2558,-2.1914 -35.087,-2.731 -38.0684,-4.252 -2.5652,-1.3087 -2.9151,-1.338 -4.7207,-0.4042 -1.0728,0.5548 -2.5213,1.0078 -3.2187,1.0078 -1.8293,0 -4.6013,-2.3927 -6.0411,-5.2149 -1.0446,-2.0477 -2.0782,-2.7946 -6.4375,-4.6543 -6.5239,-2.7831 -9.5,-5.6584 -9.5,-9.1797 0,-3.1537 -1.4156,-5.2254 -3.955,-5.7832 -1.0825,-0.2377 -2.7241,-1.378 -3.6465,-2.5351 -3.8078,-4.7764 -3.8393,-4.7921 -9.8242,-4.4668 -3.2291,0.1755 -5.7539,-1.118 -5.7539,-2.9492 0,-1.4003 -4.9562,-0.02 -8.0196,2.2324 -2.6143,1.9226 -3.2456,2.0859 -8.0429,2.0859 -2.8632,0 -6.5286,-0.3333 -8.1446,-0.7402 -3.7006,-0.9318 -7.0101,0.4095 -8.2207,3.332 -0.8565,2.0678 -2.1048,2.8828 -3.5605,2.3242 -0.488,-0.1873 -1.2691,0.1207 -1.7364,0.6836 -0.4672,0.563 -1.3724,1.0235 -2.0117,1.0235 -0.6393,0 -1.5348,0.4459 -1.9883,0.9922 -1.1233,1.3535 -3.1981,1.2482 -6.4648,-0.3301 -1.5079,-0.7285 -3.2785,-1.3242 -3.9336,-1.3242 -2.0012,0 -4.834,-4.2029 -4.834,-7.1719 0,-2.1783 -0.3643,-2.8848 -2.2207,-4.3008 -2.6023,-1.9848 -4.3083,-5.4436 -3.2207,-6.5312 0.4977,-0.4977 0.5036,-1.0441 0.018,-1.8223 -0.52,-0.8327 -0.3554,-1.7768 0.6602,-3.7676 1.5846,-3.1062 2.4431,-3.8814 4.957,-4.4824 2.2633,-0.541 1.7347,-1.7266 -0.7695,-1.7266 -1.2692,0 -2.282,-0.622 -3.334,-2.0449 l -1.5117,-2.043 -1.4942,1.4024 c -1.3396,1.2582 -2.2019,1.3926 -8.3515,1.3066 -6.459,-0.091 -6.9605,-0.1966 -8.627,-1.8418 -0.9731,-0.9607 -2.8496,-2.7758 -4.1699,-4.0332 -1.792,-1.7066 -2.4004,-2.8284 -2.4004,-4.4258 0,-1.5871 -0.3567,-2.2531 -1.3808,-2.5781 -0.7595,-0.2411 -1.685,-1.3108 -2.0567,-2.3769 -0.7899,-2.2659 -1.8539,-2.9319 -6.2461,-3.9102 -2.2138,-0.4931 -4.0152,-1.4829 -5.7246,-3.1465 -2.3095,-2.2475 -2.8395,-2.4468 -7.1699,-2.6914 -2.7711,-0.1566 -4.7999,-0.5855 -4.9785,-1.0508 -0.1658,-0.432 0.18,-1.9356 0.7676,-3.3418 0.7795,-1.8656 0.8894,-2.929 0.4042,-3.9375 -0.3656,-0.7601 -0.8431,-2.2014 -1.0605,-3.2031 -0.346,-1.5945 -0.704,-1.8196 -2.8672,-1.8066 z m 449.0918,109.2617 c -5.0176,0 -12.7969,1.8438 -12.7969,3.0332 0,0.5172 0.2558,0.9414 0.5684,0.9414 0.8741,0 0.3941,4.6754 -0.7617,7.4141 -0.5681,1.3462 -1.6801,5.668 -2.4688,9.6035 -0.7887,3.9356 -1.7042,7.4391 -2.0351,7.7851 -0.3309,0.3461 -0.6016,1.4079 -0.6016,2.3594 0,2.44 -2.3754,7.0675 -4.2637,8.3047 -0.8756,0.5738 -2.8279,3.333 -4.3378,6.1328 -3.7238,6.9049 -5.4725,9.7645 -7.17,11.7168 -5.3615,6.1663 -7.5007,11.3546 -7.7793,18.873 -0.1445,3.8972 0.7448,7.9473 1.7461,7.9473 0.336,0 0.6114,0.4526 0.6114,1.0059 0,0.7424 0.4343,0.8964 1.6562,0.5898 1.3739,-0.3449 1.6563,-0.1783 1.6563,0.9805 0,0.7743 -0.4259,1.3965 -0.9551,1.3965 -0.5249,0 -1.1617,0.3365 -1.416,0.748 -0.2826,0.4576 -0.1052,0.6221 0.457,0.4219 1.2675,-0.4513 3.3725,0.726 2.8398,1.5879 -0.239,0.3867 -0.055,0.9361 0.4082,1.2226 0.6546,0.4046 0.5435,1.0161 -0.498,2.7403 -1.515,2.5083 -1.5071,2.6661 0.4141,8.3261 0.7688,2.2651 1.4023,4.65 1.4023,5.2989 0,0.6489 0.5227,2.0325 1.1582,3.0761 1.4039,2.3053 5.4784,3.7235 17.3828,6.0528 4.5532,0.8909 9.9165,2.0603 11.9199,2.5976 4.3027,1.1538 13.7226,3.5738 17.7481,4.5586 l 2.8476,0.6953 5.5723,-5.5429 c 5.3181,-5.2904 5.6284,-5.492 6.8086,-4.4239 0.7466,0.6756 2.3352,1.1192 4.0098,1.1192 h 2.7734 l -1.7422,3.4765 c -0.9583,1.9124 -2.167,3.9605 -2.6855,4.5508 -0.7525,0.8564 -0.7872,1.4152 -0.1719,2.7657 0.8859,1.9443 4.4026,3.4265 15.1777,6.3964 v 0 c 7.3054,2.0137 12.6288,2.1813 21.8535,0.6914 2.0034,-0.3236 5.9688,-0.7526 8.8125,-0.9531 4.8396,-0.3411 7.7442,-1.1589 7.7442,-2.1816 0,-0.9207 -4.8673,-13.2955 -7.0215,-17.8516 -1.238,-2.6184 -2.25,-5.0762 -2.25,-5.4629 0,-0.9851 -1.0561,-0.876 -3.4336,0.3535 -1.6872,0.8725 -2.1392,0.8998 -2.6055,0.1641 -0.9915,-1.5644 -0.6373,-2.2751 1.6817,-3.3809 1.7652,-0.8418 2.1854,-1.3794 1.9082,-2.4394 -0.4109,-1.5713 -0.8305,-1.6491 -3.168,-0.584 -1.9367,0.8824 -2.8594,0.3102 -3.3144,-2.0527 -0.1599,-0.83 -0.6122,-1.8952 -1.0039,-2.3672 -0.536,-0.6458 -0.2547,-1.2176 1.1347,-2.3106 1.2643,-0.9945 1.8457,-2.0594 1.8457,-3.3789 0,-1.0101 -0.085,-1.8458 -0.1933,-1.9218 -9e-4,-6e-4 -0.01,0 -0.01,0 v 0 c -9e-4,-2e-4 0,2e-4 -0.01,0 v 0 c -0.4347,0 -5.1674,3.6857 -7.0761,5.5118 -1.8984,1.8161 -4.5104,3.3019 -5.9883,3.4043 -0.3798,0.026 -1.784,1.2582 -3.1211,2.7382 -2.8724,3.1794 -5.8685,4.2403 -11.9805,4.2403 -8.9265,0 -13.295,-3.0551 -25.414,-17.7715 -4.9999,-6.0714 -9.5229,-11.3705 -10.0508,-11.7754 -0.5278,-0.4053 -1.5556,-0.5809 -2.2832,-0.3906 -1.0216,0.2672 -1.2272,0.099 -0.9043,-0.7422 0.4853,-1.2645 -1.8202,-2.8943 -2.5117,-1.7754 -0.6133,0.9923 -1.6563,0.8022 -1.6563,-0.3027 0,-0.5324 -1.3414,-2.3486 -2.9805,-4.0352 l -2.9804,-3.0664 v -6.0644 c 0.01,-11.2152 4.5561,-25.8272 8.7051,-27.9727 1.7483,-0.9041 2.7473,-0.8183 11.996,1.0352 5.5496,1.1121 10.9117,2.4808 11.9141,3.041 1.0025,0.5597 2.1143,0.8368 2.4727,0.6152 0.8373,-0.5174 19.5183,3.36 22.3769,4.6445 1.5577,0.6999 2.2826,1.5462 2.5742,3.0039 0.3928,1.9643 0.5229,1.8312 4.045,-4.1367 3.9108,-6.6265 8.7636,-15.7736 8.7636,-16.5195 0,-0.5172 -9.4948,-2.8456 -24.1738,-5.9258 -11.2291,-2.3564 -13.321,-3.2714 -24.373,-10.6758 -8.8934,-5.9581 -11.6974,-7.1523 -16.8067,-7.1523 z m 68.9746,24.5058 v 0 0 c -0.085,0.089 -0.2996,1.252 -0.4883,2.6582 -0.2303,1.7172 -2.4667,6.237 -6.3066,12.748 -9.9008,16.7876 -11.9576,20.9483 -12.457,25.1973 -0.4267,3.6311 -0.276,4.3806 1.6972,8.3848 0.4372,0.8872 8.8322,2.78 12.1934,2.75 1.1327,-0.01 4.2637,1.6165 5.0547,2.6269 0.1821,0.2327 1.5871,1.0613 3.123,1.8399 2.3522,1.1925 5.0595,4.0605 3.8321,4.0605 -0.2078,0 -0.066,0.584 0.3164,1.2988 0.409,0.7642 1.1017,1.1457 1.6796,0.9239 0.678,-0.2601 0.9844,0.056 0.9844,1.0176 0,0.7675 0.3116,1.3945 0.6934,1.3945 0.3819,0 1.054,0.8577 1.4941,1.9043 l 0.8008,1.9023 6.2383,-5.1972 c 4.8075,-4.0051 6.4402,-5.0308 7.1152,-4.4707 0.4817,0.3999 0.877,0.9242 0.877,1.166 0,0.2418 -3.0059,2.9272 -6.6797,5.9687 -6.5823,5.4496 -6.6726,5.564 -6.2442,7.8477 0.2392,1.2746 1.0083,3.392 1.711,4.7031 0.7028,1.3112 1.2773,2.6249 1.2773,2.9199 0,0.295 1.5039,2.7615 3.3399,5.4825 1.8361,2.7208 3.2503,5.4486 3.1445,6.0605 -0.1079,0.6242 0.4742,1.4514 1.3242,1.8848 0.8333,0.4249 2.1726,1.3905 2.9785,2.1464 l 1.4668,1.375 5.2578,-3.9394 c 6.6409,-4.9759 11.6309,-6.5141 11.6309,-3.584 0,0.5338 -0.991,1.1095 -2.3437,1.3633 -1.9743,0.3704 -12.2286,7.0445 -12.2286,7.959 0,1.8513 11.4608,14.1797 13.1817,14.1797 0.3997,0 0.7265,0.4395 0.7265,0.9765 0,0.537 0.8956,1.4388 1.9883,2.0039 2.597,1.3429 2.597,3.4736 0,7.0586 -1.0927,1.5085 -1.9883,3.0203 -1.9883,3.3574 0,0.3371 -1.2228,2.7082 -2.7187,5.2696 -2.2673,3.882 -2.5714,4.7959 -1.8223,5.4941 0.4942,0.4607 12.0747,7.4653 25.7344,15.5645 13.6596,8.0992 24.9536,14.8352 25.0957,14.9687 0.197,0.185 -10.9806,19.32096 -14.4199,24.68746 -0.4436,0.6921 -7.1469,-3.0199 -29.1426,-16.1387 l -28.5644,-17.03896 -7.5821,1.1894 -7.582,1.1895 -4.3203,7.334 c -2.3767,4.03346 -5.0696,8.56606 -5.9844,10.07416 l -1.6641,2.7422 44.9922,26.8965 c 24.7452,14.7925 45.2311,26.8889 45.5254,26.8789 0.2942,-0.01 7.9741,-12.5466 17.0645,-27.8614 9.0905,-15.3149 16.7686,-27.9949 17.0644,-28.1777 0.4636,-0.2865 1.9193,0.4704 5.6719,2.9492 0.6752,0.446 0.5632,1.2392 -0.541,3.8203 -0.7663,1.7916 -2.014,3.9177 -2.7715,4.7266 -1.7017,1.8173 -1.1943,2.5584 3.4961,5.1113 l 3.3769,1.8379 0.9766,-1.3945 c 0.5582,-0.7969 1.6999,-1.3945 2.6621,-1.3945 1.9702,0 14.98,7.1128 14.4824,7.9179 -0.1857,0.3004 1.7642,1.7948 4.3321,3.3203 5.0121,2.9777 5.7885,4.6944 2.4023,5.3125 -1.7858,0.3259 -1.7303,0.4041 1.8008,2.5098 l 3.6426,2.1719 -1.9141,3.2461 c -1.0531,1.7859 -9.0875,15.3125 -17.8535,30.0586 -8.7661,14.7462 -15.929,27.0594 -15.918,27.3633 0.011,0.3039 6.345,4.3417 14.0742,8.9707 7.7291,4.6289 14.3507,8.4264 14.7149,8.4414 0.6955,0.028 1.5521,-1.3779 21.6016,-35.4903 9.237,-15.7157 12.5078,-21.8358 12.5078,-23.4101 0,-1.5571 0.6306,-2.7635 2.3398,-4.4727 1.2367,-1.2368 2.178,-2.3009 2.1582,-2.4336 v 0 0 0 0 0 0 0 0 0 c -3.3903,-1.8938 -5.6363,-3.9126 -6.2774,-5.6426 -0.7108,-1.9183 -0.678,-2.09 0.3301,-1.6797 0.6176,0.2515 1.9436,0.7044 2.9473,1.0059 1.0038,0.3015 2.6087,1.1646 3.5664,1.918 2.3426,1.8426 3.2636,1.7263 4.625,-0.5782 0.9076,-1.5366 1.3925,-1.8161 2.3007,-1.33 0.9583,0.5128 1.0334,0.9284 0.4454,2.4863 -0.5818,1.5413 -0.4883,2.1233 0.5332,3.3164 1.5528,1.8131 2.7714,1.8294 4.6543,0.061 l 1.4765,-1.3867 1.0645,1.625 c 0.5853,0.8938 0.88,2.1051 0.6543,2.6934 -0.5683,1.4808 1.221,3.0948 2.9355,2.6465 1.013,-0.2649 1.5453,0.01 1.9082,0.9863 0.2769,0.7454 1.452,2.0464 2.6113,2.8906 7.7744,5.6608 9.5926,7.3361 9.2754,8.5489 -0.2345,0.8967 0.4544,1.8608 2.4219,3.3847 1.5132,1.172 5.3972,4.6236 8.6309,7.6699 5.85219,5.513 7.83059,6.2944 6.39839,2.5274 -0.891,-2.3429 -0.8771,-3.9039 0.029,-3.3438 0.8908,0.5506 4.5736,-2.8862 4.6016,-4.2949 0.036,-1.7644 3.0981,-4.6777 4.916,-4.6777 0.9282,0 1.6875,0.2674 1.6875,0.5957 0,0.3282 1.0025,1.1888 2.2285,1.9121 2.2129,1.3058 5.161,1.3241 6.793,0.041 0.4092,-0.3215 1.1548,-0.4287 1.6562,-0.2383 0.5644,0.2144 1.6687,-0.8073 2.8985,-2.6816 l 1.9863,-3.0293 4.1855,0.3027 c 3.1819,0.23 4.5729,0.667 5.8047,1.8242 l 1.6192,1.5235 2.5019,-2.4434 c 2.9648,-2.895 4.1016,-3.0836 4.1016,-0.6777 0,0.9713 -0.2011,1.5645 -0.4473,1.3183 -0.5617,-0.5617 -3.5254,2.1641 -3.5254,3.2422 0,1.2226 7.2839,7.1865 7.9531,6.5117 0.3192,-0.322 1.5124,-2.8207 2.6524,-5.5527 1.14,-2.7319 2.6468,-5.4607 3.3476,-6.0644 1.2341,-1.063 1.1849,-1.1491 -1.539,-2.7325 -1.5467,-0.899 -4.4517,-2.4437 -6.4551,-3.4336 -2.0034,-0.9899 -7.4416,-4.0636 -12.0859,-6.83 -6.4963,-3.8697 -11.042,-4.794 -11.031,-5.8447 0.029,-2.7452 5.1536,-7.4012 8.5681,-10.2569 10.5355,-8.8114 13.0719,-12.0938 19.0918,-24.7148 2.2428,-4.7023 4.0002,-8.6068 3.9062,-8.6778 -2.8425,-2.1427 -15.7931,-9.64286 -18.6289,-10.78896 -4.5089,-1.8223 -8.8299,-2.2851 -35.1855,-3.7559 -10.19929,-0.5692 -19.66139,-1.3385 -21.02739,-1.7109 -3.3611,-0.9163 -7.4568,-4.9456 -8.375,-8.2403 -0.406,-1.457 -0.9157,-9.5048 -1.1328,-17.8828 -0.2171,-8.3779 -0.6805,-16.3698 -1.0293,-17.7617 -0.3911,-1.5607 -2.2128,-4.353 -4.7558,-7.2852 -5.9853,-6.9013 -6.6884,-8.0711 -9.0079,-15.0019 -1.1545,-3.4499 -2.6782,-7.2091 -3.3867,-8.3555 -0.7085,-1.1464 -1.289,-2.5344 -1.289,-3.084 0,-0.8971 3.7793,-2.901 7.7226,-4.0937 0.787,-0.238 0.20861,-1.17324 0.75751,-2.01084 0.9707,-1.4815 1.3782,1.50005 -4.9113,-4.01615 -9.1955,-8.0651 -8.05703,-10.60135 -8.05703,-8.67375 0,1.0191 -3.19647,-2.69485 -9.34277,-4.33865 -5.1391,-1.3745 -5.93422,-3.22476 -9.16192,-2.47116 -5.4362,1.2691 -9.01686,-2.95299 -11.91266,-4.43419 -1.3515,-0.6913 -2.11965,-2.24309 -10.13335,-7.02369 -8.0136,-4.7806 -10.10954,-5.33121 -11.49894,-5.75211 -1.9234,-0.5829 -2.55327,-4.27949 -8.42137,-3.66789 -4.2391,0.4418 -28.03589,-16.07304 -28.12189,-15.98704 -0.2659,0.2659 -26.45921,-26.90461 -27.10701,-22.69871 -0.3366,2.1856 -4.45706,3.6849 -4.46706,5.7794 -0.01,2.3741 -1.23135,3.2917 -1.69635,3.2917 -1.6037,0 -4.25498,17.51122 -9.25738,13.70322 -3.846,-2.9277 4.40945,4.87021 0.98745,0.19011 -2.717,-3.7159 -3.40702,-7.10176 -11.37332,-15.17856 -7.5448,-7.6494 -4.29221,-6.77862 -9.12251,-12.50742 -4.8303,-5.7287 -2.8555,-1.99589 -4.059,-2.73969 -1.6646,-1.0288 -13.66916,-8.62376 -14.41426,-8.09943 l -3.00993,2.11811 z m -15.8945,21.5332 c -0.326,0 -0.4141,0.083 -0.4141,0.3926 0,0.2166 -0.1088,0.6554 -0.2422,0.9746 -0.4058,0.9713 -4.827,8.8198 -5.6894,10.0996 -0.4445,0.6596 -1.1565,1.8699 -1.582,2.6895 -1.1092,2.1363 -1.324,3.4407 -1.2207,7.4512 0.077,2.9852 0.06,3.2206 -0.334,4.6347 -0.438,1.5715 -1.1585,2.9613 -2.4336,4.6934 -0.6725,0.9136 -0.7224,1.0334 -0.3887,0.9394 0.8711,-0.2464 1.293,-0.4701 1.293,-0.6855 0,-0.1422 0.1848,-0.2285 0.4883,-0.2285 0.2678,0 0.5318,-0.073 0.5878,-0.1641 0.056,-0.092 0.2586,-0.166 0.4493,-0.166 0.5096,0 2.0635,-0.7762 2.3379,-1.168 0.2074,-0.2956 0.2023,-0.4499 -0.039,-1.2304 -0.166,-0.5363 -0.4509,-1.0299 -0.7109,-1.2344 -0.4883,-0.3841 -0.5018,-0.4646 -0.8028,-4.8945 -0.2297,-3.3794 -0.1503,-4.4319 0.4395,-5.836 0.2584,-0.6153 1.9681,-3.8383 3.7988,-7.1621 4.318,-7.8397 4.877,-8.8689 4.877,-8.998 0,-0.001 0,0 0,0 v 0 c -3e-4,-9e-4 0,0 0,-0.01 -0.026,-0.053 -0.2023,-0.096 -0.4121,-0.096 z m -12.8418,32.379 c -0.4083,0.084 -3.3044,3.7001 -3.8184,4.791 l -0.4687,0.9941 0.4805,1.0078 c 0.7673,1.6091 1.2419,1.9175 3.9199,2.5567 2.8838,0.6884 3.8292,0.7653 5.166,0.4179 1.5583,-0.4051 2.5865,-0.9088 4.9043,-2.3984 2.7475,-1.7657 3.0331,-1.8112 4.9141,-0.7852 1.7781,0.9698 2.4048,1.6543 3.2832,3.5821 1.1386,2.4986 1.0932,4.1811 -0.1582,5.8027 -0.2459,0.3187 -1.0526,1.4534 -1.7911,2.5234 -0.6923,1.0032 -1.207,1.8355 -1.2011,1.9356 v 0 0 0 0 0 0 0 0 c 0.082,0 0.1921,-0.068 0.2441,-0.1524 0.052,-0.084 0.2994,-0.1969 0.5488,-0.2519 0.3056,-0.068 0.6952,-0.435 1.1973,-1.1231 0.4098,-0.5616 1.109,-1.3838 1.5527,-1.8281 0.738,-0.7391 1.1092,-1.5019 1.1192,-2.2735 0.01,-0.6728 0.2133,-1.211 0.6113,-1.58 0.2415,-0.2239 0.5173,-0.4063 0.6113,-0.4063 0.3243,0 1.4043,-1.0188 1.4043,-1.3242 0,-0.1989 0.1889,-0.3688 0.5391,-0.4844 0.5674,-0.1873 1.4473,-0.9053 1.4473,-1.1816 0,-0.089 0.1863,-0.2479 0.414,-0.3516 0.2242,-0.1021 0.4084,-0.2307 0.4141,-0.289 v 0 c 0,0 -9e-4,-0.01 0,-0.012 -0.06,-0.1537 -1.018,-0.4973 -1.1621,-0.4082 -0.068,0.042 -0.4121,-0.2114 -0.7636,-0.5625 -0.3514,-0.3511 -1.1595,-0.9018 -1.7969,-1.2227 -0.6375,-0.321 -1.6179,-0.9924 -2.1777,-1.4922 -1.1999,-1.0709 -2.0875,-1.3615 -4.1133,-1.3515 -1.5677,0.01 -1.9489,0.1735 -4.1407,1.8183 -1.7096,1.2831 -3.4526,2.1494 -5.7402,2.8516 -1.3922,0.4273 -1.6307,0.4611 -1.8379,0.2539 -0.1552,-0.1552 -0.7512,-0.2692 -1.7109,-0.3262 -0.8101,-0.048 -1.5841,-0.1477 -1.7207,-0.2187 -0.1366,-0.071 -0.5616,-0.1812 -0.9434,-0.2442 -0.3818,-0.063 -0.7813,-0.222 -0.8887,-0.3515 -0.1075,-0.1294 -0.3032,-0.2344 -0.4335,-0.2344 -0.1303,0 -0.4929,-0.2047 -0.8067,-0.4551 -0.8469,-0.6758 -0.801,-1.4698 0.1953,-3.3593 0.8141,-1.544 1.1746,-1.8347 2.5567,-2.0704 0.8881,-0.1515 1.1109,-0.3316 0.8574,-0.6914 -0.114,-0.162 -0.2763,-0.4562 -0.3613,-0.6523 -0.085,-0.196 -0.2304,-0.401 -0.3204,-0.457 -0.01,0 -0.02,-0.01 -0.031,0 z m -152.4199,11.7714 c -0.08,0 -0.161,0 -0.2422,0.02 -0.9854,0.1894 -1.1226,1.8794 -1.2813,15.9199 l -0.1757,15.707 15.0781,0.1914 c 8.2934,0.1051 16.9421,0.2598 19.2187,0.3438 3.1015,0.1143 4.1387,-0.071 4.1387,-0.7383 0,-0.4899 0.595,-1.4297 1.3223,-2.0879 0.9144,-0.8275 1.1203,-1.4393 0.6679,-1.9844 -0.3598,-0.4336 -0.4543,-0.987 -0.2109,-1.2304 0.2435,-0.2435 -0.028,-0.8121 -0.6016,-1.2637 -0.5739,-0.4515 -6.4726,-5.4359 -13.1093,-11.0762 l -12.0664,-10.2558 -4.0625,-0.1582 c -5.5175,-0.2151 -6.8785,-0.6237 -7.3848,-2.2188 -0.2226,-0.7013 -0.7318,-1.1503 -1.291,-1.168 z m -71.2442,1.586 c -0.6855,0.026 -1.5605,0.4373 -3.2753,1.334 -3.2287,1.6883 -3.3204,1.8163 -3.3204,4.6914 0,2.6397 0.1434,2.9137 1.3262,2.5781 l 2.6485,-0.75 c 1.0713,-0.304 1.3242,-0.061 1.3242,1.2773 0,1.2066 -0.4033,1.717 -1.4903,1.8828 -0.8195,0.1251 -1.4061,0.6178 -1.3046,1.0958 0.1014,0.4779 0.4951,4.047 0.8769,7.9316 1.097,11.162 0.04,9.968 9.0449,10.2109 4.276,0.1153 7.8087,0.2736 7.8496,0.3516 0.041,0.078 0.1029,-3.5818 0.1387,-8.1348 l 0.064,-8.2793 -1.8711,-1.3828 c -1.0295,-0.7611 -2.5155,-2.531 -3.3027,-3.9316 -1.7084,-3.0396 -5.0421,-6.9025 -7.1465,-8.2813 -0.6103,-0.3999 -1.0293,-0.6137 -1.5625,-0.5937 z m 547.67579,177.27336 0.2207,1.7149 c 0.1669,1.2941 -0.1901,2.6123 -1.4551,5.3711 -1.8987,4.1403 -2.2137,6.8808 -0.7929,6.8808 0.4882,0 0.9913,-0.4172 1.1269,-0.9355 0.1876,-0.7175 0.6387,-0.9375 1.9278,-0.9375 0.9256,0 1.6816,-0.1905 1.6816,-0.4239 0,-0.2336 0.4224,-0.3144 0.9375,-0.1797 0.5152,0.1347 0.9355,0.4307 0.9355,0.6582 0,0.2275 0.6478,0.4141 1.4375,0.4141 2.1932,0 3.2461,0.7648 3.2461,2.3574 0,1.3555 0.059,1.3893 2.459,1.4453 1.3523,0.032 5.4097,0.1981 9.0156,0.3692 3.6059,0.1714 7.1883,0.2204 7.961,0.1094 1.397,-0.2005 4.184,-1.4423 6.2148,-2.7696 l 1.0625,-0.6953 -1.9375,-3.5703 c -1.0659,-1.9632 -2.1074,-3.7499 -2.3125,-3.9726 -0.2086,-0.2267 -4.3792,-0.046 -9.4726,0.4121 -10.829,0.9728 -11.4426,0.8523 -18.1035,-3.5215 z m -26.7324,9.836 c -0.7726,0.033 -1.4668,0.6389 -1.4668,1.7363 0,1.0864 -1.9223,2.8633 -3.0977,2.8633 -1.3416,0 -1.5832,0.4162 -1.0546,1.8164 0.3608,0.9558 0.6467,1.0775 2.0156,0.8554 1.1737,-0.1905 1.6683,-0.069 1.8711,0.459 0.2009,0.5236 0.6871,0.6479 1.7929,0.457 0.8343,-0.1438 2.5187,-0.4031 3.7422,-0.5742 1.1661,-0.163 2.129,-0.3646 2.2168,-0.4629 6e-4,-8e-4 0,0 0,-0.01 v 0 0 0 0 c 0,-0.7839 -2.1294,-3.9601 -2.7968,-4.1719 -0.4671,-0.1483 -1.1093,-0.896 -1.4258,-1.6602 -0.3804,-0.9182 -1.123,-1.3338 -1.8047,-1.3046 z m 11.6816,21.2011 c -0.3111,0 -0.6786,0.021 -1.1211,0.062 -2.1491,0.2026 -2.8055,0.3903 -3.2207,0.918 -0.4161,0.5293 -0.433,0.8319 -0.051,0.9434 0.3265,0.095 3.7225,-0.025 4.8085,-0.17 0.9352,-0.125 1.5129,-0.5812 1.2598,-0.9961 -0.3267,-0.5355 -0.7422,-0.7534 -1.6758,-0.7578 z m -892.16209,150.0547 c -0.1156,0 -1.5683,1.321 -3.2285,2.9375 -2.4585,2.3938 -3.7617,3.3461 -7.0312,5.1328 -2.2079,1.2066 -4.2346,2.1934 -4.5039,2.1934 -1.0851,0 -3.88,1.8643 -6.3848,4.2578 -1.4574,1.3926 -3.5949,3.3493 -4.75,4.3477 -2.3926,2.0679 -2.8543,2.8155 -3.1719,5.1386 -0.5233,3.8279 -1.447,5.0759 -4.3984,5.9531 -3.1543,0.9376 -5.8929,-0.2567 -8.8164,-3.8457 -1.8321,-2.2491 -3.2191,-4.9509 -2.9903,-5.8261 0.1357,-0.5187 -0.051,-0.7466 -0.83391,-1.0196 -1.0059,-0.3507 -1.0084,-0.3486 -0.8086,0.7032 0.9951,5.2404 4.73011,9.872 9.95701,12.3496 2.1099,1.0001 16.0672,4.6551 78.3984,20.5254 45.5119,11.5879 76.1977,19.2472 76.7442,19.1582 2.429,-0.3973 2.88,-0.6034 4.1465,-1.9004 1.595,-1.6335 2.0625,-2.7088 2.0625,-4.75 0,-1.2664 -0.088,-1.4635 -0.5801,-1.3145 -6.7521,2.0452 -7.2111,2.2911 -7.8457,4.2324 -0.2767,0.8462 -0.5975,1.1325 -1.5098,1.3418 -2.2333,0.5125 -5.6021,-0.055 -10.5957,-1.7832 -2.6409,-0.9138 -5.7712,-1.8005 -6.9551,-1.9726 -1.1838,-0.1722 -10.2732,-2.5357 -20.1992,-5.252 -25.1782,-6.8902 -28.0171,-7.625 -29.4844,-7.625 -1.4262,0 -22.8223,-6.2084 -25.08,-7.2773 -0.9484,-0.449 -2.0966,-0.6712 -3.4766,-0.6719 -1.3478,-8e-4 -3.7807,-0.4573 -7.0293,-1.3203 -2.7319,-0.7257 -6.0103,-1.4163 -7.2852,-1.5352 -1.3964,-0.1303 -2.9392,-0.5271 -3.8808,-0.998 -0.8596,-0.4298 -4.8086,-1.608 -8.7754,-2.6172 -5.845,-1.4871 -8.1357,-2.2493 -12.084,-4.0176 l -4.8711,-2.1816 -0.6523,-2.0254 c -0.868,-2.6967 -1.1508,-4.5737 -1.0703,-7.1074 0.06,-1.9029 0.1645,-2.1849 1.0957,-2.9805 0.5656,-0.4833 1.4647,-1.1119 1.998,-1.3965 0.5333,-0.2847 1.6834,-1.44 2.5567,-2.5683 2.3843,-3.0808 4.0125,-4.1298 10.4707,-6.7461 3.598,-1.4576 6.0106,-2.625 6.3105,-3.0528 0.267,-0.3809 1.0736,-1.6263 1.793,-2.7675 0.7193,-1.1413 1.6813,-2.2448 2.1386,-2.4532 0.7304,-0.3327 1.1881,-1.2656 0.6211,-1.2656 z m 738.39611,118.4498 c -0.064,-0.024 -0.1466,-0.032 -0.1827,-0.019 -0.036,0.014 -0.082,-0.017 -0.1012,-0.068 -0.019,-0.051 -0.095,-0.115 -0.1685,-0.1424 -0.1225,-0.046 -0.1144,-0.055 0.1034,-0.1212 l 0.2363,-0.071 0.5048,-1.2384 c 0.2777,-0.6811 0.6925,-1.7767 0.9219,-2.4348 l 0.4171,-1.1963 -0.017,-5.1258 -0.017,-5.1258 0.2485,0.02 c 0.2158,0.018 0.2557,0 0.3036,-0.1171 0.039,-0.099 0.057,0.062 0.062,0.5649 0,0.3864 0.092,1.9895 0.1966,3.5625 l 0.1896,2.86 -0.1289,1.3548 c -0.2216,2.3291 -0.7763,4.2042 -1.8392,6.217 -0.3172,0.6007 -0.5849,1.0991 -0.5948,1.1077 -0.01,0.01 -0.071,0 -0.1351,-0.028 z m -39.572,8.1256 c -0.4758,-0.241 -1.2275,-0.7263 -2.3296,-1.5044 -1.5215,-1.0741 -1.6193,-1.1538 -1.5073,-1.2289 0.066,-0.044 0.1197,-0.1166 0.1197,-0.161 0,-0.123 0.043,-0.1031 0.4307,0.2017 0.1978,0.1554 1.1762,0.8454 2.1742,1.5334 0.9981,0.688 1.8341,1.2788 1.8577,1.3128 0.056,0.081 0.057,0.209 9e-4,0.2051 -0.024,0 -0.36,-0.1631 -0.7463,-0.3587 z m 10.3232,5.1361 c -2.6191,-1.1656 -4.986,-2.2318 -5.2596,-2.3693 -0.3452,-0.1735 -0.6164,-0.3667 -0.8854,-0.6308 -0.3361,-0.3301 -0.4941,-0.4297 -1.1884,-0.7489 -0.4404,-0.2024 -0.7971,-0.3836 -0.7926,-0.4027 0.072,-0.3042 0.065,-0.3007 0.2266,-0.1058 0.1199,0.1444 1.4908,0.8261 6.5033,3.2339 3.4933,1.6781 6.3591,3.0583 6.3684,3.0672 0.01,0.01 -0.034,0.03 -0.097,0.046 -0.071,0.018 -1.914,-0.7715 -4.8757,-2.0895 z m 17.1861,-37.1193 -0.1954,-0.427 -5.3654,-1.7459 c -2.951,-0.9602 -5.3713,-1.7518 -5.3784,-1.7589 -0.01,-0.01 0.01,-0.073 0.034,-0.147 0.047,-0.1347 0.03,-0.6688 -0.028,-0.8729 -0.022,-0.078 0.047,-0.029 0.2859,0.2054 0.1894,0.1856 0.3292,0.293 0.3501,0.2691 0.019,-0.022 0.2848,-0.9514 0.5904,-2.0656 l 0.5555,-2.0258 0.011,2.1528 0.011,2.1529 2.328,0.9141 c 1.7105,0.6716 2.3315,0.8987 2.3414,0.856 0.01,-0.032 0.022,-0.058 0.032,-0.058 0.01,0 0.2554,0.1182 0.5454,0.2625 l 0.5271,0.2625 0.8279,0.1333 0.8279,0.1332 0.4753,-0.098 0.4754,-0.097 0.4884,0.5606 0.4884,0.5606 0.5031,0.2364 c 0.2766,0.13 0.4762,0.2455 0.4435,0.2566 -0.033,0.011 -0.1342,0.039 -0.2256,0.063 -0.2939,0.075 -0.5517,0.2707 -0.6575,0.499 l -0.095,0.2054 -0.1954,-0.4271 z m -23.2992,-4.3895 c 0.047,-0.4532 -0.1446,-0.6907 -0.5865,-0.7277 -0.1872,-0.016 0.9426,-0.1706 4.6686,-0.6399 l 4.9156,-0.6191 0.2044,-0.3536 c 0.1819,-0.3147 0.2044,-0.3394 0.2053,-0.2244 0,0.2465 0.1704,1.1027 0.2911,1.4793 0.1135,0.3546 0.3061,0.7258 0.4096,0.7898 0.025,0.015 0.045,0.048 0.045,0.072 0,0.074 -0.1197,-0.048 -0.4626,-0.4718 l -0.3257,-0.4022 -0.3199,0.022 c -0.1759,0.012 -1.2792,0.075 -2.4516,0.1397 l -2.1317,0.1172 -2.1939,0.5021 c -1.2066,0.2762 -2.2156,0.5097 -2.2423,0.5188 -0.035,0.012 -0.042,-0.045 -0.026,-0.2027 z m 2.8985,66.4066 c 0,-0.09 1.2646,-1.4968 2.8104,-3.1273 3.4721,-3.6627 3.7398,-4.2363 3.951,-8.4673 0.1174,-2.353 0.077,-3.0646 -0.2051,-3.6293 -0.3176,-0.6352 -0.3122,-0.7815 0.056,-1.5265 0.2241,-0.4533 0.5267,-1.7097 0.6723,-2.7921 0.3121,-2.3187 0.6793,-3.3448 1.1034,-3.0828 0.2252,0.1393 0.233,0.3403 0.034,0.8645 -0.3456,0.9078 -0.6138,3.4761 -0.9343,8.9476 -0.1455,2.4849 -0.3882,4.9317 -0.5393,5.4372 -0.16,0.5351 -0.8704,1.5821 -1.7008,2.5065 -1.5008,1.6708 -5.2474,5.1475 -5.2474,4.8695 z m -18.0299,-37.4295 c -6.5864,-4.4431 -14.2216,-9.9209 -14.1078,-10.1216 0.032,-0.057 0.1171,-0.1116 0.1886,-0.122 0.072,-0.01 3.0889,2.0084 6.7054,4.4861 4.6938,3.2158 6.6655,4.444 6.8903,4.2921 0.1733,-0.117 1.9807,-2.4402 4.0167,-5.1627 3.2971,-4.409 3.7457,-4.9177 4.1051,-4.6549 0.3634,0.2657 0.021,0.7924 -3.4459,5.3012 l -3.8495,5.0061 1.0949,1.0315 c 0.6023,0.5673 2.0696,1.7655 3.2609,2.6628 1.1913,0.8972 2.1659,1.6711 2.1659,1.7198 0,0.2614 -0.9095,-0.3132 -7.0246,-4.4384 z m 12.2508,7.9724 c -0.3663,-0.204 -0.4535,-0.3864 -0.3086,-0.645 0.278,-0.4961 6.3218,-15.4804 6.3218,-15.6734 0,-0.2562 -4.2031,-2.053 -6.088,-2.6025 -2.1951,-0.6401 -2.1534,-0.6139 -1.8214,-1.1455 0.2645,-0.4234 0.3378,-0.4085 1.6928,0.3449 1.3258,0.737 6.3444,2.4415 6.5172,2.2133 0.043,-0.057 1.7962,-4.1603 3.8959,-9.1185 2.0996,-4.9582 3.9018,-9.1058 4.0048,-9.2169 0.8217,-0.886 0.1175,1.1807 -3.0958,9.0852 -2.0385,5.0146 -3.626,9.1877 -3.5279,9.2736 0.2063,0.1806 4.6129,1.8091 6.852,2.5323 2.4973,0.8066 6.6007,1.7238 6.7803,1.5154 0.092,-0.1067 1.3701,-4.022 2.8401,-8.7006 2.3748,-7.5586 2.6892,-8.4067 2.8213,-7.61 0.1251,0.7543 -0.2729,2.122 -2.5088,8.6202 -1.4616,4.2481 -2.5822,7.7903 -2.4902,7.8717 0.092,0.081 3.3712,1.1716 7.2871,2.4227 5.5488,1.7727 7.2926,2.2422 7.9027,2.1278 0.9015,-0.1692 0.943,-0.078 0.3526,0.7748 -0.2366,0.3418 -0.5221,0.8322 -0.6345,1.0898 -0.1704,0.3908 -0.2179,0.323 -0.2864,-0.4098 -0.045,-0.4829 -0.1237,-0.878 -0.1746,-0.878 -0.072,0 -13.7765,-3.9828 -27.8063,-8.0807 l -1.1164,-0.3261 -0.5886,0.9323 c -0.3237,0.5128 -1.9127,4.052 -3.531,7.8649 -2.5386,5.981 -2.9079,7.0085 -2.6904,7.4858 0.281,0.6168 0.1521,0.671 -0.5997,0.2523 z m -14.9436,-41.2989 c -0.9916,-0.2125 -2.6116,-0.8835 -3.4258,-1.4189 -0.7546,-0.4962 -0.8219,-0.6187 -0.5993,-1.0903 l 0.2507,-0.5314 1.5517,0.652 c 3.084,1.2957 6.1223,1.1352 9.3522,-0.4941 l 1.3001,-0.6558 0.4085,0.5426 c 0.407,0.5405 0.4036,0.5455 -0.9366,1.3576 -1.977,1.1981 -3.963,1.798 -5.8452,1.7658 -0.8734,-0.015 -1.7987,-0.072 -2.0563,-0.1275 z m -23.4695,70.0812 c -0.8717,-0.8197 -1.8373,-1.5693 -2.1459,-1.6657 -0.8378,-0.2618 -2.6145,-1.9939 -3.0432,-2.9668 -0.207,-0.47 -2.0419,-2.6493 -4.0775,-4.843 -2.8715,-3.0945 -3.8688,-4.0234 -4.449,-4.1443 -1.1184,-0.233 -1.7424,-0.7151 -2.2739,-1.7569 -0.3914,-0.7673 -0.4188,-0.9607 -0.1504,-1.0637 0.2756,-0.1057 0.258,-0.393 -0.1099,-1.7942 -0.2409,-0.9176 -0.4381,-2.1365 -0.4381,-2.7087 0,-1.3188 1.0665,-3.7915 1.6353,-3.7915 0.3518,0 0.3269,0.1487 -0.2046,1.2227 -0.772,1.56 -0.8564,4.382 -0.1805,6.036 0.6313,1.545 1.5072,2.5404 8.0628,9.1627 4.3668,4.4112 6.2004,6.1084 6.9193,6.4046 1.6136,0.6647 1.6751,0.721 1.8222,1.6679 0.078,0.5015 0.221,1.0962 0.3178,1.3215 0.2934,0.683 -0.028,0.4765 -1.6844,-1.0806 z m 16.9962,12.8321 c -2.121,-0.3839 -3.9325,-1.0596 -4.6885,-1.749 -0.3002,-0.2738 -1.2834,-0.9783 -2.1849,-1.5655 -0.9015,-0.5873 -1.9816,-1.3219 -2.4001,-1.6325 -0.814,-0.604 -1.0457,-1.1841 -0.3512,-0.8795 0.2253,0.099 0.7647,0.2052 1.1986,0.2364 0.5899,0.043 1.0622,0.3349 1.8732,1.1601 1.7689,1.7997 5.0195,3.0004 9.1871,3.3934 2.7833,0.2625 4.2873,0.111 7.4685,-0.752 3.5159,-0.9538 11.3464,-5.515 15.2908,-8.9067 2.051,-1.7635 1.8556,-1.1743 -0.249,0.7507 -1.996,1.8259 -8.2785,5.7658 -12.2319,7.671 -1.2235,0.5896 -2.5406,1.3018 -2.927,1.5826 -0.3863,0.2809 -1.2636,0.6336 -1.9496,0.7839 -1.6459,0.3604 -5.796,0.3125 -8.036,-0.093 z m 61.3131,-67.7888 c -0.047,-1.4926 -0.3597,-1.8213 -1.7346,-1.8213 -0.9228,0 -3.1481,-0.7451 -4.9452,-1.6557 -1.7971,-0.9107 -3.8558,-1.6557 -4.5749,-1.6557 -0.7191,0 -1.4809,-0.2806 -1.6928,-0.6235 -0.2119,-0.3429 0.441,-0.5664 1.451,-0.4967 l 1.8364,0.1267 v -6.954 -6.954 l -7.5109,-0.058 c -5.6394,-0.044 -7.7434,0.1744 -8.4441,0.8752 -1.2017,1.2016 -1.1894,4.6369 0.025,6.9648 1.017,1.9496 0.4062,2.4719 -0.9623,0.823 -0.5616,-0.6768 -0.7889,-3.13 -0.7056,-7.6163 0.098,-5.2908 -0.063,-6.618 -0.8046,-6.618 -1.6428,0 -7.9739,2.4029 -12.3967,4.7052 -5.5768,2.9029 -5.7773,2.978 -4.8078,1.8029 1.1744,-1.4235 10.5495,-5.7006 14.6092,-6.665 1.9036,-0.4522 3.4473,-1.1935 3.4473,-1.6556 0,-0.6043 1.4713,-0.8367 5.2983,-0.8367 3.0906,0 5.2983,-0.2759 5.2983,-0.6623 0,-0.3642 1.4901,-0.6623 3.3114,-0.6623 1.8213,0 3.3114,0.2981 3.3114,0.6623 0,0.3643 0.9794,0.6623 2.1763,0.6623 3.1253,0 6.0692,3.9754 7.0195,9.4789 1.4132,8.1842 2.0762,16.6577 1.4607,18.6683 l -0.6083,1.9869 -0.057,-1.8213 z m -93.4216,29.6895 c -0.01,-0.3356 0.4998,-1.1821 1.1324,-1.8811 1.0092,-1.1151 1.0295,-1.3651 0.1656,-2.039 -1.0432,-0.8137 -3.3027,-5.2733 -3.3027,-6.5186 0,-1.5547 4.3704,-4.9608 6.8897,-5.3696 2.9599,-0.4803 4.5838,-1.7639 5.7289,-4.5283 0.6436,-1.5538 0.646,-2.1448 0.011,-2.7669 -0.6287,-0.616 -1.1316,-0.388 -2.2729,1.0303 -1.1588,1.44 -2.0212,1.8213 -4.1194,1.8213 -2.4063,0 -2.8892,0.3088 -5.1791,3.3114 -2.4225,3.1766 -4.3081,4.235 -4.4249,2.4836 -0.1124,-1.6868 -0.4978,-3.5386 -1.2051,-5.7906 -0.3996,-1.2725 -0.7266,-3.1448 -0.7266,-4.1607 0,-1.0159 -0.8886,-4.1514 -1.9748,-6.9679 l -1.9748,-5.1209 0.9783,-7.4457 c 0.7505,-5.7124 1.4209,-8.2541 2.8798,-10.9182 2.6246,-4.793 4.0559,-16.8538 2.4549,-20.6857 -1.1625,-2.7822 -1.4742,-7.9966 -0.3765,-6.298 0.3531,0.5464 0.6466,1.7033 0.6522,2.5709 0.01,0.9146 0.926,2.4454 2.1895,3.6426 3.1185,2.9549 5.8289,7.1551 9.0254,13.9862 2.4723,5.2835 2.8866,5.829 3.647,4.8016 0.5805,-0.7842 1.759,-1.159 3.6443,-1.159 2.2978,0 3.3968,0.4973 6.2671,2.8353 1.9143,1.5595 3.3714,3.1631 3.2379,3.5636 -0.1543,0.4629 1.3417,0.8292 4.1048,1.0051 3.358,0.2138 4.6795,0.6087 5.8055,1.7347 0.8018,0.8019 1.0936,1.4579 0.6484,1.4579 -1.0469,0 -0.9698,3.5934 0.1421,6.6229 0.9739,2.6536 -0.1114,2.5715 12.8422,0.9717 4.8545,-0.5995 8.9175,-0.9889 9.0288,-0.8653 0.1113,0.1236 -1.0605,3.5432 -2.6039,7.599 -1.8344,4.8205 -2.6134,7.7189 -2.2494,8.3693 0.3987,0.7125 0.1833,1.0927 -0.7588,1.339 -0.7235,0.1892 -1.3155,0.089 -1.3155,-0.2231 0,-0.588 -13.9022,-5.3061 -15.386,-5.2216 -0.462,0.026 -2.0322,1.4949 -3.4892,3.2636 -1.4571,1.7687 -2.9644,3.2373 -3.3497,3.2636 -0.3853,0.026 -3.3467,-1.8798 -6.5807,-4.2357 -4.4823,-3.2653 -6.087,-4.1119 -6.7502,-3.5615 -1.1248,0.9335 -1.0881,2.8589 0.1208,6.3289 1.4003,4.0192 0.3762,8.8279 -2.6359,12.3778 -4.5209,5.3279 -10.9031,11.9769 -10.9206,11.3771 z M 558.4671,957.82774 c -5.4531,0 -9.1585,1.5624 -10.9688,4.6269 -0.6481,1.0972 -1.6865,1.9961 -2.3086,1.9961 -1.356,0 -5.2082,3.1098 -5.1992,4.1973 0.01,1.0712 9.1919,9.2991 10.8711,9.7402 1.2415,0.3261 2.8477,2.7081 6.1641,9.1367 l 1.1406,2.211 -2.0781,1.7617 c -1.7414,1.4755 -2.025,2.1059 -1.7383,3.875 0.1883,1.1619 0.9072,2.62316 1.5977,3.24796 1.3119,1.1874 1.7397,4.2422 0.5937,4.2422 -1.4622,0 -0.4908,3.2691 2.5586,8.6094 1.768,3.0961 3.9278,5.9973 4.7988,6.4473 1.8043,0.932 5.2246,1.118 5.2246,0.2832 0,-0.3058 0.7931,-0.9181 1.7618,-1.3594 1.4074,-0.6415 1.8715,-0.63 2.3066,0.059 0.3342,0.529 0.1603,1.1488 -0.4492,1.6055 -0.8473,0.6349 -0.7314,0.916 0.7949,1.916 l 1.7891,1.1719 -1.5196,1.2304 c -0.8354,0.6765 -2.2031,1.2305 -3.041,1.2305 -1.9268,0 -4.6676,3.1962 -5.7031,6.6523 -0.6444,2.1506 -1.0824,2.6192 -2.4531,2.6192 -1.9773,0 -6.0684,-1.3891 -6.0684,-2.0606 0,-0.2586 0.5651,-2.2864 1.2559,-4.5058 l 1.2558,-4.0352 -2.3437,-2.3437 -2.3438,-2.3438 -3.2519,3.3731 c -4.3841,4.5484 -6.629,3.8457 -8.2618,-2.586 -1.8222,-7.1782 -4.1696,-12.2516 -7.0586,-15.2558 -1.6,-1.6639 -3.8106,-4.3667 -4.9121,-6.0059 -1.1015,-1.63916 -2.6405,-3.55426 -3.4199,-4.25586 l -1.416,-1.2753 -4.7109,4.5878 c -2.5907,2.52286 -5.3465,5.22646 -6.125,6.00976 -0.7785,0.7834 -2.1237,1.529 -2.9883,1.6563 -1.2941,0.1904 -1.9458,1.2025 -3.6836,5.7187 -1.1611,3.0174 -2.42,5.795 -2.7988,6.1738 -0.4768,0.4768 -0.3063,1.48 0.5527,3.2578 1.6118,3.3361 1.568,3.835 -0.4102,4.7364 -1.1146,0.5078 -1.4494,0.9942 -1.0312,1.498 1.0546,1.2708 -0.3197,2.5728 -2.3145,2.1914 -1.3757,-0.263 -2.6129,0.2158 -5.0175,1.9434 l -3.1914,2.293 -2.6778,-2.1524 -2.6758,-2.1504 -2.0117,1.9278 c -1.1063,1.0599 -3.7606,4.614 -5.8984,7.8984 -2.1378,3.2843 -5.1835,7.2311 -6.7676,8.7715 l -2.8809,2.8008 -10.4824,-9.6895 -10.4824,-9.6875 2.2148,-1.666 c 1.2185,-0.9164 6.3016,-5.7168 11.2969,-10.666 l 9.084,-8.9981 -1.2891,-4.9648 c -0.709,-2.7308 -1.2947,-5.0042 -1.3007,-5.0528 v 0 0 0 0 c 0.044,-0.059 0.5858,-0.2376 1.246,-0.4102 1.0544,-0.2757 1.4368,0.3042 2.3516,3.5644 0.601,2.1422 1.3144,3.8946 1.584,3.8946 0.2696,0 1.7241,-1.2664 3.2344,-2.8145 2.2084,-2.2638 2.9819,-3.7373 3.9472,-7.53316 1.1623,-4.5706 1.5027,-5.0684 10.8028,-15.7324 5.2817,-6.0564 9.6035,-11.3526 9.6035,-11.7695 0,-0.5417 -4.0655,-0.7942 -14.2403,-0.8867 -26.3838,-0.2399 -29.7012,0.7106 -54.6386,15.6464 -9.4707,5.6723 -24.9271,15.73846 -34.3496,22.37106 -10.3972,7.3187 -17.5138,11.9138 -18.1035,11.6875 -1.2969,-0.4977 -6.9608,3.6041 -6.5293,4.7285 0.2087,0.5441 -0.7859,1.398 -2.6485,2.2735 -1.6399,0.7709 -3.3448,1.905 -3.789,2.5215 -0.9587,1.3305 -32.6003,23.542 -36.9024,25.9043 -3.8182,2.0967 -4.1616,4.0099 -1.3555,7.541 1.1101,1.3968 2.0186,3.0201 2.0196,3.6074 0,1.8957 2.5309,5.2822 5.1933,6.9629 3.3476,2.1132 10.2986,14.6004 10.1758,18.2793 -0.043,1.2749 -0.124,3.5098 -0.1816,4.9668 -0.082,2.0819 1.0455,5.0432 5.2676,13.832 2.9548,6.151 5.371,11.4002 5.371,11.6641 0,0.5367 -13.753,5.9629 -15.1132,5.9629 -0.9483,0 -5.416,-9.1095 -5.42,-11.0508 -0.001,-0.6614 -0.6064,-2.1937 -1.3457,-3.4063 -0.7392,-1.2125 -1.7637,-3.7472 -2.2754,-5.6308 -0.5116,-1.8837 -1.9541,-5.8087 -3.207,-8.7227 -1.2529,-2.9141 -2.4747,-5.8721 -2.7148,-6.5742 -0.4078,-1.1924 -0.5102,-1.2048 -1.543,-0.1719 -1.0328,1.0328 -0.9145,1.5776 1.7891,8.2325 1.5919,3.9186 4.1522,9.9556 5.6894,13.416 1.5372,3.4605 3.7326,8.9486 4.8789,12.1972 4.6611,13.2085 6.1657,15.2126 10.2539,13.6583 1.6543,-0.629 1.8342,-0.9794 1.5899,-3.0723 -0.2588,-2.217 -0.052,-2.5216 3.3789,-4.9785 2.0101,-1.4394 4.3408,-2.7881 5.1777,-2.9981 2.4992,-0.6273 4.6533,1.4387 7.5391,7.2305 1.493,2.9966 3.7323,6.5087 4.9765,7.8047 2.2568,2.3506 13.4861,25.5551 13.4961,27.8887 0.01,2.4219 -1.0818,3.3997 -7.2363,6.4882 -3.5242,1.7685 -6.8007,3.6885 -7.2812,4.2676 -0.4806,0.579 -1.4333,1.0528 -2.1172,1.0528 -0.684,0 -1.2422,0.1269 -1.2422,0.2812 0,0.5359 15.3111,32.5102 16.2773,33.9921 0.9286,1.4241 1.3691,1.4902 9.9336,1.4902 h 8.9629 l 1.6777,3.8087 c 2.0693,4.6984 3.3037,6.1269 5.3008,6.1269 1.3213,0 2.1738,1.2463 5.8086,8.5 3.9465,7.8757 4.1915,8.6178 3.3438,10.0996 -0.5033,0.8797 -1.2416,2.3451 -1.6407,3.2558 -0.399,0.9106 -3.0113,3.9642 -5.8066,6.7872 l -5.084,5.1328 h 0.057 l -2.4824,2.3066 c -0.812,0.8402 -2.3567,2.269 -3.4336,3.1758 -1.6819,1.4167 -2.1004,1.6201 -2.9648,1.4473 l -1.0059,-0.2012 0.9473,0.9883 c 0.5207,0.5436 1.5554,1.2143 2.3007,1.4902 1.9408,0.7185 5.1811,0.4312 6.9415,-0.6152 0.7528,-0.4475 2.9341,-2.3841 4.8398,-4.3125 l 4.9043,-4.9649 h -0.1191 l 12.871,-13.2539 c 19.3782,-19.9535 17.2944,-17.294 16.0489,-20.4648 l -1.0567,-2.6875 10.5332,-10.1973 10.5332,-10.1973 1.6993,1.5996 1.6992,1.5977 4.1933,-3.7929 c 4.8908,-4.4259 7.2928,-8.894 7.3028,-13.5781 0,-1.7607 -1.3174,-7.6641 -3.0371,-13.5762 -1.6738,-5.7537 -5.7105,-19.8501 -8.9707,-31.3242 -3.2603,-11.4741 -6.5055,-22.8121 -7.211,-25.1973 l -1.2832,-4.3379 -13.2929,-12.1289 c -13.1769,-12.0239 -13.2822,-12.1419 -12.0977,-13.5271 5.3668,-6.2759 21.6954,-23.6278 22.0938,-23.4785 0.276,0.1033 8.188,7.1919 17.5839,15.7519 9.3959,8.5601 18.0963,16.4669 19.334,17.5723 1.7978,1.6056 2.5682,3.1384 3.8262,7.6171 0.8661,3.0836 3.1759,11.1206 5.1328,17.8594 1.9569,6.7388 3.9506,13.793 4.4316,15.6777 l 0.875,3.4277 2.3711,-0.9082 c 1.3042,-0.4988 11.4605,-4.228 22.5704,-8.2871 18.9916,-6.9389 21.1909,-7.9173 36.7578,-16.3827 9.1064,-4.9522 16.784,-9.3227 17.0605,-9.711 0.2766,-0.3883 0.4245,-1.4422 0.3301,-2.3418 -0.1404,-1.338 -1.5723,-2.4207 -7.8731,-5.959 -4.2359,-2.3787 -8.7188,-5.2197 -9.9628,-6.3125 -1.2441,-1.0927 -7.0863,-4.6689 -12.9825,-7.9472 -5.8961,-3.2783 -10.7254,-6.2471 -10.7324,-6.5977 -0.035,-1.7868 5.0135,-12.4039 6.6387,-13.9609 l 1.873,-1.7949 4.9434,2.7129 c 5.5337,3.0371 5.0006,3.2105 8.3301,-2.7129 1.1772,-2.0945 2.2463,-3.8067 2.375,-3.8067 0.8433,0 3.6425,7.9206 3.6425,10.3067 0,1.5737 0.3635,3.1018 0.8067,3.3965 0.4432,0.2947 6.627,3.7069 13.7422,7.5839 8.7811,4.7849 12.9077,7.3854 12.8476,8.0938 -0.1048,1.2355 2.5558,2.2897 2.9317,1.1621 0.2575,-0.7725 3.3057,1.3742 7.459,5.2539 2.7247,2.5453 3.3789,2.8592 8.2421,3.9512 2.1856,0.4907 4.8161,1.5834 5.8457,2.4277 3.1963,2.6209 3.2886,2.5943 21.1973,-5.8926 5.1606,-2.4456 10.3742,-5.2337 11.5859,-6.1953 l 2.2032,-1.748 -1.4688,-1.5625 c -1.3651,-1.4531 -1.4354,-1.9576 -1.0117,-7.1797 0.5293,-6.5233 0.5781,-6.4566 -6.9199,-9.2266 -8.064,-2.9791 -10.2406,-3.9669 -11.4238,-5.1816 -0.6415,-0.6586 -1.2288,-1.1925 -1.3204,-1.209 v 0 0 c -0.077,0 -1.5237,0.4261 -3.2148,0.9394 -2.3276,0.7064 -4.2231,0.7894 -7.8027,0.3399 -5.3756,-0.675 -7.2384,-1.508 -20.5801,-9.1973 -5.2818,-3.044 -10.8699,-6.2459 -12.418,-7.1172 -1.8135,-1.0207 -2.8164,-2.0454 -2.8164,-2.8808 0,-0.7132 0.2987,-1.2969 0.6621,-1.2969 0.7887,0 9.9683,5.0499 20.6231,11.3457 8.5126,5.03 12.1298,6.5352 15.705,6.5352 2.0555,0 3.002,-0.6137 6.8711,-4.4532 4.1749,-4.1429 5.4201,-6.1425 3.8243,-6.1425 -0.3643,0 -0.6574,-0.9686 -0.6524,-2.1524 0.01,-1.8706 1.3599,-3.5634 10.3223,-12.916 5.6722,-5.9192 10.5951,-10.7617 10.9394,-10.7617 0.3443,0 0.7987,0.4498 1.0098,1 0.2579,0.6721 -2.9002,4.3744 -9.625,11.2851 -5.5043,5.6565 -10.0078,10.6844 -10.0078,11.1719 0,1.1437 1.2299,2.0983 3.3125,2.5723 0.9106,0.2073 3.7302,0.9709 6.2656,1.6973 2.5354,0.7264 4.8235,1.1875 5.0859,1.0253 0.2625,-0.1622 0.6507,-0.017 0.8614,0.3243 0.6044,0.978 9.5684,3.5468 10.7695,3.0859 0.6963,-0.2672 1.8293,0.3082 3.1777,1.6152 l 2.0957,2.0313 4.25,-1.8848 c 2.3378,-1.0361 6.3369,-2.2581 8.8868,-2.7168 2.6396,-0.4748 6.1338,-1.6919 8.1132,-2.8242 4.2769,-2.4464 10.7618,-8.2793 10.7618,-9.6797 0,-1.0711 -3.5008,-5.0364 -13.0879,-14.8262 -4.9288,-5.0329 -6.1228,-5.895 -9.8516,-7.1191 -2.5211,-0.8276 -5.9599,-1.3945 -8.4746,-1.3945 -3.9323,0 -4.3566,-0.1476 -5.9844,-2.0821 -1.3146,-1.5624 -1.9394,-1.8926 -2.5078,-1.3242 -0.4166,0.4166 -0.9487,0.7578 -1.1816,0.7578 -0.6383,0 -2.0258,-3.3304 -1.6446,-3.9472 0.5096,-0.8244 -1.4575,-2.1759 -3.4765,-2.3887 -1.0591,-0.1117 -2.3548,-0.9449 -3.1309,-2.0117 -0.7285,-1.0013 -3.8115,-4.5913 -6.8496,-7.9785 l -5.5234,-6.16016 -0.6035,-4.8145 c -0.7357,-5.8586 -1.4958,-8.3355 -4.0528,-13.207 -2.5533,-4.8645 -3.5118,-5.6764 -11.5918,-9.8223 -7.8122,-4.0084 -8.684,-4.0056 -13.0508,0.02 -1.5673,1.4447 -3.1713,2.627 -3.5644,2.627 -1.7631,0 -1.4104,-1.6484 0.8496,-3.9629 l 2.459,-2.5156 -2.2168,-0.6973 c -4.7296,-1.4874 -5.3281,-1.3376 -6.1563,1.5449 -0.7371,2.5658 -0.8492,2.6477 -3.5507,2.5918 -1.5342,-0.032 -3.4561,-0.3832 -4.2715,-0.7812 -0.8154,-0.3981 -3.8672,-1.2243 -6.7813,-1.8359 -2.914,-0.6117 -5.6497,-1.3954 -6.0781,-1.7422 -0.4284,-0.3469 -4.0046,-0.6431 -7.9473,-0.6582 -6.7897,-0.026 -7.3181,-0.1298 -10.0156,-1.9473 -2.4672,-1.6624 -3.4682,-1.918 -7.4785,-1.918 z m -16.7656,32.3632 c -0.5319,0.016 -1.1245,0.3667 -1.7344,1.1016 -0.9769,1.177 -0.2261,3.3101 2.1992,6.24996 l 1.459,1.7695 0.2012,-3.57806 c 0.193,-3.4492 -0.7658,-5.5851 -2.125,-5.543 z m 609.2124,248.09456 c -3.1722,-3.2226 -4.474,-5.3754 -2.1912,-3.6238 2.8057,2.1527 5.9507,5.5769 5.73,6.2388 -0.1342,0.4026 -1.7266,-0.7741 -3.5388,-2.615 z m -25.9971,64.3713 c 0,-0.3527 -0.9223,-1.0421 -2.0495,-1.5321 -1.1273,-0.4899 -1.6948,-0.9019 -1.2613,-0.9155 0.4336,-0.014 1.3228,-0.5592 1.9761,-1.2125 0.7537,-0.7536 1.7506,-1.0802 2.7273,-0.8935 1.4411,0.2755 1.4966,0.4314 0.868,2.4397 -0.6283,2.0073 -2.2606,3.5337 -2.2606,2.1139 z m 7.7197,10.1508 c -0.4364,-0.6995 -1.4098,-1.2719 -2.1631,-1.2719 -1.274,0 -1.2362,-0.1208 0.5426,-1.7342 1.0516,-0.9538 2.3088,-2.5646 2.7937,-3.5795 1.1187,-2.3414 1.9104,-2.5842 3.6999,-1.1352 l 1.4325,1.16 -1.9677,2.1544 c -1.0822,1.1849 -1.9677,2.4626 -1.9677,2.8392 0,0.3767 -0.3547,1.1696 -0.7883,1.762 -0.734,1.003 -0.8428,0.9896 -1.5819,-0.1948 z m 122.0325,-41.8984 c -1.6225,-0.9867 -3.374,-1.6527 -3.8922,-1.48 -0.5181,0.1727 -1.9396,-0.6104 -3.1587,-1.7403 -1.2192,-1.1299 -2.7172,-2.0543 -3.3288,-2.0543 -0.9049,0 -2.1948,-1.8283 -2.1948,-3.1109 0,-0.6999 4.157,0.8112 5.5538,2.0189 1.0011,0.8655 2.566,1.1655 4.4689,0.8567 2.735,-0.4438 3.0307,-0.2356 4.4774,3.152 0.852,1.995 1.431,3.7453 1.2867,3.8896 -0.1443,0.1443 -1.5898,-0.545 -3.2123,-1.5317 z m -66.0503,-39.5749 c -1.6827,-1.7362 -2.651,-3.1567 -2.1516,-3.1567 2.1783,0 9.55,3.0218 8.3437,3.4203 -0.7266,0.24 -1.7287,0.9892 -2.2268,1.6647 -0.728,0.9874 -1.506,0.609 -3.9653,-1.9283 z m 25.4785,18.6203 c -0.2977,-0.7759 -0.5413,-2.1805 -0.5413,-3.1214 0,-1.433 -0.6516,-1.7108 -4.0133,-1.7108 -3.6998,0 -4.0132,-0.1763 -4.0132,-2.2583 0,-1.5031 -0.6475,-2.4978 -1.9362,-2.9745 -1.5573,-0.5761 -1.6882,-0.8726 -0.6688,-1.5156 0.697,-0.4396 2.3737,-0.8602 3.726,-0.9346 3.1404,-0.1729 5.3609,-2.0082 4.84,-4.0004 -0.2871,-1.0977 0.282,-1.7278 1.9446,-2.1529 4.5539,-1.1643 24.6563,-2.8443 25.4553,-2.1273 0.4706,0.4223 -0.109,2.5099 -1.3854,4.9902 -1.8136,3.5242 -2.9087,4.5294 -6.3095,5.7921 -3.5831,1.3304 -4.254,1.3606 -5.1896,0.2332 -1.6769,-2.0206 -5.1839,-1.5283 -7.5874,1.0651 -2.1183,2.2856 -2.5629,3.9102 -2.2219,8.1192 0.1858,2.2937 -1.2873,2.7119 -2.0993,0.596 z m 19.302,38.2699 c -1.5942,-0.6551 -2.8985,-1.555 -2.8985,-1.9999 0,-0.4449 -1.8596,-2.5507 -4.1325,-4.6796 -9.1401,-8.5609 -12.3794,-13.0595 -11.4691,-15.9277 0.7305,-2.3015 -1.079,-6.2228 -2.8819,-6.2454 -2.0245,-0.025 -6.2234,-3.2173 -5.3635,-4.0773 0.3585,-0.3584 1.643,-0.2001 2.8545,0.3519 1.7447,0.7949 2.4741,0.7323 3.5074,-0.3011 1.8118,-1.8118 3.5378,-1.6303 5.5301,0.5814 2.3684,2.6292 5.4522,3.6668 7.5542,2.5419 1.4274,-0.764 1.7253,-0.6277 1.7253,0.7893 0,3.2012 2.2192,6.8535 6.5962,10.856 2.4017,2.1961 4.8796,5.197 5.5064,6.6685 1.0154,2.3834 0.9375,2.8924 -0.7135,4.6627 -1.0194,1.093 -2.0927,3.3335 -2.3851,4.9788 -0.5311,2.9889 -0.5342,2.9905 -3.43,1.8005 z m -31.1372,16.0314 c -1.083,-0.2112 -2.5303,-1.6421 -3.2984,-3.2609 -1.8024,-3.7982 -12.5718,-16.1882 -17.7719,-20.4461 -2.2624,-1.8525 -4.9185,-4.4988 -5.9024,-5.8806 l -1.789,-2.5123 2.4313,-1.7976 c 1.3373,-0.9886 3.3266,-2.0817 4.4208,-2.4289 1.6274,-0.5166 1.9893,-0.2902 1.9893,1.244 0,1.3784 1.0833,2.3398 4.0872,3.6274 2.248,0.9636 5.0572,1.752 6.2428,1.752 1.1857,0 2.1557,0.3844 2.1557,0.8543 0,1.1796 7.3514,5.3855 9.4426,5.4022 1.3009,0.01 1.4175,0.196 0.4915,0.7827 -1.004,0.6361 -1.0287,1.8659 -0.1429,7.1178 0.589,3.4919 1.4373,6.5753 1.8851,6.852 0.4828,0.2985 0.4503,1.1832 -0.08,2.1742 -0.4918,0.919 -0.8942,2.9012 -0.8942,4.405 0,1.5038 -0.301,2.6795 -0.6689,2.6127 -0.3679,-0.067 -1.5372,-0.2909 -2.5985,-0.4979 v 0 z m -225.69032,61.1543 c -4.93809,-1.5349 -22.05128,-11.2298 -26.42691,-14.9713 -0.91202,-0.7799 -2.88334,-3.8259 -4.38071,-6.769 -2.20203,-4.328 -2.77646,-6.6723 -3.0048,-12.2627 -0.19351,-4.7379 0.0369,-6.9117 0.73276,-6.9117 0.55827,0 3.288,2.107 6.06605,4.6822 2.77805,2.5751 7.13429,6.4149 9.68053,8.5328 2.54624,2.1179 5.48034,5.5291 6.52023,7.5806 1.03989,2.0514 5.52581,7.4453 9.96872,11.9864 4.93367,5.0427 7.751,8.5684 7.23789,9.0577 -0.50051,0.4773 -3.08522,0.1033 -6.39376,-0.925 z M 760.73027,1260.0606 c -0.98844,-2.5751 -1.65317,-4.8403 -1.47717,-5.0337 0.17599,-0.1934 1.73383,0.6093 3.46185,1.7837 2.11198,1.4353 2.95329,2.5737 2.56657,3.473 -0.31641,0.7358 -0.60328,2.0401 -0.63749,2.8984 -0.12302,3.0874 -2.15163,1.4695 -3.91376,-3.1214 z m -16.02726,6.2429 c -1.47148,-1.6017 -1.67217,-2.456 -0.99455,-4.2336 0.72253,-1.8953 0.48111,-2.5201 -1.6215,-4.1967 -1.35874,-1.0834 -2.28545,-2.1272 -2.05937,-2.3195 0.22609,-0.1924 3.15131,-0.1614 6.50049,0.069 6.94461,0.4774 8.2082,1.7543 5.0561,5.1095 -1.19379,1.2708 -1.83236,2.8273 -1.57058,3.8283 0.27025,1.0335 -0.19865,2.0865 -1.21043,2.7184 -2.12211,1.3252 -1.94886,1.3665 -4.10016,-0.9752 z m 41.35902,-17.7171 c -2.88779,-1.5234 -3.21813,-1.9736 -2.09814,-2.859 0.73111,-0.578 3.09038,-3.6595 5.24281,-6.8478 4.79035,-7.0957 4.42354,-6.7592 6.25198,-5.7359 1.34169,0.7508 1.06343,1.5392 -2.49573,7.0709 -2.85045,4.4303 -3.85983,6.8075 -3.4997,8.2424 0.27836,1.109 0.39812,1.9987 0.26615,1.977 -0.13197,-0.022 -1.78229,-0.8531 -3.66737,-1.8476 z m -14.42535,-7.4905 c -7.60531,-4.1119 -10.6806,-5.2 -20.67199,-7.3137 -6.45565,-1.3658 -11.86483,-2.8845 -12.02039,-3.375 -0.33555,-1.058 3.95495,-3.3267 11.18394,-5.9136 6.09431,-2.1809 8.59299,-4.3512 8.59299,-7.4639 0,-2.6944 -0.10445,-2.6887 6.31113,-0.3494 5.04269,1.8386 5.13438,1.9322 4.15345,4.2362 -0.55168,1.2958 -1.37076,2.8525 -1.82016,3.4592 -1.3575,1.8329 0.10275,5.5086 2.41934,6.0901 1.16505,0.2924 3.1214,1.6028 4.34745,2.912 2.66254,2.8432 8.26698,12.6551 7.19269,12.5926 -0.4147,-0.024 -4.77451,-2.2177 -9.68845,-4.8745 z M 715.26842,1228.68 c -4.65383,-2.1619 -8.26309,-6.3615 -8.27015,-9.6229 -0.002,-0.8893 1.40946,-2.2464 3.34103,-3.2124 1.83941,-0.92 5.64558,-3.0865 8.45817,-4.8147 8.4157,-5.1708 22.11863,-6.5029 30.56995,-2.9717 3.58792,1.4991 7.14262,7.7843 5.80474,10.2635 -0.41059,0.7609 -3.89359,2.5602 -7.74001,3.9986 -3.84642,1.4384 -8.79945,3.8398 -11.00674,5.3366 -3.38763,2.2971 -4.98642,2.7576 -10.25608,2.9542 -5.06009,0.1887 -7.12532,-0.1772 -10.90091,-1.9312 z m 65.36157,8.5321 c -2.04241,-4.0305 -5.04844,-7.2063 -9.04326,-9.554 -1.5573,-0.9152 -1.48665,-1.3235 1.35801,-7.8478 2.5685,-5.891 3.56396,-7.2125 6.91016,-9.1735 3.56213,-2.0875 4.04482,-2.1677 5.43421,-0.902 0.83867,0.764 2.27011,3.9218 3.18099,7.0175 0.91088,3.0956 2.01452,6.5503 2.45254,7.677 0.43802,1.1267 0.79639,2.7363 0.79639,3.5768 0,1.4326 -7.57994,13.549 -8.47617,13.549 -0.22666,0 -1.40245,-1.9543 -2.61287,-4.343 z m 42.7491,20.8233 c -9.93544,-0.9509 -16.14875,-1.8215 -26.06988,-3.653 -1.93137,-0.3566 -4.69834,-4.3664 -4.69834,-6.8088 0,-1.1189 6.80838,-12.2613 7.49211,-12.2613 0.1692,0 2.1246,0.8037 4.34532,1.786 3.42251,1.514 5.64916,1.7518 14.61459,1.5607 l 10.57691,-0.2253 3.95704,2.8984 c 2.17638,1.5942 4.49821,2.8985 5.15964,2.8985 0.66143,0 2.20047,0.9979 3.4201,2.2175 2.15637,2.1564 2.17541,2.2855 0.69068,4.6821 -1.82579,2.9472 -6.70429,8.3121 -7.40042,8.1382 -0.27166,-0.068 -5.71114,-0.6227 -12.08775,-1.233 z m 54.84771,4.7206 c -1.22627,-0.5359 -3.28271,-1.4561 -4.56987,-2.0449 -1.50969,-0.6907 -3.8493,-0.8416 -6.59205,-0.4254 -2.33846,0.3549 -5.51816,0.2566 -7.066,-0.2184 -2.4529,-0.7529 -2.95198,-1.4562 -3.88699,-5.4779 -0.59,-2.5378 -1.07274,-5.1906 -1.07274,-5.8951 0,-0.7046 -1.90198,-3.212 -4.22663,-5.5722 -3.7205,-3.7773 -5.34909,-4.6532 -13.60044,-7.3145 -5.1556,-1.6629 -12.78508,-3.4992 -16.9544,-4.0807 -5.99681,-0.8364 -16.66461,-4.193 -18.60881,-5.8552 -0.91199,-0.7797 -4.62988,-16.7292 -5.07551,-21.7736 -0.42511,-4.8121 -0.21383,-6.2688 1.24365,-8.5749 2.0139,-3.1864 5.31845,-4.1831 9.95501,-3.0028 1.71678,0.4371 4.20254,1.0155 5.52392,1.2855 1.3646,0.2789 5.02473,3.1332 8.47241,6.6072 3.33845,3.3639 8.56301,7.7811 11.61013,9.816 3.04713,2.0349 6.83582,5.312 8.41932,7.2825 1.58351,1.9704 3.9063,3.8309 5.16177,4.1342 2.62553,0.6345 14.14162,10.2438 16.64856,13.892 0.9279,1.3504 3.41554,3.6993 5.52808,5.2199 3.35374,2.414 3.77186,3.0794 3.29607,5.2457 -0.4243,1.9318 -0.0812,2.8491 1.55,4.1444 2.15598,1.7119 7.81185,10.9046 7.81185,12.6969 0,1.2089 -0.63381,1.1931 -3.56733,-0.089 v 0 z m 242.8013,-64.8418 c -4.3473,-3.1492 -5.0516,-4.1707 -5.2392,-7.5988 -0.14,-2.558 -2.986,-5.8164 -5.1155,-5.8569 -0.5588,-0.011 -1.618,-1.3004 -2.3538,-2.8662 -1.4439,-3.0729 -6.0117,-4.9662 -8.5518,-3.5447 -1.0288,0.5757 -2.7717,-0.6748 -6.9782,-5.0071 -5.4557,-5.6188 -5.5624,-5.819 -3.9568,-7.4247 0.9076,-0.9076 1.6502,-2.0262 1.6502,-2.4858 0,-1.4443 -6.5855,-7.1983 -8.9184,-7.7924 -2.2299,-0.5678 -4.9315,-3.0289 -6.7786,-6.1753 -0.7272,-1.2389 -1.9391,-1.6472 -4.6757,-1.5755 -2.0318,0.053 -4.2114,0.5262 -4.8436,1.0509 -1.4706,1.2205 -8.6575,-3.169 -8.667,-5.2936 -0.01,-1.9682 -7.5697,-8.8089 -9.7365,-8.8089 -0.9774,0 -1.9998,-0.8076 -2.3269,-1.838 -0.3208,-1.011 -1.6522,-2.3153 -2.9585,-2.8985 -1.3064,-0.5832 -3.3139,-2.1641 -4.4611,-3.513 -1.1473,-1.3489 -2.8529,-2.4525 -3.7903,-2.4525 -0.9374,0 -1.7044,-0.5558 -1.7044,-1.2352 0,-2.2898 -4.4197,-4.356 -8.2259,-3.8454 -3.3084,0.4437 -3.5949,0.2959 -4.7403,-2.4452 -0.6704,-1.6047 -2.7429,-4.2475 -4.6054,-5.873 -6.3953,-5.5813 -6.363,-6.0036 0.4401,-5.754 3.291,0.1208 9.0791,1.0481 12.8625,2.0607 3.7834,1.0127 7.6493,1.6928 8.5909,1.5115 0.9416,-0.1814 3.4557,0.062 5.5868,0.5409 3.2529,0.7308 4.3791,0.5903 7.0162,-0.8756 5.5574,-3.0891 9.464,-3.7476 12.7331,-2.1461 1.5917,0.7798 3.194,1.9146 3.5607,2.5219 0.3667,0.6074 1.4655,0.8954 2.4417,0.6401 1.1267,-0.2946 1.9766,0.061 2.3271,0.9748 0.3037,0.7914 1.1371,1.4389 1.8521,1.4389 0.715,0 3.2807,0.8521 5.7015,1.8935 2.9954,1.2886 4.4015,2.4182 4.4015,3.536 0,0.9033 0.7387,2.0378 1.6415,2.5209 0.9028,0.4832 2.941,2.0925 4.5294,3.5762 4.341,4.0552 7.9857,4.8543 22.5192,4.9379 l 13.083,0.075 4.2762,3.071 c 5.7129,4.1027 13.2865,4.8014 19.4904,1.7982 3.0209,-1.4624 4.8416,-1.8135 6.9561,-1.3414 1.5753,0.3517 4.5697,0.6853 6.6544,0.7414 3.4335,0.092 3.7898,0.3141 3.7853,2.3552 -0.01,3.6517 -1.7882,9.0015 -3.172,9.5325 -1.654,0.6348 -1.6641,3.778 -0.014,4.4112 2.2028,0.8453 4.7248,-1.2574 6.418,-5.351 1.5663,-3.7871 1.8548,-4.0004 6.7009,-4.9538 2.7853,-0.548 5.2758,-1.5477 5.5344,-2.2217 0.9907,-2.5818 5.5744,-2.5319 10.1806,0.1109 3.9261,2.2526 4.3086,2.7455 3.747,4.8276 -0.667,2.473 -10.8699,18.1117 -12.4557,19.0917 -0.5197,0.3212 -2.5181,3.0597 -4.441,6.0856 -1.9228,3.0259 -4.9803,6.6718 -6.7945,8.102 l -3.2984,2.6004 0.5989,-3.7452 c 0.3491,-2.183 0.1976,-4.4948 -0.3631,-5.5425 -0.696,-1.3004 -0.6741,-2.6691 0.079,-4.9509 0.9637,-2.9202 0.8592,-3.3431 -1.4132,-5.7149 -2.947,-3.0761 -4.5882,-2.5433 -7.5312,2.4446 -1.5945,2.7026 -1.8668,4.1502 -1.4176,7.5367 0.4113,3.1007 0.086,5.4274 -1.249,8.9406 -2.3469,6.1747 -2.3029,6.5565 0.9083,7.8866 l 2.7142,1.1243 -2.0454,2.1864 c -1.7421,1.8622 -6.0766,5.0992 -10.2948,7.6882 -0.7841,0.4812 -1.1148,-0.021 -1.1148,-1.6935 0,-1.5337 0.3957,-2.2271 1.1148,-1.9534 2.7695,1.0537 4.9987,-0.9912 5.6237,-5.1588 1.0818,-7.2142 -3.2023,-11.0964 -7.5012,-6.7975 -0.91,0.9101 -2.7798,1.937 -4.155,2.2822 -5.5,1.3804 -10.8524,9.5083 -8.6177,13.0865 0.8246,1.3204 0.53,1.984 -1.7216,3.8787 -3.4846,2.932 -5.0631,2.877 -9.4914,-0.3309 v 0 z m -459.23537,228.244 c -2.50228,-1.0082 -3.97027,-3.7048 -2.93164,-5.3854 0.43587,-0.7052 0.56502,-2.1886 0.28701,-3.2963 -0.27802,-1.1077 -0.26133,-2.014 0.0371,-2.014 1.06412,0 4.52801,4.0102 6.06084,7.0168 2.20524,4.3254 1.09274,5.5106 -3.45331,3.6789 z m 25.31427,89.6038 c -1.86396,-0.684 -4.53564,-1.0143 -5.93707,-0.734 -2.48077,0.4961 -2.69317,0.2249 -8.04495,-10.2723 -5.7938,-11.3641 -8.44123,-14.3793 -12.62562,-14.3793 -1.40537,0 -2.55522,-0.3023 -2.55522,-0.6718 0,-1.1287 5.11146,-5.571 6.41021,-5.571 0.67067,0 2.01102,-0.5517 2.97855,-1.226 0.96753,-0.6743 3.46891,-1.5129 5.55863,-1.8636 3.28689,-0.5516 4.48028,-0.2534 8.84582,2.2103 3.45515,1.95 6.05343,2.7916 8.24026,2.669 8.40358,-0.4709 13.64314,-0.085 17.85747,1.3145 2.58567,0.8589 4.45184,1.9788 4.2597,2.5565 -0.18807,0.5654 -2.71678,1.3513 -5.61936,1.7464 -5.60286,0.7627 -7.50698,2.2072 -7.50698,5.6949 0,2.2326 0.60304,2.4989 2.6755,1.1814 1.98008,-1.2587 2.92433,15.9308 0.96677,17.5996 -1.73686,1.4807 -11.19857,1.3253 -15.50371,-0.2546 z m -73.09247,-67.446 c -0.85695,-4.09 -1.65747,-9.0416 -1.77893,-11.0036 -0.20711,-3.3455 -0.0267,-3.6358 2.90057,-4.6687 1.71678,-0.6058 4.62638,-1.1074 6.46579,-1.1148 2.26273,-0.01 3.34437,-0.4165 3.34437,-1.2597 0,-0.8251 0.92527,-1.2019 2.73746,-1.1148 2.26473,0.1088 3.22143,-0.5301 5.53999,-3.6997 2.4161,-3.3029 2.64987,-4.0756 1.69541,-5.604 -0.83074,-1.3302 -0.87187,-2.6464 -0.16476,-5.2724 0.5183,-1.9248 1.25879,-3.6952 1.64554,-3.9343 0.38675,-0.239 3.80343,0.3596 7.59261,1.3303 3.78918,0.9707 7.27443,1.527 7.74499,1.2362 0.47056,-0.2908 0.86105,0.1972 0.86775,1.0845 0.007,0.8874 0.25417,2.5164 0.54993,3.62 0.40626,1.516 0.15978,2.0066 -1.00798,2.0066 -1.15998,0 -1.44137,0.546 -1.12753,2.1877 0.34838,1.8224 -0.005,2.2805 -2.11539,2.7441 -1.39347,0.306 -2.74015,0.8907 -2.99262,1.2992 -0.96391,1.5596 0.71526,3.5797 2.98654,3.5928 4.04385,0.024 4.80159,1.0659 4.11291,5.6583 l -0.62056,4.1383 h -8.35059 c -7.92317,0 -8.42537,0.1141 -9.81147,2.2295 -0.80348,1.2263 -2.00274,2.2296 -2.66502,2.2296 -0.66228,0 -2.52242,1.1498 -4.13364,2.5552 -1.61122,1.4053 -3.9328,2.8614 -5.15907,3.2357 -1.22627,0.3744 -3.23502,1.8685 -4.4639,3.3204 l -2.23432,2.6398 z m 27.9469,-91.0686 c -2.13298,-1.1937 -10.13301,-1.4326 -22.21403,-0.6635 -14.25153,0.9073 -23.80028,0.423 -38.94679,-1.9756 -11.03643,-1.7477 -20.06623,-3.79 -20.06623,-4.5384 0,-0.7485 4.37154,-4.1573 9.71453,-7.5751 5.343,-3.4179 11.81238,-8.9648 14.37641,-12.3264 4.91799,-6.4478 12.26279,-9.9537 20.85302,-9.9537 2.84404,0 8.50137,-1.609 12.57183,-3.5757 6.87864,-3.3233 15.02638,-3.3691 12.98919,-0.073 -0.49139,0.7951 0.75919,3.5465 2.77906,6.1144 2.92657,3.7205 5.20397,4.6688 11.21278,4.6688 4.14717,0 8.49011,-0.9498 9.65098,-2.1107 1.16087,-1.1608 2.69467,-1.5266 3.40844,-0.8129 0.71377,0.7138 -1.0552,3.174 -3.93105,5.4671 -4.52016,3.6043 -4.90416,4.5605 -2.83331,7.0557 1.31753,1.5876 3.24881,2.8865 4.29173,2.8865 1.04293,0 3.72383,1.7169 5.95757,3.8154 2.23374,2.0985 5.83401,4.7071 8.0006,5.7969 2.16659,1.0898 4.29064,3.0461 4.7201,4.3474 0.64515,1.9547 0.13351,1.9616 -2.94395,0.04 -3.12409,-1.951 -4.52177,-1.8685 -8.66649,0.5116 -6.59742,3.7887 -16.80875,5.2045 -20.92439,2.9013 v 0 z M 1138.455,1123.23 c -1.0427,-1.0426 -31.5334,-10.1483 -37.5759,-11.2215 -2.6208,-0.4655 -6.4268,-2.6152 -8.4578,-4.7771 l -3.6927,-3.9307 12.9169,-7.256 c 10.6518,-5.9836 15.1369,-7.4297 25.5761,-8.2465 l 12.6591,-0.9904 12.2142,12.3085 c 6.7177,6.7696 11.8569,12.6374 11.4203,13.0394 -1.0216,0.9409 -22.7794,11.8559 -23.6333,11.8559 -0.355,0 -0.9971,-0.3517 -1.4269,-0.7816 z" /><path
   id="Jurong-GRC"
   style="display:inline;fill:#55d400;fill-opacity:1;stroke:#55d400;stroke-width:0.702462;stroke-linejoin:miter;stroke-miterlimit:4;stroke-dasharray:none;stroke-opacity:1"
   d="m 673.77599,770.77694 c -4.1478,-3.1768 -6.363,-3.8563 -11.2568,-3.4524 l -3.1611,0.2608 v -2.7698 c 0,-3.1602 0.5066,-4.1014 3.2188,-5.981 2.4287,-1.6831 4.4624,-1.6777 7.5819,0.02 5.4031,2.9407 8.7372,7.4605 8.9835,12.178 0.1692,3.241 -0.8652,3.1917 -5.3663,-0.2557 z m -2.9443,-16.4825 c -3.8935,-2.6296 -5.2799,-4.0445 -5.8775,-5.9981 -0.9924,-3.2439 -1.5009,-4.2546 -2.1406,-4.2546 -0.9572,0 -0.8079,2.6157 0.3185,5.5794 0.947,2.4915 0.9482,2.5508 0.073,3.4258 -0.6516,0.6516 -1.8267,0.9612 -4.3823,1.1544 -4.3506,0.3291 -5.3521,-0.338 -4.8858,-3.2541 0.3463,-2.1655 2.1442,-5.8728 3.3971,-7.0047 1.3827,-1.2493 4.1485,-2.2424 6.2453,-2.2424 1.6238,0 2.0289,0.2071 2.7031,1.3819 0.4362,0.76 1.6381,1.8467 2.671,2.4148 1.0328,0.5681 1.9594,1.0991 2.0591,1.1799 0.1,0.081 0.242,0.914 0.3164,1.8515 0.075,0.9402 0.8858,2.9204 1.8091,4.4163 0.9207,1.4915 1.6739,2.8382 1.6739,2.9925 0,0.6841 -1.3768,0.1159 -3.9806,-1.6426 z m -54.0896,61.5937 c 0,-0.1848 -0.3378,-2.0033 -0.7507,-4.0411 -0.9732,-4.8027 -0.5725,-6.427 3.326,-13.4816 3.5561,-6.4351 4.4493,-9.269 4.4493,-14.1167 0,-5.9395 -2.0214,-10.2929 -9.8474,-21.2077 -9.0709,-12.6509 -12.1938,-18.3156 -13.0759,-23.7184 -0.3523,-2.1581 -0.3325,-5.2907 0.07,-11.0874 0.5465,-7.8659 0.5334,-8.1753 -0.4976,-11.7077 -2.1306,-7.3005 -3.1893,-9.0003 -10.9682,-17.6093 -2.5262,-2.7958 -4.9422,-5.6161 -5.369,-6.2674 -0.7528,-1.149 -0.7348,-1.2183 0.6067,-2.3351 2.999,-2.4967 11.4171,-7.8531 15.0241,-9.5597 9.4391,-4.4661 24.3304,-6.6014 34.0061,-4.8763 8.0535,1.436 18.2607,5.8412 28.8505,12.4517 6.6434,4.1469 11.8127,8.597 22.7549,19.5888 l 9.338,9.3804 -1.9622,4.129 c -1.0792,2.2709 -1.9622,4.389 -1.9622,4.7068 0,1.1035 -1.594,0.558 -9.1215,-3.1217 -5.2991,-2.5903 -7.8205,-4.0844 -8.4095,-4.9832 -0.4626,-0.7061 -1.4693,-3.8311 -2.2371,-6.9445 -2.542,-10.3078 -4.2333,-12.0204 -12.5883,-12.7463 l -3.5555,-0.309 -0.3052,3.9215 c -0.1679,2.1567 -0.3143,6.1341 -0.3255,8.8386 -0.011,2.7045 -0.2068,7.6478 -0.4349,10.9851 -0.3382,4.9491 -0.5674,6.1794 -1.2429,6.6734 -1.4953,1.0934 -3.7067,0.7191 -5.9734,-1.0111 -4.3083,-3.2886 -5.6573,-3.7426 -10.8323,-3.6452 -6.2326,0.1172 -7.4171,0.3911 -7.0907,1.6394 0.1623,0.6205 -0.1584,1.4566 -0.8941,2.3309 -0.631,0.7499 -1.1472,1.6633 -1.1472,2.0299 0,0.4284 -0.502,0.6666 -1.4049,0.6666 -2.1515,0 -1.7451,2.1005 0.4664,2.4114 0.8121,0.1141 1.4194,0.6974 1.9893,1.9103 1.2109,2.5775 3.9272,3.8418 7.3434,3.418 5.4381,-0.6746 5.646,-0.6233 7.974,1.9674 1.1715,1.3037 3.4471,3.1402 5.0569,4.0811 2.8143,1.645 3.7008,3.0055 2.4586,3.7733 -0.2576,0.1592 -0.4683,1.8247 -0.4683,3.7012 v 3.4118 l 2.4191,2.7646 c 3.6838,4.2096 4.3767,6.0702 4.3438,11.6646 -0.026,4.4182 -0.1418,4.9611 -2.0482,9.6003 -3.1729,7.7211 -3.1986,13.3385 -0.069,15.1661 2.0446,1.1941 7.5846,1.5414 11.8252,0.7413 3.2143,-0.6065 3.2641,-0.6003 4.4152,0.5507 1.6166,1.6167 2.6219,5.0707 1.8982,6.5222 -0.7104,1.4251 -0.1872,1.2844 -29.5745,7.9532 -13.6512,3.0979 -25.1891,5.7435 -25.6398,5.8792 -0.4508,0.1357 -0.8196,0.095 -0.8196,-0.089 z m 167.11302,-2.59896 c -5.26432,0.005 -9.70629,5.22089 -12.24009,4.16219 -2.5338,-1.0587 -7.28563,5.07307 -7.66913,3.60637 -0.8109,-3.1007 -3.0376,-3.5992 -3.0376,-0.68 0,2.5664 0.6591,2.6327 -19.1852,-1.9311 -12.2705,-2.822 -18.9171,-5.1057 -23.7611,-8.1639 -16.8427,-10.6336 -17.3709,-10.8237 -28.163,-10.1311 l -9.9833,0.6407 -1.8379,-4.3987 c -2.3367,-5.5924 -5.3061,-7.1434 -13.6764,-7.1434 -7.9486,0 -8.2662,-0.9907 -3.3974,-10.5987 2.5923,-5.1157 3.8162,-6.344 5.6294,-5.6496 2.5163,0.9636 10.4978,6.0115 13.3846,8.4651 4.4185,3.7554 5.5696,-7.5495 1.8427,-18.0969 -1.2772,-3.6146 -4.4065,-9.785 -6.954,-13.712 -6.1071,-9.4142 -7.4631,-11.9724 -8.8086,-16.6188 -0.8398,-2.9002 -2.3056,-4.2317 -5.76,-5.2322 -4.5546,-1.3192 -4.5716,-1.3503 -0.9992,-1.8265 4.235,-0.5644 15.0564,4.9007 20.0254,10.1135 3.0423,3.1916 3.2016,3.9311 1.8944,8.7965 -2.8039,10.4356 5.5107,21.1831 30.3075,39.1758 8.9493,6.4937 16.5096,11.8066 16.8008,11.8066 0.2911,0 3.0912,-3.3206 6.2223,-7.3791 l 5.6929,-7.3791 -7.3405,-6.8601 c -4.0374,-3.773 -8.9105,-9.0549 -10.8293,-11.7376 -1.9188,-2.6827 -4.6812,-5.2561 -6.1388,-5.7187 -1.4575,-0.4626 -2.65,-1.3061 -2.65,-1.8744 0,-1.8394 17.3428,-24.0856 19.3888,-24.8707 1.0904,-0.4184 1.87735,-4.32121 2.70255,-3.49651 -4.01884,-3.89969 -31.689,-5.78221 -34.41135,-9.37175 -0.77603,-1.02322 -3.4286,-10.49186 1.92969,-13.35892 7.41579,-3.96795 10.13208,0.15177 13.38818,-1.96809 l 10.8111,-8.35942 c 8.37544,-3.25384 18.64912,-3.00608 22.65644,0.10067 3.09828,2.40201 11.00826,7.37839 14.61967,9.85912 0.3546,0.24358 3.18064,-1.86726 4.22583,-2.76175 2.54731,-2.18002 4.68689,-5.84603 16.74468,-6.36087 l 8.87578,-0.37897 2.88301,2.55799 c 1.53071,1.35815 3.60752,6.095 3.60752,10.0773 0,5.2606 0.5513,7.452 2.016,8.0141 2.0944,0.8037 20.3624,-1.4875 28.4492,-3.5682 2.5498,-0.656 7.9051,-3.3524 11.9007,-5.992 5.3107,-3.5084 7.8045,-4.4604 9.272,-3.5396 2.53,1.5874 35.2932,43.398 37.9483,48.4275 2.9349,5.5595 1.857,6.2032 -5.6627,3.3814 -4.566,-1.7134 -7.811,-4.0164 -9.8482,-6.9895 -2.7039,-3.9461 -3.8928,-4.5235 -10.8018,-5.2456 -4.2699,-0.4463 -8.8577,-1.3971 -10.1951,-2.1128 -1.7876,-0.9567 -4.6448,-0.4341 -10.7867,1.9729 -5.2549,2.0594 -11.088,3.2861 -15.7202,3.3059 -10.0605,0.043 -17.2004,1.8867 -19.3846,5.005 -1.0047,1.4345 -3.3086,2.9801 -5.1198,3.4347 -2.4067,0.604 -3.7199,2.2513 -4.8791,6.1205 -0.8724,2.9116 -1.3416,5.4987 -1.0428,5.7491 0.2989,0.2503 4.6961,2.8613 9.7716,5.8023 l 9.2282,5.3473 0.1088,19.0875 0.1087,19.0876 -3.6906,-0.5417 c -4.4186,-0.6485 -8.04502,2.0774 -12.0885,2.9523 -9.8409,2.12931 -2.71223,-3.01465 -16.37378,-3.00166 z"
   sodipodi:nodetypes="sscsssssscssssssssssscssccsssssscsssssssscsssssscscssssssssssssssscsssssssssssssssssscsssssssssssssssccsssscssscsssscsssssssssssssssssscccsss" /><path
   id="Nee-Soon-GRC"
   style="fill:#00ff00"
   d="m 1199.4426,420.18843 c 1.5519,5.9e-4 3.2174,-2.21961 3.3607,-2.63656 0,0 5.0168,-5.4137 4.7939,-5.85962 -0.223,-0.44591 -4.4592,-7.85927 -9.2528,-2.45254 -4.7936,5.40674 -4.6821,3.90177 -4.1805,6.35431 0.5017,2.45254 5.2076,4.60165 5.2076,4.60165 m 67.6133,-116.39964 c -1.5607,-1.08875 -2.8378,-3.01325 -2.8378,-4.27667 0,-1.26342 -1.045,-3.03876 -2.3223,-3.9452 -1.2773,-0.90644 -3.0614,-3.04006 -3.9648,-4.74138 -0.9034,-1.70132 -3.6014,-4.94079 -5.9956,-7.19881 -3.9055,-3.68332 -4.2729,-4.59733 -3.5731,-8.88848 0.6578,-4.03342 0.075,-5.9438 -3.7192,-12.19006 -2.4745,-4.07389 -4.1816,-7.72454 -3.7936,-8.11256 0.9616,-0.96164 13.1817,12.84147 16.9989,19.20099 1.6993,2.83103 5.5065,8.11988 8.4605,11.75301 6.0814,7.47945 9.0523,15.83054 6.658,18.71542 -1.8287,2.20353 -2.3377,2.1763 -5.911,-0.31626 z m -186.3484,199.27053 c -11.4358,-2.55549 -15.7656,-4.39042 -15.7656,-6.68128 0,-5.25951 -6.3819,-22.58581 -8.5445,-23.19764 -3.1719,-0.89735 -27.3635,-2.44482 -36.5449,-2.33767 -4.3355,0.0506 -7.8827,-0.30982 -7.8827,-0.80091 0,-0.4911 2.0754,-4.80137 4.612,-9.57838 l 4.612,-8.68547 -3.3055,-2.63568 c -3.2135,-2.56238 -6.5306,-10.53117 -12.1618,-29.21662 -4.2063,-13.95743 -8.83233,-19.43189 -16.42047,-19.43189 -2.14118,0 -2.46963,-0.55584 -1.8313,-3.09916 0.59517,-2.37137 -0.0656,-3.89541 -2.81377,-6.48986 -4.26076,-4.02241 -21.66889,-15.63581 -23.43761,-15.63581 -0.6789,0 -0.91504,-0.83214 -0.52476,-1.8492 0.39029,-1.01706 15.34943,-18.66572 33.24254,-39.21924 17.89307,-20.55353 33.52717,-38.93193 34.74227,-40.84088 2.3797,-3.73829 4.8565,-14.66386 3.8933,-17.17379 -0.324,-0.8445 -3.1451,-2.51156 -6.2689,-3.70458 -5.2264,-1.99595 -5.4911,-2.30129 -3.3158,-3.82488 1.3001,-0.91067 4.3182,-2.16181 6.7067,-2.78029 4.1466,-1.07372 4.4114,-1.49133 5.8605,-9.24324 3.2203,-17.22698 1.2436,-34.93178 -5.3536,-47.95077 -6.2556,-12.34495 -6.2597,-12.10997 0.2584,-14.99325 8.9003,-3.93701 12.8502,-3.38243 22.0395,3.09438 4.4132,3.11056 11.2758,7.79292 15.2501,10.40525 3.9742,2.61232 7.2377,5.30077 7.2521,5.97434 0.014,0.67357 -3.1828,4.46751 -7.1049,8.43097 -8.7466,8.83877 -8.9941,11.62398 -1.9623,22.07665 6.772,10.06646 15.0288,28.72751 16.0944,36.37477 0.4834,3.46842 2.1643,9.42778 3.7355,13.24304 1.5712,3.81526 3.2563,10.45835 3.7447,14.76243 1.1812,10.40824 2.7405,11.57123 10.4126,7.766 7.0187,-3.48117 13.4223,-12.08433 14.6337,-19.66037 0.7501,-4.69085 1.487,-5.38444 13.6191,-12.81833 l 12.826,-7.85914 6.7785,4.66852 c 8.1602,5.62015 8.9782,6.76074 6.2692,8.74161 -2.7287,1.99529 -2.6434,3.06937 0.8728,10.98484 3.1012,6.98125 19.9381,26.20673 22.9508,26.20673 0.9324,0 5.0424,-3.09875 9.1332,-6.88611 4.9692,-4.60065 7.8573,-6.4666 8.7018,-5.62213 0.8444,0.84446 1.7998,0.61833 2.8784,-0.68135 0.888,-1.06992 2.6979,-1.94532 4.0221,-1.94532 1.3242,0 2.7343,-0.85133 3.1336,-1.89186 0.4779,-1.24535 2.45,-1.89186 5.771,-1.89186 3.9662,0 4.8897,-0.40452 4.319,-1.89186 -0.3993,-1.04053 -0.2218,-1.89187 0.3945,-1.89187 0.6163,0 4.0998,-3.12157 7.7411,-6.93683 3.6412,-3.81525 7.6092,-6.93683 8.8177,-6.93683 2.4655,0 8.7276,6.81796 8.7276,9.50232 0,0.95773 2.0219,3.32631 4.4931,5.26351 2.4712,1.9372 6.0468,5.7945 7.9457,8.57177 3.124,4.56892 3.5962,6.91772 2.8587,14.21754 -0.089,0.88536 -2.6714,4.11854 -5.7377,7.18484 -3.7434,3.74343 -5.3754,6.33868 -4.9674,7.89917 0.3381,1.29277 -0.4061,3.2416 -1.677,4.39176 -2.1883,1.98039 -2.815,2.24746 -5.274,2.24746 -0.6035,0 -1.8327,2.6959 -2.7315,5.9909 -0.8988,3.29499 -2.3914,7.11041 -3.317,8.47871 -0.9256,1.36828 -1.6828,4.22169 -1.6828,6.34088 0,2.11919 -0.9805,5.25638 -2.1788,6.9715 -3.0545,4.37206 -9.2294,9.37944 -11.5965,9.404 -1.2925,0.0134 -2.0102,1.19263 -2.0471,3.3637 -0.031,1.83869 -0.7877,4.22371 -1.681,5.30006 -0.8933,1.07634 -1.7883,3.45193 -1.9888,5.27909 -0.4999,4.55362 -3.9304,7.93383 -5.9759,5.8883 -2.3811,-2.38112 -5.5322,-1.80296 -8.7684,1.60881 -1.6336,1.72223 -3.9299,3.14112 -5.1029,3.15311 -1.173,0.0126 -2.4227,0.49086 -2.777,1.06416 -1.13,1.82838 0.7227,6.52508 2.5739,6.52508 0.9814,0 2.1111,0.85134 2.5103,1.89186 0.3993,1.04053 1.5166,1.89187 2.483,1.89187 0.9663,0 1.7569,0.56755 1.7569,1.26124 0,0.69368 -0.8514,1.26124 -1.8919,1.26124 -1.0405,0 -1.8919,0.58161 -1.8919,1.29246 0,0.71085 -1.4738,1.8528 -3.2751,2.53767 -1.8013,0.68486 -3.5676,2.36366 -3.9251,3.73066 -0.8486,3.24494 -7.4403,6.485 -11.2487,5.52915 -1.8007,-0.45196 -2.9922,-0.19434 -2.9922,0.64699 0,2.27501 -2.5897,1.63836 -10.9341,-2.68802 -6.8452,-3.54906 -7.7863,-4.46277 -7.1612,-6.95322 0.8034,-3.20103 -1.4019,-6.61817 -4.2712,-6.61817 -1.4532,0 -1.6955,0.97163 -1.0716,4.2975 0.8892,4.73981 -0.7951,6.28665 -4.6721,4.29088 -1.2402,-0.63837 -3.3681,-0.80734 -4.7287,-0.37551 -1.8716,0.59404 -2.7736,-0.003 -3.7049,-2.45261 -1.5552,-4.09039 -4.4738,-4.10689 -10.4309,-0.059 -2.5729,1.74836 -6.5357,3.49702 -8.8061,3.88593 -6.7516,1.15649 -9.8037,3.16581 -9.8037,6.45404 0,1.65144 -0.787,4.53521 -1.7488,6.4084 -0.9618,1.87318 -2.7541,7.00601 -3.9829,11.40628 -2.5444,9.11092 -1.6207,10.8955 5.0091,9.67797 4.5804,-0.84118 4.6126,-0.875 5.6465,-5.93013 0.5444,-2.66169 2.2614,-5.09781 4.7977,-6.80705 4.388,-2.95707 18.8334,-6.48399 20.2641,-4.94758 0.5031,0.54024 0.242,1.22336 -0.5801,1.51807 -0.8222,0.29468 -3.2726,2.08793 -5.4454,3.98499 -3.4814,3.03964 -3.9029,4.11015 -3.5501,9.01589 0.3379,4.69909 0.8772,5.67823 3.4599,6.28237 3.5055,0.81994 5.1137,3.79919 2.0509,3.79919 -1.1201,0 -2.4099,0.99322 -2.8662,2.20717 -0.4563,1.21394 -2.7087,5.15959 -5.0054,8.7681 -4.1769,6.56286 -5.2704,10.4659 -2.9323,10.4659 0.6838,0 2.7457,-2.27024 4.5819,-5.04497 3.5895,-5.42408 4.617,-5.81075 8.9884,-3.3825 2.828,1.57092 2.8245,1.58115 -2.5225,7.40579 -4.9032,5.34128 -6.2803,6.05507 -16.3446,8.47215 -10.3071,2.47541 -29.6586,3.40962 -36.9369,1.78317 v 0 z"
   sodipodi:nodetypes="ccssscsssssssssssssssssscsssssssssssssssssscsssssssscssssssssssssssssscsssssssssssssscsssssssssssssssssssssssssssssssssssssssscs" /></g></svg>
