<svg
   version="1.1"
   id="Layer_1"
   x="0px"
   y="0px"
   width="2382.75px"
   height="1684.49px"
   viewBox="0 0 2382.75 1684.49"
   enable-background="new 0 0 2382.75 1684.49"
   xml:space="preserve"
   inkscape:version="1.4.4 (dcaf3e7, 2026-05-05)"
   sodipodi:docname="Electoral_boundaries_during_the_Singapore_general_elections_2015 1.svg"
   xmlns:inkscape="http://www.inkscape.org/namespaces/inkscape"
   xmlns:sodipodi="http://sodipodi.sourceforge.net/DTD/sodipodi-0.dtd"
   xmlns:xlink="http://www.w3.org/1999/xlink"
   xmlns="http://www.w3.org/2000/svg"
   xmlns:svg="http://www.w3.org/2000/svg"
   xmlns:rdf="http://www.w3.org/1999/02/22-rdf-syntax-ns#"
   xmlns:cc="http://creativecommons.org/ns#"
   xmlns:dc="http://purl.org/dc/elements/1.1/"><metadata
     id="metadata20745"><rdf:RDF><cc:Work
         rdf:about=""><dc:format>image/svg+xml</dc:format><dc:type
           rdf:resource="http://purl.org/dc/dcmitype/StillImage" /></cc:Work></rdf:RDF></metadata><defs
     id="defs20743"></defs><sodipodi:namedview
     pagecolor="#ffffff"
     bordercolor="#666666"
     borderopacity="1"
     objecttolerance="10"
     gridtolerance="10"
     guidetolerance="10"
     inkscape:pageopacity="0"
     inkscape:pageshadow="2"
     inkscape:window-width="2560"
     inkscape:window-height="1334"
     id="namedview20741"
     showgrid="false"
     inkscape:zoom="0.70710678"
     inkscape:cx="1053.5891"
     inkscape:cy="762.96821"
     inkscape:window-x="-11"
     inkscape:window-y="-11"
     inkscape:window-maximized="1"
     inkscape:current-layer="layer8"
     inkscape:showpageshadow="2"
     inkscape:pagecheckerboard="0"
     inkscape:deskcolor="#d1d1d1"
     showguides="true" /><g
     inkscape:groupmode="layer"
     id="layer8"
     inkscape:label="Seats"
     style="display:inline"><path
   style="opacity:1;fill:#ff8080;stroke:#ff8080;stroke-width:0.99343085;stroke-linejoin:miter;stroke-miterlimit:4;stroke-dasharray:none;stroke-opacity:1"
   d="m 1401.4794,641.86468 c -0.2491,-1.87826 -0.9208,-4.31971 -1.4926,-5.42545 -1.2765,-2.46839 -7.4156,-9.04755 -8.421,-9.0246 -0.4024,0.009 -3.5406,2.63366 -6.9737,5.83218 l -6.2419,5.81547 -4.9578,-5.18927 -4.9578,-5.18927 -0.059,-4.96269 -0.059,-4.96269 2.7421,0.41038 c 2.6812,0.40125 2.7595,0.3579 3.5217,-1.95168 0.4548,-1.3781 1.897,-3.24709 3.4621,-4.48667 1.4754,-1.16855 4.19,-4.19719 6.0324,-6.73031 l 3.3499,-4.60569 3.8572,4.0532 c 2.9684,3.11921 3.8572,4.51761 3.8572,6.06854 0,2.83988 1.6326,3.22327 4.0133,0.94246 1.071,-1.02611 1.9496,-2.18244 1.9525,-2.56961 0,-0.38717 0.7479,-1.04845 1.6557,-1.4695 0.9403,-0.43613 1.6505,-0.49584 1.6505,-0.13875 0,1.06926 2.8528,4.54688 3.7299,4.54688 0.4574,0 3.9286,-2.90579 7.7138,-6.4573 3.7852,-3.55152 11.8716,-11.07676 17.9699,-16.72275 6.0982,-5.646 11.3267,-10.6854 11.6188,-11.19866 0.4308,-0.75691 1.1406,-0.55874 3.7573,1.04901 1.7744,1.09022 3.3288,2.5112 3.4542,3.15773 0.5024,2.59036 -2.1421,7.2306 -7.1522,12.5495 -5.7072,6.05901 -8.9752,11.43465 -12.676,20.85106 l -2.5052,6.37457 -8.6103,8.27859 c -7.0979,6.8244 -8.7338,8.75683 -9.3134,11.00115 -0.6896,2.67067 -0.7693,2.73051 -4.1793,3.1401 -6.3655,0.76459 -6.2337,0.82299 -6.739,-2.98593 z"
   id="Hougang-SMC"
   inkscape:connector-curvature="0"
   inkscape:label="Hougang-SMC" /><path
   style="opacity:1;fill:#ff8080;stroke:#ff8080;stroke-width:0.99343085;stroke-linejoin:miter;stroke-miterlimit:4;stroke-dasharray:none;stroke-opacity:1"
   d="m 1430.7035,553.51014 -3.1792,-2.50441 5.283,-4.8612 c 7.1101,-6.54249 7.8565,-7.89372 8.7477,-15.8355 0.6856,-6.10927 0.6181,-7.12624 -0.9845,-14.83018 -2.5382,-12.20117 -2.386,-13.27212 2.5899,-18.22421 1.0959,-1.09066 2.9115,-3.14931 4.0346,-4.57479 l 2.042,-2.59177 4.5752,3.21279 c 5.6673,3.97972 14.1642,12.46341 24.1951,24.15738 4.2181,4.91748 9.7995,11.39387 12.4031,14.39198 2.6036,2.9981 4.7339,5.58155 4.7339,5.74099 0,0.15945 -1.0464,0.93657 -2.3252,1.72695 -2.5568,1.5802 -6.1319,1.57349 -13.8543,-0.026 -2.9535,-0.61172 -5.1704,-0.63719 -8.9409,-0.10272 -9.406,1.33328 -15.0757,5.15 -16.6197,11.18793 -0.8763,3.42717 -0.9012,3.45157 -4.2409,4.16786 -1.8477,0.39629 -6.0417,0.889 -9.32,1.09492 l -5.9606,0.37439 -3.1792,-2.50441 z"
   id="Punggol-East-SMC"
   inkscape:connector-curvature="0"
   inkscape:label="Punggol-East-SMC" /><path
   style="opacity:1;fill:#ff8080;stroke:#ff8080;stroke-width:0.99343085;stroke-linejoin:miter;stroke-miterlimit:4;stroke-dasharray:none;stroke-opacity:1"
   d="m 1388.4858,532.11124 c -1.6557,-0.64705 -10.4713,-5.8359 -19.5901,-11.53078 -9.1188,-5.69488 -17.365,-10.6529 -18.3249,-11.01783 -2.3502,-0.89356 -2.7086,-0.12513 -2.1684,4.64932 0.3949,3.49042 0.2276,4.36215 -1.5529,8.09282 l -1.9954,4.18104 -5.0083,-1.0201 c -4.0034,-0.8154 -5.269,-0.85732 -6.3073,-0.20891 -0.7144,0.44615 -2.3656,0.81118 -3.6694,0.81118 -1.3038,0 -2.9101,0.28875 -3.5695,0.64166 -1.0219,0.54688 -1.3633,0.21133 -2.3116,-2.27193 -1.0425,-2.7296 -1.042,-3.61111 0.01,-13.95997 0.8965,-8.8436 0.9672,-11.72831 0.3545,-14.46604 -0.5211,-2.32831 -0.623,-7.04012 -0.3193,-14.76408 l 0.446,-11.34443 16.9529,-0.27486 c 16.9581,-0.27494 29.8857,0.19839 40.4641,1.48155 8.5306,1.03478 30.1096,4.0693 30.3146,4.26297 0.099,0.0938 -3.132,9.82494 -7.1807,21.62471 -4.0487,11.79977 -8.4718,24.71443 -9.8292,28.69924 -1.3574,3.98482 -2.7455,7.32293 -3.0847,7.41801 -0.3393,0.0951 -1.9716,-0.35652 -3.6274,-1.00357 z"
   id="Sengkang-West-SMC"
   inkscape:connector-curvature="0"
   inkscape:label="Sengkang-West-SMC" /><path
   style="opacity:1;fill:#ff8080;stroke:#ff8080;stroke-width:0.99343085;stroke-linejoin:miter;stroke-miterlimit:4;stroke-dasharray:none;stroke-opacity:1"
   d="m 1320.1338,827.88546 c -1.2131,-1.17288 -4.8756,-5.99145 -8.139,-10.70792 -10.6606,-15.40728 -18.7357,-22.06349 -31.3458,-25.83786 -2.8727,-0.85983 -7.7575,-2.68819 -10.8553,-4.06303 l -5.6322,-2.49971 -0.4031,-3.35434 c -0.2217,-1.84488 -0.4275,-8.56984 -0.4572,-14.94436 -0.074,-15.77474 -0.4715,-18.239 -3.328,-20.61252 -3.3703,-2.80054 -4.431,-2.95507 -6.5234,-0.95042 -1.6891,1.61823 -1.8903,1.66383 -2.7526,0.62405 -1.9534,-2.35531 -4.8773,-2.90345 -15.4884,-2.90345 -12.514,0 -13.1257,-0.23305 -11.8385,-4.51015 0.4942,-1.64204 0.8985,-4.22521 0.8985,-5.74038 l 0,-2.75485 9.4376,-0.16281 c 18.6631,-0.32196 28.8985,-1.22325 34.4642,-3.03475 2.8368,-0.92335 5.8171,-1.67822 6.6228,-1.67749 0.8057,7.2e-4 5.2836,1.49087 9.9508,3.31143 8.5565,3.33768 11.398,3.88027 13.7443,2.62453 1.235,-0.66094 1.2811,-0.3859 1.2811,7.65168 l 0,8.33728 8.2445,-0.13387 c 7.0221,-0.11402 8.5196,0.046 10.0999,1.07911 2.1401,1.39915 12.2578,9.61935 12.8475,10.43803 0.2176,0.30207 1.3604,4.92668 2.5396,10.27691 2.6494,12.02121 3.9835,16.95991 7.9947,29.59632 3.2662,10.2894 6.2464,21.45708 5.8358,21.86778 -0.2224,0.22238 -14.0435,5.90383 -21.5412,8.85498 l -3.451,1.35832 -2.2056,-2.13251 z"
   id="Potong-Pasir-SMC"
   inkscape:connector-curvature="0"
   inkscape:label="Potong-Pasir-SMC" /><path
   style="opacity:1;fill:#ff8080;stroke:#ff8080;stroke-width:0.99343085;stroke-linejoin:miter;stroke-miterlimit:4;stroke-dasharray:none;stroke-opacity:1"
   d="m 1351.6951,842.78359 c -0.028,-16.44838 -1.3714,-23.31753 -10.2903,-52.60726 -1.1888,-3.90404 -2.0117,-7.24801 -1.8287,-7.43102 0.6472,-0.6472 41.3301,-9.48368 41.7597,-9.07035 0.447,0.43013 7.0865,32.95722 8.5166,41.72266 l 0.7957,4.87727 3.1127,-0.41292 3.1127,-0.41291 2.1907,12.29112 c 1.2048,6.76011 2.0812,12.38144 1.9474,12.49183 -0.582,0.48024 -7.4959,1.8766 -26.4036,5.33251 -11.1099,2.03065 -20.806,3.82642 -21.547,3.99061 -1.3124,0.2908 -1.3477,0.0122 -1.3659,-10.77154 z"
   id="MacPherson-SMC"
   inkscape:connector-curvature="0"
   inkscape:label="MacPherson-SMC" /><path
   style="opacity:1;fill:#ff8080;stroke:#ff8080;stroke-width:0.99343085;stroke-linejoin:miter;stroke-miterlimit:4;stroke-dasharray:none;stroke-opacity:1"
   d="m 1615.0147,802.55186 c -0.4693,-2.74351 -1.0782,-5.12721 -1.3531,-5.29712 -0.275,-0.16991 -2.7958,0.16586 -5.6018,0.74617 -2.8061,0.5803 -5.3297,0.80329 -5.608,0.49554 -0.2784,-0.30776 -1.034,-3.34177 -1.6793,-6.74225 -0.7007,-3.69314 -1.5356,-6.32177 -2.0732,-6.52809 -0.4951,-0.18998 -2.7433,-0.0207 -4.996,0.37606 -2.2528,0.39681 -4.2246,0.59281 -4.3818,0.43555 -0.489,-0.48897 -4.2722,-20.27652 -3.9401,-20.60853 0.1726,-0.17264 4.7968,-0.0129 10.276,0.35497 10.8256,0.72684 13.9661,0.28089 17.9376,-2.54711 l 1.9842,-1.41283 16.7734,3.32828 c 9.2254,1.83055 17.4242,3.47447 18.2196,3.65316 1.7124,0.3847 13.7047,17.26068 13.2001,18.57565 -0.9554,2.48968 -7.9065,6.29488 -19.2822,10.55557 -13.3728,5.00864 -26.7006,9.60317 -27.857,9.60317 -0.4355,0 -1.1328,-2.14937 -1.6184,-4.98819 z"
   id="Fengshan-SMC"
   inkscape:connector-curvature="0"
   inkscape:label="Fengshan-SMC" /><path
   style="opacity:1;fill:#ff8080;stroke:#ff8080;stroke-width:0.99343085;stroke-linejoin:miter;stroke-miterlimit:4;stroke-dasharray:none;stroke-opacity:1"
   d="m 1069.2936,1072.3097 c -7.8762,-4.8863 -10.5207,-6.4263 -17.2195,-10.0268 -3.8247,-2.0557 -9.5347,-5.3301 -12.689,-7.2764 l -5.735,-3.5387 1.1777,-2.6304 c 0.6477,-1.4466 2.5903,-3.8027 4.317,-5.2357 10.328,-8.5713 13.7688,-12.9334 18.676,-23.6767 1.6944,-3.7096 3.7983,-7.8905 4.6754,-9.2909 0.8771,-1.4004 1.4987,-2.6313 1.3813,-2.7354 -0.1173,-0.1041 -4.2367,-2.6582 -9.1542,-5.6757 -4.9175,-3.01752 -9.0144,-5.53577 -9.1042,-5.59611 -0.09,-0.0603 0.2544,-1.57604 0.7649,-3.36822 0.5105,-1.79217 1.1271,-4.69638 1.3703,-6.45381 0.3928,-2.83864 0.294,-3.23404 -0.8847,-3.54227 -2.1889,-0.57243 -2.303,-2.26316 -0.2822,-4.18492 1.0143,-0.96463 3.4165,-3.47616 5.3382,-5.58118 l 3.494,-3.8273 2.4666,1.88198 c 2.073,1.58169 3.2281,1.92051 7.2395,2.12342 l 4.7729,0.24144 0.1942,4.39949 0.1942,4.3995 2.6492,0.21448 c 1.457,0.11796 3.1768,0.69128 3.8218,1.27404 1.1154,1.00774 1.0899,1.14601 -0.5207,2.82711 -1.6351,1.70663 -4.2945,7.6237 -4.2945,9.55488 0,0.51793 0.6705,1.13859 1.4901,1.37925 0.8196,0.24066 6.3094,2.55272 12.1996,5.13792 l 10.7095,4.7003 -0.1129,2.6886 c -0.1019,2.4284 0.094,2.7848 2.0239,3.6821 2.2559,1.0488 2.5461,2.3104 0.5326,2.3152 -0.6578,0 -1.5274,0.5424 -1.9326,1.2019 -0.6105,0.9937 -0.3964,1.4963 1.2501,2.9335 1.0928,0.9539 1.9134,1.9758 1.8236,2.2709 -0.09,0.2951 2.369,2.6815 5.4639,5.3032 3.0949,2.6216 5.6271,4.9914 5.6271,5.2661 0,0.2748 -0.3362,0.7074 -0.7471,0.9613 -0.4943,0.3055 -0.6111,1.7624 -0.3453,4.3056 l 0.4018,3.8438 -4.4563,3.7526 c -2.4509,2.064 -6.0209,4.4617 -7.9333,5.3284 l -3.477,1.5757 0,4.3396 c 0,4.2561 0.8717,6.7961 3.6468,10.6263 0.9128,1.2599 0.8595,1.4989 -0.6507,2.9177 -1.9735,1.854 -5.1423,2.4437 -16.2418,3.0224 l -8.2786,0.4317 -3.6426,-2.2599 z"
   id="Radin-Mas-SMC"
   inkscape:connector-curvature="0"
   inkscape:label="Radin-Mas-SMC" /><path
   style="opacity:1;fill:#ff8080;stroke:#ff8080;stroke-width:0.99343085;stroke-linejoin:miter;stroke-miterlimit:4;stroke-dasharray:none;stroke-opacity:1"
   d="m 498.99461,764.55291 -3.1467,-0.39267 3.94998,-4.55991 c 3.20154,-3.69589 3.82848,-4.78694 3.30871,-5.75812 -0.3527,-0.65903 -0.93769,-1.38143 -1.29999,-1.60534 -1.16453,-0.71972 -0.77413,-3.64038 0.4866,-3.64038 1.96461,0 7.01517,-3.96103 9.78241,-7.6721 1.45703,-1.95399 2.8555,-3.56037 3.1077,-3.56974 0.2522,-0.009 1.81972,1.5596 3.48338,3.4866 l 3.02482,3.50365 15.68932,-2.85811 c 9.00044,-1.6396 16.13841,-3.26454 16.74272,-3.81144 0.57938,-0.52433 1.59261,-2.45277 2.25162,-4.28543 0.91702,-2.55014 1.87476,-3.7887 4.0811,-5.27775 l 2.88289,-1.94563 3.58316,5.41996 c 3.86695,5.8492 5.32436,8.39944 4.97837,8.7113 -0.12057,0.10868 -1.7923,0.86855 -3.71494,1.6886 -4.28165,1.82621 -5.51619,3.49353 -8.14988,11.00681 -2.89963,8.27194 -3.6835,9.74939 -5.85234,11.03056 -1.72111,1.01669 -4.42418,1.11947 -26.9775,1.02585 -13.7856,-0.0572 -26.48074,-0.28075 -28.21143,-0.49671 z"
   id="Pioneer-SMC"
   inkscape:connector-curvature="0"
   inkscape:label="Pioneer-SMC" /><path
   style="opacity:1;fill:#ff8080;stroke:#ff8080;stroke-width:0.99343085;stroke-linejoin:miter;stroke-miterlimit:4;stroke-dasharray:none;stroke-opacity:1"
   d="m 734.27298,725.31282 c -7.57689,-3.93665 -9.69864,-4.74158 -13.90803,-5.27629 -2.73193,-0.34703 -7.10054,-0.90947 -9.70801,-1.24986 -4.53203,-0.59165 -9.49832,-2.35164 -9.49832,-3.36609 0,-0.26317 0.80987,-2.03949 1.79971,-3.94736 1.34425,-2.59098 1.80517,-4.44993 1.82129,-7.34552 l 0.0216,-3.87666 7.14086,-7.6e-4 c 8.47548,-9e-4 10.92028,-0.81689 13.53033,-4.51593 2.72732,-3.86524 5.16264,-5.21029 11.1186,-6.14089 6.17034,-0.96409 15.17706,-0.85598 17.16385,0.20603 0.7591,0.40576 2.58237,1.97406 4.05171,3.4851 3.76235,3.86915 10.31196,8.16194 16.31684,10.69447 7.1918,3.03312 8.18115,3.81031 11.93827,9.37812 l 3.32979,4.93454 -2.28284,2.28284 c -3.60809,3.60809 -5.47079,3.69855 -15.76193,0.76551 -11.04281,-3.14728 -18.14268,-3.54442 -18.88496,-1.05636 -0.41609,1.39472 -8.13156,9.82471 -8.89758,9.72158 -0.19265,-0.0259 -4.37367,-2.13755 -9.29116,-4.69247 z"
   id="Bukit-Batok-SMC"
   inkscape:connector-curvature="0"
   inkscape:label="Bukit-Batok-SMC" /><path
   style="opacity:1;fill:#ff8080;stroke:#ff8080;stroke-width:0.99343085;stroke-linejoin:miter;stroke-miterlimit:4;stroke-dasharray:none;stroke-opacity:1"
   d="m 872.02489,621.93406 c -0.005,-11.84051 -0.70393,-15.62906 -4.10733,-22.26946 l -2.84285,-5.5467 -15.89489,-9.81745 c -8.7422,-5.3996 -16.33061,-10.08162 -16.86315,-10.40449 -0.79901,-0.48443 -0.46343,-1.4368 1.91989,-5.4485 l 2.88814,-4.86147 -1.91989,-1.54078 c -1.05594,-0.84743 -2.46868,-1.71797 -3.13944,-1.93453 -0.79277,-0.25595 -1.10669,-0.82532 -0.89704,-1.627 0.17737,-0.67829 3.70441,-6.85913 7.83785,-13.7352 l 7.51534,-12.50196 5.43596,3.36449 c 2.98978,1.85047 5.72148,3.99112 6.07043,4.757 1.35213,2.96759 1.56651,8.59676 0.48777,12.80749 -0.5815,2.26983 -1.05727,4.24148 -1.05727,4.38145 0,0.13996 3.03679,0.33941 6.74843,0.44322 l 6.74843,0.18874 0.89325,3.64258 c 1.22446,4.99326 6.9987,26.02461 10.45542,38.08152 2.57971,8.99792 6.28197,25.24803 6.28197,27.57309 0,0.65516 -1.90657,1.27195 -6.4573,2.089 -3.55152,0.63765 -7.27689,1.15371 -8.2786,1.14681 l -1.82128,-0.0126 -0.004,-8.7753 z"
   id="Bukit-Panjang-SMC"
   inkscape:connector-curvature="0"
   inkscape:label="Bukit-Panjang-SMC" /><path
   style="opacity:1;fill:#ff8080;stroke:#ff8080;stroke-width:0.99343085;stroke-linejoin:miter;stroke-miterlimit:4;stroke-dasharray:none;stroke-opacity:1"
   d="m 716.51854,782.40501 c -16.44007,-11.72734 -18.91355,-13.78039 -23.54301,-19.54121 -7.08531,-8.81686 -8.65388,-15.02635 -5.36045,-21.22044 0.92898,-1.74718 1.55502,-3.52599 1.3912,-3.95291 -0.42369,-1.10411 -15.8118,-12.12675 -18.49411,-13.24749 -1.22972,-0.51381 -4.22526,-1.28064 -6.65675,-1.70407 l -4.42089,-0.76986 0,-11.1909 0,-11.1909 2.33927,0 c 3.27105,0 6.49265,1.49548 8.10771,3.76361 0.75452,1.05964 1.84368,4.41385 2.42035,7.4538 1.28534,6.77576 2.88662,9.51649 6.48172,11.09401 1.50383,0.65988 5.53167,2.62225 8.95074,4.36083 5.89092,2.99549 7.46372,3.34409 7.46372,1.65427 0,-1.03657 4.08457,-9.78255 4.56848,-9.78214 0.21927,1.8e-4 2.03783,0.62832 4.04125,1.39585 2.19718,0.84176 6.36034,1.6169 10.49164,1.95343 3.76699,0.30686 8.38644,1.06072 10.26546,1.67524 4.41977,1.44547 8.38354,3.4453 8.38354,4.22973 0,0.92122 -15.62945,21.76544 -18.75757,25.01604 -1.66088,1.72591 -2.46196,3.03738 -2.07411,3.3956 0.34756,0.32099 2.27108,1.11437 4.2745,1.76306 3.9744,1.28688 4.92214,2.18294 10.10372,9.55271 2.15798,3.0693 5.49466,6.59061 8.81156,9.29914 l 5.3384,4.35924 -4.22195,5.60232 c -2.32207,3.08128 -4.43164,5.81627 -4.68792,6.07775 -0.25629,0.26148 -7.10371,-4.25955 -15.2165,-10.04671 z"
   id="Yuhua-SMC"
   inkscape:connector-curvature="0"
   inkscape:label="Yuhua-SMC" /><path
   style="opacity:1;fill:#ff8080;stroke:#ff8080;stroke-width:0.99343085;stroke-linejoin:miter;stroke-miterlimit:4;stroke-dasharray:none;stroke-opacity:1"
   d="m 1319.9366,1005.1482 c -5.2309,-3.9131 -15.2076,-14.07868 -20.1345,-20.51577 -9.0014,-11.76051 -15.8512,-26.41433 -18.5736,-39.73459 -1.1937,-5.84055 -1.3687,-7.96509 -0.8666,-10.51611 0.7558,-3.84021 2.2836,-5.12441 4.1196,-3.46284 2.506,2.26796 17.859,1.10062 21.1201,-1.60583 0.701,-0.58182 1.2102,-0.48775 2.1979,0.40607 1.8854,1.70635 4.0619,0.85066 6.5112,-2.55995 1.162,-1.61809 2.1127,-3.15371 2.1127,-3.4125 0,-0.25878 -1.3001,-1.61497 -2.8892,-3.01376 -4.8086,-4.23267 -6.884,-9.49808 -6.2206,-15.78187 0.1481,-1.4032 -0.24,-1.71203 -3.1425,-2.50027 -1.8213,-0.49463 -4.4471,-0.73639 -5.8352,-0.53724 -4.2041,0.60317 -4.1115,-0.35025 0.3068,-3.16029 8.788,-5.58917 9.5593,-5.84713 19.0278,-6.36395 10.2064,-0.5571 11.0759,-0.98832 14.4724,-7.17806 1.5458,-2.81713 2.8802,-4.34707 4.4349,-5.08479 2.8277,-1.34184 44.4813,-10.15841 45.0947,-9.54495 0.1148,0.11482 0.9526,3.13816 1.8618,6.71854 0.9091,3.58038 1.8408,6.69754 2.0702,6.92702 0.2295,0.22948 5.2619,-0.53962 11.1831,-1.70909 9.3479,-1.84628 12.1356,-2.12632 21.1664,-2.12632 l 10.4006,0 6.1155,12.25231 c 3.3636,6.73877 6.4265,12.25231 6.8065,12.25231 0.38,0 1.7588,2.16071 3.064,4.80158 1.8651,3.77387 2.2197,5.04353 1.6568,5.93195 -0.5717,0.90226 0.1164,2.8312 3.4096,9.55919 2.9737,6.0753 3.9012,8.5676 3.3216,8.92579 -0.4422,0.27332 -2.2792,0.69984 -4.0821,0.9478 -6.6651,0.91669 -25.7695,8.59059 -29.7729,11.95931 l -1.9005,1.59911 -1.8624,-1.99375 c -1.1468,-1.22758 -2.5239,-1.99374 -3.5836,-1.99374 -2.2262,0 -2.2756,1.70411 -0.065,2.25882 2.2386,0.56187 2.0878,1.51474 -0.3236,2.04437 -1.0886,0.2391 -2.1432,0.70006 -2.3437,1.02436 -0.2004,0.32431 -1.189,0.42472 -2.1969,0.22315 -1.471,-0.2942 -3.0148,0.42434 -7.8256,3.64227 -3.2963,2.20482 -7.5204,5.38184 -9.387,7.06006 -2.3136,2.08015 -3.7729,2.93096 -4.5851,2.67319 -1.9631,-0.62309 -9.2093,4.17704 -14.576,9.65569 -4.2074,4.29523 -5.3918,5.13443 -7.7443,5.4872 -2.7866,0.41788 -8.0802,3.47993 -11.4624,6.63038 -0.9958,0.92749 -4.1947,3.95319 -7.1087,6.72377 -2.9141,2.77058 -8.7839,7.38514 -13.0441,10.25463 l -7.7457,5.2171 -3.182,-2.3803 0,0 z"
   id="Mountbatten-SMC"
   inkscape:connector-curvature="0"
   inkscape:label="Mountbatten-SMC" /><path
   style="opacity:1;fill:#ff8080;stroke:#ff8080;stroke-width:0.99343085;stroke-linejoin:miter;stroke-miterlimit:4;stroke-dasharray:none;stroke-opacity:1"
   d="m 529.68771,717.56479 c -2.91442,-4.54173 -4.05588,-5.38051 -7.94963,-5.84167 -3.27021,-0.38731 -3.4178,-0.48889 -3.09784,-2.13199 0.18479,-0.94892 0.53168,-3.51348 0.77089,-5.69903 0.2902,-2.65151 0.89552,-4.47711 1.81921,-5.48658 1.32044,-1.44308 1.81333,-1.51064 10.68511,-1.46489 8.36093,0.0431 13.69263,-0.53102 14.74996,-1.58835 0.20738,-0.20739 -0.46842,-1.59709 -1.50178,-3.08823 -1.82698,-2.63633 -9.47116,-8.46005 -23.81599,-18.14421 -11.98782,-8.09294 -12.41386,-8.71247 -18.6897,-27.17724 -2.49548,-7.34222 -3.48291,-11.17054 -3.22011,-12.48457 0.20847,-1.04235 1.47113,-4.10488 2.80592,-6.80564 2.24252,-4.53743 2.4877,-5.62664 3.22746,-14.33806 0.56489,-6.65222 1.31878,-11.02544 2.56086,-14.85525 l 1.76029,-5.42765 4.39841,1.65555 c 2.41912,0.91056 4.93272,1.94152 5.58577,2.29102 0.65305,0.3495 7.97937,1.09661 16.2807,1.66022 16.43023,1.11554 17.66239,1.41643 22.62242,5.5243 5.59341,4.63244 10.87515,3.89936 20.5847,-2.85705 8.42923,-5.8655 9.21872,-6.19141 21.74655,-8.97711 l 12.05605,-2.6808 19.04449,-0.007 c 10.47447,-0.004 20.13973,-0.18838 21.47835,-0.40973 1.8208,-0.30107 5.20849,-2.63476 13.44913,-9.26473 6.05839,-4.87426 11.21387,-8.86229 11.45663,-8.86229 0.24275,0 3.0529,2.75677 6.24477,6.12616 l 5.8034,6.12616 0.0101,3.97372 c 0.006,2.2965 0.86415,7.1884 2.03345,11.59003 1.11283,4.18896 2.31708,8.73801 2.67613,10.109 0.46016,1.75702 1.383,2.9759 3.12687,4.12994 2.25846,1.49458 2.69381,2.31617 4.99604,9.42847 1.3871,4.28518 3.1504,8.6771 3.91844,9.75984 0.76805,1.08274 2.48026,5.40416 3.8049,9.60316 1.51148,4.79127 2.77287,7.70521 3.38697,7.82426 0.58185,0.1128 4.17743,-3.73892 8.8694,-9.50124 5.28241,-6.48745 10.41447,-11.90141 15.52504,-16.37785 4.19879,-3.67779 8.41554,-7.39367 9.37056,-8.25751 l 1.73639,-1.5706 4.92878,4.84415 c 3.51853,3.45812 5.14519,5.60213 5.68515,7.4933 0.41601,1.45703 0.96391,8.08818 1.21758,14.73589 l 0.46119,12.08674 -3.79439,0 c -3.33081,0 -4.03652,0.24213 -5.77625,1.98187 -1.9628,1.96279 -1.9775,2.03199 -1.52749,7.19087 l 0.45439,5.209 -4.05101,0.45832 -4.05102,0.45832 0,3.51086 c 0,4.05329 0.89934,7.05864 3.08809,10.31956 0.85136,1.2684 1.54792,2.64119 1.54792,3.05065 0,0.44931 -2.03492,0.91842 -5.13273,1.18323 -2.823,0.24132 -7.21893,0.87443 -9.76873,1.40691 -4.39074,0.91693 -4.84691,1.19265 -8.62219,5.21173 l -3.98617,4.24358 -7.27271,0.43574 c -3.99999,0.23965 -8.1668,0.49655 -9.25957,0.57088 l -1.98686,0.13515 0.22512,4.11526 c 0.18147,3.31715 -0.10043,4.82638 -1.45351,7.78188 -0.92324,2.01664 -2.03468,3.66661 -2.46984,3.66661 -0.43518,0 -5.29465,-4.57468 -10.79882,-10.16596 -11.88014,-12.06816 -13.40745,-13.30605 -24.51322,-19.86792 -13.6479,-8.06391 -22.69749,-11.00633 -33.84133,-11.00331 -10.64959,0.003 -20.81877,2.24239 -29.05561,6.39872 -1.77453,0.89543 -12.35456,7.76406 -23.5112,15.26362 -15.20625,10.22176 -23.31175,15.18307 -32.37531,19.81665 -6.6498,3.39959 -12.20678,6.18108 -12.34884,6.18108 -0.14206,0 -1.18686,-1.44704 -2.32176,-3.21564 z"
   id="Hong-Kah-North-SMC"
   inkscape:connector-curvature="0"
   inkscape:label="Hong-Kah-North-SMC" /><path
   id="Chua-Chu-Kang-GRC"
   style="opacity:1;fill:#ffd42a;stroke:#ffd42a;stroke-width:0.993431;stroke-linejoin:miter;stroke-miterlimit:4;stroke-dasharray:none;stroke-opacity:1"
   inkscape:label="Chua-Chu-Kang-GRC"
   d="M 642.33008 245.93164 C 640.73389 245.91978 638.90153 248.44647 639.99609 249.15039 C 640.34886 249.37726 640.8399 250.20912 641.08594 250.99805 C 641.60102 252.64968 640.41133 253.72774 639.30078 252.61719 C 638.89541 252.21182 638.36244 251.88086 638.11523 251.88086 C 637.36237 251.88086 636.02256 255.72508 636.50391 256.50391 C 636.75408 256.90871 637.59239 257.04313 638.38867 256.80469 C 641.28486 255.93744 653.35599 249.5422 653.30859 248.90039 C 653.25777 248.21169 644.89592 245.95074 642.33008 245.93164 z M 625.45312 246.17578 C 620.78898 246.24411 614.39934 247.51903 610.85742 249.3125 C 610.22491 249.63277 608.7029 249.89453 607.47656 249.89453 C 604.82406 249.89453 590.26714 253.60896 587.66797 254.94922 C 586.66626 255.46575 585.8457 256.1783 585.8457 256.5332 C 585.8457 256.88811 585.45804 257.17969 584.98242 257.17969 C 583.8493 257.17969 579.79363 260.1784 580.27539 260.66016 C 580.48008 260.86485 580.03683 261.22555 579.28906 261.46289 C 578.54129 261.70022 576.74657 262.84591 575.30078 264.00781 C 570.29238 268.03275 566.95595 270.32818 563.55664 272.08984 C 561.67825 273.0633 559.02335 274.88435 557.6582 276.13477 C 556.29305 277.3852 554.25225 278.84502 553.12305 279.38086 C 551.74403 280.03525 550.94854 281.15679 550.3457 282.67188 L 549.14648 285.68945 L 549.14453 285.68945 C 548.83587 285.67937 548.52739 285.66873 548.21875 285.6582 L 545.58398 288.80273 C 543.79995 290.9321 541.32256 292.7855 537.91797 294.53516 C 535.15157 295.95685 532.71289 297.6727 532.49805 298.34961 C 532.28321 299.02652 530.0109 301.34565 527.44922 303.50195 C 524.88754 305.65824 521.22743 309.30566 519.31641 311.60742 C 514.94378 316.87407 514.28075 317.42494 509.02148 320.16016 C 506.6538 321.39153 503.70537 323.07272 502.4707 323.89648 C 500.77597 325.02719 499.27288 325.39453 496.33594 325.39453 C 494.19629 325.39453 491.86517 325.75649 491.15625 326.19922 C 490.13789 326.83523 489.36627 326.82396 487.47656 326.14062 C 485.40882 325.39293 484.92616 325.41748 483.91992 326.32812 C 483.27974 326.90747 481.995 327.38086 481.06445 327.38086 C 479.99681 327.38086 479.25775 327.81768 479.0625 328.56445 C 478.83759 329.42448 477.56357 329.98571 474.39648 330.61523 C 469.14151 331.65975 467.75763 332.93044 468.06641 336.4375 C 468.27342 338.78873 468.17139 338.96143 466.63477 338.82617 C 462.22509 338.43802 459.57766 337.7114 458.51758 336.59766 C 457.03389 335.03886 456.03402 335.44819 453.43555 338.68164 C 451.24846 341.4031 451.25836 341.7684 453.48242 340.57812 C 454.59299 339.98376 454.87183 340.09288 455.17188 341.24023 C 455.36951 341.996 455.92495 342.61523 456.4082 342.61523 C 456.89144 342.61523 457.67637 343.16264 458.15234 343.83203 C 459.43349 345.63378 463.58342 345.01879 464.55664 342.88281 C 465.52861 340.74956 467.64934 340.85589 469.10352 343.11133 C 469.74937 344.11304 471.43309 346.04058 472.8457 347.39453 C 475.13121 349.58511 475.55307 349.75843 476.67773 348.9707 C 477.9902 348.0514 480.25181 348.52062 483.64453 350.41602 C 485.76848 351.60261 486.6122 351.43926 490.01172 349.1875 C 492.9196 347.26141 493.18597 347.2054 494.92773 348.14258 C 495.9404 348.68746 497.28471 349.29528 497.91602 349.49219 C 499.63808 350.02931 498.69434 351.39416 495.57617 352.87891 C 492.25544 354.4601 491.6326 356.23846 494.07227 357.16602 C 495.00942 357.52233 495.77539 358.10612 495.77539 358.46289 C 495.77539 358.81965 496.78818 359.30269 498.02734 359.53516 C 500.80104 360.05551 503.86463 363.12513 504.14258 365.66406 C 504.30109 367.11196 503.80403 368.08455 502.0293 369.80469 C 499.50366 372.25262 498.08727 372.09403 496.77734 369.2168 C 496.3342 368.24346 495.52875 367.78125 494.27734 367.78125 C 492.97314 367.78125 492.26391 367.34369 491.86133 366.29102 C 491.23446 364.65189 488.49023 361.89975 488.49023 362.91016 C 488.49023 363.25803 488.81489 363.86762 489.21289 364.26562 C 489.73626 364.78895 489.72568 365.38733 489.16992 366.42578 C 488.22129 368.1983 487.10337 367.90535 485.97266 365.58594 C 485.49886 364.61406 484.45541 363.48107 483.6543 363.06836 C 482.85319 362.65566 481.56374 361.73934 480.78711 361.0332 C 480.01048 360.32706 478.37132 359.72968 477.14453 359.70508 C 475.91774 359.68043 473.16942 358.80597 471.03906 357.76172 L 467.16602 355.86328 L 465.24414 357.23047 C 463.01024 358.82114 462.85842 360.05758 464.55273 362.83594 C 465.47005 364.34017 465.62436 365.25409 465.16992 366.47852 C 464.78062 367.52738 464.84873 369.62201 465.35742 372.32422 C 466.01609 375.8231 465.99383 376.63302 465.23242 377.11523 C 463.83681 377.99911 461.99805 377.82536 461.99805 376.81055 C 461.99805 376.31329 461.40235 375.14882 460.67383 374.22266 C 459.94532 373.29651 459.34961 372.14862 459.34961 371.67188 C 459.34961 369.51652 457.12347 365.13281 456.0293 365.13281 C 453.91537 365.13281 453.19106 366.7711 454.06836 369.57031 C 455.99458 375.71625 457.15285 378.06681 458.60938 378.79297 C 460.68221 379.82639 465.97266 385.07255 465.97266 386.09375 C 465.97266 387.45424 464.72779 387.78153 463.31641 386.79297 C 462.42284 386.16734 460.9019 385.96256 458.70312 386.17383 C 455.70263 386.46215 455.35754 386.34739 454.66797 384.83398 C 454.2533 383.92387 452.57589 382.06126 450.93945 380.69336 C 448.12721 378.34262 447.77125 378.22476 444.46094 378.56641 C 440.74158 378.95028 439.48047 378.35767 439.48047 376.2207 C 439.48047 375.08977 436.06547 370.09126 434.51367 368.95117 C 434.14941 368.68355 433.11986 368.45812 432.22656 368.45312 C 430.10982 368.43991 426.23438 364.6869 426.23438 362.65039 C 426.23438 361.79312 426.69035 360.21336 427.24609 359.13867 C 428.07087 357.54373 428.67843 357.18555 430.55664 357.18555 C 432.56951 357.18555 432.85742 356.9777 432.85742 355.5293 C 432.85742 354.25208 433.19816 353.87391 434.34766 353.87891 C 436.00998 353.88532 440.80469 358.07542 440.80469 359.52148 C 440.80469 360.03212 441.40235 360.76831 442.13086 361.1582 C 443.60591 361.94762 444.9434 361.44443 448.58789 358.72461 C 452.28469 355.96576 451.27997 351.88038 446.26953 349.29688 C 445.44995 348.87428 444.7793 348.0089 444.7793 347.37305 C 444.7793 346.39528 444.24667 346.24744 441.32227 346.41602 C 439.24201 346.53593 436.80205 346.19016 435.19922 345.54883 L 432.53516 344.48242 L 430.66211 346.69531 C 429.63181 347.91171 428.01493 350.20889 427.07031 351.80078 C 425.6411 354.20927 425.48746 354.90841 426.14844 355.9668 C 427.05302 357.41527 426.60705 358.60978 425.34375 358.125 C 424.87711 357.94593 423.94631 358.40709 423.27539 359.14844 C 422.58445 359.91192 421.22686 360.49609 420.14258 360.49609 C 416.98132 360.49609 414.97656 363.09 414.97656 367.18164 C 414.97656 369.38189 414.45917 371.65181 413.53711 373.49805 C 412.37555 375.82386 412.23857 376.66815 412.83008 377.875 C 414.51104 381.30463 412.69215 385.66053 408.85547 387.39062 C 406.26282 388.55974 406.23278 388.61266 407.60742 389.52539 C 409.60819 390.85385 409.46641 393.47264 407.36523 394 C 406.4571 394.22793 405.87016 394.66924 406.0625 394.98047 C 406.25485 395.29169 405.81011 397.96517 405.07422 400.92188 C 403.85726 405.81151 403.82811 406.47234 404.73828 408.23242 C 405.29767 409.31416 406.27922 410.16797 406.96484 410.16797 C 407.6394 410.16797 408.53 410.57616 408.94336 411.07422 C 410.1581 412.5379 408.06721 413.69948 403.64258 414.01953 C 400.59556 414.23993 399.48446 414.61883 398.73047 415.69531 C 397.29322 417.74727 397.53555 419.16578 399.57812 420.66992 C 401.70362 422.23514 401.28806 423.53037 397.95508 425.73242 C 396.85242 426.46094 395.50321 427.83183 394.95508 428.7793 C 394.2305 430.03176 393.20666 430.62104 391.20312 430.94141 C 389.04343 431.28676 388.27904 431.77453 387.66992 433.19336 C 387.24245 434.18908 386.81917 435.11202 386.73047 435.24414 C 386.72959 435.24513 386.72567 435.24906 386.72461 435.25 C 386.56995 435.36136 385.00962 435.11009 383.19922 434.67578 C 381.30412 434.22113 378.56179 434.0569 376.93555 434.30078 L 374.04297 434.73438 L 374.13086 438.54492 C 374.21349 442.13928 374.06829 442.50815 371.58203 445.07617 C 369.86817 446.84638 367.94245 448.06582 366.07227 448.5625 C 363.59786 449.21968 363.24439 449.52943 363.54102 450.77539 C 363.73064 451.57186 364.24308 454.08125 364.67969 456.35156 C 365.1163 458.62188 365.88257 460.81923 366.38281 461.23438 C 367.66688 462.30006 367.50367 464.47237 365.9668 466.79297 C 364.5486 468.93437 364.23668 471.43174 365.30469 472.0918 C 366.42049 472.7814 366.04068 473.74805 364.6543 473.74805 C 363.77008 473.74805 363.20144 474.34086 362.9082 475.56836 C 362.66891 476.57007 362.17773 477.76409 361.81641 478.22266 C 361.35471 478.80861 361.67634 479.80401 362.90039 481.57031 C 363.85833 482.95262 364.65929 484.81205 364.67969 485.70312 C 364.68136 485.77622 364.69007 485.82165 364.70508 485.83789 L 364.70703 485.83984 L 364.70898 485.8418 C 364.70979 485.84219 364.71401 485.84348 364.71484 485.84375 L 364.7168 485.84375 C 364.71768 485.84378 364.72174 485.84385 364.72266 485.84375 C 364.7236 485.84353 364.72754 485.84409 364.72852 485.84375 C 364.95392 485.73881 365.89623 482.53481 367 478.05273 C 369.76895 466.80894 370.82858 463.86689 373.76172 459.27734 C 375.43449 456.65991 376.79057 455.39755 378.96094 454.4375 C 382.48669 452.87789 386.71335 452.99783 387.0293 454.66602 C 387.19851 455.55946 386.73396 455.77872 384.7168 455.76172 C 379.69983 455.71957 377.25366 457.73763 373.74414 464.80664 C 372.17836 467.96047 369.94141 475.635 369.94141 477.85352 C 369.94141 478.42595 368.71796 482.86062 367.22461 487.70898 C 364.82406 495.50273 364.59514 496.80456 365.23828 498.95117 C 365.86866 501.05543 366.18548 501.33693 367.62109 501.0625 C 368.53222 500.88832 369.2793 500.52819 369.2793 500.26172 C 369.2793 499.46487 374.40258 497.40403 375.18359 497.88672 C 375.5808 498.13223 375.72679 499.04745 375.50781 499.91992 C 375.17238 501.25639 375.40724 501.57682 376.99609 501.95703 C 378.03331 502.20523 379.25472 502.70311 379.71094 503.0625 C 380.16717 503.42188 381.45365 503.53193 382.57031 503.30859 C 384.38965 502.94472 384.57939 503.05622 384.39062 504.38477 C 384.21146 505.64581 383.73413 505.88697 381.19922 505.99609 C 379.56006 506.06666 377.01697 506.46084 375.54688 506.87109 C 374.07679 507.28135 371.73354 507.52086 370.33984 507.4043 C 368.25798 507.23018 367.57542 507.49698 366.51562 508.89453 C 365.22974 510.59023 365.23099 510.60747 366.85547 514.85352 C 367.75176 517.19626 369.57252 521.47492 370.90234 524.35938 C 373.18967 529.32072 373.3412 530.07912 373.71875 538.43164 C 374.03771 545.4882 374.31036 547.26172 375.07227 547.26172 C 375.59658 547.26172 376.18058 547.85742 376.37109 548.58594 C 376.70398 549.85891 377.99137 550.2648 380.83984 549.99805 C 381.55242 549.93132 382.29804 549.66065 382.49609 549.39648 C 383.07728 548.62125 390.98443 548.47135 391.45117 549.22656 C 392.17328 550.39495 394.33528 549.97877 394.77734 548.58594 C 395.13789 547.44997 395.59249 547.31403 397.9668 547.64258 C 399.49024 547.8534 401.39792 548.34549 402.20508 548.73633 C 403.27704 549.25545 403.92522 549.23706 404.61328 548.66602 C 405.66803 547.79065 410.77122 548.33936 411.42578 549.39844 C 411.64276 549.74953 411.90373 551.27564 412.00586 552.78906 C 412.31289 557.33878 412.95782 559.0671 414.22266 558.73633 C 414.9345 558.55018 416.2211 559.41246 417.71289 561.07422 C 420.69425 564.39526 424.18168 565.5688 428.00586 564.53906 C 430.37424 563.90132 430.92636 563.36798 432.36328 560.33594 C 433.26828 558.4263 434.35235 555.42244 434.77148 553.66016 C 435.71516 549.69237 437.38405 547.30855 439.23828 547.28125 C 440.75453 547.25892 441.42742 548.74626 441.47852 552.22852 C 441.50308 553.90024 441.61561 554.03181 442.18359 553.05664 C 443.0777 551.52153 444.284 551.59386 447.62695 553.38672 C 450.9711 555.18023 451.37948 555.67935 451.39258 557.98438 C 451.40653 560.43564 452.13876 560.69123 455.69922 559.48242 C 457.38849 558.9089 459.42232 558.53116 460.21875 558.64453 C 462.23725 558.93185 462.07 560.80772 460.01172 560.96484 C 456.57317 561.22731 451.40237 562.69876 451.41797 563.41016 C 451.46171 565.40986 452.90545 570.18322 453.73828 571.08203 C 454.25561 571.64036 455.59997 573.20029 456.72461 574.54883 C 457.84925 575.89737 459.34664 577.1841 460.05273 577.4082 C 461.15845 577.75915 461.97471 580.375 460.97852 580.375 C 459.5273 580.375 455.26035 577.36571 454.13867 575.55078 C 453.3852 574.33166 452.1641 572.78713 451.42383 572.11719 C 450.68355 571.44724 450.07812 570.26543 450.07812 569.49219 C 450.07812 568.71896 449.4515 567.55063 448.6875 566.89648 C 447.83089 566.16302 447.42706 565.21842 447.63281 564.43164 C 447.97608 563.11899 447.36297 562.8814 444.2832 563.13086 C 443.20348 563.21832 442.79297 562.89406 442.79297 561.95312 C 442.79297 560.06322 440.55965 557.55554 439.30469 558.03711 C 438.65678 558.28574 438.38827 558.92977 438.59766 559.73047 C 438.79549 560.487 438.20235 562.12837 437.16797 563.69141 C 435.34176 566.451 435.43956 567.60347 437.6875 569.89258 C 439.12361 571.35499 442.79297 576.92512 442.79297 577.64258 C 442.79297 578.01162 443.416 578.74965 444.17773 579.2832 C 445.30695 580.07414 445.64738 581.24044 446.02148 585.59375 C 446.42163 590.25 446.73029 591.20877 448.44336 593.0918 C 451.4052 596.34749 453.67985 598.49939 455.0957 599.38672 C 456.32142 600.15489 456.3113 600.20169 454.83398 600.63477 C 453.47677 601.03263 453.32229 601.43746 453.48828 604.13672 C 453.63316 606.49269 453.43551 607.23492 452.62695 607.39062 C 451.55045 607.59795 450.74023 605.16538 450.74023 601.73047 C 450.74023 600.63649 449.69132 599.02741 447.66602 597.01172 C 443.71739 593.08181 442.82431 590.93452 443.2832 586.48828 C 443.60523 583.36805 443.45468 582.76095 441.97656 581.17383 C 441.05873 580.18832 440.19707 579.0483 440.06055 578.64062 C 439.92404 578.23295 438.08732 576.33068 435.97852 574.41211 L 432.14453 570.92383 L 429.5957 571.92383 C 427.37277 572.79701 426.38174 572.81058 421.83984 572.02148 C 418.97583 571.5239 415.81754 570.8328 414.82227 570.48633 L 413.01367 569.85547 L 413.4375 574.87891 L 413.86133 579.90039 L 411.49023 579.45508 C 410.06897 579.18845 408.94797 579.288 408.69141 579.70312 C 408.45597 580.08408 407.24023 580.82342 405.99023 581.3457 C 403.6929 582.30559 402.91494 583.6875 404.67188 583.6875 C 407.04855 583.6875 406.46843 586.78034 403.97461 587.40625 C 402.08003 587.88176 401.9458 588.7003 403.61523 589.59375 C 404.43296 590.03135 405.06779 590.02009 405.52734 589.56055 C 405.90539 589.18253 406.91966 588.97379 407.78125 589.0957 C 409.15612 589.29022 409.34766 589.67029 409.34766 592.21484 C 409.34766 595.98184 410.64096 596.9328 413.73242 595.43555 C 414.94749 594.84707 416.05523 594.47907 416.19531 594.61914 C 416.33539 594.75922 416.08639 596.3938 415.64062 598.25195 C 414.91771 601.26539 414.60427 601.67575 412.75 602.04688 L 410.67188 602.46289 L 412.6582 603.31055 C 413.75097 603.77658 415.27662 604.1711 416.04883 604.1875 C 417.22406 604.2125 417.50968 604.72424 417.80273 607.32422 C 418.022 609.26949 417.83736 610.94047 417.30859 611.79492 C 416.84422 612.5453 416.0971 615.53289 415.64844 618.43555 C 414.77864 624.06294 413.90752 625.35412 410.95117 625.39062 L 409.24414 625.41016 L 411.26758 635.27148 L 413.29102 645.13086 L 408.82617 656.29883 C 406.37055 662.44122 404.1175 667.84875 403.82031 668.31641 C 403.18754 669.31216 401.06836 668.69111 401.06836 667.50977 C 401.06836 667.06496 403.00537 662.05779 405.37305 656.38281 C 407.74073 650.70783 409.67773 645.11772 409.67773 643.96094 C 409.67773 642.80416 409.0657 639.42397 408.31641 636.44922 C 405.52893 625.38276 405.82618 626.07422 403.83203 626.07422 C 402.81243 626.07422 401.04447 625.26481 399.8125 624.23633 C 397.75207 622.5162 397.65284 622.24933 398.26367 620.03711 C 399.07805 617.08767 397.71977 615.00508 394.77734 614.69336 C 393.16585 614.52264 392.75005 614.1393 392.58008 612.66211 C 392.43709 611.41936 392.67363 610.83984 393.32617 610.83984 C 395.4216 610.83984 395.78038 609.2689 394.96289 603.66016 L 394.17383 598.24805 L 392.01758 598.65234 C 390.41607 598.95278 389.42214 598.71129 388.15039 597.71094 C 386.4188 596.34883 383.07921 596.32762 380.46289 597.66211 C 379.87569 597.96163 376.89522 598.36088 373.83984 598.55078 C 370.78447 598.74067 366.4961 599.19795 364.31055 599.56641 C 362.12501 599.93487 358.40088 600.2577 356.0332 600.2832 C 353.66553 600.30869 349.96704 600.70015 347.81445 601.1543 C 342.73493 602.22596 336.92735 601.50774 335.39648 599.61719 C 334.79106 598.86953 334.0461 598.26539 333.74023 598.27539 C 333.03686 598.29805 328.22356 602.74337 328.19336 603.39844 C 328.181 603.66673 327.59637 605.07813 326.89258 606.53516 C 326.18878 607.99219 325.60224 609.53823 325.58984 609.96875 C 325.57748 610.39927 324.64664 611.40584 323.52148 612.20703 C 319.84704 614.82345 317.61914 618.59472 317.61914 622.19922 C 317.61914 624.23422 317.90685 625.41016 318.4043 625.41016 C 319.48764 625.41016 322.25586 628.0999 322.25586 629.15234 C 322.25586 629.62588 323.15316 630.47772 324.25 631.04492 C 325.88385 631.88984 326.17182 632.36673 325.83984 633.68945 C 325.57108 634.76028 325.92652 636.10049 326.89648 637.66992 C 327.86461 639.23639 328.23925 640.64263 328.00391 641.83008 C 327.03697 646.70916 326.88318 646.4677 330.38086 645.58984 C 332.67711 645.01352 332.89375 646.69923 330.71875 648.22266 L 329.24609 649.25391 L 330.83203 649.25391 C 332.70103 649.25391 334.84826 651.00332 334.81836 652.50195 C 334.78973 653.93776 333.24437 655.87432 332.11719 655.88672 C 329.9278 655.91084 329.35735 656.92849 330.21094 659.28906 C 330.92873 661.27405 330.86032 661.81523 329.63281 663.8418 C 328.61843 665.5165 327.65199 666.23151 326.07617 666.47266 C 324.01149 666.78863 323.91018 666.9415 323.86328 669.78516 C 323.77635 675.05956 323.76408 675.08203 321.39453 675.08203 C 320.19248 675.08203 318.87545 674.74849 318.4668 674.33984 C 317.52962 673.40267 318.1122 671.77148 319.38477 671.77148 C 319.98714 671.77148 320.15451 671.46193 319.83203 670.94336 C 319.54887 670.48804 319.25253 668.3692 319.17383 666.23438 C 319.05257 662.9452 319.21777 662.30272 320.25586 662.03125 C 320.92963 661.85505 321.64603 661.05529 321.84766 660.25195 C 322.05219 659.43703 323.24796 658.29797 324.55273 657.67578 C 325.83899 657.0624 326.89639 656.18192 326.90039 655.7207 C 326.90457 655.25949 328.15792 654.28711 329.6875 653.55859 C 332.44447 652.24549 332.45317 652.23157 330.56836 652.01367 C 328.33365 651.75533 325.72117 650.19099 324.0293 648.09766 C 323.36541 647.27624 322.37604 646.60352 321.83008 646.60352 C 320.96848 646.60352 320.97359 646.74117 321.87695 647.64453 C 322.98672 648.7543 323.16373 649.82863 322.51562 651.51758 C 322.09707 652.60834 319.60742 653.00468 319.60742 651.98047 C 319.60742 651.65869 318.97244 651.2281 318.19727 651.02539 C 317.03041 650.72025 316.86574 650.33772 317.23633 648.79688 C 317.48252 647.77326 317.8247 646.33984 317.99805 645.61133 C 318.57218 643.19841 317.39856 642.35288 314.54102 643.12305 C 309.6478 644.44189 305.36096 646.2812 304.50195 647.43164 C 303.33549 648.99381 300.60558 648.90148 299.58398 647.26562 C 298.58942 645.67308 297.48689 645.58648 295.92969 646.97656 C 293.66686 648.99654 289.72667 651.24023 288.44141 651.24023 C 287.72413 651.24023 286.55857 650.87903 285.85156 650.4375 C 284.162 649.38235 283.35283 650.25153 284.64648 651.73242 C 285.24476 652.41729 285.80124 654.72899 286 657.35352 L 286.33789 661.81055 L 283.35156 663.47852 C 281.70905 664.39654 279.3303 665.14844 278.06641 665.14844 C 275.81241 665.14844 271.92188 666.91535 271.92188 667.93945 C 271.92188 668.69608 269.42331 668.57659 268.94141 667.79688 C 268.71629 667.43261 268.17797 667.1434 267.74414 667.1543 C 266.57712 667.18354 272.57126 672.31002 275.04297 673.39648 C 276.2129 673.91073 278.00002 675.53239 279.01562 677 C 281.04904 679.93834 282.54566 680.35278 284.4043 678.49414 C 285.66013 677.23831 290.70839 676.06979 291.84375 676.77148 C 292.19283 676.98723 293.21258 678.61113 294.10938 680.38086 C 295.00617 682.1506 295.9811 683.74855 296.27734 683.93164 C 296.57358 684.11473 298.13797 683.67377 299.75195 682.95117 C 303.93142 681.07997 305.2487 681.65895 307.81641 686.49414 C 309.61461 689.88028 310.36906 690.68523 312.0625 691.02344 C 313.19522 691.24967 314.82681 691.92841 315.6875 692.53125 C 316.64261 693.20024 318.55627 693.62695 320.59961 693.62695 C 322.44093 693.62695 324.5354 694.02999 325.25391 694.52344 C 325.97241 695.01689 329.09326 696.24977 332.18945 697.26367 C 335.28565 698.27756 338.97108 699.68466 340.37695 700.39062 C 343.05487 701.73535 347.42383 705.71131 347.42383 706.80273 C 347.42383 707.8101 350.61295 710.05197 352.69727 710.50977 C 354.80656 710.97304 355.55441 712.13593 354.65625 713.55469 C 352.96669 716.22363 354.12073 718.43984 360.65625 725.08594 C 361.73083 726.17872 363.04947 728.11572 363.58789 729.39062 C 364.12632 730.66552 365.77611 732.86422 367.25391 734.27734 C 370.63071 737.50639 370.95307 739.97089 368.83984 746.39648 C 367.31193 751.04233 368.12006 752.10653 372.70703 751.49805 C 376.85071 750.94837 380.2969 752.41454 382.38867 755.61523 C 383.31186 757.02782 385.04895 758.42961 386.8125 759.18555 C 390.10851 760.59839 391.13477 762.07129 391.13477 765.39062 C 391.13477 768.85018 393.47327 771.11425 399.79102 773.77148 C 403.92152 775.50876 405.53911 776.55938 406.32031 778.00781 C 406.89163 779.06709 408.12139 780.81749 409.05273 781.89844 C 410.72097 783.83467 410.77706 783.84776 412.82812 782.78711 C 415.56606 781.37127 417.34383 781.42833 419.91211 783.01562 C 422.00482 784.30899 430.138 785.1789 462.66016 787.58398 C 466.84912 787.89377 470.53064 788.18893 470.83984 788.24023 C 471.14905 788.29156 472.37347 787.87191 473.56055 787.30859 C 475.79001 786.25065 478.84403 782.69128 487.00195 771.64648 C 489.61048 768.11486 493.80811 762.88349 496.33008 760.02148 C 500.49072 755.29986 500.83186 754.70332 500.00195 753.56836 C 499.4989 752.88039 499.08594 751.03243 499.08594 749.46289 C 499.08594 746.835 499.22137 746.60938 500.79883 746.60938 C 502.48133 746.60938 508.35938 742.92717 508.35938 741.87305 C 508.35938 740.68803 517.19376 732.07963 523.18555 727.42578 C 526.68715 724.70608 529.55083 722.17336 529.54883 721.79688 C 529.54699 721.42039 528.42057 719.62207 527.04688 717.80078 C 524.66761 714.6463 524.35079 714.45971 520.36133 713.86719 L 516.17383 713.24414 L 516.625 708.23633 C 517.30454 700.68377 518.0354 698.0936 519.95117 696.44141 C 521.55851 695.05521 522.3332 694.94617 531.07812 694.88477 C 536.24848 694.84846 541.15671 694.62556 541.98438 694.38867 C 543.40559 693.9819 543.43127 693.87437 542.43945 692.46094 C 541.43868 691.03476 522.5933 677.32741 516.30664 673.45312 C 512.6747 671.21487 508.71583 667.5131 506.99805 664.74805 C 504.98128 661.50173 497.09961 638.15092 497.09961 635.42188 C 497.09961 633.88232 498.12293 630.85922 499.82812 627.36328 C 502.40215 622.08607 502.58799 621.3017 503.10938 613.53906 C 503.53033 607.27166 504.18359 603.60254 505.8457 598.14648 C 508.42156 589.69096 508.1116 589.82813 516.80664 593.25195 C 522.33461 595.42869 523.2872 595.58135 537.80469 596.61523 C 546.16864 597.21087 553.61883 598.00677 554.36133 598.38477 C 555.10384 598.76276 557.40112 600.37957 559.46484 601.97656 C 562.25966 604.1393 563.80784 604.88086 565.53516 604.88086 C 568.68358 604.88086 573.2511 602.82257 578.49414 599.04102 C 586.00238 593.62567 587.47469 593.02371 599.94531 590.28516 C 611.62539 587.72022 612.21229 587.65896 625.5293 587.59766 C 633.02603 587.56314 642.73632 587.34024 647.10742 587.10156 L 655.05469 586.66797 L 666.59961 577.39453 C 674.32109 571.19286 677.7631 568.05042 676.99414 567.90234 C 676.36184 567.78057 675.96033 567.33293 676.10352 566.9082 C 676.24671 566.48347 675.89579 565.79156 675.32227 565.36914 C 674.37478 564.6713 674.37659 564.48826 675.3457 563.38086 C 676.08287 562.5385 676.50296 560.42386 676.70703 556.5332 C 677.10163 549.00992 677.0311 548.79895 674.23828 549.125 C 671.25855 549.47286 671.16278 547.9753 674.07617 546.59961 C 676.6019 545.40695 676.39187 546.1 679.95508 527.20312 C 682.67771 512.76411 682.76439 511.91747 681.96484 507.66406 C 680.63341 500.58108 680.43342 498.20311 681.09961 497.37305 C 682.20704 495.99318 681.13617 492.4426 678.83008 489.85156 C 676.64974 487.4018 675.99767 485.44448 677.13086 484.74414 C 678.16043 484.10783 677.16025 480.5023 675.85938 480.16211 C 675.17175 479.9823 674.33228 479.10812 673.99414 478.21875 C 673.656 477.32938 672.84 476.06265 672.18164 475.4043 C 671.52328 474.74594 670.95181 473.43455 670.91211 472.48828 C 670.86206 471.29699 670.4271 470.70472 669.49609 470.56641 C 668.26324 470.38327 666.64453 468.01155 666.64453 466.38672 C 666.64453 466.0153 665.90088 464.73494 664.99023 463.54102 C 664.07959 462.3471 663.33398 461.03507 663.33398 460.62695 C 663.33398 460.21882 662.73726 459.56617 662.00781 459.17578 C 660.94905 458.60915 660.3901 458.73772 659.23438 459.81445 C 658.43811 460.55628 657.54362 461.16406 657.24805 461.16406 C 656.95247 461.16406 656.71094 461.89126 656.71094 462.78125 C 656.71094 463.67124 656.09946 464.82967 655.35156 465.35352 C 654.60366 465.87737 653.95436 467.01028 653.91016 467.87305 C 653.86596 468.73582 653.43453 469.91261 652.95117 470.48828 C 652.26936 471.30032 652.22398 472.26709 652.74805 474.79492 C 653.11957 476.58693 653.526 481.28174 653.65039 485.22852 C 653.84363 491.36032 653.72163 492.45824 652.81055 492.77734 C 650.79477 493.48337 648.74148 495.81711 649.11133 496.98242 C 649.48944 498.17372 646.68643 500.90039 645.08398 500.90039 C 644.61566 500.90039 644.04422 501.76335 643.8125 502.81836 C 643.21237 505.55075 641.26194 507.1158 639.01367 506.66797 C 637.92487 506.4511 636.64971 506.68634 635.88867 507.24414 C 635.1816 507.76238 634.05232 508.18555 633.37891 508.18555 C 631.41225 508.18555 627.04072 510.70032 626.60156 512.08398 C 626.37974 512.78285 626.65525 516.41571 627.21484 520.1582 C 627.77442 523.90069 628.23242 528.70731 628.23242 530.83789 C 628.23242 534.65637 628.17677 534.77193 624.25977 538.98242 C 619.7243 543.85771 619.62952 544.31652 621.31641 553.20898 C 622.64858 560.23158 622.25389 560.88589 615.22461 563.32422 C 609.01557 565.47802 607.03906 565.63009 607.03906 563.95508 C 607.03906 563.04977 608.37577 562.33217 612.65234 560.93945 C 615.7391 559.9342 618.42132 558.85748 618.61328 558.54688 C 618.80524 558.23627 618.51547 555.64425 617.96875 552.78711 C 616.27821 543.95248 616.51621 542.1805 619.95508 537.98828 C 623.42009 533.7642 623.39251 534.00792 621.80078 521.02344 L 620.6543 511.67383 L 616.33008 511.94922 C 608.05748 512.475 607.98122 512.50912 601.73828 518.52734 C 598.53181 521.61838 595.71877 524.89807 595.48828 525.81641 C 595.11591 527.30001 594.83218 527.43727 592.94141 527.03906 C 589.01608 526.21235 588.99559 524.73532 592.875 522.21484 C 594.81443 520.95479 595.16638 520.39279 594.83789 519.08398 C 594.5089 517.77319 594.73624 517.41349 596.11133 517.06836 C 597.03175 516.83735 598.89868 515.40062 600.25977 513.87695 C 603.63506 510.09847 606.19905 508.4324 609.47852 507.88477 L 612.24805 507.42188 L 605.59961 498.82812 C 599.15954 490.50332 598.98678 490.19441 600.11719 488.94531 C 600.75904 488.23608 601.64819 487.65625 602.09375 487.65625 C 602.53931 487.65625 605.799 491.45532 609.33594 496.09961 C 612.87288 500.7439 616.26186 504.74655 616.86719 504.99414 C 620.69763 506.56085 629.5881 503.34949 629.06055 500.58984 C 628.71176 498.76523 630.4598 496.92773 632.54492 496.92773 C 633.40805 496.92773 634.30026 496.62989 634.52539 496.26562 C 634.75051 495.90136 635.65712 495.60352 636.54102 495.60352 C 637.89392 495.60352 638.26626 495.1297 638.90039 492.61133 C 639.31469 490.96598 639.91687 489.45721 640.23633 489.25977 C 641.24779 488.63465 640.86199 485.25438 639.65625 484.16797 C 639.0188 483.5936 637.45459 483.02579 636.17969 482.90625 C 634.22681 482.72313 633.83048 482.41005 633.6582 480.91992 C 633.49808 479.53492 634.18044 478.43079 636.80273 475.83594 C 639.02768 473.63429 640.01608 472.1719 639.75 471.47852 C 639.52974 470.90451 639.11874 470.43555 638.83594 470.43555 C 638.0396 470.43555 637.53699 467.79164 637.94531 465.75 C 638.19042 464.52447 638.6234 464.03013 639.24219 464.26758 C 639.75305 464.46362 640.64852 464.22678 641.23242 463.74219 C 642.08818 463.03198 642.21258 462.0729 641.87695 458.79688 L 641.46094 454.73242 L 644.08789 452.91211 C 645.53237 451.91108 647.1326 450.45389 647.64453 449.67188 C 648.98341 447.62659 649.45811 437.56037 648.3418 434.88867 C 647.43684 432.72279 646.11523 431.39183 646.11523 432.64648 C 646.11523 433.68908 645.03229 433.49713 643.76367 432.22852 C 642.71182 431.17666 642.53048 431.24642 640.76758 433.38672 C 639.73513 434.6402 638.05749 437.52029 637.03906 439.78711 C 635.73738 442.68442 634.82022 443.91328 633.95117 443.92578 C 633.048 443.93878 632.80569 443.59701 633.05273 442.65234 C 633.23868 441.94129 633.053 441.24683 632.64062 441.10938 C 632.09877 440.92877 632.1336 440.32817 632.76367 438.94531 C 634.15458 435.8926 634.428 430.08526 633.20312 429.61523 C 632.64603 429.40146 631.82177 429.51991 631.37109 429.87891 C 630.92041 430.23791 628.04965 430.74227 624.99219 431 C 621.93472 431.25774 618.95425 431.69977 618.36914 431.98242 C 617.78402 432.26506 616.36578 432.98558 615.2168 433.58398 C 614.06783 434.18237 612.52794 434.67188 611.79492 434.67188 C 611.0619 434.67188 610.35636 434.98561 610.22852 435.36914 C 610.10067 435.75267 608.93069 436.30751 607.62695 436.60156 C 605.60888 437.05671 605.11891 436.92805 604.33594 435.73828 C 601.66222 431.67542 601.05669 427.99685 602.67969 425.67969 C 603.53259 424.46201 603.42611 424.15593 601.51953 422.30859 C 599.88743 420.72719 598.59902 420.1766 595.70312 419.82227 L 591.98047 419.36523 L 590.57031 421.75977 C 589.79388 423.07572 589.1582 424.42831 589.1582 424.76758 C 589.1582 425.10685 588.64126 425.98904 588.00977 426.72656 C 587.37829 427.46408 586.54941 429.17957 586.16797 430.53906 C 585.61408 432.51322 585.0928 433.07885 583.57812 433.3457 C 582.53506 433.52946 581.07908 434.48797 580.3418 435.47656 C 579.11085 437.12709 579.06777 437.56064 579.82812 440.77539 C 580.28355 442.70086 580.55839 445.7666 580.4375 447.58789 L 580.2168 450.89844 L 576.60938 451.10352 C 571.94674 451.36811 570.14049 450.88177 569.61328 449.2207 C 569.37872 448.48166 568.39366 447.14147 567.42383 446.24219 C 565.91423 444.84241 565.02227 444.60742 561.23047 444.60742 C 557.23443 444.60742 556.66811 444.77716 555.42969 446.35156 C 554.67474 447.31133 554.05664 448.62981 554.05664 449.28125 C 554.05664 450.57922 551.00235 454.54102 550.00195 454.54102 C 548.47404 454.54102 538.5418 458.79608 537.39648 459.94141 C 535.39368 461.9442 534.70668 460.73054 536.19336 457.81641 C 537.18419 455.87423 537.93258 455.20312 539.10938 455.20312 C 541.34269 455.20313 548.15072 452.57635 549.86133 451.05469 C 550.65009 450.35306 551.49306 448.98864 551.73438 448.02148 C 551.97568 447.05431 552.97001 445.22285 553.94336 443.95312 C 554.91671 442.68341 555.86084 440.59844 556.04297 439.31836 L 556.375 436.99023 L 561.67383 436.63281 C 565.85252 436.35128 567.62378 435.89089 570.06055 434.45117 C 571.75987 433.44716 573.50946 432.19199 573.94922 431.66211 C 574.39733 431.12217 575.87915 430.69922 577.31836 430.69922 C 579.96007 430.69922 580.66085 429.87466 578.87109 428.87305 C 578.31312 428.5608 577.34462 427.27934 576.71875 426.02539 C 575.43347 423.4503 573.79548 423.00074 564.58008 422.69531 C 559.86923 422.53919 559.25087 422.68594 555.11914 424.95703 C 550.39767 427.55227 548.63238 427.90557 547.33398 426.51562 C 546.66407 425.7985 545.89842 425.87473 542.99219 426.94531 C 541.05089 427.66043 539.28093 428.06607 539.06055 427.8457 C 538.03448 426.81962 539.71442 425.58684 544.04102 424.19336 L 548.75781 422.67383 L 548.75781 419.49414 C 548.75781 416.49796 548.66651 416.32868 547.17773 416.61328 C 546.30828 416.77949 543.84857 416.30166 541.71289 415.55078 C 539.57721 414.79989 536.56372 413.86708 535.01562 413.47656 C 533.31206 413.04682 532.20117 412.38464 532.20117 411.79883 C 532.20117 410.48951 533.01671 410.56459 539.51953 412.47266 C 548.06875 414.98119 548.37438 414.7976 543.64258 410.00195 C 541.39628 407.72534 539.24861 405.03754 538.87109 404.0293 C 538.49358 403.02105 537.43477 401.91121 536.51758 401.5625 C 534.64984 400.85238 534.33901 399.72616 535.84961 399.14648 C 537.24708 398.61022 540.00306 400.57588 540.98242 402.80664 C 541.43449 403.83637 544.75269 407.47849 548.35742 410.90039 L 554.91211 417.12109 L 563.25977 417.03125 C 568.12867 416.97861 573.95278 416.4693 577.23633 415.80859 C 580.33253 415.18557 583.90869 414.60799 585.18359 414.52539 C 589.1012 414.27156 592.43987 412.46203 592.86133 410.36328 C 593.59431 406.71315 594.74925 405.9279 599.79883 405.64258 L 604.45312 405.37891 L 610.6582 411.74609 C 614.07081 415.24862 617.11028 418.13812 617.41406 418.16602 C 617.71784 418.19391 619.61729 418.32808 621.63281 418.46484 C 623.64832 418.6016 625.97909 418.96638 626.81445 419.27539 C 627.87461 419.66757 629.66887 419.37832 632.75391 418.31641 C 635.18478 417.47968 637.82069 416.94245 638.61133 417.12305 C 641.20221 417.71489 642.14925 416.8791 641.88086 414.23828 C 641.74584 412.90973 641.32199 411.03841 640.93945 410.07812 C 640.07785 407.91522 633.0961 403.55135 630.46484 403.53125 C 628.16172 403.51362 623.61483 401.5262 622.33398 399.97852 C 620.9468 398.30236 622.45731 396.94725 624.07812 398.41406 C 625.69286 399.87537 628.51478 400.87405 632.03711 401.23047 C 633.66692 401.39538 636.5793 402.3311 638.50977 403.30859 C 641.81052 404.97991 642.08589 405.01763 643.14258 403.96094 C 644.45571 402.64782 645.28055 402.82086 651.74414 405.76172 C 655.68086 407.55289 656.70543 407.77357 658.5332 407.22656 C 659.98534 406.79196 660.68555 406.17167 660.68555 405.31836 C 660.68555 404.33151 661.04378 404.12196 662.31641 404.36523 C 664.12831 404.7116 666.34396 402.8141 666.75586 400.56445 C 666.88924 399.83594 667.48015 399.23547 668.06836 399.23047 C 669.06745 399.22151 682.84512 387.26413 687.70117 382.19141 C 689.72435 380.07797 689.89472 379.55056 690.08008 374.8418 C 690.20631 371.63508 690.02441 369.76758 689.58789 369.76758 C 689.16653 369.76758 689.20844 369.45759 689.69336 368.97266 C 691.10227 367.56376 690.5382 366.93454 688.85547 368.03711 C 686.80935 369.37775 684.28083 369.41182 683.20312 368.11328 C 682.50883 367.2767 682.75695 366.96136 684.77734 366.11719 C 686.09681 365.56587 687.17578 364.65198 687.17578 364.08594 C 687.17578 363.35816 687.56332 363.17927 688.5 363.47656 C 689.38999 363.75903 689.82617 363.59575 689.82617 362.97852 C 689.82617 362.47327 690.56625 361.41531 691.4707 360.62891 C 692.68796 359.57052 693.05386 358.6839 692.88281 357.21484 C 692.71037 355.73381 692.96646 355.13058 693.88867 354.83789 C 694.56836 354.62217 695.12305 353.88755 695.12305 353.20508 C 695.12305 352.5226 695.40944 351.78683 695.75977 351.57031 C 696.1421 351.33402 696.16882 350.57703 695.82617 349.67578 C 695.10163 347.77011 695.96631 346.19013 698.01562 345.67578 C 700.24898 345.11524 700.73991 342.67638 698.95312 341.01172 C 697.99131 340.11566 697.44827 339.9482 697.26758 340.49023 C 696.90557 341.57628 696.08559 341.49574 694.83984 340.25 C 693.8937 339.30388 693.79883 339.32778 693.79883 340.53125 C 693.79883 341.93634 690.92165 344.60156 689.4043 344.60156 C 688.10662 344.60156 688.29175 342.86659 689.73633 341.48047 C 690.41545 340.82883 691.31465 339.6329 691.73633 338.82227 C 692.41843 337.51102 692.32 337.30266 690.83398 336.92969 C 689.91531 336.69912 689.16406 336.27449 689.16406 335.98633 C 689.16406 335.69816 690.15809 333.98215 691.375 332.17383 C 692.59191 330.36552 693.77521 328.3987 694.00391 327.80273 C 694.52788 326.43724 695.7067 326.40193 696.21875 327.73633 C 696.56977 328.65107 696.76409 328.65107 698.16016 327.73633 C 699.014 327.17687 700.13385 326.71875 700.64844 326.71875 C 701.16305 326.71875 701.99121 326.22979 702.48828 325.63086 C 703.29165 324.66286 703.22774 324.59486 701.9082 325.01367 C 700.74118 325.38407 700.28156 325.15569 699.76172 323.94922 C 699.39805 323.10518 698.72767 321.88415 698.27148 321.23633 C 697.71975 320.45285 697.66843 319.89794 698.11914 319.58008 C 698.49181 319.31725 699.31058 318.29621 699.9375 317.31055 L 701.07617 315.51953 L 698.22461 313.55664 C 696.49123 312.36404 694.89536 310.53595 694.1543 308.89258 C 693.48383 307.40574 692.68393 306.18945 692.375 306.18945 C 692.06606 306.18945 691.8125 304.99609 691.8125 303.53906 C 691.8125 301.12634 691.9658 300.89062 693.53711 300.89062 C 695.151 300.89063 695.24096 300.72948 694.91602 298.40625 C 694.72497 297.04028 694.37007 295.15757 694.12891 294.22266 C 693.78619 292.89404 694.20851 291.84488 696.0625 289.41602 C 696.99692 288.19186 697.81127 287.05157 698.19727 286.4375 C 699.95835 285.99526 697.92792 282.55578 695.17383 282.02539 C 694.39879 281.87613 692.25278 280.0987 690.4043 278.07617 C 687.41214 274.80226 686.75718 274.39844 684.42773 274.39844 C 682.0734 274.39844 681.71577 274.17196 680.86133 272.12695 C 679.67166 269.27967 678.57402 268.53197 678.54492 270.55078 L 678.52344 272.08008 L 677.26758 270.57617 L 676.01367 269.07227 L 675.80078 270.57031 C 675.49318 272.72801 673.41944 272.91177 672.89648 270.82812 C 672.57231 269.53657 672.88881 268.774 674.29297 267.47266 L 676.11133 265.78906 L 674.39844 265.78906 C 671.91312 265.78906 671.58933 264.64684 673.92969 264.13281 C 676.51085 263.56589 675.83776 262.39456 673.23047 262.91602 C 671.59429 263.24326 671.32865 263.12686 671.67188 262.23242 C 672.12578 261.04953 671.45663 260.85284 670.03711 261.75195 C 669.53512 262.0699 669.3375 262.67476 669.59766 263.0957 C 669.85781 263.51664 669.72663 264.27519 669.30664 264.78125 C 668.66218 265.55777 668.36037 265.51856 667.37305 264.53125 C 666.72962 263.88781 666.20027 262.93791 666.19727 262.42188 C 666.19382 261.90584 665.96674 260.78327 665.69141 259.92773 C 665.26453 258.60137 665.37559 258.43269 666.44922 258.77344 C 667.14173 258.99324 668.28864 258.74523 668.99805 258.22266 C 670.267 257.2879 670.26377 257.25011 668.79883 255.87695 L 667.31055 254.48047 L 665.48828 257.35938 C 664.48596 258.94279 662.77051 262.06743 661.67773 264.30273 C 659.97484 267.78607 659.43208 268.37184 657.87109 268.40234 C 656.86938 268.42193 656.05359 268.2146 656.05859 267.94141 C 656.09016 266.38178 657.96035 261.78434 659.49219 259.49805 C 660.46842 258.04102 661.46519 256.02905 661.70898 255.02734 C 662.08343 253.48875 661.94153 253.20508 660.79492 253.20508 C 660.04841 253.20508 659.25442 252.90723 659.0293 252.54297 C 658.26735 251.31012 656.31098 251.87092 651.71875 254.64062 C 645.40767 258.44702 641.03867 260.09805 637.37109 260.06055 C 635.34546 260.03981 634.13906 260.34064 633.91602 260.92188 C 633.72747 261.41323 632.66866 261.81445 631.56445 261.81445 C 629.71046 261.81445 629.55664 261.63681 629.55664 259.49023 C 629.55664 257.98531 630.02525 256.76746 630.88281 256.0332 C 631.61132 255.40943 632.20703 254.13038 632.20703 253.19141 C 632.20703 252.25244 632.52967 251.16174 632.92383 250.76758 C 634.10026 249.59115 632.17046 247.29076 629.37305 246.53516 C 628.37141 246.26461 627.00784 246.153 625.45312 246.17578 z M 465.27344 318.54883 C 465.00862 318.54158 464.39398 318.85449 463.27344 319.51562 L 460.80664 320.9707 L 462.36523 321.83398 C 464.49316 323.01404 464.91797 322.95421 464.91797 321.47461 C 464.91797 320.77588 465.10172 319.72284 465.32812 319.13281 C 465.47356 318.7538 465.4794 318.55447 465.27344 318.54883 z M 711.42188 393 C 711.4116 393.0013 711.40315 393.00498 711.39453 393.01172 C 711.00588 393.31539 709.6433 394.39382 708.36719 395.4082 C 707.09109 396.42257 705.45603 397.5808 704.73242 397.98242 C 703.90077 398.444 703.23791 399.75865 702.93164 401.55273 C 702.34035 405.01634 702.17534 405.20463 700.87891 403.9082 C 700.20214 403.23143 698.61559 402.88281 696.20898 402.88281 C 692.90567 402.88281 692.4302 403.07056 691.13281 404.89258 C 690.34548 405.99828 689.84587 407.27868 690.02148 407.73633 C 690.58298 409.19957 688.72051 410.87828 686.08789 411.2832 C 684.68316 411.49926 683.17373 411.95766 682.73438 412.30273 C 682.29501 412.6478 681.62302 412.73658 681.24023 412.5 C 680.85744 412.26343 680.34368 412.61094 680.09766 413.27148 C 679.85164 413.93202 679.09765 415.22932 678.42383 416.1543 C 677.22232 417.80365 677.22854 417.8918 678.71094 420.70703 C 679.83543 422.84254 680.0071 423.65679 679.38086 423.88672 C 678.91788 424.05671 678.09104 425.06318 677.54297 426.12305 C 676.99489 427.18291 676.13168 428.04883 675.625 428.04883 C 675.11832 428.04883 674.57708 428.42163 674.42383 428.87695 C 674.21626 429.49368 673.90793 429.51747 673.21094 428.96875 C 672.69638 428.56366 671.47998 428.04244 670.50781 427.81055 C 668.82135 427.4083 668.67247 427.59083 667.27539 431.78906 C 665.932 435.82596 665.8951 436.33134 666.82422 437.91406 C 667.38122 438.86288 668.76085 442.0432 669.89062 444.98047 C 671.09397 448.10904 672.76138 451.10276 673.91602 452.20898 C 675.00007 453.24756 676.23742 455.16482 676.66602 456.4707 C 677.88034 460.17058 680.42904 463.8125 681.80469 463.8125 C 683.90395 463.8125 684.87754 465.56392 683.84766 467.48828 C 683.07029 468.9408 683.13557 469.35804 684.41016 471.08203 C 685.20315 472.1546 685.85156 473.30741 685.85156 473.64453 C 685.85156 473.98164 686.59716 474.74512 687.50781 475.3418 C 688.41845 475.93848 689.16406 477.01621 689.16406 477.73633 C 689.16406 478.45645 689.73943 479.62224 690.44336 480.32617 C 691.14729 481.03009 692.32186 483.59897 693.05273 486.03516 C 693.78361 488.47135 695.03326 491.15767 695.83008 492.00586 C 697.58579 493.87472 697.11126 495.60352 694.84375 495.60352 C 693.50823 495.60352 693.07167 496.06672 692.51953 498.06641 C 691.72598 500.94042 692.41617 502.02485 694.29492 500.85156 C 696.12061 499.7114 697.91776 500.53333 697.6543 502.38867 C 697.48415 503.58685 696.95438 503.92178 694.97461 504.08594 C 692.50835 504.29044 692.50686 504.29167 690.81836 509.63672 C 689.88937 512.57747 689.30027 515.5199 689.50781 516.17383 C 690.17312 518.27002 694.20366 520.10127 698.30664 520.17188 C 700.3803 520.20756 704.01514 520.76392 706.38281 521.4082 C 708.75049 522.05248 710.84173 522.61937 711.0293 522.66797 L 711.03125 522.66797 L 711.0332 522.66992 L 711.03516 522.66992 L 711.03711 522.66797 L 711.03906 522.66797 L 711.04102 522.66797 C 711.22129 522.58531 711.36424 520.21593 711.35938 517.29297 C 711.34859 511.32784 710.97708 512.26089 718.55469 499.24609 C 722.36066 492.70923 722.6733 491.63928 724.28125 479.70703 C 726.41651 463.86167 727.61601 460.32453 732.86133 454.37695 C 734.7596 452.22436 735.35669 451.13335 734.75195 450.92188 C 726.71223 448.11045 725.74681 447.57729 722.2207 443.99805 C 716.23337 437.92049 714.96223 431.56812 717.64062 421.0957 C 718.36915 418.24723 718.9668 415.30394 718.9668 414.55469 C 718.9668 411.91761 712.28864 392.8906 711.42188 393 z M 435.50781 422.79102 L 435.50781 425.14258 C 435.50781 427.43435 435.55957 427.48151 437.5918 427.03516 C 439.63713 426.58593 439.66812 426.61644 439.26367 428.63867 C 439.03697 429.77218 439.10352 430.69922 439.41211 430.69922 C 439.72071 430.69922 440.16546 431.89063 440.39844 433.34766 C 440.63143 434.80469 441.15488 435.99609 441.5625 435.99609 C 442.03706 435.99609 442.1702 436.81538 441.93359 438.27344 C 441.68439 439.80907 441.87087 440.80503 442.50586 441.33203 C 443.8038 442.40922 448.36577 442.24795 450.78906 441.03906 C 451.89258 440.48855 453.15543 440.17675 453.5957 440.3457 C 454.72658 440.77966 455.88191 444.85011 455.29688 446.33984 C 455.02763 447.02542 454.78537 448.40649 454.75977 449.4082 C 454.73417 450.40991 454.4359 451.23047 454.09766 451.23047 C 452.82547 451.23047 451.40234 453.38347 451.40234 455.30664 C 451.40234 457.84334 450.08454 457.53285 448.8125 454.69727 C 448.29852 453.55151 447.43553 452.44513 446.89648 452.23828 C 445.68097 451.77184 442.79297 453.5864 442.79297 454.81641 C 442.79297 456.14056 441.11572 456.56939 439.77344 455.58789 C 438.82235 454.89244 438.685 454.11978 439.01562 451.32812 C 439.23079 449.51128 439.29282 448.01365 439.16211 447.92188 C 439.16103 447.92132 439.15735 447.92029 439.15625 447.91992 L 439.1543 447.91797 L 439.15234 447.91797 L 439.15039 447.91797 C 439.00247 447.91797 438.28994 449.25351 437.56836 450.88477 C 436.39412 453.53933 436.35588 454.0478 437.19727 455.73438 C 438.49271 458.33115 438.64072 463.76181 437.4375 464.52344 C 435.63756 465.66278 432.31804 465.23918 431.86523 463.8125 C 431.41048 462.37973 429.90076 462.043 429.17773 463.21289 C 428.9314 463.61149 428.03661 463.8061 427.19141 463.64453 C 425.84909 463.38792 425.60031 463.67498 425.2207 465.92188 C 424.4899 470.24746 427.03026 471.92016 429.39648 468.67188 C 430.81992 466.71779 432.85742 466.88757 432.85742 468.95898 C 432.85742 471.91145 434.26197 471.57397 438.14258 467.69336 C 441.16282 464.67312 442.46838 463.8125 444.02539 463.8125 C 446.45253 463.8125 447.08489 464.64561 445.99023 466.39844 C 445.30448 467.49651 445.37296 467.93677 446.40234 469.07422 C 448.29956 471.17063 450.07812 470.85755 450.07812 468.42773 C 450.07812 466.09757 451.8771 464.96759 452.8418 466.69141 C 453.17907 467.29407 454.07414 467.78711 454.83008 467.78711 C 455.98842 467.78711 456.14478 468.08466 455.82617 469.67773 C 455.61824 470.71738 455.77684 471.89598 456.17969 472.29883 C 456.71478 472.83392 456.4836 473.84255 455.31836 476.03906 C 453.6689 479.14831 452.18637 479.79682 450.73242 478.04492 C 449.48706 476.54436 448.05185 478.02488 448.51367 480.33398 C 448.79991 481.76516 448.60297 482.2417 447.61523 482.5 C 446.58876 482.76843 446.4007 483.28938 446.62891 485.24414 C 446.87145 487.32162 446.72313 487.65625 445.56055 487.65625 C 444.8182 487.65625 443.80442 487.28344 443.30664 486.82812 C 442.80887 486.37279 441.65903 485.33696 440.75195 484.52734 L 439.10352 483.05469 L 436.08594 484.58398 L 433.06836 486.11133 L 434.65234 487.95312 C 435.87882 489.379 436.19375 490.41451 436.03906 492.5332 C 435.85151 495.10197 435.71976 495.26369 433.92383 495.13477 C 432.87102 495.0592 431.38177 494.41037 430.61328 493.69336 C 428.87502 492.07154 426.222 491.40726 424.91016 492.26562 C 423.5772 493.13782 424.7824 495.10423 426.96094 495.61328 C 428.91433 496.06971 429.54651 499.52635 427.92383 500.87305 C 425.79341 502.64114 426.8637 505.14815 430.04297 505.83789 L 432.19531 506.30469 L 432.19531 503.01172 C 432.19531 500.61971 432.48324 499.6084 433.24414 499.31641 C 435.41828 498.48211 436.54016 498.9932 437.82617 501.40039 C 438.5554 502.76538 439.59885 503.88086 440.14453 503.88086 C 441.49442 503.88086 443.2916 502.08254 442.94336 501.08008 C 442.70254 500.38682 443.07925 498.81408 445.17969 491.74023 C 445.75508 489.80243 447.12198 491.60208 447.52148 494.82422 C 448.15383 499.92426 448.44234 500.44151 450.08984 499.42578 C 451.55926 498.51985 454.22614 494.32648 455.04883 491.62891 C 455.58506 489.87063 456.50574 489.00683 457.85938 488.99023 C 458.44776 488.98302 458.6875 490.3925 458.6875 493.86523 C 458.6875 497.40044 458.96091 498.97965 459.67969 499.57617 C 460.22607 500.02964 460.67383 500.82133 460.67383 501.33594 C 460.67383 502.02752 460.9809 502.10854 461.85156 501.64258 C 462.49941 501.29586 464.42426 501.01172 466.12891 501.01172 C 469.16877 501.01172 469.22242 501.0461 468.85938 502.86133 C 468.65578 503.87925 468.8375 505.36386 469.26367 506.16016 C 469.8646 507.2829 469.85024 507.83512 469.20117 508.61719 C 468.3386 509.65653 466.66012 509.59241 461.94336 508.3418 C 460.17385 507.87263 459.25619 507.94128 458.33984 508.61133 C 457.65644 509.11105 455.47416 509.51263 453.42773 509.51562 C 450.49932 509.52017 448.6209 510.06442 444.24609 512.16992 C 440.39744 514.02218 438.26028 514.69462 437.12695 514.41016 C 435.7323 514.06013 435.50781 514.23362 435.50781 515.66016 C 435.50781 516.57133 435.03516 517.49766 434.45898 517.71875 C 433.8828 517.93987 433.21216 518.08085 432.96875 518.03125 C 432.72536 517.98164 431.78682 517.80173 430.88281 517.63281 C 429.97879 517.46389 428.2061 516.41926 426.94336 515.31055 L 424.64844 513.29492 L 422.91016 515.37695 C 421.57631 516.97467 420.64418 517.45527 418.90234 517.44727 C 416.24486 517.43539 415.68304 517.10364 414.08203 514.58984 C 412.42776 511.9924 413.04234 510.74714 415.71289 511.28125 C 417.32915 511.6045 418.03439 511.4164 418.71875 510.48047 C 420.6926 507.78107 419.06858 503.94866 415.39844 502.64648 C 414.57673 502.35493 414.27613 501.77991 414.5 500.92383 C 414.68493 500.21667 414.41997 499.1036 413.91211 498.44922 C 413.02729 497.30912 412.94804 497.31302 411.99609 498.54492 C 410.47489 500.51349 410.74404 503.35019 412.56445 504.54297 C 413.71094 505.29417 414.04099 506.00153 413.81055 507.20703 C 413.45437 509.07028 412.18261 509.28295 409.56641 507.91797 C 407.96357 507.08171 407.58816 507.14175 405.51172 508.55273 C 403.16793 510.14537 402.39258 511.36236 402.39258 513.45703 C 402.39258 514.11115 401.98264 514.98719 401.48242 515.40234 C 399.95881 516.66683 398.44075 515.50285 397.99805 512.73438 C 397.77014 511.30904 397.32422 509.98462 397.00781 509.78906 C 395.97522 509.15088 396.40275 507.07882 397.69336 506.4668 C 399.64746 505.54016 403.71789 500.2784 403.71289 498.68555 C 403.71065 497.90042 403.2473 496.37404 402.68359 495.29297 C 401.42018 492.87005 401.93908 490.30469 403.69141 490.30469 C 404.39149 490.30469 405.14793 490.60254 405.37305 490.9668 C 405.97408 491.9393 407.0293 491.77401 407.0293 490.70703 C 407.0293 490.19962 406.58154 489.61202 406.03516 489.40234 C 404.92244 488.97535 404.65952 485.3218 405.69531 484.68164 C 406.51257 484.17655 406.1255 480.1792 405.23047 479.88086 C 404.17645 479.52953 400.40625 483.42037 400.40625 484.85938 C 400.40625 485.57927 399.98371 486.51794 399.46875 486.94531 C 398.72749 487.56051 398.23587 487.40564 397.10156 486.19922 C 395.26757 484.24863 395.7279 480.40966 398.10352 477.84766 C 399.00589 476.87449 399.74414 475.40257 399.74414 474.57617 C 399.74414 473.27496 399.57893 473.17677 398.50781 473.8457 C 397.82754 474.27051 396.7806 474.43102 396.18164 474.20117 C 395.28243 473.85611 395.16462 473.16608 395.50781 470.24609 C 395.94128 466.55794 394.94281 464.47461 392.74219 464.47461 C 391.65961 464.47461 391.42614 461.47036 392.45898 460.83203 C 393.61345 460.11853 393.17181 459.07126 391.88867 459.47852 C 389.65275 460.18816 388.4841 459.20814 388.48438 456.62305 C 388.48458 454.61841 389.10067 453.54298 392.12695 450.26562 C 394.13023 448.09615 395.76953 445.93428 395.76953 445.46289 C 395.76953 444.99151 396.37586 444.60742 397.11719 444.60742 C 397.85852 444.60742 399.20967 444.11934 400.11914 443.52344 C 401.71634 442.47692 401.73172 442.39452 400.5918 441.12891 C 399.44224 439.85261 399.52362 439.71761 403.7168 435.91406 C 406.08448 433.7664 408.67792 431.83415 409.47852 431.62109 C 410.27913 431.40802 412.12652 431.76127 413.58398 432.4043 C 416.06514 433.49899 416.60069 434.22128 417.90234 438.22461 C 418.16265 439.02524 418.73234 439.34605 419.52539 439.13867 C 421.0153 438.74904 422.92383 439.72705 422.92383 440.88086 C 422.92383 441.34565 423.66137 442.41906 424.5625 443.26562 C 426.30447 444.90211 426.15482 444.99496 427.20703 441.62695 C 427.66371 440.16511 428.54321 440.41368 429.54688 442.28906 C 431.31313 445.58932 434.8457 443.40463 434.8457 439.01172 C 434.8457 436.47298 431.88783 430.7759 430.54102 430.7207 C 429.76514 430.68889 429.39075 426.0625 430.16406 426.0625 C 430.45159 426.0625 431.77193 425.32739 433.09766 424.42773 L 435.50781 422.79102 z M 362.51953 510.94141 C 362.17896 510.9846 361.56901 512.14237 360.16016 514.99609 C 358.20801 518.95032 357.79667 520.43461 358.07422 522.50391 C 358.34997 524.5598 358.13749 525.33694 357.0293 526.33984 C 356.26476 527.03174 355.64062 527.39202 355.64062 527.14062 C 355.64062 525.92778 352.85055 528.38621 351.75977 530.56055 C 350.7963 532.48111 350.66777 533.43908 351.17578 534.91992 C 351.90356 537.04139 351.06401 538.05417 349.01953 537.51953 C 348.24562 537.31714 346.55111 538.44424 344.06055 540.81836 C 340.60677 544.11067 340.354 544.54432 341.13867 545.80078 C 342.19341 547.48968 344.38086 548.19597 344.38086 546.84766 C 344.38086 544.98232 346.43993 545.1567 350.01953 547.32617 C 352.32403 548.72284 353.65234 549.97669 353.65234 550.75586 C 353.65234 551.43136 353.97293 552.58118 354.36328 553.31055 C 355.02454 554.54613 355.18144 554.56527 356.6582 553.59766 C 358.6423 552.2976 360.25985 552.28477 362.68359 553.54883 C 364.89518 554.70226 366.89844 554.84488 366.89844 553.84961 C 366.89844 553.46677 367.98014 552.703 369.30273 552.15039 L 371.70703 551.14453 L 371.23633 540.75781 C 370.78705 530.86156 370.66284 530.15377 368.58008 525.73633 C 367.37788 523.18652 366.21934 520.58443 366.00781 519.95312 C 365.79628 519.32181 365.22228 518.95971 364.73047 519.14844 C 363.4284 519.64809 361.81199 516.36053 362.6582 514.93359 C 363.02286 514.31862 363.15708 512.97189 362.95703 511.94141 C 362.83065 511.2904 362.72388 510.91549 362.51953 510.94141 z M 686.18555 521.2793 L 683.41211 535.33594 C 680.72836 548.94059 679.68022 560.64629 680.75977 564.93555 C 680.97105 565.77502 680.72911 566.70904 680.18555 567.16016 C 679.40969 567.80406 680.17937 568.95537 684.6543 573.85156 C 689.49362 579.14643 690.25003 579.72628 691.86719 579.37109 C 693.97432 578.90829 694.88399 579.86195 693.46094 581.04297 C 691.69097 582.51192 692.26392 588.92417 695.13672 599.7832 C 697.18344 607.5197 698.13264 610.07617 699.24023 610.83984 C 702.41158 613.02642 703.04202 614.13431 705.66602 622.13477 C 707.16571 626.70724 708.88612 630.94277 709.49023 631.54688 C 710.09433 632.15098 711.54771 635.71123 712.71875 639.45898 C 713.8898 643.20673 714.99407 646.27344 715.17383 646.27344 C 715.35358 646.27344 718.77856 642.24951 722.78516 637.33203 C 728.05383 630.86556 732.74288 626.05448 739.72852 619.94727 C 745.04081 615.30298 749.62109 611.50486 749.90625 611.50586 C 750.1914 611.50711 752.7077 613.59237 755.49805 616.14062 C 762.95033 622.9463 763.3933 624.13962 764.05859 639.21094 C 764.3587 646.00948 764.61827 652.34996 764.63477 653.30273 C 764.66379 654.97767 764.51027 655.04713 760.03711 655.36719 C 757.49263 655.54924 754.95992 656.07337 754.4082 656.53125 C 753.6444 657.16515 753.4043 658.82586 753.4043 663.49609 C 753.4043 670.35442 753.35561 670.4178 747.94141 670.4375 C 745.80896 670.44526 745.45794 670.65802 745.46094 671.9375 C 745.46692 674.3478 746.83149 678.58445 748.24023 680.56641 C 748.95965 681.57858 749.83446 683.44063 750.18359 684.70508 C 750.64055 686.36004 751.19186 687.00391 752.1543 687.00391 C 754.15173 687.00391 756.0838 688.19778 759.07812 691.2832 C 761.47287 693.75078 767.36805 698.26172 768.19727 698.26172 C 768.37023 698.26172 769.29542 696.92461 770.25391 695.28906 C 772.25253 691.87867 772.29566 691.864 782.21484 691.32617 C 786.22168 691.1089 792.27325 690.46371 795.66406 689.89062 C 799.05487 689.31756 801.9168 688.95362 802.02344 689.08398 C 802.1301 689.21433 803.05564 691.10937 804.08008 693.29492 C 805.6848 696.71842 805.98304 698.30163 806.23633 704.7207 L 806.53125 712.16992 L 810.77344 712.16992 C 813.10642 712.16992 817.16598 711.57421 819.79492 710.8457 C 822.42385 710.11718 826.51759 709.51486 828.89258 709.50586 C 832.80243 709.49149 833.83421 709.16286 839.81055 706.02539 L 846.41211 702.55859 L 846.22461 699.25195 C 845.60465 688.24937 842.03238 676.15692 837.42188 669.45312 C 835.0787 666.04608 834.55758 664.63009 833.76367 659.51953 C 832.5129 651.4681 832.52288 646.30637 833.79883 642.00977 C 834.38562 640.03384 834.86719 637.63054 834.86719 636.66992 C 834.86719 635.5721 831.96768 630.38938 827.0625 622.7168 C 822.77033 616.00305 818.59507 609.42471 817.7832 608.09961 C 815.8893 605.00853 814.10975 598.03 811.72461 584.32422 C 809.68649 572.61256 807.61053 566.76199 805.75195 567.5 C 805.19164 567.72249 803.83887 568.02764 802.74609 568.17773 C 800.76539 568.44977 800.73677 568.40892 794.00586 554.71094 C 789.04903 544.62336 786.23279 539.73153 783.41016 536.31055 C 781.29554 533.74766 778.83117 530.264 777.93359 528.57031 C 776.39827 525.67322 776.10451 525.46519 772.9668 525.04883 C 771.13245 524.80542 766.08794 523.89235 761.75781 523.01953 C 745.1136 519.66457 734.94624 521.90539 723.7793 531.39062 C 721.14509 533.62813 718.68385 535.35555 718.30859 535.23047 C 717.93333 535.10538 716.33897 532.27388 714.76562 528.9375 C 712.62614 524.40059 711.679 523.00947 711.01172 523.42188 C 710.52101 523.72514 706.2993 523.80342 701.62891 523.5957 C 697.06798 523.39286 693.31591 523.44653 693.14258 523.71094 C 693.14142 523.71307 693.13937 523.71855 693.13867 523.7207 C 693.13821 523.72287 693.13672 523.72827 693.13672 523.73047 C 693.13672 524.01162 695.38978 527.10977 698.14258 530.61523 L 703.14648 536.98828 L 701.64844 538.20312 C 700.37654 539.23304 700.0432 539.27414 699.45703 538.47852 C 699.07699 537.96266 695.93629 533.88212 692.47656 529.41016 L 686.18555 521.2793 z M 318.92578 588.60352 C 318.80868 588.60318 318.71821 588.62512 318.66406 588.67383 C 318.54348 588.7823 318.79009 589.51858 319.21289 590.30859 C 319.84095 591.48214 319.76683 591.98198 318.80664 593.04297 C 317.07138 594.96042 315.10028 594.34703 313.74805 591.46875 C 313.10631 590.10278 312.13532 588.98438 311.5918 588.98438 C 310.39882 588.98438 310.38072 589.26773 311.39062 592.06055 C 312.07448 593.95169 312.01088 594.41827 310.9082 595.63672 C 309.98819 596.6533 309.09055 596.95748 307.63867 596.74414 C 305.62086 596.44764 302.65625 597.38009 302.65625 598.31055 C 302.65625 598.58681 303.17896 599.72541 303.81641 600.8418 C 304.62575 602.2592 305.32388 602.76197 306.13086 602.50781 C 306.95511 602.24822 307.68596 602.82222 308.68164 604.50977 C 309.97862 606.70798 310.73381 607.13961 314.24609 607.68359 C 315.21816 607.83414 315.74833 607.35496 316.23438 605.88672 C 316.79358 604.19747 317.2819 603.8552 319.37891 603.68164 C 320.74488 603.56859 321.86328 603.21616 321.86328 602.89844 C 321.86328 602.58072 322.45859 602.13173 323.1875 601.90039 C 325.16985 601.27121 326.0458 599.23392 325.03125 597.60938 C 324.43147 596.64896 324.38808 595.94211 324.88281 595.11133 C 325.90788 593.38995 325.28924 591.68884 323.4707 591.23242 C 322.58672 591.01055 321.86328 590.55331 321.86328 590.2168 C 321.86328 589.69314 319.74546 588.60584 318.92578 588.60352 z M 390.7832 643.39648 C 391.61818 643.42286 392.72885 643.72298 394.18555 644.2793 C 396.22422 645.05788 397.09375 645.76806 397.09375 646.6582 C 397.09375 647.35659 396.78929 647.92969 396.41602 647.92969 C 396.04275 647.92969 395.45364 648.67333 395.10742 649.58398 C 394.76119 650.49462 394.07589 651.24023 393.58398 651.24023 C 393.09207 651.24023 392.04119 651.93113 391.24805 652.77539 C 389.90647 654.20343 389.85816 654.5708 390.55469 658.03906 C 391.55474 663.01872 391.12962 663.95857 387.99414 663.69922 C 385.90071 663.52606 385.51304 663.25676 385.55664 662.00977 C 385.60592 660.59831 385.43125 660.54744 381.91406 660.94141 C 377.6412 661.42004 376.80039 661.92685 376.24414 664.36523 C 376.02137 665.34177 375.45623 666.65203 374.98828 667.27539 C 374.02419 668.55962 368.98762 669.59757 368.39258 668.63477 C 368.1785 668.28834 368.13713 667.26576 368.30078 666.36328 C 368.54702 665.00536 368.1889 664.52748 366.22266 663.58984 C 364.23364 662.64143 363.9113 662.20118 364.24023 660.89062 C 364.50441 659.83805 364.30924 659.20235 363.64453 658.94727 C 362.2537 658.41356 362.41588 656.05937 363.98047 654.07031 C 364.70899 653.14416 365.30945 651.60688 365.31445 650.6543 C 365.32826 648.2962 366.0548 647.33282 367.98242 647.11719 C 368.87714 647.01711 369.99864 646.41479 370.47461 645.77734 C 372.3951 643.20534 379.69018 645.0317 381.50391 648.53906 C 382.21782 649.9196 383.0507 650.57812 384.08203 650.57812 C 386.0761 650.57813 388.32257 648.11028 388.59766 645.61719 C 388.76861 644.06789 389.39157 643.35253 390.7832 643.39648 z " /><path
   style="opacity:1;fill:#ffd42a;stroke:#ffd42a;stroke-width:0.70246166;stroke-linejoin:miter;stroke-miterlimit:4;stroke-dasharray:none;stroke-opacity:1"
   d="m 716.10628,526.74065 c -2.62354,-5.65152 -2.76261,-6.13473 -2.79016,-9.69445 -0.0338,-4.37235 0.71895,-6.19447 6.27852,-15.19746 4.34049,-7.02886 5.29925,-10.1909 7.00613,-23.10679 1.97928,-14.97713 2.87935,-17.32279 9.47876,-24.70231 1.63049,-1.82323 2.97238,-3.67142 2.98196,-4.10708 0.01,-0.43566 0.16909,-1.0375 0.35444,-1.33741 0.22757,-0.36821 -0.91871,-0.95953 -3.52973,-1.82084 -7.581,-2.50077 -11.51882,-5.30358 -13.6878,-9.74248 -1.88841,-3.86471 -1.99675,-7.17848 -0.45588,-13.94447 2.17358,-9.54427 2.1654,-9.6035 -3.65523,-26.44559 -2.76887,-8.01178 -5.03431,-14.70273 -5.03431,-14.86877 0,-0.16605 0.40781,-0.30191 0.90625,-0.30191 0.51996,0 1.46812,-0.78696 2.22446,-1.8463 0.72502,-1.01546 1.80214,-2.06908 2.3936,-2.34138 0.59146,-0.27229 1.41863,-1.07468 1.83815,-1.78309 0.41953,-0.7084 2.56984,-2.89546 4.77847,-4.86012 4.18978,-3.72699 6.59138,-7.2468 6.59138,-9.66039 0,-2.05501 4.94713,-9.01211 6.40843,-9.01211 0.33742,0 1.45705,-0.7621 2.48807,-1.69357 1.69357,-1.53003 1.87458,-1.91147 1.87458,-3.95013 0,-1.24111 -0.24584,-2.84981 -0.54632,-3.57489 -0.30047,-0.72509 -0.5683,-3.22573 -0.59517,-5.557 -0.0419,-3.63054 -0.19863,-4.42906 -1.09276,-5.56577 -0.57415,-0.72991 -1.0439,-1.9051 -1.0439,-2.61153 0,-0.70644 -0.31611,-1.54678 -0.70246,-1.86742 -0.38636,-0.32065 -0.70246,-0.8304 -0.70246,-1.13278 0,-0.30238 -1.15615,-1.9098 -2.56921,-3.57205 -1.87829,-2.20949 -2.57095,-3.40535 -2.57569,-4.44682 -0.004,-0.84694 -0.97298,-3.11016 -2.39005,-5.58155 -2.54962,-4.44656 -5.23671,-12.23412 -5.01197,-14.52536 0.0851,-0.86774 0.5158,-1.58202 1.14051,-1.89151 0.55206,-0.2735 1.34233,-0.77827 1.75615,-1.12172 0.59095,-0.49044 0.89855,-0.50316 1.43344,-0.0592 0.94469,0.78402 4.09121,2.35932 4.71254,2.35932 0.28186,0 1.22656,0.52685 2.09935,1.17077 0.87279,0.64392 2.05887,1.17077 2.63572,1.17077 0.71037,0 1.47586,0.63583 2.37209,1.97027 1.03696,1.544 1.7242,2.05358 3.17652,2.35532 1.0193,0.21178 2.28173,0.77509 2.80539,1.25179 0.52367,0.47671 2.42057,1.74977 4.21533,2.82903 2.75257,1.65523 3.52201,1.91658 4.91723,1.6702 2.83114,-0.49995 3.29311,-0.74364 3.29311,-1.73717 0,-0.82946 0.20371,-0.92285 1.46346,-0.6709 0.80491,0.16098 2.13567,0.29269 2.95727,0.29269 1.25038,0 1.62311,0.27116 2.28733,1.66404 0.92143,1.93227 1.91087,1.71189 1.60708,-0.35795 -0.13042,-0.88859 0.0228,-1.48005 0.4233,-1.63373 0.34524,-0.13248 0.62772,-0.489 0.62772,-0.79226 0,-0.72667 2.40544,-2.09529 3.18817,-1.81396 0.33687,0.12107 0.98081,-0.1132 1.43099,-0.5206 1.0084,-0.9126 8.15196,-1.10169 21.44269,-0.56761 8.40626,0.33781 9.10198,0.30141 11.0955,-0.58042 2.36803,-1.04749 4.91619,-1.40774 5.85468,-0.82772 0.39983,0.24711 1.09142,-0.0737 1.96663,-0.91218 1.12861,-1.08126 1.46789,-1.19543 2.06929,-0.69632 0.61358,0.50923 0.82264,0.34981 1.42186,-1.08433 0.38638,-0.92473 0.7025,-2.83473 0.7025,-4.24443 0,-1.40971 0.19181,-2.68164 0.42623,-2.82652 1.02888,-0.63589 3.84155,-6.54151 3.59099,-7.53983 -0.15688,-0.62506 0.0148,-1.27213 0.42847,-1.6155 0.57215,-0.47483 0.77374,-0.34384 1.17879,0.76596 0.26873,0.73631 0.72691,1.97096 1.01816,2.74367 0.66533,1.76512 3.07333,4.40219 4.54289,4.97504 0.81087,0.31608 1.42037,0.23654 2.22446,-0.29032 1.44455,-0.94651 1.4088,-1.64072 -0.0845,-1.64072 -1.67822,0 -3.21923,-1.7376 -4.17881,-4.71193 -0.45192,-1.40076 -1.19611,-3.20393 -1.65376,-4.00703 l -0.83208,-1.46019 1.6027,-0.76427 c 0.88149,-0.42035 2.06972,-0.76751 2.64051,-0.77145 1.38302,-0.01 2.31514,-0.64417 2.13004,-1.4502 -0.0828,-0.36035 0.32254,-1.12818 0.90066,-1.70629 0.5781,-0.57811 1.0511,-1.46468 1.0511,-1.97016 0,-0.50547 0.43648,-2.08563 0.96995,-3.51145 0.80056,-2.13968 1.50738,-3.02192 4.04744,-5.05188 3.40889,-2.72431 4.54651,-3.77692 6.10183,-5.64591 1.16501,-1.39998 2.95444,-1.65914 3.86663,-0.56002 0.35136,0.42337 1.37611,0.70246 2.57917,0.70246 1.55331,0 2.1494,-0.23377 2.68675,-1.05369 2.35301,-3.59037 10.08533,-8.24295 16.53722,-9.95053 l 2.78302,-0.73657 3.61293,3.88009 c 1.9871,2.13405 3.62033,4.20606 3.62938,4.60447 0.009,0.39842 -0.4096,2.67656 -0.93035,5.06253 -0.52075,2.38598 -0.83751,4.51501 -0.70391,4.73118 0.1336,0.21616 1.3201,0.65144 2.63667,0.96728 3.13063,0.75103 5.13254,2.57574 6.72919,6.13356 1.90492,4.24473 4.41516,6.52443 8.93268,8.11232 2.04796,0.71985 4.77726,1.80357 6.06511,2.40827 2.51521,1.181 9.9159,7.12037 9.70992,7.79263 -0.0685,0.22356 -1.98863,3.08332 -4.26696,6.35501 -5.44637,7.82103 -5.8396,8.6318 -5.8378,12.03654 0.004,6.70761 5.87733,11.70184 14.44407,12.2812 2.56536,0.1735 4.34736,-0.0533 8.19539,-1.04327 2.70448,-0.69574 5.09058,-1.42734 5.30245,-1.62578 0.76163,-0.71335 2.6402,-9.20317 2.6494,-11.97337 l 0.009,-2.82953 4.0977,-1.48111 c 3.76156,-1.35962 4.87218,-1.52668 13.53939,-2.03667 5.19294,-0.30555 9.74529,-0.43906 10.11633,-0.29667 0.5266,0.20207 0.74798,1.86236 1.00886,7.56633 l 0.33422,7.30746 -4.27505,7.47619 c -2.35127,4.1119 -4.45344,7.58644 -4.67147,7.7212 -0.21804,0.13475 -1.3638,-0.16965 -2.54613,-0.67646 -1.76694,-0.75741 -2.14967,-1.13835 -2.14967,-2.13966 0,-2.78981 -1.44177,-3.83381 -7.12657,-5.16041 -4.99564,-1.16577 -5.64864,-0.82392 -6.94311,3.63481 l -0.99087,3.41297 -3.82619,0 -3.82619,0 -3.10404,12.41016 c -1.70723,6.82559 -3.25102,13.29049 -3.43065,14.36646 l -0.32661,1.9563 2.25988,0.31247 c 5.31975,0.73557 11.55599,3.15459 22.52134,8.73596 26.77064,13.6263 37.01447,19.87394 43.1789,26.33452 l 1.62374,1.70174 -1.15543,2.12622 c -1.62523,2.99077 -3.65609,5.34634 -4.60935,5.34634 -1.30923,0 -13.69656,3.13491 -20.46911,5.18021 -3.43948,1.03871 -10.9491,3.53253 -16.68805,5.54183 -6.56696,2.29919 -11.56271,3.7733 -13.47846,3.97712 -4.97902,0.52972 -16.75347,3.56582 -21.77632,5.61513 l -4.68307,1.91068 -15.45416,0.0612 c -8.49979,0.0337 -16.19174,0.21151 -17.09324,0.39517 -0.90149,0.18366 -4.2733,1.09044 -7.49292,2.01507 l -5.85385,1.68114 -7.72708,-0.55001 c -4.24989,-0.3025 -10.46667,-0.55001 -13.81508,-0.55003 -5.79837,-2e-5 -19.8912,-1.06397 -21.96863,-1.65853 -0.53814,-0.15402 -3.43272,-1.4347 -6.43239,-2.84595 -7.58645,-3.5692 -8.97861,-3.70988 -21.00545,-2.12273 l -9.60031,1.26693 0.0892,1.39783 c 0.28007,4.38774 0.14091,9.65789 -0.30895,11.7006 -0.28362,1.28785 -2.81107,9.40128 -5.61656,18.02985 -2.80549,8.62857 -5.45562,17.05811 -5.88918,18.73231 -1.29344,4.9946 -1.01734,10.87348 1.16568,24.82031 2.31174,14.76923 3.35912,19.50056 5.15971,23.3079 l 1.34621,2.84657 -1.71953,-0.2482 c -0.94574,-0.13651 -5.51282,-1.00578 -10.14907,-1.93171 -13.6396,-2.72402 -21.72001,-2.32804 -30.34685,1.48716 -3.01598,1.33381 -8.47876,5.02625 -11.82054,7.98982 l -2.36122,2.09399 -2.76118,-5.94799 z"
   id="Marsiling-Yew-Tee-GRC"
   inkscape:connector-curvature="0"
   inkscape:label="Marsiling-Yew-Tee-GRC" /><path
   id="Holland-Bukit-Timah-GRC"
   style="opacity:1;fill:#ffd42a;stroke:#ffd42a;stroke-width:0.702462;stroke-linejoin:miter;stroke-miterlimit:4;stroke-dasharray:none;stroke-opacity:1"
   inkscape:label="Holland-Bukit-Timah-GRC"
   d="M 986.29688 403.86523 L 984.43164 404.20508 C 977.17386 405.52319 965.01581 408.89231 953.67188 412.72852 L 945.85352 415.37109 L 945.56055 417.10156 C 944.9517 420.70532 947.25897 425.02344 949.79297 425.02344 C 951.88542 425.02344 952.7829 422.13304 951.66992 418.97852 C 951.27534 417.86016 950.95312 416.65475 950.95312 416.30078 C 950.95313 415.2499 952.23505 415.56564 953.49805 416.92773 L 954.67773 418.19922 L 955.97656 417.24609 C 956.69116 416.7215 957.93502 415.06365 958.74219 413.5625 C 960.09936 411.03849 960.24903 410.90535 960.73242 411.80859 C 961.67783 413.5751 961.27802 414.91326 958.82617 418.17773 C 956.76885 420.91691 956.37392 421.77803 956.19727 423.9082 C 955.94303 426.974 956.357 427.22706 960.03125 426.26758 C 961.47816 425.88978 962.66016 425.72952 962.66016 425.91211 C 962.66016 426.0947 961.93698 426.94568 961.05273 427.80273 C 957.80528 430.95028 957.75819 433.15482 960.86328 436.52344 C 962.76301 438.58441 965.91765 440.00977 968.58398 440.00977 C 969.84981 440.00977 972.96289 437.0687 972.96289 435.87305 C 972.96289 434.74035 973.87677 433.92188 975.14062 433.92188 C 976.37436 433.92188 978.58398 431.28403 978.58398 429.81055 C 978.58398 429.2721 978.38027 428.29467 978.13086 427.63867 C 977.75094 426.63939 977.83834 426.36016 978.67188 425.91406 C 979.51492 425.46287 979.79645 425.55023 980.51953 426.49023 C 982.426 428.96863 982.22895 433.22783 979.99414 437.80859 C 978.41642 441.0425 978.18974 443.03658 979.35156 443.48242 C 980.6046 443.96326 981.67875 443.36945 983 441.46289 C 983.68463 440.47497 984.7448 439.19467 985.35742 438.61914 L 986.47266 437.57422 L 987.21094 439.00195 C 987.61738 439.7879 987.94922 441.04748 987.94922 441.80078 C 987.94922 444.5438 988.52436 446.12338 989.76758 446.79492 C 991.13697 447.53463 992.30252 447.35364 994.03711 446.13281 C 997.42236 443.75023 998.2718 439.61501 996.12695 435.95508 C 994.85931 433.79202 993.83963 433.11452 989.93945 431.83984 C 987.85995 431.1602 987.48047 430.85848 987.48047 429.88672 C 987.48047 429.07007 987.95605 428.45887 989.12109 427.77148 C 990.2277 427.11856 990.75977 426.45875 990.75977 425.74219 C 990.75977 424.13594 989.05563 422.30298 986.98828 421.68359 C 985.97182 421.37905 985.14062 420.96917 985.14062 420.77344 C 985.14062 420.57771 984.99968 420.05059 984.82812 419.60352 C 984.55258 418.88544 984.75452 418.82443 986.55859 419.06641 C 987.6818 419.21706 988.95747 419.14796 989.39453 418.91406 C 990.4909 418.32729 992.48722 414.80796 992.86523 412.79297 C 993.29607 410.4964 992.14207 407.82615 990.54688 407.42578 C 989.30629 407.11442 988.70653 407.20568 985.25977 408.23242 C 982.84032 408.95313 981.89002 408.38853 982.87305 406.81445 C 983.21372 406.26895 983.7253 405.82227 984.00977 405.82227 C 984.29425 405.82227 984.92503 405.38197 985.41211 404.84375 L 986.29688 403.86523 z M 998.25586 404.81836 L 997.83203 405.93359 C 997.59872 406.54724 997.14503 407.92533 996.82422 408.99609 C 996.25227 410.90508 996.27447 410.98446 997.98047 413.06641 C 999.49966 414.92038 999.95097 415.18945 1001.5352 415.18945 C 1004.6414 415.18945 1004.3501 416.25152 1000.5938 418.63086 C 999.51471 419.3143 998.90585 420.09191 998.81055 420.90625 C 998.61098 422.61184 999.4884 425.64854 1000.5625 426.96875 C 1001.4375 428.04418 1001.485 428.05072 1002.8535 427.24805 C 1003.622 426.7973 1004.387 426.42773 1004.5527 426.42773 C 1004.7184 426.42773 1005.9196 427.49566 1007.2227 428.79883 C 1008.4953 430.07146 1009.6126 431.04822 1009.748 431.00977 L 1009.75 431.00781 L 1009.752 431.00781 L 1009.752 431.00586 L 1009.7539 431.00586 L 1009.7559 431.00391 L 1009.7578 431.00195 C 1009.83 430.88176 1009.4004 429.75958 1008.7891 428.48242 C 1008.1682 427.185 1006.8881 423.18997 1005.9453 419.60352 C 1004.0625 412.44222 1001.8355 407.58386 999.66406 405.90625 L 998.25586 404.81836 z M 940.7793 417.31445 C 940.15907 417.3319 939.23598 417.65185 937.85938 418.16211 C 935.75196 418.94326 933.5642 419.4043 931.96094 419.4043 C 930.62475 419.4043 929.51859 419.48642 929.41797 419.58984 L 929.41602 419.5918 C 929.41546 419.59265 929.41253 419.5968 929.41211 419.59766 L 929.41211 419.59961 L 929.41211 419.60156 L 929.41211 419.60352 L 929.41211 419.60547 C 929.41211 420.01816 935.11554 425.22844 936.79688 426.35156 C 937.75757 426.9933 939.33416 428.22056 940.30078 429.08008 C 943.10043 431.56954 943.76931 430.95904 942.71094 426.87891 C 942.35036 425.48884 942.05283 422.97543 942.04883 421.29297 C 942.04192 418.34988 941.96336 417.28114 940.7793 417.31445 z M 926.45898 420.35156 C 924.89125 420.38027 915.06366 423.21183 911.31836 424.71484 C 907.22518 426.35746 906.68372 426.45164 898.67578 426.91016 C 893.69511 427.19536 888.31759 427.2308 885.39062 426.99609 C 878.69063 426.45882 873.96577 426.95562 867.08984 428.92188 C 859.54921 431.07822 858.22663 431.25154 854.01367 430.63086 C 852.0819 430.34626 846.0419 430.02724 840.5918 429.92188 C 831.1824 429.73997 817.34982 428.70864 815.36328 428.04102 C 814.85682 427.87082 811.91311 426.54273 808.82227 425.08984 C 803.22684 422.4596 803.18363 422.44727 798.75391 422.44727 C 796.307 422.44727 791.41292 422.84471 787.87891 423.33008 L 781.45312 424.21289 L 781.73438 426.9082 C 782.22912 431.64161 781.09701 436.72428 776.1582 451.9375 C 769.12027 473.61673 769.17354 473.42364 768.91797 478.64453 C 768.72252 482.63743 769.00252 485.32879 770.82031 496.9082 C 771.99291 504.37771 773.29466 511.9646 773.71289 513.76758 C 774.91316 518.9419 780.2389 528.82874 785.15039 534.99805 C 788.81196 539.59735 790.05376 541.71962 795.83789 553.27734 L 802.38281 566.35547 L 804.36523 565.4668 C 807.56416 564.0346 807.76138 564.15237 809.96484 568.78906 C 811.74233 572.52937 812.13852 574.02699 813.52344 582.25195 C 815.39524 593.36842 816.70246 599.36665 818.14453 603.44922 C 818.82028 605.3623 821.96762 610.75597 826.61719 617.9668 C 830.68619 624.27725 834.63367 630.41852 835.38867 631.61328 C 837.35069 634.7181 837.4716 636.66347 836.0332 641.94336 C 834.6301 647.09366 834.54577 649.47684 835.50195 656.72656 C 836.4406 663.84328 836.54195 664.1751 838.79297 667.37305 C 839.88077 668.91847 841.19486 671.02636 841.71289 672.05664 C 843.06864 674.75301 846.98828 686.48166 846.98828 687.8418 C 846.98828 688.47466 847.12906 689.13298 847.30078 689.30469 L 847.30078 689.30664 C 853.02325 689.56807 858.74905 689.75753 864.47656 689.89258 C 858.82511 689.91267 853.18219 689.92171 847.54883 689.91602 C 847.47019 689.95173 847.68138 692.30446 848.01758 695.14258 L 848.62891 700.30273 L 851.79102 698.41602 C 854.50886 696.7951 855.05918 696.61892 855.70898 697.1582 C 856.12483 697.50333 860.72588 703.16448 865.93359 709.74023 C 884.82098 733.58928 894.79185 746.55685 895.74609 748.51367 C 896.99894 751.08284 897.94196 756.86663 897.22461 757.58398 C 896.85458 757.95402 895.30588 757.62757 891.63477 756.4043 C 888.84275 755.47396 886.18344 754.71289 885.72461 754.71289 C 885.26579 754.71289 883.89691 754.20763 882.68164 753.5918 C 880.51601 752.4944 878.40676 750.29396 874.97266 745.54492 L 873.25391 743.16797 L 866.06445 742.67578 C 858.90751 742.18576 856.8329 741.66524 855.45898 740.00977 C 854.95015 739.39663 854.71903 739.38429 853.85352 739.92969 C 853.29761 740.28 851.36744 741.02662 849.56445 741.58789 C 847.76147 742.14917 844.47044 743.4644 842.25 744.51172 L 838.21289 746.41602 L 834.35352 745.81641 C 830.17941 745.16708 823.24848 745.45385 821.58203 746.3457 C 821.04768 746.63168 819.11613 747.11614 817.29102 747.42188 C 814.02817 747.96845 813.95422 748.01385 812.87695 750.05664 C 811.56792 752.53889 811.53515 752.56279 807.57617 753.85352 L 804.45703 754.86914 L 803.04883 758.98438 L 801.64258 763.09766 L 804.29492 764.5957 C 809.55096 767.56498 820.08878 773.25244 821.34961 773.80078 C 822.87172 774.46274 822.8509 773.99162 821.70117 781.64062 C 820.62162 788.82279 820.56579 792.26922 821.31641 805.87891 C 821.74138 813.58423 821.74691 816.20231 821.33789 816.61133 C 820.92886 817.02035 820.01314 816.7905 817.58203 815.66992 C 813.42545 813.75403 811.77176 813.78416 807.80273 815.85156 C 806.04542 816.76691 804.44758 817.67448 804.25195 817.86914 C 804.05631 818.06379 804.94985 819.68696 806.23828 821.47461 C 810.40443 827.255 822.22795 845.28309 822.89648 846.875 C 823.43123 848.14835 823.69241 848.34268 824.37891 847.97266 C 826.6158 846.76698 827.27234 845.41175 827.5918 841.33984 C 827.76318 839.1554 828.20987 836.70082 828.58398 835.88477 C 829.24937 834.43334 838.59788 824.95064 839.34961 824.96484 C 840.03917 824.97784 840.68477 825.62399 843.38867 828.99805 C 844.85941 830.83332 847.63648 833.63469 849.55859 835.22461 C 852.23896 837.44173 853.16094 838.51996 853.51367 839.84961 C 854.75523 844.52988 855.88738 850.77892 856.85547 858.29688 L 857.92188 866.58203 L 859.12891 866.38086 C 865.56695 865.30637 872.81569 864.80956 875.31445 865.27148 C 879.00238 865.95324 880.1111 866.53451 896.62891 876.45117 C 904.48478 881.16753 911.59109 885.31404 912.41992 885.66602 C 914.56923 886.57879 918.8982 886.45836 924.32422 885.33398 C 926.90542 884.7991 929.36846 884.50905 929.79883 884.68945 C 930.2292 884.86985 932.79552 885.60482 935.5 886.32227 C 938.20448 887.03973 940.54046 887.64652 940.69141 887.66992 C 941.01134 887.71946 942.52539 882.47792 942.52539 881.32031 C 942.52539 879.48343 940.96061 875.68752 940.03125 875.26953 C 939.41237 874.99117 938.86483 874.06856 938.52539 872.72656 C 937.28962 867.8409 935.17007 865.10686 929.44336 861.01758 C 923.67539 856.89884 922.81061 856.06026 918.82422 850.71484 C 912.50193 842.23726 911.43175 840.40255 912.44336 839.77734 C 913.28243 839.25876 920.88442 840.51345 923.12891 841.54102 L 925.53125 842.64062 L 926.39648 841.17578 C 926.87228 840.36991 928.76086 837.60303 930.59375 835.02734 C 932.42664 832.45165 937.03496 825.70755 940.83398 820.04102 C 944.633 814.3745 947.94385 809.66652 948.19141 809.57812 C 948.62502 809.42323 961.17549 819.28447 964.53516 822.41992 L 966.17383 823.94922 L 972.95703 821.39453 L 979.74219 818.83789 L 985.79883 819.57812 C 989.13056 819.98527 992.03249 820.42657 992.24609 820.55859 C 992.94318 820.98941 992.65326 822.07827 991.76758 822.35938 C 990.3985 822.79392 989.81596 824.54606 990.56445 825.97461 C 991.34771 827.46949 992.62152 827.82834 995.81641 827.45508 C 1000.4792 826.91031 1001.8536 828.73182 1001.3281 834.75586 C 1001.11 837.25598 1001.1721 838.55093 1001.5195 838.76562 C 1001.8018 838.94011 1001.9952 839.85773 1001.9492 840.80273 C 1001.8618 842.60821 1005.4682 851.18359 1006.3145 851.18359 C 1006.5535 851.18359 1008.9992 849.00539 1011.75 846.34375 C 1019.6151 838.73344 1022.791 836.27551 1027.6895 834.00195 C 1031.5708 832.20051 1032.5998 831.45193 1035.7734 828.12109 C 1039.1642 824.56227 1039.4625 824.08158 1040.1992 821.00195 C 1040.6337 819.18563 1041.1496 817.52281 1041.3457 817.30664 C 1041.5419 817.09046 1044.5177 817.24393 1047.959 817.64648 C 1051.4003 818.04902 1057.3326 818.70769 1061.1426 819.11133 C 1064.9525 819.51497 1068.5403 820.02361 1069.1152 820.24219 C 1069.6901 820.46076 1073.4221 821.5 1077.4082 822.55078 C 1081.3944 823.60156 1087.1009 825.28681 1090.0898 826.29492 L 1095.5254 828.12695 L 1096.3398 825.48828 C 1096.788 824.03745 1098.0644 820.91454 1099.1758 818.54688 L 1101.1953 814.24219 L 1101.1211 809.10742 L 1101.0469 803.97266 L 1099.4062 803.11133 C 1098.5047 802.63849 1096.082 800.66491 1094.0215 798.72461 C 1089.4051 794.37763 1086.5813 792.55877 1081.668 790.76562 C 1077.0166 789.06807 1073.2006 787.1629 1059.541 779.72266 C 1047.9197 773.39271 1047.2001 773.06451 1041.1934 771.33984 C 1035.1059 769.59197 1033.3164 768.48253 1026.3145 762.125 C 1022.8168 758.94919 1017.4415 754.10375 1014.3711 751.35742 C 1011.3008 748.61109 1006.7541 744.39725 1004.2656 741.99219 C 997.11304 735.07966 983.73438 720.70116 983.73438 719.92578 C 983.73438 719.44748 985.42376 718.6398 988.99023 717.41406 L 994.24414 715.60938 L 995 711.79883 C 995.83806 707.57045 996.62227 706.01791 1000.1426 701.625 C 1001.4635 699.97653 1003.6555 696.75178 1005.041 694.47461 L 1008.4434 688.88281 C 1008.4281 688.88277 1008.4118 688.88286 1008.3965 688.88281 L 1022.0332 666.25 L 1036.1133 642.88086 L 1035.2422 641.3125 C 1034.7626 640.44955 1033.9607 638.89942 1033.4609 637.86914 C 1032.9611 636.83887 1031.9804 635.4701 1031.2812 634.82617 C 1030.5821 634.18225 1029.2074 632.28509 1028.2266 630.60938 C 1025.386 625.75602 1023.6792 624.69758 1022.1523 626.8418 C 1020.9586 628.51794 1020.9569 629.04241 1022.1367 629.67383 C 1022.6519 629.94952 1023.4035 630.67967 1023.8066 631.29492 C 1024.4725 632.31206 1024.4701 632.54482 1023.7832 633.87305 C 1022.9712 635.44334 1021.1229 636.41915 1019.7715 635.99023 C 1019.2504 635.82483 1018.6943 636.07071 1018.291 636.64648 C 1017.3481 637.99279 1015.4241 638.32919 1013.668 637.45312 L 1012.1797 636.71094 L 1012.457 638.41016 C 1012.9613 641.51745 1011.0969 642.82878 1008.6309 641.10156 C 1007.6467 640.41215 1007.4902 640.41628 1006.6855 641.14453 C 1006.0928 641.68086 1005.4615 641.82771 1004.7246 641.60156 C 1002.9799 641.06612 1002.4668 640.43056 1002.4668 638.80664 C 1002.4668 636.93369 1001.3917 635.84147 1000.377 636.68359 C 999.10369 637.74035 999.03423 639.04981 1000.1855 640.27539 L 1001.2715 641.43164 L 1000.3887 643.63086 C 999.56323 645.68975 999.48777 646.56978 999.77734 650.74805 C 999.88367 652.28228 999.80139 652.38672 998.48633 652.38672 C 997.25373 652.38672 996.92126 652.07163 995.77734 649.8125 C 993.99253 646.28769 993.4466 645.78582 992.46484 646.76758 C 992.04169 647.19073 991.69531 648.25948 991.69531 649.14258 C 991.69531 650.64461 991.59601 650.74805 990.16016 650.74805 C 988.13452 650.74805 986.54492 649.59301 986.54492 648.12109 C 986.54492 647.47764 987.41373 645.67055 988.47656 644.10547 C 990.37198 641.31434 994.03711 634.00468 994.03711 633.01562 C 994.03711 632.73956 994.44396 631.71601 994.94141 630.74219 C 996.16173 628.35326 996.28581 627.31309 995.41406 626.75 C 994.40947 626.10111 992.66229 627.80049 991.08789 630.95898 C 989.88105 633.38012 989.8751 633.44216 990.64648 635.52344 C 991.38067 637.50429 991.37916 637.68335 990.62695 638.43555 C 989.8706 639.19191 989.67772 639.16476 987.19531 637.94727 L 984.56641 636.6582 L 982.74609 638.57227 C 981.74483 639.62483 980.92383 640.80311 980.92383 641.19141 C 980.92383 642.48356 982.28202 644.54675 984.22852 646.21289 L 986.1543 647.86133 L 985.17773 648.83594 C 983.66196 650.35171 981.39291 650.11321 978.84961 648.17188 C 975.50236 645.61686 974.62777 646.15492 976.39844 649.67773 C 978.15922 653.18087 978.30697 653.9749 977.38281 654.99609 C 976.04606 656.47318 975.02362 656.05837 972.69141 653.08984 C 971.47726 651.54442 970.1856 650.2793 969.82031 650.2793 C 968.52946 650.2793 967.34375 651.26307 967.34375 652.33398 C 967.34375 653.9576 968.25623 656.25939 969.01562 656.55078 C 970.18921 657.00113 969.73953 658.61261 967.95703 660.34375 C 965.74702 662.49009 964.84705 662.33274 964.5 659.74023 C 964.35265 658.63958 963.87605 657.38386 963.44141 656.94922 C 962.69994 656.20776 962.54728 656.26326 960.95312 657.85742 C 958.61711 660.19343 958.30593 663.10461 960.04688 666.34375 C 961.43843 668.93282 961.56831 669.94922 960.50781 669.94922 C 959.83883 669.94922 958.69328 668.82421 954.54492 664.0957 C 953.50806 662.91384 953.23681 662.80165 952.8418 663.39258 C 952.58354 663.77893 952.36923 664.7621 952.36523 665.57812 C 952.36129 666.39416 952.23057 667.39531 952.07422 667.80273 C 951.77437 668.58412 949.54883 668.85445 949.54883 668.10938 C 949.54883 667.43673 948.1558 666.20312 947.39648 666.20312 C 947.02214 666.20312 946.50975 666.74553 946.25781 667.4082 C 945.72003 668.82271 944.26783 668.79577 943.99609 667.36719 C 943.89867 666.855 943.39182 665.83417 942.86914 665.09766 C 941.98552 663.85254 941.76157 663.77955 939.6875 664.05469 C 938.09129 664.26643 937.38833 664.18031 937.2168 663.75391 C 937.05388 663.3489 936.96651 663.39412 936.94141 663.89258 C 936.91959 664.32537 935.83319 665.06978 934.29102 665.70898 C 932.63302 666.39618 931.49087 667.20305 931.16602 667.91602 C 930.79198 668.73693 930.5515 668.87679 930.27344 668.43945 C 929.99281 667.99806 929.58793 668.21029 928.73242 669.24609 C 927.14665 671.16606 927.21295 672.51298 928.94336 673.53516 C 931.41671 674.9962 930.46908 676.7864 927.5332 676.19922 C 926.71933 676.03645 926.13281 676.11801 926.13281 676.39258 C 926.13281 677.23328 923.71912 677.35736 922.375 676.58594 C 921.26701 675.95002 921.10914 675.61321 921.31641 674.33594 C 921.54143 672.94933 921.40582 672.75496 919.55078 671.80859 C 918.1311 671.08434 917.02803 670.85361 915.79102 671.01953 C 914.34832 671.21304 913.99939 671.09646 913.80664 670.35938 C 913.64423 669.73833 914.03726 669.11004 915.0957 668.30273 C 915.93415 667.66321 916.74883 667.13867 916.90625 667.13867 C 917.06368 667.13867 917.96909 667.66663 918.91797 668.31055 C 919.86684 668.95447 921.0567 669.48047 921.56055 669.48047 C 922.78456 669.48047 924.89509 668.19613 925.64453 666.99609 C 926.20062 666.10564 925.98723 665.78668 923.03125 663.08984 L 919.81055 660.15234 L 921.35352 660.13281 C 922.37533 660.12059 923.84254 660.73047 925.70312 661.93945 C 928.76715 663.93041 929.7053 663.96839 931.40625 662.17383 C 931.98327 661.56505 932.64619 661.06359 932.87891 661.05859 C 933.34231 661.04973 938.12048 658.93478 939.24609 658.24023 C 942.79349 656.05132 945.48474 654.83334 947.53516 654.49023 C 950.2138 654.042 951.88867 653.31067 951.88867 652.58984 C 951.88867 651.82824 950.42427 651.49772 949.5293 652.05664 C 948.33823 652.80047 946.27844 651.77221 946.27344 650.43164 C 946.26674 648.56091 948.35826 647.4707 951.95312 647.4707 C 953.8534 647.4707 955.16797 647.27235 955.16797 646.98633 C 955.16797 646.14237 952.00525 643.30191 950.70117 642.97461 C 950.01182 642.80159 948.78624 642.88099 947.97656 643.15039 C 941.1417 645.42445 938.56236 647.13123 937.82617 649.86523 C 937.31111 651.77801 936.96823 652.03074 936.08789 651.15039 C 935.68725 650.74975 935.12085 650.82015 933.82812 651.43359 C 932.08821 652.25922 931.31252 651.97164 931.29102 650.49023 C 931.27967 649.71047 937.83389 643.72017 940.41602 642.15039 C 943.17756 640.47157 943.37377 640.23696 943.14453 638.89258 C 942.83517 637.0784 943.58392 636.54512 945.16602 637.45312 C 946.05734 637.96461 946.99502 638.14166 947.77734 637.94531 C 948.77603 637.69465 949.05623 637.2768 949.32227 635.64648 C 949.6067 633.90354 950.25363 632.61274 952.69922 628.90625 C 953.17053 628.19246 953.25332 628.88214 953.16602 632.71875 L 953.06055 637.40234 L 955.62891 638.65234 C 957.04131 639.34028 958.67613 640.45983 959.26172 641.14062 C 960.81035 642.94101 963.16924 643.19999 965.23242 641.79492 C 966.13275 641.18179 966.87105 640.55077 966.87305 640.39258 C 966.87481 640.2344 965.93911 639.74752 964.79492 639.31055 C 961.38194 638.00712 960.52582 637.06533 959.84961 633.87891 C 959.32761 631.41905 959.33777 630.92199 959.93359 630.32617 C 960.54487 629.71489 960.7266 629.85488 961.47461 631.51367 C 962.71394 634.262 963.664 634.93359 966.31055 634.93359 C 971.07009 634.93359 972.29813 634.47089 974.80273 631.73047 C 977.44847 628.8356 980.1432 623.76194 979.91016 622.11523 C 979.80596 621.37893 979.15886 620.721 977.9707 620.14062 C 976.21627 619.28364 976.15775 619.28452 974.22461 620.24023 C 973.1444 620.77426 971.48356 621.33175 970.5332 621.47852 C 968.17636 621.8425 966.40625 623.96575 966.40625 626.43164 C 966.40625 627.44215 966.18315 628.26953 965.91016 628.26953 C 965.45449 628.26953 960.53168 623.96909 959.74609 622.88477 C 959.55948 622.62721 960.13828 621.74194 961.0332 620.91797 C 964.01756 618.17024 962.8684 615.0587 958.63477 614.42383 C 955.58229 613.96609 954.99126 614.4628 954.64648 617.78125 C 954.2601 621.50017 953.45488 623.11914 951.99023 623.11914 C 950.87378 623.11914 950.84503 623.03229 951.05859 620.45703 C 951.31604 617.35257 950.45867 614.04927 948.99219 612.48828 C 947.76526 611.18227 946.72585 611.1245 945.29492 612.2832 C 944.38724 613.01819 944.17525 613.7405 943.95508 616.8457 C 943.71051 620.29507 943.61058 620.57304 942.40625 621.14844 C 940.87597 621.87956 940.79401 622.71726 942.05273 624.75391 C 943.6372 627.31764 944.41478 630.09743 944.09961 632.06836 C 943.75544 634.22067 943.1846 634.4239 942.77148 632.54297 C 942.41308 630.91119 939.85876 627.33398 939.05273 627.33398 C 937.9772 627.33398 936.3599 629.56918 936.12305 631.38477 C 935.9184 632.95354 936.10996 633.44497 937.59961 635.17383 C 938.79093 636.55644 939.22481 637.43418 939.02539 638.0625 C 938.78468 638.82091 938.51295 638.89895 937.32617 638.55859 C 935.62235 638.06994 934.69061 638.36738 934.32617 639.51562 C 934.01902 640.48336 930.59277 643.72461 929.87695 643.72461 C 929.05708 643.72461 929.37711 641.38958 930.38281 640.0293 C 931.478 638.54797 932.01814 635.39838 931.34766 634.40234 C 930.97195 633.84422 930.46595 633.83571 928.03516 634.35156 C 924.51034 635.09958 922.85547 636.74171 922.85547 639.48828 C 922.85547 640.46726 922.56096 641.50967 922.20312 641.80664 C 921.21478 642.62688 921.01125 644.6162 921.73633 646.35156 C 922.82247 648.95106 922.63701 649.34375 920.32617 649.34375 L 918.26562 649.34375 L 917.95117 646.18164 C 917.75925 644.26249 917.83149 642.50351 918.13672 641.70312 C 918.80977 639.93827 918.7761 636.55344 918.07812 635.85547 C 917.23471 635.01206 916.17246 635.1691 913.82617 636.48047 C 911.27075 637.90872 910.76977 638.46948 910.40234 640.30664 C 910.1748 641.44434 910.40023 642.03286 911.56836 643.36328 L 913.01562 645.01172 L 911.63477 645.28906 C 910.52796 645.51042 910.01578 646.06478 909.06055 648.08398 C 907.61949 651.13013 907.60962 651.38838 908.83984 653.37891 C 910.00411 655.26274 909.69916 656.697 907.99805 657.34375 C 907.361 657.58595 906.80622 657.73208 906.73633 657.67578 L 906.73438 657.67383 L 906.73242 657.67188 L 906.73242 657.66992 L 906.73047 657.66992 C 906.69109 657.59832 906.07188 656.62538 905.35547 655.50781 C 904.09778 653.54587 904.02355 653.50276 903.15039 654.29297 C 902.40573 654.96686 902.03847 655.0173 901.07031 654.57617 C 900.42364 654.28153 899.65007 653.50477 899.35156 652.84961 C 898.61824 651.24015 899.90444 649.52562 902.99219 647.99805 C 905.83309 646.5926 905.97928 646.37608 905.98828 643.5625 C 905.99845 640.34382 904.86288 638.58514 902.73438 638.52734 C 899.55663 638.44103 896.5232 637.46667 896.13281 636.40625 C 895.77013 635.42108 895.81802 635.41218 900.80273 635.64844 L 905.8418 635.88867 L 907.08984 634.54297 C 907.77614 633.80283 908.33789 632.97521 908.33789 632.70508 C 908.33789 632.11327 906.75469 628.9503 906.00977 628.05273 C 905.59364 627.55132 905.68453 627.3473 906.42188 627.11328 C 907.37839 626.80969 908.89081 627.38606 910.25977 628.57617 C 911.74856 629.87046 916.59743 629.13115 921.8125 626.81641 C 922.91406 626.32747 924.4338 625.92773 925.1875 625.92773 C 927.4671 625.92773 928.88528 624.95934 930.79102 622.10547 C 933.40223 618.19516 934.41367 612.74312 932.92188 610.61328 C 932.20278 609.58662 930.10093 608.71652 928.00586 608.57617 C 925.1451 608.38453 924.2601 608.65147 922.88086 610.12305 C 921.71173 611.37046 921.45317 612.03975 921.45117 613.83789 C 921.44831 616.7377 920.74459 618.54936 919.69727 618.34766 C 918.5874 618.13392 918.06321 614.58095 918.41406 609.65625 C 918.68494 605.8541 918.67059 605.78408 917.49414 605.24805 C 916.83683 604.94856 916.29883 604.48445 916.29883 604.2168 C 916.29883 603.30967 919.25192 595.72738 919.86719 595.05469 C 920.35948 594.51647 920.71507 594.49355 921.68945 594.9375 C 923.95246 595.9686 925.03016 595.65163 925.79102 593.73242 C 926.99913 590.68507 927.12238 589.25406 926.38477 586.82227 C 925.32853 583.34001 925.42635 582.375 926.83594 582.375 C 927.72937 582.375 928.00586 582.61942 928.00586 583.4043 C 928.00586 583.96999 928.53271 585.1912 929.17578 586.11914 C 929.81884 587.04708 930.77892 589.46835 931.31055 591.49805 C 931.84218 593.52774 932.48187 595.5709 932.73242 596.03906 C 933.85334 598.13347 940.03698 599.66224 941.49414 598.20508 C 942.43624 597.26298 942.13902 596.38626 940.14648 594.22461 C 937.96596 591.85902 936.73034 589.27825 937.14844 587.96094 C 937.49199 586.87848 937.83964 586.8389 939.03906 587.74609 C 940.23238 588.64868 942.47824 588.65825 942.82227 587.76172 C 943.18615 586.81348 944.81995 586.87247 945.92773 587.875 C 946.79443 588.65934 946.87505 588.63734 947.95312 587.29102 C 948.57079 586.5197 949.40681 585.19435 949.81055 584.34766 C 950.48841 582.92611 950.48002 582.67778 949.69531 581.08594 C 948.74756 579.16337 945.33409 577.10138 943.11719 577.11328 C 941.31164 577.12297 940.65039 576.43725 940.65039 574.55859 C 940.65039 573.10145 940.75141 572.9779 941.70312 573.27148 C 942.28266 573.45025 943.32904 573.88703 944.02734 574.24219 C 946.1404 575.31691 951.8369 576.34892 952.80273 575.83203 C 954.16664 575.10208 954.3877 572.32694 953.53711 566.5957 C 953.1535 564.01097 954.23757 561.76953 955.87305 561.76953 C 956.95889 561.76953 957.00744 561.88232 956.74609 563.78906 C 956.43835 566.03428 957.22717 570.51219 958.3418 572.84961 C 959.04626 574.32687 961.1002 575.32327 962.12891 574.6875 C 962.75515 574.30046 963.65872 575.58429 963.3418 576.41016 C 963.19211 576.80026 962.41115 577.25137 961.60742 577.41211 C 959.16766 577.90007 958.44531 578.91081 958.44531 581.83789 C 958.44531 583.9437 958.23101 584.65789 957.30859 585.62891 C 955.19501 587.85387 952.94733 595.39749 954.17188 596.1543 C 954.67189 596.46332 957.82828 591.80142 958.24609 590.13672 C 958.6535 588.51347 960.48477 588.50217 961.54297 590.11719 C 962.13193 591.01608 962.24982 591.89296 962.0332 593.74609 C 961.9031 594.85923 961.89805 595.6517 962.00586 595.73438 C 962.00793 595.73568 962.01347 595.73748 962.01562 595.73828 C 962.01892 595.73909 962.02582 595.74059 962.0293 595.74023 C 962.04579 595.73674 962.06748 595.71957 962.08789 595.68945 C 962.27449 595.41412 963.45115 594.70011 964.70312 594.10156 C 967.29601 592.86194 968.68607 590.5652 967.82227 588.95117 C 967.55879 588.45885 967.34375 587.85436 967.34375 587.60742 C 967.34375 586.72982 968.85348 586.59833 970.14844 587.36328 C 971.41118 588.1092 971.54222 588.09349 973.5 586.9375 C 974.62106 586.27555 976.26472 584.9781 977.15234 584.05469 C 978.85872 582.27951 980.42922 581.9158 981.39062 583.07422 C 981.875 583.65785 981.53887 584.20082 979.35547 586.34961 C 976.50122 589.15862 972.13722 594.79069 970.86133 597.31445 C 969.4648 600.07686 969.8797 602.93851 971.68164 602.97461 C 972.12336 602.98348 973.74977 599.46417 974.11914 597.70117 C 974.3905 596.40591 974.40189 596.40273 977.33398 596.70312 C 979.81716 596.95754 980.5898 596.84343 982.28516 595.97852 C 984.96747 594.61011 985.70053 594.94637 985.51758 597.46094 C 985.38031 599.34775 985.27273 599.47882 983.27734 600.16992 C 980.71404 601.05772 979.05078 603.27561 979.05078 605.80664 C 979.05078 607.13511 979.32046 607.73247 980.16992 608.28906 C 981.20059 608.96438 981.3507 608.9549 982.06641 608.16406 C 983.05636 607.07017 986.82295 605.61766 987.74805 605.97266 C 988.13565 606.12139 988.81258 606.87679 989.25391 607.65234 C 990.15995 609.24451 990.99527 609.42514 992.24414 608.29492 C 992.92574 607.67808 993.10156 606.81769 993.10156 604.08008 C 993.10156 601.47373 993.25622 600.63867 993.74414 600.63867 C 994.0983 600.63867 995.04313 600.50779 995.84375 600.34766 C 997.22723 600.07096 997.34786 600.16961 998.27539 602.33789 C 999.79905 605.89973 1000.8056 606.72656 1003.6152 606.72656 C 1005.3811 606.72656 1006.2044 606.49524 1006.7656 605.83984 C 1007.1833 605.35199 1007.8084 604.77319 1008.1562 604.55273 C 1009.4839 603.71131 1010.4455 602.16672 1010.1387 601.36719 C 1009.8862 600.70918 1009.4585 600.60642 1007.9023 600.83008 C 1006.8443 600.98214 1005.6875 600.92003 1005.332 600.69141 C 1004.3839 600.08168 1005.073 596.2706 1006.4199 594.66992 C 1007.6512 593.20705 1007.6191 593.30773 1007.6191 590.85547 C 1007.6191 589.12932 1007.7026 589.02512 1009.2227 588.84766 C 1010.1052 588.74463 1011.2019 588.93442 1011.6602 589.26953 C 1012.4155 589.82183 1012.6714 589.51372 1014.3984 585.98633 C 1017.2282 580.2066 1018.406 579.21842 1021.1328 580.32617 C 1021.9972 580.67687 1022.9171 580.83293 1023.1777 580.67188 C 1024.4302 579.89781 1026.8105 579.70522 1027.6719 580.30859 C 1028.7293 581.04921 1030.0977 584.91452 1030.0977 587.16016 C 1030.0977 589.19541 1031.155 590.654 1032.9082 591.03906 C 1033.6565 591.20341 1034.2728 591.38937 1034.3105 591.46094 L 1034.3105 591.46289 L 1034.3105 591.46484 L 1034.3125 591.4668 L 1034.3125 591.46875 C 1034.3125 591.5348 1035.2609 594.73086 1036.4199 598.57227 C 1038.3156 604.85543 1038.45 605.6041 1037.7617 606.02539 C 1036.0665 607.063 1034.3125 608.71904 1034.3125 609.28125 C 1034.3125 609.60929 1034.9441 610.6722 1035.7168 611.64453 C 1036.4895 612.61686 1037.1211 613.88685 1037.1211 614.4668 C 1037.1211 615.04674 1036.2783 616.96349 1035.248 618.72656 C 1032.7415 623.01579 1032.7058 625.27586 1035.0684 630.15625 C 1036.0001 632.08075 1037.1175 634.88881 1037.5508 636.39648 L 1038.3398 639.13672 L 1044.5977 628.66992 C 1048.0397 622.91236 1051.664 617.06018 1052.6523 615.66602 C 1053.6406 614.27184 1054.4492 612.57972 1054.4492 611.90625 C 1054.4492 611.23279 1054.7715 610.2215 1055.166 609.6582 C 1056.3046 608.03258 1057.3258 604.71652 1057.0391 603.57227 C 1056.8881 602.96953 1055.99 602.12398 1054.9277 601.58203 C 1052.3685 600.27641 1048.0042 600.3469 1042.7051 601.7793 C 1041.5513 602.09117 1041.4721 601.98679 1040.8965 599.38281 C 1040.5655 597.88509 1039.9654 596.09333 1039.5625 595.40234 C 1038.92 594.30006 1038.9085 593.82126 1039.4668 591.49414 C 1039.9664 589.41006 1039.9841 588.55085 1039.5488 587.48242 C 1039.2442 586.73455 1038.7385 585.49177 1038.4258 584.72266 C 1037.9732 583.60846 1037.98 583.20406 1038.459 582.73242 C 1038.9448 582.25401 1039.274 582.38881 1040.1758 583.42969 C 1040.7894 584.13801 1041.5918 584.7168 1041.959 584.7168 C 1043.0353 584.7168 1043.7439 585.93172 1043.4199 587.22266 C 1043.2555 587.87754 1043.3603 589.13846 1043.6523 590.02344 C 1044.2311 591.77695 1045.294 592.21094 1049.0176 592.21094 C 1051.6646 592.21094 1052.9524 591.21753 1053.1328 589.04102 C 1053.3311 586.64685 1054.3379 586.79592 1055.5684 589.40039 C 1056.737 591.87387 1058.4402 592.43286 1060.0137 590.85938 C 1062.1871 588.68593 1061.712 585.30884 1058.6895 581.45508 C 1057.9754 580.54465 1056.4891 578.11328 1055.3867 576.05273 C 1054.2844 573.99217 1052.8727 571.53868 1052.248 570.59961 C 1051.5186 569.50321 1050.8941 567.53475 1050.5039 565.09766 C 1049.9283 561.50298 1049.9426 561.30078 1050.7598 561.30078 C 1051.3186 561.30078 1051.7243 561.75586 1051.9121 562.58984 C 1052.6976 566.07759 1053.0805 567.25932 1053.6992 568.10547 C 1054.0698 568.61224 1054.4683 568.92135 1054.5859 568.79297 C 1054.7034 568.66459 1049.8212 551.68792 1043.7363 531.06641 L 1032.6738 493.57227 L 1029.8438 490.08984 C 1025.0509 484.18776 1023.6246 481.87991 1022.5703 478.32422 C 1022.0116 476.44 1021.2855 474.67985 1020.9551 474.41211 C 1020.6247 474.14437 1018.427 473.53465 1016.0723 473.05664 C 1013.0589 472.4449 1011.6033 471.91875 1011.1582 471.2832 C 1010.477 470.31064 1009.6772 470.91092 1010.1191 472.0625 C 1010.2681 472.45061 1008.9403 473.79374 1006.666 475.55664 C 1003.7416 477.82343 1002.5614 479.12614 1000.998 481.81055 C 998.43369 486.2134 997.37462 487.39008 996.28711 487.04492 C 995.81507 486.8951 994.70427 487.011 993.82031 487.30273 C 992.56477 487.7171 991.85155 488.46798 990.56055 490.73242 C 989.65162 492.3267 988.38009 494.00724 987.73438 494.4668 C 986.63506 495.24915 986.46654 495.2532 985.07422 494.5332 C 983.82556 493.88749 983.31237 493.85503 981.87891 494.32812 C 980.94005 494.63799 979.65743 494.81742 979.02734 494.72852 C 978.0184 494.58613 977.86477 494.30042 977.73828 492.32227 C 977.61665 490.42001 977.41478 490.00715 976.41992 489.62891 C 975.77383 489.38326 975.15335 489.18164 975.04297 489.18164 C 974.26583 489.18164 967.02463 496.28366 965.7168 498.32812 C 961.86492 504.34958 961.39192 505.90359 962.42773 509.16602 C 962.70169 510.0289 962.55076 510.2086 961.43359 510.33789 C 960.42785 510.45428 960.01909 510.82381 959.71289 511.89844 C 959.3879 513.03903 959.68294 514.26891 961.26367 518.36133 C 962.36135 521.20313 963.6073 523.6591 964.10938 523.97266 C 965.17275 524.63675 965.30109 526.17773 964.29297 526.17773 C 963.18538 526.17773 961.85405 528.81496 961.49219 531.72461 C 961.31104 533.18128 961.04339 534.56829 960.89844 534.80469 C 960.75348 535.04108 960.12765 534.09272 959.50781 532.69727 C 958.59795 530.64889 958.36074 529.25739 958.27734 525.47656 C 958.16288 520.28456 957.60206 518.69936 955.14844 516.63477 C 954.23569 515.86675 953.12683 515.4082 952.18164 515.4082 C 949.26589 515.4082 949.37142 514.61441 952.80078 510.72266 C 956.36276 506.68042 957.97852 503.19635 957.97852 499.56055 C 957.97852 497.11615 957.39623 496.20703 955.83203 496.20703 C 954.62989 496.20703 954.07246 494.72809 954.86719 493.64844 C 955.16191 493.24806 956.13953 492.55416 957.04102 492.10547 C 959.12776 491.06686 961.08159 487.6023 960.61914 485.75977 C 960.22252 484.17951 958.66639 484.08217 955.82227 485.45898 C 954.11577 486.28508 953.79415 486.67874 953.52539 488.26953 C 953.1677 490.38668 952.93048 490.44646 949.22461 489.36914 C 943.13661 487.59931 938.95508 490.51266 940.12305 495.71094 C 940.45403 497.184 940.3948 497.70902 939.8418 498.16797 C 939.25453 498.65536 938.90586 498.46222 937.72656 496.99219 C 935.81237 494.60609 934.04426 493.74675 931.85742 494.14258 C 929.88456 494.49968 927.71817 495.48773 926.43359 496.61523 C 924.9518 497.91584 923.6856 500.87056 924.02539 502.23242 C 924.41763 503.80448 925.58392 505.10547 926.60156 505.10547 C 927.03686 505.10547 927.75959 505.51124 928.20898 506.00781 C 928.99401 506.87526 928.97409 506.93833 927.69531 507.59961 C 925.52246 508.72323 924.60801 510.0801 924.37305 512.52539 C 924.11066 515.25614 924.81582 516.8125 926.31445 516.8125 C 927.25924 516.8125 928.56969 517.14523 931.28516 518.07227 C 932.2738 518.40978 930.78276 518.9443 927.6582 519.37305 C 925.29121 519.69784 925.16598 519.78877 924.22461 521.89062 C 922.2289 526.34662 923.94023 530.19514 929.08984 532.83008 L 931.98633 534.31055 L 929.87891 534.70898 C 928.71984 534.92766 927.32424 535.2031 926.77734 535.32031 C 926.06205 535.47361 925.48537 536.3303 924.7207 538.375 C 924.03202 540.21652 923.49625 541.0568 923.20117 540.76172 C 922.95067 540.51122 922.56272 538.49162 922.33789 536.27344 C 922.11305 534.05526 921.57434 531.56238 921.14062 530.73242 C 920.58367 529.66665 920.25004 527.36552 920.00586 522.90039 C 919.50313 513.70762 918.1692 510.10713 915.04492 509.50391 C 913.74328 509.2526 913.27409 509.48189 911.27734 511.34961 C 908.41165 514.03013 906.93808 517.86714 906.58203 523.57422 C 906.34955 527.30052 906.24764 527.61057 904.76172 529.05078 C 903.61243 530.16472 903.18555 530.98692 903.18555 532.09375 C 903.18555 534.44548 903.97364 535.97773 905.63281 536.85156 C 907.69648 537.93843 910.67969 540.87836 910.67969 541.82617 C 910.67969 543.4324 909.22459 543.18385 907.24219 541.23828 C 905.05221 539.08898 902.71403 538.32272 901.47656 539.34961 C 901.04993 539.70363 900.08494 541.36343 899.33398 543.03711 C 898.58302 544.71079 897.6145 546.47092 897.18164 546.94922 C 896.74878 547.42753 896.44732 547.90216 896.51172 548.00391 C 896.57609 548.10565 896.62891 549.21054 896.62891 550.45898 C 896.62891 552.03399 896.35167 553.04983 895.7207 553.77734 C 894.4628 555.22771 892.98829 554.7183 892.79492 552.76758 C 892.68034 551.61182 892.35383 551.21006 891.24414 550.85352 C 890.47144 550.60524 889.75321 550.32733 889.64844 550.23633 C 889.31918 549.95044 891.96268 547.7207 892.63086 547.7207 C 893.7249 547.7207 895.55512 545.07809 896.42188 542.24414 C 896.8791 540.74918 897.64745 538.72882 898.12891 537.75586 C 898.7165 536.56844 898.86459 535.73928 898.58203 535.23438 C 898.32662 534.77804 898.35306 533.81651 898.64844 532.78906 C 899.25159 530.69108 899.12068 524.68778 898.46289 524.28125 C 898.16952 524.09993 898.74526 522.75745 899.92188 520.88086 C 901.74995 517.96525 901.83193 517.685 901.32031 516.13477 C 901.02119 515.22842 900.18246 514.06286 899.45508 513.54492 C 898.02525 512.5268 892.8664 511.03722 891.60938 511.2793 C 891.18434 511.36116 890.2955 512.35053 889.63477 513.47852 C 888.97404 514.60652 887.94487 515.85411 887.34766 516.25 L 886.26172 516.96875 L 886.58594 514.10352 C 886.90555 511.27856 886.89281 511.23613 885.65625 510.92578 C 884.38181 510.60591 882.10252 510.83933 880.55859 511.44922 C 879.74729 511.7697 879.74186 511.70069 880.45898 509.98438 C 881.42577 507.67054 881.8003 507.46213 885.01562 507.45312 C 887.40268 507.44671 887.82979 507.28998 889.06641 505.9668 L 890.44922 504.48633 L 892.7207 506.00391 C 894.68444 507.31645 895.26573 507.48508 897.02734 507.25195 C 898.22063 507.09404 899.77172 506.43591 900.77344 505.66211 C 901.7138 504.93571 903.64975 503.78254 905.07422 503.09961 C 908.61487 501.40212 911.4311 498.88933 912.11523 496.81641 C 912.65095 495.19316 912.61051 495.03735 911.375 493.97461 C 910.21752 492.97899 909.76647 492.88417 907.44531 493.13867 C 904.2599 493.48792 902.47092 493.52234 898.50195 493.31836 C 896.82774 493.23231 895.09553 493.31194 894.65234 493.49414 C 893.91814 493.79596 893.90702 493.99381 894.51562 495.71875 C 894.86043 496.69492 895.02291 497.50415 894.90234 497.60156 C 894.90026 497.60299 894.89483 497.6064 894.89258 497.60742 C 894.88792 497.60907 894.8803 497.61133 894.875 497.61133 C 894.70551 497.61133 893.88106 496.94708 893.04297 496.13477 L 891.51953 494.6582 L 888.10352 495.21094 C 886.22488 495.51564 884.11586 496.18183 883.41797 496.68945 C 881.54651 498.05068 878.68419 497.93345 877.7168 496.45703 C 877.30082 495.82217 876.96094 494.78133 876.96094 494.14453 C 876.96094 493.08287 877.09664 493.01002 878.59961 493.25391 C 880.17028 493.5088 880.86349 492.90146 879.77148 492.22656 C 879.51391 492.06738 879.30273 491.42169 879.30273 490.79297 C 879.30273 489.34009 880.56959 489.27497 882.30078 490.63672 C 883.93099 491.91905 886.36718 491.53625 887.63281 489.79883 C 888.45181 488.67452 888.65183 488.61593 890.04492 489.10156 C 892.25984 489.87369 894.07892 488.8196 894.82422 486.33203 L 895.39648 484.42383 L 896.84766 486.1543 C 898.83818 488.52523 900.05624 488.27531 900.38477 485.42969 C 900.51826 484.27355 900.99145 482.80675 901.4375 482.16992 L 902.25 481.01172 L 902.25 483.42578 C 902.25 486.71973 903.0296 487.48857 905.48828 486.62109 C 906.77192 486.1682 907.83015 486.10206 909.10742 486.39844 C 911.89566 487.04542 915.04322 486.91828 916.19531 486.11133 C 917.42472 485.25021 917.60577 482.82771 916.54688 481.42773 C 914.65092 478.92106 916.98385 478.58786 919.63867 480.98633 C 920.63651 481.88782 921.86575 482.625 922.37109 482.625 C 923.45706 482.625 924.37986 481.14013 923.96484 480.05859 C 923.80404 479.63956 921.56802 477.59259 918.99609 475.50977 C 914.45381 471.8313 914.23053 471.71448 911.21484 471.40234 C 908.40964 471.112 904.12448 471.62867 901.73828 472.54688 C 901.32658 472.70529 900.72292 472.50665 900.38672 472.10156 C 899.49218 471.0237 900.91102 469.66112 903.3457 469.25977 C 905.34304 468.93051 906.46484 468.32132 906.46484 467.56641 C 906.46484 467.33179 905.68102 466.35875 904.72461 465.40234 L 902.98633 463.66211 L 904.37305 463.42383 C 905.52498 463.22614 905.87087 462.84069 906.40625 461.15039 C 907.16104 458.76734 907.69417 459.20137 908.15234 462.57422 C 908.60404 465.89942 909.84688 467.64062 911.76953 467.64062 C 913.08601 467.64063 913.48549 467.37441 914.22461 466.00195 C 914.70251 465.11454 915.20183 464.39263 915.3457 464.37891 C 915.3468 464.37889 915.35051 464.37884 915.35156 464.37891 C 915.35261 464.37898 915.35437 464.37873 915.35547 464.37891 C 915.50009 464.41519 916.02612 465.30076 916.5332 466.36914 C 917.83332 469.10833 918.86944 468.97245 921.10156 465.76758 C 924.02283 461.57324 925.67282 462.29914 923.75195 466.93359 C 922.69672 469.47951 922.69484 469.52721 923.58789 470.21875 C 924.08646 470.60483 925.69285 471.48425 927.1582 472.17383 C 929.3236 473.19284 930.04862 473.8453 931.0332 475.6543 C 932.28321 477.95098 934.64245 480.28516 935.71289 480.28516 C 936.04795 480.28516 936.58911 479.96227 936.91602 479.56836 C 937.409 478.97437 937.32495 478.65609 936.42969 477.70312 C 935.83601 477.07119 934.97294 476.4335 934.51172 476.28711 C 933.43176 475.94435 932.92258 474.34051 933.625 473.49414 C 933.92491 473.13277 935.05244 472.7044 936.12891 472.54297 C 937.71605 472.30496 938.48279 472.47682 940.1875 473.45117 C 942.95293 475.03178 945.51392 475.07166 946.51172 473.54883 C 947.12978 472.60555 947.16392 471.94086 946.73438 469.25195 C 945.9246 464.18298 944.7058 461.87728 941.76172 459.84961 C 939.47303 458.27333 939.29019 458.02816 939.93945 457.37891 C 940.5887 456.72966 940.95148 456.74002 943.58203 457.49219 C 945.18892 457.95166 947.13745 458.44761 947.91016 458.59375 C 949.84066 458.95885 950.48438 459.57457 950.48438 461.05273 C 950.48437 461.83228 951.0038 462.8106 951.8457 463.61719 C 952.60941 464.34888 953.43333 465.81972 953.72266 466.96875 C 954.21971 468.94272 955.25791 469.98242 956.73242 469.98242 C 957.11123 469.98242 957.97699 469.03406 958.65625 467.875 C 960.11541 465.38512 961.03577 465.23176 962.89453 467.17188 C 964.49501 468.84241 964.53169 468.84802 966.11133 467.60547 C 967.25662 466.70459 967.29529 466.55882 966.64258 465.62695 C 966.25525 465.07396 965.93945 464.17063 965.93945 463.61914 C 965.93945 462.3517 967.92416 460.33846 969.58398 459.92188 C 972.16558 459.27394 972.85022 457.49983 971.01562 456.21484 C 970.1038 455.57616 969.88573 455.58651 968.79102 456.33594 C 966.94591 457.59908 962.43555 459.67969 961.53906 459.67969 C 960.55777 459.67969 958.48104 457.39481 958.46094 456.29297 C 958.4522 455.81456 959.19518 455.10186 960.27539 454.55078 C 962.32922 453.503 964.06641 451.54703 964.06641 450.2832 C 964.06641 449.82149 963.55709 449.0436 962.93555 448.55469 C 961.4714 447.403 954.07623 445.4497 952.5918 445.82227 C 950.89139 446.24905 949.54883 447.93383 949.54883 449.64062 C 949.54883 450.46201 949.2186 451.40873 948.81445 451.74414 C 948.1922 452.26056 947.92152 452.16793 947.05664 451.14258 C 945.6359 449.45823 944.11335 448.79323 942.49609 449.14844 C 940.88143 449.50308 940.86322 449.40129 941.96094 446.33203 C 942.78579 444.02571 942.83061 443.98756 944.9375 443.84961 C 946.58605 443.74167 947.37776 443.39526 948.39453 442.33398 C 949.12015 441.5766 949.56487 440.80707 949.38281 440.625 C 949.20074 440.44294 945.96877 440.12216 942.20117 439.91211 C 933.35598 439.41897 933.1582 439.51849 933.1582 444.37695 C 933.1582 447.71378 932.70816 448.9082 931.45312 448.9082 C 931.12392 448.9082 930.80896 448.1682 930.72656 447.19922 C 930.52805 444.86553 929.47065 444.26709 927.33984 445.2832 C 926.25129 445.8023 925.44648 446.65031 924.98047 447.76562 C 924.28743 449.42431 924.35871 450.34611 925.45117 453.93164 L 925.76758 454.97461 L 923.60938 454.23828 C 922.42213 453.83375 921.30972 453.27405 921.13672 452.99414 C 920.96374 452.71422 920.86983 451.44577 920.92773 450.17578 C 921.04508 447.60413 920.13456 446.1028 918.45117 446.0918 C 916.36035 446.07817 915.41625 445.5453 915.27148 444.29492 C 915.15355 443.27633 914.79248 442.97486 913.25391 442.60742 C 911.50695 442.19021 910.70275 441.63978 910.68555 440.85156 C 910.66909 440.09597 914.55598 439.54692 919.93555 439.54492 L 925.67773 439.54102 L 927.37109 437.99023 C 929.32631 436.1984 929.25611 434.81771 927.1543 433.72852 C 926.46424 433.37092 925.36239 432.58398 924.70703 431.97852 C 924.05168 431.37306 922.74612 430.24537 921.80469 429.47266 C 920.38087 428.30403 920.13692 427.85054 920.35742 426.7793 C 920.70733 425.07934 921.85819 425.12351 923.56055 426.90039 C 924.30241 427.67473 925.65809 428.51698 926.57422 428.77148 C 928.40678 429.28057 931.28516 429.39709 931.28516 428.96289 C 931.28516 428.67221 928.92749 423.81384 927.72656 421.62891 C 927.33724 420.9206 926.76689 420.34556 926.45898 420.35156 z M 846.12305 529.92773 C 846.12742 529.92724 846.1326 529.92775 846.13672 529.92773 C 847.28538 529.92304 856.80209 535.85681 858.55078 537.66797 C 861.10952 540.31812 862.14802 547.03097 860.85156 552.54883 C 860.43931 554.3034 860.10156 555.83251 860.10156 555.94531 C 860.10156 556.05811 862.94178 556.15039 866.41406 556.15039 L 872.72852 556.15039 L 873.02344 557.4375 C 874.19046 562.54118 876.36283 570.95433 877.89062 576.28711 C 886.03383 604.71096 888.91052 615.97043 890.32617 624.9375 C 891.15279 630.17354 891.04543 630.58772 888.83789 630.60352 C 888.28671 630.60747 885.83181 631.02344 883.38281 631.52734 C 880.93381 632.03124 877.0104 632.58865 874.66602 632.76562 L 870.4043 633.08594 L 870.40039 625.87695 C 870.39593 617.98478 869.45084 608.53706 868.36133 605.48438 C 867.42657 602.86527 863.83481 596.33075 862.93359 595.61133 C 861.93999 594.81818 848.64953 586.48914 837.74023 579.82227 C 832.78202 576.79223 828.72461 574.04184 828.72461 573.70898 C 828.72461 573.37612 829.97676 571.13297 831.50781 568.72461 L 834.29297 564.3457 L 833.06641 563.32617 C 832.39181 562.76546 831.03408 561.94234 830.04883 561.49805 C 827.09722 560.16706 826.77565 560.93573 838.26758 541.75195 C 842.98016 533.88512 845.56746 529.99006 846.12305 529.92773 z " /><path
   id="Jalan-Besar-GRC"
   style="opacity:1;fill:#ffd42a;stroke:#ffd42a;stroke-width:0.70246166;stroke-linejoin:miter;stroke-miterlimit:4;stroke-dasharray:none;stroke-opacity:1"
   d="m 1211.709,977.97813 c -1.4097,-1.86738 -3.2742,-4.40767 -4.1432,-5.64509 -0.9498,-1.35251 -2.6573,-2.90427 -4.281,-3.89063 l -2.701,-1.64077 1.1228,-1.77852 c 0.6175,-0.97818 2.1794,-4.07439 3.4709,-6.88045 1.2915,-2.80606 3.0946,-6.47173 4.0068,-8.14593 0.9122,-1.6742 1.6634,-3.27424 1.6692,-3.55564 0.01,-0.2814 -0.7216,-0.906 -1.6167,-1.388 -1.542,-0.83046 -1.5911,-0.93158 -0.9366,-1.9305 1.0158,-1.55032 0.8573,-2.33668 -0.7614,-3.77625 -0.7987,-0.7103 -1.9675,-2.16949 -2.5973,-3.24263 -0.6298,-1.07314 -1.873,-2.50635 -2.7626,-3.18491 -0.8896,-0.67856 -1.6175,-1.46307 -1.6175,-1.74335 0,-0.28029 1.1415,-1.80977 2.5366,-3.39885 2.2584,-2.57236 2.6671,-3.37418 3.7263,-7.31072 0.6838,-2.54122 1.3731,-6.82261 1.621,-10.06784 l 0.4313,-5.64639 9.7179,-14.95916 c 5.3449,-8.22754 10.2176,-15.55486 10.8283,-16.28294 0.6107,-0.72807 1.1091,-1.67639 1.1077,-2.10738 0,-1.39715 -6.4813,-9.0638 -17.2077,-20.36959 -3.6704,-3.86859 -6.6734,-7.18289 -6.6734,-7.3651 0,-0.18221 0.6849,-0.60366 1.522,-0.93656 2.8733,-1.14264 15.8054,-7.40072 15.8054,-7.64851 0,-0.13629 -0.4898,-0.96948 -1.0884,-1.85155 -0.8497,-1.25212 -1.2138,-2.76118 -1.6609,-6.88281 -0.3149,-2.90349 -0.8064,-5.72103 -1.0922,-6.26121 -0.83,-1.56845 -5.7714,-7.481 -7.5776,-9.06687 l -1.6523,-1.45071 3.1853,-3.89597 c 3.4099,-4.17079 4.2664,-5.51182 4.2664,-6.68032 0,-0.4789 -2.0776,-1.76733 -5.9095,-3.66486 -3.2502,-1.60948 -5.9007,-3.13496 -5.89,-3.38994 0.053,-1.26255 1.7549,-1.33576 11.6559,-0.50149 19.4839,1.64175 19.1689,1.66728 31.1604,-2.52505 9.9575,-3.48121 11.4268,-3.45011 19.718,0.4174 2.6178,1.22111 7.3939,3.01043 10.6135,3.97627 13.5438,4.06296 20.6286,10.19778 32.7688,28.3751 4.4786,6.70583 7.9237,10.25768 9.9804,10.28974 0.4596,0.007 6.0715,-2.09122 12.4708,-4.66309 6.3993,-2.57187 11.949,-4.79657 12.3327,-4.94378 0.5567,-0.21366 0.8037,0.46998 1.2238,3.38827 1.3039,9.05757 1.5534,13.30211 1.2476,21.21748 -0.2486,6.43386 -0.1585,9.15164 0.4191,12.64431 0.4047,2.44691 0.7367,6.77632 0.7377,9.62093 v 5.17201 l -5.5026,1.0713 c -9.9362,1.93446 -12.5277,3.27713 -14.6059,7.56724 -3.2232,6.65395 -4.1074,7.10817 -14.5463,7.47223 -8.9412,0.31184 -9.4337,0.47248 -17.7928,5.80341 -4.4872,2.86173 -4.9487,3.05679 -5.311,2.24481 -0.5586,-1.25176 1.1425,-4.40234 3.257,-6.03245 3.5514,-2.73779 3.9845,-3.23153 4.3804,-4.99371 0.2594,-1.15483 0.1951,-3.26301 -0.1774,-5.81408 -0.5508,-3.77186 -0.5286,-4.10433 0.3861,-5.77417 0.9598,-1.75229 0.9607,-1.78894 0.079,-3.31792 -0.4902,-0.85033 -1.9064,-2.63408 -3.1471,-3.9639 -1.6696,-1.7895 -2.337,-2.92566 -2.5683,-4.37197 -0.3682,-2.30249 -0.852,-2.57565 -3.3637,-1.89931 l -1.8769,0.50541 0.254,1.98447 c 0.343,2.6798 1.6708,5.18837 4.1476,7.83632 2.2137,2.36659 2.6395,3.74846 1.155,3.74846 -1.3395,0 -1.4312,0.42914 -0.8821,4.12913 0.6082,4.09786 0.1336,5.55318 -2.4886,7.63001 -0.9997,0.79175 -2.6951,2.91656 -3.7676,4.72178 -1.0724,1.80522 -2.4395,3.50531 -3.0379,3.77797 -2.812,1.28121 -7.6348,-2.37721 -7.6576,-5.80874 -0.01,-0.86443 -0.3973,-2.0749 -0.8702,-2.68994 -0.7232,-0.94049 -1.1208,-1.06932 -2.501,-0.81039 -0.9026,0.16934 -1.9701,0.67255 -2.3721,1.11827 -0.6266,0.69462 -0.639,0.93582 -0.087,1.68865 0.3735,0.50924 0.9488,0.76139 1.3691,0.60008 0.5492,-0.21072 0.725,0.0431 0.725,1.04668 0,2.0182 1.7008,4.35341 7.4089,10.17254 1.0267,1.04666 2.1748,1.68441 3.3789,1.87696 1.182,0.18901 2.0767,0.67769 2.5426,1.38869 0.9445,1.4415 0.9221,1.54423 -0.4519,2.06662 -1.1904,0.45259 -1.3149,1.04216 -1.3594,6.43898 -0.01,0.62904 -0.3775,1.1705 -0.9241,1.344 -0.5035,0.1598 -1.4157,0.88506 -2.0271,1.61167 -0.6115,0.72662 -2.6712,2.49483 -4.5772,3.92937 -3.8299,2.88243 -4.857,4.11863 -6.618,7.96513 -1.5457,3.37638 -2.1582,9.61917 -0.9437,9.61917 0.5738,0 0.7095,0.27751 0.5151,1.05369 -0.4732,1.8895 -0.1698,4.99544 2.1544,22.05185 1.5404,11.30527 1.2821,11.57418 -10.8131,11.25776 -4.5036,-0.11782 -9.3475,-0.3084 -10.7642,-0.4235 -1.4166,-0.11511 -5.5694,-0.45633 -9.2284,-0.75826 -5.356,-0.44198 -6.7937,-0.432 -7.3758,0.0512 -0.49,0.40666 -0.9119,0.45029 -1.3085,0.13532 -0.7821,-0.62102 -8.6863,-1.06754 -10.0072,-0.56532 -0.5897,0.2242 -1.9113,1.88663 -3.0346,3.81739 -2.1421,3.68171 -4.5939,6.46422 -5.6959,6.46422 -0.3764,0 -1.8378,-1.52785 -3.2475,-3.39523 z m -9.3438,107.47667 c -14.2729,-15.7835 -13.2451,-14.5295 -12.5725,-15.3399 0.8547,-1.03 0,-2.1067 -8.2263,-10.3062 -3.9766,-3.9659 -7.2303,-7.3157 -7.2303,-7.444 0,-0.1282 1.3682,-1.7708 3.0404,-3.6502 3.5267,-3.9638 3.8334,-5.0562 1.4193,-5.0562 -1.5826,0 -1.6263,-0.049 -1.5541,-1.7562 0.041,-0.9658 0.01,-3.0205 -0.078,-4.566 -0.1502,-2.7754 1.2629,-11.7535 2.5863,-16.4319 0.3707,-1.3105 0.6791,-3.4179 0.6854,-4.6831 0.01,-1.2652 0.2235,-3.2202 0.4828,-4.3445 0.4988,-2.1635 0.2434,-3.8097 -0.5911,-3.8097 -0.2761,0 -1.5493,0.6444 -2.8293,1.432 -1.28,0.7876 -2.3795,1.3671 -2.4434,1.2878 -0.064,-0.079 -1.2527,-2.3009 -2.6418,-4.9371 -1.3891,-2.6361 -2.7652,-4.7962 -3.0581,-4.8001 -0.2929,0 -2.2557,2.1002 -4.3617,4.6759 -2.106,2.5757 -3.8953,4.683 -3.9763,4.683 -0.081,0 -0.8578,-1.1744 -1.7263,-2.6098 -1.3536,-2.2372 -2.2814,-3.0484 -6.4964,-5.6805 -4.9469,-3.08919 -8.66,-5.83151 -9.6852,-7.15316 -0.9466,-1.22026 -2.9211,-6.66785 -3.4836,-9.61096 -0.6975,-3.64928 -1.763,-4.85144 -3.664,-4.13389 -1.3605,0.51351 -1.3827,0.49618 -1.523,-1.18479 l -0.1424,-1.70594 -3.2781,0.0564 c -1.803,0.031 -4.4439,0.0949 -5.8686,0.14199 -1.4248,0.0471 -3.6375,-0.14931 -4.9172,-0.43639 -1.4428,-0.32366 -4.0192,-0.40217 -6.7813,-0.20665 l -4.4546,0.31532 -3.107,-1.70783 c -1.8744,-1.03032 -4.0551,-1.82011 -5.497,-1.99088 -1.3145,-0.15569 -2.39,-0.48605 -2.39,-0.73414 0,-0.24809 0.6322,-2.33811 1.4049,-4.64449 1.5375,-4.58925 1.6921,-6.33102 0.8435,-9.5039 -0.3088,-1.15448 -0.4635,-2.19691 -0.3439,-2.31653 0.1196,-0.11961 2.4813,-0.48063 5.2482,-0.80226 5.2572,-0.61109 8.2416,-0.24557 14.3484,1.75735 1.8091,0.59334 2.6253,0.59087 6.5563,-0.0199 2.4695,-0.38367 6.9434,-0.84151 9.9421,-1.01742 l 5.4521,-0.31984 0.322,1.46625 c 0.2043,0.93019 0.032,2.33944 -0.4712,3.85465 -1.1004,3.31297 -0.5816,4.24152 3.396,6.07807 3.4913,1.61206 9.2777,3.23967 11.5173,3.23967 2.1916,0 5.0682,-1.62485 7.0286,-3.97015 l 1.7703,-2.11785 4.7769,-0.0206 c 3.0172,-0.013 5.4668,-0.2762 6.65,-0.71459 1.0303,-0.38172 2.084,-0.74126 2.3416,-0.79898 0.2575,-0.0577 0.5315,0.87039 0.6087,2.06248 0.1083,1.67241 0.5074,2.59616 1.7473,4.04469 2.3232,2.71417 3.1807,2.7724 8.2701,0.56155 4.6181,-2.00614 6.4671,-2.13268 6.4671,-0.44259 0,1.06929 0.5588,1.17161 1.8827,0.34478 0.7868,-0.49134 1.2712,-0.40376 3.0832,0.55752 2.4802,1.31577 2.9914,2.34072 3.0056,6.0268 0.016,4.09236 2.6335,8.65184 5.2721,9.18283 5.4335,1.09345 7.9677,0.26257 11.0156,-3.61175 1.5228,-1.93567 2.3432,-2.62228 2.8689,-2.40101 0.4049,0.17044 1.3684,0.54315 2.1411,0.82825 0.7728,0.2851 1.4565,0.53904 1.5196,0.56433 0.063,0.0253 -0.5165,1.91301 -1.2879,4.19496 -0.7713,2.28195 -1.4024,5.05778 -1.4024,6.16853 0,1.70733 -0.1448,2.01953 -0.9366,2.01953 -0.7307,0 -0.9367,0.31221 -0.9367,1.41962 0,0.82988 0.2919,1.53161 0.7025,1.68919 0.4004,0.15365 0.7025,0.8521 0.7025,1.62438 0,1.10585 -0.2002,1.35485 -1.0892,1.35485 -0.9625,0 -3.1256,1.696 -3.1256,2.4506 0,0.1555 0.7492,0.7459 1.6649,1.3118 1.4848,0.9177 1.7255,0.9503 2.2245,0.3018 0.3077,-0.3999 1.3288,-0.8653 2.2689,-1.0341 1.6165,-0.2903 1.7264,-0.2297 2.0215,1.1138 0.1717,0.7815 0.089,1.8371 -0.1829,2.3458 -0.4391,0.8204 -0.142,1.1478 2.6296,2.8983 3.6179,2.2849 3.8935,2.2257 5.9984,-1.2879 0.7727,-1.2898 1.8682,-3.0455 2.4344,-3.9017 0.5662,-0.8561 0.9108,-1.7485 0.7657,-1.9831 -0.145,-0.2347 0.5173,-1.2263 1.4717,-2.2037 1.0789,-1.10491 1.5421,-1.89654 1.2245,-2.09279 -0.2809,-0.17361 -0.5107,-0.53977 -0.5107,-0.81367 0,-0.32819 0.2251,-0.31115 0.6602,0.05 0.5238,0.4347 0.8142,0.32821 1.405,-0.51517 0.4095,-0.58472 0.7446,-1.5593 0.7446,-2.16573 0,-0.60643 0.6349,-1.73752 1.411,-2.51354 2.3728,-2.37287 2.9567,-4.44245 1.8412,-6.52671 -0.6295,-1.17623 -0.1767,-2.61996 1.0231,-3.26205 0.7108,-0.38041 1.6255,-0.27174 3.8318,0.4552 5.2048,1.71487 18.341,5.67275 18.8152,5.66891 0.2546,-0.002 3.6264,1.50656 7.4929,3.35248 7.0786,3.37941 10.2486,5.34066 14.4823,8.96007 1.2655,1.0819 2.9998,2.5646 3.8539,3.2949 0.8541,0.7304 1.9261,1.3777 2.3822,1.4386 1.0368,0.1384 3.9165,4.3029 3.5806,5.1782 -0.1365,0.3557 0.1624,1.0572 0.6642,1.559 0.5211,0.5211 1.2542,2.4489 1.7095,4.4954 0.7403,3.3272 0.7428,3.7469 0.035,5.8784 -0.5024,1.5125 -1.4492,2.9284 -2.7765,4.1518 -3.2151,2.9636 -3.505,3.0323 -6.067,1.4377 -1.421,-0.8845 -2.5649,-1.2869 -3.1395,-1.1046 -1.3664,0.4337 -1.1107,0.9732 1.2219,2.578 l 2.1258,1.4626 -1.0722,0.8379 c -0.5896,0.4609 -7.605,5.6276 -15.5896,11.4817 -7.9847,5.854 -14.5815,10.9931 -14.6597,11.42 -0.078,0.4269 -1.8694,2.0262 -3.9806,3.554 -2.1112,1.5278 -6.0859,4.4158 -8.8327,6.4178 l -4.9942,3.6401 -1.9134,-2.5342 c -1.0523,-1.3938 -1.9133,-2.9397 -1.9133,-3.4353 0,-0.4956 0.7365,-1.4629 1.6366,-2.1494 l 1.6366,-1.2483 -3.0687,-1.628 c -1.6878,-0.8954 -3.2482,-1.5171 -3.4676,-1.3815 -0.6292,0.3889 -1.8883,-0.2588 -1.8883,-0.9715 0,-0.3555 -1.4225,-1.3898 -3.1611,-2.2983 -1.7386,-0.9085 -5.7953,-3.3346 -9.0149,-5.3913 -5.7645,-3.6824 -7.1792,-4.3018 -11.1223,-4.8693 l -1.9903,-0.2864 -0.018,20.9623 -0.018,20.9623 -1.4636,0.9366 c -2.741,1.754 -2.7039,2.1411 0.556,5.8091 l 2.9664,3.3377 -1.093,1.1634 c -0.6011,0.6398 -1.2323,1.1634 -1.4026,1.1634 -0.1704,0 -4.8357,-5.0051 -10.3676,-11.1223 z"
   inkscape:label="Jalan-Besar-GRC" /><path
   id="East-Coast-GRC"
   style="opacity:1;fill:#ffd42a;fill-opacity:1;stroke:#ffd42a;stroke-width:0.0878077;stroke-linejoin:miter;stroke-miterlimit:4;stroke-dasharray:none;stroke-opacity:1"
   inkscape:label="East-Coast-GRC"
   d="M 2060.25 292.34961 C 2056.81 292.34581 2053.0983 292.77053 2049.5879 293.58984 C 2042.7081 295.19562 1996.5851 307.80384 1993.4004 308.94922 C 1989.8348 310.23156 1986.4948 311.857 1983.7715 313.63477 C 1981.5039 315.11506 1980.2206 316.1308 1976.5957 319.30664 C 1974.0887 321.50309 1973.6094 322.02441 1973.6094 322.58594 C 1973.6074 323.04552 1973.2776 323.62149 1972.5527 324.42773 C 1971.9732 325.07231 1971.5059 325.77098 1971.5059 325.98242 C 1971.5081 326.0996 1971.5177 326.17469 1971.541 326.20312 C 1971.5838 326.24573 1971.6752 326.15501 1971.8574 325.91406 C 1972.0465 325.66408 1972.2012 325.39069 1972.2012 325.30859 L 1972.2012 325.30664 C 1972.2305 325.1332 1974.1143 324.25291 1974.9609 324.01953 C 1975.2547 323.93854 1975.8734 323.46481 1976.3359 322.96484 C 1976.9437 322.30799 1977.6061 321.91193 1978.7266 321.53906 C 1979.8761 321.15654 1980.6109 320.7111 1981.5664 319.81836 C 1982.2753 319.15599 1983.8566 317.78604 1985.0801 316.77344 C 1986.6073 315.50942 1987.3783 314.69994 1987.5391 314.19141 C 1987.995 312.74933 1988.5987 312.31107 1991.998 310.96094 C 1995.4085 309.60639 1996.8181 309.14242 1998.7773 308.72852 C 1999.4212 308.59248 2001.0203 308.11649 2002.3301 307.66992 C 2003.6399 307.22336 2005.431 306.78602 2006.3105 306.69922 C 2008.284 306.50451 2010.2935 305.92653 2014.2324 304.41797 C 2016.446 303.57021 2017.7241 303.21801 2018.916 303.12891 C 2020.0437 303.04461 2020.9558 302.80618 2021.8418 302.36523 C 2022.5502 302.01273 2024.0526 301.42572 2025.1797 301.06055 C 2027.041 300.45755 2027.3256 300.42303 2028.2852 300.67969 C 2028.8663 300.83511 2029.6474 300.96289 2030.0215 300.96289 C 2030.8999 300.96289 2032.0534 301.62769 2032.3672 302.31641 C 2032.6825 303.01594 2032.6793 304.67407 2032.3574 305.59766 C 2032.1122 306.30096 2031.1451 307.04838 2030.0176 307.40625 C 2029.7191 307.50098 2029.3116 307.77253 2029.1113 308.00977 C 2028.7523 308.43477 2024.9864 310.1018 2022.5762 310.90234 L 2021.3418 311.3125 L 2022.3223 312.0332 C 2023.5647 312.94703 2024.9532 312.94574 2026.5195 312.0293 C 2027.2122 311.62404 2027.8563 311.43019 2028.4102 311.46289 C 2028.9783 311.49641 2029.463 311.34674 2029.9062 310.99805 C 2030.7518 310.33298 2032.1407 309.6268 2032.6016 309.62695 C 2032.7997 309.62702 2033.5159 309.83624 2034.1934 310.09375 C 2034.8709 310.35125 2035.7341 310.5625 2036.1133 310.5625 C 2036.4925 310.5625 2038.679 309.83839 2040.9707 308.95312 C 2045.3398 307.26543 2047.8105 306.58203 2049.5449 306.58203 C 2050.1813 306.58203 2050.6942 306.44596 2050.873 306.23047 C 2051.0714 305.99141 2051.6034 305.87891 2052.5371 305.87891 C 2053.8074 305.87891 2053.9196 305.9232 2054.0566 306.46875 C 2054.1376 306.79277 2054.1443 307.28889 2054.0703 307.57031 C 2053.9814 307.91052 2054.2411 308.63494 2054.8457 309.73242 C 2055.5595 311.0281 2055.8129 311.81062 2056.0215 313.37305 C 2056.2644 315.19167 2057.0141 317.3639 2057.3926 317.3457 C 2057.4777 317.3416 2057.752 317.18322 2058.002 316.99414 C 2058.252 316.80506 2058.9417 316.65039 2059.5352 316.65039 C 2060.1288 316.65039 2060.7344 316.53126 2060.8809 316.38477 C 2061.0791 316.18686 2061.4048 316.1851 2062.1562 316.38086 C 2063.0992 316.62649 2063.1975 316.60646 2063.6348 316.07617 C 2064.0851 315.53016 2064.1662 315.51644 2065.7422 315.72461 C 2066.9099 315.87885 2068.7561 315.83361 2072.1582 315.56445 C 2076.5131 315.21991 2077.0074 315.13536 2077.7773 314.60938 C 2078.5956 314.05026 2078.7244 314.03549 2082.0156 314.11719 C 2085.2634 314.1978 2085.4518 314.22798 2086.3438 314.83984 C 2086.8565 315.19163 2087.5085 315.48047 2087.793 315.48047 C 2088.0775 315.48047 2088.3751 315.58606 2088.4551 315.71484 C 2088.5347 315.84363 2088.9227 315.94922 2089.3164 315.94922 C 2089.8599 315.94922 2090.3694 316.26074 2091.4316 317.24414 C 2093.3422 319.01296 2094.7321 319.64903 2100.0469 321.18555 C 2103.5137 322.18783 2105.2352 322.56 2107.1895 322.73242 C 2112.3258 323.18557 2121.2477 324.4235 2122 324.78711 C 2122.6021 325.07808 2122.8667 325.44442 2123.2637 326.5332 C 2123.7945 327.98909 2124.0632 328.23529 2125.4961 328.56836 L 2125.5 328.56641 C 2125.9906 328.68041 2126.5973 328.71904 2126.8477 328.65234 C 2127.6269 328.4448 2128.9853 326.49322 2128.4707 326.32031 C 2128.326 326.27168 2127.2573 325.56124 2126.0957 324.74219 L 2123.9844 323.25391 L 2121.0898 322.88672 C 2119.4985 322.68508 2116.587 322.35465 2114.6191 322.15234 C 2112.6511 321.95003 2109.0689 321.42783 2106.6582 320.99219 C 2104.2474 320.55654 2101.3779 320.09193 2100.2832 319.95898 C 2096.1584 319.45799 2093.4427 318.0339 2090.332 314.74219 C 2088.8002 313.12126 2088.5335 312.66739 2086.2344 307.75391 C 2084.1321 303.26109 2083.5193 302.1761 2082.0039 300.26758 C 2081.0291 299.03998 2079.8494 297.70106 2079.3828 297.29297 C 2076.5346 294.80225 2071.267 293.2042 2063.582 292.49805 C 2062.5133 292.39984 2061.3967 292.35088 2060.25 292.34961 z M 2135.7852 332.10547 C 2134.1357 332.10547 2133.9769 332.15239 2133.0215 332.92383 C 2132.4642 333.37386 2131.5082 334.06672 2130.8965 334.46484 C 2129.923 335.0984 2129.7832 335.29009 2129.7832 336 C 2129.7832 336.44609 2129.9457 337.12535 2130.1445 337.50977 C 2130.4876 338.17314 2130.4745 338.27092 2129.8555 339.4082 C 2129.434 340.18258 2128.9532 340.71252 2128.498 340.90625 C 2128.1106 341.07113 2127.2377 341.73993 2126.5586 342.39258 C 2125.4457 343.46199 2125.2188 343.57812 2124.2637 343.57812 C 2123.1885 343.57812 2122.4138 343.88516 2120.8223 344.9375 C 2120.018 345.46938 2119.9703 345.55546 2120.2949 345.91406 C 2120.4908 346.13061 2120.7453 346.46349 2120.6523 346.58203 L 2120.2461 347.09766 L 2120.2461 347.09961 L 2120.2441 347.09961 L 2120.2441 347.10156 L 2120.2461 347.10156 L 2120.2461 347.10352 L 2119.3555 348.1543 C 2118.6747 348.95792 2118.2918 349.2851 2118.1133 349.2168 C 2117.9714 349.16255 2117.007 348.65999 2115.998 348.05273 L 2114.1035 346.91211 C 2114.0979 346.90849 2114.0914 346.90444 2114.084 346.90039 L 2114.0254 346.86523 C 2114.0201 346.86536 2114.015 346.8651 2114.0098 346.86523 C 2113.6452 346.70993 2112.5305 346.39437 2112.0332 346.39258 C 2110.9831 346.38885 2109.5715 346.1089 2107.7695 345.54688 C 2106.9551 345.29285 2106.5791 344.99997 2106.1309 344.27148 C 2105.2486 342.83723 2103.7898 342.11252 2102.9004 342.66797 C 2102.5494 342.88716 2102.0729 342.76077 2100.293 341.9707 C 2097.7559 340.84456 2097.2363 340.77138 2097.2363 341.54492 C 2097.2363 342.64356 2094.0068 343.71489 2093.6328 342.74023 C 2093.5546 342.53652 2093.4902 342.16841 2093.4902 341.92383 C 2093.4902 341.30844 2092.658 341.15024 2091.0195 341.45312 C 2090.2705 341.59159 2089.2139 341.70508 2088.6719 341.70508 C 2087.7654 341.70508 2087.6156 341.61139 2086.8008 340.54297 C 2086.3135 339.90407 2085.3607 338.90291 2084.6836 338.31836 L 2083.4531 337.25586 L 2080.041 337.25586 L 2076.6309 337.25586 L 2076.6309 337.81836 C 2076.6309 339.09888 2074.3293 341.94642 2071.6328 344.00195 C 2070.4697 344.88862 2070.3086 345.10974 2070.3086 345.82812 C 2070.3086 346.27771 2070.132 346.98237 2069.916 347.39453 C 2069.6999 347.80668 2069.0927 349.24199 2068.5664 350.58398 L 2067.6094 353.02539 L 2064.9199 354.9668 C 2063.4407 356.03551 2061.519 357.54556 2060.6484 358.32227 C 2059.3304 359.49812 2058.9234 359.73438 2058.2168 359.73438 C 2057.7501 359.73438 2056.9344 359.8479 2056.4043 359.98633 C 2055.8742 360.12476 2055.0515 360.33751 2054.5781 360.45898 C 2053.7735 360.66541 2052.0188 361.68479 2050.6152 362.75977 C 2050.2799 363.01654 2049.7004 363.36247 2049.3281 363.5293 C 2048.9558 363.69612 2048.0723 364.43945 2047.3633 365.18164 C 2046.4978 366.08758 2045.8256 366.57873 2045.3203 366.67383 C 2044.6004 366.8093 2044.5254 366.74884 2043.5898 365.28125 L 2042.6113 363.74609 L 2041.0898 363.58203 C 2040.2526 363.49241 2038.714 363.51188 2037.6699 363.625 C 2035.0164 363.91255 2028.4089 363.86905 2024.6484 363.53906 C 2022.0921 363.31474 2021.4432 363.18434 2021.2539 362.85742 C 2020.8127 362.09579 2019.0682 360.32161 2018.3457 359.89844 C 2017.7533 359.55149 2017.625 359.53607 2017.625 359.81445 C 2017.625 360.17733 2017.1413 360.4375 2016.4707 360.4375 C 2015.9234 360.4375 2013.1386 361.83321 2012.7598 362.29688 C 2012.3168 362.83911 2012.5702 364.42893 2013.1719 364.88281 C 2013.5964 365.20297 2013.6325 365.35418 2013.4219 365.9082 C 2013.0763 366.81683 2013.1154 367.76058 2013.5195 368.29492 C 2013.9618 368.87983 2013.9676 370.1189 2013.5352 371.57617 C 2013.3467 372.21127 2013.1743 373.67883 2013.1523 374.83789 C 2013.116 376.74945 2013.2039 377.21811 2014.0957 379.87305 C 2014.932 382.36836 2015.0582 382.98373 2014.9414 384.05078 C 2014.8166 385.19181 2014.8637 385.37065 2015.4746 386.06641 C 2016.0146 386.68142 2016.1731 387.12743 2016.2891 388.36914 C 2016.4612 390.21304 2017.4306 392.26636 2020.1602 396.56641 C 2021.9912 399.45075 2021.9926 399.4567 2022.9961 403.53711 C 2023.5483 405.78283 2024.1327 407.88312 2024.293 408.20508 C 2024.4534 408.52704 2024.6409 409.23828 2024.7109 409.78516 C 2024.8303 410.72068 2024.7835 410.82537 2023.9102 411.55078 L 2022.9824 412.32031 L 2023.4707 412.94336 C 2024.0135 413.6335 2024.502 416.5664 2024.1484 417.01172 C 2024.0347 417.15482 2023.5316 418.10318 2023.0293 419.11914 C 2022.4252 420.34092 2021.5232 421.61299 2020.3652 422.875 C 2018.9543 424.41267 2018.5178 425.07344 2018.1152 426.2832 C 2017.6544 427.668 2017.5299 427.82641 2016.5078 428.33203 L 2015.3984 428.88086 L 2016.1602 429.08594 C 2016.5526 429.19198 2016.8788 429.32304 2016.918 429.38672 C 2016.9185 429.38774 2016.9196 429.39159 2016.9199 429.39258 L 2016.9219 429.39453 L 2016.9219 429.39648 L 2016.9219 429.39844 C 2016.9219 429.89313 2015.9265 431.80694 2014.9512 433.1875 C 2011.8754 437.54158 2011.4368 438.38142 2011.3398 440.0918 C 2011.2905 440.96702 2011.3145 441.94422 2011.3945 442.26367 C 2011.4747 442.58313 2012.2165 443.50984 2013.043 444.32422 C 2013.9786 445.24608 2014.5976 446.06649 2014.6836 446.49805 C 2014.7594 446.8793 2014.9366 447.61377 2015.0762 448.12891 C 2015.2158 448.64405 2015.3833 449.51429 2015.4473 450.0625 C 2015.5489 450.92583 2015.719 451.17639 2016.7227 451.93555 L 2017.8809 452.81055 L 2017.7578 454.64844 L 2017.6348 456.48633 L 2015.4863 458.74609 C 2013.4446 460.89404 2013.1752 461.08972 2010.0371 462.69531 C 2007.8406 463.81916 2005.5221 464.77412 2003.1074 465.54883 C 1999.6659 466.65301 1999.3201 466.71839 1996.4336 466.80469 C 1994.7594 466.85476 1990.4492 466.79228 1986.8555 466.66602 C 1980.8164 466.45383 1980.2267 466.46963 1979.0801 466.85938 C 1977.841 467.28057 1977.8327 467.27839 1971.8828 466.43945 L 1965.9258 465.59961 L 1964.4531 466.04688 C 1963.1824 466.43164 1962.5272 466.47149 1959.6602 466.34766 L 1956.3379 466.20508 L 1955.0664 466.93359 C 1953.3465 467.91768 1952.9723 468.70334 1953.3828 470.47266 C 1954.1003 473.56558 1959.3784 488.22371 1961.6523 493.4375 C 1965.6677 502.6446 1968.6571 508.17065 1972.707 513.86719 C 1980.2736 524.51022 1981.8571 526.47088 1986.7402 531.25586 C 1994.3953 538.75727 2000.0577 543.57477 2001.9141 544.16602 C 2003.1946 544.57367 2003.3359 544.54217 2003.3359 543.83984 C 2003.3343 543.26665 2003.0482 543.03069 2000.7305 541.69336 C 1998.7058 540.52503 1997.1045 539.29557 1993.5312 536.16602 C 1981.9716 526.04169 1973.6915 515.37959 1965.4805 500.04883 C 1964.1515 497.56744 1963.0625 495.4507 1963.0625 495.3457 C 1963.0625 495.24069 1962.632 494.33726 1962.1055 493.33789 C 1961.5187 492.22405 1960.6541 489.84895 1959.8711 487.20117 C 1959.1686 484.82546 1958.2405 482.10577 1957.8086 481.1582 C 1957.3768 480.21062 1956.8479 478.66225 1956.6328 477.7168 C 1956.4178 476.77135 1956.0541 475.68069 1955.8242 475.29297 C 1955.5943 474.90526 1955.1288 473.58673 1954.791 472.36328 C 1954.2285 470.32558 1954.2033 470.04122 1954.4785 468.96875 C 1954.7396 467.95143 1954.8839 467.76043 1955.584 467.51758 C 1956.9086 467.05811 1958.2837 467.15481 1959.5508 467.79688 C 1960.8569 468.45872 1962.5543 468.56324 1964.7754 468.11719 C 1966.6577 467.73918 1967.8597 468.1182 1969.2129 469.51758 C 1970.0059 470.3377 1970.3957 471.01222 1970.7891 472.24609 C 1971.4331 474.26637 1971.8402 474.93945 1972.418 474.93945 C 1972.8519 474.93945 1973.8039 475.77835 1975.0117 477.22266 L 1975.6055 477.92969 L 1977.7051 477.8125 C 1979.7087 477.69895 1979.855 477.72379 1980.8984 478.36523 C 1981.9289 478.99871 1982.0691 479.21403 1983.3086 482.08203 C 1984.5609 484.97939 1984.7429 485.25819 1987.1016 487.87695 L 1989.5801 490.62695 L 1990.8398 490.62695 C 1991.4892 490.62695 1992.027 490.58233 1992.0918 490.52539 L 1992.0938 490.52344 L 1992.0957 490.52148 L 1992.0957 490.51953 L 1992.0977 490.51953 L 1992.0977 490.51758 L 1992.0977 490.51562 L 1992.0977 490.51367 C 1992.0977 490.45133 1990.4521 487.54861 1988.4414 484.0625 C 1986.4306 480.57639 1984.8241 477.69887 1984.8711 477.66797 C 1984.9179 477.63706 1986.2317 476.6004 1987.7891 475.36328 C 1989.8898 473.69464 1990.9619 473.00591 1991.9473 472.69531 C 1993.2189 472.29418 1993.3644 472.29308 1995.3223 472.6875 C 1997.3287 473.09163 1997.4095 473.09113 1999.5918 472.60547 C 2002.459 471.96741 2012.3974 468.04138 2015.1934 466.44336 C 2017.7561 464.97862 2019.7988 462.77414 2021.9141 459.19141 C 2022.6554 457.93576 2023.3898 456.90922 2023.5449 456.91016 C 2024.8097 456.91758 2028.2453 457.64728 2029.0996 458.08984 C 2030.2389 458.67998 2031.0826 458.85088 2035.1875 459.31836 C 2036.6715 459.48735 2038.0232 459.71048 2038.1914 459.81445 C 2038.3596 459.91841 2038.9486 459.87706 2039.5 459.72266 L 2040.5039 459.44336 L 2041.332 456.71289 C 2041.7875 455.2114 2042.2162 453.40363 2042.2852 452.69531 C 2042.4603 450.90474 2043.1077 448.21234 2043.3594 448.1582 C 2043.3604 448.15807 2043.3642 448.15825 2043.3652 448.1582 C 2043.3662 448.15825 2043.3701 448.15807 2043.3711 448.1582 C 2043.3721 448.15843 2043.376 448.15788 2043.377 448.1582 C 2043.3816 448.16025 2043.3883 448.16554 2043.3926 448.16992 C 2043.4973 448.27612 2043.9592 449.24057 2044.418 450.31445 C 2045.555 452.97608 2045.5632 454.28298 2044.4531 455.51172 C 2043.868 456.15935 2043.5847 456.75986 2043.3926 457.76367 C 2043.2485 458.51682 2042.8711 459.69017 2042.5527 460.36914 C 2041.8009 461.97234 2041.8199 462.29226 2042.7461 463.50586 C 2043.1714 464.06306 2043.8217 465.07468 2044.1914 465.75391 C 2044.6176 466.53713 2045.0611 467.0389 2045.4043 467.125 C 2045.7018 467.19969 2046.1525 467.5946 2046.4043 468.00195 C 2046.656 468.40929 2047.1418 469.00446 2047.4844 469.32422 C 2047.8269 469.64399 2048.3175 470.32666 2048.5762 470.8418 C 2048.8349 471.35694 2049.4004 472.14692 2049.832 472.59766 C 2050.5392 473.33635 2050.6874 473.75221 2051.3418 476.8125 C 2052.1162 480.43402 2053.2819 483.73932 2054.4082 485.50781 C 2055.3477 486.98328 2055.9844 490.61855 2055.4395 491.39648 C 2054.5801 492.62351 2055.4433 493.62889 2057.7852 494.12891 C 2058.425 494.2655 2059.1775 494.42889 2059.457 494.49219 C 2059.7886 494.56726 2060.0184 494.85214 2060.1191 495.31055 C 2060.3401 496.31678 2060.7051 496.17842 2060.7051 495.08789 C 2060.7051 494.20024 2060.7423 494.15548 2061.584 494.01367 C 2062.866 493.79766 2062.856 493.79785 2063.7617 493.97852 C 2064.6667 494.15901 2066.224 495.57892 2066.3613 496.34961 C 2066.4164 496.65861 2066.8907 496.97807 2067.8398 497.3457 C 2069.6024 498.02843 2070.3066 498.04896 2070.3066 497.41797 C 2070.3066 496.96497 2070.4615 496.94922 2075.0762 496.94922 L 2079.8477 496.94922 L 2086.375 499.66602 C 2089.965 501.16037 2093.0795 502.436 2093.2969 502.5 C 2093.5267 502.56766 2095.7029 501.2592 2098.7402 499.84961 L 2104.6582 497.10352 L 2104.6562 496.66602 L 2104.7344 496.62109 C 2105.1214 496.39841 2107.7473 494.96186 2110.5703 493.42969 C 2113.3933 491.89753 2117.6778 489.4847 2120.0918 488.06641 C 2127.0398 483.98421 2126.5531 484.11036 2130.4395 485.36914 L 2133.4199 486.33398 L 2140.5391 485.12695 C 2144.4548 484.46244 2147.7898 483.91702 2147.9492 483.91602 C 2148.1086 483.91487 2148.2383 484.03508 2148.2383 484.18359 C 2148.2383 484.40461 2148.3512 484.4349 2148.8594 484.3457 C 2149.2009 484.28575 2149.818 484.19197 2150.2305 484.13867 L 2150.9805 484.04102 L 2151.7012 485.55664 C 2152.0972 486.38996 2152.3924 487.09068 2152.3574 487.11328 C 2150.4143 488.38829 2151.0323 488.21852 2142.1953 489.91797 L 2133.916 491.50977 L 2132.3438 491.03906 C 2131.4785 490.77988 2130.1552 490.30198 2129.4043 489.97852 C 2126.7072 488.81674 2127.4113 488.65464 2121.9609 491.70703 C 2119.3393 493.17517 2114.2364 496.09823 2110.6113 498.18359 L 2104.0508 501.95898 C 2104.052 501.94547 2104.0535 501.93147 2104.0547 501.91797 C 2104.0005 501.86376 2101.3939 503.56743 2098.7012 505.12109 L 2093.8047 507.94531 L 2086.2441 504.55469 L 2078.6836 501.16406 L 2075.8164 501.16406 C 2073.1483 501.16406 2072.8421 501.21221 2071.4512 501.8457 L 2069.957 502.52539 L 2069.8828 501.96289 C 2069.7953 501.29686 2069.2509 501.21878 2068.9258 501.82617 C 2068.7999 502.06146 2068.6241 502.79165 2068.5371 503.44922 C 2068.3795 504.63737 2068.3851 504.65339 2069.5352 505.89062 C 2071.9728 508.51291 2077.3882 515.51465 2080.2754 519.7793 C 2081.932 522.22621 2084.3512 525.59728 2085.6523 527.27148 C 2086.9533 528.94568 2088.5324 531.05359 2089.1602 531.95508 C 2089.788 532.85658 2091.0177 534.50463 2091.8945 535.61719 C 2092.7713 536.72975 2093.4902 537.74569 2093.4902 537.875 C 2093.4902 538.00431 2093.3319 538.17004 2093.1387 538.24414 C 2092.9455 538.31827 2092.7871 538.49487 2092.7871 538.63477 C 2092.7871 538.77466 2092.383 539.48921 2091.8887 540.22266 C 2091.3945 540.9561 2090.6069 542.15871 2090.1387 542.89648 C 2089.3058 544.20861 2089.2966 544.24398 2089.7676 544.49609 C 2090.0325 544.63784 2091.2687 544.85815 2092.5137 544.98633 L 2094.7773 545.2207 L 2096.7676 544.29102 C 2097.8623 543.78035 2098.7967 543.39811 2098.8438 543.44141 L 2098.8438 543.44336 L 2098.8457 543.44336 L 2098.8457 543.44531 C 2098.8802 543.5165 2098.7512 544.03684 2098.5508 544.625 L 2098.1758 545.72852 L 2098.9355 546.75 C 2099.5767 547.61218 2099.7935 547.75275 2100.3281 547.65625 C 2100.8976 547.55345 2101.0925 547.72842 2102.2598 549.38477 C 2102.7929 550.14127 2103.6285 552.28111 2104.0176 553.36914 L 2104.0312 554.53125 L 2104.4277 555.22656 C 2104.6465 555.60938 2105.2408 556.99612 2105.7461 558.30859 C 2106.8679 561.22242 2107.7814 563.25189 2108.0488 563.42188 L 2108.0508 563.42188 C 2108.1963 563.42574 2108.3423 563.42962 2108.4883 563.43359 L 2109.1699 564.21094 C 2109.3764 564.44635 2109.7628 566.15041 2110.2227 567.87891 C 2111.3081 571.95834 2112.7587 575.58224 2113.582 576.26953 C 2113.9291 576.55931 2114.8445 577.17999 2115.6172 577.65039 C 2116.3899 578.1208 2117.2854 578.74826 2117.6074 579.04297 C 2117.9293 579.33767 2118.6665 579.79236 2119.2461 580.05469 C 2119.9099 580.3552 2120.8026 580.53411 2121.6582 580.53711 C 2122.8649 580.54168 2122.9915 580.49779 2122.7949 580.14648 C 2122.6389 579.86775 2122.7144 579.46362 2123.0488 578.77539 C 2123.4698 577.90883 2123.6531 577.76807 2124.6875 577.5293 C 2125.5447 577.33146 2126.3998 577.32711 2127.918 577.51172 C 2130.4702 577.82202 2131.3041 577.60434 2138.0957 574.85742 C 2142.6251 573.02549 2142.918 572.8669 2147.0156 569.99609 L 2151.252 567.02734 L 2156.2656 565.66992 C 2158.012 565.19678 2160.815 563.9077 2162.7988 562.98633 C 2165.7248 562.6254 2168.5776 562.16827 2171.334 561.5957 C 2173.0642 560.87104 2175.6354 559.92408 2177.0469 559.49023 C 2178.4584 559.0564 2180.9911 558.19558 2182.6758 557.57617 C 2185.0949 556.68679 2186.1741 556.38128 2187.8086 556.125 C 2190.9683 555.62961 2193.249 554.93658 2195.9336 553.6582 C 2199.9246 551.75764 2202.284 550.2639 2207.3105 546.44922 C 2210.1771 544.27371 2211.1795 543.88183 2214.2285 543.75391 C 2216.9023 543.64173 2217.1163 543.57489 2220.332 541.82031 C 2225.3066 539.10594 2229.4091 537.53037 2232.0234 537.33203 C 2233.1786 537.2444 2233.5222 537.11651 2236.6582 535.59961 C 2238.5216 534.69827 2240.4946 533.66153 2241.041 533.29688 C 2242.1764 532.53911 2243.4385 531.25039 2243.8555 530.42383 C 2244.012 530.11355 2244.345 529.63648 2244.5957 529.36328 C 2245.1153 528.79696 2245.5199 527.37693 2245.8281 525.0332 C 2245.9895 523.80255 2245.9866 523.46342 2245.8105 523.22266 C 2245.5306 522.83673 2245.5347 521.82768 2245.8203 521.41211 C 2245.9513 521.22151 2246.0837 520.40604 2246.1387 519.45508 L 2246.2324 517.82617 L 2245.0234 517.27539 L 2243.8125 516.72266 L 2243.3105 515.41016 L 2242.8105 514.09961 L 2243.0566 512.79102 C 2243.1924 512.07151 2243.3635 511.40771 2243.4355 511.31641 C 2243.5071 511.22513 2243.6582 510.75455 2243.7715 510.27148 C 2243.9691 509.42851 2243.9958 509.39869 2244.4395 509.49609 C 2244.9914 509.61731 2245.0318 509.56124 2245.4414 508.12891 L 2245.7578 507.02148 L 2245.1797 506.42969 C 2244.6226 505.85887 2244.6016 505.79308 2244.6016 504.58398 L 2244.6016 503.33008 L 2245.4902 502.40625 C 2245.9785 501.89805 2246.5664 501.43475 2246.7969 501.37695 C 2247.1735 501.28242 2247.2397 501.13557 2247.4648 499.91992 C 2247.7027 498.63262 2247.7004 498.55475 2247.4062 498.31836 C 2246.5649 497.64212 2246.301 495.34771 2246.9395 494.26562 C 2247.3248 493.61261 2247.9969 493.18555 2248.6426 493.18555 C 2249.1635 493.18555 2249.3102 492.9086 2249.5742 491.41211 C 2249.8199 490.01972 2249.7478 489.86439 2248.7207 489.55664 L 2248.0352 489.35156 L 2248.1113 487.6582 L 2248.1855 485.9668 L 2248.918 485.27539 C 2249.3641 484.8545 2249.8123 484.58213 2250.0645 484.57812 C 2250.2922 484.57446 2250.5632 484.51612 2250.666 484.44922 C 2250.8155 484.32372 2251.5547 482.03984 2251.5547 481.69727 L 2251.5547 481.69531 L 2251.5527 481.69531 L 2251.5527 481.69336 L 2251.5508 481.69141 L 2251.5488 481.68945 C 2251.5013 481.65323 2251.2317 481.58654 2250.9102 481.53516 L 2250.2637 481.43164 L 2250.0801 480.37891 C 2249.9293 479.51194 2249.9428 479.19793 2250.1504 478.60938 C 2250.5364 477.5153 2251.1714 476.79884 2252.1387 476.37109 L 2253.0098 475.98633 L 2253.1309 474.78125 C 2253.2355 473.73926 2253.2135 473.5516 2252.9688 473.4043 C 2252.1657 472.92123 2252.1643 472.91737 2252.1543 471.36328 C 2252.1455 469.92958 2252.1686 469.82816 2252.6465 469.22852 C 2252.9226 468.88222 2253.5681 468.37645 2254.0801 468.10547 C 2255.0076 467.6147 2255.0122 467.60863 2255.1875 466.60156 C 2255.4243 465.24189 2255.4372 465.30232 2254.791 464.99414 C 2254.2481 464.73533 2254.2169 464.67297 2254.1699 463.76172 C 2254.0688 461.81864 2255.1947 459.9142 2256.4473 459.9082 L 2256.9531 459.90625 L 2257.1582 458.26562 L 2257.3633 456.62305 L 2256.8535 455.90039 C 2256.3808 455.23004 2256.3517 455.11067 2256.4551 454.23047 C 2256.5425 453.48691 2256.7069 453.09478 2257.2148 452.41406 C 2257.5711 451.93651 2258.0339 451.45682 2258.2422 451.34766 C 2258.518 451.20317 2258.7235 450.80497 2258.9961 449.88672 C 2259.1957 449.2146 2259.335 448.64006 2259.3145 448.58008 L 2259.3125 448.57812 L 2259.3125 448.57617 C 2259.2806 448.549 2259.0937 448.4433 2258.8984 448.3418 C 2258.3407 448.05187 2258.0888 446.7502 2258.4316 445.92969 C 2258.7833 445.08794 2259.4756 444.21212 2260.0195 443.92383 C 2260.3055 443.77216 2260.4823 443.51819 2260.5312 443.18555 C 2260.6187 442.58911 2260.6607 442.60504 2258.2441 442.35352 C 2256.7089 442.19374 2256.3827 442.21526 2254.2695 442.61328 C 2253.0036 442.85172 2251.0367 443.10589 2249.8984 443.17969 C 2247.4352 443.33946 2243.1121 444.32021 2240.248 445.36719 C 2237.5613 446.34938 2216.3188 455.32214 2215.2422 455.92969 C 2214.5478 456.32161 2214.0316 456.83252 2213.0547 458.0918 C 2212.351 458.99879 2211.7165 459.74023 2211.6445 459.74023 C 2211.5728 459.74023 2211.2762 459.43876 2210.9844 459.07031 C 2210.6704 458.6739 2210.467 458.48685 2210.4023 458.49414 C 2210.4014 458.49437 2210.3974 458.49381 2210.3965 458.49414 L 2210.3945 458.49609 L 2210.3926 458.49805 L 2210.3906 458.5 L 2210.3887 458.50195 L 2210.3867 458.50391 C 2210.3593 458.56034 2210.4615 458.80152 2210.7188 459.20898 L 2211.1328 459.86523 L 2205.3027 464.49023 L 2199.4707 469.11523 L 2196.1641 469.6582 C 2193.4727 470.10045 2190.9305 470.72265 2182.4766 473.00391 L 2172.0938 475.80469 L 2171.0098 475.27148 C 2170.4421 474.99154 2169.9737 474.72298 2169.9316 474.65625 L 2169.9297 474.6543 L 2169.9297 474.65234 L 2169.9297 474.65039 L 2169.9297 474.64844 C 2169.9304 474.59968 2175.7597 472.89312 2182.8848 470.85547 C 2190.4355 468.69612 2196.3118 466.9288 2196.9707 466.61914 C 2197.7508 466.25251 2199.8583 464.70603 2203.7734 461.63086 C 2209.2367 457.33992 2209.4396 457.16195 2209.2168 456.81836 C 2208.9965 456.47859 2209.0935 456.36355 2211.2734 454.44141 C 2213.0203 452.90099 2213.9751 452.20108 2215.2988 451.48438 C 2217.9918 450.02627 2236.5706 441.99935 2239.0547 441.2207 C 2241.4454 440.47136 2249.3205 438.96394 2254.2871 438.30469 C 2257.8268 437.83484 2259.2617 437.53919 2261.1816 436.88281 C 2262.532 436.42116 2262.6999 436.30791 2264.1797 434.86328 C 2265.7538 433.32667 2266.9531 431.60422 2266.9531 430.88086 C 2266.9531 430.25717 2267.2608 429.40542 2267.627 429.01562 L 2267.9766 428.64258 L 2267.6309 428.45703 C 2267.407 428.33718 2267.2477 428.03986 2267.1797 427.61133 C 2267.1049 427.14402 2266.9352 426.85026 2266.5996 426.61133 C 2266.3385 426.42536 2266.125 426.14722 2266.125 425.99414 C 2266.125 425.84106 2265.6743 424.74837 2265.123 423.56445 C 2262.8435 418.6691 2262.7496 418.50822 2261.0762 416.73438 L 2259.502 415.06641 L 2259.832 414.29297 C 2260.2523 413.31315 2260.2483 413.21484 2259.7852 413.21484 C 2259.3182 413.21484 2258.4761 411.87385 2258.1914 410.67773 C 2258.087 410.2387 2257.8161 409.58699 2257.5898 409.22852 C 2257.314 408.79195 2257.2113 408.44663 2257.2773 408.18359 C 2257.4011 407.69009 2256.9611 406.81228 2255.0508 403.73438 C 2254.2461 402.43793 2253.3872 400.98138 2253.1426 400.49805 C 2252.898 400.01472 2252.3954 399.12404 2252.0254 398.51953 C 2251.4243 397.53675 2251.3631 397.34407 2251.4531 396.6875 L 2251.5547 395.95312 L 2250.9844 396.04492 L 2250.416 396.13672 L 2248.1152 393.04492 C 2246.8497 391.34405 2245.6496 389.71411 2245.4492 389.42188 C 2245.1673 389.01072 2244.8587 388.82677 2244.084 388.60938 C 2242.725 388.22807 2241.9268 387.68571 2235.3281 382.65039 C 2225.5661 375.20128 2224.8796 374.64111 2224.3496 373.72266 C 2224.0161 373.14473 2223.4479 372.57632 2222.4492 371.82227 C 2221.6653 371.23035 2218.514 368.80064 2215.4473 366.42383 C 2208.1937 360.80224 2202.6868 357.03356 2197.2617 353.97852 L 2193.0254 351.59375 L 2187.3125 349.63867 C 2184.1708 348.56307 2181.206 347.52536 2180.7246 347.33398 L 2179.8496 346.98633 L 2179.8027 346.98633 C 2179.3885 346.79959 2178.2398 346.3262 2177.5508 346.04102 C 2176.7137 345.69452 2174.892 344.77661 2173.502 344 C 2171.1888 342.70762 2170.9416 342.61862 2170.5742 342.95117 C 2169.5875 343.84408 2166.2444 342.70555 2166.8008 341.66602 C 2166.9781 341.3347 2166.9465 341.19623 2166.6641 341.08789 C 2166.4725 341.01439 2166.2937 340.98682 2166.25 341.02344 L 2166.248 341.02539 L 2166.2461 341.02734 C 2166.2456 341.02806 2166.2446 341.03245 2166.2441 341.0332 C 2166.2174 341.0813 2166.0321 341.43592 2165.834 341.82227 C 2165.619 342.24164 2165.2898 342.52539 2165.0156 342.52539 C 2164.6227 342.52539 2164.5599 342.37245 2164.5879 341.4707 L 2164.6211 340.41797 L 2161.7773 339.38672 C 2160.2141 338.82014 2158.1135 337.94668 2157.1074 337.44531 C 2155.4081 336.59845 2155.1804 336.54423 2153.9141 336.6875 L 2152.5508 336.8418 L 2152.2871 336.04297 C 2151.9387 334.98731 2149.9867 333.97852 2148.293 333.97852 C 2147.3532 333.97852 2147.1162 333.89414 2146.9961 333.51562 C 2146.7199 332.64536 2143.8737 332.19619 2141.0645 332.58008 C 2139.2538 332.82752 2138.9077 332.8164 2138.2656 332.48438 C 2137.7826 332.23458 2136.939 332.10547 2135.7852 332.10547 z M 1954.1426 343.89062 C 1953.7685 343.89801 1953.326 343.92098 1952.7695 343.95508 C 1950.4928 344.09458 1950.1983 344.16973 1948.9004 344.94336 C 1947.3521 345.86628 1938.476 353.63559 1934.3027 357.7207 C 1930.0002 361.93224 1926.9692 366.91343 1925.2871 372.53516 C 1924.2603 375.96657 1923.9677 379.7903 1924.4102 383.9707 C 1924.6664 386.39003 1925.0882 387.76884 1931.3789 406.68359 L 1938.0762 426.82031 L 1940.4336 429.2793 C 1942.3159 431.24294 1943.098 431.8835 1944.3223 432.46094 C 1946.5455 433.50958 1948.5024 433.92317 1951.9434 434.07227 C 1953.6176 434.14481 1956.9377 434.36569 1959.3203 434.5625 C 1961.7028 434.7593 1967.0234 435.11249 1971.1445 435.34766 C 1975.2656 435.58284 1978.9258 435.78809 1979.2773 435.80469 C 1981.0685 435.88944 1987.3261 435.28894 1989.1738 434.85547 C 1994.1521 433.68756 1998.1863 430.21043 2000.9492 424.70117 C 2001.7922 423.02033 2002.0434 422.7221 2003.2617 421.9707 C 2006.5246 419.95818 2008.8421 419.33026 2012.4004 419.49414 C 2014.9308 419.61068 2016.9021 420.29526 2018.1523 421.49219 L 2018.7988 422.11133 L 2019.7539 421.1875 C 2020.5291 420.43765 2021.8379 418.40318 2021.8379 417.94922 L 2021.8379 417.94727 L 2021.8379 417.94531 L 2021.8379 417.94336 L 2021.8359 417.94336 C 2021.7867 417.88946 2021.2452 417.84975 2020.5918 417.85547 C 2019.9062 417.86163 2019.1085 417.73921 2018.8184 417.58398 C 2018.3623 417.34015 2018.3119 417.17902 2018.4434 416.40039 C 2018.5718 415.64074 2018.5199 415.45781 2018.1133 415.24023 C 2017.7095 415.02409 2017.4349 415.11709 2016.4297 415.80859 C 2015.2944 416.58956 2015.1254 416.63477 2013.3027 416.63477 C 2012.2425 416.63477 2010.2775 416.69172 2008.9375 416.76172 L 2006.502 416.88867 L 2005.4473 415.94336 L 2004.3945 414.99805 L 2004.3945 410.59375 L 2004.3945 406.19141 L 2002.6973 402.80664 C 2001.3281 400.07626 2000.9104 398.97814 2000.5312 397.11328 C 2000.1696 395.33413 1999.8835 394.55378 1999.2852 393.71875 C 1998.8578 393.12226 1998.0844 391.73725 1997.5664 390.64258 C 1995.3707 386.00262 1993.8207 384.41653 1990.7129 383.62305 C 1989.6414 383.34948 1987.7199 382.60056 1986.4414 381.95898 C 1985.1629 381.31739 1983.568 380.57789 1982.8984 380.31445 C 1982.2289 380.05101 1980.7332 379.35582 1979.5742 378.77148 C 1977.7023 377.82779 1977.3057 377.50932 1976.0312 375.92188 C 1974.3209 373.79167 1973.2616 371.95428 1972.8945 370.47852 C 1972.6382 369.44772 1972.5672 369.37864 1971.3613 368.96875 C 1970.1112 368.54382 1970.0927 368.52041 1969.6055 367.05664 C 1969.1935 365.81839 1968.5614 364.90783 1965.7539 361.49023 C 1963.9073 359.24249 1962.333 357.29625 1962.252 357.16602 C 1962.1715 357.03578 1962.4749 356.75307 1962.9277 356.53711 C 1963.5611 356.23509 1963.8345 355.90029 1964.1113 355.08789 C 1964.9661 352.5792 1964.3615 350.10875 1962.3633 347.94141 C 1960.7757 346.21954 1959.0842 345.11514 1956.9023 344.37305 C 1955.7717 343.98849 1955.2648 343.86848 1954.1426 343.89062 z M 1584.4258 350.9375 L 1583.2031 351.83594 C 1582.1385 352.61916 1581.9827 352.84098 1581.9727 353.55469 C 1581.9626 354.69085 1581.3 355.90174 1580.3281 356.55664 C 1579.6372 357.0222 1579.2896 357.09402 1578.1152 357.01172 C 1577.1354 356.94309 1576.3881 357.04069 1575.5957 357.3418 C 1574.976 357.57724 1573.9057 357.76953 1573.2168 357.76953 C 1572.5278 357.76953 1571.4746 357.83607 1570.877 357.91797 C 1569.8577 358.0577 1569.791 358.1104 1569.791 358.77344 C 1569.791 359.31878 1569.2839 360.09945 1567.5703 362.19531 C 1564.328 366.1611 1564.3264 366.16449 1563.0723 366.45898 C 1562.4531 366.60439 1561.7889 366.81376 1561.5957 366.92578 C 1561.4025 367.03781 1560.9496 367.29505 1560.5898 367.49609 C 1559.7259 367.97877 1554.6524 368.79711 1553.5918 368.625 L 1552.7598 368.49023 L 1552.6523 370.50391 C 1552.5652 372.16371 1552.4568 372.61566 1552.0352 373.06445 L 1551.5234 373.60742 L 1552.4023 374.07031 C 1553.784 374.79788 1555.983 378.24247 1556.5176 380.51367 C 1556.9448 382.32835 1557.4563 383.0843 1558.457 383.38672 C 1558.7619 383.47887 1559.0647 383.88764 1559.2559 384.4668 C 1559.4251 384.97956 1559.6517 385.40039 1559.7598 385.40039 C 1559.8675 385.40039 1559.957 385.61157 1559.957 385.86914 C 1559.957 386.18511 1560.1117 386.33594 1560.4355 386.33594 C 1560.8639 386.33594 1560.9102 386.46658 1560.8652 387.46484 C 1560.7971 388.95618 1560.985 389.22436 1561.9727 389.03906 C 1562.6013 388.92115 1562.7656 388.96703 1562.7656 389.25977 C 1562.7656 389.86707 1563.3692 389.91422 1564.5352 389.39844 C 1565.9545 388.77059 1566.0449 388.78141 1566.0449 389.58203 C 1566.0449 389.96264 1566.2772 390.49532 1566.582 390.8125 C 1567.4148 391.67897 1568.6191 393.28688 1568.6191 393.53125 C 1568.6191 393.97757 1570.4362 395.70312 1570.9062 395.70312 C 1571.1728 395.70312 1571.4267 395.8098 1571.4707 395.94141 C 1571.5146 396.07301 1572.093 396.26631 1572.7559 396.37109 C 1573.8746 396.54793 1574.0946 396.49603 1575.8379 395.63867 C 1577.534 394.80449 1577.9652 394.6975 1580.291 394.52539 C 1581.7073 394.42058 1583.086 394.21651 1583.3555 394.07227 C 1583.6335 393.92355 1584.1972 393.87444 1584.6582 393.96094 C 1585.3921 394.09863 1585.5114 394.04472 1585.8848 393.38867 C 1586.3334 392.60055 1586.786 392.48111 1587.4609 392.97461 C 1587.778 393.20645 1587.8568 393.47264 1587.7578 393.9707 C 1587.68 394.36176 1587.7603 394.89727 1587.9473 395.23438 C 1588.3943 396.04021 1588.3667 396.59943 1587.8281 397.69336 C 1587.5744 398.20849 1587.1443 399.39429 1586.8711 400.33008 L 1586.375 402.0332 L 1587.1113 402.7207 C 1587.6986 403.2693 1588.144 403.44107 1589.2988 403.56641 C 1590.096 403.65294 1591.0101 403.86196 1591.332 404.0293 C 1592.0873 404.42182 1593.9011 404.83289 1594.8906 404.83789 C 1595.3165 404.83987 1595.8189 404.93915 1596.0078 405.05859 C 1596.2226 405.19442 1596.4582 405.18762 1596.6348 405.04102 C 1597.0565 404.69109 1601.6487 405.50751 1602.9844 406.16992 C 1603.8873 406.6175 1603.9553 406.5758 1603.8145 405.6543 C 1603.7115 404.97995 1603.6658 404.9542 1602.6719 405.0332 C 1601.6502 405.11448 1601.6348 405.10643 1601.6348 404.38281 C 1601.6348 403.8979 1601.7739 403.59775 1602.0449 403.49805 C 1602.2702 403.4151 1602.6712 403.12035 1602.9355 402.8418 C 1603.3068 402.45053 1603.7969 402.30354 1605.0879 402.19531 C 1606.7594 402.05518 1607.7697 401.62558 1608.3809 400.79883 C 1608.5492 400.57122 1608.7921 400.38477 1608.9219 400.38477 C 1609.2212 400.38477 1613.2564 397.17961 1613.9082 396.42383 C 1616.0795 393.90617 1618.2039 391.92636 1619.1055 391.58203 C 1620.7622 390.94932 1621.4615 391.22892 1623.2793 393.25195 C 1624.1477 394.2183 1625.1642 395.16743 1625.5391 395.36133 C 1626.3694 395.79069 1626.5043 396.94072 1625.7695 397.33398 C 1625.0927 397.69616 1623.8809 397.63951 1623.8809 397.24609 C 1623.8809 396.99064 1622.5541 395.28491 1620.707 393.16406 C 1620.3328 392.73445 1617.7425 394.86504 1616.6484 396.50195 C 1615.409 398.35568 1615.2599 398.6729 1615.4707 399.00586 C 1615.7248 399.40733 1615.7498 400.78482 1615.5059 400.93555 C 1615.1603 401.14913 1613.8014 400.39723 1613.6133 399.88867 L 1613.4219 399.375 L 1613.0312 399.93164 C 1612.5131 400.67095 1612.5389 401.30094 1613.1094 401.9082 C 1613.5727 402.40159 1613.5716 402.41098 1613.1211 402.89453 C 1612.8709 403.16305 1612.5295 403.43149 1612.3613 403.49219 C 1612.1145 403.58135 1612.1113 403.69725 1612.3477 404.09766 C 1612.8149 404.88881 1612.6965 405.59532 1611.8184 407.25 L 1610.9961 408.79883 L 1613.4707 411.20703 C 1616.4312 414.08666 1617.2075 415.24699 1617.0078 416.49609 L 1616.8672 417.36328 L 1617.9102 417.28125 C 1618.608 417.22576 1619.2839 417.35293 1619.9531 417.66602 C 1621.2399 418.26805 1624.2469 419.56233 1626.3379 420.41406 C 1627.3147 420.81191 1628.2767 421.40459 1628.7188 421.88086 C 1629.375 422.58755 1629.6493 422.70079 1631.0762 422.85742 C 1631.9638 422.95485 1632.9225 423.15834 1633.207 423.31055 C 1633.6266 423.53514 1633.8498 423.51353 1634.3984 423.18945 C 1634.9929 422.8383 1635.169 422.82813 1635.8574 423.10938 C 1637.084 423.61048 1638.6834 424.84181 1639.7539 426.11133 C 1640.5505 427.05612 1641.2355 427.51872 1643.4102 428.57617 C 1645.8948 429.78435 1646.2166 429.87983 1647.9199 429.92383 C 1648.9842 429.95135 1650.1765 429.83394 1650.7598 429.64453 C 1651.892 429.27686 1652.3765 429.4471 1652.8477 430.37695 C 1653.0951 430.86525 1653.0571 431.01256 1652.5527 431.53906 L 1651.9746 432.14258 L 1652.6719 433.06445 C 1653.319 433.91975 1653.367 434.13298 1653.377 436.00586 L 1653.3867 438.02539 L 1654.4355 438.99219 C 1655.0121 439.52373 1655.5911 439.95703 1655.7227 439.95703 C 1655.8544 439.95703 1655.9629 440.10718 1655.9629 440.28906 C 1655.9629 440.47093 1656.6354 441.0993 1657.457 441.68555 C 1658.2785 442.27181 1659.0195 442.93027 1659.1035 443.15039 C 1659.2328 443.4874 1659.4135 443.39717 1660.252 442.57422 C 1660.7997 442.03672 1661.4569 441.59766 1661.7109 441.59766 C 1661.9648 441.59766 1662.2995 441.39363 1662.4551 441.14453 C 1662.6189 440.88211 1663.0595 440.65999 1663.5039 440.61719 C 1664.5651 440.51488 1665.0603 439.54288 1664.4922 438.67578 C 1664.2789 438.35024 1663.9138 438.08398 1663.6816 438.08398 C 1662.9093 438.08398 1662.5195 437.80625 1662.5195 437.25586 C 1662.5195 436.10907 1664.7159 436.20822 1665.4121 437.38672 C 1665.8242 438.0843 1666.2656 438.13584 1666.2656 437.48633 C 1666.2656 437.30174 1666.4946 436.88739 1666.7754 436.56445 C 1667.1562 436.12647 1667.5164 435.97656 1668.1934 435.97656 C 1669.0504 435.97656 1669.1291 436.03809 1669.5918 437.08398 C 1669.8613 437.69315 1670.6078 438.87909 1671.252 439.71875 C 1673.181 442.23273 1673.4478 443.39482 1672.5918 445.56641 L 1672.127 446.74219 L 1672.709 447.12305 C 1673.1053 447.38273 1673.2891 447.71888 1673.2891 448.17969 C 1673.2891 448.77723 1673.3736 448.85547 1674.0078 448.85547 C 1675.5073 448.85547 1678.207 450.58972 1678.207 451.55273 C 1678.207 451.71373 1678.471 452.01757 1678.793 452.22852 C 1679.1869 452.48664 1679.377 452.82792 1679.377 453.26953 C 1679.377 453.67706 1679.6112 454.13967 1679.9922 454.49219 C 1680.3297 454.80441 1680.8026 455.48291 1681.043 455.99805 C 1681.2835 456.51319 1681.5789 457.09198 1681.7012 457.28516 C 1681.8235 457.47833 1682.2044 458.23758 1682.5469 458.97266 C 1683.3256 460.64379 1683.5711 460.84539 1685.2578 461.18945 C 1686.6638 461.47625 1688.5726 462.58914 1688.8359 463.27539 C 1688.9586 463.59509 1689.1954 463.63322 1690.2148 463.50586 L 1691.4453 463.35352 L 1691.7598 464.41602 C 1692.1103 465.60295 1692.0912 465.587 1692.709 465.20117 C 1693.2402 464.86946 1693.7345 465.19154 1694.2617 466.21094 C 1694.554 466.77685 1694.5489 467.04152 1694.2207 468.33398 C 1694.0144 469.1466 1693.7459 469.93477 1693.625 470.08398 C 1693.3222 470.45755 1693.6497 472.73828 1694.0059 472.73828 C 1694.1619 472.73828 1694.429 473.16271 1694.5996 473.67969 C 1695.0573 475.06638 1695.3604 475.22527 1696.3633 474.60547 C 1697.0466 474.18311 1697.4099 474.11299 1698.2812 474.23242 C 1698.8726 474.31347 1699.6825 474.58164 1700.0801 474.82812 C 1700.9802 475.38623 1701.136 475.40244 1701.3047 474.96289 C 1701.4048 474.70205 1701.8187 474.61328 1702.916 474.61328 C 1703.7286 474.61328 1704.4297 474.51265 1704.4727 474.39062 L 1704.4727 474.38867 C 1704.4737 474.38673 1704.4766 474.38288 1704.4785 474.38086 C 1704.6231 474.2532 1706.3457 473.98083 1708.3945 473.76562 C 1711.4408 473.44564 1712.329 473.27259 1712.668 472.93359 C 1712.9034 472.69823 1713.4217 472.50586 1713.8203 472.50586 C 1714.8929 472.50586 1717.5246 471.65217 1720.8008 470.24219 C 1723.1069 469.24965 1723.9618 468.99219 1724.957 468.99219 C 1725.6461 468.99219 1726.209 469.08348 1726.209 469.19336 C 1726.209 469.30326 1726.7269 469.34205 1727.3594 469.28125 C 1728.1658 469.20377 1728.6645 469.27906 1729.0273 469.5332 C 1729.3678 469.77166 1729.715 469.83414 1730.043 469.71289 C 1730.978 469.36724 1732.8799 469.23828 1734.2441 469.42969 C 1735.3867 469.59002 1735.7576 469.54678 1736.5469 469.15625 C 1737.0644 468.90023 1737.895 468.6605 1738.3926 468.625 C 1738.8903 468.58956 1739.4523 468.47388 1739.6406 468.36719 C 1740.3858 467.94515 1741.9096 465.94705 1742.0488 465.20898 C 1742.3808 463.44992 1743.8659 462.68278 1746.9609 462.67578 C 1749.0031 462.67087 1750.9646 463.1315 1750.7148 463.55664 C 1750.6598 463.64933 1750.7039 463.95863 1750.8125 464.24609 C 1751.0411 464.85069 1751.321 464.78511 1752.8262 463.76367 C 1753.3644 463.39849 1754.2402 463.04005 1754.7715 462.96875 C 1755.4962 462.87155 1755.7045 462.75282 1755.6055 462.49414 C 1755.5139 462.2554 1755.5812 462.19387 1755.8262 462.29297 C 1756.0208 462.37171 1756.3381 462.49993 1756.5312 462.57812 C 1756.7245 462.65629 1756.8828 462.60249 1756.8828 462.45703 C 1756.8828 461.93903 1759.3632 459.81021 1760.6289 459.24219 L 1761.916 458.66406 L 1762.3047 459.14648 C 1762.7506 459.69706 1763.4395 459.56698 1763.4395 458.93164 C 1763.4395 458.43921 1764.3014 457.28516 1764.6699 457.28516 C 1765.0541 457.28516 1766.0156 456.31996 1766.0156 455.93359 C 1766.0156 455.75013 1766.178 455.25722 1766.377 454.83789 C 1766.699 454.15226 1766.6993 453.97041 1766.377 453.04492 C 1766.1799 452.47889 1766.0156 451.68135 1766.0156 451.27148 C 1766.0134 450.77032 1765.8771 450.48353 1765.6016 450.39453 C 1765.3762 450.3217 1764.8954 450.02315 1764.5332 449.73242 C 1763.7545 449.10736 1763.8704 448.38672 1764.75 448.38672 C 1765.2522 448.38672 1765.2825 448.33672 1765.0234 447.92188 C 1764.785 447.54032 1764.798 447.39347 1765.0996 447.0918 C 1765.4021 446.78931 1765.5743 446.77243 1766.0781 447.00195 C 1766.5719 447.22699 1766.8389 447.21159 1767.4629 446.92188 C 1767.8879 446.72455 1768.604 446.49009 1769.0547 446.40039 C 1769.5055 446.31063 1770.2427 445.99904 1770.6934 445.70898 C 1771.1442 445.41891 1771.936 445.04538 1772.4512 444.87695 C 1774.0886 444.34158 1775.8457 443.00859 1775.8457 442.30273 C 1775.8457 441.58657 1777.0613 440.96802 1777.2891 441.56836 C 1777.4105 441.8882 1778.8906 442.14811 1778.8906 441.84961 C 1778.8906 441.71059 1779.0815 441.59766 1779.3164 441.59766 C 1779.5513 441.59766 1780.2625 441.22808 1780.8965 440.77734 C 1781.5305 440.32659 1782.1134 439.95703 1782.1914 439.95703 C 1782.2691 439.95703 1783.3122 439.42518 1784.5117 438.77344 L 1786.6934 437.58789 L 1788.0195 438.08398 C 1789.1334 438.50056 1789.4448 438.53469 1789.9668 438.29688 C 1790.3085 438.14117 1790.6506 437.81811 1790.7266 437.58008 C 1790.9194 436.97235 1791.3988 437.04321 1791.7676 437.73242 C 1792.1939 438.52898 1793.0627 439.05563 1794.4941 439.38867 C 1795.808 439.69438 1797.8337 441.03183 1797.8477 441.60352 C 1797.8626 442.18916 1799.0222 442.1197 1800.4258 441.44922 C 1801.1378 441.10912 1802.3523 440.52919 1803.125 440.16016 C 1804.243 439.62626 1804.8306 439.49563 1806.002 439.51562 C 1807.5686 439.54234 1808.1582 439.86364 1808.1582 440.68945 C 1808.1582 440.99313 1808.428 441.26366 1808.9375 441.47656 C 1809.3653 441.6553 1810.0481 442.14229 1810.4551 442.55859 C 1811.1538 443.27323 1811.2187 443.29528 1811.627 442.92578 C 1811.8648 442.71054 1812.1693 442.5332 1812.3027 442.5332 C 1812.4362 442.5332 1812.7964 442.34048 1813.1035 442.10352 C 1814.0942 441.3392 1817.0107 440.50724 1821.1855 439.79883 C 1823.3551 439.43066 1823.6063 439.42663 1824.1133 439.76562 C 1824.6057 440.09481 1824.7614 440.09836 1825.5195 439.79688 C 1826.2318 439.51353 1826.5436 439.50808 1827.3945 439.75586 C 1828.5546 440.09366 1830.1699 440.16814 1830.1699 439.88477 C 1830.1705 439.51237 1831.9368 437.56974 1832.584 437.23047 C 1833.1866 436.91463 1833.3142 436.92687 1834.0605 437.36719 C 1834.827 437.81945 1834.9218 437.82606 1835.5977 437.47656 C 1836.8737 436.81671 1839.5352 437.1268 1839.5352 437.93555 C 1839.5352 438.4995 1840.2317 438.57192 1840.9023 438.07617 C 1842.0358 437.23809 1843.101 437.22826 1844.7559 438.04297 C 1846.15 438.72931 1846.2731 438.75075 1847.1543 438.44922 C 1848.2437 438.07647 1848.4993 437.389 1847.6816 437.03125 C 1847.3872 436.90247 1846.9522 436.3999 1846.7148 435.91406 C 1846.4774 435.42823 1845.9759 434.87133 1845.6016 434.67773 C 1845.1988 434.46946 1844.9219 434.13683 1844.9219 433.86328 C 1844.9219 433.52078 1844.7543 433.39445 1844.2773 433.37695 C 1841.0906 433.26023 1840.2405 433.05648 1840.2305 432.40234 C 1840.2264 432.11503 1840.068 431.67576 1839.8789 431.42578 C 1839.6899 431.17579 1839.5352 430.52409 1839.5352 429.97852 C 1839.5352 429.20982 1839.6614 428.8862 1840.0977 428.54297 C 1840.781 428.00553 1840.8866 427.28402 1840.4746 425.9668 C 1840.2001 425.08927 1840.2102 424.92333 1840.5527 424.54492 C 1840.7661 424.30906 1840.9414 423.77882 1840.9414 423.36719 C 1840.9414 422.95557 1841.1436 422.03858 1841.3926 421.33008 C 1841.6416 420.62159 1841.9188 419.20738 1842.0078 418.1875 C 1842.163 416.40818 1842.1953 416.33012 1842.7852 416.26172 L 1843.3984 416.19141 L 1843.3145 414.04688 C 1843.2302 411.90666 1843.2316 411.90284 1843.9004 411.47461 C 1844.7492 410.93111 1845.1384 410.44733 1845.1484 409.92578 C 1845.1525 409.69994 1845.3654 409.12315 1845.623 408.64258 C 1846.2797 407.41727 1846.2141 406.89894 1845.2637 405.86133 C 1844.8076 405.36342 1844.3795 404.69232 1844.3125 404.36914 C 1844.2456 404.04595 1844.0388 403.43464 1843.8535 403.01172 C 1843.6682 402.5888 1843.5137 401.69323 1843.5137 401.02148 C 1843.511 399.90508 1843.4449 399.75645 1842.752 399.29883 C 1842.335 399.02347 1840.7206 397.64366 1839.1641 396.23242 C 1836.4097 393.73509 1836.2838 393.65293 1834.4648 393.16211 C 1833.4369 392.88474 1832.3405 392.6563 1832.0273 392.6543 C 1831.7141 392.65181 1830.9356 392.51472 1830.2988 392.34961 C 1829.2897 392.08801 1828.982 392.10282 1827.8965 392.46094 C 1827.2114 392.68696 1826.4171 393.03328 1826.1328 393.23242 C 1825.8485 393.43156 1825.3509 393.59189 1825.0254 393.58789 C 1823.3252 393.56593 1818.9297 391.15632 1818.9297 390.24609 C 1818.9297 389.88255 1818.734 390.02421 1818.0879 390.85352 C 1817.1426 392.06683 1816.063 392.55357 1814.8301 392.32227 C 1813.9088 392.14944 1812.8203 392.54494 1811.3711 393.58008 C 1810.2137 394.40676 1808.0337 395.14533 1806.1074 395.36328 C 1804.531 395.54163 1801.5312 395.13975 1800.8438 394.6582 C 1800.5097 394.42426 1800.2107 394.39372 1799.8027 394.54883 C 1799.488 394.66849 1798.9605 394.76562 1798.6289 394.76562 C 1798.2974 394.76562 1797.9019 394.93682 1797.75 395.14453 C 1797.5556 395.41042 1797.0966 395.52239 1796.2012 395.52539 C 1795.1789 395.52934 1794.769 395.65522 1794.1074 396.16797 C 1793.6548 396.51879 1793.0246 396.88943 1792.707 396.99023 C 1792.3894 397.09103 1791.8286 397.39631 1791.4609 397.66797 C 1790.5586 398.33469 1788.8479 398.3119 1787.7656 397.61914 C 1786.3219 396.69498 1785.0697 396.18479 1782.7266 395.56445 C 1781.454 395.22754 1779.8527 394.68709 1779.168 394.36523 C 1778.4833 394.04337 1777.4821 393.72415 1776.9434 393.65625 C 1776.4046 393.58832 1775.7992 393.39161 1775.5996 393.21875 C 1775.2577 392.92261 1773.4256 392.18945 1773.0273 392.18945 C 1772.9265 392.18945 1772.5525 392.65226 1772.1953 393.2168 C 1771.597 394.1625 1771.4529 394.25335 1770.3594 394.37305 C 1768.8528 394.53799 1767.1687 394.33822 1766.7148 393.94141 C 1766.5216 393.77251 1765.9673 393.56226 1765.4844 393.47266 C 1765.0014 393.38304 1764.6074 393.17841 1764.6074 393.01953 C 1764.6074 392.86064 1764.3963 392.53974 1764.1387 392.30664 C 1763.8544 392.04939 1763.6699 391.58623 1763.6699 391.12695 C 1763.6699 390.41313 1763.6127 390.36141 1762.6484 390.2168 C 1761.9078 390.10574 1761.5619 389.9216 1761.3945 389.54688 C 1761.1876 389.08404 1760.9816 389.02741 1759.4316 389.00781 C 1757.8258 388.9875 1754.2883 388.30206 1751.2832 387.42969 C 1750.1624 387.10436 1749.8715 387.10157 1748.7168 387.40234 C 1748.0005 387.5889 1747.1705 387.74219 1746.8711 387.74219 C 1746.5716 387.74219 1746.0919 387.8925 1745.8066 388.07617 C 1745.299 388.40303 1742.12 389.14648 1741.2305 389.14648 C 1740.9832 389.14648 1740.6486 388.9881 1740.4883 388.79492 C 1740.0591 388.27777 1739.1912 388.36774 1738.791 388.9707 C 1738.4533 389.47956 1738.2788 389.50171 1733.6699 389.64453 L 1728.8984 389.79297 L 1724.6562 391.09961 C 1722.3229 391.81788 1718.3907 393.19804 1715.918 394.16797 C 1710.9194 396.12875 1709.519 396.53894 1707.1211 396.74609 C 1706.2196 396.82397 1704.5997 397.06975 1703.5195 397.29102 C 1701.764 397.6506 1701.531 397.75958 1701.3359 398.31836 C 1701.0693 399.08208 1700.6279 399.28051 1700.084 398.88281 C 1699.7328 398.62598 1699.7131 398.47457 1699.9453 397.80859 C 1700.2572 396.91386 1700.1934 396.77444 1699.5566 396.97656 C 1699.1589 397.10281 1699.1227 397.23784 1699.291 397.98438 C 1699.5053 398.93416 1699.2546 399.44922 1698.5762 399.44922 C 1698.0603 399.44922 1697.7081 399.03081 1697.6035 398.29297 C 1697.5265 397.74946 1697.4444 397.72139 1695.9551 397.74219 C 1695.0937 397.7542 1694.3002 397.81942 1694.1914 397.88672 C 1693.9763 398.01964 1691.7868 397.43584 1689.5762 396.65625 C 1688.7569 396.3673 1687.8916 396.21581 1687.4688 396.28711 C 1687.0247 396.36194 1686.5794 396.27483 1686.3008 396.05859 C 1685.904 395.75058 1685.8819 395.60636 1686.1172 394.83984 C 1686.4295 393.82219 1686.3718 393.70275 1685.7324 394.04492 C 1684.543 394.68145 1683.0111 393.95083 1682.9941 392.73828 C 1682.9888 392.37274 1682.7968 391.51987 1682.5664 390.84375 C 1682.197 389.75993 1682.0703 389.61523 1681.502 389.61523 C 1681.1474 389.61523 1680.7881 389.54448 1680.7031 389.45898 C 1680.6176 389.37352 1679.9929 389.1077 1679.3164 388.86719 C 1678.3258 388.515 1677.7329 388.45947 1676.2715 388.58398 C 1675.3124 388.66569 1674.5213 388.8184 1674.4609 388.92969 L 1674.459 388.93164 C 1674.4587 388.93253 1674.4592 388.93661 1674.459 388.9375 C 1674.4589 388.93838 1674.457 388.94248 1674.457 388.94336 C 1674.457 389.05547 1674.2458 389.14648 1673.9883 389.14648 C 1673.6494 389.14648 1673.5215 389.30248 1673.5215 389.71094 C 1673.5215 390.05392 1673.2385 390.5126 1672.8008 390.88086 C 1672.2052 391.38205 1671.8431 391.48828 1670.709 391.48828 C 1668.8947 391.48828 1668.3408 391.24707 1666.9453 389.85156 C 1665.4466 388.35289 1664.961 388.11519 1662.3984 387.61914 C 1661.2394 387.39478 1659.5011 386.96924 1658.5352 386.67383 C 1656.6724 386.1041 1655.6938 385.91324 1653.6172 385.71875 C 1652.8683 385.64862 1652.2146 385.45014 1652.0547 385.24414 C 1651.8143 384.93438 1651.6674 384.96626 1650.8848 385.49805 C 1650.2575 385.92427 1649.9605 386.01924 1649.8945 385.8125 C 1649.8426 385.65024 1649.7079 385.45576 1649.5938 385.38086 C 1649.2608 385.16252 1650.2694 383.05859 1650.707 383.05859 C 1651.0036 383.05859 1651.058 382.91965 1650.9414 382.45508 C 1650.798 381.88343 1651.095 380.54382 1651.5352 379.7793 C 1651.6464 379.58612 1651.9435 379.02665 1652.1953 378.53516 L 1652.6543 377.64258 L 1651.0859 376.05664 C 1649.9742 374.93159 1649.0438 374.24593 1647.8809 373.69922 C 1644.6863 372.19734 1643.4157 371.50247 1642.0273 370.49805 C 1639.6027 368.74413 1637.5539 367.83789 1636.0137 367.83789 C 1633.4238 367.83789 1631.0797 367.34918 1628.0605 366.17773 C 1626.4319 365.54584 1624.9904 365.0293 1624.8555 365.0293 C 1624.7206 365.0293 1622.7854 364.22813 1620.5566 363.25 C 1618.3277 362.27187 1614.9768 360.85375 1613.1094 360.09961 C 1607.4884 357.82956 1606.5026 357.40086 1604.8945 356.51367 C 1603.9463 355.99056 1603.0364 355.66211 1602.5312 355.66211 C 1600.9718 355.66211 1598.2307 354.7668 1595.4336 353.34375 C 1593.8899 352.55838 1592.4007 351.91602 1592.125 351.91602 C 1591.8492 351.91602 1591.2643 351.7659 1590.8242 351.58203 C 1590.3842 351.39815 1588.7642 351.1772 1587.2246 351.0918 L 1584.4258 350.9375 z M 2078.5684 364.42383 C 2079.024 364.39525 2079.55 364.64911 2080.082 365.18164 C 2081.5466 366.64759 2082.8853 368.28506 2082.9043 368.63281 C 2082.9148 368.82599 2083.0343 369.40674 2083.168 369.92188 C 2083.3016 370.43701 2083.416 371.84498 2083.416 373.05078 C 2083.4207 374.8825 2083.2825 375.72892 2082.5723 378.20117 L 2081.7207 381.16016 L 2082.25 383.38477 C 2082.8639 385.96931 2083.2611 386.75755 2084.2676 387.38086 C 2085.4075 388.08675 2086.3324 387.97728 2087.0391 387.05078 C 2087.3676 386.62007 2087.6367 386.16009 2087.6367 386.02734 C 2087.6367 385.89459 2088.0148 384.95664 2088.4766 383.94336 C 2089.2611 382.22177 2089.3366 382.13028 2089.6426 382.56641 C 2090.8594 384.3009 2091.8095 385.229 2092.623 385.47852 C 2093.737 385.82022 2095.2908 385.61086 2097.0527 384.87891 C 2098.7956 384.15489 2099.6375 384.16722 2101.9121 385.00781 L 2104.0312 385.79102 L 2104.0312 385.8125 L 2105.5625 386.25586 C 2107.6738 386.86572 2108.1301 386.9258 2110.4395 386.9043 L 2112.459 386.88477 L 2113.0566 387.41016 C 2113.8086 388.07042 2113.7467 388.53195 2112.7812 389.41406 C 2112.1128 390.02476 2112.0786 390.03516 2110.7559 390.03516 C 2109.4368 390.03517 2109.4026 390.04523 2108.9805 390.57422 C 2108.1927 391.56659 2108.001 392.07868 2108.1836 392.74023 C 2108.3123 393.20539 2108.2916 393.44755 2108.0898 393.83789 C 2107.9496 394.10922 2107.7762 394.33295 2107.7012 394.33984 L 2107.6992 394.33984 C 2107.6267 394.33984 2107.1623 394.12334 2106.668 393.85938 C 2105.645 393.31293 2104.4538 393.40599 2103.9668 393.56055 C 2103.965 393.56771 2103.9647 393.57486 2103.9629 393.58203 C 2103.962 393.58151 2103.9599 393.58051 2103.959 393.58008 C 2103.958 393.57973 2103.9542 393.57839 2103.9531 393.57812 C 2103.8869 393.56711 2103.7014 393.70576 2103.3789 394.00586 C 2102.9826 394.37463 2102.5207 395.14634 2102.3516 395.71875 C 2102.1826 396.29115 2101.8608 396.92211 2101.6387 397.12305 C 2101.1261 397.58699 2099.7654 397.5708 2098.4062 397.08203 C 2097.8267 396.87365 2096.6691 396.64537 2095.832 396.57617 C 2094.484 396.46479 2094.1294 396.53317 2092.7324 397.16602 C 2091.8648 397.55903 2090.8033 397.94499 2090.375 398.02539 C 2089.2069 398.24453 2088.7678 399.5655 2088.5859 403.4043 C 2088.413 407.05121 2088.0851 407.91647 2086.4863 408.93555 C 2085.8952 409.31229 2085.1218 409.68422 2084.7676 409.76172 C 2084.4134 409.83919 2084.123 409.99841 2084.123 410.11523 C 2084.123 410.81922 2085.0295 412.21238 2086.4355 413.67188 C 2087.3232 414.59335 2088.272 415.78966 2088.5449 416.33203 C 2088.9739 417.18458 2089.2051 417.36823 2090.2539 417.67969 C 2090.9211 417.87783 2091.568 418.03906 2091.6914 418.03906 C 2091.8147 418.03906 2092.5607 418.59957 2093.3477 419.2832 C 2095.8965 421.49722 2095.9878 421.52787 2099.3555 421.39648 C 2102.0637 421.29082 2102.3377 421.31912 2102.8672 421.75977 C 2103.0307 421.8959 2103.3534 421.96847 2103.6406 422.00586 C 2103.6379 422.02641 2103.6356 422.04586 2103.6328 422.06641 L 2104.9414 422.18945 C 2105.9365 422.28329 2106.0362 422.21704 2105.5859 422.9043 C 2105.3936 423.19836 2105.3498 423.50423 2105.4258 424.01562 C 2105.7242 426.00831 2105.7257 426.1433 2105.4453 426.45312 C 2105.2932 426.62122 2104.9123 426.80653 2104.5996 426.86523 L 2104.2578 426.92969 L 2103.2637 426.61719 C 2101.7134 426.20173 2100.1733 426.85734 2099.7988 428.0918 C 2099.3339 429.62465 2098.798 430.69933 2098.541 430.61523 C 2098.4012 430.56951 2097.9862 430.08697 2097.6191 429.54297 C 2097.2521 428.99897 2096.5678 428.30897 2096.0977 428.00977 C 2095.6277 427.71057 2094.9542 427.13803 2094.6016 426.73828 C 2094.2489 426.33853 2093.6702 425.94945 2093.3145 425.87305 C 2092.9588 425.79661 2092.1723 425.61704 2091.5664 425.47461 C 2090.5213 425.22894 2090.403 425.25315 2089.2676 425.95898 C 2088.6093 426.36819 2087.9223 426.70312 2087.7422 426.70312 C 2087.562 426.70312 2087.0552 427.0199 2086.6152 427.40625 C 2086.0056 427.94142 2085.5877 428.10938 2084.8594 428.10938 C 2083.6904 428.10938 2083.5358 427.86264 2083.3242 425.65039 C 2083.1746 424.08558 2082.6496 422.23178 2082.1816 421.61523 C 2082.0614 421.45682 2081.737 421.32998 2081.4609 421.33398 C 2081.1847 421.33799 2080.2746 421.272 2079.4375 421.1875 C 2077.9189 421.03428 2077.9142 421.03638 2077.4922 421.76172 C 2077.2071 422.25173 2076.888 422.48828 2076.5137 422.48828 C 2075.8251 422.48828 2075.4226 422.88202 2074.5879 424.37109 C 2073.8433 425.69932 2073.3975 425.92412 2072.2031 425.57031 C 2071.7386 425.43271 2070.964 425.25764 2070.4805 425.18164 C 2069.8755 425.08648 2069.4418 424.82761 2069.0898 424.35156 C 2068.4659 423.50761 2068.2045 423.48994 2067.4941 424.24609 L 2066.9434 424.83203 L 2066.4004 424.32227 C 2066.1016 424.04153 2065.8574 423.68066 2065.8574 423.51953 C 2065.8574 423.35839 2064.2209 421.61576 2062.2207 419.64844 C 2060.2205 417.68112 2058.5213 415.82921 2058.4473 415.5332 C 2058.2038 414.56302 2058.54 413.88095 2059.3984 413.59766 C 2060.7301 413.15813 2060.9422 412.59322 2060.5742 410.47656 C 2060.4016 409.48447 2060.0859 408.04671 2059.8711 407.28125 C 2059.4655 405.83594 2059.4698 405.75603 2060.2344 402.02344 C 2060.5002 400.72584 2060.2214 399.2609 2059.5605 398.48828 C 2059.3401 398.23071 2058.869 397.58391 2058.5137 397.05078 C 2057.8887 396.11322 2057.8799 396.05253 2058.2266 395.22266 C 2058.6288 394.26015 2059.1141 390.0605 2059.0391 388.19727 C 2058.9805 386.74862 2059.1356 386.42969 2059.9023 386.42969 C 2060.3411 386.42969 2060.6674 386.72677 2061.2832 387.68945 C 2061.7266 388.38256 2062.6238 389.34256 2063.2773 389.82227 C 2063.9308 390.30199 2064.6183 390.98902 2064.8047 391.34961 C 2065.2774 392.26359 2066.0229 395.17102 2066.2129 396.8418 C 2066.3003 397.6111 2066.5189 398.45155 2066.6992 398.70898 C 2066.8795 398.96641 2067.0273 399.3576 2067.0273 399.57812 C 2067.0273 399.79865 2067.1308 400.2489 2067.2559 400.57812 C 2067.4649 401.12768 2067.5356 401.15442 2068.1328 400.90234 C 2068.9281 400.56663 2071.3935 398.24303 2071.8281 397.41992 C 2072.0311 397.03533 2072.0686 396.70092 2071.9316 396.48438 C 2071.5255 395.84261 2071.8749 393.71603 2072.3926 393.67773 C 2072.4685 393.67213 2072.9898 393.57908 2073.5508 393.4707 C 2075.1393 393.16381 2075.7269 393.42745 2076.1543 394.63867 C 2076.6704 396.10099 2076.874 396.36663 2077.7598 396.72461 C 2078.1893 396.8982 2078.7006 397.19863 2078.8965 397.39453 C 2079.3743 397.87239 2079.9975 397.48085 2080.0977 396.63867 C 2080.1615 396.10307 2078.9518 393.21234 2077.7344 390.99414 C 2077.5933 390.73657 2077.4993 389.78821 2077.5273 388.88672 C 2077.5609 387.80355 2077.4187 386.69749 2077.1074 385.625 C 2076.6932 384.19825 2076.447 383.81251 2075.0742 382.43359 C 2073.5853 380.93819 2072.9086 380.03465 2072.8906 379.52148 C 2072.8906 379.52039 2072.8905 379.51867 2072.8906 379.51758 C 2072.891 379.5154 2072.8917 379.50997 2072.8926 379.50781 C 2072.9614 379.37573 2073.9288 379.27841 2075.3535 379.26562 C 2077.4348 379.24693 2077.9226 379.16856 2078.4492 378.77539 C 2079.2145 378.20398 2080.1118 376.10662 2080.1348 374.83789 C 2080.1439 374.32275 2080.2572 373.44254 2080.3867 372.88086 C 2080.5482 372.19338 2080.5472 371.42784 2080.3867 370.53906 C 2080.1799 369.3936 2079.9982 369.07822 2079.0059 368.16406 C 2077.5451 366.81837 2077.1229 365.82879 2077.6621 365.00586 C 2077.9023 364.63925 2078.2139 364.44606 2078.5684 364.42383 z M 1640.6133 439.81445 C 1640.2355 439.81166 1639.8664 439.8835 1639.4668 440.02344 L 1638.541 440.34766 L 1639.1152 440.85547 C 1639.4307 441.13509 1640.4988 442.10103 1641.4902 443.00195 C 1642.4815 443.90286 1643.396 444.64062 1643.5215 444.64062 C 1643.647 444.64062 1643.8635 444.98379 1644.002 445.40234 C 1644.1678 445.90307 1644.6528 446.43456 1645.4199 446.95703 C 1646.0611 447.39375 1646.6486 447.94756 1646.7246 448.1875 C 1646.9124 448.7791 1650.6594 452.38903 1651.5879 452.87305 C 1652.0392 453.10831 1652.3031 453.20354 1652.375 453.16797 C 1652.3784 453.16586 1652.3843 453.16104 1652.3867 453.1582 C 1652.4311 453.09059 1652.2197 452.84741 1651.7441 452.44727 C 1650.9185 451.75257 1649.6396 449.85396 1647.8887 446.73047 C 1647.2802 445.64502 1646.4236 444.4198 1645.9863 444.00781 C 1645.4825 443.53327 1645.1914 443.03961 1645.1914 442.6582 C 1645.1914 442.17162 1644.8856 441.85736 1643.5996 441.02539 C 1642.3114 440.19209 1641.4445 439.8206 1640.6133 439.81445 z M 1666.5117 440.11133 L 1665.5488 441.20508 C 1664.8836 441.96072 1664.4039 442.29883 1663.998 442.29883 C 1663.5985 442.29883 1663.3702 442.45713 1663.2832 442.79102 C 1663.1809 443.18235 1663.0261 443.25562 1662.5195 443.1543 C 1662.0161 443.05362 1661.7288 443.18613 1661.1387 443.79492 C 1660.3495 444.60919 1660.3616 445.06319 1661.2031 446.12305 C 1661.5861 446.60552 1662.0817 446.44811 1662.8496 445.59961 C 1663.5664 444.80762 1664.7725 444.93988 1665.6543 445.9082 C 1666.2167 446.52569 1666.5146 446.68009 1666.9668 446.58789 C 1667.9088 446.39574 1668.7666 445.28598 1669.0898 443.8418 C 1669.3539 442.66148 1669.3424 442.49007 1668.959 442.06641 C 1668.7255 441.80837 1668.424 441.59766 1668.2891 441.59766 C 1668.1542 441.59766 1667.6986 441.26185 1667.2773 440.85352 L 1666.5117 440.11133 z M 2268.4922 444.36133 C 2268.4779 444.37561 2268.9607 444.59391 2269.5645 444.8457 C 2270.1682 445.09749 2270.7545 445.34965 2270.8672 445.40625 C 2270.9799 445.4628 2271.811 446.05763 2272.7148 446.72852 L 2274.3594 447.94922 L 2275.7676 449.47852 L 2277.1758 451.00977 L 2278.4902 453.20117 L 2279.8066 455.39062 L 2280.3848 459.73438 L 2280.3828 459.73438 C 2280.7007 462.12273 2280.9724 464.07617 2280.9844 464.07617 C 2280.9964 464.07617 2280.9859 463.00341 2280.9629 461.69141 L 2280.9219 459.30469 L 2280.373 457.19727 C 2280.0708 456.0382 2279.7948 455.02386 2279.7598 454.94336 C 2279.7252 454.86286 2279.0272 453.69208 2278.209 452.33984 L 2276.7227 449.88086 L 2275.0469 448.27148 L 2273.3711 446.66016 L 2271.9395 445.85938 C 2270.7369 445.18458 2270.3509 444.99794 2269.5137 444.69531 C 2268.966 444.49736 2268.5062 444.34703 2268.4922 444.36133 z M 1829.1152 453.13477 L 1829.1152 453.13672 L 1829.1152 453.13867 C 1829.1044 453.17065 1829.0937 453.31027 1829.0938 453.47461 C 1829.0941 453.80151 1829.0838 453.84282 1828.8398 454.41016 L 1828.584 455.00195 L 1828.1055 455.24414 C 1827.8415 455.37716 1827.7191 455.44415 1827.7051 455.48438 C 1827.7049 455.48545 1827.7032 455.48919 1827.7031 455.49023 L 1827.7031 455.49219 L 1827.7031 455.49414 L 1827.7031 455.49609 L 1827.7051 455.49805 L 1827.7051 455.5 L 1827.707 455.50195 C 1827.7078 455.50283 1827.71 455.50696 1827.7109 455.50781 C 1827.731 455.52344 1827.7807 455.5363 1827.8516 455.54883 L 1827.8535 455.54883 C 1827.9105 455.55883 1828.0121 455.56073 1828.0801 455.55273 C 1828.1484 455.54443 1828.3348 455.52351 1828.4941 455.50781 C 1828.7636 455.48127 1828.8026 455.46468 1829.0527 455.26367 C 1829.6465 454.78658 1830.4161 454.50705 1831.1641 454.49805 L 1831.5156 454.49414 L 1831.7852 454.17188 C 1831.9332 453.99414 1832.2069 453.72136 1832.3945 453.56641 C 1832.5645 453.42597 1832.7037 453.30304 1832.7207 453.27539 L 1832.7227 453.27344 L 1832.7227 453.27148 L 1832.7207 453.26953 L 1832.7188 453.26953 C 1832.6522 453.24795 1832.0749 453.39759 1831.832 453.50195 C 1831.6421 453.58353 1831.3959 453.64145 1831.0391 453.68945 C 1830.531 453.75775 1830.5188 453.75743 1830.2773 453.67383 C 1830.1421 453.62698 1829.8302 453.48629 1829.5859 453.36133 C 1829.3417 453.23637 1829.1321 453.13477 1829.1191 453.13477 L 1829.1172 453.13477 L 1829.1152 453.13477 z M 1652.709 453.375 L 1652.6387 454.10156 C 1652.4967 455.55768 1653.7768 458.98538 1655.127 460.76172 C 1655.6505 461.45048 1656.2975 462.37207 1656.5645 462.81055 C 1657.0558 463.61736 1658.3997 464.69033 1660.793 466.18359 C 1661.5154 466.63434 1663.2216 468.19287 1664.584 469.64844 C 1666.655 471.86094 1667.3289 472.426 1668.6973 473.08789 C 1669.8976 473.66801 1670.4427 473.82047 1670.7422 473.66016 C 1671.2958 473.3639 1671.416 473.38421 1671.416 473.77344 C 1671.416 473.95589 1671.548 474.15766 1671.709 474.22266 C 1672.1289 474.39231 1674.0154 474.39751 1674.6387 474.23047 C 1674.9299 474.15244 1675.2107 473.86422 1675.2617 473.58984 C 1676.0648 469.29703 1676.0661 469.49952 1675.2246 468.33789 C 1674.8544 467.82682 1674.3677 466.73804 1674.1426 465.91797 C 1673.6066 463.96535 1672.6017 462.00049 1671.8555 461.44336 C 1671.5272 461.19827 1670.795 460.93733 1670.2266 460.86523 C 1669.6582 460.79318 1668.5421 460.37623 1667.748 459.9375 C 1666.8501 459.4415 1666.2473 459.23146 1666.1543 459.38281 C 1665.8357 459.89833 1664.2491 459.64652 1663.3594 458.93945 C 1662.8843 458.56186 1662.1579 458.18717 1661.7461 458.10547 C 1659.9487 457.74914 1655.6283 455.6055 1655.3066 454.91016 C 1655.2682 454.82726 1655.0329 454.81165 1654.7832 454.87695 C 1654.4765 454.95714 1654.0669 454.73296 1653.5195 454.18555 L 1652.709 453.375 z M 2281.0156 465.55664 C 2281.0036 465.56862 2280.85 470.58645 2280.7051 475.69531 C 2280.6568 477.39562 2280.6309 477.72886 2280.4141 479.28906 C 2280.2827 480.23443 2280.1797 481.05082 2280.1797 481.10352 C 2280.1809 481.12771 2280.1826 481.1448 2280.1855 481.15234 L 2280.1855 481.1543 L 2280.1875 481.1543 L 2280.1875 481.15625 L 2280.1895 481.15625 L 2280.1914 481.1543 L 2280.1934 481.15234 C 2280.2212 481.10127 2280.2986 480.7027 2280.5215 479.50195 C 2280.7263 478.39876 2280.8667 477.39794 2280.9883 476.19141 L 2281.1641 474.46289 L 2281.0957 470.00391 C 2281.0597 467.55088 2281.0256 465.54964 2281.0156 465.55664 z M 2276.1191 494.49805 C 2276.1096 494.46955 2275.2227 496.30744 2274.1484 498.58203 C 2272.3307 502.43035 2272.0352 503.01437 2269.875 507.00195 C 2268.5981 509.35885 2267.4193 511.5115 2267.2559 511.78516 C 2266.8602 512.44796 2263.2747 518.9297 2263.2227 519.07617 C 2262.9871 519.73911 2264.8492 516.69361 2267.4844 512.10742 L 2270.209 507.36523 L 2273.0332 501.30664 C 2275.833 495.30235 2276.1531 494.59833 2276.1191 494.49805 z M 1824.2754 504.5625 C 1823.9615 504.57947 1823.7781 504.73557 1823.4688 505.04492 C 1823.112 505.40161 1822.8203 505.97404 1822.8203 506.31641 C 1822.8203 506.84051 1823.1355 506.96101 1824.8086 507.08203 C 1827.1395 507.25063 1828.3073 508.14047 1829.4629 510.62695 C 1830.1615 512.13014 1831.3238 513.64062 1831.7812 513.64062 C 1831.9104 513.64063 1832.1223 513.30432 1832.252 512.89453 C 1832.3596 512.55442 1832.4191 512.37131 1832.4863 512.35938 C 1832.5642 512.35231 1832.6559 512.57334 1832.8438 513.04297 C 1833.1847 513.89517 1833.3026 513.93393 1835.4297 513.89453 C 1836.9586 513.86617 1837.9084 514.01678 1838.4551 514.375 C 1839.0174 514.74343 1839.4195 514.80354 1839.8223 514.57812 C 1840.1895 514.37258 1840.7732 514.37393 1841.459 514.58203 C 1842.0452 514.75991 1843.4312 514.98826 1844.5391 515.08984 C 1847.1284 515.32727 1847.6406 515.53964 1848.0176 516.53125 C 1848.6423 518.17423 1849.3411 522.31378 1849.2461 523.80273 C 1849.1538 525.24158 1849.2048 525.35032 1850.0977 525.5957 C 1850.7901 525.78596 1851.6321 525.63672 1853.1992 525.04688 C 1855.0153 524.36329 1855.9331 524.23633 1859.0762 524.23633 C 1862.3452 524.23633 1862.906 524.32188 1863.6738 524.92578 C 1864.8557 525.85546 1865.2316 526.63996 1865.5254 528.80469 C 1865.7476 530.44229 1865.6599 530.89958 1864.7168 533.06836 C 1864.1359 534.40423 1863.5612 535.59515 1863.4395 535.7168 C 1863.3179 535.83845 1863.4564 536.20143 1863.7461 536.52148 C 1864.045 536.85173 1864.3499 537.9699 1864.4531 539.10742 C 1864.6036 540.76734 1864.5428 541.14609 1864.0938 541.31836 C 1863.7957 541.43276 1863.5508 541.89105 1863.5508 542.33594 C 1863.5508 543.4662 1862.7585 544.87787 1861.8418 545.37891 C 1861.4165 545.61137 1860.7523 546.42664 1860.3652 547.18945 C 1859.5982 548.70083 1859.044 548.99056 1858.1699 548.33789 C 1857.6552 547.95364 1857.646 547.79167 1858.0781 546.58984 C 1858.8257 544.51094 1858.6937 542.9772 1857.5723 540.75586 C 1856.3538 538.34188 1856.0588 536.27096 1856.5781 533.76953 C 1856.9047 532.19606 1857.1841 531.72472 1858.3555 530.76758 C 1859.9373 529.47502 1861.6238 528.54102 1862.377 528.54102 C 1863.1038 528.54102 1863.0185 527.31016 1862.2637 526.90625 C 1861.9194 526.72195 1860.0835 526.55325 1858.1855 526.53125 C 1854.9736 526.49407 1854.6462 526.55106 1853.4551 527.35938 C 1852.7512 527.83705 1851.8273 528.31475 1851.4004 528.42188 C 1850.4537 528.65949 1847.9836 528.07857 1846.084 527.16992 C 1844.4431 526.38502 1844.2867 525.63457 1845.3379 523.57422 C 1845.7021 522.86021 1846.002 521.82317 1846.002 521.26953 C 1846.002 520.3311 1845.9195 520.26367 1844.7871 520.26367 C 1843.0541 520.26367 1839.2492 519.56824 1839.0176 519.20898 C 1838.9033 519.03166 1838.461 519.06935 1837.9531 519.30078 C 1837.1884 519.64921 1836.7361 519.54099 1834.1895 518.40625 C 1832.5976 517.69691 1831.2123 517.10806 1831.1133 517.09766 C 1830.6838 517.05237 1827.7637 515.52338 1827.5996 515.25781 C 1827.5001 515.09683 1827.0482 514.96484 1826.5957 514.96484 C 1826.1076 514.96484 1825.8112 514.79632 1825.8672 514.55078 C 1825.9194 514.32312 1825.5349 513.57751 1825.0137 512.89453 C 1824.2277 511.86429 1823.8628 511.65244 1822.8652 511.64844 C 1821.1398 511.64152 1818.8933 510.7762 1817.3594 509.52734 L 1816.0332 508.44727 L 1813.9297 508.95117 C 1812.201 509.36507 1811.4897 509.38547 1809.9355 509.06445 C 1808.8956 508.84967 1807.6696 508.67383 1807.2109 508.67383 C 1806.7522 508.67383 1805.7194 508.2416 1804.9141 507.71484 C 1802.9217 506.41153 1801.4209 506.10536 1801.1543 506.94531 C 1800.7714 508.1515 1799.4397 508.50805 1795.3691 508.49805 C 1793.256 508.49294 1791.0816 508.44101 1790.5352 508.38281 C 1789.9888 508.3246 1788.4225 508.45497 1787.0566 508.67188 C 1785.6906 508.88878 1783.1694 509.0492 1781.4531 509.0293 C 1778.6711 508.99709 1778.2043 509.08002 1777.1484 509.79102 C 1776.497 510.22965 1775.3955 510.76873 1774.7012 510.98828 C 1773.9003 511.24156 1773.3322 511.67234 1773.1445 512.16602 C 1772.9818 512.59397 1772.4694 513.19243 1772.0059 513.49609 C 1771.5425 513.79976 1771.1621 514.19894 1771.1621 514.38477 C 1771.1621 514.93789 1769.5464 516.26616 1768.582 516.50586 C 1767.0863 516.8776 1765.8652 517.97537 1765.8652 518.94531 C 1765.8652 519.42658 1765.4908 520.55324 1765.0352 521.44922 C 1764.5797 522.3452 1764.2764 523.25856 1764.3594 523.48047 C 1764.4428 523.70237 1765.0295 524.10202 1765.6641 524.36719 C 1766.6044 524.76008 1766.8885 525.11399 1767.1992 526.28125 C 1767.7423 528.32108 1768.8197 530.11324 1769.6348 530.33203 C 1770.0193 530.43523 1771.3774 530.52139 1772.6523 530.52539 C 1775.6437 530.53361 1777.2547 530.99818 1778.1211 532.09961 C 1779.1665 533.42871 1778.7753 534.5851 1776.1289 538.00977 C 1775.3094 539.07038 1774.4893 540.19827 1774.3047 540.51758 C 1774.0199 541.01017 1773.8469 541.03723 1773.168 540.69727 C 1772.084 540.15453 1771.7437 538.76471 1772.4414 537.73047 C 1773.8701 535.61239 1774.4727 534.65358 1774.4727 534.49609 L 1774.4727 534.49414 C 1774.4724 534.49338 1774.4711 534.48903 1774.4707 534.48828 L 1774.4688 534.48633 L 1774.4668 534.48438 C 1774.248 534.30511 1769.5436 534.47558 1768.8828 534.69531 C 1768.5035 534.82155 1768.5132 534.94635 1768.9414 535.41992 C 1769.2262 535.73484 1771.0879 538.89771 1773.0781 542.44922 C 1775.0682 546.00074 1778.8411 552.63233 1781.4629 557.18555 L 1786.2305 565.46484 L 1786.2305 568.94141 C 1786.2305 574.10354 1785.714 575.03081 1779.1895 581.60156 L 1773.7793 587.1543 L 1773.6719 587.1543 L 1772.252 588.54688 C 1771.4711 589.31331 1770.832 590.17694 1770.832 590.46484 C 1770.832 590.75274 1760.5129 601.30624 1747.9004 613.91602 C 1735.288 626.5258 1721.4472 640.36533 1717.1426 644.67188 L 1709.3164 652.50195 L 1710.7617 654.75977 C 1714.4596 660.52885 1715.9448 664.25867 1720.9941 680.48242 L 1723.1914 687.54883 L 1722.9863 690.58203 C 1722.7457 694.13835 1721.6237 699.22017 1720.957 699.77344 C 1720.5925 700.076 1720.0074 699.94484 1718.2598 699.16602 C 1712.6627 696.67156 1704.5009 695.74936 1698.4648 696.93164 C 1693.5697 697.89043 1686.693 700.9715 1683.8945 703.45898 C 1682.9904 704.2626 1680.8357 706.08882 1679.1055 707.51758 C 1677.3752 708.94635 1674.9904 710.96547 1673.8066 712.00391 C 1662.5966 721.83711 1645.2555 736.29512 1644.1719 736.71094 C 1643.4604 736.984 1642.7421 736.27716 1639.418 732.0293 C 1637.8503 730.02588 1634.1327 725.6035 1631.1562 722.20117 L 1625.7441 716.01562 L 1624.0293 717.33203 C 1621.7567 719.07757 1617.5313 721.11722 1614.8633 721.75586 C 1613.6795 722.03924 1611.2735 722.36378 1609.5176 722.47852 L 1606.3262 722.6875 L 1605.7422 724.875 C 1605.243 726.74498 1599.9098 737.53155 1597.7246 741.0918 C 1597.348 741.70542 1595.318 743.95623 1593.2129 746.0918 C 1589.2214 750.14098 1587.024 751.6441 1583.9863 752.4082 C 1582.635 752.7481 1582.4393 752.90144 1582.5781 753.50977 C 1582.6669 753.8984 1583.1082 756.13734 1583.5586 758.48438 C 1584.0089 760.83139 1584.4586 762.83224 1584.5586 762.93164 C 1584.7932 763.16622 1598.3425 763.97618 1603.2734 764.05078 C 1607.7822 764.11895 1609.6756 763.53965 1612.75 761.15234 C 1613.7933 760.34219 1614.8955 759.67969 1615.1973 759.67969 C 1615.499 759.67969 1618.8621 760.33772 1622.6719 761.14062 C 1626.4818 761.94352 1634.74 763.59237 1641.0234 764.80664 C 1647.3069 766.0209 1652.7737 767.22447 1653.1719 767.48047 C 1653.57 767.73647 1654.6725 769.10459 1655.6211 770.51953 C 1656.5696 771.93448 1659.485 776.17482 1662.0996 779.94336 C 1664.7142 783.71189 1666.8535 787.07451 1666.8535 787.41602 C 1666.8535 788.07126 1662.1856 792.06099 1658.9043 794.21094 C 1657.7639 794.95815 1652.4416 797.1566 1644.666 800.0918 C 1626.065 807.11346 1618.1774 809.68359 1615.2246 809.68359 L 1614.3027 809.68359 L 1613.3848 804.79883 C 1612.8802 802.11243 1612.3533 799.78924 1612.2129 799.63672 C 1612.0725 799.4842 1610.0547 799.74556 1607.7285 800.2168 C 1603.0465 801.16528 1601.2061 801.2797 1600.6973 800.6582 C 1600.5109 800.43054 1599.7916 797.3604 1599.0977 793.83398 C 1598.2713 789.63362 1597.6776 787.36073 1597.3789 787.24609 C 1597.1281 787.14985 1594.9617 787.44679 1592.5645 787.9043 C 1590.1672 788.36181 1588.0331 788.66859 1587.8223 788.58789 C 1587.6115 788.50722 1587.1751 787.03751 1586.8516 785.32031 C 1586.5282 783.60311 1586.1022 782.19727 1585.9062 782.19727 C 1584.8386 782.19727 1553.4314 789.65077 1552.9863 790.00977 C 1552.9214 790.06209 1553.04 791.34383 1553.248 792.85742 C 1553.4561 794.371 1554.06 799.03564 1554.5918 803.22461 C 1555.1236 807.41357 1555.7783 812.49474 1556.0469 814.51562 C 1556.7967 820.15893 1559.1707 831.5152 1559.9727 833.29883 C 1561.7548 837.26244 1566.1549 839.26592 1570.9863 838.31445 C 1578.7487 836.78576 1580.8375 836.45605 1581.0898 836.71484 C 1581.2441 836.8731 1581.6154 838.86401 1581.916 841.14062 C 1583.3391 851.91939 1585.6826 862.17324 1590.5508 878.92969 C 1590.6861 879.39559 1591.3548 879.27787 1595.748 878.01367 C 1598.521 877.21569 1600.9897 876.60179 1601.2344 876.65039 C 1601.4791 876.69896 1602.5361 879.04809 1603.584 881.87109 C 1604.632 884.69409 1605.7534 887.63806 1606.0742 888.41211 C 1606.72 889.97077 1606.8015 890.02218 1607.5527 889.35352 C 1608.2144 888.76446 1611.3526 887.47334 1616.0215 885.87109 C 1618.0249 885.18357 1620.6736 884.13578 1621.9062 883.54102 C 1623.3047 882.86624 1624.4559 882.51919 1624.9688 882.61719 C 1625.4209 882.70361 1625.791 882.64125 1625.791 882.48047 C 1625.791 882.11759 1626.5997 881.79537 1629.7656 880.89453 C 1631.1315 880.50584 1632.8851 879.89564 1633.6641 879.53906 C 1634.443 879.18249 1635.3489 878.89062 1635.6758 878.89062 C 1636.4145 878.89062 1639.0961 878.02547 1640.8574 877.21875 C 1641.5859 876.88507 1642.6294 876.50771 1643.1758 876.38086 C 1643.7222 876.25402 1645.4613 875.72403 1647.041 875.20117 C 1650.5146 874.05138 1652.6186 873.72531 1653.5078 874.20117 C 1653.9886 874.45844 1654.2747 874.44999 1654.5586 874.16602 C 1654.7734 873.95123 1655.7283 873.60162 1656.6797 873.39062 C 1657.6311 873.17963 1659.2752 872.80762 1660.334 872.56445 C 1661.9975 872.18238 1662.3794 872.18972 1663.1445 872.61914 C 1663.9111 873.04943 1664.3178 873.05827 1666.1777 872.67578 C 1667.3592 872.43282 1668.404 872.11396 1668.5 871.96875 C 1669.129 871.01573 1671.6209 870.63572 1672.8672 871.30273 C 1673.4108 871.59366 1673.6822 871.52683 1674.2949 870.95117 C 1675.0252 870.26516 1677.1933 869.57106 1680.5352 868.95312 C 1682.1173 868.66058 1683.4706 868.91422 1683.8809 869.57812 C 1683.9975 869.76684 1684.4296 869.56249 1684.8906 869.10156 C 1685.3341 868.658 1685.9824 868.29492 1686.3301 868.29492 C 1686.6779 868.29492 1688.3609 867.75196 1690.0703 867.08789 C 1691.7798 866.42372 1693.7004 865.85437 1694.3379 865.82227 C 1695.2682 865.77539 1695.5946 865.56544 1695.9902 864.76562 C 1696.4316 863.87315 1697.0181 863.58444 1701.6172 861.99023 C 1704.4413 861.0113 1707.0508 860.20241 1707.416 860.19141 C 1708.3925 860.16208 1709.7907 859.11424 1710.5977 857.80859 C 1710.9872 857.17835 1711.8962 856.29108 1712.6172 855.83594 C 1713.8372 855.06582 1713.9823 855.04409 1714.7109 855.52148 C 1715.1981 855.84036 1715.8547 855.96072 1716.4492 855.8418 C 1717.3463 855.66239 1717.4501 855.75905 1718.1387 857.41602 C 1718.5471 858.39876 1718.9753 859.02145 1719.1055 858.82227 C 1719.5147 858.1965 1722.4115 857.27731 1723.2832 857.49609 C 1723.8809 857.6461 1724.5511 857.42357 1725.6992 856.69531 C 1727.7873 855.3708 1730.2938 854.62035 1731.1309 855.06836 C 1731.4756 855.25287 1731.7578 855.54499 1731.7578 855.7168 C 1731.7578 855.89528 1732.1129 855.8659 1732.5859 855.65039 C 1733.0412 855.44293 1733.4121 855.09518 1733.4121 854.87695 C 1733.4121 854.34512 1738.3781 852.40766 1740.3359 852.17578 C 1741.5337 852.03392 1742.0265 852.12024 1742.4531 852.54688 C 1742.9736 853.06736 1743.0598 853.05027 1743.7852 852.26758 C 1745.8956 849.99041 1752.2871 848.84923 1752.2871 850.75 C 1752.2871 851.86555 1754.1392 851.39566 1755.2773 849.99023 C 1755.7078 849.45854 1756.4215 849.28023 1759.002 849.0625 C 1760.7578 848.91436 1762.9176 848.90727 1763.8008 849.04688 C 1764.8593 849.21421 1765.7953 849.16021 1766.5469 848.88867 C 1768.143 848.31221 1770.4782 848.31101 1770.6992 848.88672 C 1770.902 849.41534 1772.135 849.20826 1772.6523 848.55859 C 1772.8345 848.32989 1773.3572 848.09356 1773.8125 848.03516 C 1774.5574 847.93962 1774.6406 847.77985 1774.6406 846.43945 L 1774.6406 844.94922 L 1775.9512 844.8418 C 1777.4757 844.7175 1778.1079 845.31939 1778.1309 846.91602 C 1778.139 847.47313 1778.331 848.62959 1778.5566 849.48438 C 1778.8833 850.72225 1779.0662 850.9752 1779.4531 850.73047 C 1779.7204 850.56146 1780.908 850.10348 1782.0918 849.71289 C 1784.3635 848.96335 1785.4023 848.28328 1785.4023 847.54688 C 1785.4023 847.30191 1785.5138 847.09494 1785.6504 847.08594 C 1785.787 847.07712 1787.3147 846.88428 1789.0449 846.6582 C 1792.6418 846.18823 1801.0118 846.51523 1803.7969 847.23438 C 1805.3357 847.63173 1805.5978 847.60774 1807.1074 846.93359 L 1808.748 846.20117 L 1810.3652 841.93359 C 1812.342 836.71911 1865.8051 714.32828 1866.3809 713.69922 C 1866.6564 713.39818 1867.1286 713.32463 1867.8203 713.47656 C 1868.6236 713.65298 1868.8516 713.879 1868.8516 714.49805 C 1868.8516 715.1432 1817.1316 836.61635 1815.4238 839.98242 C 1815.1466 840.5288 1814.3294 842.34575 1813.6074 844.01953 L 1812.293 847.0625 L 1813.207 848.32422 C 1813.8988 849.27763 1814.5024 851.13387 1815.6738 855.92383 C 1817.3101 862.61479 1817.3432 863.33062 1816.1016 865.10547 L 1815.4375 866.05273 L 1816.2324 865.80664 C 1816.6695 865.6705 1819.5601 864.74643 1822.6562 863.75391 C 1827.3572 862.24699 1837.5199 859.37887 1840.2891 858.77734 C 1840.6985 858.6884 1841.3692 858.82581 1841.7793 859.08398 C 1842.7094 859.66943 1848.1774 861.11431 1852.1289 861.81836 C 1854.9489 862.32081 1864.522 865.21588 1864.877 865.67383 C 1865.232 866.13177 1867.7861 867.25908 1868.9766 867.48242 C 1869.6985 867.61783 1870.7461 868.18991 1871.4453 868.83203 C 1872.1132 869.44545 1872.8081 869.90135 1872.9902 869.84375 C 1873.1723 869.78617 1873.7898 868.55733 1874.3613 867.11328 C 1874.9327 865.66922 1875.5391 864.33536 1875.709 864.15039 C 1875.8789 863.96542 1876.178 863.36972 1876.373 862.82617 C 1876.841 861.52141 1893.3619 822.48181 1893.5078 822.33594 C 1893.804 822.0397 1896.3749 823.00909 1896.2324 823.36328 C 1894.603 827.41343 1878.2948 865.80526 1877.1309 868.33008 C 1874.817 873.34957 1874.8004 873.46441 1876.3555 873.9082 C 1879.5316 874.81456 1884.8507 875.25993 1888.3887 874.91602 C 1892.3259 874.5333 1898.1749 873.17305 1900.1289 872.18555 C 1900.8486 871.82179 1902.2409 871.24792 1903.2227 870.91016 C 1904.4036 870.50386 1907.3784 868.57766 1912.0137 865.21875 C 1922.0129 857.973 1923.466 857.00175 1925.2305 856.37695 C 1926.0962 856.07042 1926.9026 855.72046 1927.0234 855.59961 C 1927.1443 855.47877 1927.6744 855.38086 1928.2012 855.38086 C 1928.7279 855.38086 1929.0736 855.24182 1928.9688 855.07227 C 1928.6957 854.63043 1929.2941 854.34573 1930.5312 854.32812 C 1931.1208 854.31975 1932.1992 853.98116 1932.9277 853.57617 C 1935.2751 852.2712 1944.3802 850.80058 1945.8809 851.48438 C 1946.4454 851.74156 1947.1425 851.69827 1948.5605 851.31836 C 1949.9312 850.95114 1952.8841 850.74823 1958.9219 850.60547 C 1963.5662 850.49567 1970.1613 850.31003 1973.5762 850.19336 L 1979.7852 849.98242 L 1979.7852 851.02539 C 1979.7852 852.00593 1980.2578 852.47245 1980.5039 851.73438 C 1980.5653 851.55 1981.8479 851.30376 1983.3555 851.1875 L 1986.0977 850.97656 L 1985.9258 847.30078 C 1985.8315 845.27927 1985.6704 841.00181 1985.5684 837.79492 L 1985.3828 831.96289 L 1986.9355 831.75 C 1987.7888 831.63302 1990.1424 831.53811 1992.166 831.53711 C 1994.1895 831.53617 1997.2985 831.4379 1999.0742 831.32031 L 2002.3027 831.10742 L 2002.3027 821.14062 L 2002.3027 811.17383 L 1996.5918 811.27148 C 1992.1315 811.34846 1990.3721 811.24896 1988.5605 810.81641 C 1984.0274 809.73405 1980.9416 807.2139 1978.4941 802.5957 C 1976.8955 799.57938 1976.8142 798.76731 1977.6348 794.125 C 1978.2037 790.90725 1978.6466 789.72862 1979.9395 787.99219 C 1981.423 785.99992 1981.7714 784.95032 1981.7715 782.46289 C 1981.7715 781.13341 1981.9944 778.87674 1982.2676 777.44922 C 1982.7769 774.78774 1982.9061 771.66777 1982.5605 770.37891 C 1982.3867 769.73088 1982.1542 769.65479 1980.4004 769.67969 C 1978.2864 769.70966 1977.2514 769.10628 1976.3066 767.29102 C 1976.0153 766.73156 1975.0746 766.11762 1973.4414 765.42383 C 1972.1036 764.85553 1963.739 761.31561 1954.8535 757.55664 C 1945.9679 753.79767 1937.4145 750.13013 1935.8477 749.40625 C 1933.9055 748.50897 1932.5409 748.08984 1931.5566 748.08984 C 1930.7625 748.08984 1930.1113 747.96714 1930.1113 747.81641 C 1930.1113 747.41781 1931.7823 743.33404 1932.0684 743.0332 C 1932.2018 742.89293 1932.5189 743.16707 1932.7734 743.64258 C 1933.0278 744.11809 1933.7652 744.77739 1934.4121 745.10742 C 1935.5879 745.70727 1955.896 754.30742 1971.1426 760.66211 L 1979.2266 764.03125 L 1979.918 763.21094 C 1981.4997 761.34034 1983.7899 761.13967 1986.1875 762.66016 C 1987.0484 763.20617 1987.872 763.97358 1988.0176 764.36719 C 1988.3253 765.19888 1988.12 766.63477 1987.6934 766.63477 C 1987.5325 766.63477 1987.4004 766.85767 1987.4004 767.13086 C 1987.4004 767.45467 1987.7248 767.62695 1988.332 767.62695 C 1989.4129 767.62695 1990.8502 766.26196 1991.1602 764.94141 C 1991.2718 764.46598 1992.0421 763.08468 1992.873 761.87109 C 1994.2186 759.90589 1994.4178 759.3757 1994.6855 757.0293 C 1994.8507 755.58031 1995.1333 754.12204 1995.3125 753.78711 C 1995.4918 753.45218 1995.8531 752.29318 1996.1172 751.21289 C 1997.4505 745.7603 1998.7652 741.52061 2000.4473 737.24023 L 2002.3027 732.51562 L 2002.2969 729.16602 L 2006.1777 723.25586 C 2008.9401 719.04891 2010.2387 713.96349 2010.8887 712.92578 C 2011.5388 711.88807 2012.5851 710.12681 2013.2148 709.01172 C 2013.8445 707.89663 2014.927 706.56763 2015.6191 706.05859 C 2016.3113 705.54956 2017.3417 704.47906 2017.9102 703.67969 C 2018.4786 702.88033 2019.8153 701.36656 2020.8809 700.31641 C 2021.9465 699.26625 2023.431 697.59711 2024.1797 696.60547 C 2025.4929 694.8661 2025.5267 694.75963 2025.1387 693.58398 C 2024.7796 692.49582 2024.8033 692.32551 2025.3574 692.00195 C 2025.6987 691.80265 2026.4197 691.63777 2026.9609 691.63477 C 2027.9095 691.63002 2027.9426 691.57961 2027.8496 690.25391 C 2027.7966 689.49721 2028.0606 687.88053 2028.4375 686.66016 C 2029.4877 683.26013 2029.3714 681.90481 2027.8633 679.98633 C 2027.1704 679.10487 2026.4969 678.20473 2026.3652 677.98633 C 2026.2335 677.76793 2026.5705 675.82376 2027.1152 673.66602 C 2028.0581 669.93131 2028.0824 669.66564 2027.6211 668.13281 C 2026.9494 665.90109 2027.0154 663.69271 2027.8164 661.59961 C 2028.3852 660.11328 2028.7518 659.67902 2030.0527 658.94922 C 2030.9081 658.46935 2032.1714 657.97244 2032.8613 657.84375 C 2033.9483 657.64101 2034.3809 657.77236 2036.0977 658.83203 C 2037.6482 659.78911 2038.2861 660.0098 2039.0332 659.8457 C 2039.8463 659.66713 2040.6737 660.08084 2044.6035 662.63477 C 2049.0494 665.52416 2049.2966 665.63959 2051.4141 665.77539 L 2053.6133 665.91602 L 2060.9062 671.63477 C 2064.9175 674.78025 2068.1992 677.47378 2068.1992 677.62109 C 2068.1992 677.76841 2068.8167 678.44835 2069.5723 679.13086 C 2071.8606 681.19776 2074.1602 684.73715 2074.1602 686.19531 C 2074.1602 687.16334 2074.0058 687.49402 2073.4824 687.66016 C 2073.0033 687.8115 2072.8649 688.05831 2073.0039 688.49609 C 2073.4421 689.87571 2073.683 692.35399 2073.4766 693.34766 C 2073.2626 694.37764 2071.1581 697.85742 2070.5039 698.26172 C 2069.556 698.84754 2071.072 699.08008 2075.8223 699.08008 C 2080.8737 699.08008 2081.1051 699.05224 2081.4707 698.36914 C 2082.2132 696.98174 2081.1338 689.9152 2079.6426 686.40625 C 2079.172 685.29903 2079.0349 685.19786 2078.4375 685.51758 C 2077.034 686.26873 2076.0822 685.62249 2073.9961 682.49805 C 2072.9045 680.86297 2071.3402 678.86863 2070.5195 678.06641 C 2067.3561 674.97411 2051.9976 663.60149 2041.8379 656.82812 C 2031.2766 649.78696 2031.1954 649.74023 2029.4199 649.74023 C 2027.6523 649.74023 2027.5302 649.67175 2018.3613 643.55469 C 2012.1427 639.40595 2008.1161 636.95235 2006.1328 636.10352 C 2005.0431 635.63714 2003.2473 634.97794 2002.1348 634.5918 L 2002.1348 634.42188 L 1991.5645 629.96289 L 1980.9922 625.50391 L 1980.4297 626.25 C 1979.8013 627.0831 1978.5707 626.92831 1978.9219 626.06055 C 1979.0319 625.7889 1979.2062 625.35635 1979.3105 625.09961 C 1979.4214 624.82641 1979.2497 624.54843 1978.8965 624.42773 C 1978.5646 624.3143 1977.9952 623.75796 1977.6309 623.19336 C 1977.2028 622.52979 1976.2414 621.84175 1974.9102 621.24414 L 1972.8496 620.31836 L 1972.6328 621.47852 C 1972.1579 624.01005 1969.3922 623.71052 1961.7617 620.29883 C 1959.0155 619.07097 1955.0839 617.33239 1953.0234 616.43555 C 1950.9629 615.53871 1948.7646 614.33853 1948.1387 613.76758 C 1947.1565 612.87159 1947 612.52024 1947 611.20117 C 1947 610.20319 1947.1438 609.66906 1947.4141 609.66406 C 1947.4354 609.66369 1947.4499 609.66187 1947.459 609.65625 L 1947.4609 609.6543 L 1947.4629 609.65234 L 1947.4648 609.65039 L 1947.4668 609.64844 L 1947.4688 609.64648 L 1947.4688 609.64453 L 1947.4688 609.64258 L 1947.4707 609.64062 L 1947.4707 609.63867 L 1947.4707 609.63672 C 1947.4575 609.54856 1947.0101 609.27817 1946.3379 608.9668 C 1943.0838 607.45973 1939.9508 608.27911 1937.4258 611.29492 C 1935.8925 613.1262 1934.0865 613.98683 1930.3262 614.67969 C 1927.415 615.21611 1925.5947 614.81007 1918.8906 612.12891 C 1915.93 610.94489 1913.4042 610.09449 1913.2422 610.22656 L 1913.2402 610.22852 L 1913.2383 610.22852 C 1913.1127 610.37727 1911.2814 614.59692 1909.168 619.60547 C 1902.3901 635.66843 1879.7443 688.93361 1879.5801 689.19922 C 1879.3892 689.50815 1877.1289 688.47972 1877.1289 688.08398 C 1877.1289 687.93119 1880.7695 679.25891 1885.2188 668.8125 C 1889.668 658.36609 1893.482 649.16871 1893.6953 648.37305 C 1893.9086 647.57739 1897.7296 638.38058 1902.1855 627.93555 L 1910.2871 608.94336 L 1909.7695 607.84961 C 1909.4841 607.24831 1909.25 606.52893 1909.25 606.25 C 1909.25 605.73186 1909.1274 605.67493 1906.6816 605.04297 L 1905.2734 604.67773 L 1905.7617 603.73047 C 1906.2194 602.84532 1906.3337 602.80297 1907.502 603.07422 C 1909.7462 603.59527 1909.7397 603.60045 1910.7129 600.42773 C 1911.7983 596.88955 1912.3549 596.26693 1914.209 596.51562 C 1914.9416 596.61389 1915.6248 596.55933 1915.7266 596.39453 C 1915.8285 596.22974 1917.3177 596.0957 1919.0371 596.0957 L 1922.1641 596.0957 L 1922.1641 594.64453 L 1922.1641 593.19531 L 1919.2676 593.04883 C 1915.6437 592.86528 1914.1469 592.14903 1911.3496 589.25977 L 1909.3105 587.1543 L 1909.1777 587.1543 C 1908.7355 586.22625 1908.1035 584.91499 1907.7305 584.32812 C 1905.3337 580.55699 1898.5207 565.44311 1896.2148 558.78125 C 1895.573 556.92711 1894.6121 554.31944 1894.0781 552.98633 C 1893.5441 551.65323 1892.9301 549.92235 1892.7148 549.13867 C 1892.4995 548.355 1892.0988 547.62565 1891.8223 547.51953 C 1891.4925 547.39385 1891.3828 547.07279 1891.502 546.59766 C 1891.7269 545.70151 1891.4205 545.32315 1888.8027 543.25586 C 1887.6651 542.35749 1886.7331 541.43028 1886.7324 541.19531 C 1886.7309 540.64419 1884.5739 534.25789 1883.7715 532.42969 C 1883.4327 531.65786 1882.053 529.38623 1880.707 527.38281 C 1878.6199 524.27611 1878.1171 523.72311 1877.2812 523.62891 C 1876.7424 523.56814 1876.0724 523.31503 1875.793 523.06445 C 1874.8272 522.19825 1871.4848 520.92906 1869.5918 520.71094 C 1868.5467 520.59052 1866.7809 520.15254 1865.668 519.73633 C 1864.3791 519.25439 1863.5281 519.09497 1863.3262 519.29688 C 1863.0218 519.60125 1859.8001 518.43298 1857.4258 517.1582 C 1856.8794 516.86483 1855.8779 516.62405 1855.2012 516.62305 C 1854.4204 516.62176 1853.2014 516.19643 1851.8633 515.46094 C 1850.7036 514.82349 1849.5264 514.30273 1849.248 514.30273 C 1848.9696 514.30273 1847.7154 513.83561 1846.4609 513.26562 C 1845.2063 512.69565 1842.3112 511.52141 1840.0273 510.65625 C 1837.7433 509.79109 1834.9143 508.59854 1833.7402 508.00586 C 1831.3976 506.82332 1828.5775 505.71519 1825.8711 504.91406 C 1825.0352 504.66664 1824.5893 504.54553 1824.2754 504.5625 z M 2003.6348 506.55469 C 2003.5391 506.56434 2003.4638 506.67385 2003.3516 506.85352 C 2003.1817 507.12506 2003.1359 507.37982 2003.25 507.41992 C 2004.481 507.85192 2004.6273 508.0674 2004.6973 509.54102 C 2004.7571 510.79122 2004.8302 510.99805 2005.2109 510.99805 C 2005.7408 510.99805 2006.3848 511.84239 2006.3848 512.53711 C 2006.3848 512.81046 2006.1615 513.23319 2005.8887 513.47852 C 2004.4608 514.76256 2001.7473 518.21434 2001.5859 518.95117 C 2001.3671 519.94983 2000.6629 520.93173 1999.9258 521.26758 L 1999.3711 521.51953 L 1999.8926 522.35742 C 2000.1793 522.81758 2000.7594 523.71844 2001.1816 524.35938 C 2001.6038 525.00031 2002.0109 525.83079 2002.0859 526.20508 C 2002.2193 526.87242 2002.2498 526.88498 2003.6836 526.86328 C 2005.4384 526.83667 2006.6191 527.48847 2006.6191 528.48438 C 2006.6191 529.00808 2006.6925 529.06032 2007.2285 528.92578 C 2007.5634 528.84173 2008.1342 528.5541 2008.498 528.28516 C 2009.064 527.86671 2009.1273 527.71202 2008.9375 527.21289 C 2008.8155 526.89211 2008.7794 526.28759 2008.8574 525.87109 C 2008.9827 525.20307 2008.8969 525.02884 2008.125 524.39258 C 2007.6438 523.99588 2006.8567 523.60639 2006.377 523.52539 C 2005.8616 523.4383 2005.2415 523.10195 2004.8613 522.70508 C 2004.272 522.08996 2004.2283 521.9154 2004.3223 520.60938 C 2004.4171 519.29905 2004.5079 519.09791 2005.4531 518.13477 C 2006.1352 517.43982 2006.6834 517.08671 2007.0781 517.08594 C 2007.9716 517.08419 2008.8351 516.19043 2009.3809 514.70312 L 2009.8691 513.37305 L 2008.6816 511.36523 C 2007.8515 509.96144 2007.3614 509.35938 2007.0488 509.35938 C 2006.3816 509.35937 2005.5473 508.73195 2004.5508 507.48047 C 2004.0103 506.80161 2003.7942 506.5386 2003.6348 506.55469 z M 1761.084 531.51172 C 1760.8199 531.51172 1759.5811 532.09051 1758.3301 532.79883 C 1757.0792 533.50714 1755.9372 534.08789 1755.793 534.08789 C 1755.6489 534.08789 1754.8115 534.67593 1753.9336 535.39453 C 1753.0557 536.11312 1751.7301 537.15947 1750.9863 537.7207 C 1749.6173 538.75372 1746.7865 541.85379 1746.0078 543.17188 C 1745.6178 543.83219 1742.7597 545.89567 1738.9355 548.2793 C 1738.1443 548.77246 1737.4928 549.24764 1737.4727 549.3457 L 1737.4727 549.34766 L 1737.4707 549.34961 C 1737.4695 549.43701 1738.3047 551.3508 1739.3262 553.60352 C 1740.4628 556.1101 1741.8225 559.68395 1742.8301 562.8125 L 1744.4766 567.92383 L 1753.1836 576.77734 L 1761.8887 585.63086 L 1762.7734 584.76562 C 1763.4513 584.10365 1763.7855 583.9348 1764.2031 584.04102 C 1764.5027 584.11725 1765.6881 585.12427 1766.8359 586.2793 L 1768.9219 588.37891 L 1775.498 581.94922 C 1782.8288 574.78225 1783.5646 573.82558 1784.0801 570.76953 C 1784.5142 568.19535 1784.3074 566.72959 1783.3184 565.34766 C 1782.8575 564.70373 1780.6389 560.8575 1778.3887 556.80078 C 1776.1385 552.74406 1773.3552 547.84388 1772.2012 545.91211 C 1771.0473 543.98035 1769.5407 541.39924 1768.8555 540.17578 C 1768.066 538.76634 1767.0734 537.41216 1766.1445 536.48047 C 1764.4564 534.78749 1763.6905 533.45878 1764.1973 533.10352 C 1764.4443 532.9304 1764.4483 532.85402 1764.2207 532.76172 C 1764.0597 532.6964 1763.9297 532.5038 1763.9297 532.33203 C 1763.9297 532.03056 1762.1306 531.51172 1761.084 531.51172 z M 2240.6719 558.375 C 2240.663 558.34826 2240.0164 559.86251 2239.2363 561.73828 C 2238.2397 564.13465 2237.0407 567.20114 2235.2051 572.05469 C 2232.9698 577.96501 2232.2184 580.04389 2229.9922 586.45508 C 2227.5371 593.52548 2227.3409 594.12137 2226.5117 597.01953 C 2225.7051 599.83849 2225.5628 600.32225 2225.6035 600.40234 L 2225.6055 600.4043 L 2225.6055 600.40625 L 2225.6074 600.4082 L 2225.6094 600.41016 L 2225.6113 600.41211 L 2225.6133 600.41211 L 2225.6152 600.41406 C 2225.6269 600.41913 2225.6441 600.41797 2225.6621 600.41797 C 2225.7151 600.41797 2225.7617 600.45003 2225.7617 600.49023 C 2225.7685 600.59774 2225.7106 600.78654 2227.1016 596.08984 L 2228.3926 591.73047 L 2231.4043 583.18164 C 2234.3101 574.92985 2234.524 574.34805 2237.5508 566.52734 C 2239.2757 562.07042 2240.6819 558.4017 2240.6719 558.375 z M 2035.541 567.89844 C 2035.4898 567.92072 2035.2975 568.16695 2035.1035 568.46289 C 2034.7551 568.99459 2034.7764 569.11075 2035.4531 570.46484 C 2035.9387 571.43675 2036.142 572.14847 2036.082 572.66016 C 2035.9965 573.39266 2036.2353 573.62378 2043.4922 579.87695 C 2047.6164 583.43075 2058.891 592.89487 2068.5469 600.9082 L 2086.1035 615.47852 L 2086.8789 614.57617 C 2087.3055 614.08022 2087.8506 613.4111 2088.0898 613.08789 L 2088.5254 612.5 L 2082.8887 607.48633 C 2078.5112 603.59174 2075.9435 601.53739 2071.3809 598.2793 C 2068.1507 595.97265 2065.3888 594.01589 2065.2422 593.92969 C 2065.0956 593.84347 2064.6428 593.03431 2064.2363 592.13281 C 2063.8298 591.23132 2063.2194 590.09342 2062.8809 589.60352 C 2062.2273 588.65773 2057.0702 585.04663 2053.4492 583 C 2050.0791 581.09519 2046.639 578.68194 2044.4648 576.69922 C 2043.3222 575.65724 2041.2755 574.1203 2039.916 573.2832 C 2037.6308 571.87608 2037.4165 571.68183 2037.0762 570.69727 C 2036.7505 569.75464 2035.7348 567.89844 2035.5449 567.89844 L 2035.543 567.89844 L 2035.541 567.89844 z M 2225.5957 600.48047 C 2225.5739 600.48174 2225.5579 600.48426 2225.5488 600.49023 L 2225.5469 600.49219 L 2225.5449 600.49414 C 2225.5298 600.50921 2224.9404 602.54679 2224.2344 605.02148 C 2223.0042 609.33389 2222.9108 609.69721 2221.9863 613.79492 L 2221.0215 618.07031 L 2220.0215 625.12305 C 2219.4713 629.00152 2218.8515 633.33337 2218.6445 634.75 C 2218.2997 637.11081 2218.2477 637.59639 2218.0273 640.57422 L 2217.7871 643.82422 L 2217.8516 648.53516 C 2217.8869 651.12696 2217.936 653.48562 2217.959 653.77539 C 2217.984 654.0824 2218.0162 652.45831 2218.0352 649.88281 L 2218.0664 645.46289 L 2218.6016 639.43359 L 2219.1387 633.4043 L 2220.2773 625.67578 L 2221.418 617.94922 L 2222.7988 611.94531 C 2224.0998 606.28822 2224.2268 605.78273 2224.9863 603.22266 C 2225.6491 600.98923 2225.7637 600.57 2225.7051 600.49805 C 2225.6995 600.49284 2225.6895 600.4877 2225.6816 600.48633 C 2225.6515 600.48098 2225.6206 600.47902 2225.5957 600.48047 z M 2218.5098 660.57422 C 2218.491 660.76775 2218.8308 665.53058 2218.8848 665.83398 C 2218.9134 665.9942 2218.9358 666.00977 2219.1465 666.00977 C 2219.3284 666.00977 2219.3708 665.99087 2219.3438 665.92188 C 2219.2203 665.60406 2219.0598 664.6095 2218.8125 662.64453 C 2218.6565 661.40497 2218.5198 660.47286 2218.5098 660.57422 z M 2219.0957 666.03516 C 2219.0239 666.039 2218.9668 666.05987 2218.9668 666.10156 C 2218.9668 666.1361 2219.3144 667.57844 2219.7383 669.30664 L 2220.5078 672.44922 L 2222.1699 676.37109 L 2223.832 680.29297 L 2226.7832 686.01367 C 2228.7795 689.88333 2230.7128 693.51854 2232.7598 697.25195 L 2235.7871 702.77148 L 2239.4863 708.6543 C 2243.1145 714.42311 2243.2793 714.67318 2247.9688 721.50391 C 2250.7776 725.5952 2254.3367 730.68505 2256.5938 733.83789 C 2258.7072 736.79041 2260.4479 739.19659 2260.4609 739.18359 C 2260.565 739.07949 2259.6981 737.8162 2256.4805 733.38672 C 2253.4329 729.19115 2252.0336 727.19222 2248.0801 721.38672 L 2243.3359 714.42188 L 2239.5312 707.77734 C 2236.0808 701.75144 2235.4473 700.60222 2232.7227 695.42578 C 2230.4645 691.13563 2229.0975 688.62331 2227.2168 685.3125 L 2224.7148 680.9082 L 2222.957 676.9082 L 2221.2012 672.91016 L 2220.3164 669.57617 C 2219.8296 667.74306 2219.4174 666.19692 2219.4004 666.14062 C 2219.3788 666.06912 2219.2154 666.02875 2219.0957 666.03516 z M 2177.4355 692.81641 C 2177.3652 692.8225 2177.3578 692.95012 2177.3984 693.19922 C 2177.427 693.37542 2177.4833 693.50978 2177.5996 693.67578 C 2177.6886 693.80278 2177.8424 694.02535 2177.9414 694.16992 C 2178.1807 694.5179 2178.5789 694.85152 2184.9355 700.04297 L 2190.168 704.31641 L 2190.6641 704.93164 L 2191.1621 705.54688 L 2191.793 705.94922 C 2192.2494 706.23998 2192.945 706.77126 2194.291 707.85547 C 2195.7813 709.05592 2196.2436 709.40565 2196.5957 709.59961 C 2196.838 709.7331 2197.0751 709.85434 2197.1211 709.86914 C 2197.3068 709.92885 2197.4426 709.90331 2197.6016 709.77734 C 2197.7816 709.63496 2197.7922 709.60707 2197.6992 709.51367 C 2197.6493 709.46387 2197.5427 709.44922 2197.2461 709.44922 L 2196.8594 709.44922 L 2187.5332 701.51953 C 2179.7162 694.87446 2178.1525 693.53007 2177.8828 693.21094 C 2177.655 692.94139 2177.5105 692.80992 2177.4355 692.81641 z M 2208.834 719.72461 C 2208.8259 719.73273 2209.1941 720.11439 2209.6543 720.57227 L 2210.4922 721.4043 L 2214.4863 724.35547 C 2216.6832 725.97891 2218.7034 727.461 2218.9766 727.64844 C 2219.2498 727.83588 2219.4917 727.99119 2219.5137 727.99219 C 2219.5796 727.99546 2219.4195 727.85259 2217.9434 726.60742 C 2216.7289 725.58295 2216.0082 725.02809 2212.6914 722.56445 C 2210.5774 720.99422 2208.844 719.71661 2208.834 719.72461 z M 2028.8906 809.03711 C 2028.7549 809.036 2028.4029 809.26769 2028.0449 809.60156 C 2027.3357 810.26309 2026.7288 810.3137 2014.9668 810.71094 L 2002.6309 811.12891 L 2002.6309 821.21094 L 2002.6309 831.29492 L 2008.4277 831.05469 L 2014.2227 830.81641 L 2014.2715 834.32227 C 2014.2985 836.25121 2014.3375 838.01648 2014.3555 838.24414 C 2014.3737 838.4718 2014.0524 838.70547 2013.6426 838.76367 C 2012.8975 838.86926 2012.8984 838.88423 2012.8984 845.30469 L 2012.8965 845.30469 L 2012.8965 851.73828 L 2020.6797 851.73828 L 2028.4609 851.73828 L 2028.4609 850.91602 C 2028.4609 850.3244 2028.684 850.03856 2029.2578 849.89453 C 2029.7819 849.76301 2030.6739 848.76268 2031.8652 846.97266 L 2033.6777 844.25 L 2031.7324 842.99023 L 2029.7852 841.73047 L 2029.7852 838.82422 C 2029.7852 833.7011 2029.0862 809.20342 2028.9355 809.05273 C 2028.9255 809.04274 2028.91 809.03727 2028.8906 809.03711 z " /><path
   id="West-Coast-GRC"
   style="opacity:1;fill:#ffd42a;fill-opacity:1;stroke:#ffd42a;stroke-width:0.175615;stroke-linejoin:miter;stroke-miterlimit:4;stroke-dasharray:none;stroke-opacity:1"
   inkscape:label="West-Coast-GRC"
   d="M 272.48047 675.08203 C 271.42869 675.08203 272.63175 677.25388 275.17969 679.95117 C 276.82321 681.69103 278.80113 684.36168 279.57422 685.88672 C 280.34731 687.41176 281.25591 688.83715 281.59375 689.05469 C 281.93159 689.27223 282.11553 690.27505 282.00195 691.2832 C 281.85731 692.56711 282.19136 693.34258 283.11914 693.86914 C 283.84765 694.28261 284.68136 694.99195 284.97266 695.44727 C 285.26395 695.90259 286.21966 696.27539 287.0957 696.27539 C 288.39807 696.27539 288.7696 696.70845 289.13281 698.64453 C 289.52826 700.75242 291.00708 702.15863 302.5957 711.45898 C 309.75542 717.20495 316.87352 723.41195 318.41406 725.25195 L 321.21484 728.59766 L 320.05273 730.61914 C 318.97809 732.49155 318.97164 732.77828 319.95703 734.49219 C 320.74088 735.85558 320.93768 737.42608 320.70312 740.44727 C 320.43736 743.87031 320.62532 744.93916 321.83984 746.9043 C 322.64038 748.19959 323.58077 749.25781 323.92969 749.25781 C 324.27861 749.25781 326.11274 748.21631 328.00586 746.94141 C 332.28233 744.06147 333.91879 744.00688 335.82617 746.68555 C 336.63431 747.82049 338.66666 749.38664 340.34375 750.16406 C 342.94517 751.36997 344.22255 751.5286 349.03906 751.24609 C 353.57075 750.98029 355.05803 750.61994 356.57617 749.42383 C 358.03805 748.27204 359.32937 747.93359 362.26172 747.93359 L 366.05469 747.93359 L 367.17383 744.37891 C 368.55173 739.99817 368.10196 737.94927 365.20117 735.40234 C 363.97983 734.32999 362.56016 732.46406 362.04688 731.25586 C 361.18903 729.23663 359.92507 727.69937 354.08203 721.57617 C 352.31944 719.72907 351.99805 718.88745 351.99805 716.11328 C 351.99805 712.3572 351.29839 711.83645 350.48633 714.98633 C 349.95595 717.04362 349.75861 717.15631 345.99805 717.54492 C 343.8341 717.76858 340.76164 717.79715 339.17188 717.60938 C 336.65986 717.31266 336.16082 716.98104 335.36328 715.07227 C 334.15925 712.19062 334.20311 710.41895 335.48828 709.92578 C 336.66245 709.47521 339.08203 710.55615 339.08203 711.53125 C 339.08203 712.86263 340.28197 712.10029 340.67969 710.51562 C 341.20746 708.41286 344.07585 708.17646 344.71289 710.18359 C 344.94411 710.91211 345.56019 711.50781 346.08203 711.50781 C 347.25083 711.50781 347.25016 711.49007 346.06836 709.12109 C 343.76945 704.51282 340.1055 702.22195 329.32031 698.64453 C 326.31897 697.64899 323.71533 696.5962 323.53516 696.30469 C 323.355 696.01318 321.84159 695.92703 320.17188 696.11523 C 317.6932 696.39462 316.75347 696.17385 315.04688 694.91211 C 313.83909 694.01915 312.18688 693.42556 311.13281 693.50586 C 309.66849 693.61744 309.00395 693.15355 307.76367 691.15234 C 306.91387 689.78118 305.82675 687.69165 305.34961 686.50781 C 304.36118 684.05542 303.15464 683.82325 299.76953 685.4375 C 296.45753 687.01688 294.68445 686.27199 292.51953 682.39062 C 290.3377 678.47895 288.67059 678.09282 285.49414 680.76562 C 282.67521 683.13761 280.00642 682.51725 277.76758 678.9707 C 276.41911 676.83459 274.03649 675.08203 272.48047 675.08203 z M 248.23242 691.6543 C 244.92238 691.67379 240.80564 693.6283 238.63086 696.21289 C 236.22814 699.06836 234.76696 704.21348 235.28516 707.99414 C 235.83793 712.02707 239.22219 717.07156 241.55664 717.3418 C 243.14057 717.52515 243.43008 717.20034 244.50781 714.0293 C 245.16479 712.09624 245.62751 710.14283 245.53711 709.6875 C 245.44671 709.23218 245.83218 708.85938 246.39453 708.85938 C 246.96511 708.85938 247.41797 708.29157 247.41797 707.57422 C 247.41797 706.8672 247.68288 706.1254 248.00586 705.92578 C 248.86123 705.39714 250.19708 707.2559 249.9668 708.6543 C 249.85825 709.31347 249.98256 710.1929 250.24414 710.60938 C 250.53427 711.07128 250.12743 711.51508 249.19922 711.74805 C 248.02423 712.04295 247.32525 713.15373 246.13477 716.62109 C 245.28684 719.09076 244.23354 721.70704 243.79297 722.43555 C 243.3524 723.16407 242.77434 724.63798 242.50977 725.71094 C 242.2452 726.7839 241.1366 728.68047 240.04492 729.92383 C 238.95323 731.16719 238.20738 732.57051 238.38867 733.04297 C 238.56997 733.51542 238.16093 734.40782 237.47852 735.02539 C 236.47859 735.93031 236.30841 736.7515 236.60547 739.25977 C 236.88185 741.59331 236.62857 743.13077 235.59375 745.40234 C 234.83465 747.06869 234.01535 749.6688 233.77344 751.18164 C 233.53152 752.69448 232.37213 755.53202 231.19531 757.48633 C 229.00786 761.11895 228.66571 762.11753 227.4375 768.46484 C 227.04984 770.46825 226.35811 772.55517 225.90039 773.10156 C 225.44265 773.64794 224.85997 775.2871 224.60547 776.74414 C 224.35098 778.20117 222.54983 783.4165 220.60352 788.33398 C 218.65721 793.25146 213.91949 805.82897 210.07617 816.2832 C 206.23285 826.73745 202.30548 837.15206 201.34766 839.42773 C 200.38985 841.7034 193.40701 860.41983 185.83008 881.01953 C 167.32301 931.33546 165.45347 936.02344 163.89258 936.02344 C 163.01076 936.02344 162.64453 936.49887 162.64453 937.64648 C 162.64453 938.53903 162.12378 939.56117 161.48633 939.91797 C 159.92361 940.79264 159.8828 949.05196 161.43555 950.1875 C 161.99088 950.59362 162.65738 952.34804 162.91797 954.08594 C 163.17856 955.82384 163.92729 957.76085 164.58008 958.39062 C 165.82671 959.59332 171.25391 968.38166 171.25391 969.19727 C 171.25391 969.45783 170.36035 969.98233 169.26758 970.36328 C 167.01882 971.1472 166.77641 972.51021 168.01367 977.42383 C 169.08356 981.67276 166.93749 991.87707 163.97461 996.62695 C 162.64902 998.75203 162.32236 1000.1375 162.31836 1003.6719 C 162.31437 1006.9275 162.01179 1008.4056 161.1543 1009.3535 C 161.06354 1009.4539 160.9794 1009.7148 160.90039 1010.123 L 156.19922 1014.25 C 154.54318 1015.704 152.90602 1016.8223 152.63477 1016.8223 C 152.36352 1016.8223 150.16751 1017.8276 147.75586 1019.0566 C 145.3442 1020.2857 141.22201 1021.8147 138.5957 1022.4531 C 134.04575 1023.5589 133.78422 1023.7271 133.05078 1026.0137 C 132.62743 1027.3336 131.86824 1028.8866 131.36328 1029.4668 C 129.48762 1031.6219 127.12462 1038.8645 127.55273 1041.1465 C 127.8362 1042.6576 127.53079 1044.3507 126.56836 1046.5879 C 125.79978 1048.3745 125.22783 1050.5385 125.29883 1051.3965 C 125.36984 1052.2545 124.47416 1054.343 123.30859 1056.0371 C 122.14302 1057.7312 121.18945 1059.5616 121.18945 1060.1055 C 121.18945 1060.6493 120.45259 1061.9712 119.55078 1063.043 C 118.64896 1064.1147 115.6301 1070.7691 112.8418 1077.8301 C 108.52866 1088.7524 107.75871 1091.2948 107.69141 1094.873 L 107.61328 1099.0801 L 115.99805 1098.9805 C 122.11224 1098.9083 124.52273 1099.1069 124.89844 1099.7148 C 125.18178 1100.1733 125.33328 1104.8083 125.23438 1110.0137 L 125.05469 1119.4766 L 130.40625 1119.4766 L 135.75977 1119.4766 L 135.75977 1126.4316 L 135.75977 1133.3848 L 128.47461 1133.3848 L 121.18945 1133.3848 L 121.18945 1147.293 L 121.18945 1161.2012 L 129.46875 1161.2012 L 137.74805 1161.2012 L 137.74805 1168.1328 L 137.74805 1175.0645 L 122.51367 1174.6504 L 107.28125 1174.2363 L 107.28125 1178.8184 L 107.28125 1183.4004 L 111.66406 1184.9707 C 116.25016 1186.6154 118.97783 1186.8261 125.36133 1186.0215 C 128.80931 1185.5869 129.36656 1185.6898 130.80273 1187.0391 C 131.69933 1187.8814 133.17097 1190.85 134.15039 1193.791 C 135.11157 1196.6771 136.58159 1199.8324 137.41797 1200.8047 C 138.88715 1202.5128 139.04347 1202.5456 141.99609 1201.7559 C 147.90602 1200.1752 152.07551 1201.2282 153.88477 1204.7578 C 156.33015 1209.5284 160.42568 1221.2444 160.94141 1224.9453 C 161.6368 1229.9355 161.28692 1243.0047 160.39648 1245.3125 C 160.04513 1246.2231 158.90391 1247.8249 157.85938 1248.873 L 155.96094 1250.7793 L 158.27734 1250.2871 C 161.79444 1249.5408 162.24842 1248.876 162.29102 1244.4023 C 162.31226 1242.1702 162.71265 1236.9175 163.18164 1232.7285 C 164.03308 1225.1236 164.03228 1225.104 162.2207 1219.7324 C 161.22284 1216.7736 159.94173 1213.6452 159.375 1212.7793 C 158.80826 1211.9134 158.15457 1210.0108 157.92188 1208.5527 C 157.58748 1206.4574 157.78259 1205.542 158.84961 1204.1855 C 160.11455 1202.5774 160.66527 1202.4418 167.60156 1202.0449 C 175.79918 1201.5759 176.76188 1201.0678 176.80078 1197.1797 C 176.81486 1195.7726 172.33762 1185.7578 163.27539 1166.9316 C 149.7302 1138.7925 149.72621 1138.7878 149.53516 1133.8125 C 149.30173 1127.7334 150.36512 1126.1879 155.79688 1123.1348 L 160.49023 1120.498 C 160.49165 1120.582 160.49203 1120.623 160.49219 1120.623 C 160.76538 1120.4822 171.94877 1115.1774 185.34375 1108.834 C 198.73873 1102.4906 209.3713 1097.1915 208.97266 1097.0586 C 208.57401 1096.9257 201.69977 1099.885 193.69727 1103.6328 C 179.20018 1110.4222 179.1434 1110.4422 177.83789 1109.1367 C 176.61033 1107.9091 176.56719 1107.3726 177.15039 1100.6562 C 177.49276 1096.7132 178.02131 1093.2385 178.32617 1092.9336 C 179.177 1092.0828 253.47491 1055.8984 254.37109 1055.8984 C 254.80419 1055.8984 255.69106 1056.486 256.3418 1057.2051 C 257.36361 1058.3342 257.46402 1059.2602 257.07617 1063.9941 C 256.22745 1074.3531 256.90473 1073.3291 247.92969 1077.8281 C 243.56419 1080.0165 240.12795 1081.9443 240.29492 1082.1113 C 240.46189 1082.2782 244.34326 1080.6482 248.91992 1078.4883 L 257.24219 1074.5605 L 257.62109 1071.0234 C 257.83018 1069.0784 258.75206 1057.0577 259.66992 1044.3086 C 261.70619 1016.025 261.84261 1014.8359 263.04297 1014.8359 C 263.55518 1014.8359 263.97461 1014.3636 263.97461 1013.7852 C 263.97461 1012.9423 264.46643 1012.8092 266.45703 1013.1211 C 273.74766 1014.2632 286.90004 1014.8444 290.1582 1014.168 C 299.24542 1012.2815 305.77454 1003.9757 305.64844 994.46289 C 305.58689 989.81927 305.16524 988.70024 299.73828 978.77344 C 292.39362 965.33883 289.82094 960.22268 290.06836 959.53516 C 290.40764 958.59236 285.6942 949.93164 284.8418 949.93164 C 284.45224 949.93164 282.08204 946.13257 279.57422 941.48828 C 277.0664 936.84399 274.49125 932.67061 273.85156 932.21484 C 273.21186 931.75906 272.48502 930.46042 272.23633 929.32812 C 271.80308 927.35555 269.5941 922.30342 267.63477 918.80469 C 267.1248 917.89405 265.23864 914.16797 263.44336 910.52539 C 261.64808 906.88281 259.09559 902.30834 257.77148 900.35938 C 256.44737 898.41042 255.36523 896.31829 255.36523 895.71094 C 255.36523 895.10358 254.61963 893.51005 253.70898 892.16992 C 252.79834 890.82978 252.05273 889.44012 252.05273 889.08203 C 252.05273 888.72395 248.96067 885.1091 245.18164 881.04883 C 239.06344 874.47529 238.26544 873.33767 237.89844 870.66016 C 237.52511 867.93641 237.80315 867.05248 240.84961 861.27344 C 242.69937 857.76452 244.93341 853.94469 245.81445 852.78516 C 247.80777 850.1618 247.80549 849.85947 245.76172 847.93945 C 243.85821 846.1512 243.69735 845.40529 245.09961 844.86719 C 245.72456 844.62738 247.60072 845.88208 250.15625 848.24805 C 252.39134 850.31735 255.36075 852.72991 256.75391 853.60938 C 259.32761 855.23407 262.31836 858.6983 262.31836 860.05469 C 262.31836 860.46498 263.36181 861.45706 264.63672 862.25781 C 265.91162 863.05856 267.67528 864.37803 268.55664 865.18945 C 269.43799 866.00086 271.45835 867.65658 273.04688 868.86914 L 275.93555 871.07227 L 279.14648 867.95117 C 280.9119 866.23373 283.44918 863.9679 284.78516 862.91602 L 287.21484 861.00195 L 285.73047 859.42383 C 284.40636 858.01438 284.35622 857.73948 285.25195 856.84375 C 286.14768 855.94802 286.43549 855.98313 287.94922 857.17383 L 289.64453 858.50781 L 295.18359 852.39453 C 298.23024 849.03313 301.56585 845.4743 302.5957 844.48438 L 304.46875 842.68359 L 306.9043 844.22852 C 309.50606 845.87773 315.63281 852.11982 315.63281 853.12109 C 315.63281 854.47732 304.20204 867.57083 297.4707 873.92578 C 295.25712 876.01559 292.62671 878.51155 291.625 879.47266 C 288.43744 882.53105 289.02382 883.95009 296.42383 891.07617 C 300.18601 894.69909 303.78185 897.5973 304.74414 897.78125 C 306.20764 898.06101 306.94228 897.46052 310.12695 893.38672 C 312.15514 890.79225 315.42079 887.144 317.38477 885.2793 C 319.72284 883.05943 320.82096 881.54029 320.56641 880.87695 C 320.0424 879.5114 321.41591 878.75857 322.61523 879.75391 C 323.23628 880.26933 323.58008 880.30315 323.58008 879.84961 C 323.58008 879.46225 323.26299 878.94877 322.875 878.70898 C 322.41217 878.42294 322.55429 877.84708 323.28906 877.03516 C 324.12388 876.11269 324.71258 875.96083 325.59961 876.43555 C 326.57755 876.95893 327.37154 876.40851 330.05469 873.34961 L 333.31836 869.62695 L 335.73438 870.42578 C 337.06306 870.86428 338.15039 871.66105 338.15039 872.19727 C 338.15039 872.7335 338.62609 874.09144 339.20703 875.21484 L 340.26367 877.25781 L 335.05664 882.63281 C 332.19264 885.58921 328.83074 889.12258 327.58594 890.48438 L 325.32227 892.95898 L 326.7793 894.51172 C 328.1998 896.02378 328.20457 896.09188 326.99609 897.18555 C 325.93241 898.14817 325.64514 898.17316 324.97461 897.36523 C 323.80682 895.95812 322.13913 896.71097 319.58203 899.79883 C 318.3208 901.32184 314.80678 905.1777 311.77344 908.36719 L 306.25781 914.16602 L 307.79883 916.11719 C 308.64662 917.19042 309.53197 918.08537 309.76562 918.10547 C 309.99928 918.12563 312.64754 916.06757 315.65039 913.53125 L 321.10938 908.91992 L 322.41016 910.57031 C 323.96707 912.5496 323.9357 912.59612 317.61719 917.85938 C 313.55215 921.2455 312.51605 922.77734 314.29297 922.77734 C 314.60624 922.77734 316.60064 921.29071 318.72461 919.47266 C 320.84859 917.6546 322.78857 916.16316 323.03516 916.16016 C 323.28174 916.15692 324.62304 917.63173 326.01562 919.4375 C 327.40821 921.24328 328.8034 922.7345 329.11523 922.75 C 329.42707 922.76552 330.246 923.49446 330.93555 924.37109 C 331.77582 925.43932 332.62505 925.85152 333.51367 925.61914 C 334.48846 925.36423 335.63363 926.12632 337.83398 928.49609 L 340.82617 931.71875 L 337.72656 934.44336 C 335.41029 936.48012 334.74387 937.46992 335.08594 938.36133 C 335.49919 939.43825 335.75124 939.36545 337.67578 937.60352 C 342.94455 932.77994 342.56214 932.9125 344.8418 935.08203 C 347.75507 937.85458 348.27158 939.04818 347.27148 940.68555 C 346.21533 942.41469 345.45826 941.85416 360.67969 950.59375 C 369.34625 955.56977 373.12731 958.11344 373.96875 959.53516 C 374.6155 960.62793 375.68047 962.05911 376.33594 962.71484 C 377.31555 963.69485 377.3644 964.00574 376.61523 964.46875 C 375.89989 964.91086 376.24224 965.69014 378.20703 968.08789 C 379.84444 970.08615 380.96659 970.94241 381.45117 970.5625 C 381.85862 970.24305 386.66308 966.34541 392.12695 961.90234 C 397.59082 957.45927 403.55176 952.82562 405.37305 951.60547 C 410.43577 948.21373 414.76821 943.25002 413.89062 941.84766 C 413.59571 941.37639 413.34789 940.54444 413.33789 939.99805 C 413.32669 939.36252 412.77741 939.06304 411.8125 939.16602 C 410.77466 939.27679 410.12387 938.86204 409.72656 937.83984 C 409.40898 937.02278 406.73199 933.9707 403.7793 931.05664 C 391.94985 919.38192 392.6805 920.39007 391.7793 914.5 C 390.98852 909.33156 390.34703 901.61738 390.20898 895.63281 L 390.14062 892.66211 L 397.42578 891.86133 C 401.43262 891.4212 405.65408 890.88652 406.80664 890.67383 C 408.69354 890.32563 408.93838 890.4696 409.27539 892.12695 C 409.48125 893.1393 409.68998 896.79932 409.73828 900.25977 C 409.7936 904.21749 410.21281 907.53476 410.86719 909.20117 C 411.95528 911.97202 414.75706 915.49219 415.875 915.49219 C 416.91571 915.49219 418.94922 917.59314 418.94922 918.66797 C 418.94922 919.53012 432.98579 934.68628 434.30078 935.24414 C 434.57851 935.36196 435.88349 934.63591 437.20117 933.63086 C 439.04165 932.22707 439.8516 931.96109 440.69727 932.48047 C 442.01581 933.29026 449.0804 930.46833 448.41797 929.39648 C 448.19354 929.03335 447.8884 925.98002 447.74023 922.61133 C 447.39055 914.66126 446.07239 904.89648 445.34766 904.89648 C 445.03513 904.89648 444.7793 904.48461 444.7793 903.98242 C 444.7793 903.48023 443.88379 902.70069 442.79102 902.24805 C 441.5805 901.74664 440.80469 900.93775 440.80469 900.17969 C 440.80469 898.77996 441.61327 898.61239 443.49805 899.62109 C 444.67634 900.25168 444.77327 900.07906 444.70117 897.46875 C 444.54283 891.7343 444.09381 890.91943 440.30859 889.48242 C 436.55705 888.0582 436.39974 887.85695 437.67188 886.11719 C 438.44978 885.05333 438.69878 885.04501 440.98438 886 C 443.42405 887.01936 443.45508 887.01292 443.45508 885.49414 C 443.45508 884.64823 443.01722 883.37699 442.48242 882.66992 C 441.33878 881.15791 441.13258 879.79273 442.21094 880.87109 C 442.75239 881.41252 443.38575 881.41807 444.53906 880.89258 C 445.91793 880.26433 446.06795 879.86293 445.70117 877.79688 C 445.46947 876.4917 445.24191 875.1434 445.19531 874.80078 C 445.14872 874.45815 445.63208 874.06518 446.26953 873.92578 C 446.98086 873.77021 447.42773 874.06424 447.42773 874.68945 C 447.42773 875.24973 447.98917 876.00949 448.67578 876.37695 C 449.3624 876.74441 450.10112 877.74767 450.31641 878.60547 C 450.74487 880.31258 453.19206 881.7168 455.73828 881.7168 C 457.02961 881.7168 457.36133 882.05498 457.36133 883.37109 C 457.36133 884.74999 457.04699 885.02734 455.47461 885.02734 C 453.62017 885.02734 453.59989 885.06896 454.3125 887.3457 C 454.94658 889.37155 455.30914 889.66406 457.19336 889.66406 C 458.90778 889.66406 459.34961 889.93497 459.34961 890.98828 C 459.34961 891.7168 459.05176 892.3125 458.6875 892.3125 C 458.32324 892.3125 458.02539 893.50586 458.02539 894.96289 C 458.02539 897.22671 457.81822 897.61133 456.60938 897.61133 C 455.29763 897.61133 455.23013 897.84068 455.66406 900.75781 C 455.92144 902.48803 456.54892 907.03271 457.06055 910.85742 C 458.21269 919.47036 459.02908 924.00172 459.51172 924.48438 C 459.71518 924.68784 463.41261 924.19305 467.72852 923.38281 C 472.06357 922.56897 480.02168 921.70903 485.50977 921.46289 C 494.83874 921.04449 495.65593 920.90065 498.91211 919.08398 L 502.37891 917.14844 L 502.38867 911.39258 C 502.39392 908.22682 502.10059 905.45168 501.73633 905.22656 C 500.86639 904.68891 500.89235 900.50416 501.79297 896.30469 C 502.24725 894.18643 503.43896 891.77691 505.01953 889.77734 L 507.52539 886.60938 L 513.07422 886.44727 C 518.45053 886.29083 518.70081 886.21274 521.04883 883.92578 C 523.34236 881.69189 524.91602 881.4342 524.91602 883.29492 C 524.91602 883.75631 524.17041 884.83394 523.25977 885.68945 C 520.67024 888.12219 521.04697 890.60293 524.5 893.875 C 526.09203 895.3836 527.57123 897.13989 527.78906 897.77734 C 528.47678 899.78989 529.55273 899.03362 529.55273 896.53711 C 529.55273 894.57282 529.71681 894.27567 530.46484 894.89648 C 530.96733 895.31351 531.55529 896.53037 531.76953 897.60156 C 532.05346 899.02124 532.87527 899.91513 534.80273 900.89844 C 536.25704 901.64037 537.98841 902.24805 538.65039 902.24805 C 539.31237 902.24805 540.51661 902.7103 541.32617 903.27734 C 542.58324 904.15782 542.79688 904.9211 542.79688 908.49609 L 542.79688 912.68164 L 553.22852 912.40625 C 558.96559 912.25454 564.85155 911.9864 566.30859 911.81055 L 568.95898 911.49023 L 568.5957 899.74805 C 568.3968 893.29046 568.35514 887.63501 568.50195 887.17969 C 568.65469 886.70598 569.86523 886.35156 571.33203 886.35156 C 573.62246 886.35156 579.74327 883.69924 582.36328 881.57031 C 583.3393 880.77721 589.1582 881.50479 589.1582 882.41992 C 589.1582 882.76185 591.31811 883.05713 593.95898 883.07812 C 602.80617 883.14846 602.37456 882.91365 618.45312 896.45703 L 633.19922 908.87891 L 644.625 914.47656 C 650.90845 917.55548 656.04883 919.81068 656.04883 919.48828 C 656.04883 918.9884 649.43232 899.56867 649.10352 899.10352 C 649.03971 899.01325 646.78662 899.68828 644.0957 900.60352 L 639.20312 902.26758 L 636.99805 900.0625 L 634.79297 897.85742 L 638.21875 889.95312 C 640.10296 885.60546 642.01591 881.60108 642.4707 881.05469 C 643.35835 879.98825 645.14499 875.073 644.93164 874.28516 C 644.86063 874.02294 645.58011 871.71312 646.5293 869.15234 C 647.92419 865.38914 648.52557 864.49433 649.66797 864.48633 C 650.7213 864.47878 650.85037 864.3297 650.17578 863.90234 C 649.44391 863.43868 649.41951 862.88131 650.04492 860.98633 C 650.47034 859.69729 651.24959 858.28369 651.77734 857.8457 C 652.3051 857.4077 652.73828 856.74347 652.73828 856.36914 C 652.73828 855.9948 654.22754 853.36461 656.04883 850.52539 C 659.52625 845.10441 659.85189 844.24034 658.58008 843.81641 C 658.13684 843.66866 658.02336 843.19682 658.31641 842.72266 C 658.59988 842.26402 659.19728 842.02834 659.64258 842.19922 C 660.11294 842.37972 661.38431 840.80217 662.67773 838.43555 C 665.64961 832.99778 669.92842 826.74609 670.67773 826.74609 C 671.00999 826.74609 671.28125 826.40736 671.28125 825.99219 C 671.28125 825.57703 671.68713 824.90636 672.18359 824.50195 C 672.68006 824.09753 674.06587 820.87099 675.26367 817.33203 C 676.46147 813.79308 677.66457 811.0337 677.93555 811.20117 C 678.79884 811.73471 679.2424 809.5092 678.81055 806.80859 C 678.49174 804.81484 678.13786 804.26972 677.32031 804.50977 C 673.04012 805.76652 620.93231 817.47461 619.61914 817.47461 C 618.71827 817.47461 618.24236 816.28067 617.34375 811.75586 L 616.20898 806.03711 L 618.10938 802.31836 C 619.15461 800.27275 621.13019 796.60826 622.5 794.17578 C 624.47711 790.66485 625.06421 788.82308 625.35156 785.23633 C 625.69704 780.92412 625.58857 780.46786 622.96289 775.26172 C 621.44978 772.26157 617.29477 765.91943 613.72852 761.16797 C 606.66948 751.76292 602.44212 743.40563 601.87695 737.73438 C 601.69903 735.94906 601.93683 731.58572 602.40625 728.03906 C 603.32697 721.0826 603.07325 719.09284 600.32812 711.75586 C 599.27575 708.94311 597.53679 706.55602 593.20703 701.98828 C 590.05571 698.66375 586.85567 695.07946 586.09766 694.02148 L 584.7207 692.09766 L 571.54102 701.04102 C 562.39095 707.25086 554.25706 712.0914 544.93555 716.87305 C 534.58912 722.18045 529.93026 725.00801 524.625 729.19922 C 520.83853 732.19056 517.59664 734.87319 517.42188 735.16016 C 517.2471 735.44714 518.37797 737.0861 519.93555 738.80273 L 522.76758 741.92383 L 536.91211 739.29492 C 544.69096 737.84898 551.5275 736.51547 552.10547 736.33203 C 552.68345 736.14859 553.67279 734.36365 554.30273 732.36523 C 555.31578 729.1515 555.89837 728.4251 559.35156 726.08008 C 561.49889 724.62186 563.53731 723.42969 563.88086 723.42969 C 564.46188 723.42969 567.02724 727.2137 572.38477 735.97461 C 575.39482 740.89681 575.27672 741.63908 571.27344 742.96875 C 566.34981 744.60412 564.6806 746.69951 561.77148 754.90234 C 558.72353 763.49661 557.99258 764.70636 554.98242 766.13477 C 552.93147 767.10808 549.44332 767.2183 523.72852 767.11328 C 507.80841 767.04827 494.25728 767.20955 493.61523 767.47266 C 492.97318 767.73577 490.59504 770.52535 488.33203 773.67188 C 481.52356 783.13844 477.09525 788.24727 474.71875 789.375 C 472.64497 790.35911 471.25752 790.35705 457.13281 789.33398 C 426.87706 787.14251 422.04588 786.60109 419.06445 785.08008 C 416.49925 783.77141 416.14929 783.7421 414.34375 784.67578 C 413.27096 785.23054 411.82248 785.68359 411.125 785.68359 C 409.29571 785.68359 406.52374 783.29285 405.08398 780.4707 C 404.0393 778.42294 403.00577 777.67413 398.64648 775.81445 C 392.12253 773.03134 389.14648 770.15607 389.14648 766.63477 C 389.14648 763.48105 387.73085 761.41128 385.19141 760.85352 C 384.10894 760.61577 382.46733 759.47348 381.54492 758.31641 C 377.73716 753.54001 377.7056 753.52624 371.7207 753.85156 C 368.49163 754.02708 365.9668 752.73164 365.9668 750.90039 C 365.9668 749.50017 361.01062 750.88 357.94727 753.13281 C 355.33295 755.05541 354.70161 755.21875 349.9043 755.21875 C 347.04116 755.21875 343.37571 754.88736 341.75977 754.48047 C 338.05913 753.54864 334.74961 754.88997 333.53906 757.8125 C 332.68256 759.88025 331.43424 760.69338 329.97852 760.13477 C 329.4905 759.9475 328.70941 760.2554 328.24219 760.81836 C 327.77498 761.38133 326.86978 761.8418 326.23047 761.8418 C 325.59116 761.8418 324.69565 762.28956 324.24219 762.83594 C 323.11889 764.18944 321.04404 764.08221 317.77734 762.50391 C 316.26948 761.77539 314.49879 761.1797 313.84375 761.17969 C 311.84252 761.17965 309.00977 756.97682 309.00977 754.00781 C 309.00977 751.82959 308.64548 751.12496 306.78906 749.70898 C 304.18677 747.72412 302.48075 744.26339 303.56836 743.17578 C 304.06599 742.67817 304.07194 742.13368 303.58594 741.35547 C 303.06594 740.52282 303.23046 739.57868 304.24609 737.58789 C 305.83073 734.48174 306.68917 733.70647 309.20312 733.10547 C 311.46636 732.56441 310.93783 731.37695 308.43359 731.37695 C 307.16442 731.37695 306.15157 730.75684 305.09961 729.33398 L 303.58789 727.28906 L 302.09375 728.69336 C 300.75414 729.95184 299.89178 730.0863 293.74219 730 C 287.2832 729.90938 286.78169 729.80146 285.11523 728.15625 C 284.1421 727.19553 282.26558 725.38042 280.94531 724.12305 C 279.15327 722.41638 278.54492 721.29462 278.54492 719.69727 C 278.54492 718.1102 278.18825 717.4442 277.16406 717.11914 C 276.40462 716.8781 275.47906 715.81024 275.10742 714.74414 C 274.31753 712.47827 273.25354 711.81033 268.86133 710.83203 C 266.64754 710.33894 264.84612 709.3491 263.13672 707.68555 C 260.82724 705.43802 260.2972 705.23882 255.9668 704.99414 C 253.19568 704.83755 251.16686 704.41066 250.98828 703.94531 C 250.82255 703.5134 251.16832 702.00969 251.75586 700.60352 C 252.53537 698.73789 252.64529 697.67255 252.16016 696.66406 C 251.79451 695.90394 251.31702 694.46265 251.09961 693.46094 C 250.75356 691.86648 250.39563 691.6416 248.23242 691.6543 z M 697.32422 800.91797 C 692.30664 800.91797 684.52734 802.76176 684.52734 803.95117 C 684.52734 804.46836 684.78312 804.89062 685.0957 804.89062 C 685.96988 804.89062 685.48973 809.56797 684.33398 812.30664 C 683.76586 813.65284 682.65398 817.97266 681.86523 821.9082 C 681.07649 825.84375 680.16095 829.34731 679.83008 829.69336 C 679.4992 830.0394 679.22852 831.10122 679.22852 832.05273 C 679.22852 834.49271 676.85317 839.12014 674.96484 840.35742 C 674.08922 840.93115 672.13685 843.6924 670.62695 846.49219 C 666.90322 853.39709 665.15454 856.25473 663.45703 858.20703 C 658.09549 864.37335 655.95641 869.56166 655.67773 877.08008 C 655.53327 880.97731 656.42446 885.02734 657.42578 885.02734 C 657.76179 885.02734 658.03516 885.47988 658.03516 886.0332 C 658.03516 886.77561 658.46958 886.93167 659.69141 886.625 C 661.06538 886.28016 661.34766 886.44672 661.34766 887.60547 C 661.34766 888.37975 660.92175 889.00195 660.39258 889.00195 C 659.86769 889.00195 659.23089 889.33849 658.97656 889.75 C 658.69398 890.20724 658.87136 890.3701 659.43359 890.16992 C 660.70108 889.71865 662.80615 890.89587 662.27344 891.75781 C 662.03444 892.14451 662.21811 892.69594 662.68164 892.98242 C 663.33628 893.38701 663.22507 893.9984 662.18359 895.72266 C 660.66859 898.23087 660.67655 898.38689 662.59766 904.04688 C 663.36649 906.312 663.998 908.69675 664 909.3457 C 664.00191 909.99464 664.52267 911.38025 665.1582 912.42383 C 666.56212 914.72914 670.6367 916.14723 682.54102 918.47656 C 687.09425 919.36749 692.45752 920.53499 694.46094 921.07227 C 698.76358 922.22616 708.18347 924.64606 712.20898 925.63086 L 715.05664 926.32812 L 720.62891 920.78516 C 725.947 915.49469 726.25724 915.29321 727.4375 916.36133 C 728.18405 917.03695 729.77272 917.48047 731.44727 917.48047 L 734.2207 917.48047 L 732.47852 920.95703 C 731.52021 922.86938 730.31154 924.91759 729.79297 925.50781 C 729.04048 926.36427 729.00575 926.92097 729.62109 928.27148 C 730.50692 930.21567 734.02376 931.69846 744.79688 934.66797 L 744.79883 934.66797 C 752.10331 936.68111 757.42655 936.85104 766.65039 935.36133 C 768.65381 935.03777 772.61918 934.60866 775.46289 934.4082 C 780.30243 934.06707 783.20703 933.24735 783.20703 932.22461 C 783.20703 931.3039 778.3417 918.93113 776.1875 914.375 C 774.94949 911.75659 773.93555 909.29688 773.93555 908.91016 C 773.93555 907.92508 772.88137 908.03424 770.50391 909.26367 C 768.81668 910.13618 768.36274 910.16538 767.89648 909.42969 C 766.90498 907.86527 767.25913 907.15469 769.57812 906.04883 C 771.34325 905.2071 771.76548 904.66741 771.48828 903.60742 C 771.07738 902.03613 770.65781 901.9584 768.32031 903.02344 C 766.38359 903.90587 765.45896 903.33551 765.00391 900.97266 C 764.84407 900.14265 764.39367 899.07747 764.00195 898.60547 C 763.46593 897.95961 763.74532 897.38786 765.13477 896.29492 C 766.39907 895.30043 766.98242 894.23555 766.98242 892.91602 C 766.98242 891.9059 766.89504 891.07021 766.78711 890.99414 L 766.78516 890.99219 C 766.78427 890.99177 766.78019 890.99055 766.7793 890.99023 L 766.77734 890.98828 C 766.77645 890.98818 766.77239 890.98828 766.77148 890.98828 C 766.33678 890.98828 761.60605 894.67588 759.69727 896.50195 C 757.79887 898.31809 755.18488 899.80191 753.70703 899.9043 C 753.32723 899.93061 751.92306 901.16254 750.58594 902.64258 C 747.71354 905.82198 744.71742 906.88281 738.60547 906.88281 C 729.67897 906.88281 725.31044 903.82965 713.19141 889.11328 C 708.19154 883.04183 703.67044 877.74282 703.14258 877.33789 C 702.61471 876.93293 701.58703 876.75698 700.85938 876.94727 C 699.83781 877.21441 699.63218 877.04462 699.95508 876.20312 C 700.44034 874.93858 698.13486 873.31082 697.44336 874.42969 C 696.83005 875.42206 695.78516 875.22987 695.78516 874.125 C 695.78516 873.59259 694.44385 871.77838 692.80469 870.0918 L 689.82422 867.02344 L 689.83008 860.95898 C 689.83866 849.7437 694.3862 835.13184 698.53516 832.98633 C 700.28349 832.08224 701.28253 832.16998 710.53125 834.02344 C 716.08079 835.13558 721.44286 836.5023 722.44531 837.0625 C 723.44777 837.62265 724.55951 837.90123 724.91797 837.67969 C 725.75521 837.16225 744.43634 841.03777 747.29492 842.32227 C 748.85261 843.02221 749.5776 843.86844 749.86914 845.32617 C 750.26199 847.2904 750.39193 847.15736 753.91406 841.18945 C 757.82486 834.56297 762.67773 825.41583 762.67773 824.66992 C 762.67773 824.15269 753.1829 821.82632 738.50391 818.74609 C 727.27477 816.38976 725.18293 815.47278 714.13086 808.06836 C 705.23753 802.1102 702.43348 800.91797 697.32422 800.91797 z M 766.29883 825.42188 L 766.29688 825.42383 L 766.29492 825.42578 L 766.29297 825.42773 C 766.2067 825.53277 765.99372 826.68725 765.80664 828.08203 C 765.57632 829.79923 763.33995 834.32103 759.5 840.83203 C 749.59927 857.61965 747.54236 861.78028 747.04297 866.0293 C 746.61622 869.66032 746.76703 870.40791 748.74023 874.41211 C 749.17744 875.29934 757.5724 877.19261 760.93359 877.16211 C 762.06631 877.15182 765.1973 878.78053 765.98828 879.79102 C 766.17041 880.0237 767.57541 880.85028 769.11133 881.62891 C 771.46359 882.8214 774.17075 885.68945 772.94336 885.68945 C 772.7356 885.68945 772.87714 886.27527 773.25977 886.99023 C 773.66871 887.75432 774.36144 888.13391 774.93945 887.91211 C 775.61729 887.652 775.92383 887.96778 775.92383 888.92969 C 775.92383 889.69718 776.23535 890.32617 776.61719 890.32617 C 776.99903 890.32617 777.67126 891.18189 778.11133 892.22852 L 778.91211 894.13281 L 785.15039 888.93359 C 789.95789 884.92848 791.59069 883.90273 792.26562 884.46289 C 792.74742 884.86274 793.14258 885.38708 793.14258 885.62891 C 793.14258 885.87074 790.13668 888.55804 786.46289 891.59961 C 779.88063 897.04913 779.79032 897.16354 780.21875 899.44727 C 780.45787 900.7219 781.22695 902.83728 781.92969 904.14844 C 782.63243 905.45961 783.20898 906.77332 783.20898 907.06836 C 783.20898 907.36339 784.71086 909.83186 786.54688 912.55273 C 788.38289 915.27359 789.7972 917.99947 789.69141 918.61133 C 789.58347 919.23555 790.16556 920.06263 791.01562 920.49609 C 791.84887 920.92095 793.18822 921.88669 793.99414 922.64258 L 795.46094 924.01758 L 800.71875 920.07812 C 807.35964 915.10225 812.34961 913.56607 812.34961 916.49609 C 812.34961 917.02994 811.35855 917.6056 810.00586 917.85938 C 808.03156 918.22976 797.7793 924.90195 797.7793 925.81641 C 797.7793 927.66771 809.23812 939.99805 810.95898 939.99805 C 811.35865 939.99805 811.68555 940.43757 811.68555 940.97461 C 811.68555 941.51164 812.58106 942.41342 813.67383 942.97852 C 816.27076 944.32144 816.27076 946.45215 813.67383 950.03711 C 812.58106 951.54564 811.68555 953.05546 811.68555 953.39258 C 811.68555 953.72969 810.46276 956.10068 808.9668 958.66211 C 806.69959 962.54412 806.39547 963.45996 807.14453 964.1582 C 807.63878 964.61892 819.21924 971.62151 832.87891 979.7207 C 846.53858 987.8199 857.83249 994.55596 857.97461 994.68945 C 858.17159 994.87447 846.994 1014.0105 843.55469 1019.377 C 843.11116 1020.0691 836.40782 1016.3571 814.41211 1003.2383 L 785.84766 986.20117 L 778.26562 987.39062 L 770.68359 988.57812 L 766.36328 995.91211 C 763.98659 999.94559 761.29367 1004.4802 760.37891 1005.9883 L 758.71484 1008.7305 L 803.70703 1035.625 C 828.45227 1050.4175 848.93815 1062.5139 849.23242 1062.5039 C 849.52669 1062.495 857.2064 1049.9574 866.29688 1034.6426 C 875.38737 1019.3277 883.06553 1006.6476 883.36133 1006.4648 C 883.8249 1006.1783 885.28065 1006.9353 889.0332 1009.4141 C 889.70841 1009.8601 889.59634 1010.6533 888.49219 1013.2344 C 887.7258 1015.026 886.47814 1017.154 885.7207 1017.9629 C 884.01899 1019.7802 884.52633 1020.5213 889.2168 1023.0742 L 892.59375 1024.9121 L 893.57031 1023.5156 C 894.1285 1022.7187 895.27019 1022.1211 896.23242 1022.1211 C 898.20265 1022.1211 911.21247 1029.2359 910.71484 1030.041 C 910.5292 1030.3414 912.47896 1031.8339 915.04688 1033.3594 C 920.05903 1036.3371 920.83545 1038.0557 917.44922 1038.6738 C 915.66345 1038.9997 915.71895 1039.0759 919.25 1041.1816 L 922.89258 1043.3535 L 920.97852 1046.6016 C 919.92549 1048.3875 911.89105 1061.9141 903.125 1076.6602 C 894.35895 1091.4064 887.19573 1103.7195 887.20703 1104.0234 C 887.21832 1104.3273 893.55205 1108.3632 901.28125 1112.9922 C 909.01044 1117.6211 915.63183 1121.4205 915.99609 1121.4355 C 916.69155 1121.4633 917.54812 1120.0577 937.59766 1085.9453 C 946.83462 1070.2296 950.10547 1064.1075 950.10547 1062.5332 C 950.10547 1060.9761 950.73608 1059.7697 952.44531 1058.0605 C 953.67203 1056.8338 954.60965 1055.7774 954.60547 1055.6309 C 954.60531 1055.6298 954.6038 1055.626 954.60352 1055.625 L 954.60352 1055.623 L 954.60156 1055.6211 L 954.60156 1055.6191 L 954.59961 1055.6191 L 954.59961 1055.6172 L 954.59766 1055.6172 C 951.20731 1053.7234 948.96136 1051.7027 948.32031 1049.9727 C 947.60951 1048.0544 947.64235 1047.8827 948.65039 1048.293 C 949.26804 1048.5445 950.59393 1048.9973 951.59766 1049.2988 C 952.60139 1049.6003 954.20632 1050.4634 955.16406 1051.2168 C 957.50658 1053.0594 958.42773 1052.9451 959.78906 1050.6406 C 960.69671 1049.104 961.1817 1048.8225 962.08984 1049.3086 C 963.04819 1049.8214 963.1232 1050.237 962.53516 1051.7949 C 961.95336 1053.3362 962.04685 1053.9202 963.06836 1055.1133 C 964.62112 1056.9264 965.83971 1056.9408 967.72266 1055.1719 L 969.19922 1053.7852 L 970.26367 1055.4102 C 970.84931 1056.304 971.14374 1057.5172 970.91797 1058.1055 C 970.34974 1059.5863 972.13897 1061.1983 973.85352 1060.75 C 974.86648 1060.4851 975.39876 1060.7608 975.76172 1061.7383 C 976.03854 1062.4837 977.21373 1063.7847 978.37305 1064.6289 C 986.14741 1070.2897 987.96559 1071.965 987.64844 1073.1777 C 987.41397 1074.0744 988.10274 1075.0386 990.07031 1076.5625 C 991.58353 1077.7345 995.46744 1081.1861 998.70117 1084.2324 C 1004.5533 1089.7454 1006.5318 1090.5248 1005.0996 1086.7578 C 1004.2086 1084.4149 1004.2225 1082.8559 1005.1289 1083.416 C 1006.0197 1083.9666 1009.7025 1080.5278 1009.7305 1079.1191 C 1009.7662 1077.3547 1012.8286 1074.4414 1014.6465 1074.4414 C 1015.5747 1074.4414 1016.334 1074.7108 1016.334 1075.0391 C 1016.334 1075.3673 1017.3365 1076.2279 1018.5625 1076.9512 C 1020.7754 1078.257 1023.7235 1078.2733 1025.3555 1076.9902 C 1025.7647 1076.6687 1026.5103 1076.5616 1027.0117 1076.752 C 1027.5761 1076.9664 1028.6804 1075.9446 1029.9102 1074.0703 L 1031.8965 1071.043 L 1036.082 1071.3457 C 1039.2639 1071.5757 1040.6549 1072.0127 1041.8867 1073.1699 L 1043.5059 1074.6914 L 1046.0078 1072.248 C 1048.9726 1069.353 1050.1094 1069.1664 1050.1094 1071.5723 C 1050.1094 1072.5436 1049.9083 1073.1368 1049.6621 1072.8906 C 1049.1004 1072.3289 1046.1367 1075.0547 1046.1367 1076.1328 C 1046.1367 1077.3554 1053.4206 1083.3174 1054.0898 1082.6426 C 1054.409 1082.3206 1055.6022 1079.8238 1056.7422 1077.0918 C 1057.8822 1074.3599 1059.389 1071.6291 1060.0898 1071.0254 C 1061.3239 1069.9624 1061.2747 1069.8783 1058.5508 1068.2949 C 1057.0041 1067.3959 1054.0991 1065.8493 1052.0957 1064.8594 C 1050.0923 1063.8695 1044.6541 1060.7957 1040.0098 1058.0293 C 1033.5135 1054.1596 1031.5691 1052.6855 1031.5801 1051.6348 C 1031.6093 1048.8896 1034.1324 1044.7854 1037.5469 1041.9297 C 1048.0824 1033.1183 1050.6188 1029.8358 1056.6387 1017.2148 C 1058.8815 1012.5125 1060.6389 1008.6062 1060.5449 1008.5352 C 1057.7024 1006.3925 1044.7518 998.89219 1041.916 997.74609 C 1037.4071 995.9238 1033.0861 995.46301 1006.7305 993.99219 C 996.5312 993.42302 987.06913 992.65173 985.70312 992.2793 C 982.34209 991.36296 978.24631 987.3338 977.32812 984.03906 C 976.92207 982.58202 976.41243 974.53613 976.19531 966.1582 C 975.9782 957.78027 975.51482 949.78642 975.16602 948.39453 C 974.77491 946.83376 972.95125 944.04161 970.4082 941.10938 C 964.42295 934.20814 963.72184 933.04018 961.40234 926.10938 C 960.24781 922.65954 958.72414 918.89834 958.01562 917.75195 C 957.30712 916.60555 956.72656 915.21757 956.72656 914.66797 C 956.72656 913.77086 960.5059 911.76886 964.44922 910.57617 C 965.23621 910.33814 966.33008 909.45676 966.87891 908.61914 C 967.84964 907.13763 967.69969 906.94203 961.41016 901.42578 C 952.21463 893.36081 942.81836 887.08997 942.81836 889.01758 C 942.81836 890.03673 940.2908 889.78058 934.14453 888.13672 C 929.00547 886.76223 928.09885 886.69372 924.87109 887.44727 C 919.43492 888.71642 913.40175 888.56322 910.50586 887.08203 C 909.15441 886.39078 901.4922 881.91341 893.47852 877.13281 C 885.46485 872.35221 877.77225 868.09676 876.38281 867.67578 C 874.45944 867.09303 872.01658 867.10316 866.14844 867.71484 C 861.9093 868.15672 858.37126 868.58773 858.28516 868.67383 C 858.01926 868.93974 854.03452 888.43856 853.38672 892.64453 C 853.05011 894.83008 852.76872 898.3313 852.76172 900.42578 C 852.75341 902.79982 852.46698 904.23438 852.00195 904.23438 C 850.39822 904.23437 843.06484 900.00718 838.0625 896.19922 C 834.2165 893.2715 831.547 890.47695 828.125 885.79688 C 825.40799 882.08098 817.69485 873.56702 809.72852 865.49023 C 802.18371 857.84082 792.05884 846.89477 787.22852 841.16602 C 782.39821 835.43726 777.46127 830.14222 776.25781 829.39844 C 774.59323 828.36967 767.21377 825.42188 766.30273 825.42188 L 766.30078 825.42188 L 766.29883 825.42188 z M 750.4043 846.95508 C 750.07877 846.95508 749.99023 847.04004 749.99023 847.34961 C 749.99023 847.56615 749.88145 848.00497 749.74805 848.32422 C 749.34225 849.29546 744.921 857.14207 744.05859 858.42188 C 743.61411 859.08147 742.9021 860.29175 742.47656 861.11133 C 741.3674 863.24757 741.1526 864.55206 741.25586 868.5625 C 741.33273 871.54775 741.31601 871.78515 740.92188 873.19922 C 740.48385 874.77078 739.76335 876.16051 738.48828 877.89258 C 737.81578 878.80605 737.76591 878.92643 738.09961 878.83203 C 738.97071 878.58558 739.39453 878.36182 739.39453 878.14648 C 739.39453 878.00421 739.57745 877.91797 739.88086 877.91797 C 740.14868 877.91797 740.4144 877.84305 740.4707 877.75195 C 740.52698 877.66088 740.72724 877.58594 740.91797 877.58594 C 741.42757 877.58594 742.98147 876.81167 743.25586 876.41992 C 743.46292 876.12432 743.45828 875.96796 743.2168 875.1875 C 743.05084 874.65113 742.76585 874.15763 742.50586 873.95312 C 742.01752 873.56899 742.00416 873.4905 741.70312 869.06055 C 741.47347 865.6812 741.55281 864.62872 742.14258 863.22461 C 742.40106 862.60923 744.11068 859.38636 745.94141 856.0625 C 750.25937 848.22285 750.81836 847.19157 750.81836 847.0625 L 750.81836 847.06055 C 750.81818 847.05963 750.81667 847.05559 750.81641 847.05469 C 750.81605 847.05379 750.81489 847.04972 750.81445 847.04883 C 750.78396 846.99741 750.61061 846.95508 750.4043 846.95508 z M 651.01758 863.92383 L 651.01758 863.92578 L 651.01562 863.92773 C 651.01378 863.94875 651.03072 864.01403 651.05859 864.08789 C 651.09289 864.1788 651.10278 864.32767 651.08008 864.41797 C 651.02584 864.6341 650.73582 864.91797 650.57031 864.91797 C 650.52519 864.91797 650.49139 864.92476 650.47656 864.93359 L 650.47461 864.93359 L 650.47266 864.93555 L 650.4707 864.9375 L 650.4707 864.93945 L 650.46875 864.93945 L 650.46875 864.94141 L 650.46875 864.94336 L 650.46875 864.94531 L 650.4707 864.94727 L 650.4707 864.94922 L 650.47266 864.95117 C 650.49093 864.96944 652.03006 865.28192 653.89258 865.64648 C 655.7551 866.01103 657.31889 866.31245 657.36719 866.31445 L 657.36914 866.31445 C 657.42524 866.30593 657.54135 866.13148 657.66992 865.85547 C 657.85869 865.45024 657.87341 865.38868 657.78711 865.36328 C 657.68144 865.3322 651.05993 863.92383 651.01953 863.92383 L 651.01758 863.92383 z M 737.57227 879.33398 C 737.20147 879.36101 734.26224 883.02722 733.74414 884.12695 L 733.27539 885.11914 L 733.75586 886.12695 C 734.52319 887.73603 734.99775 888.04434 737.67578 888.68359 C 740.55964 889.37196 741.50505 889.44903 742.8418 889.10156 C 744.40013 888.6965 745.42825 888.19465 747.74609 886.70508 C 750.49357 884.93939 750.77916 884.89397 752.66016 885.91992 C 754.43823 886.88973 755.0649 887.57226 755.94336 889.5 C 757.08197 891.99864 757.03652 893.68115 755.78516 895.30273 C 755.5392 895.62146 754.73266 896.75811 753.99414 897.82812 C 753.30179 898.83126 752.78685 899.66357 752.79297 899.76367 L 752.79297 899.76562 L 752.79297 899.76758 L 752.79492 899.76758 L 752.79492 899.76953 L 752.79492 899.77148 L 752.79688 899.77148 L 752.79883 899.77344 L 752.80078 899.77344 C 752.88304 899.77344 752.99292 899.70519 753.04492 899.62109 C 753.09687 899.53703 753.34437 899.42229 753.59375 899.36719 C 753.8993 899.29963 754.28893 898.93418 754.79102 898.24609 C 755.20081 897.68449 755.90007 896.86227 756.34375 896.41797 C 757.08179 895.6789 757.45689 894.91615 757.46289 894.14453 C 757.46816 893.47175 757.67621 892.93351 758.07422 892.56445 C 758.31565 892.34059 758.59155 892.15625 758.68555 892.15625 C 759.00985 892.15625 760.08984 891.13945 760.08984 890.83398 C 760.08984 890.63513 760.2787 890.46518 760.62891 890.34961 C 761.19633 890.16234 762.07617 889.44229 762.07617 889.16602 C 762.07617 889.07668 762.26257 888.91817 762.49023 888.81445 C 762.71078 888.71396 762.89316 888.58845 762.9043 888.5293 C 762.90439 888.52838 762.9043 888.52432 762.9043 888.52344 C 762.88865 888.37572 761.88776 888.01233 761.74023 888.10352 C 761.67245 888.14541 761.32799 887.89211 760.97656 887.54102 C 760.62512 887.18993 759.81714 886.64121 759.17969 886.32031 C 758.54224 885.9994 757.56189 885.3279 757.00195 884.82812 C 755.80215 883.75723 754.91444 883.46441 752.88867 883.47461 C 751.32092 883.4825 750.93977 883.6501 748.74805 885.29492 C 747.03838 886.57797 745.29547 887.44231 743.00781 888.14453 C 741.61563 888.57187 741.37708 888.6056 741.16992 888.39844 C 741.01472 888.24324 740.41875 888.12947 739.45898 888.07227 C 738.64894 888.02396 737.87488 887.92687 737.73828 887.85547 C 737.60169 887.78405 737.1767 887.67258 736.79492 887.60938 C 736.41313 887.54615 736.01371 887.38924 735.90625 887.25977 C 735.79879 887.13029 735.60298 887.02344 735.47266 887.02344 C 735.34235 887.02344 734.97988 886.81879 734.66602 886.56836 C 733.8191 885.8926 733.86508 885.10043 734.86133 883.21094 C 735.67543 881.66691 736.03589 881.3744 737.41797 881.13867 C 738.30599 880.98721 738.52882 880.80715 738.27539 880.44727 C 738.16134 880.28531 737.99926 879.99293 737.91406 879.79688 C 737.82883 879.60082 737.68395 879.39359 737.59375 879.33789 C 737.58843 879.33547 737.57968 879.33344 737.57227 879.33398 z M 772.25977 885.87891 L 769.69336 888.12109 C 768.28186 889.3543 767.13453 890.41196 767.14453 890.47266 C 767.15443 890.53339 767.22006 890.75214 767.28906 890.95703 C 767.35594 891.15553 767.45507 891.3187 767.51367 891.32812 C 767.5146 891.3282 767.51863 891.32813 767.51953 891.32812 C 767.61484 891.3271 769.00376 890.09686 771.5625 887.74609 C 772.44286 886.93727 772.50801 886.82666 772.38867 886.37305 L 772.25977 885.87891 z M 585.14258 891.10547 C 585.06269 891.10294 584.98156 891.10939 584.90039 891.125 C 583.91501 891.31446 583.77782 893.00446 583.61914 907.04492 L 583.44336 922.75391 L 598.52148 922.94336 C 606.81492 923.04847 615.46362 923.20321 617.74023 923.28711 C 620.84168 923.40138 621.87891 923.21627 621.87891 922.54883 C 621.87891 922.0589 622.47394 921.12102 623.20117 920.46289 C 624.11555 919.63538 624.32155 919.02168 623.86914 918.47656 C 623.50933 918.04301 623.41476 917.48953 623.6582 917.24609 C 623.90164 917.00265 623.63052 916.43398 623.05664 915.98242 C 622.48275 915.53086 616.58399 910.54664 609.94727 904.90625 L 597.88086 894.65039 L 593.81836 894.49219 C 588.30088 894.27703 586.93984 893.8685 586.43359 892.27344 C 586.211 891.57213 585.70177 891.12315 585.14258 891.10547 z M 513.89844 892.69336 C 513.21287 892.71902 512.33793 893.13066 510.62305 894.02734 C 507.39436 895.71559 507.30273 895.84364 507.30273 898.71875 C 507.30273 901.35799 507.44607 901.6344 508.62891 901.29883 L 511.27734 900.54688 C 512.34869 900.24293 512.60156 900.48815 512.60156 901.82617 C 512.60156 903.03283 512.19827 903.54119 511.11133 903.70703 C 510.29175 903.83208 509.70519 904.32488 509.80664 904.80273 C 509.9081 905.28059 510.30183 908.84978 510.68359 912.73438 C 511.78055 923.89632 510.72387 922.70245 519.72852 922.94531 C 524.00451 923.06064 527.53723 923.22053 527.57812 923.29883 C 527.61904 923.37716 527.681 919.71507 527.7168 915.16211 L 527.78125 906.88477 L 525.91016 905.5 C 524.88066 904.73886 523.39461 902.97093 522.60742 901.57031 C 520.89907 898.53072 517.56536 894.66598 515.46094 893.28711 C 514.85067 892.88725 514.43166 892.6734 513.89844 892.69336 z M 565.52539 955.89258 C 560.0723 955.89258 556.36692 957.45691 554.55664 960.52148 C 553.90849 961.6187 552.86812 962.51562 552.24609 962.51562 C 550.89009 962.51562 547.03787 965.62544 547.04688 966.71289 C 547.05582 967.78414 556.23879 976.01202 557.91797 976.45312 C 559.15941 976.77923 560.76758 979.16117 564.08398 985.58984 L 565.22461 987.80078 L 563.14453 989.5625 C 561.40314 991.03798 561.12151 991.66838 561.4082 993.4375 C 561.59648 994.59938 562.31351 996.06075 563.00391 996.68555 C 564.31591 997.87289 564.74369 1000.9277 563.59766 1000.9277 C 562.13551 1000.9277 563.10691 1004.1968 566.15625 1009.5371 C 567.92422 1012.6332 570.08402 1015.5363 570.95508 1015.9863 C 572.75931 1016.9183 576.18164 1017.1024 576.18164 1016.2676 C 576.18164 1015.9618 576.97467 1015.3495 577.94336 1014.9082 C 579.35083 1014.2667 579.81301 1014.2782 580.24805 1014.9668 C 580.58223 1015.4958 580.40833 1016.1175 579.79883 1016.5742 C 578.95156 1017.2091 579.06944 1017.4883 580.5957 1018.4883 L 582.38477 1019.6602 L 580.86523 1020.8906 C 580.02979 1021.5671 578.66018 1022.1211 577.82227 1022.1211 C 575.89545 1022.1211 573.15658 1025.3173 572.12109 1028.7734 C 571.47676 1030.924 571.03672 1031.3926 569.66602 1031.3926 C 567.68875 1031.3926 563.59766 1030.0035 563.59766 1029.332 C 563.59766 1029.0734 564.16278 1027.0456 564.85352 1024.8262 L 566.10938 1020.791 L 563.76562 1018.4473 L 561.42188 1016.1035 L 558.16992 1019.4766 C 553.7859 1024.025 551.54288 1023.3223 549.91016 1016.8906 C 548.08795 1009.7124 545.74047 1004.639 542.85156 1001.6348 C 541.25153 999.97092 539.04095 997.26807 537.93945 995.62891 C 536.83794 993.98975 535.29887 992.07459 534.51953 991.37305 L 533.10156 990.09766 L 528.39258 994.68555 C 525.80191 997.20838 523.04413 999.91393 522.26562 1000.6973 C 521.48711 1001.4807 520.14393 1002.2243 519.2793 1002.3516 C 517.9852 1002.542 517.33348 1003.5541 515.5957 1008.0703 C 514.43462 1011.0877 513.17371 1013.8653 512.79492 1014.2441 C 512.31817 1014.7209 512.48865 1015.7241 513.34766 1017.502 C 514.95945 1020.838 514.9157 1021.3388 512.9375 1022.2402 C 511.82288 1022.748 511.4881 1023.2345 511.90625 1023.7383 C 512.96087 1025.0091 511.58657 1026.3091 509.5918 1025.9277 C 508.21602 1025.6647 506.97884 1026.1435 504.57422 1027.8711 L 501.38281 1030.1641 L 498.70703 1028.0117 L 496.0293 1025.8613 L 494.01758 1027.7891 C 492.91124 1028.849 490.25692 1032.4031 488.11914 1035.6875 C 485.98136 1038.9718 482.93766 1042.9186 481.35352 1044.459 L 478.47266 1047.2598 L 467.98828 1037.5723 L 457.50586 1027.8828 L 459.7207 1026.2168 C 460.93914 1025.3004 466.02419 1020.5 471.01953 1015.5508 L 480.10156 1006.5527 L 478.8125 1001.5879 C 478.10343 998.8571 477.51772 996.58376 477.51172 996.53516 L 477.51172 996.5332 L 477.51172 996.53125 L 477.51367 996.5293 C 477.55755 996.47085 478.09953 996.28984 478.75977 996.11719 C 479.81408 995.84148 480.19655 996.42139 481.11133 999.68164 C 481.71237 1001.8238 482.42573 1003.5762 482.69531 1003.5762 C 482.96488 1003.5762 484.42142 1002.3098 485.93164 1000.7617 C 488.14008 998.49793 488.91166 997.0244 489.87695 993.22852 C 491.03926 988.6579 491.37961 988.1601 500.67969 977.49609 C 505.96143 971.43973 510.2832 966.14347 510.2832 965.72656 C 510.2832 965.18491 506.21965 964.93234 496.04492 964.83984 C 469.66111 964.60003 466.3437 965.5505 441.40625 980.48633 C 431.93555 986.15864 416.47721 996.22675 407.05469 1002.8594 C 396.65756 1010.1781 389.54088 1014.7712 388.95117 1014.5449 C 387.65427 1014.0472 381.99037 1018.149 382.42188 1019.2734 C 382.63063 1019.8175 381.636 1020.6714 379.77344 1021.5469 C 378.13348 1022.3178 376.42859 1023.4519 375.98438 1024.0684 C 375.0257 1025.3989 343.38415 1047.6104 339.08203 1049.9727 C 335.26386 1052.0694 334.92041 1053.9826 337.72656 1057.5137 C 338.8366 1058.9105 339.74705 1060.5338 339.74805 1061.1211 C 339.75244 1063.0168 342.277 1066.4033 344.93945 1068.084 C 348.28699 1070.1972 355.23803 1082.6844 355.11523 1086.3633 C 355.07268 1087.6382 354.99119 1089.8731 354.93359 1091.3301 C 354.85124 1093.412 355.97914 1096.3733 360.20117 1105.1621 C 363.15601 1111.3131 365.57422 1116.5623 365.57422 1116.8262 C 365.57422 1117.3629 351.82121 1122.7891 350.46094 1122.7891 C 349.5127 1122.7891 345.04502 1113.6796 345.04102 1111.7383 C 345.03965 1111.0769 344.43262 1109.5446 343.69336 1108.332 C 342.95409 1107.1195 341.93158 1104.5867 341.41992 1102.7031 C 340.90826 1100.8194 339.46386 1096.8925 338.21094 1093.9785 C 336.95801 1091.0644 335.73621 1088.1064 335.49609 1087.4043 C 335.08831 1086.2119 334.9879 1086.2015 333.95508 1087.2344 C 332.92226 1088.2672 333.0386 1088.8099 335.74219 1095.4648 C 337.33417 1099.3834 339.89447 1105.4205 341.43164 1108.8809 C 342.96882 1112.3414 345.16613 1117.8295 346.3125 1121.0781 C 350.97357 1134.2865 352.47624 1136.2906 356.56445 1134.7363 C 358.2187 1134.1073 358.40058 1133.757 358.15625 1131.6641 C 357.89743 1129.4471 358.10415 1129.1424 361.53516 1126.6855 C 363.54529 1125.2461 365.87402 1123.8975 366.71094 1123.6875 C 369.21014 1123.0602 371.36425 1125.1262 374.25 1130.918 C 375.74303 1133.9146 377.98227 1137.4267 379.22656 1138.7227 C 381.48331 1141.0733 392.71266 1164.2777 392.72266 1166.6113 C 392.73305 1169.0332 391.64276 1170.0111 385.48828 1173.0996 C 381.9641 1174.8681 378.6876 1176.7881 378.20703 1177.3672 C 377.72646 1177.9462 376.77375 1178.4219 376.08984 1178.4219 C 375.40592 1178.4219 374.8457 1178.5469 374.8457 1178.7012 C 374.8457 1179.2371 390.15879 1211.2115 391.125 1212.6934 C 392.05354 1214.1175 392.49403 1214.1836 401.05859 1214.1836 L 410.01953 1214.1836 L 411.69727 1217.9922 C 413.76653 1222.6907 415.00292 1224.1191 417 1224.1191 C 418.32125 1224.1191 419.17178 1225.3653 422.80664 1232.6191 C 426.75311 1240.4947 427.00006 1241.2369 426.15234 1242.7188 C 425.64911 1243.5984 424.91079 1245.0639 424.51172 1245.9746 C 424.11264 1246.8852 421.4984 1249.9387 418.70312 1252.7617 L 418.70312 1252.7637 L 412.56055 1258.7578 L 412.58984 1258.7578 L 411.19531 1260.2012 C 410.38334 1261.0414 408.83669 1262.4702 407.75977 1263.377 C 406.07784 1264.7937 405.66127 1264.997 404.79688 1264.8242 L 403.78906 1264.623 L 404.73633 1265.6113 C 405.25711 1266.1549 406.29371 1266.8257 407.03906 1267.1016 C 408.9798 1267.8201 412.21814 1267.5327 413.97852 1266.4863 C 414.73135 1266.0388 416.90926 1264.0988 418.81836 1262.1738 L 422.28906 1258.6738 L 422.23633 1258.6738 L 436.47461 1243.9531 C 455.85279 1223.9996 453.76899 1226.6592 452.52344 1223.4883 L 451.46875 1220.8027 L 462 1210.6035 L 472.5332 1200.4062 L 474.23242 1202.0059 L 475.93359 1203.6035 L 480.125 1199.8105 C 485.0158 1195.3846 487.41773 1190.9165 487.42773 1186.2324 C 487.43139 1184.4717 486.11235 1178.5684 484.39258 1172.6562 C 482.71885 1166.9025 478.6802 1152.8061 475.41992 1141.332 C 472.15965 1129.8579 468.91646 1118.52 468.21094 1116.1348 L 466.92773 1111.7969 L 453.63477 1099.6699 C 440.45786 1087.6477 440.35063 1087.5278 441.53516 1086.1426 C 446.90195 1079.8667 463.23053 1062.5149 463.62891 1062.6641 C 463.905 1062.7675 471.81895 1069.856 481.21484 1078.416 C 490.61072 1086.9761 499.31111 1094.8848 500.54883 1095.9902 C 502.34661 1097.5958 503.11504 1099.1267 504.37305 1103.6055 C 505.23916 1106.6891 507.54892 1114.726 509.50586 1121.4648 C 511.4628 1128.2036 513.45844 1135.2579 513.93945 1137.1426 L 514.8125 1140.5703 L 517.18359 1139.6641 C 518.48778 1139.1653 528.646 1135.4361 539.75586 1131.377 C 558.74746 1124.4381 560.94483 1123.4576 576.51172 1114.9922 C 585.61816 1110.04 593.29578 1105.6696 593.57227 1105.2812 C 593.84882 1104.893 593.9987 1103.841 593.9043 1102.9414 C 593.76394 1101.6034 592.33004 1100.5188 586.0293 1096.9805 C 581.79334 1094.6018 577.31049 1091.7608 576.06641 1090.668 C 574.82235 1089.5753 568.98015 1085.999 563.08398 1082.7207 C 557.18781 1079.4424 552.35856 1076.4736 552.35156 1076.123 C 552.31661 1074.3362 557.36507 1063.7191 558.99023 1062.1621 L 560.86328 1060.3672 L 565.80859 1063.082 C 571.34235 1066.1191 570.80919 1066.2925 574.13867 1060.3691 C 575.31594 1058.2746 576.38303 1056.5605 576.51172 1056.5605 C 577.35504 1056.5605 580.1543 1064.4811 580.1543 1066.8672 C 580.1543 1068.4409 580.51773 1069.969 580.96094 1070.2637 C 581.40415 1070.5584 587.58799 1073.9707 594.70312 1077.8477 C 603.48429 1082.6326 607.61088 1085.233 607.55078 1085.9414 C 607.44591 1087.1769 610.10852 1088.2311 610.48438 1087.1035 C 610.74187 1086.331 613.78814 1088.4777 617.94141 1092.3574 C 620.66617 1094.9027 621.32036 1095.2166 626.18359 1096.3086 C 628.36913 1096.7993 630.99964 1097.892 632.0293 1098.7363 C 635.22552 1101.3572 635.31786 1101.3307 653.22656 1092.8438 C 658.38711 1090.3981 663.60071 1087.61 664.8125 1086.6484 L 667.01562 1084.9004 L 665.54883 1083.3379 C 664.18373 1081.8848 664.11144 1081.3803 664.53516 1076.1582 C 665.06445 1069.6349 665.1152 1069.7016 657.61719 1066.9316 C 649.55317 1063.9525 647.3747 1062.9647 646.19141 1061.75 C 645.54995 1061.0915 644.96265 1060.5575 644.87109 1060.541 L 644.86914 1060.541 L 644.86719 1060.541 C 644.79032 1060.545 643.34345 1060.9691 641.65234 1061.4824 C 639.32471 1062.1888 637.42921 1062.2698 633.84961 1061.8203 C 628.47402 1061.1453 626.6112 1060.3123 613.26953 1052.623 C 607.98779 1049.579 602.39966 1046.3772 600.85156 1045.5059 C 599.03801 1044.4852 598.03711 1043.4604 598.03711 1042.625 C 598.03711 1041.9118 598.33388 1041.3281 598.69727 1041.3281 C 599.48593 1041.3281 608.66752 1046.378 619.32227 1052.6738 C 627.83488 1057.7038 631.45015 1059.209 635.02539 1059.209 C 637.08082 1059.209 638.02735 1058.5954 641.89648 1054.7559 C 646.07139 1050.613 647.31652 1048.6133 645.7207 1048.6133 C 645.35644 1048.6133 645.06336 1047.6447 645.06836 1046.4609 C 645.07655 1044.5903 646.42826 1042.8975 655.39062 1033.5449 C 661.06284 1027.6257 665.9858 1022.7832 666.33008 1022.7832 C 666.67437 1022.7832 667.12873 1023.233 667.33984 1023.7832 C 667.59777 1024.4553 664.44156 1028.1577 657.7168 1035.0684 C 652.21251 1040.7249 647.70898 1045.7527 647.70898 1046.2402 C 647.70898 1047.3839 648.93696 1048.3385 651.01953 1048.8125 C 651.93017 1049.0198 654.7498 1049.7834 657.28516 1050.5098 C 659.82052 1051.2362 662.11058 1051.6974 662.37305 1051.5352 C 662.63552 1051.373 663.02171 1051.5185 663.23242 1051.8594 C 663.83687 1052.8374 672.80082 1055.4062 674.00195 1054.9453 C 674.69829 1054.6781 675.83127 1055.2535 677.17969 1056.5605 L 679.27539 1058.5918 L 683.52539 1056.707 C 685.86314 1055.6709 689.8623 1054.4489 692.41211 1053.9902 C 695.05173 1053.5154 698.54596 1052.3003 700.52539 1051.168 C 704.80229 1048.7216 711.28711 1042.8867 711.28711 1041.4863 C 711.28711 1040.4152 707.7883 1036.45 698.20117 1026.6602 C 693.27244 1021.6273 692.07841 1020.7651 688.34961 1019.541 C 685.8285 1018.7134 682.38972 1018.1484 679.875 1018.1484 C 675.94275 1018.1484 675.51841 1018.0009 673.89062 1016.0664 C 672.57597 1014.504 671.94925 1014.1718 671.38086 1014.7402 C 670.96427 1015.1568 670.43215 1015.498 670.19922 1015.498 C 669.56099 1015.498 668.17348 1012.1676 668.55469 1011.5508 C 669.06422 1010.7264 667.09913 1009.3749 665.08008 1009.1621 C 664.02103 1009.0504 662.72339 1008.2172 661.94727 1007.1504 C 661.21875 1006.1491 658.13773 1002.5591 655.09961 999.17188 L 649.57617 993.01367 L 648.9707 988.19922 C 648.23506 982.34059 647.47499 979.86169 644.91797 974.99023 C 642.36462 970.12575 641.40613 969.31574 633.32617 965.16992 C 625.51394 961.16145 624.64219 961.16233 620.27539 965.1875 C 618.70809 966.63219 617.10403 967.81445 616.71094 967.81445 C 614.94786 967.81445 615.30247 966.16801 617.5625 963.85352 L 620.01953 961.33594 L 617.80273 960.63867 C 613.07311 959.15126 612.47464 959.30101 611.64648 962.18359 C 610.90935 964.74931 610.79721 964.83129 608.0957 964.77539 C 606.56156 964.74365 604.63962 964.39218 603.82422 963.99414 C 603.00882 963.5961 599.95703 962.76982 597.04297 962.1582 C 594.12891 961.54659 591.39523 960.76288 590.9668 960.41602 C 590.53836 960.06916 586.96218 959.77291 583.01953 959.75781 C 576.22981 959.73183 575.6994 959.62807 573.00195 957.81055 C 570.53477 956.14819 569.5357 955.89258 565.52539 955.89258 z M 548.75977 988.25586 C 548.22789 988.27237 547.63331 988.62256 547.02344 989.35742 C 546.04659 990.53444 546.79731 992.66747 549.22266 995.60742 L 550.68359 997.37695 L 550.88281 993.79883 C 551.07587 990.34958 550.119 988.21368 548.75977 988.25586 z M 1061.5742 1069.9668 L 1061.7949 1071.6816 C 1061.9618 1072.9757 1061.6048 1074.2921 1060.3398 1077.0508 C 1058.4411 1081.1912 1058.1261 1083.9336 1059.5469 1083.9336 C 1060.0351 1083.9336 1060.5382 1083.5144 1060.6738 1082.9961 C 1060.8614 1082.2786 1061.3125 1082.0586 1062.6016 1082.0586 C 1063.5272 1082.0586 1064.2832 1081.8682 1064.2832 1081.6348 C 1064.2832 1081.4012 1064.7056 1081.3204 1065.2207 1081.4551 C 1065.7359 1081.5898 1066.1562 1081.8857 1066.1562 1082.1133 C 1066.1562 1082.3408 1066.804 1082.5273 1067.5938 1082.5273 C 1069.7869 1082.5273 1070.8398 1083.2941 1070.8398 1084.8867 C 1070.8398 1086.2422 1070.8986 1086.276 1073.2988 1086.332 C 1074.6511 1086.3635 1078.7085 1086.5281 1082.3145 1086.6992 C 1085.9204 1086.8706 1089.5027 1086.9196 1090.2754 1086.8086 C 1091.6724 1086.6081 1094.4594 1085.3664 1096.4902 1084.0391 L 1097.5527 1083.3438 L 1095.6152 1079.7754 C 1094.5493 1077.8122 1093.5078 1076.0235 1093.3027 1075.8008 C 1093.0941 1075.5742 1088.9235 1075.7553 1083.8301 1076.2129 C 1073.0011 1077.1857 1072.3875 1077.0672 1065.7266 1072.6934 L 1061.5742 1069.9668 z M 1034.8418 1079.8008 C 1034.0692 1079.8338 1033.375 1080.4398 1033.375 1081.5371 C 1033.375 1082.6235 1031.4527 1084.4004 1030.2773 1084.4004 C 1028.9357 1084.4004 1028.6941 1084.8166 1029.2227 1086.2168 C 1029.5835 1087.1726 1029.8694 1087.2944 1031.2383 1087.0723 C 1032.412 1086.8818 1032.9066 1087.0029 1033.1094 1087.5312 C 1033.3103 1088.0549 1033.7965 1088.1791 1034.9023 1087.9883 C 1035.7366 1087.8444 1037.421 1087.5871 1038.6445 1087.416 C 1039.8106 1087.253 1040.7735 1087.0495 1040.8613 1086.9512 L 1040.8633 1086.9492 L 1040.8652 1086.9473 L 1040.8672 1086.9453 C 1040.8674 1086.9446 1040.869 1086.9402 1040.8691 1086.9395 L 1040.8691 1086.9375 C 1040.8691 1086.1536 1038.7397 1082.9774 1038.0723 1082.7656 C 1037.6052 1082.6173 1036.963 1081.8716 1036.6465 1081.1074 C 1036.2661 1080.1892 1035.5235 1079.7716 1034.8418 1079.8008 z M 239.80859 1081.8262 C 239.70445 1081.8274 239.16137 1082.11 237.25391 1083.0859 C 235.33837 1084.0659 234.82082 1084.2653 234.35938 1084.1973 C 233.48639 1084.0695 233.32819 1084.2627 233.55859 1085.1777 C 233.66373 1085.5952 233.80383 1085.9367 233.87109 1085.9473 L 233.87305 1085.9473 C 234.19388 1085.9473 240.70346 1082.6565 240.39844 1082.6465 C 239.97345 1082.6354 239.59921 1082.2301 239.76562 1081.9609 C 239.79624 1081.9114 239.82651 1081.8686 239.83008 1081.8457 L 239.83008 1081.8438 L 239.83008 1081.8418 L 239.83008 1081.8398 L 239.82812 1081.8379 L 239.82812 1081.8359 L 239.82812 1081.834 L 239.82617 1081.832 L 239.82422 1081.8301 L 239.82227 1081.8301 L 239.82031 1081.8281 L 239.81836 1081.8281 C 239.81644 1081.8279 239.81096 1081.8261 239.80859 1081.8262 z M 1144.668 1084.8691 L 1138.7793 1084.8965 C 1135.5406 1084.9119 1129.7767 1085.0962 1125.9707 1085.3047 L 1119.0508 1085.6836 L 1112.1562 1089.6426 C 1108.364 1091.8198 1102.2591 1095.2705 1098.5898 1097.3125 C 1094.3417 1099.6767 1091.916 1101.2983 1091.916 1101.7754 C 1091.9128 1102.9494 1094.5263 1106.2622 1096.7148 1107.8574 C 1099.7539 1110.0725 1101.7385 1110.9498 1104.5586 1111.3281 C 1107.8717 1111.7724 1110.6108 1112.8513 1111.9121 1114.2227 C 1112.806 1115.1649 1113.3989 1115.3045 1116.3613 1115.3145 C 1119.3465 1115.3197 1121.3475 1115.8214 1132.1875 1119.2734 C 1139.0131 1121.447 1145.0201 1123.2322 1145.5352 1123.2422 C 1146.0504 1123.2513 1152.2549 1120.4096 1159.3223 1116.9277 L 1172.1719 1110.5977 L 1167.291 1106.0449 C 1164.6072 1103.5417 1158.4188 1097.7535 1153.5391 1093.1816 L 1144.668 1084.8691 z M 1046.5234 1101.0039 C 1046.2123 1101.0024 1045.8448 1101.0247 1045.4023 1101.0664 C 1043.2532 1101.269 1042.5968 1101.4547 1042.1816 1101.9824 C 1041.7655 1102.5117 1041.7486 1102.8163 1042.1309 1102.9277 C 1042.4574 1103.0229 1045.8534 1102.903 1046.9395 1102.7578 C 1047.8746 1102.6328 1048.4523 1102.1747 1048.1992 1101.7598 C 1047.8725 1101.2242 1047.457 1101.0083 1046.5234 1101.0039 z M 1062.375 1101.7227 C 1061.742 1101.7472 1061.0789 1101.9062 1060.5059 1102.2129 C 1059.9036 1102.5355 1059.6016 1102.5391 1059.6016 1102.2246 C 1059.6016 1101.0383 1053.0284 1103.4316 1050.0527 1105.7012 C 1048.5127 1106.8759 1048.3366 1106.9043 1045.4785 1106.416 C 1043.8441 1106.1365 1041.5595 1106.0007 1040.4004 1106.1152 C 1038.9834 1106.2551 1036.6456 1105.8781 1033.2656 1104.9629 C 1030.501 1104.2144 1027.7208 1103.6016 1027.0879 1103.6016 C 1026.4549 1103.6016 1025.8238 1103.419 1025.6855 1103.1953 C 1025.2078 1102.4222 1019.437 1101.6376 1019.0332 1102.291 C 1018.71 1102.8139 1015.6939 1102.7595 1015.3633 1102.2246 C 1014.9723 1101.5919 1012.3008 1102.6125 1012.3008 1103.3945 C 1012.3008 1104.0638 1014.0294 1105.9242 1018.5156 1110.0859 C 1020.1085 1111.5637 1021.6872 1113.5899 1022.3691 1115.0312 C 1023.4884 1117.3974 1025.8828 1120.2189 1025.8828 1119.1719 C 1025.8828 1118.1785 1027.3674 1117.1816 1028.8496 1117.1816 C 1030.8119 1117.1816 1035.1324 1120.0655 1035.5273 1121.6387 C 1035.7656 1122.5882 1036.1071 1122.8027 1037.3906 1122.8027 C 1039.3512 1122.8027 1042.0767 1125.0563 1042.5117 1127.0371 C 1042.7618 1128.1759 1043.0536 1128.4219 1044.1484 1128.4219 C 1046.1941 1128.4219 1048.3613 1130.4905 1048.3613 1132.4434 C 1048.3613 1134.0268 1048.379 1134.041 1050.4902 1134.041 C 1052.2064 1134.041 1052.8493 1134.2897 1053.8008 1135.3164 C 1054.4503 1136.0171 1055.0991 1137.1747 1055.2422 1137.8906 C 1055.3854 1138.6065 1055.7008 1139.1934 1055.9434 1139.1934 C 1056.8143 1139.1934 1059.6016 1141.6616 1059.6016 1142.4336 C 1059.6016 1142.9118 1061.2151 1144.2599 1063.7031 1145.8594 C 1069.8814 1149.8315 1071.9173 1150.401 1072.4434 1148.3047 C 1073.2612 1145.0466 1079.4675 1146.9532 1080.4219 1150.7559 C 1080.8072 1152.2909 1082.9664 1154.1461 1084.3906 1154.1641 C 1086.5725 1154.1925 1089.4702 1156.0009 1090.3672 1157.8926 C 1090.8312 1158.8714 1091.6333 1159.8578 1092.1484 1160.0859 C 1093.2524 1160.5749 1093.6285 1162.3736 1092.8281 1163.3379 C 1092.5184 1163.7111 1091.6626 1164.1751 1090.9277 1164.3672 C 1089.5981 1164.7148 1089.6217 1164.746 1095.7324 1171.0371 C 1099.1099 1174.5143 1102.1858 1177.8339 1102.5664 1178.4121 L 1103.2578 1179.4629 L 1104.6465 1178.2949 C 1106.2438 1176.9509 1106.8122 1176.881 1108.9434 1177.7715 C 1110.8724 1178.5775 1112.4033 1180.4813 1112.793 1182.5586 C 1113.0611 1183.988 1113.2497 1184.1504 1114.6426 1184.1504 C 1115.7572 1184.1504 1116.608 1184.565 1117.666 1185.623 C 1118.9303 1186.887 1119.1198 1187.3843 1119.0117 1189.1426 C 1118.8926 1191.0788 1119.0385 1191.3444 1121.6738 1194.0156 C 1123.2069 1195.5696 1125.5149 1197.4587 1126.8027 1198.2129 C 1130.4206 1200.3316 1132.3192 1199.9885 1135.9902 1196.5547 C 1138.4132 1194.2883 1139.0562 1194.0486 1143.1934 1193.8711 C 1145.7075 1193.7632 1146.0204 1193.6401 1146.1543 1192.6973 C 1146.2805 1191.8086 1146.5922 1191.6426 1148.1445 1191.6426 C 1149.9361 1191.6426 1149.9844 1191.6861 1149.9844 1193.2812 C 1149.9844 1194.1828 1150.105 1194.9219 1150.252 1194.9219 C 1150.3989 1194.9219 1151.5056 1194.1099 1152.7109 1193.1172 C 1153.9161 1192.1244 1156.0599 1190.6544 1157.4766 1189.8516 C 1158.8932 1189.0488 1161.0363 1187.2624 1162.2383 1185.8809 L 1164.4238 1183.3691 L 1161.4199 1181.6406 C 1159.7671 1180.69 1158.4141 1179.8243 1158.4141 1179.7168 C 1158.4141 1179.6093 1158.8166 1178.8245 1159.3086 1177.9727 C 1159.8007 1177.1209 1160.6483 1174.8085 1161.1934 1172.8359 C 1162.0136 1169.8675 1162.1368 1168.4957 1161.9023 1164.875 L 1161.6191 1160.5 L 1163.5312 1157.625 C 1164.5832 1156.0439 1165.9392 1154.4262 1166.5449 1154.0293 C 1167.6041 1153.3353 1167.7301 1153.3933 1169.8281 1155.5234 L 1172.0098 1157.7363 L 1171.1055 1160.3672 C 1170.2441 1162.8701 1170.2069 1166.8223 1171.0449 1166.8223 C 1171.2272 1166.8223 1171.62 1167.3574 1171.918 1168.0117 C 1172.3455 1168.9497 1172.3208 1169.4202 1171.8047 1170.2363 C 1170.8026 1171.8213 1169.5127 1178.7311 1170.4805 1177.3301 C 1170.6697 1177.0562 1172.7558 1175.1095 1175.1172 1173.0039 C 1178.2375 1170.2217 1180.0124 1168.1826 1181.6113 1165.541 C 1182.8213 1163.5418 1184.9238 1160.6339 1186.2832 1159.0801 C 1190.1231 1154.691 1198.4283 1141.6802 1199.0996 1139.002 C 1199.7615 1136.3613 1200.1885 1136.8603 1194.6348 1133.8027 C 1192.5346 1132.6464 1190.1965 1131.6992 1189.4375 1131.6992 C 1187.4896 1131.6992 1184.9817 1132.6456 1184.2637 1133.6504 C 1183.3052 1134.9916 1182.0224 1135.4864 1177.6797 1136.1914 C 1175.454 1136.5527 1173.4763 1136.8486 1173.2832 1136.8496 C 1173.09 1136.8505 1172.9316 1137.1651 1172.9316 1137.5488 C 1172.9316 1137.9324 1172.3765 1139.6335 1171.6973 1141.3301 C 1170.7481 1143.7013 1170.0526 1144.687 1168.6914 1145.5879 C 1167.2388 1146.5491 1166.7449 1146.6662 1165.9453 1146.2383 C 1164.5666 1145.5004 1164.722 1144.0454 1166.2578 1143.3164 C 1167.3579 1142.7942 1167.6945 1142.1246 1168.5703 1138.7246 C 1169.7372 1134.1947 1169.9529 1130.5061 1169.0684 1130.1777 C 1168.7464 1130.0581 1167.1504 1130.1825 1165.5234 1130.4551 C 1163.3225 1130.8242 1162.4797 1130.8135 1162.2305 1130.4102 C 1161.8697 1129.8264 1156.9941 1128.4219 1155.3281 1128.4219 C 1154.7699 1128.4219 1154.0254 1128.7719 1153.6719 1129.1992 C 1153.3184 1129.6265 1151.9754 1130.4679 1150.6875 1131.0684 C 1148.6932 1131.9981 1147.5954 1132.1641 1143.2949 1132.1641 C 1137.5761 1132.1693 1136.1009 1131.7287 1132.8281 1129.0469 C 1130.2973 1126.9731 1126.719 1125.6174 1123.7773 1125.6074 C 1122.6083 1125.605 1119.6428 1125.8523 1117.1875 1126.1562 C 1111.4062 1126.8718 1103.9757 1126.1581 1098.7051 1124.3828 C 1095.7335 1123.3818 1094.4745 1122.651 1092.6172 1120.8477 C 1091.3294 1119.5973 1089.5382 1118.1849 1088.6367 1117.709 C 1087.2764 1116.9909 1086.972 1116.549 1086.8496 1115.1055 C 1086.7062 1113.414 1086.592 1113.3146 1082.7051 1111.5273 C 1080.5068 1110.5165 1077.9855 1109.6895 1077.1016 1109.6895 C 1075.9933 1109.6895 1075.4045 1109.4342 1075.2051 1108.8691 C 1075.046 1108.4183 1074.506 1107.5957 1074.0059 1107.0391 C 1073.1591 1106.0966 1072.9877 1106.0719 1071.5098 1106.6895 C 1069.9698 1107.3329 1069.9146 1107.318 1069.6289 1106.1797 C 1069.4535 1105.4808 1068.9995 1105.0059 1068.5059 1105.0059 C 1068.0502 1105.0059 1067.4144 1104.691 1067.0938 1104.3047 C 1066.7731 1103.9183 1066.2286 1103.6016 1065.8828 1103.6016 C 1065.5371 1103.6016 1065.0277 1103.1792 1064.752 1102.6641 C 1064.4042 1102.0143 1063.4301 1101.6818 1062.375 1101.7227 z M 808.31836 1190.0137 C 802.14638 1190.0496 799.58036 1194.2736 800.25586 1203.0332 C 800.48206 1205.9665 801.2467 1210.3461 801.95703 1212.7656 C 802.66736 1215.1852 803.71227 1218.8135 804.2793 1220.8301 L 805.31055 1224.498 L 811.11719 1227.252 C 815.67189 1229.4131 817.92158 1230.0763 821.55859 1230.332 C 826.88521 1230.7064 834.00995 1232.3513 843.23438 1235.334 C 848.87916 1237.1593 850.25338 1237.9242 854.32812 1241.5098 C 858.79834 1245.4435 858.97842 1245.7173 858.98242 1248.6016 C 858.98467 1250.252 859.43046 1252.4567 859.97461 1253.5 C 860.51875 1254.5434 860.96484 1255.9192 860.96484 1256.5566 C 860.96484 1258.6444 865.85197 1259.9229 871.2168 1259.2383 C 873.82353 1258.9061 876.14162 1258.8994 876.53125 1259.2227 C 876.91129 1259.5382 878.85468 1260.3703 880.84961 1261.0742 C 882.84453 1261.7782 884.85747 1262.3954 885.32422 1262.4434 C 886.92934 1262.6101 886.92071 1260.569 885.30469 1257.7441 C 884.41432 1256.1877 883.1193 1253.8909 882.42578 1252.6406 C 881.73227 1251.3904 880.13827 1249.3988 878.88477 1248.2148 C 876.79799 1246.2439 876.67434 1245.9161 877.40234 1244.3184 C 878.11964 1242.7441 878.0201 1242.4311 876.38867 1241.127 C 875.39409 1240.3319 872.03845 1237.1489 868.93164 1234.0527 C 859.682 1224.8347 854.2585 1220.1445 852.84766 1220.1445 C 851.10217 1220.1445 847.05664 1217.6234 847.05664 1216.5352 C 847.05664 1215.6084 841.26479 1209.5488 840.37891 1209.5488 C 838.90176 1209.5488 830.78949 1203.01 826.07617 1198.0215 C 823.15692 1194.9318 820.05118 1192.248 819.17578 1192.0566 C 818.30039 1191.8651 815.59915 1191.2328 813.17188 1190.6523 C 811.35916 1190.2188 809.74266 1190.0054 808.31836 1190.0137 z M 296.66797 1191.6758 C 296.50411 1191.6682 296.34689 1191.7939 296.08594 1192.0332 C 295.59698 1192.4816 295.59598 1192.4836 295.82812 1192.7148 C 295.97836 1192.8644 296.28843 1192.9697 296.70508 1193.0137 C 297.06003 1193.0517 297.48695 1193.0906 297.65234 1193.1016 C 297.99343 1193.1239 299.16736 1192.804 299.33594 1192.6426 C 299.39711 1192.5842 299.55194 1192.5352 299.68164 1192.5352 C 299.76507 1192.5352 299.81686 1192.5331 299.83789 1192.5195 L 299.83984 1192.5176 L 299.8418 1192.5156 L 299.84375 1192.5137 L 299.8457 1192.5117 L 299.84766 1192.5098 L 299.84766 1192.5078 L 299.84766 1192.5059 C 299.84777 1192.5051 299.84958 1192.5008 299.84961 1192.5 L 299.84961 1192.498 C 299.84569 1192.4739 299.80908 1192.4326 299.74609 1192.373 C 299.65164 1192.2838 299.22056 1192.1843 298.78516 1192.1523 C 298.01399 1192.0951 297.99414 1192.1005 297.99414 1192.373 C 297.99414 1192.7529 297.87581 1192.7265 297.40234 1192.2344 C 297.04574 1191.8637 296.85368 1191.6843 296.66797 1191.6758 z M 744.7168 1203.6465 C 740.74499 1203.418 736.55396 1203.6496 733.75391 1204.4336 C 731.77846 1204.9868 729.08639 1205.6247 727.76953 1205.8516 C 726.45268 1206.0785 723.69511 1207.4657 721.64258 1208.9355 C 719.59006 1210.4053 716.27101 1212.3327 714.26758 1213.2188 C 710.92452 1214.6972 710.62691 1215.0071 710.62891 1216.9902 C 710.63145 1219.2046 712.60057 1223.0785 714.51758 1224.6387 C 715.10892 1225.12 717.38087 1226.3918 719.56641 1227.4648 C 722.84661 1229.0751 724.34888 1229.4097 728.17578 1229.3867 C 734.8522 1229.346 738.17891 1228.5332 741.64258 1226.0918 C 743.32184 1224.9081 746.93936 1223.1266 749.68164 1222.1328 C 752.42391 1221.139 755.85937 1219.7539 757.31641 1219.0566 C 759.77456 1217.8802 759.96187 1217.5978 759.91797 1215.127 C 759.84497 1211.0181 757.78488 1207.4873 754.37109 1205.6191 C 752.44121 1204.563 748.6886 1203.875 744.7168 1203.6465 z M 788.11719 1206.9141 C 787.13085 1206.9119 785.89107 1207.3336 784.2793 1208.1602 C 780.63822 1210.0274 779.13 1211.9754 776.79102 1217.8379 C 775.63091 1220.7456 774.42089 1223.4599 774.10156 1223.8691 C 773.32428 1224.865 774.10825 1226.7676 775.29688 1226.7676 C 777.00543 1226.7676 782.73511 1232.7891 785.17188 1237.1465 L 787.55469 1241.4082 L 789.99609 1237.8965 C 794.64396 1231.2074 796.72266 1227.6398 796.72266 1226.3535 C 796.72266 1225.6428 796.12696 1223.8918 795.39844 1222.4629 C 794.66993 1221.034 794.07422 1219.0444 794.07422 1218.041 C 794.07422 1216.3122 793.2359 1213.9254 790.91602 1209.0508 C 790.23403 1207.6178 789.38533 1206.9169 788.11719 1206.9141 z M 761.82422 1211.623 L 762.11719 1214.7246 C 762.50455 1218.8221 761.26676 1219.9203 752.68164 1223.0859 C 746.60205 1225.3277 741.0918 1228.3133 741.0918 1229.3652 C 741.0918 1229.6019 746.67798 1230.9527 753.50781 1232.3672 L 765.92578 1234.9395 L 779.83398 1242.1016 C 787.4834 1246.0409 793.95857 1249.2654 794.22266 1249.2754 C 794.48675 1249.2815 794.53204 1248.4356 794.32422 1247.3965 C 793.93401 1245.4454 795.75312 1240.9839 798.00977 1238.3574 C 798.6357 1237.6289 799.74021 1235.9897 800.46289 1234.7148 L 801.77734 1232.3965 L 799.79492 1230.7598 C 798.69696 1229.8527 797.70854 1229.4368 797.57812 1229.8281 C 797.4487 1230.2163 795.78766 1232.8454 793.88672 1235.668 C 791.98579 1238.4907 790.13976 1241.3612 789.7832 1242.0488 C 789.07386 1243.4168 787.64304 1244.1833 786.78711 1243.6543 C 786.48769 1243.4692 785.05028 1241.148 783.59375 1238.4941 C 780.91732 1233.6175 775.75572 1228.0918 773.875 1228.0918 C 773.31266 1228.0918 772.51288 1227.3468 772.09766 1226.4355 C 771.4614 1225.0391 771.62002 1224.2134 773.10547 1221.1797 C 774.07489 1219.1999 774.86719 1217.3123 774.86719 1216.9863 C 774.86719 1216.6602 773.89868 1216.0783 772.71484 1215.6934 C 771.53101 1215.3085 768.59631 1214.2356 766.19336 1213.3086 L 761.82422 1211.623 z M 1145.3242 1220.2109 C 1144.5849 1220.2109 1144.7306 1220.8848 1145.7148 1222.0195 C 1146.1998 1222.5787 1146.9399 1224.4041 1147.3594 1226.0742 C 1147.779 1227.7444 1148.4263 1229.4795 1148.7988 1229.9297 C 1149.1713 1230.3798 1150.089 1231.5307 1150.8379 1232.4883 C 1151.5867 1233.446 1152.3281 1234.1016 1152.4844 1233.9453 C 1152.6406 1233.789 1152.9684 1234.1869 1153.2129 1234.8301 C 1153.4574 1235.4732 1154.8653 1237.1895 1156.3418 1238.6426 C 1159.109 1241.3659 1159.554 1241.6243 1160.0605 1240.8047 C 1160.8641 1239.5045 1159.5309 1237.3516 1155.2188 1232.9824 C 1150.5557 1228.2576 1148.0412 1225.035 1146.625 1221.9668 C 1146.1792 1221.0009 1145.5943 1220.2109 1145.3242 1220.2109 z M 1188.4727 1225.2637 C 1188.1306 1225.2896 1188.1225 1225.5015 1188.0488 1225.832 C 1187.955 1226.2529 1188.9827 1227.3336 1190.5977 1228.5137 C 1192.0855 1229.6008 1193.9128 1231.2609 1194.6582 1232.2012 L 1196.0137 1233.9102 L 1197.5273 1232.1055 C 1198.8456 1230.5352 1199.1391 1230.3844 1199.8008 1230.9336 C 1200.4729 1231.4914 1200.5605 1231.4049 1200.5605 1230.1797 C 1200.5605 1228.8164 1200.469 1228.7639 1194.8242 1227.0195 C 1190.5418 1225.6962 1189.0427 1225.2205 1188.4727 1225.2637 z M 1242.4512 1226.1172 C 1241.868 1226.1179 1241.0997 1226.2614 1240.0938 1226.5234 C 1238.5912 1226.9148 1236.1417 1227.2344 1234.6504 1227.2344 C 1232.4664 1227.2344 1231.9375 1227.3829 1231.9375 1227.9922 C 1231.9375 1228.6358 1232.3219 1228.6996 1234.5137 1228.4258 L 1237.0898 1228.1035 L 1237.0898 1229.4785 C 1237.0898 1230.5221 1236.5302 1231.3767 1234.7676 1233.0254 C 1232.0044 1235.61 1230.486 1235.8048 1226.9824 1234.0273 C 1225.3184 1233.1831 1223.9285 1232.8574 1221.9746 1232.8574 C 1219.6077 1232.8557 1219.0707 1233.0343 1217.6855 1234.2949 C 1215.1779 1236.5767 1212.8994 1237.6054 1210.7051 1237.4453 C 1208.9581 1237.3178 1208.7378 1237.1625 1208.5234 1235.9121 C 1208.2998 1234.6086 1208.2402 1234.5749 1207.584 1235.3613 C 1207.1989 1235.8229 1206.5073 1236.6148 1206.0469 1237.1211 C 1204.5958 1238.717 1203.373 1241.0091 1203.373 1242.1426 C 1203.3695 1244.3004 1205.0121 1242.6349 1206.1738 1239.3027 C 1206.5515 1238.2194 1206.7817 1238.0847 1207.6875 1238.418 C 1208.601 1238.7541 1208.7765 1239.1958 1208.8965 1241.4531 L 1209.0371 1244.0938 L 1213.168 1244.0938 L 1217.2988 1244.0938 L 1217.5879 1245.8496 C 1217.7475 1246.8155 1217.8828 1248.1862 1217.8828 1248.8945 C 1217.8876 1250.0993 1218.0178 1250.1816 1219.9082 1250.1816 L 1221.9297 1250.1816 L 1221.7305 1247.4395 C 1221.3914 1242.7506 1223.4551 1239.3981 1227.1348 1238.6621 C 1228.3333 1238.4225 1228.8143 1238.5933 1229.7324 1239.584 L 1230.8594 1240.7988 L 1234.5605 1239.5625 C 1236.5958 1238.882 1238.7272 1238.0227 1239.2969 1237.6543 C 1240.7741 1236.6991 1244.1133 1230.3016 1244.1133 1228.4277 C 1244.1133 1226.8035 1243.7341 1226.1155 1242.4512 1226.1172 z M 1229.5508 1227.5 L 1227.957 1227.5586 C 1224.0347 1227.7048 1223.4172 1227.7775 1219.8242 1228.5137 C 1217.578 1228.974 1216.1451 1229.3123 1215.3691 1229.5664 L 1214.2246 1229.9414 L 1213.7402 1229.6816 L 1213.2539 1229.4238 L 1213.125 1229.6094 C 1213.054 1229.7116 1212.9955 1229.8339 1212.9961 1229.8809 L 1212.9961 1229.8828 C 1212.9964 1229.8837 1212.9975 1229.8877 1212.998 1229.8887 C 1213.0379 1229.9519 1213.3674 1230.1578 1213.7617 1230.3633 L 1214.5254 1230.7617 L 1215.1055 1231.6855 C 1215.4242 1232.193 1215.6941 1232.6464 1215.7051 1232.6934 C 1215.7052 1232.6942 1215.7051 1232.6983 1215.7051 1232.6992 C 1215.6973 1232.7566 1215.5061 1232.9363 1215.2637 1233.1094 C 1215.0094 1233.2911 1214.7827 1233.4689 1214.7617 1233.5039 C 1214.7489 1233.5246 1214.7431 1233.5404 1214.7422 1233.5508 L 1214.7422 1233.5527 L 1214.7422 1233.5547 L 1214.7422 1233.5566 L 1214.7422 1233.5586 L 1214.7422 1233.5605 L 1214.7441 1233.5605 L 1214.7441 1233.5625 L 1214.7461 1233.5625 L 1214.7461 1233.5645 L 1214.748 1233.5645 C 1214.7939 1233.5762 1215.0191 1233.4387 1215.4473 1233.1328 C 1215.7765 1232.8975 1216.0475 1232.6565 1216.0566 1232.5938 L 1216.0566 1232.5918 C 1216.0573 1232.5335 1215.9452 1232.2647 1215.8086 1231.9941 C 1215.6042 1231.589 1215.5605 1231.4004 1215.5605 1230.9297 L 1215.5605 1230.3574 L 1216.2617 1230.1816 C 1216.6471 1230.0849 1217.1442 1230.0078 1217.3672 1230.0078 C 1217.6343 1230.0078 1217.9543 1229.9271 1218.3027 1229.7715 C 1219.0194 1229.4514 1220.1367 1229.1847 1221.1426 1229.0957 C 1221.6513 1229.0508 1222.122 1228.9582 1222.3496 1228.8574 C 1222.9068 1228.6105 1223.9809 1228.4763 1225.3711 1228.4863 C 1226.9222 1228.4946 1227.7005 1228.5508 1228.0195 1228.6777 C 1228.1764 1228.7407 1228.4515 1228.7586 1228.7656 1228.7246 C 1229.5792 1228.6376 1229.5508 1228.6611 1229.5508 1228.0449 L 1229.5508 1227.5 z M 804.58203 1233.6855 C 803.05153 1233.6723 802.6817 1234.6591 801.27734 1237.0078 C 795.3537 1246.9149 795.79143 1245.6388 797.16016 1248.9746 C 797.82992 1250.6069 798.82667 1252.0796 799.37305 1252.2461 C 803.55822 1253.521 816.72772 1255.5699 826.85742 1256.5215 L 826.85742 1256.5195 C 830.13575 1256.8274 834.7475 1257.0392 837.10742 1256.9902 L 841.39844 1256.9023 L 845.2832 1251.8223 C 848.12182 1248.1085 849.05319 1246.3872 848.74805 1245.4258 C 848.1644 1243.5869 840.92658 1239.0616 835.875 1237.377 C 831.55176 1235.9353 824.74021 1235.5318 819.05078 1236.3828 C 817.10801 1236.6734 814.75242 1236.3632 811.29297 1235.3613 C 807.66408 1234.3103 805.77242 1233.6959 804.58203 1233.6855 z M 1200.5918 1245.498 C 1200.3478 1245.498 1200.0186 1245.7092 1199.8594 1245.9668 C 1199.7002 1246.2243 1199.0842 1246.4355 1198.4902 1246.4355 C 1197.8962 1246.4355 1196.8736 1246.8578 1196.2188 1247.373 C 1195.5638 1247.8881 1194.6934 1248.3086 1194.2832 1248.3086 C 1193.8001 1248.3086 1193.5371 1248.7218 1193.5371 1249.4805 C 1193.5371 1250.8157 1194.7322 1251.0139 1196.9102 1250.043 C 1198.1912 1249.472 1201.4101 1245.498 1200.5918 1245.498 z M 795.21875 1248.7559 L 794.91406 1249.3242 C 794.63771 1249.8406 794.66715 1249.9286 795.23438 1250.3027 C 796.17356 1250.9222 796.26758 1250.8121 795.71875 1249.7363 L 795.21875 1248.7559 z M 154.36133 1251.0566 C 154.24573 1251.0566 152.79297 1252.3796 151.13281 1253.9961 C 148.67431 1256.3899 147.37108 1257.3422 144.10156 1259.1289 C 141.89374 1260.3355 139.86699 1261.3223 139.59766 1261.3223 C 138.5126 1261.3223 135.71771 1263.1846 133.21289 1265.5781 C 131.75553 1266.9707 129.61804 1268.9274 128.46289 1269.9258 C 126.0703 1271.9938 125.60864 1272.7414 125.29102 1275.0645 C 124.76766 1278.8924 123.84397 1280.1423 120.89258 1281.0195 C 117.73826 1281.9571 114.99974 1280.7609 112.07617 1277.1719 C 110.24406 1274.9228 108.85708 1272.2209 109.08594 1271.3457 C 109.22158 1270.827 109.03517 1270.5992 108.25195 1270.3262 C 107.24612 1269.9755 107.24361 1269.9775 107.44336 1271.0293 C 108.43851 1276.2697 112.17354 1280.9033 117.40039 1283.3809 C 119.51026 1284.381 133.46758 1288.034 195.79883 1303.9043 C 241.31066 1315.4922 271.99644 1323.1535 272.54297 1323.0645 C 274.97195 1322.6672 275.42302 1322.4591 276.68945 1321.1621 C 278.28448 1319.5286 278.75195 1318.4553 278.75195 1316.4141 C 278.75195 1315.1477 278.66397 1314.9487 278.17188 1315.0977 C 271.41978 1317.1429 270.96079 1317.3907 270.32617 1319.332 C 270.04952 1320.1782 269.72871 1320.4626 268.81641 1320.6719 C 266.58309 1321.1844 263.21431 1320.6186 258.2207 1318.8906 C 255.57983 1317.9768 252.44947 1317.0881 251.26562 1316.916 C 250.08178 1316.7438 240.99244 1314.3804 231.06641 1311.6641 C 205.88818 1304.7739 203.0493 1304.0391 201.58203 1304.0391 C 200.15578 1304.0391 178.75966 1297.8326 176.50195 1296.7637 C 175.55356 1296.3147 174.40542 1296.0925 173.02539 1296.0918 C 171.6776 1296.091 169.24469 1295.6325 165.99609 1294.7695 C 163.26415 1294.0438 159.98584 1293.3533 158.71094 1293.2344 C 157.31445 1293.1041 155.77166 1292.7072 154.83008 1292.2363 C 153.9705 1291.8065 150.02152 1290.6303 146.05469 1289.6211 C 140.20966 1288.134 137.91897 1287.3718 133.9707 1285.6035 L 129.09961 1283.4219 L 128.44727 1281.3945 C 127.57926 1278.6978 127.29645 1276.8208 127.37695 1274.2871 C 127.4374 1272.3842 127.54145 1272.1022 128.47266 1271.3066 C 129.0383 1270.8233 129.93739 1270.1948 130.4707 1269.9102 C 131.00402 1269.6255 132.1541 1268.4701 133.02734 1267.3418 C 135.41171 1264.261 137.03986 1263.212 143.49805 1260.5957 C 147.09608 1259.1381 149.50869 1257.9727 149.80859 1257.5449 C 150.07563 1257.164 150.88223 1255.9185 151.60156 1254.7773 C 152.32088 1253.636 153.28286 1252.5307 153.74023 1252.3223 C 154.47054 1251.9896 154.9283 1251.0566 154.36133 1251.0566 z M 1220.2285 1251.5625 C 1219.1947 1251.6232 1218.1667 1252.0829 1217.5176 1252.9609 C 1216.6065 1254.1933 1216.3483 1254.2921 1215.0234 1253.9121 C 1214.2106 1253.679 1213.1894 1253.1657 1212.7539 1252.7715 C 1211.6579 1251.7797 1211.0921 1251.8726 1210.2344 1253.1816 C 1209.5376 1254.2451 1209.5643 1254.3747 1210.7129 1255.5234 C 1211.3817 1256.1921 1212.1901 1256.7383 1212.5098 1256.7383 C 1212.8294 1256.7383 1213.3581 1257.059 1213.6836 1257.4512 C 1214.0091 1257.843 1214.6288 1258.0517 1215.0625 1257.9141 C 1216.3035 1257.5202 1217.7775 1261.3841 1217.8145 1265.1309 C 1217.8234 1266.0119 1218.2658 1267.3207 1218.7969 1268.0391 C 1219.3281 1268.7575 1219.7617 1269.5619 1219.7617 1269.8262 C 1219.7617 1270.2803 1222.1262 1272.9663 1225.8984 1276.7988 C 1226.8269 1277.7422 1227.8352 1278.9877 1228.1387 1279.5664 C 1228.4422 1280.1451 1229.5272 1281.0452 1230.5488 1281.5664 C 1231.5705 1282.0877 1232.4062 1282.795 1232.4062 1283.1387 C 1232.4062 1284.0684 1237.2671 1288.4916 1238.6777 1288.8457 C 1239.3496 1289.0143 1239.8984 1289.3406 1239.8984 1289.5703 C 1239.8984 1290.0263 1241.4561 1290.1495 1241.8789 1289.7266 C 1242.0232 1289.5824 1241.8254 1288.83 1241.4395 1288.0566 C 1241.0534 1287.2832 1240.8438 1286.1002 1240.9727 1285.4258 C 1241.1183 1284.6643 1240.8798 1283.7432 1240.3438 1282.9961 C 1239.1171 1281.2863 1239.6354 1279.5171 1241.9395 1277.5449 C 1243.568 1276.1509 1243.8415 1275.663 1243.709 1274.3945 C 1243.5111 1272.499 1239.1197 1267.3786 1236.582 1266.084 C 1235.0912 1265.3235 1234.6477 1264.7466 1233.9902 1262.709 C 1233.5538 1261.3569 1233.0712 1258.8981 1232.918 1257.2441 C 1232.7538 1255.4701 1232.4 1254.1568 1232.0547 1254.043 C 1231.7327 1253.9369 1231.4688 1254.1774 1231.4688 1254.5762 C 1231.4687 1255.4979 1230.0401 1256.2676 1228.3398 1256.2676 C 1226.6359 1256.2653 1224.1001 1254.7132 1223.4414 1253.2676 C 1222.8947 1252.0675 1221.5577 1251.4845 1220.2285 1251.5625 z M 744.73242 1252.2363 C 744.42845 1252.2481 744.40234 1252.5755 744.40234 1253.2637 C 744.40234 1254.013 744.83451 1254.7912 745.36328 1254.9941 C 746.89507 1255.5819 747.87448 1259.3738 747.05273 1261.5352 C 746.67338 1262.5329 746.44179 1263.4227 746.53125 1263.5352 C 746.532 1263.536 746.53632 1263.5403 746.53711 1263.541 C 746.63836 1263.6306 747.76415 1264.3324 749.03906 1265.1016 C 751.7945 1266.7641 751.08854 1266.6985 753.76367 1265.5371 C 754.78825 1265.0923 755.4043 1264.7067 755.32031 1264.584 C 755.30216 1264.562 755.25664 1264.5471 755.1875 1264.5449 C 753.99235 1264.5063 752.84574 1261.958 753.26758 1260.2773 C 753.4704 1259.4692 754.39006 1257.9317 755.31055 1256.8613 C 756.23103 1255.791 756.98393 1254.6911 756.98438 1254.418 C 756.98483 1254.1448 755.0342 1253.9219 752.64844 1253.9219 C 750.05554 1253.9219 747.52345 1253.5161 746.35547 1252.9121 C 745.48455 1252.4617 745.00063 1252.226 744.73242 1252.2363 z M 763.3418 1252.4199 C 762.66861 1252.4689 763.24085 1253.6382 765.02539 1256.1699 C 766.16906 1257.7924 767.13753 1260.037 767.17773 1261.1562 C 767.22668 1262.5202 767.58967 1263.1905 768.27734 1263.1914 C 769.06087 1263.1926 769.23873 1262.6444 769.03125 1260.8672 C 768.88001 1259.5717 769.12943 1258.0947 769.59375 1257.5352 C 770.54961 1256.3835 769.70267 1255.5069 765.42969 1253.2305 C 764.38884 1252.676 763.69442 1252.3943 763.3418 1252.4199 z M 1244.7617 1256.9473 C 1244.3262 1256.9305 1244.0117 1257.111 1244.0117 1257.5195 C 1244.0141 1258.3246 1245.5011 1260.6134 1247.1914 1262.4141 C 1248.4784 1263.785 1248.7175 1263.8681 1249.9824 1263.3906 C 1251.9956 1262.6307 1252.9082 1263.1566 1252.9082 1265.0762 C 1252.9082 1267.524 1253.3147 1268.1738 1254.8496 1268.1738 C 1256.5871 1268.1738 1259.3051 1269.5471 1261.1113 1271.3398 C 1261.8798 1272.1026 1262.7191 1272.682 1262.9766 1272.627 C 1263.9605 1272.4167 1263.3421 1268.8008 1261.7734 1265.5977 L 1260.168 1262.3184 L 1256.4199 1262.3027 C 1252.9237 1262.2865 1252.5032 1262.1719 1250.0996 1260.6016 C 1248.6829 1259.6761 1247.1215 1258.4718 1246.6309 1257.9258 C 1246.0824 1257.3155 1245.3217 1256.9688 1244.7617 1256.9473 z M 1185.9746 1265.6387 C 1185.6507 1265.6476 1185.2218 1265.6859 1184.6562 1265.7402 C 1182.8324 1265.9155 1181.9001 1266.3373 1180.3242 1267.6973 C 1179.2198 1268.6505 1178.0524 1269.6378 1177.7305 1269.8926 C 1177.4085 1270.1474 1177.1465 1270.5679 1177.1465 1270.8262 C 1177.1465 1271.6181 1182.8375 1277.4992 1185.7402 1279.707 C 1187.2478 1280.8536 1189.8329 1283.3729 1191.4844 1285.3047 C 1193.1359 1287.2365 1195.2011 1289.5555 1196.0723 1290.457 C 1198.4062 1292.8718 1201.0702 1296.491 1202.2793 1298.8867 C 1203.8038 1301.9075 1204.3544 1302.467 1206.1875 1302.8613 C 1207.0853 1303.0544 1208.3463 1303.4942 1208.9902 1303.8398 C 1209.6341 1304.1853 1210.5298 1304.4763 1210.9805 1304.4863 C 1211.8557 1304.5063 1212.0906 1303.8035 1211.3594 1303.3516 C 1211.1167 1303.2016 1210.7794 1302.1514 1210.6094 1301.0176 C 1210.2406 1298.5585 1211.0341 1295.8001 1212.3066 1295.1191 C 1213.4344 1294.5158 1213.4927 1293.1785 1212.3867 1293.291 C 1210.7022 1293.4624 1210.3965 1293.2384 1210.3965 1291.834 C 1210.3965 1291.0184 1210.1986 1290.5241 1209.9375 1290.6855 C 1208.9214 1291.3135 1207.5859 1289.9766 1207.5859 1288.332 C 1207.5859 1286.9931 1207.7584 1286.7109 1208.5742 1286.7109 C 1209.6133 1286.7109 1209.6195 1286.5336 1208.7109 1281.9395 C 1208.4872 1280.8082 1208.6405 1280.6339 1210.248 1280.1875 C 1211.2307 1279.9146 1212.4085 1279.6875 1212.8652 1279.6875 C 1213.6396 1279.6851 1213.6439 1279.6083 1212.9395 1278.5332 C 1211.9121 1276.9651 1210.4011 1276.5307 1209.6309 1277.584 C 1208.7013 1278.8553 1206.308 1278.2144 1202.4785 1275.668 C 1199.917 1273.9647 1199.2024 1273.2554 1199.4062 1272.6133 C 1199.642 1271.8704 1199.4993 1271.8249 1198.1328 1272.2168 C 1196.9395 1272.559 1196.0672 1272.4549 1194.2461 1271.748 C 1192.9547 1271.2467 1191.3008 1270.7111 1190.5703 1270.5586 C 1188.7655 1270.1818 1186.9805 1268.2984 1186.9805 1266.7695 C 1186.9805 1265.8557 1186.9463 1265.6118 1185.9746 1265.6387 z M 559.43164 1292.9805 C 559.3158 1292.9764 559.23496 1293.0077 559.19141 1293.0781 C 559.13965 1293.1619 559.4116 1293.4029 559.79492 1293.6133 C 560.73176 1294.1274 561.07031 1294.4397 561.07031 1294.7832 C 561.07031 1295.4122 561.66727 1295.8432 562.91602 1296.1191 C 564.46861 1296.4622 564.38281 1296.4524 564.38281 1296.3008 C 564.38281 1296.2294 564.13971 1296.0317 563.84375 1295.8613 C 563.54779 1295.691 562.93384 1295.2405 562.47852 1294.8613 C 561.0733 1293.6912 559.93362 1292.998 559.43164 1292.9805 z M 1128.5215 1294.7852 C 1127.9887 1294.7957 1127.7935 1295.0848 1127.502 1295.8516 C 1127.24 1296.5406 1126.6077 1297.2138 1126.0957 1297.3477 C 1124.5388 1297.7548 1125.144 1299.0336 1127.123 1299.5176 C 1127.8142 1299.6866 1128.5125 1300.2452 1128.6758 1300.7598 C 1128.8391 1301.2743 1129.1237 1301.6953 1129.3066 1301.6953 C 1130.1993 1301.6953 1131.6355 1300.1732 1131.834 1299.0156 C 1131.9565 1298.3008 1132.2074 1297.3626 1132.3926 1296.9316 C 1132.7741 1296.0437 1131.9051 1295.4406 1129.498 1294.9238 C 1129.0753 1294.8331 1128.7637 1294.7804 1128.5215 1294.7852 z M 797.00391 1297.9629 C 796.39173 1298.0152 796.76273 1302.2028 797.76172 1304.5938 C 799.36279 1308.4257 797.93129 1320.4863 795.30664 1325.2793 C 793.84777 1327.9434 793.17827 1330.4849 792.42773 1336.1973 L 791.44922 1343.6426 L 793.42383 1348.7637 C 794.50999 1351.5802 795.39844 1354.7146 795.39844 1355.7305 C 795.39844 1356.7464 795.72538 1358.6201 796.125 1359.8926 C 796.83225 1362.1446 797.21763 1363.9948 797.33008 1365.6816 C 797.44684 1367.433 799.33335 1366.3758 801.75586 1363.1992 C 804.04569 1360.1966 804.52732 1359.8867 806.93359 1359.8867 C 809.03177 1359.8867 809.89397 1359.5064 811.05273 1358.0664 C 812.19403 1356.6481 812.69748 1356.4192 813.32617 1357.0352 C 813.96104 1357.6573 813.95805 1358.2489 813.31445 1359.8027 C 812.16939 1362.5671 810.54593 1363.8517 807.58594 1364.332 C 805.06668 1364.7408 800.69727 1368.1465 800.69727 1369.7012 C 800.69727 1370.9465 802.95681 1375.4051 804 1376.2188 C 804.86391 1376.8927 804.84316 1377.1427 803.83398 1378.2578 C 803.20137 1378.9568 802.69117 1379.8031 802.70117 1380.1387 C 802.71866 1380.7385 809.10025 1374.0896 813.62109 1368.7617 C 816.63324 1365.2118 817.65807 1360.404 816.25781 1356.3848 C 815.0489 1352.9148 815.01187 1350.9901 816.13672 1350.0566 C 816.79993 1349.5062 818.40441 1350.3519 822.88672 1353.6172 C 826.12079 1355.9731 829.08344 1357.8795 829.46875 1357.8535 C 829.85406 1357.8272 831.36133 1356.3585 832.81836 1354.5898 C 834.27539 1352.8211 835.84458 1351.3522 836.30664 1351.3262 C 837.79037 1351.2417 851.69336 1355.9589 851.69336 1356.5469 C 851.69336 1356.859 852.28424 1356.9587 853.00781 1356.7695 C 853.94986 1356.5232 854.16631 1356.1441 853.76758 1355.4316 C 853.40359 1354.7812 854.18121 1351.883 856.01562 1347.0625 C 857.55904 1343.0067 858.73238 1339.5865 858.62109 1339.4629 C 858.50981 1339.3393 854.44639 1339.7286 849.5918 1340.3281 C 836.63826 1341.9279 837.72394 1342.011 836.75 1339.3574 C 835.63811 1336.3279 835.56052 1332.7344 836.60742 1332.7344 C 837.05263 1332.7344 836.76081 1332.0773 835.95898 1331.2754 C 834.83297 1330.1494 833.51223 1329.7548 830.1543 1329.541 C 827.39113 1329.3651 825.89454 1328.9981 826.04883 1328.5352 C 826.18234 1328.1347 824.72491 1326.5322 822.81055 1324.9727 C 819.9403 1322.6347 818.8407 1322.1367 816.54297 1322.1367 C 814.65764 1322.1367 813.47894 1322.5127 812.89844 1323.2969 C 812.13796 1324.3243 811.72425 1323.7776 809.25195 1318.4941 C 806.05545 1311.663 803.34505 1307.4627 800.22656 1304.5078 C 798.96306 1303.3106 798.04311 1301.7798 798.03711 1300.8652 C 798.03153 1299.9976 797.73788 1298.8413 797.38477 1298.2949 C 797.2304 1298.0561 797.10408 1297.9543 797.00391 1297.9629 z M 921.35742 1300.2383 C 920.44478 1300.2383 920.33744 1300.2777 920.16406 1300.6582 C 919.93744 1301.1556 920.00574 1301.2432 921.13281 1301.9043 C 922.04072 1302.4368 922.92288 1302.521 923.36914 1302.1172 C 923.78445 1301.7413 923.76514 1301.6709 923.01758 1300.9082 C 922.39429 1300.2723 922.3113 1300.2383 921.35742 1300.2383 z M 1139.584 1301.2285 C 1139.1705 1301.3046 1135.9355 1306.1775 1135.9355 1306.7324 C 1135.9355 1307.018 1135.302 1307.7018 1134.5293 1308.252 C 1132.8111 1309.4755 1132.7648 1309.8709 1134.3242 1309.9609 C 1135.9128 1310.0527 1137.3398 1311.4022 1137.3398 1312.8125 C 1137.3398 1314.3801 1138.4131 1313.9195 1138.7734 1312.1973 C 1139.3198 1309.5858 1141.5206 1305.6082 1142.7227 1305.0605 C 1143.3677 1304.7666 1143.895 1304.3628 1143.8945 1304.1641 C 1143.8937 1303.8269 1140.0869 1301.2285 1139.5938 1301.2285 C 1139.5908 1301.2285 1139.5872 1301.2279 1139.584 1301.2285 z M 1212.1816 1304.2637 L 1211.8809 1304.5645 C 1211.5922 1304.8532 1211.5866 1304.8866 1211.7227 1305.4648 C 1211.9333 1306.3594 1212.373 1307.1598 1213.0508 1307.8809 C 1213.3838 1308.235 1213.8378 1308.7827 1214.0605 1309.0977 C 1214.2832 1309.4127 1214.6252 1309.7392 1214.8184 1309.8242 C 1215.0116 1309.9093 1215.268 1309.9844 1215.3887 1309.9844 C 1215.5789 1309.9883 1215.5957 1309.9367 1215.5117 1309.6074 C 1215.3938 1309.1476 1215.444 1306.8891 1215.5801 1306.5312 C 1215.6717 1306.2903 1215.6225 1306.2636 1214.7207 1306.0645 C 1213.7921 1305.8594 1213.7409 1305.8301 1212.9727 1305.0586 L 1212.1816 1304.2637 z M 628.54688 1310.2988 C 627.7486 1310.3212 627.2627 1310.7008 626.45312 1311.4551 C 624.9037 1312.8986 617.53712 1314.8763 606.32617 1316.8574 C 596.20152 1318.6466 593.0086 1320.0203 590.07227 1323.8477 C 583.54281 1332.3588 579.43887 1336.3887 575.41797 1338.2422 C 574.08802 1338.8552 572.8254 1339.3574 572.61133 1339.3574 C 572.39725 1339.3574 570.43181 1340.7195 568.24219 1342.3848 C 564.78232 1345.016 564.25977 1345.6995 564.25977 1347.6113 C 564.25977 1348.8716 564.6517 1349.961 565.17578 1350.1621 C 565.67889 1350.3552 569.47797 1351.003 573.61914 1351.6016 C 583.26055 1352.9954 595.2729 1355.1011 600.35547 1356.2891 C 605.838 1357.5706 611.79067 1357.4671 617.79492 1355.9844 C 627.96761 1353.4724 639.80722 1353.6859 645.78906 1356.4883 C 647.39102 1357.2388 649.14893 1357.8555 649.69531 1357.8555 C 652.48298 1357.8616 666.59721 1354.5482 666.83594 1353.832 C 667.3478 1352.2964 670.15995 1349.9531 671.49023 1349.9531 C 673.54778 1349.9531 676.12003 1351.3521 676.54883 1352.7031 C 676.98369 1354.0733 681.07151 1354.4695 681.8457 1353.2168 C 682.0869 1352.8266 681.10096 1351.1144 679.65625 1349.4102 C 677.41865 1346.7706 676.72523 1346.3414 674.9707 1346.5234 C 673.02683 1346.725 670.30339 1344.9387 669.49609 1342.9316 C 668.87882 1341.3969 662.64346 1337.3691 660.88477 1337.3691 C 658.50026 1337.3691 655.65625 1334.4002 655.65625 1331.9121 C 655.65625 1330.9067 656.00094 1330.084 656.42188 1330.084 C 656.84281 1330.084 658.10917 1329.4089 659.23633 1328.582 C 660.36349 1327.755 662.10923 1326.6582 663.11523 1326.1465 C 665.1643 1325.1041 665.08666 1323.4677 662.88281 1321.1738 C 661.65146 1319.8921 661.62214 1319.8985 659.73047 1321.7109 C 657.05348 1324.2756 648.29453 1325.748 643.75 1324.3984 C 639.09271 1323.0153 635.78711 1318.9642 635.78711 1314.6406 C 635.78711 1312.488 635.59798 1312.2928 632.51758 1311.2852 C 630.45733 1310.6113 629.34515 1310.2765 628.54688 1310.2988 z M 882.82031 1320.8125 C 880.99902 1320.8125 879.50977 1321.1104 879.50977 1321.4746 C 879.50977 1321.861 877.30161 1322.1367 874.21094 1322.1367 C 870.38397 1322.1367 868.91211 1322.3703 868.91211 1322.9746 C 868.91211 1323.4367 867.36846 1324.1767 865.46484 1324.6289 C 861.40514 1325.5933 852.02989 1329.8714 850.85547 1331.2949 C 850.55252 1331.6621 850.36405 1331.9075 850.41797 1331.9824 L 850.41992 1331.9844 C 850.56375 1332.1287 851.87364 1331.4653 855.66406 1329.4922 C 860.08688 1327.1899 866.41769 1324.7871 868.06055 1324.7871 C 868.80206 1324.7871 868.96353 1326.1135 868.86523 1331.4043 C 868.78188 1335.8906 869.00866 1338.3447 869.57031 1339.0215 C 870.93882 1340.6704 871.5502 1340.1469 870.5332 1338.1973 C 869.31893 1335.8694 869.30613 1332.434 870.50781 1331.2324 C 871.20855 1330.5316 873.31169 1330.3134 878.95117 1330.3574 L 886.46289 1330.416 L 886.46289 1337.3691 L 886.46289 1344.3242 L 884.62695 1344.1973 C 883.61694 1344.1276 882.96385 1344.3505 883.17578 1344.6934 C 883.38771 1345.0363 884.15001 1345.3164 884.86914 1345.3164 C 885.58827 1345.3164 887.64628 1346.062 889.44336 1346.9727 C 891.24043 1347.8833 893.46592 1348.6289 894.38867 1348.6289 C 895.7636 1348.6289 896.07645 1348.9566 896.12305 1350.4492 L 896.17969 1352.2715 L 896.78906 1350.2852 C 897.40459 1348.2746 896.74132 1339.7994 895.32812 1331.6152 C 894.37781 1326.1117 891.43384 1322.1367 888.30859 1322.1367 C 887.11163 1322.1367 886.13086 1321.8389 886.13086 1321.4746 C 886.13086 1321.1104 884.6416 1320.8125 882.82031 1320.8125 z M 947.33789 1322.1367 C 945.75167 1322.1367 945.66769 1322.2882 946.13281 1324.2891 C 946.40804 1325.4729 946.56201 1328.2984 946.47461 1330.5664 C 946.33602 1334.1649 946.66656 1335.4722 949.06836 1340.832 C 950.58211 1344.2101 952.42179 1347.622 953.15625 1348.416 C 955.80459 1351.2788 974.44763 1362.1486 979.8457 1363.9766 C 990.52036 1367.5914 990.70967 1365.6355 980.67969 1355.3711 C 976.02129 1350.6038 971.91297 1345.6618 969.97266 1342.4922 C 967.96825 1339.2178 965.699 1336.5134 963.73047 1335.0508 C 959.35729 1331.8014 959.18196 1331.6533 953.84766 1326.6465 C 950.4805 1323.486 948.53398 1322.1367 947.33789 1322.1367 z M 849.71289 1331.7871 L 848.41211 1332.4434 C 845.18221 1334.0727 842.14451 1334.2332 839.06055 1332.9375 L 837.50781 1332.2852 L 837.25781 1332.8164 C 837.03523 1333.288 837.10281 1333.41 837.85742 1333.9062 C 838.67154 1334.4416 840.29152 1335.1137 841.2832 1335.3262 C 841.54077 1335.3817 842.46648 1335.4381 843.33984 1335.4531 C 845.22208 1335.4853 847.20859 1334.8856 849.18555 1333.6875 C 850.52575 1332.8754 850.52809 1332.8706 850.12109 1332.3301 L 849.71289 1331.7871 z M 873.25586 1335.4961 L 872.69922 1337.5215 C 872.39368 1338.6357 872.12857 1339.5659 872.10938 1339.5879 L 872.10742 1339.5879 L 872.10742 1339.5898 L 872.10547 1339.5898 L 872.10352 1339.5898 L 872.10156 1339.5898 C 872.06295 1339.5896 871.93136 1339.4866 871.75977 1339.3184 C 871.59541 1339.1572 871.51167 1339.083 871.48242 1339.0781 L 871.48047 1339.0781 L 871.47852 1339.0781 L 871.47656 1339.0781 L 871.47461 1339.0781 L 871.47461 1339.0801 L 871.47266 1339.0801 L 871.47266 1339.082 L 871.4707 1339.082 L 871.4707 1339.084 L 871.4707 1339.0859 L 871.46875 1339.0879 C 871.46852 1339.0936 871.46988 1339.1035 871.47266 1339.1133 C 871.53036 1339.3174 871.54895 1339.8516 871.50195 1339.9863 C 871.47947 1340.0511 871.46338 1340.1072 871.46484 1340.127 L 871.4668 1340.1289 L 871.4668 1340.1309 L 871.4668 1340.1328 C 871.47395 1340.1399 873.89472 1340.9304 876.8457 1341.8906 L 882.21094 1343.6367 L 882.40625 1344.0645 L 882.60156 1344.4922 L 882.69727 1344.2871 C 882.80306 1344.0588 883.05964 1343.8621 883.35352 1343.7871 C 883.44494 1343.7631 883.54738 1343.7356 883.58008 1343.7246 L 883.58203 1343.7246 L 883.58203 1343.7227 L 883.58398 1343.7227 L 883.58398 1343.7207 L 883.58398 1343.7188 L 883.58203 1343.7168 C 883.56195 1343.6855 883.3788 1343.5805 883.13672 1343.4668 L 882.63281 1343.2305 L 882.14453 1342.6699 L 881.65625 1342.1094 L 881.18164 1342.207 L 880.70508 1342.3047 L 879.87891 1342.1719 L 879.05078 1342.0391 L 878.52344 1341.7754 C 878.23349 1341.6311 877.98852 1341.5137 877.97852 1341.5137 L 877.97656 1341.5137 L 877.97461 1341.5137 L 877.97461 1341.5156 L 877.97266 1341.5156 L 877.9707 1341.5156 C 877.96998 1341.5164 877.96753 1341.5206 877.9668 1341.5215 C 877.95946 1341.5319 877.94969 1341.5523 877.94531 1341.5723 C 877.93547 1341.615 877.31601 1341.3864 875.60547 1340.7148 L 873.27734 1339.8008 L 873.26562 1337.6484 L 873.25586 1335.4961 z M 868.49805 1337.0469 L 868.49609 1337.0488 C 868.47161 1337.0627 868.41658 1337.1471 868.30859 1337.334 L 868.10547 1337.6875 L 863.18945 1338.3066 C 859.4634 1338.7759 858.33431 1338.9313 858.52148 1338.9473 C 858.96335 1338.9843 859.15422 1339.2226 859.10742 1339.6758 C 859.09602 1339.7877 859.09535 1339.8502 859.10938 1339.8711 L 859.11133 1339.873 L 859.11328 1339.875 L 859.11523 1339.875 L 859.11719 1339.877 L 859.11914 1339.877 L 859.11914 1339.8789 L 859.12109 1339.8789 L 859.12305 1339.8789 L 859.125 1339.8789 C 859.12598 1339.8788 859.12983 1339.8791 859.13086 1339.8789 L 859.13281 1339.877 C 859.15948 1339.8679 860.1684 1339.6336 861.375 1339.3574 L 863.56836 1338.8555 L 865.70117 1338.7383 C 866.87362 1338.6736 867.97642 1338.6116 868.15234 1338.5996 L 868.47266 1338.5781 L 868.79883 1338.9805 C 869.07208 1339.3182 869.20395 1339.4627 869.24609 1339.4707 L 869.24805 1339.4707 L 869.25 1339.4707 L 869.25195 1339.4707 L 869.25391 1339.4707 L 869.25586 1339.4688 L 869.25781 1339.4668 L 869.25781 1339.4648 L 869.25977 1339.4629 C 869.2603 1339.4603 869.26172 1339.4546 869.26172 1339.4512 C 869.26172 1339.4272 869.23984 1339.3939 869.21484 1339.3789 C 869.11134 1339.3149 868.92021 1338.9444 868.80664 1338.5898 C 868.68599 1338.2132 868.51762 1337.3559 868.51562 1337.1094 C 868.51543 1337.0842 868.51348 1337.0669 868.50977 1337.0566 L 868.50977 1337.0547 L 868.50781 1337.0527 L 868.50781 1337.0508 L 868.50586 1337.0488 L 868.50391 1337.0488 L 868.50195 1337.0469 L 868.5 1337.0469 L 868.49805 1337.0469 z M 871.26758 1340.3848 C 871.23847 1340.3876 871.18195 1340.4067 871.11719 1340.4355 C 870.94718 1340.5116 870.94675 1340.5137 870.93555 1340.7539 C 870.92933 1340.8871 870.874 1341.1643 870.8125 1341.3691 C 870.75095 1341.574 870.68993 1341.7782 870.67773 1341.8242 C 870.67014 1341.8523 870.66798 1341.8733 870.66992 1341.8828 L 870.66992 1341.8848 L 870.66992 1341.8867 L 870.67188 1341.8867 L 870.67188 1341.8887 L 870.67383 1341.8887 L 870.67578 1341.8887 L 870.67578 1341.8867 L 870.67773 1341.8867 C 870.70649 1341.8599 871.28906 1340.4346 871.28906 1340.3906 L 871.28906 1340.3887 L 871.28711 1340.3887 L 871.28711 1340.3867 L 871.28516 1340.3867 L 871.2832 1340.3848 C 871.27985 1340.3842 871.27287 1340.3842 871.26758 1340.3848 z M 870.68555 1340.5898 C 870.63255 1340.5966 870.55054 1340.6636 870.44141 1340.7812 C 870.3384 1340.8923 868.53518 1345.0398 866.43555 1349.998 C 864.33592 1354.9562 862.58412 1359.0582 862.54102 1359.1152 C 862.53967 1359.117 862.53709 1359.1195 862.53516 1359.1211 C 862.25337 1359.3022 857.33364 1357.6307 856.02344 1356.9023 C 854.66835 1356.1489 854.59452 1356.1352 854.33008 1356.5586 C 853.99808 1357.0902 853.95728 1357.063 856.15234 1357.7031 C 858.01514 1358.2462 862.14181 1360.0084 862.23828 1360.2969 C 862.23879 1360.2991 862.24023 1360.3046 862.24023 1360.3066 C 862.24023 1360.4996 856.19594 1375.4824 855.91797 1375.9785 C 855.77305 1376.2371 855.86033 1376.421 856.22656 1376.625 C 856.97836 1377.0437 857.10719 1376.9898 856.82617 1376.373 C 856.60868 1375.8957 856.97901 1374.8677 859.51758 1368.8867 C 861.13593 1365.0738 862.72316 1361.5343 863.04688 1361.0215 L 863.63672 1360.0898 L 864.75195 1360.416 C 878.78172 1364.5139 892.48709 1368.4961 892.55859 1368.4961 L 892.56055 1368.4961 L 892.5625 1368.4961 L 892.56445 1368.4961 L 892.56445 1368.498 L 892.56641 1368.498 C 892.56725 1368.4988 892.57141 1368.503 892.57227 1368.5039 C 892.62259 1368.5686 892.69341 1368.9354 892.73438 1369.373 C 892.77291 1369.7852 892.80463 1369.9875 892.85547 1370.0156 L 892.85742 1370.0176 L 892.85938 1370.0176 L 892.86133 1370.0195 L 892.86328 1370.0195 L 892.86523 1370.0195 C 892.86599 1370.0195 892.87033 1370.0196 892.87109 1370.0195 C 892.90801 1370.0128 892.9556 1369.9298 893.01953 1369.7832 C 893.13189 1369.5256 893.41769 1369.0352 893.6543 1368.6934 C 894.24462 1367.8406 894.20424 1367.7507 893.30273 1367.9199 C 892.69262 1368.0343 890.94723 1367.5637 885.39844 1365.791 C 881.48252 1364.5399 878.20333 1363.4501 878.11133 1363.3691 C 878.01932 1363.2877 879.13992 1359.7442 880.60156 1355.4961 C 882.83742 1348.9979 883.23643 1347.6313 883.11133 1346.877 C 882.97922 1346.0803 882.66387 1346.9277 880.28906 1354.4863 C 878.8191 1359.1649 877.54122 1363.0808 877.44922 1363.1875 L 877.44727 1363.1895 C 877.20854 1363.3788 873.14772 1362.4722 870.66992 1361.6719 C 868.43091 1360.9487 864.02462 1359.3193 863.81836 1359.1387 C 863.72018 1359.0528 865.30721 1354.8798 867.3457 1349.8652 C 869.9816 1343.3811 870.92865 1340.8255 870.73047 1340.6055 C 870.72848 1340.6036 870.7229 1340.5991 870.7207 1340.5977 C 870.7115 1340.5926 870.69802 1340.5883 870.68555 1340.5898 z M 896.73633 1352.2539 L 896.73633 1352.2559 L 896.73438 1352.2559 L 896.73242 1352.2578 L 896.73047 1352.2598 C 896.72714 1352.2644 896.72245 1352.272 896.71875 1352.2812 C 896.67088 1352.3983 896.63185 1352.4164 896.41602 1352.3984 L 896.16602 1352.3789 L 896.18359 1357.5059 L 896.20117 1362.6309 L 895.7832 1363.8281 C 895.55381 1364.4862 895.13897 1365.5806 894.86133 1366.2617 L 894.35742 1367.5 L 894.12109 1367.5723 C 894.01902 1367.6033 893.96144 1367.6211 893.94336 1367.6367 L 893.94141 1367.6387 L 893.93945 1367.6406 L 893.93945 1367.6426 L 893.9375 1367.6445 L 893.9375 1367.6465 L 893.9375 1367.6484 L 893.9375 1367.6504 L 893.9375 1367.6523 L 893.93945 1367.6523 L 893.93945 1367.6543 L 893.94141 1367.6562 L 893.94336 1367.6582 C 893.9554 1367.6674 893.98311 1367.6804 894.01758 1367.6934 C 894.09071 1367.7208 894.16605 1367.7849 894.18555 1367.8359 C 894.2051 1367.8869 894.25101 1367.9163 894.28711 1367.9023 C 894.3232 1367.8893 894.40435 1367.8979 894.46875 1367.9219 C 894.5251 1367.9464 894.57846 1367.9556 894.59766 1367.9512 L 894.59961 1367.9512 L 894.60156 1367.9512 L 894.60352 1367.9492 C 894.61343 1367.9406 894.88204 1367.4425 895.19922 1366.8418 C 896.26217 1364.829 896.81745 1362.9541 897.03906 1360.625 L 897.16797 1359.2695 L 896.97852 1356.4102 C 896.87425 1354.8372 896.78525 1353.2341 896.78125 1352.8477 C 896.77773 1352.4862 896.76811 1352.3003 896.74805 1352.2617 L 896.74609 1352.2598 L 896.74414 1352.2578 L 896.74414 1352.2559 L 896.74219 1352.2559 L 896.74023 1352.2559 L 896.74023 1352.2539 L 896.73828 1352.2539 L 896.73633 1352.2539 z M 851.60938 1357.3125 C 851.23205 1357.3263 850.50337 1358.2345 847.66992 1362.0234 C 845.634 1364.7459 843.82556 1367.0705 843.65234 1367.1875 C 843.42751 1367.3394 841.45553 1366.1103 836.76172 1362.8945 C 833.14524 1360.4168 830.12814 1358.3982 830.05664 1358.4082 C 829.98515 1358.4186 829.90134 1358.4742 829.86914 1358.5312 C 829.75529 1358.732 837.39017 1364.2092 843.97656 1368.6523 C 850.09165 1372.7775 851 1373.3512 851 1373.0898 C 851 1373.0411 850.02523 1372.2683 848.83398 1371.3711 C 847.64272 1370.4738 846.17643 1369.2743 845.57422 1368.707 L 844.47852 1367.6758 L 848.32812 1362.6699 C 851.79508 1358.1611 852.13684 1357.6348 851.77344 1357.3691 C 851.7229 1357.3322 851.67112 1357.3102 851.60938 1357.3125 z M 851.20703 1373.082 C 851.20608 1373.0822 851.20205 1373.0837 851.20117 1373.084 L 851.19922 1373.0859 L 851.19727 1373.0859 L 851.19531 1373.0879 L 851.19336 1373.0898 L 851.19141 1373.0918 C 851.19089 1373.0926 851.18797 1373.0967 851.1875 1373.0977 C 851.18251 1373.1097 851.17969 1373.1293 851.17969 1373.1523 C 851.17969 1373.1967 851.12635 1373.2705 851.06055 1373.3145 C 850.9486 1373.3896 851.04681 1373.4689 852.56836 1374.543 C 853.67046 1375.3211 854.42066 1375.8059 854.89648 1376.0469 C 855.28284 1376.2425 855.62043 1376.4062 855.64453 1376.4062 C 855.64628 1376.4064 855.6468 1376.4064 855.64844 1376.4062 C 855.64923 1376.4061 855.65353 1376.4064 855.6543 1376.4062 L 855.65625 1376.4043 L 855.6582 1376.4043 L 855.66016 1376.4023 C 855.69674 1376.3793 855.69184 1376.272 855.64258 1376.2012 C 855.61893 1376.1672 854.78325 1375.5767 853.78516 1374.8887 C 852.78708 1374.2007 851.80907 1373.5109 851.61133 1373.3555 C 851.35661 1373.1554 851.24974 1373.0768 851.20703 1373.082 z M 857.18164 1376.7891 C 857.18074 1376.7892 857.17666 1376.7907 857.17578 1376.791 L 857.17383 1376.791 L 857.17188 1376.793 C 857.17106 1376.7936 857.16681 1376.7961 857.16602 1376.7969 C 857.14408 1376.8219 857.12529 1376.8982 857.09375 1377.0312 C 857.08924 1377.0504 857.44632 1377.2331 857.88672 1377.4355 C 858.58101 1377.7547 858.73999 1377.8535 859.07617 1378.1836 C 859.34514 1378.4477 859.61578 1378.641 859.96094 1378.8145 C 860.23461 1378.952 862.60155 1380.018 865.2207 1381.1836 C 868.18238 1382.5016 870.0251 1383.2914 870.0957 1383.2734 C 870.13867 1383.2624 870.1735 1383.2485 870.1875 1383.2383 L 870.18945 1383.2363 L 870.19141 1383.2344 L 870.19336 1383.2344 L 870.19336 1383.2324 L 870.19336 1383.2305 L 870.19336 1383.2285 L 870.19336 1383.2266 C 870.18404 1383.2177 867.31751 1381.8383 863.82422 1380.1602 C 858.81171 1377.7524 857.44019 1377.0702 857.32031 1376.9258 C 857.25709 1376.8496 857.21976 1376.8038 857.19336 1376.793 C 857.19234 1376.7927 857.18849 1376.7912 857.1875 1376.791 C 857.18654 1376.7909 857.18257 1376.789 857.18164 1376.7891 z M 802.76172 1380.6719 C 802.1929 1380.6719 801.125 1383.1441 801.125 1384.4629 C 801.125 1385.0351 801.32355 1386.2543 801.56445 1387.1719 C 801.93235 1388.5731 801.94937 1388.8611 801.67383 1388.9668 C 801.40544 1389.0698 801.43278 1389.262 801.82422 1390.0293 C 802.35571 1391.0711 802.97924 1391.5541 804.09766 1391.7871 C 804.67786 1391.908 805.67539 1392.8371 808.54688 1395.9316 C 810.58248 1398.1253 812.41794 1400.3034 812.625 1400.7734 C 813.05364 1401.7463 814.83018 1403.4784 815.66797 1403.7402 C 815.97649 1403.8366 816.94274 1404.5865 817.81445 1405.4062 C 818.97874 1406.5011 819.48301 1406.928 819.57812 1406.8477 C 819.6135 1406.81 819.58286 1406.6838 819.49805 1406.4863 C 819.40123 1406.261 819.25759 1405.6675 819.17969 1405.166 C 819.03254 1404.2191 818.97102 1404.1627 817.35742 1403.498 C 816.63852 1403.2018 814.80619 1401.505 810.43945 1397.0938 C 803.88386 1390.4714 803.00631 1389.4747 802.375 1387.9297 C 801.69911 1386.2757 801.7846 1383.4545 802.55664 1381.8945 C 803.08815 1380.8205 803.11353 1380.6719 802.76172 1380.6719 z M 870.25781 1383.416 C 869.89119 1383.4337 869.56894 1384.474 869.29102 1386.5391 C 869.14535 1387.6215 868.84327 1388.8787 868.61914 1389.332 C 868.25067 1390.077 868.24494 1390.2222 868.5625 1390.8574 C 868.84482 1391.4221 868.88504 1392.1333 868.76758 1394.4863 C 868.55637 1398.7173 868.28855 1399.2924 864.81641 1402.9551 C 863.27069 1404.5856 862.00586 1405.992 862.00586 1406.082 C 862.00597 1406.083 862.00563 1406.087 862.00586 1406.0879 L 862.00781 1406.0898 L 862.00781 1406.0918 L 862.00977 1406.0938 L 862.01172 1406.0957 C 862.0125 1406.096 862.01669 1406.0975 862.01758 1406.0977 C 862.2646 1406.1178 865.80582 1402.825 867.25391 1401.2129 C 868.08424 1400.2885 868.79314 1399.2402 868.95312 1398.7051 C 869.10424 1398.1996 869.3486 1395.7525 869.49414 1393.2676 C 869.81459 1387.7961 870.08209 1385.2281 870.42773 1384.3203 C 870.62726 1383.7961 870.61978 1383.5963 870.39453 1383.457 C 870.34815 1383.4284 870.30284 1383.4138 870.25781 1383.416 z M 861.61328 1406.4902 C 861.49895 1406.4983 861.03632 1406.8265 860.20312 1407.543 C 856.25867 1410.9347 848.42799 1415.4974 844.91211 1416.4512 C 841.73092 1417.3142 840.22667 1417.4656 837.44336 1417.2031 C 833.27582 1416.8101 830.02673 1415.6083 828.25781 1413.8086 C 827.4468 1412.9834 826.97277 1412.6914 826.38281 1412.6484 C 825.94896 1412.6172 825.41093 1412.5111 825.18555 1412.4121 C 824.49113 1412.1075 824.7231 1412.687 825.53711 1413.291 C 825.95566 1413.6016 827.03406 1414.3365 827.93555 1414.9238 C 828.83704 1415.511 829.82085 1416.2164 830.12109 1416.4902 C 830.8771 1417.1796 832.68949 1417.8544 834.81055 1418.2383 C 837.0505 1418.6438 841.19978 1418.6924 842.8457 1418.332 C 843.53164 1418.1817 844.40857 1417.8278 844.79492 1417.5469 C 845.18127 1417.2661 846.49921 1416.5544 847.72266 1415.9648 C 851.67607 1414.0596 857.95904 1410.1208 859.95508 1408.2949 C 861.07311 1407.2723 861.65076 1406.626 861.64062 1406.5098 L 861.64062 1406.5078 C 861.64042 1406.5071 861.64089 1406.5026 861.64062 1406.502 L 861.63867 1406.5 L 861.63672 1406.498 L 861.63477 1406.4961 L 861.63281 1406.4941 L 861.63086 1406.4941 L 861.62891 1406.4922 L 861.62695 1406.4922 C 861.62358 1406.4916 861.61768 1406.4899 861.61328 1406.4902 z M 641.9375 1408.9531 C 641.01074 1408.9863 640.14179 1409.3008 639.29688 1409.8926 C 637.56055 1411.1088 636.17936 1415.019 636.72266 1417.1836 C 636.94268 1418.0603 636.67911 1420.0564 636.13477 1421.6191 C 635.59042 1423.1819 635.13977 1424.9711 635.13477 1425.5957 C 635.12294 1426.9903 632.77705 1428.3369 631.11523 1427.9023 C 630.44142 1427.7261 629.80189 1427.7852 629.69336 1428.0352 C 629.58483 1428.2853 628.4175 1429.149 627.09961 1429.9531 C 624.54708 1431.5104 619.37712 1431.9592 618.14844 1430.7305 C 617.77224 1430.3543 616.9782 1430.2331 616.38477 1430.4609 C 615.00928 1430.9887 614.21017 1433.4179 615.20898 1434.0352 C 615.67941 1434.3259 615.90769 1436.1146 615.80859 1438.7539 C 615.64806 1443.0309 617.40378 1452.3705 618.5918 1453.5586 C 618.94299 1453.9098 619.23047 1454.761 619.23047 1455.4512 C 619.23047 1456.3903 619.81993 1456.0005 621.57617 1453.8984 C 622.86673 1452.3537 624.21951 1450.5348 624.58203 1449.8574 C 625.11553 1448.8606 625.72349 1448.7034 627.77344 1449.0312 C 629.85614 1449.3644 630.55273 1449.1731 631.6875 1447.9551 C 632.63825 1446.9346 633.52227 1446.593 634.5332 1446.8574 C 636.96219 1447.4926 638.55769 1446.1979 638.31641 1443.7852 C 638.11011 1441.7224 638.16216 1441.6791 640.94531 1441.6191 C 642.89574 1441.577 643.97515 1441.887 644.39258 1442.6113 C 644.93546 1443.5533 645.29989 1443.5064 647.79883 1442.166 C 649.69937 1441.1466 650.74107 1440.8997 651.04688 1441.3945 C 651.34251 1441.8728 651.63608 1441.763 651.90039 1441.0742 C 652.34612 1439.9126 654.68224 1439.6488 655.32422 1440.6875 C 656.32563 1442.3078 656.78896 1441.0446 656.54297 1437.3691 C 656.39649 1435.1804 656.5942 1432.7957 656.98242 1432.0703 C 657.48251 1431.136 657.48267 1430.366 656.98047 1429.4277 C 656.157 1427.889 655.73819 1427.8284 653.21484 1428.8809 C 652.18941 1429.3086 650.7539 1429.7275 650.02539 1429.8125 C 649.29687 1429.8972 648.03052 1430.179 647.21094 1430.4375 C 645.40033 1431.0088 645.26691 1430.0444 646.94531 1428.5254 C 648.49404 1427.1238 654.49115 1425.5417 656.67383 1425.959 C 658.23065 1426.2566 658.29116 1426.1679 657.65625 1424.498 C 656.69676 1421.9743 656.80292 1421.4805 658.30469 1421.4805 C 659.9622 1421.4805 659.95525 1421.2477 658.20898 1418.1406 C 656.83693 1415.6994 656.73618 1415.6488 655.22852 1416.6367 C 653.1855 1417.9753 653.26157 1417.3434 655.64453 1413.1211 C 656.73062 1411.1966 657.34607 1409.4534 657.01367 1409.248 C 656.68127 1409.0425 656.22293 1409.1786 655.99414 1409.5488 C 655.76534 1409.919 654.71775 1410.2207 653.66797 1410.2207 C 652.61819 1410.2207 651.57668 1410.5185 651.35156 1410.8828 C 650.69433 1411.9462 648.21173 1411.6459 645.87109 1410.2188 C 644.41605 1409.3316 643.12905 1408.9105 641.9375 1408.9531 z M 700.43945 1411.2422 C 700.43945 1411.1661 699.43933 1411.8545 698.2168 1412.7734 C 695.78734 1414.5995 695.66053 1414.8151 695.4668 1417.4688 C 695.38483 1418.5918 695.42553 1418.7757 695.73828 1418.6777 C 696.90381 1418.3135 697.11198 1418.0655 697.40234 1416.6973 C 697.62078 1415.668 698.05136 1414.8032 699.06836 1413.3457 C 699.82251 1412.2648 700.43945 1411.3182 700.43945 1411.2422 z M 662.66992 1414.4004 C 661.84641 1414.3913 661.25639 1414.7977 660.75391 1415.5957 C 660.06858 1416.6841 660.29734 1417.5922 661.77344 1419.6562 C 662.43619 1420.583 662.43123 1421.0835 661.75391 1422.168 C 661.28886 1422.9126 661.06121 1423.768 661.24805 1424.0703 C 661.43489 1424.3726 663.53289 1424.6628 665.9082 1424.7148 C 669.97732 1424.8031 670.22537 1424.722 670.23438 1423.3105 C 670.23934 1422.4865 670.41599 1421.1734 670.625 1420.3945 C 670.9361 1419.2351 670.33637 1418.5358 667.32227 1416.5352 C 665.17431 1415.1094 663.72872 1414.4121 662.66992 1414.4004 z M 609.86328 1427.791 C 609.62313 1427.8013 609.42301 1428.0738 609.19922 1428.6094 C 608.77031 1429.6359 608.62457 1429.4903 612.01758 1431.3945 C 613.79909 1432.3943 614.17691 1432.5316 614.29297 1432.2188 C 614.39091 1431.9546 613.97893 1431.47 612.90039 1430.5859 C 612.05742 1429.895 611.09778 1428.9746 610.76953 1428.541 C 610.38355 1428.0315 610.10343 1427.7808 609.86328 1427.791 z M 679.16602 1477.7852 L 676.01562 1479.3828 C 674.28204 1480.261 671.91242 1481.7797 670.75 1482.7578 C 668.83554 1484.3687 668.59745 1484.424 668.22266 1483.3555 C 667.84355 1482.2747 667.7733 1482.2695 667.38281 1483.2871 C 667.14842 1483.8979 666.44014 1484.3984 665.80859 1484.3984 C 664.60143 1484.3984 660.29102 1488.1881 660.29102 1489.25 C 660.29102 1489.5968 661.67279 1489.7101 663.4375 1489.5078 C 665.81848 1489.2348 667.07443 1489.448 668.60352 1490.3867 C 671.78556 1492.3403 674.7975 1497.0746 675.61914 1501.4141 C 676.20234 1504.4943 676.84318 1505.7344 678.83789 1507.6445 C 680.20732 1508.9558 681.72367 1511.1266 682.20898 1512.4688 C 683.22259 1515.2719 685.86193 1516.4841 686.90234 1514.625 C 687.7981 1513.0243 690.10088 1513.298 693.08594 1515.3594 C 694.53646 1516.3611 696.91602 1517.5141 698.37305 1517.9219 C 702.12462 1518.9722 703.07032 1518.9669 703.9668 1517.8867 C 704.40083 1517.3637 705.62966 1516.7423 706.69727 1516.5078 C 708.59327 1516.0913 708.63867 1515.9844 708.63867 1511.9102 C 708.63867 1508.9571 708.33941 1507.4916 707.61523 1506.8906 C 706.88299 1506.2829 706.72263 1505.4614 707.04688 1503.9961 C 707.296 1502.8703 707.55068 1499.6043 707.61328 1496.7402 L 707.72656 1491.5332 L 711.98047 1491.2324 C 714.31981 1491.0663 716.46146 1490.5768 716.74023 1490.1465 C 717.87952 1488.388 716.8389 1487.4168 712.93945 1486.5938 C 704.01391 1484.7101 703.91824 1484.7015 694.93359 1485.1328 C 692.01517 1485.2729 688.73984 1483.8956 682.47852 1479.8984 L 679.16602 1477.7852 z " /><path
   id="Jurong-GRC"
   style="opacity:1;fill:#55d400;fill-opacity:1;stroke:#55d400;stroke-width:0.70246166;stroke-linejoin:miter;stroke-miterlimit:4;stroke-dasharray:none;stroke-opacity:1"
   d="m 677.03446,770.38617 c -4.14778,-3.17688 -6.36302,-3.8563 -11.25681,-3.45248 l -3.16108,0.26084 v -2.76976 c 0,-3.1602 0.50654,-4.10144 3.21874,-5.981 2.42875,-1.68312 4.46242,-1.67771 7.58197,0.0202 5.40303,2.9407 8.73713,7.46042 8.98343,12.17799 0.16921,3.241 -0.86519,3.1917 -5.36625,-0.25575 z m -2.94435,-16.48258 c -3.89345,-2.62958 -5.27984,-4.04442 -5.87748,-5.99808 -0.99235,-3.24392 -1.50084,-4.25461 -2.14057,-4.25461 -0.95726,0 -0.80795,2.61573 0.31848,5.57942 0.94697,2.49152 0.94824,2.55082 0.0733,3.42578 -0.65163,0.65163 -1.82668,0.96119 -4.38226,1.15447 -4.35059,0.32903 -5.35211,-0.33803 -4.8858,-3.25419 0.34628,-2.16548 2.14415,-5.87271 3.39702,-7.00469 1.3827,-1.24928 4.14852,-2.24232 6.2453,-2.24232 1.62381,0 2.0289,0.20708 2.70313,1.38186 0.4362,0.76002 1.63814,1.84667 2.67099,2.41478 1.03285,0.56811 1.95945,1.09907 2.05911,1.17991 0.0997,0.0808 0.24206,0.91399 0.31644,1.85146 0.0746,0.9402 0.8858,2.92048 1.80911,4.41636 0.92063,1.49153 1.67387,2.83817 1.67387,2.99252 0,0.68407 -1.37682,0.1159 -3.98062,-1.64267 z m -54.08955,61.59377 c 0,-0.18483 -0.33784,-2.00336 -0.75075,-4.04118 -0.97315,-4.80269 -0.57243,-6.42693 3.32606,-13.48157 3.55612,-6.43508 4.44931,-9.26897 4.44931,-14.11667 0,-5.93954 -2.02142,-10.29292 -9.84743,-21.20768 -9.07088,-12.65094 -12.19379,-18.31561 -13.07587,-23.71842 -0.35235,-2.15815 -0.33252,-5.29071 0.0702,-11.08744 0.54647,-7.86589 0.53332,-8.17531 -0.49759,-11.70769 -2.13063,-7.3005 -3.18938,-9.0003 -10.96827,-17.60931 -2.52618,-2.79575 -4.9422,-5.61606 -5.36894,-6.26734 -0.75287,-1.14904 -0.73488,-1.2183 0.60662,-2.3351 2.99901,-2.4967 11.41718,-7.8531 15.02411,-9.5597 9.43913,-4.46609 24.3304,-6.60141 34.00609,-4.87629 8.05359,1.43591 18.26073,5.8412 28.85056,12.45161 6.64334,4.14691 11.81268,8.59702 22.75487,19.58886 l 9.33802,9.3804 -1.96218,4.12896 c -1.0792,2.27093 -1.96218,4.389 -1.96218,4.70683 0,1.1035 -1.59409,0.55796 -9.12159,-3.12166 -5.2991,-2.59031 -7.82048,-4.08443 -8.40941,-4.98326 -0.46262,-0.70605 -1.46933,-3.83108 -2.23713,-6.94452 -2.54198,-10.30778 -4.23329,-12.02032 -12.58831,-12.7463 l -3.55551,-0.30895 -0.30522,3.92144 c -0.16787,2.15679 -0.31432,6.13419 -0.32543,8.83867 -0.0111,2.70448 -0.20683,7.64775 -0.43492,10.98505 -0.33825,4.94912 -0.5674,6.17946 -1.24288,6.67339 -1.49538,1.09345 -3.70674,0.71916 -5.97343,-1.01105 -4.3083,-3.28859 -5.65735,-3.74257 -10.83233,-3.64522 -6.23259,0.11724 -7.41709,0.3911 -7.09065,1.6394 0.16227,0.6205 -0.15848,1.45662 -0.89416,2.33094 -0.63096,0.74985 -1.1472,1.66329 -1.1472,2.02989 0,0.42838 -0.50196,0.66653 -1.40492,0.66653 -2.15144,0 -1.74509,2.10058 0.46648,2.4114 0.81204,0.11413 1.41941,0.69742 1.98926,1.91039 1.21089,2.57746 3.92719,3.84175 7.34338,3.41796 5.43809,-0.67463 5.64604,-0.62332 7.97407,1.96744 1.17144,1.30364 3.44701,3.14011 5.05682,4.08105 2.81434,1.64498 3.70086,3.00555 2.45861,3.7733 -0.25757,0.15919 -0.46831,1.82474 -0.46831,3.70124 v 3.4118 l 2.41917,2.76452 c 3.6838,4.20969 4.37665,6.07024 4.34377,11.6646 -0.0259,4.41823 -0.14179,4.96116 -2.0482,9.60031 -3.17292,7.72116 -3.19858,13.33858 -0.0693,15.16617 2.04458,1.19411 7.58462,1.54136 11.8252,0.74122 3.21429,-0.60649 3.26412,-0.60027 4.41515,0.55076 1.61667,1.61667 2.62194,5.07066 1.89827,6.52221 -0.71047,1.42506 -0.18726,1.28436 -29.57452,7.9532 -13.65117,3.09786 -25.1891,5.74348 -25.63985,5.87917 -0.45075,0.13569 -0.81954,0.0955 -0.81954,-0.0894 z m 222.93763,81.48715 c -3.66359,-2.4672 -9.00902,-7.38965 -11.87873,-10.9388 -4.46226,-5.51872 -18.51318,-20.88826 -47.41431,-51.86389 -3.59126,-3.84905 -8.60269,-7.86447 -11.13651,-8.92316 -2.53382,-1.0587 -4.92077,-3.12499 -5.30434,-4.59177 -0.81086,-3.10071 -3.03757,-3.59919 -3.03757,-0.68 0,2.56641 0.65915,2.63276 -19.18517,-1.93108 -12.27053,-2.822 -18.9171,-5.10564 -23.76113,-8.16392 -16.84266,-10.6336 -17.37092,-10.82364 -28.16303,-10.13104 l -9.98326,0.64069 -1.8379,-4.39873 c -2.33667,-5.59242 -5.30611,-7.14341 -13.67637,-7.14341 -7.94864,0 -8.26621,-0.99068 -3.39747,-10.59866 2.59233,-5.11573 3.8162,-6.34397 5.62944,-5.64959 2.51632,0.96362 10.4978,6.01148 13.38462,8.46507 4.41849,3.75539 5.56962,-7.54952 1.84273,-18.09687 -1.27722,-3.61462 -4.40652,-9.78501 -6.95401,-13.71199 -6.10714,-9.41419 -7.46312,-11.97246 -8.80861,-16.61883 -0.83985,-2.90021 -2.30564,-4.23169 -5.76002,-5.23221 -4.55462,-1.3192 -4.57163,-1.35029 -0.9992,-1.82645 4.23496,-0.56447 15.05641,4.90069 20.0254,10.11345 3.04234,3.19159 3.2016,3.93111 1.89436,8.79647 -2.80387,10.43564 5.51072,21.18317 30.30756,39.17588 8.94927,6.49363 16.5096,11.8066 16.80075,11.8066 0.29115,0 3.09118,-3.32061 6.22231,-7.37912 l 5.69295,-7.37913 -7.34058,-6.86005 c -4.03732,-3.77303 -8.9105,-9.05498 -10.82928,-11.73767 -1.91879,-2.68268 -4.68122,-5.2561 -6.13874,-5.7187 -1.45752,-0.4626 -2.65003,-1.30608 -2.65003,-1.87441 0,-1.83936 17.34278,-24.08553 19.38879,-24.87066 1.09036,-0.41841 2.65767,-0.0855 3.48292,0.73971 2.65305,2.65305 5.6121,1.62251 10.90493,-3.79784 5.86027,-6.00146 9.28875,-6.57188 19.98925,-3.32578 9.12757,2.76895 13.8368,2.47844 18.34903,-1.13195 l 3.89936,-3.11999 -4.60016,-6.47659 c -3.0364,-4.27498 -6.72583,-7.49838 -10.85336,-9.48244 -3.43927,-1.65321 -6.25321,-3.49802 -6.25321,-4.09957 0,-3.34346 5.37636,-5.19785 17.55294,-6.05429 l 12.91693,-0.90851 1.32225,3.47776 c 0.72723,1.91276 1.32224,6.73598 1.32224,10.71825 0,5.26059 0.55127,7.45205 2.01599,8.01411 2.09441,0.8037 20.36238,-1.48751 28.44922,-3.56817 2.54981,-0.65604 7.9051,-3.35244 11.90065,-5.99199 5.31076,-3.50842 7.80454,-4.46043 9.27202,-3.53966 2.53002,1.58747 35.29318,43.398 37.94831,48.42752 2.93491,5.55953 1.85697,6.20321 -5.6627,3.38145 -4.56599,-1.71339 -7.81099,-4.01646 -9.84818,-6.98953 -2.70389,-3.94608 -3.89283,-4.52345 -10.80181,-5.24558 -4.26991,-0.44629 -8.85773,-1.39707 -10.19514,-2.11283 -1.78757,-0.95667 -4.64473,-0.43408 -10.7867,1.97294 -5.25484,2.05935 -11.08793,3.28604 -15.72018,3.30591 -10.06046,0.0432 -17.2004,1.88666 -19.38455,5.00498 -1.00476,1.43449 -3.30868,2.98009 -5.11985,3.43467 -2.40674,0.60405 -3.7199,2.2513 -4.87914,6.12047 -0.87235,2.91169 -1.34159,5.49878 -1.04274,5.7491 0.29885,0.25031 4.69606,2.86137 9.77159,5.80236 l 9.22823,5.34725 0.10875,19.08754 0.10875,19.08755 -3.69065,-0.54167 c -4.41855,-0.64851 -8.81325,0.42477 -12.08853,2.95227 -2.25633,1.7412 -1.88174,2.6118 6.12261,14.22968 4.6893,6.80625 9.53556,14.35875 10.76949,16.78332 2.07061,4.06863 2.45662,4.26681 5.00931,2.57188 1.57706,-1.04711 3.45068,-4.5337 4.35926,-8.11204 0.87639,-3.45157 3.28852,-8.04489 5.3603,-10.20735 l 3.76685,-3.93176 6.31208,6.21715 c 6.66846,6.56821 7.79947,9.70933 9.80359,27.22725 0.77048,6.73475 -1.00728,21.1645 -4.57553,37.13859 l -0.81613,3.65364 -6.66108,-4.48583 z"
   inkscape:label="Jurong-GRC" /><path
   style="opacity:1;fill:#55d400;fill-opacity:1;stroke:#55d400;stroke-width:0.70246166;stroke-linejoin:miter;stroke-miterlimit:4;stroke-dasharray:none;stroke-opacity:1"
   d="m 1186.1847,855.26049 c 0,-0.80966 -4.2877,-14.18275 -5.2715,-16.44158 -0.3048,-0.69976 -2.4321,-3.69579 -4.7274,-6.65783 -2.2953,-2.96205 -4.5839,-6.33387 -5.0858,-7.49293 -0.9099,-2.1012 -0.9096,-2.12769 0.1215,-9.02677 0.5687,-3.80566 0.9168,-7.79349 0.7735,-8.86183 -0.1432,-1.06834 -1.6859,-4.85631 -3.4281,-8.41769 -2.5514,-5.2155 -3.3552,-6.47357 -4.1314,-6.46658 -0.5301,0.005 -3.2216,1.34424 -5.9812,2.97662 -4.1608,2.46121 -6.6794,3.51063 -14.7517,6.14633 -15.8635,5.17966 -16.4619,5.27036 -20.3953,3.09099 -1.3484,-0.74707 -3.8991,-1.83765 -5.6682,-2.42352 -2.943,-0.97455 -3.5009,-1.01948 -6.5563,-0.52791 -7.8375,1.26092 -8.8884,1.24988 -11.2224,-0.11794 -1.18,-0.69153 -3.2894,-2.49292 -4.6876,-4.0031 -3.1688,-3.42269 -7.9755,-6.54108 -12.2532,-7.9494 -4.1132,-1.35417 -5.9386,-2.2602 -21.7731,-10.80696 -10.8529,-5.85789 -13.6887,-7.18294 -18.0299,-8.42453 -6.7252,-1.92344 -8.4574,-2.91238 -14.0566,-8.02496 -2.5716,-2.34809 -6.9938,-6.31432 -9.8271,-8.81383 -8.527,-7.52263 -15.0517,-13.83003 -23.66412,-22.87609 -4.49942,-4.72598 -8.34149,-8.87413 -8.53793,-9.2181 -0.2676,-0.46858 0.67182,-0.94998 3.74647,-1.91981 2.25699,-0.71193 4.36892,-1.52554 4.69317,-1.80802 0.32425,-0.28249 0.90132,-2.14316 1.28239,-4.13483 0.83772,-4.37837 1.48713,-5.71754 4.73632,-9.76682 1.38,-1.71987 13.4988,-21.42392 26.9307,-43.78677 13.4318,-22.36286 24.8677,-41.02847 25.413,-41.47912 1.7789,-1.47017 1.9185,-1.56575 2.7516,-1.88387 0.8855,-0.3381 1.338,-1.26167 2.2203,-4.53216 0.6987,-2.59006 3.1539,-5.17476 4.9154,-5.17476 0.6943,0 1.8218,0.29664 2.5054,0.6592 0.6837,0.36256 2.4021,1.20828 3.8187,1.87938 1.4167,0.67109 3.1629,1.70557 3.8805,2.29883 l 1.3048,1.07866 -1.0276,2.68531 c -0.8458,2.21026 -1.3888,2.89701 -3.0695,3.88194 -1.2132,0.71099 -2.8461,1.22404 -4.0236,1.26419 l -1.9818,0.0676 0.1282,2.42812 0.1281,2.42812 -1.5331,0.14758 c -1.2657,0.12184 -1.6096,0.40745 -1.9722,1.63795 -0.4605,1.56285 -1.3009,2.00447 -3.8353,2.01553 -1.722,0.008 -2.7122,0.99188 -2.3011,2.28733 0.2453,0.77287 0.8728,0.96918 3.9022,1.22088 1.9855,0.16496 3.9261,0.34274 4.3124,0.39507 0.3864,0.0523 0.9379,0.82081 1.2256,1.70774 0.5841,1.80083 1.0956,2.1125 2.7752,1.69095 0.7788,-0.19548 1.1506,-0.61648 1.1506,-1.30285 0,-1.31911 1.4254,-6.53166 1.9846,-7.25735 0.2382,-0.30919 1.5899,-1.21504 3.0038,-2.01299 1.4139,-0.79795 3.7676,-2.63104 5.2304,-4.07354 2.4401,-2.40623 5.4748,-4.2732 6.0351,-3.71289 0.3089,0.30882 -0.6074,3.10395 -2.3025,7.02433 -1.2817,2.96445 -1.3319,3.27892 -0.6348,3.97605 0.6971,0.69713 0.9134,0.57304 2.7351,-1.56893 1.088,-1.27925 2.9004,-3.2659 4.0276,-4.41477 l 2.0494,-2.08884 0.9166,1.25825 c 0.9148,1.25585 0.9279,1.25818 6.8484,1.21195 3.2625,-0.0255 7.0909,-0.18353 8.5076,-0.35123 l 2.5757,-0.30492 0.146,-2.03292 0.1461,-2.03292 2.6638,0.2674 c 1.4651,0.14708 4.3497,0.39732 6.4102,0.55611 7.8337,0.60367 13.8601,2.37293 37.9424,11.13934 9.9604,3.62578 10.6592,3.78136 21.2985,4.74186 15.1714,1.36965 19.2058,2.80091 29.4054,10.43195 6.2593,4.68302 12.5718,10.27679 14.1293,12.52057 0.7151,1.03028 2.1812,3.6278 3.2579,5.77227 2.4993,4.97789 4.8931,7.57167 8.4689,9.17642 2.6043,1.16871 2.8087,1.37207 2.8087,2.79393 0,2.78298 1.7698,11.23509 3.0509,14.57062 1.2181,3.17147 3.6146,9.91621 9.8344,27.67765 l 2.9686,8.47703 -5.2342,0.30161 c -2.8788,0.16589 -7.8684,0.32349 -11.088,0.35022 -3.2196,0.0267 -7.6451,0.18575 -9.8345,0.35336 l -3.9806,0.30475 -0.4908,4.91724 c -0.27,2.70447 -0.8495,5.73324 -1.2879,6.73057 -0.4383,0.99734 -0.797,1.97833 -0.797,2.17997 0,0.20163 0.8957,0.88672 1.9903,1.52241 1.9104,1.10937 2.4324,1.16846 12.9956,1.47106 6.0529,0.1734 11.5829,0.54106 12.2889,0.81704 0.7061,0.27597 1.7243,1.21455 2.2627,2.08574 0.5384,0.87119 1.2826,1.58398 1.6537,1.58398 0.3711,0 1.5827,-0.83698 2.6925,-1.85994 l 2.0178,-1.85995 2.1613,1.50434 c 1.1888,0.82739 2.2911,1.92778 2.4496,2.44533 0.2945,0.96152 1.0924,22.13701 1.1404,30.26437 l 0.027,4.50308 -3.161,0.24527 c -2.0651,0.16021 -5.8404,1.14434 -10.8882,2.83825 -8.1854,2.74678 -12.8649,3.81529 -14.9102,3.40457 -1.1671,-0.23438 -12.4089,-1.23048 -21.7822,-1.93007 l -4.1451,-0.30936 -1.5917,1.54277 c -2.5806,2.50117 -2.3163,2.86352 4.6133,6.32609 3.4128,1.70529 6.281,3.17003 6.3737,3.25497 0.093,0.085 -1.5405,2.2447 -3.6294,4.79945 -2.0889,2.55475 -3.798,4.95492 -3.798,5.3337 0,0.37878 0.842,1.36527 1.871,2.19219 2.3439,1.88368 7.9018,8.7212 8.1785,10.06161 0.1138,0.55099 0.4291,3.04898 0.7008,5.55109 0.2717,2.5021 0.7379,5.08454 1.0359,5.73875 0.2981,0.65421 0.4551,1.2692 0.3488,1.36665 -0.3736,0.34277 -12.8766,6.00397 -16.1906,7.33095 -7.4971,3.00192 -14.5314,8.38338 -16.9619,12.97637 -0.6555,1.23884 -1.4612,1.38739 -1.4612,0.26941 z M 1063.8772,746.74482 c 2.295,-2.36681 3.3573,-3.82282 3.3573,-4.60145 0,-1.57362 1.8158,-3.17056 3.4608,-3.04362 1.7201,0.13276 2.641,-1.12561 1.8042,-2.46549 -0.8445,-1.35238 -0.7217,-1.52605 0.5092,-0.71959 1.9951,1.30731 2.4085,-0.87138 0.612,-3.22659 -0.7949,-1.04218 -1.0044,-1.72725 -0.7438,-2.43181 0.6576,-1.77759 7.6948,-4.20397 11.1897,-3.85813 1.381,0.13666 1.6693,0.38203 2.0115,1.71178 0.4193,1.62922 1.5879,1.92126 2.2215,0.55514 1.705,-3.67654 1.4677,-3.49106 4.9045,-3.83246 3.139,-0.31182 3.3111,-0.27171 6.6157,1.54194 1.866,1.02415 3.6477,2.16922 3.9593,2.54461 0.3115,0.37539 1.2479,0.68252 2.0808,0.68252 1.9633,0 5.3002,2.52228 7.0947,5.36268 1.6672,2.63891 3.2878,2.99449 2.772,0.60825 -0.1809,-0.8371 -0.4472,-2.32344 -0.5918,-3.30298 l -0.2629,-1.78098 3.4602,0.26899 c 4.137,0.32161 4.8421,0.93254 4.3409,3.76127 -0.5713,3.22485 -0.4914,3.73521 0.6097,3.89196 1.702,0.24232 3.8952,-1.17126 3.8952,-2.51065 0,-1.42816 1.4473,-2.08377 4.6001,-2.08377 1.927,0 2.7614,-0.3771 6.7782,-3.06318 l 4.5806,-3.06317 -1.0314,-1.50283 c -0.5674,-0.82655 -1.4712,-1.99489 -2.0086,-2.5963 l -0.9771,-1.09347 1.0706,-0.86852 c 0.5889,-0.47769 2.2085,-1.19931 3.5992,-1.6036 1.7089,-0.49679 2.6241,-1.03594 2.8232,-1.6632 0.4588,-1.44547 -0.109,-1.87139 -2.4856,-1.8647 -1.2086,0.003 -3.3768,-0.12009 -4.8182,-0.27443 l -2.6207,-0.28062 -1.2956,-3.35607 c -1.7062,-4.41937 -5.5567,-9.67822 -7.0863,-9.67822 -0.9971,0 -0.3867,2.04509 1.567,5.25055 2.0555,3.37239 2.4252,6.08748 1.2259,9.0035 -1.0534,2.56129 -1.9955,2.72968 -4.0086,0.71652 -0.9715,-0.97149 -1.6999,-1.33142 -2.3055,-1.13921 -0.487,0.15454 -0.8854,0.45498 -0.8854,0.66763 0,0.6847 -1.5032,0.98828 -2.1667,0.4376 -0.3537,-0.29356 -0.6431,-1.03175 -0.6431,-1.64044 0,-0.60869 -0.2602,-2.07933 -0.5781,-3.2681 -0.5363,-2.00533 -0.5069,-2.21904 0.4079,-2.95979 1.4841,-1.20174 1.838,-2.78744 0.7981,-3.57545 -1.1232,-0.85107 -1.5645,-0.84558 -1.5645,0.0195 0,2.43358 -3.5781,-1.63477 -4.378,-4.97783 -0.2095,-0.87584 0,-1.6017 0.7143,-2.51398 0.9406,-1.19581 1.178,-1.26274 3.5071,-0.98901 2.2339,0.26256 2.4981,0.20085 2.4981,-0.58347 0,-0.60807 -0.6464,-1.12393 -2.1074,-1.6819 -1.6945,-0.64713 -2.1074,-1.02662 -2.1074,-1.93686 0,-1.63205 -1.4303,-1.42378 -2.5756,0.37505 -1.3255,2.08172 -1.8341,2.06169 -2.8138,-0.1108 -0.6576,-1.45828 -1.0901,-1.8757 -1.8333,-1.76947 -0.8664,0.12385 -0.9562,0.40764 -0.8221,2.59765 0.097,1.5814 -0.035,2.45861 -0.3699,2.45861 -0.8773,0 -4.2296,-1.86341 -4.2296,-2.35105 0,-0.25234 -0.6322,-0.45879 -1.4049,-0.45879 -0.7727,0 -1.4049,0.10753 -1.4049,0.23896 0,0.13142 0.7376,1.28832 1.6391,2.57088 0.9015,1.28257 1.639,2.55559 1.639,2.82894 0,0.76235 -3.0244,1.85414 -5.1363,1.85414 -1.5405,0 -1.8883,0.16328 -1.8883,0.88651 0,0.48759 0.3334,1.01443 0.7408,1.17077 1.2087,0.46384 5.5621,0.32387 7.1507,-0.2299 1.2195,-0.42513 1.779,-0.3585 3.231,0.38484 1.5224,0.77944 1.8993,1.32338 2.8332,4.09005 1.404,4.15889 1.8192,8.60545 0.9151,9.80093 -1.6018,2.11807 -8.7976,0.57899 -9.1666,-1.9606 -0.1046,-0.72037 -0.4745,-1.02998 -1.2305,-1.02998 -1.5174,0 -2.1398,-0.95565 -2.0098,-3.08554 0.097,-1.58871 -0.029,-1.85154 -0.9531,-1.98272 -0.8694,-0.12345 -1.2369,0.23731 -2.0009,1.96452 -1.3945,3.15248 -2.9376,4.17776 -5.9198,3.93321 -1.9909,-0.16326 -2.7729,-0.50961 -4.3332,-1.91926 -2.1966,-1.98455 -2.9282,-2.11719 -3.8682,-0.7014 -0.4433,0.6676 -0.9469,0.91485 -1.4614,0.71743 -1.1546,-0.44309 -3.1731,-5.3168 -3.4649,-8.36631 -0.2354,-2.46015 -0.3861,-2.7364 -2.1077,-3.86354 -1.0198,-0.66766 -2.0459,-1.21393 -2.2804,-1.21393 -0.7591,0 -0.4548,1.36797 0.8616,3.87216 1.1426,2.17371 1.2878,2.95169 1.2878,6.89892 0,5.10599 -0.6705,7.21015 -2.6184,8.21747 -1.8155,0.93885 -3.8784,0.85259 -7.4502,-0.31155 -5.9914,-1.95276 -6.2896,-2.18395 -6.5717,-5.09608 -0.187,-1.92947 -0.6487,-3.13162 -1.8403,-4.79151 -1.4426,-2.00967 -1.583,-2.49181 -1.5089,-5.18214 0.056,-2.02157 -0.1412,-3.25484 -0.6184,-3.87218 -0.6733,-0.8712 -0.7253,-0.87342 -1.3579,-0.0579 -0.756,0.9746 -1.2282,5.4742 -1.1302,10.77028 0.058,3.13228 -0.072,3.79663 -0.9054,4.63011 l -0.9731,0.9731 -2.1474,-1.75959 c -1.181,-0.96778 -2.1473,-2.0219 -2.1473,-2.34249 0,-1.06585 -1.9263,-3.05074 -2.9609,-3.05104 -0.5609,-1.6e-4 -2.1788,-0.90332 -3.5954,-2.00702 -3.5784,-2.78791 -6.7381,-4.54899 -8.1617,-4.54899 -1.1702,0 -1.2045,0.0866 -1.2045,3.044 0,2.58604 0.1233,3.04432 0.8195,3.0461 1.183,0.003 6.4119,4.82306 7.3291,6.75593 0.7484,1.57706 0.7409,1.67988 -0.1903,2.61109 -0.777,0.77695 -0.909,1.31446 -0.6652,2.70768 0.435,2.48563 1.2388,2.92528 5.1362,2.80906 2.5212,-0.0752 3.6601,0.10166 4.5936,0.71327 1.5301,1.00256 1.5401,1.46917 0.083,3.83564 -1.1192,1.81707 -1.481,4.06407 -0.8988,5.58139 0.4456,1.16105 1.9564,0.86911 2.8313,-0.54708 1.4548,-2.35498 4.8473,-5.26846 6.1346,-5.26846 1.9185,0 7.3215,1.00939 7.9093,1.47762 0.2939,0.23418 0.6794,1.39226 0.8565,2.5735 0.2752,1.83522 0.1123,2.5739 -1.1198,5.07669 -0.7931,1.61094 -1.442,3.29638 -1.442,3.74544 0,0.44906 -1.012,2.1091 -2.2488,3.68899 -2.8878,3.6886 -2.9597,3.81774 -2.6198,4.7035 0.5489,1.43056 1.9253,0.71914 5.2578,-2.71767 z"
   id="Bishan-Toa-Payoh-GRC"
   inkscape:connector-curvature="0"
   inkscape:label="Bishan-Toa-Payoh-GRC" /><path
   id="Sembawang-GRC"
   style="opacity:1;fill:#55d400;fill-opacity:1;stroke:#55d400;stroke-width:0.99343085;stroke-linejoin:miter;stroke-miterlimit:4;stroke-dasharray:none;stroke-opacity:1"
   d="m 1271.92,304.18897 c -2.7245,-2.06103 -4.2476,-4.16653 -4.2885,-5.92847 -0.013,-0.55543 -1.3745,-2.28122 -3.0257,-3.83509 -1.6513,-1.55387 -3.1685,-3.65643 -3.3717,-4.67237 -0.2315,-1.15727 -1.9208,-3.23478 -4.5234,-5.56255 -4.3298,-3.87274 -6.0215,-7.33649 -4.9374,-10.10955 1.2138,-3.10501 0.2964,-6.25274 -3.6612,-12.56093 -0.9141,-1.45703 -2.3405,-4.07737 -3.1698,-5.82298 -1.152,-2.42496 -1.9551,-3.26841 -3.4034,-3.57466 -1.5191,-0.32122 -1.6884,-0.51678 -0.8524,-0.98462 1.9718,-1.10349 5.7235,1.31479 11.5294,7.43172 5.7792,6.08865 8.9913,10.42669 11.751,15.86975 0.8324,1.6417 3.526,5.21805 5.9858,7.94745 5.025,5.57582 8.096,11.39794 8.6994,16.49265 0.3715,3.13685 0.2459,3.59755 -1.4691,5.38762 -1.0315,1.0766 -2.0431,1.94917 -2.2482,1.93903 -0.205,-0.0101 -1.5617,-0.91778 -3.0148,-2.017 z m -83.7865,97.76744 c 0,-0.89305 3.5054,-8.0889 4.4475,-9.13001 1.013,-1.11935 0.937,-1.34741 -1.1858,-3.55601 -2.9833,-3.10398 -5.2589,-4.23381 -8.5271,-4.23381 h -2.682 v -6.00413 c 0,-3.30227 0.3438,-6.6551 0.7641,-7.45073 0.4202,-0.79563 2.9535,-3.78106 5.6294,-6.63429 l 4.8654,-5.18767 -0.029,-6.40235 c -0.045,-10.08404 -0.5709,-11.82172 -4.709,-15.57104 -1.9474,-1.76447 -4.2113,-3.47076 -5.0309,-3.79176 -1.2723,-0.49836 -1.4901,-1.07387 -1.4901,-3.93812 0,-3.26439 0.1103,-3.456 4.1094,-7.13598 2.2602,-2.07983 6.1122,-5.67141 8.5599,-7.98128 3.5459,-3.34626 4.7368,-4.10886 5.8597,-3.75245 1.1311,0.35899 1.255,0.63335 0.6273,1.38957 -0.4301,0.51825 -1.5634,1.31497 -2.5184,1.77049 -2.027,0.9668 -2.7582,4.05429 -1.11,4.68677 0.6884,0.26417 1.0293,0.0124 1.0293,-0.7604 0,-0.71262 1.0786,-1.65637 2.8146,-2.46279 2.4671,-1.14595 2.8809,-1.65508 3.3504,-4.12215 0.4301,-2.2594 0.8221,-2.8276 1.987,-2.87999 4.5391,-0.20413 4.765,-0.28294 4.9713,-1.73412 0.2691,-1.89242 4.0899,-2.75597 6.4961,-1.46821 1.4816,0.79296 1.7841,0.70919 3.2853,-0.90981 1.7095,-1.84359 3.2066,-2.27189 3.9179,-1.12089 0.7017,1.1354 1.5481,0.72484 1.2056,-0.58482 -0.2061,-0.78795 0.2004,-1.61593 1.1041,-2.24886 0.8893,-0.62288 1.1613,-1.16793 0.7192,-1.44113 -1.359,-0.83992 -0.6872,-2.12037 3.4284,-6.53419 3.9413,-4.22686 4.2836,-4.43889 7.1552,-4.43144 2.5433,0.007 3.3313,0.3452 5.0277,2.16027 2.8938,3.09623 4.8676,6.14308 4.893,7.55296 0.03,1.63711 1.5912,3.36836 5.8177,6.44964 2.2365,1.63049 4.2535,3.86415 5.5271,6.12079 1.103,1.95436 2.2388,3.55337 2.5241,3.55337 0.2853,0 0.8757,0.86171 1.3119,1.91491 0.6263,1.51197 0.6145,2.20098 -0.056,3.27439 -0.7149,1.14466 -0.6705,1.55671 0.2806,2.60768 1.3916,1.53768 1.4298,2.13733 0.1362,2.13733 -0.5464,0 -0.9935,0.48698 -0.9935,1.08217 0,2.64588 -1.5604,6.11897 -2.9048,6.4652 -0.77,0.19832 -1.9961,1.26269 -2.7246,2.36528 -0.7285,1.10259 -1.7865,2.00557 -2.3511,2.00662 -1.8215,0.003 -2.6161,1.5153 -2.6161,4.97761 0,2.90256 -0.2855,3.65978 -1.9991,5.30153 -1.1352,1.08751 -2.753,1.92824 -3.7433,1.9452 -1.4702,0.0252 -1.8991,0.49806 -2.7308,3.01017 -0.5427,1.63916 -1.2237,3.57635 -1.5134,4.30486 -0.2897,0.72852 -0.711,1.98406 -0.9363,2.79009 l -0.4096,1.46552 -3.7713,-1.69775 c -5.6238,-2.53168 -7.2892,-2.91746 -9.0772,-2.10274 -1.8411,0.83885 -2.9641,4.97458 -2.9873,11.00194 -0.018,4.75859 -1.1213,7.1868 -7.7677,17.10001 -7.2498,10.81329 -9.4454,12.70622 -17.7158,15.27307 -7.5908,2.35592 -10.2655,3.02332 -10.2655,2.56148 z m -243.05937,-36.564 c -9.35965,-4.78034 -15.06689,-7.28075 -18.3738,-8.04978 -3.30169,-0.76783 -4.79836,-1.42294 -4.80158,-2.10169 -0.003,-0.54239 1.24688,-6.13044 2.77656,-12.41789 l 2.78123,-11.43174 h 3.86243 c 2.51223,0 3.95169,-0.28939 4.11777,-0.82786 0.14044,-0.45532 0.6554,-2.16899 1.14437,-3.80815 0.80598,-2.70187 1.06296,-2.9618 2.75083,-2.78234 1.02398,0.10888 2.9584,0.55592 4.2987,0.99343 2.02258,0.66023 2.47067,1.14074 2.63537,2.82607 0.16917,1.73104 0.73311,2.29281 3.82282,3.80815 1.99341,0.97766 3.74882,1.77756 3.90091,1.77756 0.15208,0 2.56305,-4.02172 5.3577,-8.93717 l 5.08117,-8.93717 -0.47946,-8.62025 c -0.26371,-4.74112 -0.75701,-8.79176 -1.0962,-9.00139 -0.33921,-0.20964 -5.59581,-0.0237 -11.68135,0.41322 -9.14544,0.65659 -11.86875,1.10158 -15.70063,2.56549 l -4.63601,1.77111 0.21889,2.47188 c 0.12039,1.35954 -0.29759,4.6627 -0.92885,7.34037 l -1.14775,4.86848 -5.13629,1.1731 c -5.69838,1.30148 -9.19768,1.04622 -13.10097,-0.95565 -3.72829,-1.91212 -5.51208,-4.20631 -5.89212,-7.57802 -0.37653,-3.34054 0.0433,-4.19746 6.59,-13.45086 2.10833,-2.98003 3.82935,-5.81131 3.82448,-6.29173 -0.0113,-1.11513 -7.44374,-7.21775 -10.91888,-8.96527 -1.45703,-0.73268 -3.84127,-1.70666 -5.2983,-2.16438 -4.60338,-1.44616 -6.67134,-3.13664 -8.85973,-7.24249 -2.25016,-4.22171 -5.38294,-7.33714 -7.37803,-7.33714 -1.76913,0 -2.12113,-0.94762 -1.40891,-3.79287 1.5762,-6.29673 1.68576,-5.79423 -2.217,-10.16814 -2.00614,-2.24832 -3.64753,-4.31772 -3.64753,-4.59867 0,-0.28095 0.9686,-0.46686 2.15244,-0.41316 1.73666,0.0788 2.19169,-0.17783 2.35568,-1.32853 0.11324,-0.79456 1.43316,-2.26031 2.9803,-3.30958 1.52737,-1.03585 2.92605,-2.06631 3.10818,-2.2899 0.18213,-0.22358 3.90749,-2.5156 8.27859,-5.09337 4.84571,-2.85766 10.33547,-6.82089 14.06619,-10.15482 6.58767,-5.88704 25.87386,-19.75387 32.1928,-23.14673 5.09453,-2.73543 26.06756,-16.58907 28.47775,-18.81085 1.03683,-0.95578 1.9576,-2.24322 2.04614,-2.86097 0.0992,-0.69181 0.88957,-1.20867 2.05802,-1.34577 1.04338,-0.12242 2.46931,-0.62342 3.16873,-1.11332 0.97074,-0.67992 1.55606,-0.71314 2.47326,-0.14033 1.59757,0.99769 3.89005,-0.21013 8.16633,-4.30255 2.12523,-2.03385 4.91311,-3.80188 7.96235,-5.0496 6.74497,-2.75999 8.25737,-3.02372 9.72467,-1.69583 1.0123,0.91612 1.4167,0.96566 2.2483,0.27544 0.7367,-0.61142 0.8212,-1.07397 0.3087,-1.69142 -0.8228,-0.9915 -0.9136,-0.95703 7.8329,-2.97527 4.5228,-1.04362 6.3817,-1.22734 7.0241,-0.69422 0.4805,0.39874 1.7361,0.83881 2.7904,0.97791 1.0542,0.13911 2.4402,0.46892 3.0799,0.73291 0.6397,0.26399 3.024,0.004 5.2983,-0.57789 9.7822,-2.50252 26.076,-3.04494 32.4381,-1.07987 6.3535,1.9624 15.8792,6.52912 15.59,7.47404 -0.1365,0.44581 -1.5156,1.45778 -3.0648,2.24881 -5.5727,2.84557 -9.466,6.40814 -13.1217,12.00697 -2.5979,3.97874 -2.6203,5.29322 -0.1144,6.69975 2.1289,1.19494 2.8346,0.73295 6.5379,-4.27997 1.5783,-2.13645 3.6871,-3.97461 5.8433,-5.09328 l 3.3738,-1.75037 1.3298,1.69062 c 0.8517,1.08269 1.7126,1.54376 2.3942,1.2822 0.5854,-0.22463 1.8913,0.0801 2.902,0.67709 l 1.8376,1.08551 -1.5583,2.72479 c -0.857,1.49863 -1.5618,3.03793 -1.5662,3.42067 -0.01,0.64882 5.3407,3.60898 6.5203,3.60898 0.2928,0 3.3396,-5.05665 6.7708,-11.23699 3.4311,-6.18034 6.4529,-11.24684 6.715,-11.25888 0.2622,-0.012 7.8979,4.15911 16.9683,9.26923 16.3273,9.19851 16.5401,9.29431 21.3453,9.6114 4.2957,0.28346 5.3524,0.63997 9.1921,3.10107 7.0384,4.51145 11.5975,8.18713 13.3203,10.73941 1.6586,2.45699 3.7684,3.47939 5.6724,2.74876 1.2141,-0.46591 10.3543,5.4169 9.8027,6.30927 -0.7306,1.18219 13.3018,9.85737 15.9447,9.85737 2.2512,0 9.3194,4.10216 11.5289,6.69106 2.3751,2.78297 6.0195,11.92313 6.0195,15.09697 0,1.08866 -0.6672,2.4502 -1.6557,3.37888 -0.9107,0.85551 -1.6557,1.20549 -1.6557,0.77773 0,-1.12803 -1.9602,-0.95555 -2.4082,0.2119 -0.2089,0.54429 -0.6524,0.82113 -0.9856,0.6152 -1.3229,-0.81758 -5.1466,1.13852 -6.0017,3.07022 -1.1051,2.49659 -4.3788,3.28406 -6.8691,1.65234 -1.9998,-1.31035 -2.7771,-2.96135 -1.7059,-3.6234 0.8789,-0.54321 0.2797,-4.69085 -0.6777,-4.69085 -1.1933,0 -1.7442,-2.93554 -0.8045,-4.28666 1.22,-1.75404 1.1499,-2.17037 -0.4508,-2.67842 -1.048,-0.33262 -1.1907,-0.63483 -0.6229,-1.319 0.442,-0.53257 0.5593,-1.83244 0.2934,-3.25013 -0.4035,-2.1508 -0.6,-2.32504 -2.1919,-1.94371 -2.4146,0.5784 -4.3059,2.66523 -3.6927,4.07458 0.2691,0.61861 0.8319,4.03661 1.2505,7.59556 0.6233,5.29822 0.5964,6.85841 -0.1485,8.60973 -0.5004,1.17641 -0.9627,3.82264 -1.0273,5.8805 -0.1149,3.66 -0.052,3.79906 2.8737,6.37747 1.6452,1.44974 3.4093,3.41689 3.9201,4.37144 1.0419,1.94677 1.8814,2.14306 3.6463,0.85252 1.1675,-0.85366 1.1676,-0.94726 0,-2.81472 -0.6618,-1.06243 -1.7952,-2.60108 -2.5186,-3.41923 -1.8244,-2.06331 -1.0208,-2.48186 2.4769,-1.29007 2.5675,0.87482 3.5038,0.89291 6.8243,0.13182 7.2117,-1.65295 9.1234,-2.25087 9.3477,-2.92354 0.1232,-0.36974 1.1716,-1.25114 2.3296,-1.95867 1.8363,-1.12185 2.614,-1.20543 6.0794,-0.65339 2.1855,0.34816 4.642,1.07014 5.4587,1.6044 1.4638,0.9575 4.8067,6.75688 4.8067,8.33884 0,0.44685 0.7687,3.27888 1.7082,6.2934 0.9395,3.01451 1.6101,5.93311 1.4902,6.48576 -0.2329,1.07145 -7.7725,9.55324 -13.7953,15.51872 -4.0453,4.00686 -8.9155,7.3595 -10.6906,7.3595 -0.6376,0 -3.4133,1.16638 -6.1681,2.59195 -2.7549,1.42558 -6.1983,2.79291 -7.652,3.03851 -2.1592,0.36479 -2.6431,0.71702 -2.6431,1.92385 0,1.01487 -1.8829,3.20407 -6.0154,6.99377 l -6.0155,5.51647 -1.8668,-1.91925 c -11.486,-11.80843 -15.1787,-16.39855 -17.645,-21.93357 -2.0014,-4.49174 -2.3443,-5.77811 -1.6057,-6.0243 1.1993,-0.39978 5.3315,-4.87618 5.309,-5.75118 -0.01,-0.36426 -4.6776,-4.0565 -10.3737,-8.20497 -8.3708,-6.0965 -10.5574,-7.40519 -11.4042,-6.82555 -0.5762,0.39443 -6.4122,3.97999 -12.9688,7.96791 -6.5567,3.98791 -12.5429,7.81882 -13.3027,8.51312 -0.8385,0.76622 -1.9539,3.46241 -2.8378,6.85994 -2.4957,9.59315 -6.1805,14.74953 -12.7218,17.80277 -2.3968,1.11869 -4.7065,2.03399 -5.1328,2.03399 -0.4262,0 -0.775,0.41516 -0.775,0.92257 0,2.07882 -5.8843,2.37388 -9.0345,0.45302 -1.1443,-0.69774 -4.301,-4.04945 -7.0149,-7.44826 -5.8856,-7.37089 -13.1561,-14.38399 -19.8177,-19.11614 -5.6451,-4.01006 -22.6579,-12.55022 -25.4067,-12.75379 -1.8609,-0.1378 -1.8823,-0.0953 -2.6672,5.28602 -0.5394,3.69817 -1.3984,6.47427 -2.6985,8.72161 -1.049,1.81316 -9.656,12.17893 -19.1267,23.03504 -9.4707,10.85611 -21.49706,24.66412 -26.72524,30.68449 -12.36406,14.23746 -25.47906,29.17595 -25.54413,29.09576 -0.0282,-0.0348 -6.16091,-3.18364 -13.6282,-6.99747 z"
   inkscape:label="Sembawang-GRC" /><path
   id="Nee-Soon-GRC"
   style="opacity:1;fill:#55d400;fill-opacity:1;stroke:#55d400;stroke-width:0.99343085;stroke-linejoin:miter;stroke-miterlimit:4;stroke-dasharray:none;stroke-opacity:1"
   d="m 1139.2312,496.4664 c 0.536,-0.63745 3.0385,-3.49293 5.561,-6.3455 4.4126,-4.98988 4.6745,-5.17118 6.91,-4.78217 1.2779,0.22238 3.0192,0.49398 3.8695,0.60354 1.0969,0.14136 1.9177,1.0298 2.8264,3.05949 0.7044,1.57316 1.1478,2.99309 0.9855,3.15541 -0.2419,0.24187 -19.9736,5.39956 -20.8587,5.45226 -0.1475,0.009 0.1703,-0.50558 0.7063,-1.14303 z m -2.4249,124.56139 c -6.8035,-2.34634 -13.0102,-3.52699 -20.9209,-3.97961 l -7.0226,-0.4018 -0.4017,2.00854 -0.4017,2.00855 -6.6905,0.47886 c -6.2669,0.44854 -9.3186,0.0775 -6.1588,-0.74874 1.9486,-0.50958 6.7523,-13.46716 5.0048,-13.50018 -0.2732,-0.005 -2.2309,-1.64433 -4.3505,-3.64258 -2.1196,-1.99826 -4.1645,-3.63319 -4.5442,-3.63319 -1.1428,0 0.082,-4.8103 1.6632,-6.52942 l 1.4365,-1.56226 -1.4901,-1.0021 c -0.8196,-0.55115 -1.4902,-1.54421 -1.4902,-2.20681 0,-1.51659 -0.7851,-2.02558 -1.9828,-1.28538 -0.5384,0.33275 -1.4479,0.29311 -2.1726,-0.0947 -0.6855,-0.36689 -1.6702,-0.50443 -2.1882,-0.30565 -0.7759,0.29773 -0.6961,0.833 0.453,3.03767 1.7363,3.33099 1.3055,5.97492 -0.9734,5.97492 -0.8472,0 -2.0799,-0.59606 -2.7392,-1.32457 -0.6593,-0.72852 -1.7485,-1.32458 -2.4206,-1.32458 -1.3742,0 -1.4679,0.26851 -0.6513,1.86483 0.3139,0.6135 0.7666,1.93505 1.0061,2.93676 0.4023,1.68282 0.2823,1.82129 -1.5773,1.82129 -2.423,0 -6.0344,-2.2164 -9.5316,-5.84971 -2.3888,-2.48173 -2.5782,-2.9593 -2.5782,-6.50039 0,-3.66286 0.1148,-3.92081 2.7609,-6.1998 2.6351,-2.26947 2.7367,-2.49504 2.2276,-4.94551 -0.2934,-1.41217 -0.8614,-2.67687 -1.2621,-2.81045 -0.4008,-0.13358 -1.4924,1.06039 -2.4259,2.65326 -2.5082,4.2799 -3.3861,4.84391 -5.4424,3.49654 -0.9287,-0.60852 -1.9951,-1.9104 -2.3697,-2.89306 -0.3746,-0.98266 -6.164,-20.37095 -12.8653,-43.08507 -12.1236,-41.09327 -12.1985,-41.31534 -15.0783,-44.70439 -4.247,-4.99815 -6.0999,-8.16268 -7.7398,-13.21917 -1.1397,-3.51395 -1.6943,-4.42667 -2.5014,-4.11695 -0.5703,0.21887 -2.6229,0.043 -4.5613,-0.39075 l -3.5242,-0.78869 4.9612,-9.42766 c 2.7287,-5.18521 4.9612,-9.71257 4.9612,-10.0608 0,-0.34823 -1.1708,-1.16112 -2.6018,-1.80641 -2.5546,-1.15195 -2.6639,-1.34924 -6.0171,-10.86275 -4.7614,-13.50859 -6.3419,-18.24594 -7.8853,-23.63629 -1.6832,-5.87824 -3.5384,-8.65891 -7.59616,-11.38569 -2.71122,-1.8219 -3.8018,-2.15243 -7.10196,-2.15243 -2.14439,0 -3.89888,-0.086 -3.89888,-0.19111 0,-0.10511 0.56673,-1.30271 1.25939,-2.66132 0.69266,-1.35862 1.10251,-3.07011 0.91077,-3.80331 -0.78615,-3.00628 -10.86561,-10.62757 -22.73915,-17.19356 -3.4395,-1.90202 -6.31356,-3.50839 -6.38679,-3.5697 -0.0732,-0.0613 2.75804,-3.40827 6.29172,-7.43769 3.53369,-4.02942 11.96834,-13.70512 18.74367,-21.50156 6.77534,-7.79644 19.71499,-22.66763 28.75479,-33.04709 17.5631,-20.16584 19.21,-22.61741 19.95,-29.69768 0.2347,-2.24532 0.5068,-4.0824 0.6048,-4.0824 0.098,0 2.6633,1.06152 5.7007,2.35894 15.8004,6.74907 27.0764,15.56975 39.3785,30.80397 5.0254,6.22308 7.3892,7.48467 13.3166,7.10723 3.3585,-0.21384 4.5203,-0.57323 5.3783,-1.66359 0.6019,-0.76494 2.6565,-2.05122 4.5659,-2.85839 6.1601,-2.60422 10.7907,-8.94516 13.3899,-18.33538 l 1.7766,-6.41845 13.2992,-8.07986 13.2991,-8.07985 8.1782,5.9424 c 4.498,3.26832 8.4293,6.18671 8.7363,6.48531 0.9204,0.89543 -0.8559,3.39153 -2.9274,4.11368 -1.0646,0.3711 -1.9356,1.07123 -1.9356,1.55585 0,0.48461 1.1982,3.65927 2.6626,7.0548 2.4411,5.65997 3.3767,6.94521 11.2439,15.4457 4.7197,5.09961 8.588,9.52305 8.5963,9.82985 0.01,0.3068 -0.5811,1.31559 -1.3096,2.24175 -2.3652,3.00683 -1.4442,10.77731 1.2773,10.77731 0.7206,0 2.9542,1.56466 4.9637,3.47701 l 3.6536,3.47701 0.4339,7.66532 0.4338,7.66532 -5.0998,5.45329 c -2.805,2.99932 -5.468,6.4046 -5.918,7.56729 -0.5327,1.37677 -0.7247,4.48135 -0.5503,8.90243 l 0.2677,6.78845 h 2.9511 c 3.1997,0 5.8384,1.08589 7.7372,3.18403 1.1755,1.29892 1.1295,1.48962 -1.8117,7.5061 -2.5392,5.19443 -2.8754,6.31565 -2.1202,7.07091 0.7553,0.75526 1.4099,0.73214 4.1281,-0.1458 1.7768,-0.57386 6.5237,-2.09457 10.5488,-3.37935 6.7091,-2.14151 7.5992,-2.62451 10.6934,-5.80235 3.4627,-3.55631 12.6384,-17.18658 14.5095,-21.55354 0.5759,-1.34407 1.2076,-4.977 1.4037,-8.07319 0.3785,-5.97527 0.9896,-7.94745 2.4625,-7.94745 0.4996,0 2.8658,0.87827 5.2583,1.9517 l 4.35,1.9517 -1.2934,2.84988 c -0.7114,1.56744 -1.2999,3.9823 -1.3079,5.36635 -0.022,3.74851 -1.5638,6.2372 -7.1872,11.59868 -4.3043,4.10386 -5.2607,4.73226 -6.2656,4.11685 -2.1953,-1.34438 -3.4621,0.97111 -1.4465,2.64392 0.9053,0.75135 0.9053,0.95416 0,1.95453 -0.5556,0.61391 -1.0102,1.41331 -1.0102,1.77646 0,0.36314 -0.765,1.37893 -1.6999,2.2573 -1.375,1.2917 -1.6244,2.00032 -1.3043,3.70638 0.2212,1.17903 0.095,2.2954 -0.2869,2.53122 -0.3754,0.23203 -0.685,0.92584 -0.6879,1.54179 0,0.61595 -1.3441,2.30244 -2.9803,3.74776 -1.6362,1.44531 -2.975,3.1158 -2.975,3.7122 0,0.59639 -1.5646,2.47204 -3.477,4.16813 -2.8782,2.55269 -3.7908,3.01637 -5.2988,2.69236 -1.3199,-0.28356 -1.9351,-0.0964 -2.2328,0.67942 -0.5677,1.47943 1.5002,3.60847 3.0988,3.19042 1.1043,-0.28878 1.2869,0.0136 1.2869,2.13051 0,2.30498 -0.1094,2.43957 -1.6663,2.04883 -1.3643,-0.34244 -1.7814,-0.11544 -2.3016,1.25278 -0.5496,1.44562 -1.6854,2.02234 -3.4602,1.75694 -0.8893,-0.13298 -3.8307,3.2822 -3.8307,4.4477 0,1.49865 -1.2666,2.75151 -2.7816,2.75151 -0.6557,0 -1.7882,0.59606 -2.5167,1.32457 -1.5061,1.50602 -4.0243,1.71486 -5.9898,0.49672 -1.317,-0.81618 -2.0623,-0.36013 -2.7924,1.70857 -0.2805,0.79487 -5.1259,1.33852 -5.1259,0.57513 0,-0.35149 -0.5215,-0.82205 -1.159,-1.04571 -0.6374,-0.22365 -2.1718,-1.15262 -3.4098,-2.06439 -1.2379,-0.91177 -3.9947,-2.29362 -6.1261,-3.07079 -3.2355,-1.17972 -3.8754,-1.67173 -3.8754,-2.98 0,-1.78846 -1.7952,-2.17484 -2.4291,-0.52281 -0.2204,0.57429 -1.0999,1.31 -1.9545,1.63491 -2.1505,0.81764 -7.9775,-1.09507 -8.4133,-2.76171 -0.4708,-1.80016 -2.9488,-1.61014 -3.2368,0.24821 -0.1887,1.21708 -0.4996,0.90028 -1.6969,-1.72876 -1.3514,-2.96753 -1.6085,-3.18479 -3.2921,-2.78215 -1.0044,0.24021 -3.0183,1.32981 -4.4753,2.42132 -4.0333,3.02145 -8.9911,5.22179 -11.782,5.22898 -1.3805,0.003 -3.6546,0.5904 -5.0535,1.30408 -2.2672,1.15663 -2.5938,1.64232 -3.0066,4.47044 -0.2546,1.74506 -1.4629,5.40805 -2.685,8.13998 -1.2221,2.73194 -2.5702,6.97885 -2.9956,9.4376 -0.4255,2.45874 -1.0411,4.47043 -1.368,4.47043 -0.3268,0 -0.5849,0.67057 -0.5735,1.49015 0.031,2.19299 2.892,4.03035 5.5114,3.53897 3.6086,-0.67699 4.7999,-1.98649 5.7104,-6.27665 0.5725,-2.69764 1.3939,-4.47321 2.5805,-5.57788 2.9903,-2.78392 9.3222,-5.02772 19.4661,-6.89814 2.1259,-0.392 5.9455,0.992 5.5998,2.02906 -0.1297,0.38917 -1.4502,1.31902 -2.9345,2.06633 -1.4843,0.74731 -3.5163,2.17626 -4.5155,3.17545 -0.9991,0.99919 -2.0509,1.8167 -2.3373,1.8167 -0.908,0 -1.9327,4.20398 -1.695,6.95402 0.1259,1.45703 0.2696,3.1707 0.3192,3.80815 0.067,0.86083 0.6742,1.159 2.3601,1.159 1.6708,0 2.637,0.46659 3.6605,1.76773 1.6469,2.09372 1.4825,3.03139 -0.6185,3.52737 -0.8492,0.20046 -1.7759,0.80473 -2.0594,1.34284 -0.2835,0.5381 -2.7704,4.79416 -5.5265,9.45791 -2.7561,4.66375 -5.0112,8.70204 -5.0112,8.97399 0,0.27195 0.3474,0.84177 0.7719,1.26627 0.5875,0.58756 1.7113,-0.68517 4.7073,-5.33142 2.1645,-3.35677 4.0044,-6.17945 4.0887,-6.2726 0.2669,-0.29491 8.8829,4.12285 8.9306,4.57905 0.025,0.23977 -1.9661,2.79871 -4.4249,5.68652 -2.4587,2.88781 -4.7684,5.72254 -5.1327,6.29939 -0.7092,1.12314 -15.7869,5.02124 -25.1669,6.50649 -2.9141,0.46143 -5.5345,1.0383 -5.8231,1.28196 -1.082,0.91338 23.4083,23.46991 31.4867,29.0005 3.5516,2.43141 6.4573,4.61311 6.4573,4.84823 0,0.23511 -1.3411,2.05655 -2.9803,4.04762 -1.6391,1.99108 -2.9802,4.00632 -2.9802,4.47832 0,0.47199 1.0431,2.13114 2.318,3.68699 1.2749,1.55585 2.318,3.09632 2.318,3.42327 0,0.32694 -1.1922,1.26444 -2.6492,2.08334 -1.457,0.8189 -2.6491,1.80614 -2.6491,2.19386 0,0.38772 2.5756,4.22921 5.7237,8.53663 3.8004,5.20007 6.4489,8.17583 7.882,8.85584 1.6694,0.79223 4.5727,1.02416 12.8203,1.02416 9.0358,0 10.662,0.15151 10.662,0.99343 0,0.64003 -0.6479,0.99665 -1.8212,1.00247 -4.7467,0.0236 -5.6798,1.26299 -6.5161,8.65491 -0.3839,3.39252 -0.2222,4.51015 1.0434,7.21215 1.5663,3.34405 2.777,3.99252 7.4545,3.99252 h 1.9819 l -0.4753,5.13272 c -0.2614,2.823 -0.52,5.16452 -0.5745,5.20338 -0.055,0.0389 -3.703,-0.37458 -8.1077,-0.91874 -14.8909,-1.83965 -17.6723,-0.37652 -23.167,12.18701 l -0.6143,1.40461 z"
   inkscape:label="Nee-Soon-GRC" /><path
   id="Tanjong-Pagar-GRC"
   style="opacity:1;fill:#55d400;fill-opacity:1;stroke:#55d400;stroke-width:0.993431;stroke-linejoin:miter;stroke-miterlimit:4;stroke-dasharray:none;stroke-opacity:1"
   inkscape:label="Tanjong-Pagar-GRC"
   d="M 1163.8301 794.22852 C 1163.6452 794.22852 1161.5441 795.40732 1159.1602 796.84961 C 1155.5033 799.06213 1153.0131 800.05711 1143.2266 803.21094 C 1131.0591 807.13203 1126.0053 808.15256 1124.3848 807.01758 C 1122.5547 805.73568 1118.8078 804.06665 1116.2949 803.41211 C 1113.9625 802.80461 1113.1521 802.81761 1108.6191 803.54102 L 1103.5508 804.34961 L 1103.1387 806.09375 C 1102.8945 807.12587 1102.9082 809.09973 1103.1719 810.93359 C 1103.6143 814.01024 1103.6049 814.05773 1101.5977 818.18164 C 1100.4866 820.46467 1099.0181 824.12261 1098.3359 826.31055 C 1097.4255 829.2304 1096.8857 830.28711 1096.3086 830.28711 C 1095.8762 830.28711 1093.0046 829.43718 1089.9258 828.39648 C 1086.847 827.35579 1080.7789 825.56378 1076.4414 824.41602 C 1072.104 823.26825 1068.3748 822.21831 1068.1543 822.08203 C 1067.9338 821.94575 1063.7906 821.41713 1058.9473 820.9082 C 1054.104 820.39927 1048.575 819.76898 1046.6602 819.50781 C 1044.7453 819.24663 1043.0397 819.19539 1042.8711 819.39258 C 1042.7025 819.58977 1042.2744 821.01513 1041.9199 822.56055 C 1041.3341 825.1141 1040.9143 825.74473 1037.3164 829.48047 C 1033.8569 833.07247 1032.7917 833.86119 1028.8711 835.72852 C 1023.6571 838.21192 1022.5113 839.10037 1013.3926 847.73047 C 1009.6499 851.27256 1006.2383 854.17152 1005.8105 854.17188 C 1005.2993 854.17229 1004.3913 852.84766 1003.1621 850.30859 C 1000.0261 843.8308 999.44489 842.28238 999.78516 841.32227 C 999.96213 840.82293 999.81998 839.83883 999.46875 839.13477 C 998.97 838.13502 998.93266 837.2136 999.30078 834.92773 C 999.65469 832.73015 999.62725 831.69944 999.18945 830.79297 C 998.64589 829.6675 998.38386 829.58508 995.33789 829.58008 C 991.11454 829.5725 990.17509 829.19921 988.76953 826.97266 C 987.69278 825.26696 987.65638 825.02375 988.26367 823.57031 L 988.91797 822.00586 L 984.53516 821.43164 L 980.1543 820.85938 L 973.31641 823.4668 C 969.55623 824.90059 966.24221 826.07227 965.95117 826.07227 C 965.66013 826.07227 964.77911 825.4598 963.99414 824.71094 C 963.20917 823.96209 959.44254 820.83056 955.62305 817.75195 L 948.67773 812.1543 L 941.19922 823.21094 C 930.70105 838.72886 926.29378 845.01402 925.78516 845.19336 C 925.54401 845.2784 924.78924 844.90937 924.10742 844.37305 C 922.63682 843.21628 918.77291 841.99609 916.58398 841.99609 L 915.02344 841.99609 L 917.46484 845.39062 C 923.56509 853.87313 925.06294 855.47901 930.01953 858.85547 C 936.0294 862.94943 939.04982 866.62959 940.30273 871.38281 C 940.66138 872.7434 941.08101 873.37211 941.62891 873.37305 C 942.23053 873.37424 942.73508 874.39606 943.6543 877.4707 C 944.81731 881.3608 944.8442 881.68404 944.19141 883.89258 C 943.77575 885.29884 943.68412 886.27754 943.95898 886.36914 C 947.08961 887.41268 954.63738 892.53932 959.83594 897.15234 C 962.65813 899.65665 966.2711 902.83126 967.86523 904.20898 C 969.45937 905.58671 970.76367 906.91313 970.76367 907.15625 C 970.76367 907.95619 966.52727 912.14593 965.44336 912.41797 C 964.85982 912.56443 963.16767 913.22172 961.68164 913.87891 L 958.97852 915.07422 L 960.17383 917.11133 C 960.83052 918.23188 962.22364 921.75564 963.26953 924.94336 C 965.38223 931.38261 966.7219 933.64599 971.69922 939.16992 C 975.90628 943.83901 977.29053 946.17109 977.57422 949.07227 C 977.69643 950.32211 978.00526 958.10243 978.25977 966.36133 C 978.61163 977.77893 978.89812 981.89274 979.45508 983.52734 C 980.40874 986.32619 983.41602 989.29427 986.18164 990.16602 C 987.52826 990.59049 993.45785 991.12449 1002.1406 991.60156 C 1022.7044 992.73143 1035.3446 993.67135 1037.9121 994.26172 C 1039.9066 994.72033 1040.2564 994.68742 1040.6367 994.00781 C 1040.9668 993.41798 1041.4528 993.30012 1042.6328 993.52148 L 1044.1934 993.81445 L 1044.9434 990.51758 C 1045.9442 986.11725 1045.9142 985.29688 1044.7559 985.29688 C 1044.2019 985.29688 1043.8184 984.98525 1043.8184 984.5332 C 1043.8184 984.11285 1043.4041 983.09667 1042.8965 982.27539 L 1041.9727 980.7832 L 1044.1094 978.70898 C 1045.284 977.5681 1046.8593 975.75327 1047.6094 974.67578 C 1048.3596 973.59829 1049.3974 972.58061 1049.916 972.41602 C 1050.4346 972.25143 1051.5901 970.97418 1052.4844 969.57617 C 1053.3787 968.17817 1054.3761 967.03366 1054.7012 967.0332 C 1055.0264 967.0326 1056.7512 968.02746 1058.5332 969.24414 L 1061.7734 971.45508 L 1066.4941 971.63867 C 1069.0908 971.73901 1071.484 972.03879 1071.8125 972.30469 C 1072.26 972.667 1072.3304 973.8271 1072.0957 976.93555 L 1071.7832 981.08203 L 1074.3281 981.08203 C 1076.7163 981.08203 1076.998 981.21018 1078.8887 983.13672 L 1080.9043 985.18945 L 1078.584 987.75195 C 1077.0082 989.49208 1075.9554 991.2294 1075.3008 993.16797 L 1074.3359 996.02148 L 1076.0547 996.58594 C 1078.3217 997.33157 1097.1442 1005.7677 1098.4883 1006.6406 C 1099.5073 1007.3023 1099.514 1007.3719 1098.7852 1009.1934 C 1097.9013 1011.4024 1098.179 1011.911 1100.9492 1013.1602 C 1103.0886 1014.125 1103.1946 1014.583 1101.8789 1017.1621 L 1101.8809 1017.1621 L 1101.1211 1018.5527 C 1116.4874 1018.7384 1129.9538 1018.8914 1141.1562 1018.9766 C 1127.8259 1019.1873 1114.4904 1019.3607 1101.3262 1019.1758 L 1102.1133 1021.2949 C 1102.5382 1022.5866 1103.7473 1023.323 1103.7754 1023.459 L 1103.7754 1023.4609 L 1103.7754 1023.4629 L 1103.7754 1023.4648 L 1103.7754 1023.4668 L 1103.7754 1023.4688 L 1103.7734 1023.4688 L 1103.7734 1023.4707 L 1103.7715 1023.4727 L 1103.7715 1023.4746 L 1103.7695 1023.4746 C 1103.7631 1023.4779 1103.7501 1023.4824 1103.7363 1023.4824 C 1103.7317 1023.4824 1103.728 1023.4815 1103.7246 1023.4824 L 1103.7227 1023.4844 L 1103.7207 1023.4844 L 1103.7188 1023.4863 L 1103.7168 1023.4883 L 1103.7148 1023.4883 L 1103.7129 1023.4902 L 1103.7129 1023.4922 L 1103.7109 1023.4941 C 1103.7108 1023.4949 1103.711 1023.4992 1103.7109 1023.5 L 1103.709 1023.502 C 1103.717 1023.7304 1105.8072 1025.632 1108.5801 1027.9219 C 1111.5378 1030.3644 1113.957 1032.7117 1113.957 1033.1387 C 1113.957 1033.5657 1113.4884 1034.3066 1112.9141 1034.7832 C 1112.0824 1035.4735 1111.9587 1036.415 1112.3066 1039.4121 L 1112.7422 1043.1738 L 1109.873 1045.8594 C 1105.1613 1050.2668 1101.171 1053.232 1098.959 1053.9707 C 1097.2226 1054.5506 1096.824 1055.0749 1096.5645 1057.1211 C 1096.1942 1060.0411 1097.3994 1063.3074 1100.0801 1066.6562 C 1101.1565 1068.0008 1102.0371 1069.3622 1102.0371 1069.6797 C 1102.0371 1070.4347 1098.7867 1073.4515 1096.9688 1074.3848 L 1095.5449 1075.1152 L 1097.3008 1078.4336 C 1098.2665 1080.2583 1099.3182 1081.7578 1099.6387 1081.7578 C 1099.9592 1081.7608 1106.0097 1078.4527 1113.084 1074.4082 L 1125.9453 1067.0547 L 1140.9785 1066.4922 C 1149.2468 1066.1824 1156.9828 1065.9154 1158.168 1065.8984 C 1160.0823 1065.8712 1161.8557 1067.3395 1174.0625 1079.0488 C 1184.4059 1088.9707 1188.01 1092.0566 1188.6445 1091.5371 C 1189.5774 1090.7732 1189.8436 1091.2827 1183.7168 1082.0996 C 1181.7747 1079.1887 1180.2046 1076.5062 1180.2266 1076.1387 C 1180.2484 1075.7712 1181.8582 1074.1318 1183.8047 1072.4941 C 1186.4061 1070.3054 1187.2002 1069.2516 1186.8008 1068.5195 C 1186.5019 1067.9716 1182.9531 1064.2761 1178.916 1060.3066 C 1174.8789 1056.3372 1171.5762 1052.8765 1171.5762 1052.6172 C 1171.5762 1052.3579 1172.7676 1050.792 1174.2246 1049.1367 C 1177.1096 1045.8591 1177.3481 1045.3359 1175.9512 1045.3359 C 1174.6735 1045.3359 1174.6113 1036.01 1175.8457 1029.4414 C 1176.3591 1026.7095 1176.7834 1023.3163 1177.1875 1021.9922 L 1178.2383 1018.5527 C 1178.008 1018.5527 1177.7773 1018.5526 1177.5469 1018.5527 C 1178.078 1018.4718 1178.3683 1018.3795 1178.4082 1018.2754 C 1178.8162 1017.2122 1178.7583 1011.5254 1178.3398 1011.5254 C 1178.1466 1011.5271 1177.3567 1011.9472 1176.584 1012.459 C 1175.8113 1012.9707 1174.9277 1013.3926 1174.6211 1013.3926 C 1174.3144 1013.3943 1172.9319 1011.2899 1171.5469 1008.7148 L 1169.0273 1004.0312 L 1165.0781 1008.9434 C 1162.9063 1011.6446 1160.8672 1013.8594 1160.5449 1013.8594 C 1160.2226 1013.8621 1159.3169 1012.5065 1158.5332 1010.8477 C 1156.9071 1007.406 1155.9939 1006.5614 1149.1895 1002.2031 C 1146.485 1000.4708 1143.5186 998.32842 1142.5996 997.44336 C 1140.7713 995.68257 1138.4564 990.32562 1137.4902 985.61914 C 1136.9405 982.94124 1136.9145 982.90765 1135.918 983.63477 C 1134.3724 984.76252 1133.8024 984.95668 1132.9688 984.63672 C 1132.3497 984.39922 1132.2617 983.92861 1132.502 982.17578 L 1132.7988 980.00977 L 1129.4023 980.3457 C 1125.2028 980.76101 1122.8632 980.69967 1120.1895 980.10156 C 1119.0006 979.83559 1115.9958 979.7721 1113.1348 979.95312 C 1108.3259 980.25742 1108.0852 980.22616 1106.248 979.06641 C 1103.3628 977.24506 1101.0445 976.40058 1098.9062 976.39258 C 1096.0603 976.38203 1095.6366 975.95871 1096.043 973.53125 C 1096.2317 972.40471 1097.0052 969.72467 1097.7617 967.57617 C 1099.1285 963.69429 1099.1325 963.65161 1098.4062 960.75586 C 1098.0044 959.15315 1097.6738 957.19665 1097.6738 956.4082 C 1097.6738 954.74016 1097.5465 954.78139 1105.4785 953.88867 C 1110.1636 953.36138 1111.1141 953.38803 1114.6113 954.14258 C 1116.758 954.60574 1119.3115 955.26458 1120.2852 955.60742 C 1121.7794 956.13347 1122.8742 956.12027 1127.3086 955.51758 C 1139.9931 953.7936 1142.0505 953.67261 1143.0684 954.59375 C 1144.8998 956.25118 1145.3791 959.90159 1144.2539 963.60742 C 1143.9816 964.50414 1144.1955 964.69957 1145.9785 965.17969 C 1147.0974 965.48097 1148.7514 966.10082 1149.6543 966.55859 C 1150.5573 967.01637 1152.4967 967.65823 1153.9648 967.98438 C 1157.1346 968.68858 1158.2954 968.16595 1160.1719 965.19336 C 1161.6236 962.89365 1164.9676 961.61791 1168.3633 962.06836 C 1170.0181 962.28787 1171.6149 962.06349 1174.6445 961.18555 C 1176.8785 960.53816 1178.9949 960.00977 1179.3477 960.00977 C 1180.3684 960.00977 1183.8438 963.8729 1183.8438 965.00781 C 1183.8438 965.57322 1184.0547 966.59154 1184.3125 967.26953 C 1184.8701 968.7362 1185.9419 968.5731 1188.5254 966.62891 C 1190.0232 965.50176 1190.5415 965.39453 1194.5332 965.39453 C 1199.7673 965.39453 1199.4645 965.67454 1203.2559 957.3457 C 1204.6409 954.30321 1206.3542 950.78167 1207.0625 949.52148 C 1208.4808 946.9982 1208.5661 947.25437 1205.6484 945.31641 C 1204.7574 944.7246 1204.7594 944.68562 1205.7969 943.22852 L 1206.8555 941.74414 L 1205.0664 939.56055 C 1204.0828 938.3591 1202.1725 936.21981 1200.8203 934.80664 C 1199.2978 933.21559 1198.3613 931.82185 1198.3613 931.14844 C 1198.3613 930.4964 1199.4657 928.77685 1201.1211 926.85352 C 1203.612 923.95937 1204.001 923.20783 1205.1016 919.16797 C 1205.9597 916.0183 1206.3242 913.52907 1206.3242 910.77344 C 1206.3257 908.61889 1206.5502 906.05395 1206.8223 905.07422 C 1207.2922 903.38202 1225.5163 874.7576 1227.5176 872.56836 L 1228.4668 871.5293 L 1227.123 869.75781 C 1224.336 866.08565 1216.6892 857.44824 1210.4707 850.94531 L 1204.0273 844.20508 L 1200.5312 846.20508 C 1194.3357 849.74986 1191.5748 852.42142 1187.9316 858.39648 C 1185.841 861.82523 1185.0746 861.67254 1184.6113 857.73047 C 1184.4483 856.34378 1183.1401 851.61001 1181.7031 847.21094 L 1179.0898 839.21094 L 1174.4375 833.22852 C 1168.0712 825.03934 1167.904 824.4672 1169.2148 815.41406 C 1169.8845 810.79005 1170.0914 807.8934 1169.8438 806.63867 C 1169.4515 804.65286 1164.4003 794.22852 1163.8301 794.22852 z " /><path
   style="opacity:1;fill:#55d400;fill-opacity:1;stroke:#55d400;stroke-width:0.99343085;stroke-linejoin:miter;stroke-miterlimit:4;stroke-dasharray:none;stroke-opacity:1"
   d="m 1459.536,799.79395 c -0.6601,-6.83384 -0.3107,-6.43439 -32.4842,-37.14112 -13.8653,-13.23326 -16.4182,-15.37804 -21.5243,-18.08333 -7.5097,-3.97876 -8.9417,-5.90206 -10.4155,-13.98936 -2.0221,-11.09643 -3.6214,-17.32217 -5.5705,-21.68511 -1.0577,-2.36768 -2.2127,-5.05257 -2.5666,-5.96643 l -0.6435,-1.66157 -8.1708,0.44906 c -6.4447,0.35419 -8.5548,0.25049 -9.9884,-0.49087 -0.9997,-0.51696 -2.2612,-0.93993 -2.8034,-0.93993 -0.6763,0 -1.1156,-0.98732 -1.3995,-3.14586 -0.2276,-1.73023 -0.4759,-3.59291 -0.5518,-4.1393 -0.1457,-1.04936 -0.043,-1.04403 -11.0367,-0.57256 -8.21,0.35209 -12.29,-0.32883 -18.0039,-3.00468 -2.7992,-1.31084 -5.3941,-2.38334 -5.7666,-2.38334 -0.3725,0 -3.1228,-2.83698 -6.1119,-6.3044 -7.5016,-8.70216 -8.5899,-9.30247 -16.4777,-9.0894 -11.9776,0.32355 -18.9432,1.33787 -24.1916,3.52278 -8.2438,3.43192 -10.8731,5.52657 -19.9793,15.91681 -11.1238,12.69235 -11.6685,13.97433 -9.8091,23.09037 0.6011,2.94747 0.9969,5.63364 0.8794,5.96928 -0.243,0.69443 -11.7311,-31.67182 -12.899,-36.3414 -1.0095,-4.03612 -1.0761,-11.73232 -0.1393,-16.10335 0.4137,-1.93028 2.949,-9.6192 5.634,-17.08649 8.7816,-24.42298 11.3611,-32.07222 11.9292,-35.37634 l 0.5598,-3.2554 8.2786,-2.751 c 4.5533,-1.51305 9.4707,-3.49375 10.9278,-4.40157 7.1429,-4.45046 9.6085,-4.54797 24.9128,-0.98527 7.0606,1.64366 16.5629,3.77885 21.1161,4.74485 4.5533,0.96602 9.6198,2.14298 11.2589,2.61548 1.6392,0.4725 9.0899,2.13334 16.5572,3.69075 7.4673,1.55741 13.9517,3.16589 14.4097,3.5744 0.9714,0.86628 1.2833,4.98176 0.6292,8.30176 -0.4394,2.23009 -0.2205,2.56724 5.7693,8.88946 l 6.226,6.57145 6.7595,-6.23731 6.7595,-6.23731 2.8088,3.10236 c 3.4471,3.80744 4.985,6.92808 4.985,10.11545 0,3.12309 1.0756,5.14422 2.5239,4.74226 0.6152,-0.17077 3.4274,-0.50845 6.2492,-0.75042 l 5.1306,-0.43994 1.0012,-3.4207 c 0.8973,-3.06554 1.8774,-4.24032 9.4398,-11.3149 8.4375,-7.89332 8.4387,-7.89489 10.7565,-13.93756 3.742,-9.75599 7.0274,-15.33189 12.2675,-20.82032 5.3869,-5.64217 7.6202,-9.3879 8.0918,-13.57158 l 0.3199,-2.83863 -4.3628,-2.75536 c -2.3995,-1.51544 -4.6054,-2.75535 -4.9019,-2.75535 -0.2965,0 -4.6997,4.0979 -9.7849,9.10645 -5.0853,5.00854 -13.4166,12.88244 -18.514,17.49755 -9.4405,8.54723 -10.9317,9.29976 -10.9317,5.51693 0,-2.63433 -1.3705,-3.04636 -4.819,-1.44878 -2.3354,1.0819 -3.1275,1.81623 -3.1279,2.89984 -3e-4,0.79808 -0.2986,1.63525 -0.6628,1.86037 -0.3868,0.23908 -0.6623,-0.44011 -0.6623,-1.63302 0,-1.53768 -0.3868,-2.18941 -1.5654,-2.6375 -0.861,-0.32734 -1.7302,-1.02475 -1.9317,-1.5498 -0.2015,-0.52506 -1.7718,-2.10636 -3.4897,-3.514 l -3.1233,-2.55935 -2.4545,2.76583 c -2.2027,2.48219 -2.5583,2.66195 -3.4674,1.75289 -0.5571,-0.55712 -3.0413,-1.5099 -5.5203,-2.11729 -2.4791,-0.60739 -4.6186,-1.44453 -4.7545,-1.86031 -0.365,-1.11652 5.9667,-8.44804 10.2927,-11.91806 4.8817,-3.91573 9.2133,-5.91974 15.6905,-7.25926 6.2686,-1.29637 14.002,-1.00322 16.4869,0.62495 0.9195,0.60249 1.8253,1.09543 2.0128,1.09543 0.8793,0 3.0171,-5.52301 3.0171,-7.79448 0,-4.44289 0.1756,-4.51232 16.226,-6.41626 8.0137,-0.9506 15.837,-2.05518 17.3851,-2.45462 l 2.8147,-0.72625 0,-6.10683 c 0,-3.35875 0.3488,-7.10733 0.7751,-8.33017 1.498,-4.29735 6.9775,-7.51006 14.6695,-8.60098 5.0133,-0.71102 7.814,-0.44968 12.2693,1.14484 3.7941,1.35791 8.0324,0.8355 11.4224,-1.40793 l 2.6863,-1.77771 3.8039,4.1813 c 2.0921,2.29971 4.9107,5.42008 6.2636,6.93415 l 2.4598,2.75284 -2.5048,3.45401 c -1.3776,1.8997 -4.0694,5.5559 -5.9817,8.12488 -1.9124,2.56898 -3.477,4.86723 -3.477,5.10722 0,1.3287 1.3541,0.95215 6.4138,-1.78359 6.4508,-3.48788 9.6826,-3.94786 12.5945,-1.79254 2.8778,2.13005 3.4478,4.008 4.7902,15.77974 0.8841,7.75259 1.6548,11.79948 2.6257,13.78717 0.7558,1.54744 5.5578,7.19105 10.671,12.54135 11.3454,11.87149 13.9827,13.48277 21.2202,12.96493 4.0399,-0.28906 5.2504,-0.71419 9.4986,-3.33585 l 4.8686,-3.00458 0.2728,4.4073 c 0.15,2.42401 0.2625,11.56 0.25,20.30219 -0.027,18.9807 0.9116,15.94992 -12.4875,40.31939 -4.9827,9.06237 -9.0595,16.70441 -9.0595,16.9823 0,1.2601 24.5048,13.80934 37.569,19.23962 7.8554,3.26518 15.0069,6.1185 15.8923,6.34071 2.1525,0.54024 1.7597,1.96849 -2.9784,10.83162 -4.0145,7.50947 -9.3873,13.84726 -13.534,15.96473 -3.379,1.72543 -4.1802,1.57186 -2.5581,-0.49029 1.7065,-2.1694 1.7669,-4.62026 0.1355,-5.49338 -0.8617,-0.46113 -1.1421,-1.15985 -0.9238,-2.30176 0.228,-1.19302 -0.177,-2.08088 -1.4872,-3.25963 -2.9123,-2.62013 -3.9169,-3.60005 -4.8221,-4.70334 -0.5126,-0.62484 -1.8941,-1.0409 -3.4562,-1.0409 -2.0427,0 -2.5202,-0.21392 -2.2205,-0.99492 0.6199,-1.61527 -0.327,-4.18354 -1.7034,-4.6204 -0.7156,-0.22713 -1.4659,-1.26519 -1.7066,-2.36133 -0.5616,-2.55696 -2.6304,-3.98011 -5.075,-3.49119 -1.2215,0.2443 -2.3194,0.0241 -3.0496,-0.61167 -1.6525,-1.43866 -2.915,-1.71721 -4.7323,-1.04411 -2.707,1.00262 -3.4565,0.26925 -2.2325,-2.18439 1.022,-2.04856 1.0049,-2.17657 -0.4487,-3.35363 -0.8313,-0.67308 -2.166,-1.38808 -2.9661,-1.58889 -1.2802,-0.32132 -19.4115,3.9829 -23.7896,5.64743 -2.0127,0.76522 -7.0443,7.9923 -7.0293,10.09632 0.01,0.83957 0.6765,2.63177 1.4901,3.98267 0.8136,1.35091 2.4307,4.07277 3.5936,6.04858 1.1629,1.97583 3.1292,4.21967 4.3697,4.98632 4.3683,2.69975 16.8392,6.86263 20.4349,6.82133 0.9636,-0.0111 3.2817,-0.79526 5.1512,-1.74265 3.8569,-1.95439 3.2891,-2.02551 15.5245,1.94454 3.9573,1.28403 8.1985,2.33461 9.4249,2.33461 1.7721,0 2.2985,0.30598 2.5639,1.49014 1.1407,5.09026 5.0593,26.46911 4.8781,26.61342 -0.1208,0.0962 -5.1372,1.2929 -11.1474,2.65932 -6.0103,1.36642 -14.6948,3.49759 -19.2991,4.73594 -12.4628,3.35201 -16.1205,3.0032 -24.0384,-2.29243 -4.8574,-3.24871 -8.1832,-6.21216 -9.3692,-8.34846 -0.6772,-1.21986 -1.6537,-0.85398 -17.5506,6.57624 -9.2584,4.32739 -20.092,9.65657 -24.0745,11.84263 -5.7914,3.17895 -17.3376,7.71931 -19.6302,7.71931 -0.2449,0 -0.5819,-1.41564 -0.749,-3.14586 z"
   id="Aljunied-GRC"
   inkscape:connector-curvature="0"
   inkscape:label="Aljunied-GRC" /><path
   style="opacity:1;fill:#55d400;fill-opacity:1;stroke:#55d400;stroke-width:0.99343085;stroke-linejoin:miter;stroke-miterlimit:4;stroke-dasharray:none;stroke-opacity:1"
   d="m 1451.9501,925.21974 c -3.655,-7.35728 -3.9721,-8.3106 -3.0657,-9.21694 0.9063,-0.90634 0.6555,-1.66815 -2.4249,-7.3654 -1.8897,-3.49498 -3.7119,-6.35451 -4.0494,-6.35451 -0.3375,0 -3.2794,-5.32532 -6.5375,-11.83406 l -5.924,-11.83406 -11.0785,-0.30316 c -10.4486,-0.28594 -11.6693,-0.18427 -21.4713,1.78819 l -10.3929,2.09136 -1.5327,-6.49286 c -0.8431,-3.57107 -1.7378,-6.82448 -1.9883,-7.22981 -0.3209,-0.51927 -4.5419,0.0741 -14.2896,2.00877 -7.6088,1.51015 -14.3558,2.89666 -14.9932,3.08114 -1.0346,0.2994 -1.159,-0.22846 -1.159,-4.91713 0,-2.88889 -0.2995,-6.8316 -0.6655,-8.76156 -0.366,-1.92996 -0.569,-3.60547 -0.4512,-3.72335 0.1179,-0.11788 10.6249,-2.14281 23.3489,-4.49983 30.9916,-5.74099 28.4696,-5.11244 28.2469,-7.03981 -0.1022,-0.88469 -1.2198,-7.25221 -2.4836,-14.15005 -1.2637,-6.89783 -2.2977,-12.79417 -2.2977,-13.10298 0,-0.30881 -1.4441,-0.36991 -3.209,-0.13578 l -3.209,0.42569 -0.8225,-5.20446 c -1.2881,-8.15051 -8.0482,-40.91821 -8.5421,-41.40534 -0.2439,-0.24055 -6.7021,0.98285 -14.3515,2.71867 -22.0879,5.01224 -29.7062,6.64595 -29.933,6.41909 -0.1163,-0.11631 -1.2523,-4.80374 -2.5243,-10.41651 -1.2721,-5.61278 -2.4644,-10.86301 -2.6496,-11.66717 -0.3334,-1.44804 -11.9078,-11.32542 -15.4156,-13.15539 -1.2242,-0.63864 -4.0708,-0.93939 -8.9178,-0.94216 l -7.1196,-0.004 0,-8.60974 c 0,-5.88496 -0.2334,-8.60973 -0.7376,-8.60973 -0.4058,0 -1.8941,0.64993 -3.3075,1.44428 l -2.5697,1.44429 -8.1171,-3.19844 c -10.1395,-3.9954 -13.098,-4.30027 -20.4269,-2.10498 -6.0215,1.80363 -11.6773,2.58966 -12.2276,1.69933 -0.1887,-0.30535 0.01,-1.11589 0.4351,-1.80122 0.6116,-0.97945 0.495,-2.7709 -0.5451,-8.37336 -1.9345,-10.41952 -1.7605,-10.91948 7.5437,-21.66589 9.4243,-10.88512 12.6638,-13.61044 19.9297,-16.76616 5.4818,-2.38085 6.1279,-2.5014 17.0741,-3.18568 9.205,-0.57543 11.7819,-0.54337 13.4991,0.16792 1.2151,0.50331 4.5396,3.6498 7.7772,7.36073 5.1029,5.84908 6.0842,6.6508 10.0553,8.21515 2.4203,0.95344 5.2504,2.34495 6.289,3.09223 1.6813,1.20962 2.9529,1.36923 11.59,1.45478 5.3359,0.0529 10.5212,-0.13311 11.5229,-0.41324 1.7292,-0.48357 1.8213,-0.39563 1.8213,1.7385 0,4.16812 0.7305,6.38713 2.1025,6.38713 0.7011,0 2.1978,0.47735 3.326,1.06077 1.7126,0.8856 3.3464,0.98295 9.8943,0.58953 7.2967,-0.43841 7.8691,-0.38544 8.2184,0.76052 0.2064,0.67747 1.102,2.6138 1.9902,4.30296 1.6569,3.15128 3.9793,12.10389 5.9417,22.90452 0.9905,5.4516 1.3963,6.4329 3.7814,9.14241 1.6781,1.90652 4.4247,3.91297 7.3854,5.39535 5.1818,2.59445 4.709,2.17807 31.3675,27.62643 20.2688,19.34868 21.4061,20.78759 21.9073,27.71659 0.1784,2.46687 0.5693,3.81773 1.1046,3.81773 2.7194,0 16.0459,-4.87519 20.7613,-7.59504 3.0075,-1.73471 11.936,-6.20225 19.8412,-9.92786 7.9052,-3.72562 15.6732,-7.43982 17.2622,-8.25378 l 2.8892,-1.47994 1.7468,2.00364 c 2.726,3.12657 11.6349,9.12627 15.417,10.38247 2.5901,0.8603 4.765,1.05269 8.9494,0.79164 3.0403,-0.18968 5.531,-0.15433 5.535,0.0786 0.042,2.40479 3.6151,27.86964 4.6601,33.20664 1.742,8.89685 2.2375,10.09889 5.3048,12.87003 3.2625,2.94748 5.9935,3.41588 12.7304,2.18345 2.9945,-0.54782 5.497,-0.95248 5.5609,-0.89926 0.064,0.0532 0.7454,3.9685 1.5142,8.7006 1.3792,8.48905 7.5228,32.59234 8.5757,33.64524 0.2981,0.29812 2.8206,-0.12002 5.6054,-0.9292 2.7848,-0.80916 5.1577,-1.34992 5.2729,-1.20169 0.7636,0.98194 3.7936,10.593 3.493,11.0794 -0.2045,0.33089 -1.4268,0.77282 -2.7162,0.98206 -1.2894,0.20925 -3.125,0.99449 -4.0791,1.74498 -0.9541,0.7505 -2.2527,1.36455 -2.8858,1.36455 -0.6331,0 -2.5683,0.62687 -4.3003,1.39306 -3.3447,1.47952 -9.9911,2.23484 -10.626,1.20758 -0.6302,-1.01958 -2.4494,-0.69308 -3.9399,0.7071 -0.7733,0.72649 -2.7297,1.58147 -4.3475,1.89997 -1.6179,0.31849 -3.3886,0.69268 -3.935,0.83155 -0.6717,0.17071 -1.0613,-0.33735 -1.203,-1.56882 -0.1499,-1.3027 -0.5827,-1.82129 -1.5201,-1.82129 -1.1267,0 -1.2525,0.30984 -0.8964,2.20777 0.3976,2.11963 0.2997,2.25024 -2.4536,3.27124 -1.5773,0.58489 -4.5854,1.26539 -6.6847,1.5122 -2.0992,0.24682 -3.9622,0.68397 -4.1399,0.97146 -0.1777,0.28749 -0.8781,0.37756 -1.5565,0.20015 -0.6784,-0.17741 -3.1369,0.12316 -5.4632,0.66793 -2.3264,0.54477 -6.1171,1.35992 -8.4239,1.81144 -2.3068,0.45153 -4.5494,1.17621 -4.9836,1.61042 -0.4342,0.4342 -2.3578,1.1657 -4.2747,1.62556 -1.9169,0.45985 -3.8526,1.20342 -4.3015,1.65238 -0.449,0.44896 -3.1327,1.0262 -5.9638,1.28274 -6.0711,0.55016 -13.6188,2.73151 -14.1387,4.08623 -0.2017,0.52577 -1.0688,0.95595 -1.9268,0.95595 -2.5443,0 -8.8461,2.64503 -9.5832,4.02233 -0.3756,0.70178 -1.288,1.27597 -2.0277,1.27597 -0.7396,0 -1.9022,0.2983 -2.5834,0.6629 -0.6813,0.36459 -4.6106,1.54219 -8.7318,2.6169 -7.6089,1.98421 -17.2754,4.81241 -19.0841,5.58361 -0.7552,0.32199 -1.9751,-1.5501 -5.0711,-7.78204 z"
   id="Marine-Parade-GRC"
   inkscape:connector-curvature="0"
   inkscape:label="Marine-Parade-GRC" /><path
   style="opacity:1;fill:#55d400;fill-opacity:1;stroke:#55d400;stroke-width:0.99343085;stroke-linejoin:miter;stroke-miterlimit:4;stroke-dasharray:none;stroke-opacity:1"
   d="m 1641.2996,731.07839 c -2.9223,-3.97323 -14.7545,-17.54735 -15.2956,-17.54735 -0.2387,0 -1.8839,1.03085 -3.656,2.29078 -4.3827,3.116 -9.0354,4.54231 -14.9866,4.59424 -4.7875,0.0418 -5.4704,-0.16669 -18.8752,-5.76196 -7.6495,-3.19291 -18.8255,-8.47597 -24.8358,-11.74014 -6.0103,-3.26417 -11.1889,-6.02309 -11.5082,-6.13095 -0.3192,-0.10785 3.6393,-7.93231 8.7966,-17.38767 5.2427,-9.61188 9.983,-19.17252 10.7516,-21.68458 1.2875,-4.20777 1.3597,-5.753 1.1378,-24.33906 -0.1303,-10.91533 -0.084,-19.84604 0.1027,-19.84604 0.1869,0 0.6339,-0.65895 0.9935,-1.46434 1.7604,-3.94311 12.0398,-6.99591 26.1518,-7.76659 13.9103,-0.75967 15.5375,-0.25513 24.323,7.54183 8.9756,7.96557 11.9446,9.24478 33.6453,14.49595 9.845,2.3823 20.0864,5.14189 22.7587,6.13242 12.4201,4.60368 24.8545,16.12912 31.3698,29.07656 0.9165,1.82129 3.3289,8.52695 5.3608,14.90146 3.5902,11.26272 3.6769,11.7116 3.0688,15.8949 -0.3442,2.36767 -0.6318,4.48213 -0.6391,4.69878 -0.01,0.21667 -1.727,-0.187 -3.8215,-0.89702 -4.9644,-1.68294 -12.9337,-2.21149 -18.0795,-1.19912 -8.1,1.59359 -12.68,4.35534 -25.4901,15.37089 -16.1431,13.88159 -28.063,23.75594 -28.6394,23.72473 -0.2623,-0.0142 -1.4474,-1.34518 -2.6334,-2.95772 z"
   id="Tampines-GRC"
   inkscape:connector-curvature="0"
   inkscape:label="Tampines-GRC" /><path
   id="Ang-Mo-Kio-GRC"
   style="opacity:1;fill:#5fd3bc;fill-opacity:1;stroke:#5fd3bc;stroke-width:0.99343085;stroke-linejoin:miter;stroke-miterlimit:4;stroke-dasharray:none;stroke-opacity:1"
   d="m 1409.2823,406.64465 c -0.1518,-0.13607 -2.5112,-0.4455 -5.2431,-0.6876 -2.732,-0.24211 -9.1861,-0.98045 -14.3425,-1.64075 -8.9016,-1.13991 -9.5914,-1.33706 -13.6529,-3.90211 -5.5313,-3.49332 -8.4822,-4.69769 -12.7345,-5.19747 l -3.4553,-0.4061 5.5536,-7.987 c 3.0544,-4.39285 7.9611,-11.79851 10.9036,-16.45701 l 5.35,-8.47 2.1374,1.13896 c 1.1755,0.62643 9.2808,5.26784 18.0118,10.31426 16.5528,9.56743 18.4036,11.07625 19.4081,15.82245 0.9494,4.48583 -2.963,14.49102 -6.4758,16.56077 -1.7765,1.04676 -4.755,1.54401 -5.4604,0.9116 z m -57.895,-13.19697 c -9.518,-2.03618 -11.7069,-2.67339 -15.5637,-4.53076 -3.4054,-1.64 -5.8962,-3.70035 -11.9212,-9.86084 -9.0182,-9.22119 -12.8531,-12.36213 -21.8248,-17.87539 -9.4385,-5.8002 -10.2804,-7.87421 -5.5601,-13.6982 2.0718,-2.55626 11.6124,-8.86183 19.1226,-12.63854 6.4834,-3.26031 16.3016,-3.56678 23.1638,-0.72304 2.1855,0.9057 7.8481,4.47322 12.5834,7.92781 4.7354,3.4546 10.994,7.74498 13.9081,9.53419 2.914,1.78921 6.8569,4.24197 8.7619,5.45058 l 3.4636,2.19747 -2.1649,2.83617 c -1.8413,2.41226 -18.9331,27.93322 -20.7179,30.93537 -0.4773,0.80273 -1.1492,0.89476 -3.2508,0.44518 z m -117.2248,277.58639 c -2.7472,-1.51942 -4.4579,-3.66219 -7.4416,-9.32105 -3.3387,-6.33236 -6.6548,-9.72243 -17.5426,-17.93423 -9.8251,-7.41029 -14.6832,-9.08648 -30.9791,-10.68868 -9.8249,-0.96598 -10.7743,-1.19392 -22.1229,-5.31124 -6.5216,-2.36607 -11.9426,-4.38703 -12.0466,-4.49103 -0.6701,-0.67007 3.3497,-8.40447 5.1692,-9.94593 3.5766,-3.03015 6.0892,-3.35399 16.1837,-2.08587 5.1377,0.64543 9.1579,0.87341 9.4653,0.53679 0.7225,-0.79107 2.0773,-11.93522 1.6017,-13.17467 -0.2095,-0.54593 -1.1986,-0.98739 -2.2122,-0.98739 -6.9734,0 -8.954,-3.00936 -7.6891,-11.68325 0.4541,-3.11438 0.6685,-3.43906 2.5139,-3.80815 1.1096,-0.22192 2.7416,-0.40349 3.6267,-0.40349 1.5065,0 1.5963,-0.20065 1.4073,-3.14586 l -0.2018,-3.14587 -11.0307,0.24004 c -9.4797,0.20629 -11.2986,0.0817 -12.9367,-0.88591 -1.0483,-0.61928 -4.186,-4.15463 -6.9727,-7.85635 l -5.0666,-6.73038 1.7036,-1.32458 c 4.8842,-3.79743 4.7093,-2.98378 1.5431,-7.17738 -3.1526,-4.17561 -3.2897,-3.32235 1.4611,-9.09128 1.3691,-1.6626 2.4779,-3.30176 2.4638,-3.64258 -0.014,-0.34081 -3.2179,-2.77694 -7.1196,-5.4136 -6.2878,-4.24913 -30.4731,-25.69297 -29.7703,-26.39576 0.1343,-0.13436 2.4602,-0.67064 5.1685,-1.19176 7.7305,-1.48739 48.5634,-11.77982 49.2679,-12.41854 0.5653,-0.5125 0.1613,-2.64295 -1.3781,-7.26752 -0.2415,-0.7257 0.4089,-1.54449 2.0157,-2.53759 1.3471,-0.83254 2.3724,-1.99907 2.3724,-2.6992 0,-0.67815 0.5398,-1.62244 1.1995,-2.09842 1.8495,-1.33429 2.3041,-2.48495 1.4084,-3.56427 -0.6635,-0.79941 -0.5915,-1.15044 0.3817,-1.86208 0.6988,-0.51097 1.0326,-1.31131 0.7999,-1.91774 -0.2196,-0.57243 0.027,-1.3947 0.5483,-1.82727 0.5646,-0.46859 0.7965,-1.38882 0.5737,-2.27666 -0.2412,-0.96092 -0.033,-1.62089 0.585,-1.85821 0.9135,-0.35053 1.8031,0.85829 2.705,3.67546 0.2059,0.64291 1.0789,1.43683 1.9401,1.76427 0.8612,0.32743 2.3694,1.55025 3.3514,2.71739 1.5321,1.82073 2.0825,2.06268 3.8764,1.7039 1.7025,-0.3405 2.5592,-0.0417 4.613,1.60875 l 2.5222,2.0269 v -1.66362 c 0,-0.98627 -0.5398,-1.9525 -1.3257,-2.37311 -2.0849,-1.11581 -3.4253,-5.15066 -3.6738,-11.05841 -0.179,-4.25736 -0.042,-5.35808 0.6345,-5.09849 1.1946,0.45841 12.9747,-5.54031 12.9747,-6.60705 0,-1.07955 7.1433,-6.68461 10.0862,-7.91423 1.6047,-0.67049 2.4847,-0.72328 3.3161,-0.19889 1.5219,0.96002 3.1842,-0.48548 1.9628,-1.70687 -1.2275,-1.22746 -0.9496,-1.85441 0.8219,-1.85441 2.1368,0 2.7096,-1.06666 1.3193,-2.45692 -1.0547,-1.05473 -1.0473,-1.15675 0.1234,-1.69702 0.685,-0.31616 2.1473,-2.11862 3.2494,-4.00546 1.5199,-2.60214 2.3196,-3.37028 3.3114,-3.18073 2.7086,0.51764 3.2509,0.3767 3.5098,-0.91218 0.1463,-0.72852 1.0451,-1.92063 1.9973,-2.64915 0.9522,-0.72852 3.2125,-2.74021 5.0228,-4.47044 1.8104,-1.73022 3.7886,-3.14586 4.396,-3.14586 1.302,0 4.5946,-2.44872 4.5946,-3.41702 0,-0.36945 1.6392,-2.29785 3.6426,-4.28533 2.4984,-2.47852 3.6426,-4.13859 3.6426,-5.28497 0,-0.91926 0.7708,-2.68199 1.7129,-3.91719 1.444,-1.89313 2.0126,-2.18588 3.621,-1.8642 2.1909,0.43817 2.7511,-0.44722 3.873,-6.12069 0.6325,-3.19892 4.3992,-10.40102 7.5129,-14.36525 1.2411,-1.58017 1.3381,-2.10978 0.697,-3.80815 -0.6912,-1.83137 -0.6359,-1.97273 0.7725,-1.97273 1.9224,0 3.2639,-1.58308 2.8106,-3.31658 -0.4973,-1.90187 1.5811,-2.815 5.1792,-2.27543 2.6695,0.40033 3.1725,0.2457 5.3127,-1.6335 1.3828,-1.21404 2.6913,-1.87219 3.1523,-1.58548 0.4335,0.26961 3.3711,0.54581 6.5279,0.61378 3.1568,0.068 7.4476,0.6201 9.5351,1.22696 2.9739,0.86454 3.9055,0.92537 4.3037,0.28102 0.675,-1.09217 4.1796,1.11693 3.7106,2.33899 -0.1793,0.4672 0.2425,1.71164 0.9372,2.76542 0.6947,1.05378 1.265,2.40102 1.2674,2.99387 0.01,1.57314 1.5729,2.71806 2.4791,1.81187 0.3967,-0.3967 1.0496,-0.5184 1.4508,-0.27045 1.3486,0.83354 3.3596,5.58571 3.3596,7.93925 0,1.85906 0.5716,2.90733 2.8148,5.16224 5.7214,5.75142 10.2342,9.341 15.3981,12.24794 2.9141,1.64043 6.0434,3.6544 6.9541,4.4755 0.9106,0.8211 2.4686,1.68431 3.4621,1.91825 1.5332,0.36101 1.8682,0.17924 2.2148,-1.20162 0.2246,-0.89483 0.2152,-1.93943 -0.021,-2.32134 -0.6991,-1.13111 2.6115,-3.89272 5.2628,-4.3901 5.7947,-1.0871 11.1748,0.52157 19.7339,5.90055 3.9894,2.50714 6.0543,3.16157 16.0384,5.08306 4.0068,0.77113 7.9356,1.71914 8.7306,2.10669 0.795,0.38755 1.9324,0.51781 2.5274,0.28947 0.9782,-0.37538 5.7247,2.65794 7.1103,4.54402 0.8601,1.17061 0.5399,4.29919 -0.6292,6.14946 -1.2804,2.02631 -16.2819,18.40405 -18.4568,20.15001 -0.776,0.6229 -3.6142,2.14015 -6.3071,3.37166 -7.8881,3.60726 -12.5054,9.50251 -13.52,17.26202 l -0.4213,3.22219 -2.7627,-0.44426 c -1.5195,-0.24433 -12.0316,-0.23457 -23.3603,0.0217 l -20.5977,0.46596 -0.4046,12.31985 c -0.2684,8.17009 -0.1505,13.5784 0.35,16.05626 0.5991,2.96624 0.5336,5.96152 -0.3178,14.53129 -1.0388,10.45579 -1.0323,10.90931 0.2079,14.43787 1.6741,4.76297 2.0319,5.04973 4.6267,3.70791 1.4831,-0.76696 2.9514,-0.99236 4.6721,-0.71721 1.5624,0.24983 2.6836,0.11917 2.9712,-0.34622 0.4426,-0.71608 4.6836,-0.51387 9.8955,0.47182 1.9128,0.36177 2.098,0.18343 4.3044,-4.14503 1.8936,-3.71482 2.2926,-5.20357 2.2328,-8.33122 -0.04,-2.09448 0.029,-3.80815 0.1537,-3.80815 0.2793,0 27.5423,16.9149 30.6372,19.00835 1.2314,0.83294 4.0085,2.15969 6.1715,2.94835 3.6741,1.33963 3.9045,1.54676 3.5047,3.14993 -0.8224,3.29705 -3.5802,7.98123 -7.2366,12.29142 -2.0268,2.38913 -3.6851,4.60169 -3.6851,4.9168 0,0.59095 5.2754,5.23666 9.1507,8.05853 1.9937,1.45174 3.0646,1.63797 11.59,2.0157 7.1743,0.31785 10.1757,0.73276 12.7048,1.75628 l 3.3115,1.3401 -0.2383,4.21263 c -0.2999,5.2991 -1.0299,6.82135 -2.9643,6.18078 -3.288,-1.08882 -12.3727,-1.09235 -17.7297,-0.007 -6.2869,1.27388 -10.6614,3.32011 -15.9271,7.45005 -5.0793,3.98364 -11.8036,11.90587 -11.8144,13.91904 -0.01,1.25757 3.0255,2.94838 6.4272,3.5839 3.2637,0.60972 6.1519,2.14103 6.1519,3.26171 0,0.37051 -1.7881,2.36126 -3.9737,4.42388 -2.1855,2.06262 -3.9737,4.11925 -3.9737,4.57029 0,0.45103 -0.2986,1.00461 -0.6636,1.23017 -0.6989,0.43193 -12.3693,-1.78646 -26.8213,-5.09837 -12.7335,-2.91808 -22.4369,-5.07807 -29.1407,-6.48674 -3.2783,-0.68888 -10.2663,-2.3131 -15.5289,-3.6094 -5.2627,-1.29629 -10.8034,-2.35689 -12.3127,-2.35689 -3.6191,0 -8.1679,1.41256 -12.0479,3.74134 -1.7302,1.03846 -7.1722,3.23642 -12.0933,4.88438 l -8.9476,2.99627 -0.4242,4.73153 c -0.2333,2.60234 -0.6292,5.06315 -0.8797,5.46847 -0.4953,0.80149 -6.7643,18.23682 -12.99,36.12814 -2.1548,6.19239 -3.9181,12.07846 -3.9184,13.08017 -6e-4,1.94676 -0.8295,2.23829 -2.9809,1.04842 z"
   inkscape:label="Ang-Mo-Kio-GRC" /><path
   id="Pasir-Ris-Punggol-GRC"
   style="opacity:1;fill:#5fd3bc;fill-opacity:1;stroke:#5fd3bc;stroke-width:0.99343085;stroke-linejoin:miter;stroke-miterlimit:4;stroke-dasharray:none;stroke-opacity:1"
   d="m 1562.8762,465.81261 c -0.6079,-0.35476 -1.6224,-1.99892 -2.2543,-3.65368 -1.2692,-3.32326 -2.4978,-4.27076 -5.5377,-4.27076 -1.1167,0 -2.0304,-0.24836 -2.0304,-0.55191 0,-0.30354 -1.7137,-0.55438 -3.8082,-0.55741 -5.7527,-0.008 -10.7187,-3.02173 -14.3462,-8.70548 -2.1653,-3.39253 -4.2524,-5.11824 -7.3437,-6.07201 -4.4338,-1.368 -7.9719,-3.7658 -11.8024,-7.9986 -5.228,-5.77717 -8.4297,-12.18771 -9.108,-18.23688 -0.4268,-3.80559 -1.0277,-5.6119 -2.7794,-8.35472 -2.6805,-4.19706 -3.2459,-6.09598 -2.4435,-8.20649 0.4522,-1.18928 1.1023,-1.58464 2.6058,-1.58464 1.1017,0 2.0032,0.25628 2.0032,0.5695 0,0.31322 2.5333,3.16042 5.6294,6.32711 3.0962,3.16668 5.6295,6.03032 5.6295,6.36363 0,0.92839 6.3464,5.37375 12.2523,8.5821 4.4397,2.41184 7.0692,4.66105 16.226,13.87895 6.0103,6.05036 14.0571,13.79313 17.8818,17.20617 3.8247,3.41303 7.3265,6.66691 7.7819,7.23082 2.4706,3.0599 -0.9547,8.73869 -5.2474,8.69945 -1.2118,-0.0111 -2.7008,-0.31039 -3.3087,-0.66515 z m 139.8545,178.84795 c -6.5229,-6.5872 -12.9566,-11.05729 -19.938,-13.85279 -2.7163,-1.08763 -13.5235,-4.07612 -24.016,-6.64108 -22.181,-5.42227 -23.9343,-6.18826 -33.4707,-14.62308 -8.8455,-7.82382 -10.828,-8.38887 -26.0066,-7.41254 -8.2802,0.5326 -12.1275,1.09747 -16.4235,2.41138 -6.2098,1.8992 -10.2853,4.2496 -10.9388,6.30858 -0.2357,0.74253 -0.7138,1.35006 -1.0624,1.35006 -0.3487,0 -2.593,1.23728 -4.9874,2.7495 -11.76,7.42713 -15.5114,6.43436 -29.4599,-7.79631 -4.9556,-5.0558 -9.6483,-10.44464 -10.4282,-11.9752 -1.0255,-2.01243 -1.6974,-5.40442 -2.4268,-12.25231 -1.3085,-12.28333 -2.3624,-15.89214 -5.2945,-18.12852 -3.3577,-2.56109 -6.7077,-2.77909 -11.1878,-0.72807 -2.0393,0.93364 -3.7078,1.57928 -3.7078,1.43476 0,-0.59076 5.9492,-8.72038 7.2292,-9.87878 0.7593,-0.68714 1.3805,-1.67898 1.3805,-2.20407 0,-0.5251 -2.7159,-3.89795 -6.0352,-7.49521 l -6.0352,-6.54049 2.0289,-3.0631 c 1.1159,-1.6847 2.6745,-5.04583 3.4635,-7.46918 2.4193,-7.43013 5.1568,-12.07159 10.7846,-18.28474 7.3684,-8.13491 8.1213,-8.81335 18.3112,-16.49997 11.2125,-8.45804 15.502,-10.84896 25.6472,-14.29555 9.693,-3.29296 10.32,-3.21542 17.614,2.17876 6.1558,4.55242 7.6881,6.44194 12.7958,15.77836 l 4.0676,7.43506 -2.743,1.75377 c -2.9852,1.90867 -22.9427,20.38856 -22.9427,21.24411 0,0.28895 1.3505,1.45453 3.0011,2.59018 1.6506,1.13565 3.7256,3.21242 4.611,4.61504 1.7274,2.73644 5.4996,5.95388 7.0207,5.98829 0.512,0.0116 1.5095,0.45863 2.2165,0.99343 1.603,1.21245 2.357,1.23582 2.357,0.0731 0,-0.49462 -1.7908,-2.00465 -3.9795,-3.35563 -2.2727,-1.40275 -4.4313,-3.32981 -5.0327,-4.49277 -0.5792,-1.12004 -2.1378,-3.03015 -3.4635,-4.24468 -2.1106,-1.93359 -2.2878,-2.32245 -1.4247,-3.12651 0.5422,-0.50504 4.335,-4.0841 8.4285,-7.95346 8.899,-8.4118 12.6595,-11.27202 13.6927,-10.41459 0.4062,0.33715 1.9111,3.01777 3.3441,5.95693 1.6737,3.4329 3.0914,5.48878 3.9644,5.74899 0.7475,0.22278 2.7002,1.23533 4.3393,2.25011 1.6392,1.01478 3.7254,2.05945 4.636,2.3215 0.9107,0.26205 2.4008,1.13073 3.3115,1.9304 0.9106,0.79966 4.5089,3.30413 7.9961,5.56546 3.4872,2.26134 7.7088,5.38586 9.3814,6.94338 1.7889,1.66595 6.7527,4.72501 12.0565,7.43008 8.7597,4.46769 9.0042,4.65021 8.6134,6.42974 -0.3399,1.54767 -0.1863,1.83151 0.9913,1.83151 0.855,0 1.6232,-0.60396 1.9877,-1.56264 l 0.5941,-1.56263 7.1378,1.85129 c 3.9258,1.01821 7.3495,1.72043 7.6083,1.56049 1.2707,-0.78534 2.3862,0.59673 2.3182,2.87238 -0.092,3.08479 1.8472,3.87928 2.4697,1.01181 0.7058,-3.25077 1.288,-3.67681 3.4699,-2.53901 1.0645,0.55512 3.2766,1.00966 4.9157,1.0101 1.6392,4.4e-4 6.8019,0.35724 11.4728,0.79289 5.9735,0.55714 8.6254,0.58346 8.9409,0.0887 0.2466,-0.38687 2.2366,-0.86502 4.4221,-1.06257 2.1856,-0.19755 6.0462,-0.8292 8.5793,-1.40367 4.4366,-1.00618 4.7092,-0.99429 7.4326,0.32405 1.5548,0.75271 3.1109,1.19308 3.458,0.9786 0.6097,-0.3768 2.7167,5.69935 2.7167,7.83427 0,0.57712 -1.0655,3.62327 -2.3677,6.76922 -1.6888,4.07971 -2.1636,5.92407 -1.6557,6.43194 1.0738,1.07381 1.7757,0.0473 4.4456,-6.50136 2.1444,-5.26002 2.3278,-6.1697 1.7512,-8.68923 -0.6041,-2.64012 -0.5489,-2.838 0.8926,-3.1998 1.0263,-0.25757 1.7253,-1.09764 2.1049,-2.52966 0.542,-2.04458 0.6718,-1.83031 2.7987,4.62001 l 2.2304,6.76404 9.4718,9.45485 c 8.3699,8.355 9.6158,9.36485 10.7105,8.68119 1.0501,-0.65576 1.5532,-0.44934 3.3016,1.3545 l 2.0627,2.12817 -29.96,29.81158 -29.96,29.81159 -5.6295,-5.68493 z m -283.4589,-78.48843 c 0,-0.55714 -0.5911,-0.99343 -1.3459,-0.99343 -0.7402,0 -2.4538,-0.49106 -3.8081,-1.09124 -1.7133,-0.75928 -5.3003,-1.21259 -11.7915,-1.49014 -10.2144,-0.43676 -10.35,-0.48635 -16.9874,-6.21198 l -2.4743,-2.13438 3.4101,-3.97372 c 4.3175,-5.03115 5.6775,-8.09898 12.772,-28.8095 3.1818,-9.28858 8.1403,-23.72781 11.0189,-32.08718 2.8785,-8.35937 5.0099,-15.41347 4.7364,-15.67577 -0.2736,-0.26229 -8.9912,-1.6265 -19.3726,-3.03156 l -18.8751,-2.55466 -0.2044,-2.09274 c -0.4557,-4.66553 3.6353,-9.00865 12.4567,-13.22443 5.7942,-2.76908 6.9202,-3.64842 14.2391,-11.12009 4.3711,-4.46228 8.6475,-8.33319 9.503,-8.60203 2.0742,-0.65177 4.487,-3.00717 3.0805,-3.00717 -1.3263,0 -1.2942,-0.14201 0.9366,-4.14933 1.0615,-1.90684 3.9406,-7.93741 6.3979,-13.40128 5.4004,-12.00797 6.5565,-13.91427 10.2946,-16.97566 3.9928,-3.27001 11.933,-8.34386 15.5869,-9.96015 3.3165,-1.46708 11.1655,-2.26965 11.8212,-1.20873 0.8292,1.34175 3.1079,0.59221 5.225,-1.71869 2.0568,-2.2451 2.5649,-2.43595 9.0726,-3.40759 6.3354,-0.94591 7.199,-0.94053 10.6594,0.0664 2.8206,0.82076 3.8729,1.46805 4.1938,2.57974 0.2355,0.81623 1.4469,3.46483 2.6918,5.88577 1.7771,3.45574 2.2635,5.19284 2.2635,8.08286 0,2.02463 0.7924,7.79262 1.7608,12.81776 1.7244,8.94826 1.8712,9.33316 7.1195,18.67172 l 5.3589,9.53512 9.6513,8.67778 c 7.7339,6.95375 11.0562,9.44136 16.7228,12.52122 l 7.0714,3.84344 v 3.82188 c 0,3.74234 0.052,3.84908 2.4836,5.12974 3.7906,1.99618 3.4452,3.98146 -1.159,6.66147 -2.0034,1.16615 -5.3555,3.19892 -7.4491,4.51729 -2.0936,1.31836 -4.0829,2.22617 -4.4208,2.01736 -0.7186,-0.4441 -4.025,0.93743 -4.025,1.68177 0,0.27908 0.5118,0.60599 1.1374,0.72647 0.8182,0.15756 -0.088,1.24035 -3.2282,3.85671 -2.4011,2.00071 -4.9039,4.51977 -5.5618,5.5979 -0.6579,1.07813 -3.6011,4.59343 -6.5405,7.81178 -8.9393,9.78761 -10.6202,12.34914 -13.2517,20.19402 -1.314,3.91712 -2.9368,7.83493 -3.6064,8.70625 l -1.2173,1.58419 -8.536,-9.83174 c -15.3068,-17.63047 -20.8529,-23.75144 -24.3527,-26.87712 -3.7123,-3.3154 -13.4844,-10.50163 -14.2806,-10.50163 -0.2675,0 -0.8038,0.69672 -1.1918,1.54826 -0.388,0.85155 -2.7977,3.80483 -5.355,6.56286 -5.9869,6.45688 -6.2282,7.71414 -3.7297,19.43324 1.5217,7.13735 1.7434,9.417 1.3943,14.33557 -0.2284,3.21673 -0.8378,6.66585 -1.3543,7.6647 -1.0658,2.06095 -11.9283,12.71037 -12.9647,12.71037 -2.9103,0 4.5025,7.44838 8.6616,8.70317 1.8382,0.5546 4.1926,0.45897 10.2654,-0.41695 4.3341,-0.62513 8.1036,-1.27271 8.3768,-1.43906 0.2732,-0.16635 0.4967,1.17339 0.4967,2.9772 0,2.50607 -0.2734,3.38857 -1.159,3.74138 -0.9076,0.36157 -30.0266,4.26543 -32.1209,4.30632 -0.2732,0.005 -0.4967,-0.43735 -0.4967,-0.98374 z"
   inkscape:label="Pasir-Ris-Punggol-GRC" />
</g></svg>